[0,VISIBLE_BLOCK,0] quotation=False Table of Contents
[0,VISIBLE_BLOCK,1] quotation=False UNITED STATES
[0,VISIBLE_BLOCK,2] quotation=False SECURITIES AND EXCHANGE COMMISSION
[0,VISIBLE_BLOCK,3] quotation=False Washington, D.C. 20549
[0,VISIBLE_BLOCK,4] quotation=False FORM 10-K
[0,VISIBLE_BLOCK,5] quotation=False ☒ANNUAL REPORT PURSUANT TO SECTION 13 OR 15(d) OF THE SECURITIES EXCHANGE ACT OF 1934
[0,VISIBLE_BLOCK,6] quotation=False For the Fiscal Year Ended December 31, 2025
[0,VISIBLE_BLOCK,7] quotation=False or
[0,VISIBLE_BLOCK,8] quotation=False ☐TRANSITION REPORT PURSUANT TO SECTION 13 OR 15(d) OF THE SECURITIES EXCHANGE ACT OF 1934
[0,VISIBLE_BLOCK,9] quotation=False For the transition period from to
[0,VISIBLE_BLOCK,10] quotation=False Commission File No. 1-13881
[0,VISIBLE_BLOCK,11] quotation=False MARRIOTT INTERNATIONAL, INC.
[0,VISIBLE_BLOCK,12] quotation=False (Exact name of registrant as specified in its charter)
[0,VISIBLE_BLOCK,13] quotation=False Delaware52-2055918
[0,VISIBLE_BLOCK,14] quotation=False (State or other jurisdiction of incorporation or organization)
[0,VISIBLE_BLOCK,15] quotation=False (IRS Employer Identification No.)
[0,VISIBLE_BLOCK,16] quotation=False 7750 Wisconsin AvenueBethesdaMaryland20814
[0,VISIBLE_BLOCK,17] quotation=False (Address of principal executive offices)
[0,VISIBLE_BLOCK,18] quotation=False (Zip Code)
[0,VISIBLE_BLOCK,19] quotation=False (Registrant’s telephone number, including area code) (301) 380-3000
[0,VISIBLE_BLOCK,20] quotation=False Securities registered pursuant to Section 12(b) of the Act:
[0,VISIBLE_BLOCK,21] quotation=False Title of Each Class Trading Symbol(s)Name of Each Exchange on Which Registered
[0,VISIBLE_BLOCK,22] quotation=False Class A Common Stock, $0.01 par value MARNasdaq Global Select Market
[0,VISIBLE_BLOCK,23] quotation=False Securities registered pursuant to Section 12(g) of the Act: NONE
[0,VISIBLE_BLOCK,24] quotation=False Indicate by check mark if the registrant is a well-known seasoned issuer, as defined in Rule 405 of the Securities Act. Yes ☒ No o
[0,VISIBLE_BLOCK,25] quotation=False Indicate by check mark if the registrant is not required to file reports pursuant to Section 13 or Section 15(d) of the Act. Yes o No ☒
[0,VISIBLE_BLOCK,26] quotation=False Indicate by check mark whether the registrant: (1) has filed all reports required to be filed by Section 13 or 15(d) of the Securities Exchange Act of 1934 during the preceding 12 months (or for such shorter period that the registrant was required to file such reports), and (2) has been subject to such filing requirements for the past 90 days. Yes ☒ No o
[0,VISIBLE_BLOCK,27] quotation=False Indicate by check mark whether the registrant has submitted electronically every Interactive Data File required to be submitted pursuant to Rule 405 of Regulation S-T (§ 232.405 of this chapter) during the preceding 12 months (or for such shorter period that the registrant was required to submit such files). Yes ☒ No o
[0,VISIBLE_BLOCK,28] quotation=False Indicate by check mark whether the registrant is a large accelerated filer, an accelerated filer, a non-accelerated filer, a smaller reporting company, or an emerging growth company. See the definitions of “large accelerated filer,” “accelerated filer,” “smaller reporting company,” and “emerging growth company” in Rule 12b-2 of the Exchange Act.
[0,VISIBLE_BLOCK,29] quotation=False Large accelerated filer☒Accelerated fileroEmerging growth companyo
[0,VISIBLE_BLOCK,30] quotation=False Non-accelerated fileroSmaller reporting companyo
[0,VISIBLE_BLOCK,31] quotation=False If an emerging growth company, indicate by check mark if the registrant has elected not to use the extended transition period for complying with any new or revised financial accounting standards provided pursuant to Section 13(a) of the Exchange Act. o
[0,VISIBLE_BLOCK,32] quotation=False Indicate by check mark whether the registrant has filed a report on and attestation to its management's assessment of the effectiveness of its internal control over financial reporting under Section 404(b) of the Sarbanes-Oxley Act (15 U.S.C. 7262(b)) by the registered public accounting firm that prepared or issued its audit report. ☒
[0,VISIBLE_BLOCK,33] quotation=False If securities are registered pursuant to Section 12(b) of the Act, indicate by check mark whether the financial statements of the registrant included in the filing reflect the correction of an error to previously issued financial statements. o
[0,VISIBLE_BLOCK,34] quotation=False Indicate by check mark whether any of those error corrections are restatements that required a recovery analysis of incentive-based compensation received by any of the registrant’s executive officers during the relevant recovery period pursuant to §240.10D-1(b). o
[0,VISIBLE_BLOCK,35] quotation=False Indicate by check mark whether the registrant is a shell company (as defined in Rule 12b-2 of the Act). Yes ☐ No ☒
[0,VISIBLE_BLOCK,36] quotation=False The aggregate market value of shares of common stock held by non-affiliates at June 30, 2025, was $61,232,412,426.
[0,VISIBLE_BLOCK,37] quotation=False There were 264,984,554 shares of Class A Common Stock, par value $0.01 per share, outstanding at January 31, 2026.
[0,VISIBLE_BLOCK,38] quotation=False DOCUMENTS INCORPORATED BY REFERENCE
[0,VISIBLE_BLOCK,39] quotation=False Portions of the Proxy Statement prepared for the 2026 Annual Meeting of Stockholders are incorporated by reference into Part III of this report.
[0,VISIBLE_BLOCK,40] quotation=False Table of Contents
[0,VISIBLE_BLOCK,41] quotation=False MARRIOTT INTERNATIONAL, INC.
[0,VISIBLE_BLOCK,42] quotation=False FORM 10-K TABLE OF CONTENTS
[0,VISIBLE_BLOCK,43] quotation=False FISCAL YEAR ENDED DECEMBER 31, 2025
[0,VISIBLE_BLOCK,44] quotation=False Page No.
[0,VISIBLE_BLOCK,45] quotation=False Part I.
[0,VISIBLE_BLOCK,46] quotation=False Item 1.
[0,VISIBLE_BLOCK,47] quotation=False Business
[0,VISIBLE_BLOCK,48] quotation=False 4
[0,VISIBLE_BLOCK,49] quotation=False Item 1A.
[0,VISIBLE_BLOCK,50] quotation=False Risk Factors
[0,VISIBLE_BLOCK,51] quotation=False 10
[0,VISIBLE_BLOCK,52] quotation=False Item 1B.
[0,VISIBLE_BLOCK,53] quotation=False Unresolved Staff Comments
[0,VISIBLE_BLOCK,54] quotation=False 19
[0,VISIBLE_BLOCK,55] quotation=False Item 1C.
[0,VISIBLE_BLOCK,56] quotation=False Cybersecurity
[0,VISIBLE_BLOCK,57] quotation=False 19
[0,VISIBLE_BLOCK,58] quotation=False Item 2.
[0,VISIBLE_BLOCK,59] quotation=False Properties
[0,VISIBLE_BLOCK,60] quotation=False 20
[0,VISIBLE_BLOCK,61] quotation=False Item 3.
[0,VISIBLE_BLOCK,62] quotation=False Legal Proceedings
[0,VISIBLE_BLOCK,63] quotation=False 20
[0,VISIBLE_BLOCK,64] quotation=False Item 4.
[0,VISIBLE_BLOCK,65] quotation=False Mine Safety Disclosures
[0,VISIBLE_BLOCK,66] quotation=False 21
[0,VISIBLE_BLOCK,67] quotation=False Part II.
[0,VISIBLE_BLOCK,68] quotation=False Item 5.
[0,VISIBLE_BLOCK,69] quotation=False Market for Registrant’s Common Equity, Related Stockholder Matters, and Issuer Purchases of Equity Securities
[0,VISIBLE_BLOCK,70] quotation=False 21
[0,VISIBLE_BLOCK,71] quotation=False Item 6.
[0,VISIBLE_BLOCK,72] quotation=False Reserved
[0,VISIBLE_BLOCK,73] quotation=False 21
[0,VISIBLE_BLOCK,74] quotation=False Item 7.
[0,VISIBLE_BLOCK,75] quotation=False Management’s Discussion and Analysis of Financial Condition and Results of Operations
[0,VISIBLE_BLOCK,76] quotation=False 22
[0,VISIBLE_BLOCK,77] quotation=False Item 7A.
[0,VISIBLE_BLOCK,78] quotation=False Quantitative and Qualitative Disclosures About Market Risk
[0,VISIBLE_BLOCK,79] quotation=False 29
[0,VISIBLE_BLOCK,80] quotation=False Item 8.
[0,VISIBLE_BLOCK,81] quotation=False Financial Statements
[0,VISIBLE_BLOCK,82] quotation=False 30
[0,VISIBLE_BLOCK,83] quotation=False Item 9.
[0,VISIBLE_BLOCK,84] quotation=False Changes in and Disagreements with Accountants on Accounting and Financial Disclosure
[0,VISIBLE_BLOCK,85] quotation=False 60
[0,VISIBLE_BLOCK,86] quotation=False Item 9A.
[0,VISIBLE_BLOCK,87] quotation=False Controls and Procedures
[0,VISIBLE_BLOCK,88] quotation=False 60
[0,VISIBLE_BLOCK,89] quotation=False Item 9B.
[0,VISIBLE_BLOCK,90] quotation=False Other Information
[0,VISIBLE_BLOCK,91] quotation=False 61
[0,VISIBLE_BLOCK,92] quotation=False Item 9C.
[0,VISIBLE_BLOCK,93] quotation=False Disclosure Regarding Foreign Jurisdictions that Prevent Inspections
[0,VISIBLE_BLOCK,94] quotation=False 61
[0,VISIBLE_BLOCK,95] quotation=False Part III.
[0,VISIBLE_BLOCK,96] quotation=False Item 10.
[0,VISIBLE_BLOCK,97] quotation=False Directors, Executive Officers, and Corporate Governance
[0,VISIBLE_BLOCK,98] quotation=False 62
[0,VISIBLE_BLOCK,99] quotation=False Item 11.
[0,VISIBLE_BLOCK,100] quotation=False Executive Compensation
[0,VISIBLE_BLOCK,101] quotation=False 62
[0,VISIBLE_BLOCK,102] quotation=False Item 12.
[0,VISIBLE_BLOCK,103] quotation=False Security Ownership of Certain Beneficial Owners and Management and Related Stockholder Matters
[0,VISIBLE_BLOCK,104] quotation=False 62
[0,VISIBLE_BLOCK,105] quotation=False Item 13.
[0,VISIBLE_BLOCK,106] quotation=False Certain Relationships and Related Transactions, and Director Independence
[0,VISIBLE_BLOCK,107] quotation=False 62
[0,VISIBLE_BLOCK,108] quotation=False Item 14.
[0,VISIBLE_BLOCK,109] quotation=False Principal Accountant Fees and Services
[0,VISIBLE_BLOCK,110] quotation=False 62
[0,VISIBLE_BLOCK,111] quotation=False Information About Our Executive Officers
[0,VISIBLE_BLOCK,112] quotation=False 63
[0,VISIBLE_BLOCK,113] quotation=False Code of Ethics and Business Conduct Guide
[0,VISIBLE_BLOCK,114] quotation=False 66
[0,VISIBLE_BLOCK,115] quotation=False Part IV.
[0,VISIBLE_BLOCK,116] quotation=False Item 15.
[0,VISIBLE_BLOCK,117] quotation=False Exhibits and Financial Statement Schedules
[0,VISIBLE_BLOCK,118] quotation=False 66
[0,VISIBLE_BLOCK,119] quotation=False Item 16.
[0,VISIBLE_BLOCK,120] quotation=False Form 10-K Summary
[0,VISIBLE_BLOCK,121] quotation=False 71
[0,VISIBLE_BLOCK,122] quotation=False Signatures
[0,VISIBLE_BLOCK,123] quotation=False 72
[0,VISIBLE_BLOCK,124] quotation=False 2
[0,VISIBLE_BLOCK,125] quotation=False Table of Contents
[0,VISIBLE_BLOCK,126] quotation=False Throughout this report, we refer to Marriott International, Inc., together with its consolidated subsidiaries, as “we,” “us,” “Marriott,” or the “Company.” In order to make this report easier to read, we also refer throughout to (1) our Consolidated Financial Statements as our “Financial Statements,” (2) our Consolidated Statements of Income as our “Income Statements,” (3) our Consolidated Balance Sheets as our “Balance Sheets,” (4) our Consolidated Statements of Cash Flows as our “Statements of Cash Flows,” (5) our properties, brands, or markets in the United States and Canada as “U.S. & Canada,” and (6) our properties, brands, or markets in our Europe, Middle East & Africa, Greater China, Asia Pacific excluding China, and Caribbean & Latin America regions, as “International.” References throughout to numbered “Notes” refer to the Notes to our Financial Statements, unless otherwise stated. In addition, we use the term “hotel owners” throughout this report to refer, collectively, to owners of hotels and other lodging offerings operating in our system pursuant to franchise agreements, management agreements, license agreements or similar arrangements, and we use the term “hotels in our system” to refer to hotels and other lodging offerings operating in our system pursuant to such arrangements, as well as hotels that we own or lease. The terms “hotel owners” and “hotels in our system” exclude Homes & Villas by Marriott BonvoySM (which we also exclude from our property and room count), timeshare, residential, and The Ritz-Carlton Yacht Collection®.
[0,VISIBLE_BLOCK,127] quotation=False Cautionary Statement
[0,VISIBLE_BLOCK,128] quotation=False All statements in this report are made as of the date this Form 10-K is filed with the U.S. Securities and Exchange Commission (the “SEC”). We undertake no obligation to publicly update or revise these statements, whether as a result of new information, future events or otherwise. We make forward-looking statements in Management’s Discussion and Analysis of Financial Condition and Results of Operations and elsewhere in this report based on the beliefs and assumptions of our management and on information available to us through the date this Form 10-K is filed with the SEC. Forward-looking statements include information related to our development pipeline; our expectations regarding rooms growth; our expectations regarding our ability to meet our liquidity requirements; our capital expenditures and other investment spending and reimbursement expectations; our expectations regarding future dividends and share repurchases; our expectations regarding our Loyalty Program; our expectations regarding our sustainability and social impact strategies and initiatives; our expectations regarding certain claims, legal proceedings, settlements or resolutions; our expectations regarding additional payments to citizenM Holding BV and certain of its affiliates; and other statements that are preceded by, followed by, or include the words “believes,” “expects,” “anticipates,” “intends,” “plans,” “estimates,” “foresees,” or similar expressions; and similar statements concerning anticipated future events and expectations that are not historical facts.
[0,VISIBLE_BLOCK,129] quotation=False We caution you that these statements are not guarantees of future performance and are subject to numerous evolving risks and uncertainties that we may not be able to accurately predict or assess, including the risks and uncertainties we describe in Part I, Item 1A, “Risk Factors,” of this report and other factors we describe from time to time in our periodic filings with the SEC.
[0,VISIBLE_BLOCK,130] quotation=False 3
[0,VISIBLE_BLOCK,131] quotation=False Table of Contents
[0,VISIBLE_BLOCK,132] quotation=False PART I
[0,VISIBLE_BLOCK,133] quotation=False Item 1. Business.
[0,VISIBLE_BLOCK,134] quotation=False Overview
[0,VISIBLE_BLOCK,135] quotation=False We are a worldwide franchisor, operator, and licensor of hotel, residential, timeshare, and other lodging properties under a portfolio of compelling brands at different price and service points. Consistent with our focus on franchising, management, and licensing, we own or lease very few of our lodging properties (less than one percent of our system). As of year-end 2025, our system included 9,805 properties (1,779,936 rooms) in 145 countries and territories, and we also had approximately 4,100 properties (nearly 610,000 rooms) in our development pipeline.
[0,VISIBLE_BLOCK,136] quotation=False We discuss our operations in the following reportable business segments: (1) U.S. & Canada, (2) Europe, Middle East & Africa (“EMEA”), (3) Greater China, and (4) Asia Pacific excluding China (“APEC”). Our Caribbean & Latin America (“CALA”) operating segment does not meet the applicable accounting criteria for separate disclosure as a reportable business segment, and as such, we include its results in “Unallocated corporate and other.” See Note 14 for more information.
[0,VISIBLE_BLOCK,137] quotation=False Brand Portfolio
[0,VISIBLE_BLOCK,138] quotation=False We believe that our brand portfolio offers the most compelling range of brands, lodging properties, and other offerings in hospitality. Our brands are categorized by style of offering - Classic and Distinctive. Our Classic brands offer time-honored hospitality for the modern traveler, and our Distinctive brands offer memorable experiences with a unique perspective - each of which we group into four quality tiers: Luxury, Premium, Select, and Midscale. Luxury offers bespoke and superb amenities and services. Premium offers sophisticated and thoughtful amenities and services. Select offers smart and easy amenities and services. Midscale offers limited services and essential amenities at a more affordable price point. Longer stay brands, which are classified under multiple quality tiers, offer amenities suggestive of the comforts of home. The following table shows the portfolio of brands owned, operated, and/or licensed by Marriott for properties open at year-end 2025.
[0,VISIBLE_BLOCK,139] quotation=False 4
[0,VISIBLE_BLOCK,140] quotation=False Table of Contents
[0,VISIBLE_BLOCK,141] quotation=False The following table shows the geographic distribution of properties operating under the brands in our portfolio at year-end 2025:
[0,VISIBLE_BLOCK,142] quotation=False U.S. & Canada
[0,VISIBLE_BLOCK,143] quotation=False EuropeMiddle East & Africa
[0,VISIBLE_BLOCK,144] quotation=False Asia Pacific excluding China
[0,VISIBLE_BLOCK,145] quotation=False Greater China
[0,VISIBLE_BLOCK,146] quotation=False Caribbean & Latin AmericaTotal
[0,VISIBLE_BLOCK,147] quotation=False Luxury
[0,VISIBLE_BLOCK,148] quotation=False JW Marriott®
[0,VISIBLE_BLOCK,149] quotation=False Properties361012322317130
[0,VISIBLE_BLOCK,150] quotation=False Rooms19,5182,9694,58210,2339,0934,49650,891
[0,VISIBLE_BLOCK,151] quotation=False The Ritz-Carlton®
[0,VISIBLE_BLOCK,152] quotation=False Properties431217241911126
[0,VISIBLE_BLOCK,153] quotation=False Rooms13,2302,6204,0594,8215,3482,20132,279
[0,VISIBLE_BLOCK,154] quotation=False The Luxury Collection®
[0,VISIBLE_BLOCK,155] quotation=False Properties21451432713132
[0,VISIBLE_BLOCK,156] quotation=False Rooms10,1086,6142,6807,5124,0401,77032,724
[0,VISIBLE_BLOCK,157] quotation=False W Hotels®
[0,VISIBLE_BLOCK,158] quotation=False Properties231361111872
[0,VISIBLE_BLOCK,159] quotation=False Rooms7,2822,5362,1752,7543,8931,59320,233
[0,VISIBLE_BLOCK,160] quotation=False St. Regis®
[0,VISIBLE_BLOCK,161] quotation=False Properties137151015666
[0,VISIBLE_BLOCK,162] quotation=False Rooms2,6698873,6832,0673,94898714,241
[0,VISIBLE_BLOCK,163] quotation=False EDITION®
[0,VISIBLE_BLOCK,164] quotation=False Properties56532122
[0,VISIBLE_BLOCK,165] quotation=False Rooms1,3799679434966461864,617
[0,VISIBLE_BLOCK,166] quotation=False Bvlgari
[0,VISIBLE_BLOCK,167] quotation=False Properties—4122—9
[0,VISIBLE_BLOCK,168] quotation=False Rooms—328121157201—807
[0,VISIBLE_BLOCK,169] quotation=False Premium (2)
[0,VISIBLE_BLOCK,170] quotation=False Marriott® Hotels
[0,VISIBLE_BLOCK,171] quotation=False Properties3367932617635619
[0,VISIBLE_BLOCK,172] quotation=False Rooms131,85922,36310,32718,31826,1619,209218,237
[0,VISIBLE_BLOCK,173] quotation=False Sheraton®
[0,VISIBLE_BLOCK,174] quotation=False Properties16548335810329436
[0,VISIBLE_BLOCK,175] quotation=False Rooms63,85413,3619,89917,15635,5978,091147,958
[0,VISIBLE_BLOCK,176] quotation=False Westin®
[0,VISIBLE_BLOCK,177] quotation=False Properties137168423216251
[0,VISIBLE_BLOCK,178] quotation=False Rooms55,5695,1002,14711,88610,7474,53589,984
[0,VISIBLE_BLOCK,179] quotation=False Autograph Collection®
[0,VISIBLE_BLOCK,180] quotation=False Properties169962228542362
[0,VISIBLE_BLOCK,181] quotation=False Rooms38,73713,3993,8905,5731,38113,41976,399
[0,VISIBLE_BLOCK,182] quotation=False Renaissance® Hotels
[0,VISIBLE_BLOCK,183] quotation=False Properties9223616349180
[0,VISIBLE_BLOCK,184] quotation=False Rooms28,6105,5611,7283,93511,7672,47654,077
[0,VISIBLE_BLOCK,185] quotation=False Le Méridien®
[0,VISIBLE_BLOCK,186] quotation=False Properties24171936233122
[0,VISIBLE_BLOCK,187] quotation=False Rooms5,2995,2606,1978,2106,46856231,996
[0,VISIBLE_BLOCK,188] quotation=False Delta Hotels by Marriott® (Delta Hotels®)
[0,VISIBLE_BLOCK,189] quotation=False Properties91308—44137
[0,VISIBLE_BLOCK,190] quotation=False Rooms21,6985,2241,593—1,52975930,803
[0,VISIBLE_BLOCK,191] quotation=False MGM Collection with Marriott Bonvoy
[0,VISIBLE_BLOCK,192] quotation=False Properties12—————12
[0,VISIBLE_BLOCK,193] quotation=False Rooms26,210—————26,210
[0,VISIBLE_BLOCK,194] quotation=False Tribute Portfolio®
[0,VISIBLE_BLOCK,195] quotation=False Properties1023611151111186
[0,VISIBLE_BLOCK,196] quotation=False Rooms19,0804,5132,1911,7942,0911,25030,919
[0,VISIBLE_BLOCK,197] quotation=False Gaylord® Hotels
[0,VISIBLE_BLOCK,198] quotation=False Properties7—————7
[0,VISIBLE_BLOCK,199] quotation=False Rooms11,820—————11,820
[0,VISIBLE_BLOCK,200] quotation=False Design Hotels®
[0,VISIBLE_BLOCK,201] quotation=False Properties25127925631223
[0,VISIBLE_BLOCK,202] quotation=False Rooms2,6938,7287681,48392988715,488
[0,VISIBLE_BLOCK,203] quotation=False Marriott Executive Apartments®
[0,VISIBLE_BLOCK,204] quotation=False Properties—3181512250
[0,VISIBLE_BLOCK,205] quotation=False Rooms—2143,1352,2281,9182407,735
[0,VISIBLE_BLOCK,206] quotation=False Outdoor Collection by Marriott BonvoySM (3)
[0,VISIBLE_BLOCK,207] quotation=False Properties32—————32
[0,VISIBLE_BLOCK,208] quotation=False Rooms1,532—————1,532
[0,VISIBLE_BLOCK,209] quotation=False Apartments by Marriott BonvoySM
[0,VISIBLE_BLOCK,210] quotation=False Properties21———25
[0,VISIBLE_BLOCK,211] quotation=False Rooms38144———231656
[0,VISIBLE_BLOCK,212] quotation=False 5
[0,VISIBLE_BLOCK,213] quotation=False Table of Contents
[0,VISIBLE_BLOCK,214] quotation=False U.S. & CanadaEuropeMiddle East & AfricaAsia Pacific excluding ChinaGreater ChinaCaribbean & Latin AmericaTotal
[0,VISIBLE_BLOCK,215] quotation=False Select
[0,VISIBLE_BLOCK,216] quotation=False Courtyard by Marriott® (Courtyard®)
[0,VISIBLE_BLOCK,217] quotation=False Properties1,08384126763531,362
[0,VISIBLE_BLOCK,218] quotation=False Rooms149,90115,2312,63513,71216,0918,520206,090
[0,VISIBLE_BLOCK,219] quotation=False Fairfield by Marriott® (Fairfield®)
[0,VISIBLE_BLOCK,220] quotation=False Properties1,1911—7794181,381
[0,VISIBLE_BLOCK,221] quotation=False Rooms113,031222—10,36314,6112,521140,748
[0,VISIBLE_BLOCK,222] quotation=False Residence Inn by Marriott® (Residence Inn®)
[0,VISIBLE_BLOCK,223] quotation=False Properties889318——9937
[0,VISIBLE_BLOCK,224] quotation=False Rooms109,3743,5171,114——1,328115,333
[0,VISIBLE_BLOCK,225] quotation=False SpringHill Suites by Marriott® (SpringHill Suites®)
[0,VISIBLE_BLOCK,226] quotation=False Properties579—————579
[0,VISIBLE_BLOCK,227] quotation=False Rooms68,370—————68,370
[0,VISIBLE_BLOCK,228] quotation=False Four Points by Sheraton® (Four Points®)
[0,VISIBLE_BLOCK,229] quotation=False Properties14527295710224384
[0,VISIBLE_BLOCK,230] quotation=False Rooms20,8484,7886,34013,38223,8373,21372,408
[0,VISIBLE_BLOCK,231] quotation=False TownePlace Suites by Marriott® (TownePlace Suites®)
[0,VISIBLE_BLOCK,232] quotation=False Properties571—————571
[0,VISIBLE_BLOCK,233] quotation=False Rooms57,577—————57,577
[0,VISIBLE_BLOCK,234] quotation=False Aloft® Hotels
[0,VISIBLE_BLOCK,235] quotation=False Properties1691113191516243
[0,VISIBLE_BLOCK,236] quotation=False Rooms24,4081,9112,8504,6763,3942,57739,816
[0,VISIBLE_BLOCK,237] quotation=False AC Hotels by Marriott®
[0,VISIBLE_BLOCK,238] quotation=False Properties14288210421267
[0,VISIBLE_BLOCK,239] quotation=False Rooms23,83111,8442862,5979953,27542,828
[0,VISIBLE_BLOCK,240] quotation=False Moxy® Hotels
[0,VISIBLE_BLOCK,241] quotation=False Properties49104115111181
[0,VISIBLE_BLOCK,242] quotation=False Rooms8,60419,9051603,3071,94412234,042
[0,VISIBLE_BLOCK,243] quotation=False Element® Hotels
[0,VISIBLE_BLOCK,244] quotation=False Properties1023737—122
[0,VISIBLE_BLOCK,245] quotation=False Rooms13,9204891,1895721,398—17,568
[0,VISIBLE_BLOCK,246] quotation=False Protea Hotels® by Marriott
[0,VISIBLE_BLOCK,247] quotation=False Properties——65———65
[0,VISIBLE_BLOCK,248] quotation=False Rooms——7,020———7,020
[0,VISIBLE_BLOCK,249] quotation=False citizenM®
[0,VISIBLE_BLOCK,250] quotation=False Properties1619—11—37
[0,VISIBLE_BLOCK,251] quotation=False Rooms4,3743,938—210267—8,789
[0,VISIBLE_BLOCK,252] quotation=False Midscale
[0,VISIBLE_BLOCK,253] quotation=False City Express by MarriottSM
[0,VISIBLE_BLOCK,254] quotation=False Properties11————147158
[0,VISIBLE_BLOCK,255] quotation=False Rooms1,129————17,78118,910
[0,VISIBLE_BLOCK,256] quotation=False Four Points FlexSM by Sheraton
[0,VISIBLE_BLOCK,257] quotation=False Properties—34416——54
[0,VISIBLE_BLOCK,258] quotation=False Rooms—4,1062313,469——7,806
[0,VISIBLE_BLOCK,259] quotation=False Series by MarriottSM (3)
[0,VISIBLE_BLOCK,260] quotation=False Properties2——37——39
[0,VISIBLE_BLOCK,261] quotation=False Rooms164——2,597——2,761
[0,VISIBLE_BLOCK,262] quotation=False StudioResSM
[0,VISIBLE_BLOCK,263] quotation=False Properties4—————4
[0,VISIBLE_BLOCK,264] quotation=False Rooms496—————496
[0,VISIBLE_BLOCK,265] quotation=False Residences
[0,VISIBLE_BLOCK,266] quotation=False ResidencesProperties72132021216144
[0,VISIBLE_BLOCK,267] quotation=False Rooms7,5536842,9913,81830290516,253
[0,VISIBLE_BLOCK,268] quotation=False Subtotal Properties6,3609883977336845459,707
[0,VISIBLE_BLOCK,269] quotation=False Subtotal Rooms1,065,108167,32384,934157,326188,59693,1341,756,421
[0,VISIBLE_BLOCK,270] quotation=False Timeshare (1)
[0,VISIBLE_BLOCK,271] quotation=False Properties95
[0,VISIBLE_BLOCK,272] quotation=False Rooms22,912
[0,VISIBLE_BLOCK,273] quotation=False Yacht (1)
[0,VISIBLE_BLOCK,274] quotation=False Properties3
[0,VISIBLE_BLOCK,275] quotation=False Rooms603
[0,VISIBLE_BLOCK,276] quotation=False Total Properties9,805
[0,VISIBLE_BLOCK,277] quotation=False Total Rooms1,779,936
[0,VISIBLE_BLOCK,278] quotation=False (1)We exclude geographical data for Timeshare and Yacht as these offerings are captured within “Unallocated corporate and other.”
[0,VISIBLE_BLOCK,279] quotation=False (2)During 2025, we terminated our licensing agreement with Sonder Holdings Inc.
[0,VISIBLE_BLOCK,280] quotation=False (3)The Outdoor Collection by Marriott Bonvoy includes properties under both the Premium and Select quality tiers. Series by Marriott includes properties under both the Select and Midscale quality tiers.
[0,VISIBLE_BLOCK,281] quotation=False Property and room counts presented by brand in the above table include certain hotels in our system that are not yet operating under such brand, but are expected to operate under such brand following the completion of planned renovations.
[0,VISIBLE_BLOCK,282] quotation=False 6
[0,VISIBLE_BLOCK,283] quotation=False Table of Contents
[0,VISIBLE_BLOCK,284] quotation=False Franchised, Licensed, and Other Properties
[0,VISIBLE_BLOCK,285] quotation=False We have franchise, license, and other arrangements that permit hotel owners and certain other third parties to use many of our lodging brand names and systems.
[0,VISIBLE_BLOCK,286] quotation=False Under our hotel franchising arrangements, we generally receive an initial application fee and continuing royalty fees, which typically range from four to seven percent of room revenues, plus for certain brands, up to four percent of food and beverage revenues, as well as reimbursement for centralized programs and services, such as our Loyalty Program (as defined below), reservations, and marketing. The terms of these agreements vary, but they are generally for periods of 10 to 25 years.
[0,VISIBLE_BLOCK,287] quotation=False We also have license and other agreements with third parties for certain offerings, such as for our timeshare properties, MGM Collection with Marriott Bonvoy, Design Hotels, and The Ritz-Carlton Yacht Collection, pursuant to which we receive royalty and certain other fees. For our timeshare properties, we receive royalty fees under license agreements with Marriott Vacations Worldwide Corporation and its affiliates (collectively, “MVW”) for certain brands. The royalty fees we receive from MVW consist of a fixed annual fee, adjusted for inflation, plus certain variable fees based on sales volumes. Certain licensees and other counterparties are also charged for certain systems and centralized programs and services, such as our Loyalty Program, reservations, and marketing.
[0,VISIBLE_BLOCK,288] quotation=False At year-end 2025, we had 7,644 franchised, licensed, and other properties (1,183,513 rooms and timeshare units).
[0,VISIBLE_BLOCK,289] quotation=False Company-Operated Properties
[0,VISIBLE_BLOCK,290] quotation=False At year-end 2025, we had 2,017 company-operated properties (580,170 rooms), which included properties under long-term management agreements with hotel owners and properties that we own and lease.
[0,VISIBLE_BLOCK,291] quotation=False Terms of our management agreements vary, but we earn a management fee that is typically composed of a base management fee, which is a percentage of the revenues of the hotel, and an incentive management fee, which is based on the profits of the hotel. In many cases (particularly in our U.S. & Canada, Europe, and CALA regions), incentive management fees are subject to a specified owner return. Such agreements are generally for initial periods of 20 to 30 years, with options for us to renew for up to 10 or more additional years. Our lease agreements also vary, but may include fixed annual rentals plus additional rentals based on a specified percentage of annual revenues that exceed a fixed amount. In many jurisdictions, our management agreements may be subordinated to mortgages or other liens securing indebtedness of the hotel owners. Many of our management agreements also permit the hotel owners to terminate the agreement if we do not meet certain performance metrics, financial returns fail to meet defined levels for a period of time, and we have not cured those deficiencies. In certain circumstances, some of our management agreements allow owners to convert company-operated properties to franchised properties under our brands.
[0,VISIBLE_BLOCK,292] quotation=False For the hotels we operate, we generally are responsible for hiring, training, and supervising the associates needed to operate the hotels. In addition to providing hotel-level operating and administrative services, we also provide centralized programs and services, such as our Loyalty Program, reservations, and marketing, as well as various accounting and data processing services. Under our management agreements, hotel owners are generally responsible for hotel operating costs, including centralized programs and services.
[0,VISIBLE_BLOCK,293] quotation=False Residential
[0,VISIBLE_BLOCK,294] quotation=False We use or license certain of our trademarks for the sale of residential real estate, often in conjunction with hotel development. We receive one-time branding fees upon the sale of each branded residential unit by the third-party developers who construct and sell the residences, with limited amounts, if any, of our capital at risk. We often also manage or provide a brand license to the related homeowners’ association and receive continuing fees for that service or license. At year-end 2025, we had 144 branded residential properties (16,253 residential units).
[0,VISIBLE_BLOCK,295] quotation=False Intellectual Property
[0,VISIBLE_BLOCK,296] quotation=False We operate in a highly competitive industry and our brand names, trademarks, service marks, trade names, and logos are very important to our business, including the development, sales and marketing of our brands and other hospitality offerings and services. We believe that our brand names and other intellectual property have come to represent outstanding quality, care, service, and value to our guests, the traveling public, and hotel owners. Accordingly, we register and protect our intellectual property where we deem appropriate and otherwise protect against its unauthorized use.
[0,VISIBLE_BLOCK,297] quotation=False 7
[0,VISIBLE_BLOCK,298] quotation=False Table of Contents
[0,VISIBLE_BLOCK,299] quotation=False Loyalty and Credit Card Programs
[0,VISIBLE_BLOCK,300] quotation=False Marriott Bonvoy® is central to our business strategy. It encompasses our portfolio of compelling brands and other travel offerings, our direct channels, and our award-winning travel loyalty program, which we refer to throughout this report as our “Loyalty Program.” Loyalty Program members can earn points for stays at participating properties and other travel offerings, such as Homes & Villas by Marriott Bonvoy, a global offering focusing on the premium and luxury tiers of rental homes, as well as through purchases with co-branded credit cards and our Loyalty Program partners. Members can redeem points for stays at participating properties, airline tickets, airline frequent flyer program miles, rental cars, products from Marriott Bonvoy Boutiques®, and a variety of other awards, including experiences from Marriott Bonvoy Moments®.
[0,VISIBLE_BLOCK,301] quotation=False We believe that our Loyalty Program generates substantial repeat business that might otherwise go to competing properties. In 2025, approximately 75 percent of our U.S. hotel room nights and approximately 68 percent of our global hotel room nights were booked by Loyalty Program members. We strategically market to this large and growing guest base to generate revenue, and we are focused on attracting and enrolling new Loyalty Program members.
[0,VISIBLE_BLOCK,302] quotation=False We have co-branded credit cards associated with Marriott Bonvoy in 11 countries. In the U.S., we have multi-year agreements with JPMorgan Chase and American Express. We also license credit card programs internationally, including in Japan, the United Arab Emirates, China, Canada, and other markets. We generally earn fixed amounts that are payable at contract inception and variable amounts that are paid to us monthly over the term of the agreements primarily based on card usage. We believe that our co-branded credit cards create a diverse revenue stream for the Company, reflect the quality, significance and value of Marriott Bonvoy and our global lodging portfolio, and contribute to the strength of our Loyalty Program by creating value for our guests, hotel owners, and other parties with whom we have an affiliation. Payments received under our co-branded credit card agreements represent a significant funding source for the Loyalty Program.
[0,VISIBLE_BLOCK,303] quotation=False See the “Loyalty Program” caption in Note 2 for more information about our Loyalty Program and co-branded credit cards.
[0,VISIBLE_BLOCK,304] quotation=False Direct Digital Channels, Sales and Revenue Management, and Marketing
[0,VISIBLE_BLOCK,305] quotation=False Marriott.com, the Marriott Bonvoy mobile app, and our other direct digital channels offer seamless guest experiences. We regularly introduce enhancements to improve guests’ experience exploring and booking rooms across Marriott’s extensive portfolio of properties, giving guests access to exclusive offers, rates, and Loyalty Program member perks. In addition, the Marriott Bonvoy mobile app facilitates smooth arrivals and seamless stays with features like contactless check-in and check-out, mobile key, chat, service requests, mobile dining, and more at participating properties. Our focus on creating frictionless experiences across our direct digital channels is foundational to our worldwide technology systems transformation. This multi-year transformation of our reservations, property management, and loyalty systems is focused on introducing new technology that delivers more choices for guests, new capabilities for associates, and new revenue opportunities for hotels in our system.
[0,VISIBLE_BLOCK,306] quotation=False Our above-property sales and revenue management strategies are designed around the way the guest wants to buy and the strategic priorities of hotels in our system. Our above-property sales strategy focuses on offering global business-to-business solutions, driving efficiencies, optimizing revenue, and enhancing guest loyalty while minimizing duplication of efforts at the hotel level. We also utilize innovative and sophisticated revenue management systems, including proprietary systems, which are designed to facilitate pricing decisions, increase efficiency, and optimize property-level revenue. Most of the hotels in our portfolio utilize web-based programs to effectively manage the rate set-up and modification processes, which provides for greater pricing flexibility and increased efficiency.
[0,VISIBLE_BLOCK,307] quotation=False Our marketing strategies focus on building awareness and consideration of Marriott Bonvoy, increasing demand, and increasing guest loyalty. We do this through a variety of brand and marketing programs, offerings, and tools.
[0,VISIBLE_BLOCK,308] quotation=False Competition
[0,VISIBLE_BLOCK,309] quotation=False There is robust competition within the hospitality industry, including as relates to brand recognition and reputation, location, guest satisfaction, room rates, quality of service and accommodations, property amenities and offerings, and guest loyalty programs and offerings (including co-branded credit cards). We encounter strong competition in the short-term lodging market from regional, national, and international chains that operate lodging properties or franchise their brands, lodging properties that are not affiliated with a chain, and online platforms, including Airbnb and Vrbo, that allow travelers to book short-term rentals of homes and apartments as an alternative to hotel rooms. Although we believe that our strong brand recognition assists us in attracting and retaining guests and hotel owners, we compete against many other companies with strong brands and guest appeal, including Hilton, IHG Hotels & Resorts, Hyatt, Wyndham Hotels & Resorts, Accor, Choice Hotels, Best Western Hotels & Resorts, and others. Our direct digital channels also compete for guests with online travel
[0,VISIBLE_BLOCK,310] quotation=False 8
[0,VISIBLE_BLOCK,311] quotation=False Table of Contents
[0,VISIBLE_BLOCK,312] quotation=False services platforms, such as Expedia.com, Priceline.com, Booking.com, Travelocity.com, Orbitz.com, and Trip.com, and search engines such as Google, Bing, Yahoo, and Baidu.
[0,VISIBLE_BLOCK,313] quotation=False We believe that the location and quality of our lodging offerings, our Loyalty Program, our marketing programs, our reservation systems, and our emphasis on guest service and guest and associate satisfaction contribute to guest preference across our brands.
[0,VISIBLE_BLOCK,314] quotation=False Affiliation with a brand is common in the U.S. lodging industry. In 2025, approximately 73 percent of U.S. hotel rooms were brand-affiliated. Although lodging properties outside the U.S. also often affiliate with a brand, such brand affiliation is less prevalent than in the U.S. Based on lodging industry data, we have an approximately 17 percent share of the U.S. hotel market and a four percent share of the hotel market outside the U.S. (based on number of rooms).
[0,VISIBLE_BLOCK,315] quotation=False We also face strong competition in attracting and retaining hotel owners. We believe that our brands are attractive to hotel owners seeking a franchise, management company, or other licensing affiliation because of our global scale and the benefits of our Loyalty Program, centralized reservation systems, marketing programs, and other offerings, and our emphasis on guest service.
[0,VISIBLE_BLOCK,316] quotation=False Seasonality
[0,VISIBLE_BLOCK,317] quotation=False In general, business at hotels in our system fluctuates moderately with the seasons. Business at some resort properties may be more seasonal depending on location.
[0,VISIBLE_BLOCK,318] quotation=False Human Capital Management
[0,VISIBLE_BLOCK,319] quotation=False Marriott’s long history of service, innovation, and growth is built on a culture of putting people first. We are committed to investing in our associates, with a focus on leadership development, competitive compensation, and creating a sense of well-being.
[0,VISIBLE_BLOCK,320] quotation=False At year-end 2025, Marriott managed the employment of approximately 414,000 associates. This number includes approximately 148,000 associates employed by Marriott at properties, customer care centers, and above-property operations, as well as approximately 266,000 associates who are employed by our hotel owners but whose employment is managed by Marriott (which is common outside the U.S.). Approximately 115,000 of the associates employed by Marriott are located in the U.S., of which approximately 19,000 belong to labor unions. Outside the U.S., some of our associates are represented by trade unions, works councils, or employee associations. These numbers do not include hotel personnel employed by our independent franchisees and licensees or management companies hired by our franchisees and licensees. Marriott is committed to conducting its business in accordance with high ethical and legal standards, and our franchisees are expected to develop responsible human capital management practices.
[0,VISIBLE_BLOCK,321] quotation=False We are focused on maintaining Marriott’s position as an employer of choice both for job seekers and our existing associates. To attract talent, we are targeting new labor pools, optimizing our recruiting practices, and sharing our story of long-term career potential. Our people brand, “Be™”, showcases associate stories to highlight the meaningful work and numerous opportunities at the Company. At our headquarters in Bethesda, Maryland, we utilize a hybrid work model to allow for flexibility and choice to meet the needs of our corporate workforce. For many hotel-based associates, we are innovating the way hotel jobs are structured by introducing more flexibility and choice through our integrated jobs program, which allows associates to have cross-training and more engaging roles.
[0,VISIBLE_BLOCK,322] quotation=False We encourage continual feedback from our associates at all levels. We measure associate satisfaction through associateVoice surveys, which give all associates the opportunity to provide feedback about their work experience, providing valuable insights so we can drive improvements in our culture. The surveys occur three times per year to allow for frequent feedback. Our associate scores exceeded the “Global Best Employer” external benchmark in 2025, and we were recognized as a top 5 company on the Fortune World’s Best WorkplacesTM list in 2025.
[0,VISIBLE_BLOCK,323] quotation=False Our human capital strategy is based on three signature elements – Growing Great Leaders, Investing in Associates, and Creating Access to Opportunity.
[0,VISIBLE_BLOCK,324] quotation=False Growing Great Leaders
[0,VISIBLE_BLOCK,325] quotation=False We believe that associates at every level can inspire others through great leadership. Our Leadership Framework, designed to help us grow great leaders, starts with Leadership Essentials that clearly define what great leadership means at Marriott at all levels of the organization. Our leadership development offerings include tailored programming that targets all levels, creating a clear pathway for associates to progressively grow into leadership roles. Our leadership competencies are integrated into our performance management process and leadership development programs. Our talent development strategy is designed to
[0,VISIBLE_BLOCK,326] quotation=False 9
[0,VISIBLE_BLOCK,327] quotation=False Table of Contents
[0,VISIBLE_BLOCK,328] quotation=False provide opportunities for our associates to develop and grow their careers with Marriott for the long term while driving the performance of our business.
[0,VISIBLE_BLOCK,329] quotation=False Investing in Associates
[0,VISIBLE_BLOCK,330] quotation=False We are focused on providing our associates with the tools, resources, and support they need to thrive – both personally and professionally. We provide our eligible U.S. associates and their families access to comprehensive compensation and benefits offerings, such as health care coverage, work/life support benefits, and other offerings, including retirement savings and employee stock purchase plans. Outside the U.S., we offer comprehensive compensation and benefit programs that vary based on the geographic market, and we regularly evaluate these programs for competitiveness against the external talent market. Our TakeCare program provides associates with tools and resources to support their physical, mental, and financial well-being.
[0,VISIBLE_BLOCK,331] quotation=False Globally, Marriott’s compensation structures and policies are designed to promote pay equity, including our policy of prohibiting compensation history inquiries. In the U.S., we conduct pay equity audits annually.
[0,VISIBLE_BLOCK,332] quotation=False Creating Access to Opportunity
[0,VISIBLE_BLOCK,333] quotation=False Our focus on access to opportunity encompasses a range of initiatives and programs to support our goal to make all stakeholders (including associates, guests, hotel owners, and suppliers) feel welcome and valued. The Inclusion and Social Impact Committee of our Board of Directors (“Board”), established over 20 years ago, assists the Board in providing oversight of the Company’s strategy and efforts to advance the Company’s business through the Company’s culture and core values, including creating access to opportunity for its various stakeholders and supporting the communities in which the Company operates.
[0,VISIBLE_BLOCK,334] quotation=False Sustainability and Social Impact
[0,VISIBLE_BLOCK,335] quotation=False We are focused on creating a positive and sustainable impact wherever we do business. Our sustainability and social impact platform, Serve 360: Doing Good in Every Direction, is built around four areas: Nurture Our World; Sustain Responsible Operations; Empower Through Opportunity; and Welcome All and Advance Human Rights. We remain focused on meeting the evolving needs of associates, guests, hotel owners, and the communities and environments in which we operate.
[0,VISIBLE_BLOCK,336] quotation=False Our sustainability strategy and initiatives focus on identifying opportunities to integrate sustainable practices across our business, particularly in the areas of energy, emissions, waste, and water.
[0,VISIBLE_BLOCK,337] quotation=False In response to humanitarian crises and natural disasters, hotels in our system often look to support their local communities in need by donating funds, hotel stays, food, supplies, and volunteer hours. We also deploy our Company relief funds to support affected associates and their families and charitable organizations providing relief in impacted areas.
[0,VISIBLE_BLOCK,338] quotation=False Government Regulations
[0,VISIBLE_BLOCK,339] quotation=False As a company with global operations, we are subject to a wide variety of laws, regulations, and government policies around the world. Some of the regulations that most affect us and our business include those related to employment practices; marketing and advertising; consumer protection; trade and economic sanctions; anti-bribery, anti-corruption, and anti-money laundering; intellectual property; cybersecurity, data privacy, data localization, data transfers, the handling of personally identifiable information, and artificial intelligence (“AI”) and other emerging technologies; the offer and sale of franchises; competition and pricing; climate and the environment; health, safety, and accessibility; food and beverage sales; gaming and other entertainment offerings; and credit card products.
[0,VISIBLE_BLOCK,340] quotation=False Internet Address and Company SEC Filings
[0,VISIBLE_BLOCK,341] quotation=False Our primary Internet address is Marriott.com. On the investor relations portion of our website, Marriott.com/investor, we provide a link to our electronic filings with the SEC, including our annual report on Form 10-K, our quarterly reports on Form 10-Q, our current reports on Form 8-K, and any amendments to these reports. We make all such filings available free of charge as soon as reasonably practicable after filing. The information found on our website is not part of this or any other report we file with or furnish to the SEC.
[0,VISIBLE_BLOCK,342] quotation=False Item 1A. Risk Factors.
[0,VISIBLE_BLOCK,343] quotation=False We are subject to various risks that make an investment in our securities risky. The events and consequences discussed in these risk factors could, in circumstances we may or may not be able to accurately predict, recognize, or control, have a material adverse effect on our business, liquidity, financial condition, and results of operations. In addition, these risks could cause
[0,VISIBLE_BLOCK,344] quotation=False 10
[0,VISIBLE_BLOCK,345] quotation=False Table of Contents
[0,VISIBLE_BLOCK,346] quotation=False results to differ materially from those we express in forward-looking statements contained in this report or in other Company communications. These risk factors do not identify all risks that we face, and our business could also be affected by factors, events, or uncertainties that are not presently known to us or that we currently do not consider to present significant risks to our operations.
[0,VISIBLE_BLOCK,347] quotation=False Risks Relating to Our Industry
[0,VISIBLE_BLOCK,348] quotation=False Our industry is highly competitive, which may impact our ability to compete successfully for guests. We operate in markets that contain many competitors. Our hotel brands and other lodging offerings generally compete with regional, national, and international chains that operate lodging properties or franchise their brands, lodging properties that are not affiliated with a chain, and online platforms that allow travelers to book short-term rentals of homes and apartments. Our ability to remain competitive and attract and retain business, group, and leisure travelers depends on our success in distinguishing and driving preference for our lodging products and services, including our Loyalty Program, direct digital channels, consumer-facing technology platforms and services, our co-branded credit cards, and other offerings. If we cannot compete successfully in these areas, our business, liquidity, financial condition, and results of operations could be materially adversely affected. Further, new lodging supply in individual markets could have a negative impact on the hotel industry and hamper our ability to maintain or increase room rates or occupancy in those markets.
[0,VISIBLE_BLOCK,349] quotation=False Economic and other global, national, and regional conditions and events have in the past materially impacted, and could in the future materially impact, our business, operations, financial results, and growth. Because we conduct our business on a global scale, we are affected by changes and uncertainties in global, national, or regional economies, governmental policies (including in areas such as trade, travel, spending, immigration, labor, healthcare, and related issues), and geopolitical, public health, social and other conditions and events. Our business, financial results, and growth are impacted by weak or volatile economic conditions; pandemics and other outbreaks of disease; natural and man-made disasters; changes in energy prices, interest rates, inflation, and currency values; political instability, geopolitical disputes or conflict, actual or threatened war, terrorist activity, civil unrest and other acts of violence; heightened travel security measures, travel advisories, and disruptions in air and ground travel; and concerns over the foregoing. These conditions and events have in the past materially negatively impacted, and could in the future materially negatively impact, our business, operations, financial results, and growth in many ways, including, but not limited to, as follows:
[0,VISIBLE_BLOCK,350] quotation=False •reducing revenues at hotels in our system, impacting our fees and the ability of hotels to meet expenses, including payment of amounts owed to us;
[0,VISIBLE_BLOCK,351] quotation=False •reducing revenues we receive from other programs and offerings;
[0,VISIBLE_BLOCK,352] quotation=False •adversely affecting the value of our owned and leased properties or investments;
[0,VISIBLE_BLOCK,353] quotation=False •affecting the ability or willingness of hotel owners to service, repay or refinance existing indebtedness or similar obligations, including loans or guaranty advances we have made to or for them;
[0,VISIBLE_BLOCK,354] quotation=False •making it more difficult for hotel owners to obtain financing on commercially acceptable terms, or at all;
[0,VISIBLE_BLOCK,355] quotation=False •causing hotel construction, opening, and renovation delays;
[0,VISIBLE_BLOCK,356] quotation=False •decreasing the rate at which new projects enter our pipeline;
[0,VISIBLE_BLOCK,357] quotation=False •causing hotels to exit our system;
[0,VISIBLE_BLOCK,358] quotation=False •increasing operating costs;
[0,VISIBLE_BLOCK,359] quotation=False •requiring us to borrow or otherwise raise a significant amount of cash in order to preserve financial flexibility, repay maturing debt and manage debt maturities;
[0,VISIBLE_BLOCK,360] quotation=False •causing the terms of our borrowing to be more expensive or more restrictive; and
[0,VISIBLE_BLOCK,361] quotation=False •adversely affecting associate hiring and retention.
[0,VISIBLE_BLOCK,362] quotation=False The conditions and events discussed in this risk factor could also give rise to, aggravate, and impact our ability to allocate resources to mitigate the other risks that we identify below, which in turn could materially adversely affect our business, liquidity, financial condition, and results of operations.
[0,VISIBLE_BLOCK,363] quotation=False Risks Relating to Our Business
[0,VISIBLE_BLOCK,364] quotation=False Operational Risks
[0,VISIBLE_BLOCK,365] quotation=False Premature termination of our agreements with hotel owners could materially hurt our financial performance. Our agreements with hotel owners may be subject to premature termination in certain circumstances, such as the bankruptcy of a hotel owner, the failure of a hotel owner to comply with its payment or other obligations under the agreement, a failure under some agreements to meet specified financial or performance criteria which we do not cure, or in certain limited cases, other negotiated contractual termination rights. Hotel owners may assert the right to terminate our agreements even where the agreements provide otherwise, and some courts have upheld such assertions about our agreements and may do so in the future. When terminations occur for certain of these or other reasons, we may seek to enforce our right to damages for breach of
[0,VISIBLE_BLOCK,366] quotation=False 11
[0,VISIBLE_BLOCK,367] quotation=False Table of Contents
[0,VISIBLE_BLOCK,368] quotation=False contract and related claims, which may cause us to incur significant legal fees and expenses. We have in the past had, and could in the future have, difficulty collecting damages from the hotel owner, and any damages we ultimately collect could be less than the projected future value of the fees and other amounts we would have otherwise collected under the agreement with the hotel owner. A significant loss of these agreements could materially hurt our financial performance or our ability to grow our business.
[0,VISIBLE_BLOCK,369] quotation=False Disagreements with hotel owners and other counterparties could materially impact our business, operations, financial results, and growth. Consistent with our focus on franchising, management, and licensing, we own very few of our lodging properties. The nature of our rights and responsibilities under our agreements with hotel owners and other counterparties may be subject to interpretation. From time to time this gives rise to disagreements with such parties, including over new product, service, or systems initiatives and their associated costs, the timing and amount of capital investments, and reimbursement for operating costs, system costs, or other amounts. We have seen, and may in the future see, an increase in such disagreements during periods when hotel returns are weaker. We seek to resolve any disagreements and to develop and maintain positive relations with our hotel owners and other counterparties, but we cannot always do so. Failure to resolve such disagreements has resulted in arbitration or litigation. We could suffer significant losses, reduced profits, or constraints on our operations or growth as the result of adverse dispute resolution outcomes.
[0,VISIBLE_BLOCK,370] quotation=False Changes in the way hotel rooms are booked could adversely impact our business. Some of our hotel rooms are booked through Internet travel intermediaries. In addition to their focus on leisure travel, these intermediaries also provide offerings for corporate travel and group meetings. Intermediaries continue to use a variety of aggressive online marketing methods to attract guests, including the purchase by certain companies of trademarked online keywords such as “Marriott” from Internet search engines. Internet search engines may also divert business away from our direct digital channels to intermediaries. Many intermediaries also operate their own loyalty programs designed to foster customer loyalty to their platforms, which could erode loyalty to our brands, offerings, and direct digital channels. Bookings through these intermediaries are more costly to hotels in our system than bookings through our direct digital channels. To the extent that guest booking preference shifts from our direct digital channels to Internet travel intermediaries, diverting bookings away from our direct digital channels and increasing the overall cost of bookings for hotels in our system, our business and profitability could be harmed. In addition, the introduction of AI capabilities by existing and emerging travel intermediaries may change the way guests plan, book, and pay for travel, which may disrupt how our products and services are marketed and distributed, potentially eroding brand loyalty, increasing distribution costs, and negatively affecting our Loyalty Program, which could adversely impact our financial performance and our ability to grow our business. At the same time, if we are not able to negotiate new agreements on satisfactory terms when our existing contracts with intermediaries (which generally have two- to three-year terms) come up for renewal, our business and prospects could be negatively impacted in a number of ways, including by reducing bookings or making our brands less attractive to hotel owners.
[0,VISIBLE_BLOCK,371] quotation=False Our growth strategy depends upon attracting hotel owners to our platform, and future arrangements with these third parties may be less favorable to us, depending on the terms offered by our competitors. Adding properties to our system entails entering into and maintaining various arrangements with hotel owners. Our ability to attract and retain hotel owners and the terms of our agreements with hotel owners are influenced by the value, quality, and performance of our brands, the value and benefits of our Loyalty Program and other programs and services, our willingness to provide incentives to hotel owners to secure new agreements, the overall commercial terms of our agreements, and the relative value and benefits of offerings otherwise available to hotel owners in the market, among other things. We cannot assure you that any of our current arrangements will continue or that we will be able to renew agreements or enter into new agreements in the future on terms that are as favorable to us as those that exist today.
[0,VISIBLE_BLOCK,372] quotation=False The effects of, or our failure to comply with, applicable laws, regulations, and government policies may disrupt our business, lower our revenues, increase our costs, reduce our profits, limit our growth, or damage our reputation. We, the hotels in our system, our other lodging offerings, and the programs that we offer are subject to or affected by a variety of laws, regulations, and government policies around the globe, including, among others, those related to employment practices; marketing and advertising; consumer protection; trade and economic sanctions; anti-bribery, anti-corruption, and anti-money laundering; intellectual property; cybersecurity, data privacy, data localization, data transfers, the handling of personally identifiable information, and AI and other emerging technologies; the offer and sale of franchises; competition and pricing; climate and the environment; health, safety, and accessibility; food and beverage sales; gaming and other entertainment offerings; and credit card products. These laws, regulations, and government policies may be complex and change frequently and may not be reconcilable across jurisdictions, and could have a range of adverse effects on our business. The compliance programs, internal controls, and policies we maintain and enforce need to be updated regularly to keep pace with changing laws, regulations, and government policies, may not cover all applicable risk areas, and, as we have seen in the past, may not prevent us, our associates, service providers, or agents from materially violating applicable laws, regulations, and government policies. The requirements of applicable laws, regulations, and government policies, our failure to meet such requirements
[0,VISIBLE_BLOCK,373] quotation=False 12
[0,VISIBLE_BLOCK,374] quotation=False Table of Contents
[0,VISIBLE_BLOCK,375] quotation=False (including investigations and publicity resulting from actual or alleged failures), or actions we take to comply with such requirements or investigations could have significant adverse effects on our results of operations, reputation, or ability to grow our business.
[0,VISIBLE_BLOCK,376] quotation=False Third-party claims that we infringe the intellectual property rights of others or our failure to defend our own intellectual property rights could materially adversely affect our business. Third parties sometimes make claims against us for infringing their intellectual property rights (including as a result of the actions of our hotel owners, service providers, and other parties with whom we do business). We have been and are currently party to a number of such claims and may be subject to additional claims in the future. Such claims, including pending claims, have in the past, and could in the future:
[0,VISIBLE_BLOCK,377] quotation=False •be expensive and time consuming to defend;
[0,VISIBLE_BLOCK,378] quotation=False •require or result in significant monetary payments to claimants;
[0,VISIBLE_BLOCK,379] quotation=False •require or result in the limitation or cessation of our use of the intellectual property at issue;
[0,VISIBLE_BLOCK,380] quotation=False •force us to redesign or rebrand our products or services; or
[0,VISIBLE_BLOCK,381] quotation=False •result in other adverse effects on our business or reputation.
[0,VISIBLE_BLOCK,382] quotation=False We may also be required to indemnify hotel owners, service providers, and other parties with whom we do business for losses they incur as a result of any infringement claims against them related to our intellectual property or as a result of our use of the intellectual property of third parties.
[0,VISIBLE_BLOCK,383] quotation=False In addition, if third parties copy or use our intellectual property without authorization, the value of our brands, our competitive advantages, or our goodwill could be harmed. The steps we take to secure, protect, and defend our intellectual property rights may not succeed or be adequate to prevent others from infringing, copying, or using our intellectual property without proper authorization. Such steps, including enforcing our intellectual property rights, are costly and could force us to divert our resources, lead to counterclaims or other claims against us, or otherwise result in harm to our business.
[0,VISIBLE_BLOCK,384] quotation=False If our brands, goodwill, or other intangible assets become impaired, we may be required to record significant non-cash charges to earnings. We hold a significant amount of goodwill and other intangible assets on our Balance Sheets. We review goodwill and indefinite-lived intangible assets for impairment annually or whenever events or circumstances indicate impairment may have occurred. Estimated fair values of our brands or reporting units could change if, for example, there are changes in the business climate, unanticipated changes in the competitive environment, adverse legal or regulatory claims, actions or developments, changes in guests’ perception and the reputation of our brands, or changes in interest rates, operating cash flows, or market capitalization. Because of the significance of our goodwill and other intangible assets, any future impairment of these assets could require material non-cash charges to our results of operations, which could have a material adverse effect on our reported financial condition and results of operations.
[0,VISIBLE_BLOCK,385] quotation=False Our business depends on the quality and reputation of our Company and our brands, and any deterioration could adversely impact our market share, reputation, business, financial condition, or results of operations. Many factors can affect the reputation and value of our Company or one or more of our brands, hotels in our system, or other offerings, including adherence to service and other brand standards; matters related to, or incidents involving, food quality and safety, guest and associate safety, health and cleanliness, sustainability, supply chain management, access to opportunity, human rights, and support for local communities; actions perceived as relating to political or social matters; and compliance with applicable laws. Reputational value is also based on perceptions, and broad access to social media makes it easy for anyone to provide public feedback that can influence perceptions of us, our brands, hotels in our system, or other offerings, and it may be difficult to control or effectively manage negative publicity, regardless of whether it is accurate. While reputations may take decades to build, negative incidents can quickly erode trust and confidence, particularly if they result in adverse mainstream and social media publicity, governmental investigations, proceedings or penalties, or litigation. Negative incidents could lead to tangible adverse effects on our business, including lost sales, boycotts, reduced enrollment and/or participation in our Loyalty Program, loss of development opportunities, adverse government attention, adverse reaction from hotel owners, service providers, or other third parties, or associate retention and recruiting difficulties. Any material decline in the reputation or perceived quality of our brands or corporate image could affect our market share, reputation, business, financial condition, or results of operations. Our hotel owners, service providers, and other third parties are subject to similar risks, which could also impact us.
[0,VISIBLE_BLOCK,386] quotation=False Actions by our hotel owners or others could materially adversely affect our image and reputation. We franchise and license many of our brand names and trademarks to third parties for lodging, timeshare, and residential properties, and with respect to our credit card programs and other offerings, and enter into marketing and other strategic collaborations with other companies. Under the terms of their agreements with us, these third parties interact directly with guests and others under or in connection with our brand and trade names. These third parties sometimes fail to maintain or act in accordance with applicable brand standards; experience financial or operational problems, including data or privacy incidents, or negative incidents related to matters described in the preceding risk factor; or project a brand image inconsistent with ours, each of which could have a material negative impact on our image and reputation. Although our agreements with these third parties generally provide us
[0,VISIBLE_BLOCK,387] quotation=False 13
[0,VISIBLE_BLOCK,388] quotation=False Table of Contents
[0,VISIBLE_BLOCK,389] quotation=False with recourse and remedies in the event of a breach, including termination of the agreements under certain circumstances, certain actions by these third parties may not give rise to recourse or remedies, and for those that do, it could be expensive or time-consuming for us to pursue such remedies, and even if we are successful in pursuing such remedies, that may not be sufficient to mitigate reputational harm to us. We also cannot assure you that in every instance a court would ultimately enforce our contractual termination rights or that we could collect any awarded damages from the defaulting party.
[0,VISIBLE_BLOCK,390] quotation=False Collective bargaining activity and strikes could materially disrupt hotel operations, increase labor costs, and interfere with the ability of our management to focus on executing our business strategies. A significant number of associates at our managed, leased, and owned hotels are covered by collective bargaining agreements. If relationships with our organized associates or the unions that represent them become adverse, then, as we have seen in the past, the properties we operate could experience labor disruptions such as strikes, lockouts, boycotts, and public demonstrations. Numerous collective bargaining agreements are typically subject to negotiation each year, and the successful resolution of such negotiations in the past does not mean that future negotiations will be resolved without significant strikes or disruptions, or on satisfactory terms. For many of the hotels in our system, including our franchised and licensed properties, we do not have the ability to control the negotiations of collective bargaining agreements, and collective bargaining activity and labor disruptions at these properties could adversely impact our business. Labor disputes and disruptions sometimes result in adverse publicity or regulatory investigations and adversely affect operations and revenues at impacted hotels. In addition, labor disputes and disruptions or increased demands from labor unions can sometimes harm associate relations, result in increased regulatory requirements or inquiries and enforcement by governmental authorities, harm relationships with guests and hotel owners, divert management attention, and reduce guest demand, all of which could have a significant adverse effect on our reputation, business, financial condition, or results of operations.
[0,VISIBLE_BLOCK,391] quotation=False In addition, labor regulation and the negotiation of new or existing collective bargaining agreements could, as we have seen in the past, lead to higher wage and benefit costs, changes in work rules that raise operating expenses and legal costs, and limitations on our ability or the ability of our hotel owners to take cost saving measures during economic downturns. Increased unionization of the workforce at hotels in our system, new labor legislation, or changes in regulations could disrupt operations at hotels in our system, reduce profitability, or interfere with the ability of our management to focus on executing our business strategies.
[0,VISIBLE_BLOCK,392] quotation=False Our business could suffer if we or the hotels in our system cannot attract and retain associates or as the result of the loss of the services of our senior executives. We and the hotels in our system compete with other companies both within and outside of our industry for personnel. We and the hotels in our system have in the past experienced, and could in the future experience, challenges hiring for certain positions due to various factors, such as increasing wage expectations or competition for labor from other industries, and these circumstances could continue or worsen in the future to an extent and for durations that we are not able to predict. If we or the hotels in our system cannot recruit, train, develop, and retain sufficient numbers of associates, we could experience significant negative impacts on operations, associate morale and turnover, guest satisfaction, or our internal control environment. Insufficient numbers of associates could also limit our ability to grow and expand our business. Labor shortages have in the past resulted, and could in the future result, in higher wages and initial hiring costs, increasing our labor costs and labor costs at hotels in our system, which could reduce our revenues and profits. In addition, the efforts and abilities of our senior executives are important elements of maintaining our competitive position and driving future growth, and the loss of the services of one or more of our senior executives could result in challenges executing our business strategies or other adverse effects on our business.
[0,VISIBLE_BLOCK,393] quotation=False Extreme weather, natural disasters, climate change, and sustainability-related concerns have impacted our business in the past and could in the future have a material adverse effect on our business and results of operations. We, the hotels in our system, and our other lodging offerings are subject to the risks associated with extreme weather, natural disasters, and climate change, including physical impacts, changes in laws and regulations, and changing consumer preferences. We have seen a decline in travel and reduced demand for lodging as a result of natural disasters and extreme weather in some markets and in areas of the world from which we draw guests, and the prevalence and impact of these events may increase or worsen in the future. Natural disasters, extreme weather, and other climate impacts and events (including rising sea levels, extreme hot or cold weather, hurricanes and typhoons, flooding, water shortages, fires, and droughts) have impacted, and continue to impact, hotels in our system, including by causing physical damage that prevents or limits the operations of the property or resulting in increases in insurance, energy or other operating costs. Significant costs could be involved in improving the efficiency and climate resiliency of hotels in our system and otherwise preparing for, responding to, and mitigating climate or sustainability related impacts, events, or concerns affecting hotels in our system. Compliance with climate-related legislation and regulation, and our efforts related to our climate and sustainability initiatives, have been and are expected to continue to be complex and costly. Climate or other sustainability-related concerns may affect guests’ travel choices, including their frequency of travel. As a result of the foregoing, as we have seen in the past to some extent, we may experience reduced demand, increased costs, operating disruptions or limitations, and physical damage to hotels in our system, and we could experience constraints on our growth, all of which could adversely affect our profits and growth.
[0,VISIBLE_BLOCK,394] quotation=False 14
[0,VISIBLE_BLOCK,395] quotation=False Table of Contents
[0,VISIBLE_BLOCK,396] quotation=False Insurance may not cover damage to, or losses involving, hotels in our system or other aspects of our business, and the cost of such insurance could increase. We require comprehensive property and liability insurance policies for hotels in our system with coverage features and insured limits that we believe are customary. Market forces beyond our control may nonetheless limit the scope of the insurance coverage we or our hotel owners can obtain, or our or their ability to obtain coverage at reasonable rates. Certain types of losses, generally of a catastrophic nature, such as earthquakes, fires, hurricanes and floods, terrorist acts, pandemics, or liabilities that result from incidents involving the security of information systems, may result in high deductibles, low limits, or may be uninsurable, or the cost of obtaining insurance may be unacceptably high. As a result, we and our hotel owners may not be successful in obtaining insurance without increases in cost or decreases in coverage levels, or may not be successful in obtaining insurance at all. For example, over the past several years following the severe and widespread damage caused by natural disasters, coupled with continued large global losses, the property, liability, and other insurance markets have seen significant cost increases. Further, in the event of a substantial loss, the insurance coverage we or our hotel owners carry may not be sufficient to pay the full market value or replacement cost of any lost investment or in some cases could result in certain losses being totally uninsured. As a result, our revenues and profits could be adversely affected, and for properties we own or lease, we could lose some or all of the capital that we have invested in the property and we could remain obligated for guarantees, debt, or other financial obligations.
[0,VISIBLE_BLOCK,397] quotation=False Our Loyalty Program plays a significant role in our business, and unfavorable developments affecting the program could adversely affect our business and results of operations. Our Loyalty Program is an important aspect of our business. Our Loyalty Program faces significant competition from the loyalty programs offered by other hospitality companies, banks, airlines, and others. There is significant competition among loyalty programs in terms of the value and utility of program currency, rewards ranges and values, other program terms and conditions, and other program features, including co-branded credit card affiliations and offerings. If we are not able to maintain a competitive and attractive loyalty program or if we make changes to our Loyalty Program, including as a result of legal or regulatory requirements or considerations, we could experience significant adverse effects on our reputation, business, financial condition, or results of operations, including our ability to acquire, engage, and retain members in our Loyalty Program and our ability to operate other programs (including our co-branded credit card program). In addition, to the extent that legislative or regulatory changes negatively impact credit card issuers or networks, we could also see material adverse effects on our business, financial condition, or results of operations, including reduced revenues from our co-branded credit card agreements and a range of adverse impacts to our Loyalty Program, such as reduced program funding.
[0,VISIBLE_BLOCK,398] quotation=False Exchange rate fluctuations could result in significant foreign currency gains and losses and affect our business results. We earn revenues and incur expenses in foreign currencies in connection with our operations outside of the U.S. Accordingly, fluctuations in currency exchange rates may significantly increase the amount of U.S. dollars required for foreign currency expenses or significantly decrease the U.S. dollars we receive from foreign currency revenues. We are also exposed to currency translation risk because the results of our non-U.S. business are generally reported in local currency, which we then translate to U.S. dollars for inclusion in our Financial Statements. As a result, exchange rate changes between foreign currencies and the U.S. dollar affect the amounts we record for our foreign assets, liabilities, revenues, and expenses, and could have a material negative effect on our financial results. To the extent that our international operations continue to grow, our exposure to foreign currency exchange rate fluctuations will grow. Even though we enter into foreign exchange hedging arrangements for some of the currencies in which we do business, exchange rate fluctuations will result in foreign currency gains and losses and could materially affect our results. Our hedging arrangements may also create their own costs and risks, including in the form of cash flow impacts, credit requirements, and counterparty risk.
[0,VISIBLE_BLOCK,399] quotation=False Development and Financing Risks
[0,VISIBLE_BLOCK,400] quotation=False Our hotel owners depend on capital to buy, develop, and improve hotels, and they may be unable to access capital when necessary. Current and potential hotel owners must periodically spend money to fund new hotel investments, as well as to refurbish and improve existing hotels. The availability of funds for new investments and improvement of existing hotels by our current and potential hotel owners depends in large measure on their ability to access the capital markets. Obtaining financing on attractive terms has been, and may in the future be further, constrained by the capital markets for hotel and real estate investments.
[0,VISIBLE_BLOCK,401] quotation=False Our ability to grow our system is subject to the range of risks associated with real estate investments. Our ability to sustain continued growth through franchise, management, or license agreements with hotel owners is affected, and may potentially be limited, by a variety of factors influencing real estate development generally. These include site availability, financing availability, planning, zoning and other local approvals, and other limitations that may be imposed by market and submarket factors, such as projected room occupancy and rate, changes in growth in demand compared to projected supply, territorial restrictions in our agreements with hotel owners, costs of construction, demand for and availability of construction labor, materials, and resources, and other disruptive conditions in global, regional, or local markets.
[0,VISIBLE_BLOCK,402] quotation=False 15
[0,VISIBLE_BLOCK,403] quotation=False Table of Contents
[0,VISIBLE_BLOCK,404] quotation=False Our owned properties and other real estate investments subject us to numerous risks. We have a number of owned and leased properties and investments in joint ventures that own properties, which are each subject to the risks that generally relate to investments in real property. We may seek to sell some of these properties over time; however, equity real estate investments can be difficult to sell, and we may not be able to complete asset sales at prices we find acceptable or at all. Moreover, the investment returns available from equity investments in real estate depend in large part on the amount of income earned and capital appreciation generated, if any, by the particular properties, and the expenses incurred. A variety of other factors also affect income from properties and real estate values, including local market conditions and new supply of hotels and other lodging products, operating costs, governmental regulations, insurance, zoning, tax and eminent domain laws, interest rate levels, and the availability of financing. Our real estate investments have been, and could in the future be, impacted by any of these factors, resulting in a material adverse impact on our results of operations or financial condition. If our properties do not generate revenue sufficient to meet operating expenses and make needed capital expenditures, our income could be adversely affected, and we could be required to record additional significant non-cash impairment charges to our results of operations.
[0,VISIBLE_BLOCK,405] quotation=False Risks associated with development and sale of residential properties associated with our lodging properties or brands may reduce our profits. We license many of our brands for use in connection with the development and sale of residential properties. Such projects pose further risks beyond those generally associated with our lodging business, which may reduce our profits or compromise our brand equity, including risks that: (1) changes in residential real estate demand generally may reduce our profits and could make it more difficult to convince future project developers of the value added by our brands; and (2) increases in interest rates, reductions in mortgage availability or the tax benefits of mortgage financing or residential ownership generally, or increases in the costs of residential ownership could prevent potential customers from buying residential products or reduce the prices they are willing to pay.
[0,VISIBLE_BLOCK,406] quotation=False More hotel projects in our development pipeline may be cancelled or delayed in opening, which could adversely affect our growth prospects. We report a significant number of hotels in our development pipeline, including hotels under construction, hotels subject to signed contracts, and hotels approved for development but not yet under contract. The eventual opening of such pipeline hotels and, in particular, the approved hotels that are not yet under contract, is subject to numerous risks, including the other risks described in this section. We have seen construction timelines for pipeline hotels lengthen due to various factors, including challenges related to financing and the other risks described in this section, and these circumstances could continue or worsen in the future. Accordingly, we cannot assure you that all of our development pipeline will result in additional hotels entering our system, or that those hotels will open when we anticipate.
[0,VISIBLE_BLOCK,407] quotation=False Losses on loans or guarantees that we have made to third parties impact our profits. From time to time, we make loans to hotel owners as described in Note 12 and provide guarantees to hotel owners or lenders as described in Note 7. We have suffered losses, and could suffer losses in the future, when hotel owners default on loans that we provide or when we are required to fund under guarantees and do not receive reimbursement from the hotel owner.
[1,VISIBLE_BLOCK,408] quotation=False If hotel owners cannot repay or refinance mortgage loans secured by their properties, default under property leases, or experience other financial difficulties, our revenues and profits could materially decrease and our business could be significantly harmed. Many hotel owners have pledged their hotels as collateral for mortgage loans that they entered into when those properties were purchased or refinanced. If those hotel owners cannot meet required debt service payments or repay or refinance maturing indebtedness on favorable terms or at all, the lenders could declare a default, accelerate the related debt, and foreclose on the property, or the hotel owners could declare bankruptcy, as we have seen in the past and could see in the future. In addition, some hotel owners have leased their property from a third-party landlord. If hotel owners cannot make required lease payments or otherwise comply with lease terms, the landlord could declare a default and terminate the lease, as we have seen in the past and could see in the future. In some cases, such foreclosures, bankruptcies, lease terminations, or other financial difficulties have in the past resulted, and could in the future result, in the termination of our franchise, management, or license agreements, eliminating our anticipated income and cash flows, which could have a significant negative effect on our results of operations or reputation.
[1,VISIBLE_BLOCK,409] quotation=False Technology, Information Protection, and Privacy Risks
[1,VISIBLE_BLOCK,410] quotation=False Disruption in the functioning of our reservation, Loyalty Program, or other core operational systems, or our use of certain new technologies, could adversely affect our business. In the operation of our business, we manage or use sophisticated technology and systems, including those used for our reservation, customer relationship management, analytics, revenue management, property management, human resources and payroll systems, our Loyalty Program, and technologies we make available to our guests and for associates. The cost, speed, accuracy, and efficiency of these technologies and systems are critical aspects of our business and are important considerations for hotel owners when choosing our brands. Our business may suffer if we or our hotel owners, service providers, or other third parties fail to maintain, upgrade, or prevent disruption to these systems. Disruptions in or changes to these systems, including during upgrades or replacements, could result in a disruption to our business and the loss of important data.
[1,VISIBLE_BLOCK,411] quotation=False 16
[1,VISIBLE_BLOCK,412] quotation=False Table of Contents
[1,VISIBLE_BLOCK,413] quotation=False We are incorporating AI and other emerging technologies into certain of our processes, offerings, and services, and these technologies may become increasingly important in our operations over time. The introduction of these technologies, particularly generative AI, into our processes, offerings, and services may also result in new or expanded risks and liabilities, including due to increased government attention and rapidly-evolving regulatory frameworks governing such technologies, legal claims and assertions, compliance and ethical considerations, data security and privacy risks, and other factors that could adversely affect our business, reputation, financial condition, or results of operations. In addition, it is possible that AI could be improperly utilized by associates while carrying out their responsibilities or lead to unintended consequences, including generating content that is factually inaccurate, misleading or otherwise flawed, or biased, or that results in other unintended harmful impacts, which could harm our reputation and business and expose us to risks related to inaccuracies or errors in the output of such technologies.
[1,VISIBLE_BLOCK,414] quotation=False A failure to keep pace with developments in technology could impair our operations or competitive position. The lodging industry continues to demand the use of sophisticated technology and systems, including those used for our reservation, customer relationship management, finance, analytics, revenue management, property management, human resources and payroll systems, our Loyalty Program, and technologies we make available to our guests and for associates, and these and other technologies and systems must be refined, updated, and/or replaced with more advanced systems on a regular basis. Our business could suffer if we cannot refine, update, and/or replace technologies and systems as quickly or effectively as our competitors, sufficiently in advance of obsolescence or performance failure or degradation, or within budgeted costs and time frames. We also may not achieve the benefits that we anticipate from any new or upgraded technology or system, and a failure to do so could result in higher than anticipated costs or lower guest satisfaction or could impair our operating results. We are undertaking a multi-year transformation of our reservations, property management, and loyalty systems. The development and deployment of our new systems could involve delays, system interruptions, compromises of data security, or other operational impacts, including impacts on our financial reporting or internal control environment. Additionally, if we fail to keep pace with rapidly-evolving technological developments in AI and other emerging technologies, our competitive position and business may suffer.
[1,VISIBLE_BLOCK,415] quotation=False We are exposed to risks and costs associated with protecting the integrity and security of data. In the operation of our business, we collect, store, use, and transmit large volumes of personal data regarding associates, guests, customers, hotel owners, service providers, other third parties, and our own business operations, including credit card numbers, reservation and loyalty data, and other personal data, in various information systems that we maintain and in systems maintained by third parties, including those of our hotel owners, service providers, and other third parties with whom we or they do business. The integrity and protection of this personal data are critical to our business. Our guests and associates also have a high expectation that we, as well as our hotel owners, service providers, and other third parties with whom we or they do business, will adequately protect and appropriately use their personal data. The information, security, and privacy requirements imposed by global laws and regulations, our contractual obligations, and the requirements of the payment card industry continue to become increasingly stringent in many jurisdictions in which we operate. Our information systems and the information systems maintained or used by our hotel owners, service providers, and other third parties with whom we or they do business may not be able to satisfy these changing legal and regulatory requirements and associate and guest expectations; we and/or these third parties may require significant additional investments or time to do so; and security controls that we and/or these third parties may implement sometimes do not operate effectively or as intended. We have incurred and may in the future incur significant additional costs to meet these requirements, obligations, and expectations, and in the event of alleged or actual noncompliance, we may experience increased operating costs, increased exposure to payment obligations and litigation, and increased risk of damage to our reputation and brand.
[1,VISIBLE_BLOCK,416] quotation=False The Data Security Incident, and other information security incidents, could have numerous adverse effects on our business. As a result of the data security incident involving unauthorized access to the Starwood Hotels & Resorts Worldwide, LLC, formerly known as Starwood Hotels & Resorts Worldwide, Inc. (“Starwood”), reservations database that we disclosed in November 2018 (the “Data Security Incident”), numerous lawsuits and investigations were filed or initiated against us, as described further in Note 7, and we may become subject to additional actions related to the Data Security Incident. Responding to and resolving these lawsuits, claims, and/or investigations has resulted in payments and other expenses, and could result in material additional payments or remedial or other expenses. In 2024, we reached final resolutions with the U.S. Federal Trade Commission (“FTC”) and the Attorney General offices from 49 U.S. states and the District of Columbia (the “AG Offices”) in relation to the Data Security Incident, which include, among other terms, various long-term requirements relating to our data privacy and information security programs. In the event of alleged or actual noncompliance with these resolutions, we could face enforcement actions or contempt proceedings that could potentially result in fines, penalties, requirements to make additional changes to our data privacy and information security programs or business practices, or other adverse outcomes, which could have a material adverse effect on our financial condition and damage our reputation and brand.
[1,VISIBLE_BLOCK,417] quotation=False Insurance coverage designed to limit our exposure to losses such as those related to the Data Security Incident is costly and may not be sufficient or available to cover all of our expenses or other losses (including payments, fines, or penalties
[1,VISIBLE_BLOCK,418] quotation=False 17
[1,VISIBLE_BLOCK,419] quotation=False Table of Contents
[1,VISIBLE_BLOCK,420] quotation=False resulting from legal proceedings or investigations) related to the Data Security Incident, and certain expenses by their nature (such as, for example, expenses related to enhancing our data privacy and information security programs) are not covered by our insurance program.
[1,VISIBLE_BLOCK,421] quotation=False Additional cybersecurity incidents could have adverse effects on our business. We have enhanced our security measures to safeguard our information systems and data, and we intend to continue implementing additional measures in the future, but, as we have seen in the past, our measures may not be sufficient to maintain the confidentiality, security, or availability of the data we collect, store, and use to operate our business. Security measures implemented by our hotel owners, service providers, and other third parties with whom we or they do business also may not be sufficient, as we have seen in the past. Efforts to hack or circumvent security measures, efforts to gain unauthorized access to, exploit or disrupt the operation or integrity of our data or information systems, failures of information systems or software to operate as designed or intended, viruses, “ransomware” or other malware, “supply chain” attacks, “phishing” or other types of business communications compromises, operator error, or inadvertent releases of data have impacted, and may in the future impact, our information systems and records or those of our hotel owners, service providers, or other third parties with whom we or they do business. Security measures, no matter how well designed or implemented, may only mitigate and not fully eliminate risks, and security events, when detected by security tools or third parties, may not always be immediately understood or acted upon. Our reliance on computer, Internet-based, and mobile systems and communications, and the frequency and sophistication of efforts by third parties to gain unauthorized access or prevent authorized access to such systems, have greatly increased in recent years. Our increased reliance on cloud-based services and on remote access to information systems and our use of AI and other emerging technologies increases the Company’s exposure to potential cybersecurity incidents. We and our hotel owners, service providers, and other third parties with whom we or they do business have experienced cyberattacks, attempts to disrupt access to systems and data, and attempts to affect the operation or integrity of data or systems, and the frequency and sophistication of such efforts could continue to increase. Any additional significant theft of, unauthorized access to, compromise or loss of, loss of access to, or fraudulent use of guest, associate, hotel owner, service provider, Company, or other data as a result of a cybersecurity incident could adversely impact our reputation and could result in legal, regulatory, and other consequences, including remedial and other expenses, fines, or litigation. Depending on the nature and scope of the event, future compromises in the security of our information systems or those of our hotel owners, service providers, or other third parties with whom we or they do business, or other future disruptions or compromises of data or information systems, could lead to future interruptions in, or other adverse effects on, the operation of our systems or those of our hotel owners, service providers, or other third parties with whom we or they do business. This could result in operational interruptions and/or outages and a loss of profits, as well as negative publicity and other adverse effects on our business, including lost sales, loss of consumer confidence, boycotts, reduced enrollment and/or participation in our Loyalty Program, litigation, regulatory investigations or actions, diminished associate satisfaction, and/or retention and recruiting difficulties, all of which could materially affect our market share, reputation, business, financial condition, or results of operations.
[1,VISIBLE_BLOCK,422] quotation=False Because we have experienced cybersecurity incidents in the past, additional cybersecurity incidents or the failure to detect and appropriately respond to additional cybersecurity incidents could magnify the severity of the adverse effects on our business. The techniques used to obtain unauthorized access, disable or degrade service, or sabotage information systems change frequently (including the integration of AI and other emerging technologies), can be difficult to detect for long periods of time, and can involve difficult or prolonged assessment or remediation periods even once detected, which could also magnify the severity of these adverse effects. We cannot assure you that all potential causes of past significant cybersecurity incidents have been identified and remediated; additional measures may be needed to prevent significant incidents in the future. The steps we take may not be sufficient to prevent future significant cybersecurity incidents, and as a result, such incidents may occur again. Although we carry cyber insurance that is designed to protect us against certain losses related to cyber risks, that insurance coverage may not be sufficient or available to cover all expenses or other losses (including payments, fines, or penalties) or all types of claims that may arise in connection with cyberattacks, security compromises, and other related incidents. Furthermore, in the future such insurance may not be available on commercially reasonable terms, or at all.
[1,VISIBLE_BLOCK,423] quotation=False Changes in privacy and data security laws could increase our operating costs and increase our exposure to payment obligations and litigation. We are subject to numerous, complex, and frequently changing laws, regulations, and contractual obligations designed to protect personal information. Various U.S. federal and state laws, non-U.S. laws, payment card industry security standards, and other information privacy and security standards are all applicable to us. Significant legislative, judicial, or regulatory changes have been and could be issued in the future. Compliance with changes in applicable data security and privacy laws and regulations and contractual obligations (including resolutions with regulators), including the need to respond to investigations into our compliance, has increased and is expected to in the future increase our costs, and may restrict our business operations, increase our exposure to payment obligations and litigation in the event of alleged noncompliance, and adversely affect our reputation. Compliance with evolving regulatory frameworks governing AI and other emerging technologies may affect our use of such technologies and our ability to incorporate such technologies into our processes, offerings, and services, and may result in increased costs and exposure to legal proceedings or investigations in the event of
[1,VISIBLE_BLOCK,424] quotation=False 18
[1,VISIBLE_BLOCK,425] quotation=False Table of Contents
[1,VISIBLE_BLOCK,426] quotation=False alleged noncompliance. In addition, uncertainty around cross-border data transfers, including from the U.S., may require us to restrict certain data transfers, cease doing business with certain third parties, or change how data flows throughout our business, any of which could materially impact our operations.
[1,VISIBLE_BLOCK,427] quotation=False General Risk Factors
[1,VISIBLE_BLOCK,428] quotation=False Delaware law and our governing corporate documents contain, and our Board of Directors could implement, anti-takeover provisions that could deter takeover attempts. Under the Delaware business combination statute, a stockholder holding 15 percent or more of our outstanding voting stock could not acquire us without our Board of Directors’ consent for at least three years after the date the stockholder first held 15 percent or more of the voting stock. Our governing corporate documents also, among other things, require supermajority votes for mergers and similar transactions. In addition, our Board of Directors could, without stockholder approval, implement other anti-takeover defenses, such as a stockholder rights plan.
[1,VISIBLE_BLOCK,429] quotation=False Changes in tax law, interpretations of existing tax law, or agreements or disputes with tax authorities could increase our tax costs. Determination of our worldwide provision for income taxes and other tax liabilities requires estimation and significant judgment, including because of the number of countries and territories in which we provide programs and services and the accounting complexity of certain of those programs and services. Applicable domestic and foreign tax authorities audit and review our determinations, and an adverse outcome resulting from any such audit or review could have a material negative effect on our operating results, cash flows, and financial condition. Our tax expenses and liabilities have in the past been and could in the future be affected by changes in tax laws or the interpretation of tax laws in any of the many jurisdictions in which we do business, as well as changes in our business operations.
[1,VISIBLE_BLOCK,430] quotation=False Item 1B. Unresolved Staff Comments.
[1,VISIBLE_BLOCK,431] quotation=False None.
[1,VISIBLE_BLOCK,432] quotation=False Item 1C. Cybersecurity.
[1,VISIBLE_BLOCK,433] quotation=False Risk Management and Strategy
[1,VISIBLE_BLOCK,434] quotation=False We manage risks from cybersecurity threats, as such term is defined in Item 106(a) of Regulation S-K, through our overall enterprise risk management process, which is overseen by our Board. As part of our enterprise risk management process, management has established a global information security program, which encompasses a dedicated team and policies, procedures, and processes for assessing, identifying, and managing risks from cybersecurity threats. These policies, procedures, and processes are informed by recognized frameworks established by the National Institute of Standards and Technology (“NIST”) and the International Organization for Standardization, as well as other relevant standards. Our program is designed to maintain the confidentiality, integrity, security, and availability of the data that is created, collected, stored, and used to operate our business.
[1,VISIBLE_BLOCK,435] quotation=False We assess, identify, and manage risks from cybersecurity threats through various mechanisms, which from time to time may include tabletop exercises, business unit assessments, control gap analyses, threat modeling, impact analyses, internal audits, external audits, vulnerability scans, penetration tests, and engagement of third parties to conduct analyses of our information security program. We obtain cybersecurity threat intelligence from recognized forums, third parties, and other sources as part of our risk assessment process. We also maintain a risk-based approach for assessing, identifying, and managing risks from cybersecurity threats associated with key third-party service providers, hotel owners, and other companies with whom we do business.
[1,VISIBLE_BLOCK,436] quotation=False With respect to information security incident response, we maintain a Global Information Security & Privacy Incident Response Plan (“IRP”), which applies to information security incidents involving properties owned, leased, or managed by Marriott, as well as our above-property business locations. Our IRP sets out a coordinated, multi-functional approach for investigating, containing, and mitigating incidents, including reporting findings and keeping senior management and other key stakeholders informed and involved as appropriate.
[1,VISIBLE_BLOCK,437] quotation=False For properties that are not owned, leased, or managed by Marriott, the franchisees, licensees, or other applicable counterparties are generally responsible for information security at such properties and the systems and business processes related to information security that are under their direction and control. Franchisees and licensees are typically required to comply with Marriott brand standards relating to information security, which include an obligation to report relevant information security incidents to us.
[1,VISIBLE_BLOCK,438] quotation=False In the 2024 fourth quarter, we reached final resolutions with the FTC and the AG Offices in relation to the Data Security Incident. The resolutions with the FTC and the AG Offices include various long-term requirements relating to our data privacy and information security programs.
[1,VISIBLE_BLOCK,439] quotation=False 19
[1,VISIBLE_BLOCK,440] quotation=False Table of Contents
[1,VISIBLE_BLOCK,441] quotation=False We do not believe that risks from cybersecurity threats, including as a result of any previous cybersecurity incidents, have materially affected or are reasonably likely to materially affect our overall business strategy, results of operations, or financial condition over the long term. However, there can be no assurance that we, our hotel owners, our third-party service providers, or other companies with whom we or they do business, will not experience a cybersecurity threat or incident in the future that could materially adversely affect our business strategy, results of operations, or financial condition. See the discussion about the Starwood Data Security Incident under the “Litigation, Claims, and Government Investigations” caption in Note 7 to our financial statements, the discussion of the same in Part II, Item 7, “Management’s Discussion and Analysis of Financial Condition and Results of Operations,” and the discussion of cybersecurity risk in Part I, Item 1A, “Risk Factors.”
[1,VISIBLE_BLOCK,442] quotation=False Governance
[1,VISIBLE_BLOCK,443] quotation=False Our Board has established a Technology and Information Security Oversight Committee (“TISOC”) to assist the Board in providing oversight of matters pertaining to technology platforms and systems, information security, and privacy, including risks from cybersecurity threats; management’s efforts to monitor, provide governance over, and mitigate those risks; significant cybersecurity incidents; and emerging technology and trends, including AI. The TISOC meets at least four times per year and receives reports from our global information security team and other members of management about these matters. The Board’s Audit Committee, which assists the Board in providing oversight of matters pertaining to the Company’s internal control environment, compliance with legal and regulatory requirements, and risk assessment policies and procedures, receives reports regarding information security and technology-related audits conducted by our internal audit department. Risks from cybersecurity threats are also discussed with the full Board as part of regular legal updates and management presentations, the Board’s oversight of enterprise risk management, and periodic education sessions.
[1,VISIBLE_BLOCK,444] quotation=False To establish, implement, and evaluate our risk management policies and practices with respect to cybersecurity threats, and to facilitate the communication of such matters to the Board, the TISOC, and the Audit Committee, as applicable, we have established a number of management committees, several of which include senior leaders and direct reports of the Company’s President and CEO, that serve as our policymaking and management-level governing bodies with respect to our information security, data privacy, and AI programs; oversee the implementation of our information security, data privacy, and AI risk management strategy; and identify, consider, and escalate information security, data privacy, and AI issues that may arise in our business.
[1,VISIBLE_BLOCK,445] quotation=False Our global information security team led by our Chief Information Security Officer (“CISO”) works in coordination with these management committees and other cross-functional teams and is principally responsible for overseeing our information security strategy, working collaboratively with business leaders across the organization to assess, identify, and manage risks from cybersecurity threats, and to address cybersecurity incidents when they arise. Our information security program is operated on a 24/7 basis to address risks from cybersecurity threats and to respond to cybersecurity incidents globally. Cybersecurity incidents are escalated to our CISO and members of our global information security team, members of senior management, and members of the Board to the extent required under our IRP.
[1,VISIBLE_BLOCK,446] quotation=False Our CISO and other members of senior management responsible for our information security program have extensive experience assessing and managing risks from cybersecurity threats, including decades of experience in information technology and information security positions; serving in information technology leadership positions at other large public companies; and having other significant experience in the areas of risk management, information technology, and information security. Our current CISO will be departing the Company voluntarily in late February 2026 for a position in another industry. We are undertaking a search for his replacement and expect to appoint a new CISO. Prior to such appointment, we intend to appoint an information security professional with appropriate expertise to act in an interim capacity to oversee our global information security program who will report to our Global Chief Information Officer and perform the CISO functions.
[1,VISIBLE_BLOCK,447] quotation=False Item 2. Properties.
[1,VISIBLE_BLOCK,448] quotation=False Under our asset-light business model, we typically franchise, manage, or license hotels and other lodging offerings, rather than own them. As of December 31, 2025, we owned or leased 14 hotels (5,539 rooms) in U.S. & Canada and 37 hotels (8,867 rooms) in International. Additionally, most of our regional offices, customer engagement centers, and sales offices, as well as our corporate headquarters, are in leased facilities. See Part I, Item 1, “Business,” earlier in this report, and the “Properties and Rooms” caption in Part II, Item 7, “Management’s Discussion and Analysis of Financial Condition and Results of Operations” for more information about our company-operated properties.
[1,VISIBLE_BLOCK,449] quotation=False Item 3. Legal Proceedings.
[1,VISIBLE_BLOCK,450] quotation=False See the information under the “Litigation, Claims, and Government Investigations” caption in Note 7, which we incorporate here by reference. Within this section, we use a threshold of $1 million in disclosing material environmental proceedings involving a governmental authority, if any.
[1,VISIBLE_BLOCK,451] quotation=False 20
[1,VISIBLE_BLOCK,452] quotation=False Table of Contents
[1,VISIBLE_BLOCK,453] quotation=False In the 2025 second quarter, we received a letter from the U.S. Environmental Protection Agency (the “EPA”) offering to engage in settlement discussions in relation to violations of the Clean Air Act that the EPA alleges occurred at a hotel we manage. We do not believe this matter will have a material adverse effect on our business, financial condition, results of operations, or cash flows.
[1,VISIBLE_BLOCK,454] quotation=False From time to time, we are also subject to other legal proceedings and claims, including adjustments proposed during governmental examinations of the various tax returns we file. While management presently believes that the ultimate outcome of these other proceedings, individually and in aggregate, will not materially harm our business, financial condition, cash flows, or overall trends in results of operations, legal proceedings are inherently uncertain, and unfavorable rulings could, individually or in aggregate, have a material adverse effect on our business, financial condition, operating results, or cash flows.
[1,VISIBLE_BLOCK,455] quotation=False Item 4. Mine Safety Disclosures.
[1,VISIBLE_BLOCK,456] quotation=False Not applicable.
[1,VISIBLE_BLOCK,457] quotation=False Information about our Executive Officers
[1,VISIBLE_BLOCK,458] quotation=False See the information under “Information about our Executive Officers” in Part III, Item 10 of this report for information about our executive officers, which we incorporate here by reference.
[1,VISIBLE_BLOCK,459] quotation=False PART II
[1,VISIBLE_BLOCK,460] quotation=False Item 5. Market for Registrant’s Common Equity, Related Stockholder Matters, and Issuer Purchases of Equity Securities.
[1,VISIBLE_BLOCK,461] quotation=False Market Information
[1,VISIBLE_BLOCK,462] quotation=False At January 31, 2026, 264,984,554 shares of our Class A Common Stock (our “common stock”) were outstanding and were held by 28,321 stockholders of record. Our common stock trades on the Nasdaq Global Select Market under the trading symbol MAR.
[1,VISIBLE_BLOCK,463] quotation=False Fourth Quarter 2025 Issuer Purchases of Equity Securities
[1,VISIBLE_BLOCK,464] quotation=False (in millions, except per share amounts)
[1,VISIBLE_BLOCK,465] quotation=False PeriodTotal Number of Shares PurchasedAverage Price Paid per Share
[1,VISIBLE_BLOCK,466] quotation=False Total Number of Shares Purchased as Part of Publicly Announced Plans or Programs (1)
[1,VISIBLE_BLOCK,467] quotation=False Maximum Number of Shares That May Yet Be Purchased Under the Plans or Programs (1)
[1,VISIBLE_BLOCK,468] quotation=False October 1, 2025 - October 31, 20251.1 $266.40 1.1 29.0
[1,VISIBLE_BLOCK,469] quotation=False November 1, 2025 - November 30, 20251.4 $286.53 1.4 27.6
[1,VISIBLE_BLOCK,470] quotation=False December 1, 2025 - December 31, 20251.0 $301.25 1.0 26.6
[1,VISIBLE_BLOCK,471] quotation=False Total
[1,VISIBLE_BLOCK,472] quotation=False 3.5 $284.25 3.5
[1,VISIBLE_BLOCK,473] quotation=False (1)Our Board of Directors has authorized a share repurchase program. On November 9, 2023, we announced that the Board had increased the common stock repurchase authorization under the program by 25 million shares and, on August 7, 2025, we announced that the Board had further increased the authorization by an additional 25 million shares. These authorizations have no expiration date. At year-end 2025, 26.6 million shares remained available for repurchase under the program. We may repurchase shares in the open market or in privately negotiated transactions, and we account for these shares as treasury stock.
[1,VISIBLE_BLOCK,474] quotation=False Item 6. Reserved.
[1,VISIBLE_BLOCK,475] quotation=False 21
[1,VISIBLE_BLOCK,476] quotation=False Table of Contents
[1,VISIBLE_BLOCK,477] quotation=False Item 7. Management’s Discussion and Analysis of Financial Condition and Results of Operations.
[1,VISIBLE_BLOCK,478] quotation=False A discussion regarding our financial condition and results of operations for year-end 2024 compared to year-end 2023 can be found in Part II, Item 7, “Management’s Discussion and Analysis of Financial Condition and Results of Operations,” of our Annual Report on Form 10-K for the fiscal year ended December 31, 2024, as filed with the SEC on February 11, 2025 (“2024 Form 10-K”).
[1,VISIBLE_BLOCK,479] quotation=False BUSINESS AND OVERVIEW
[1,VISIBLE_BLOCK,480] quotation=False Overview
[1,VISIBLE_BLOCK,481] quotation=False We are a worldwide franchisor, operator, and licensor of hotel, residential, timeshare, and other lodging properties under a portfolio of compelling brands at different price and service points. We discuss our operations in the following reportable business segments: (1) U.S. & Canada, (2) Europe, Middle East & Africa (“EMEA”), (3) Greater China, and (4) Asia Pacific excluding China (“APEC”). Our Caribbean & Latin America (“CALA”) operating segment does not meet the applicable accounting criteria for separate disclosure as a reportable business segment, and as such, we include its results in “Unallocated corporate and other.”
[1,VISIBLE_BLOCK,482] quotation=False Under our asset-light business model and consistent with our focus on franchising, management, and licensing, we own or lease very few of our lodging properties. Under our hotel franchising arrangements, we generally receive an initial application fee and continuing royalty fees, which are typically based on a percentage of room revenues, plus for certain brands, a percentage of food and beverage revenues. Terms of our management agreements vary, but we earn a management fee that is typically composed of a base management fee, which is a percentage of the revenues of the hotel, and an incentive management fee, which is based on the profits of the hotel. In many cases (particularly in our U.S. & Canada, Europe, and CALA regions), incentive management fees are subject to a specified owner return. We also have license and other agreements with third parties for certain offerings, such as for our timeshare properties, MGM Collection with Marriott Bonvoy, Design Hotels, and The Ritz-Carlton Yacht Collection, under which we receive royalty and certain other fees. Additionally, we earn fees for other uses of our intellectual property, including primarily co-branded credit card fees, as well as residential branding fees and certain other licensing fees.
[1,VISIBLE_BLOCK,483] quotation=False Performance Measures
[1,VISIBLE_BLOCK,484] quotation=False We believe Revenue per Available Room (“RevPAR”), which we calculate by dividing property level room revenue by total rooms available for the period, is a meaningful indicator of our performance because it measures the period-over-period change in room revenues. RevPAR may not be comparable to similarly titled measures, such as revenues, and should not be viewed as necessarily correlating with our fee revenue. We also believe occupancy and average daily rate (“ADR”), which are components of calculating RevPAR, are meaningful indicators of our performance. Occupancy, which we calculate by dividing total rooms sold by total rooms available for the period, measures the utilization of a property’s available capacity. ADR, which we calculate by dividing property level room revenue by total rooms sold, measures average room price and is useful in assessing pricing levels. Unless otherwise stated, RevPAR, occupancy, and ADR statistics are on a systemwide basis for comparable properties, and all changes refer to year-over-year changes for the comparable period. Comparisons to prior periods are on a constant U.S. dollar basis, which we calculate by applying exchange rates for the current period to the prior comparable period. We believe constant dollar analysis provides valuable information regarding the performance of hotels in our system as it removes currency fluctuations from the presentation of such results.
[1,VISIBLE_BLOCK,485] quotation=False We define our comparable properties as hotels in our system that were open and operating under one of our brands since the beginning of the last full calendar year (since January 1, 2024 for the current period) and have not, in either the current or previous year: (1) undergone significant room or public space renovations or expansions, (2) been converted between company-operated and franchised, or (3) sustained substantial property damage or business interruption. Our comparable properties also exclude MGM Collection with Marriott Bonvoy, Design Hotels, The Ritz-Carlton Yacht Collection, residences, and timeshare properties. For 2025, we had 5,554 comparable U.S. & Canada properties and 2,011 comparable International properties.
[1,VISIBLE_BLOCK,486] quotation=False Business Trends
[1,VISIBLE_BLOCK,487] quotation=False In 2025, worldwide RevPAR increased 2.0 percent compared to 2024, driven by ADR growth of 2.1 percent.
[1,VISIBLE_BLOCK,488] quotation=False In the U.S. & Canada, RevPAR increased 0.7 percent in 2025, reflecting strong demand at our luxury hotels, partially offset by softer demand at our select service hotels, which were impacted by weaker business transient demand, in part due to declines in government travel.
[1,VISIBLE_BLOCK,489] quotation=False 22
[1,VISIBLE_BLOCK,490] quotation=False Table of Contents
[1,VISIBLE_BLOCK,491] quotation=False In our International regions, RevPAR increased 5.1 percent in 2025, reflecting higher demand in most countries across the APEC, EMEA, and CALA regions. In Greater China, RevPAR increased 0.4 percent, reflecting softness in macro-economic conditions during the year.
[1,VISIBLE_BLOCK,492] quotation=False Starwood Data Security Incident
[1,VISIBLE_BLOCK,493] quotation=False On November 30, 2018, we announced a data security incident involving unauthorized access to the Starwood reservations database (the “Data Security Incident”). We are currently unable to reasonably estimate the range of total possible financial impact to the Company from the Data Security Incident in excess of the expenses already recorded; however, we do not believe this incident will impact our long-term financial health. See Note 7 for additional information related to legal proceedings, investigations, and insurance recoveries related to the Data Security Incident.
[1,VISIBLE_BLOCK,494] quotation=False System Growth and Pipeline
[1,VISIBLE_BLOCK,495] quotation=False Our system grew from 9,361 properties (1,706,331 rooms) at year-end 2024 to 9,805 properties (1,779,936 rooms) at year-end 2025. The increase compared to year-end 2024 reflected gross additions of 703 properties (99,459 rooms), including the addition of 37 properties (8,789 rooms) from the citizenM brand acquisition discussed in Note 3, and deletions of 253 properties (25,643 rooms). The property and room counts as of year-end 2025 reflect the removal of all Sonder properties from our portfolio. Our 2025 gross room additions included nearly 64,000 rooms located outside U.S. & Canada (including the citizenM brand acquisition) and roughly 33,400 rooms converted from competitor brands.
[1,VISIBLE_BLOCK,496] quotation=False At year-end 2025, we had approximately 4,100 properties and nearly 610,000 rooms in our development pipeline, which included over 35,000 rooms approved for development but not yet under signed contracts. At year-end 2025, our development pipeline included nearly 265,000 rooms, or 43 percent, that were under construction, including hotels that are in the process of converting to our system. Over half of the rooms in our development pipeline were located outside U.S. & Canada.
[1,VISIBLE_BLOCK,497] quotation=False In 2025, we signed nearly 1,200 development deals with hotel owners and other counterparties (excluding the citizenM acquisition) representing approximately 163,000 rooms globally. Over 30 percent of rooms signed were driven by conversion opportunities. During 2025, we added three new brands to our portfolio through the citizenM brand acquisition and the introductions of Series by Marriott and the Outdoor Collection by Marriott Bonvoy. We continued to expand our portfolio across chain scales, including advancing the expansion of our midscale offerings, and we also continued to strengthen our residential portfolio, signing 55 residential agreements in 2025.
[1,VISIBLE_BLOCK,498] quotation=False In 2026, we expect net rooms growth of 4.5 to 5.0 percent.
[1,VISIBLE_BLOCK,499] quotation=False Properties and Rooms
[1,VISIBLE_BLOCK,500] quotation=False The following table shows our properties and rooms by ownership type.
[1,VISIBLE_BLOCK,501] quotation=False PropertiesRooms
[1,VISIBLE_BLOCK,502] quotation=False December 31, 2025December 31, 2024vs. December 31, 2024December 31, 2025December 31, 2024vs. December 31, 2024
[1,VISIBLE_BLOCK,503] quotation=False Franchised/Licensed/Other (1)
[1,VISIBLE_BLOCK,504] quotation=False 7,644 7,192 452 6 %1,183,513 1,104,446 79,067 7 %
[1,VISIBLE_BLOCK,505] quotation=False Managed
[1,VISIBLE_BLOCK,506] quotation=False 1,966 1,981 (15)(1)%565,764 571,889 (6,125)(1)%
[1,VISIBLE_BLOCK,507] quotation=False Owned/Leased
[1,VISIBLE_BLOCK,508] quotation=False 51 51 — — %14,406 14,312 94 1 %
[1,VISIBLE_BLOCK,509] quotation=False Residential
[1,VISIBLE_BLOCK,510] quotation=False 144 137 7 5 %16,253 15,684 569 4 %
[1,VISIBLE_BLOCK,511] quotation=False Total
[1,VISIBLE_BLOCK,512] quotation=False 9,805 9,361 444 5 %1,779,936 1,706,331 73,605 4 %
[1,VISIBLE_BLOCK,513] quotation=False (1)Licensed and other properties include our timeshare properties, MGM Collection with Marriott Bonvoy, Design Hotels, and The Ritz-Carlton Yacht Collection.
[1,VISIBLE_BLOCK,514] quotation=False 23
[1,VISIBLE_BLOCK,515] quotation=False Table of Contents
[1,VISIBLE_BLOCK,516] quotation=False Lodging Statistics
[1,VISIBLE_BLOCK,517] quotation=False The following table presents RevPAR, occupancy, and ADR statistics for comparable properties for 2025, and 2025 compared to 2024. Systemwide statistics include data from our franchised properties, in addition to our company-operated properties.
[1,VISIBLE_BLOCK,518] quotation=False RevPAROccupancyAverage Daily Rate
[1,VISIBLE_BLOCK,519] quotation=False 2025vs. 20242025vs. 20242025vs. 2024
[1,VISIBLE_BLOCK,520] quotation=False Comparable Company-Operated Properties
[1,VISIBLE_BLOCK,521] quotation=False U.S. & Canada
[1,VISIBLE_BLOCK,522] quotation=False $185.78 2.3 %69.0 %(0.4)%pts.$269.36 2.9 %
[1,VISIBLE_BLOCK,523] quotation=False Europe$236.81 3.1 %72.8 %2.1 %pts.$325.42 0.1 %
[1,VISIBLE_BLOCK,524] quotation=False Middle East & Africa$142.33 9.8 %70.4 %2.2 %pts.$202.26 6.3 %
[1,VISIBLE_BLOCK,525] quotation=False Greater China$82.87 0.4 %68.5 %0.6 %pts.$121.05 (0.5)%
[1,VISIBLE_BLOCK,526] quotation=False Asia Pacific excluding China$130.17 8.0 %71.4 %1.3 %pts.$182.35 6.0 %
[1,VISIBLE_BLOCK,527] quotation=False Caribbean & Latin America$196.90 5.5 %66.3 %0.2 %pts.$296.77 5.1 %
[1,VISIBLE_BLOCK,528] quotation=False International - All (1)
[1,VISIBLE_BLOCK,529] quotation=False $127.93 5.2 %69.9 %1.2 %pts.$183.05 3.4 %
[1,VISIBLE_BLOCK,530] quotation=False Worldwide (2)
[1,VISIBLE_BLOCK,531] quotation=False $151.41 3.7 %69.5 %0.6 %pts.$217.80 2.9 %
[1,VISIBLE_BLOCK,532] quotation=False Comparable Systemwide Properties
[1,VISIBLE_BLOCK,533] quotation=False U.S. & Canada
[1,VISIBLE_BLOCK,534] quotation=False $132.35 0.7 %69.5 %(0.6)%pts.$190.33 1.5 %
[1,VISIBLE_BLOCK,535] quotation=False Europe$160.65 3.3 %71.3 %1.7 %pts.$225.44 0.8 %
[1,VISIBLE_BLOCK,536] quotation=False Middle East & Africa$131.32 10.4 %69.7 %2.0 %pts.$188.33 7.2 %
[1,VISIBLE_BLOCK,537] quotation=False Greater China$76.53 0.4 %67.0 %0.4 %pts.$114.20 (0.2)%
[1,VISIBLE_BLOCK,538] quotation=False Asia Pacific excluding China$133.12 8.4 %72.2 %1.5 %pts.$184.36 6.2 %
[1,VISIBLE_BLOCK,539] quotation=False Caribbean & Latin America$126.14 4.3 %63.1 %0.1 %pts.$199.85 4.2 %
[1,VISIBLE_BLOCK,540] quotation=False International - All (1)
[1,VISIBLE_BLOCK,541] quotation=False $121.75 5.1 %68.9 %1.1 %pts.$176.73 3.4 %
[1,VISIBLE_BLOCK,542] quotation=False Worldwide (2)
[1,VISIBLE_BLOCK,543] quotation=False $128.80 2.0 %69.3 %— %pts.$185.81 2.1 %
[1,VISIBLE_BLOCK,544] quotation=False (1)Includes Europe, Middle East & Africa, Greater China, Asia Pacific excluding China, and Caribbean & Latin America.
[1,VISIBLE_BLOCK,545] quotation=False (2)Includes U.S. & Canada and International - All.
[1,VISIBLE_BLOCK,546] quotation=False CONSOLIDATED RESULTS
[1,VISIBLE_BLOCK,547] quotation=False The discussion below presents an analysis of our consolidated results of operations for 2025 compared to 2024. Also see the “Business Trends” section above for further discussion. In the 2025 fourth quarter, we reclassified amounts attributable to other expenses previously reported under the “General, administrative, and other” caption to the “Owned, leased, and other expense” caption of our Income Statements. See Note 1 for further information.
[1,VISIBLE_BLOCK,548] quotation=False Fee Revenues
[1,VISIBLE_BLOCK,549] quotation=False ($ in millions)
[1,VISIBLE_BLOCK,550] quotation=False 20252024Change 2025 vs. 2024
[1,VISIBLE_BLOCK,551] quotation=False Franchise fees$3,325 $3,113 $212 7 %
[1,VISIBLE_BLOCK,552] quotation=False Base management fees1,322 1,288 34 3 %
[1,VISIBLE_BLOCK,553] quotation=False Incentive management fees791 769 22 3 %
[1,VISIBLE_BLOCK,554] quotation=False Gross fee revenues5,438 5,170 268 5 %
[1,VISIBLE_BLOCK,555] quotation=False Contract investment amortization(135)(103)(32)(31)%
[1,VISIBLE_BLOCK,556] quotation=False Net fee revenues$5,303 $5,067 $236 5 %
[1,VISIBLE_BLOCK,557] quotation=False The increase in franchise fees primarily reflected higher co-branded credit card and other brand-related fees ($105 million) as well as rooms growth ($94 million).
[1,VISIBLE_BLOCK,558] quotation=False The increase in base management fees primarily reflected higher RevPAR as well as rooms growth ($25 million).
[1,VISIBLE_BLOCK,559] quotation=False The increase in incentive management fees primarily reflected higher profits at managed hotels. In both 2025 and 2024, we earned incentive management fees from 69 percent of our managed hotels worldwide. We earned incentive management fees from 32 percent of our U.S. & Canada managed hotels and 85 percent of our International managed hotels in 2025, compared to 31 percent in U.S. & Canada and 85 percent in International in 2024. In addition, in both 2025 and 2024, 67 percent of our total incentive management fees came from our International managed hotels, primarily in EMEA and APEC.
[1,VISIBLE_BLOCK,560] quotation=False 24
[1,VISIBLE_BLOCK,561] quotation=False Table of Contents
[1,VISIBLE_BLOCK,562] quotation=False Owned, Leased, and Other
[1,VISIBLE_BLOCK,563] quotation=False ($ in millions)
[1,VISIBLE_BLOCK,564] quotation=False 20252024Change 2025 vs. 2024
[1,VISIBLE_BLOCK,565] quotation=False Owned, leased, and other revenue$1,679 $1,551 $128 8 %
[1,VISIBLE_BLOCK,566] quotation=False Owned, leased, and other expense
[1,VISIBLE_BLOCK,567] quotation=False 1,461 1,329 132 10 %
[1,VISIBLE_BLOCK,568] quotation=False Owned, leased, and other revenue, net of owned, leased, and other expense
[1,VISIBLE_BLOCK,569] quotation=False $218 $222 $(4)(2)%
[1,VISIBLE_BLOCK,570] quotation=False Owned, leased, and other revenue, net of owned, leased, and other expense, decreased primarily due to expenses related to the termination of our licensing agreement with Sonder Holdings Inc. ($23 million), partially offset by stronger results at our owned and leased properties in the U.S. & Canada, which included the results from the Sheraton Grand Chicago hotel that we acquired in the fourth quarter of the prior year.
[1,VISIBLE_BLOCK,571] quotation=False Cost Reimbursements
[1,VISIBLE_BLOCK,572] quotation=False ($ in millions)
[1,VISIBLE_BLOCK,573] quotation=False 20252024Change 2025 vs. 2024
[1,VISIBLE_BLOCK,574] quotation=False Cost reimbursement revenue$19,204 $18,482 $722 4 %
[1,VISIBLE_BLOCK,575] quotation=False Reimbursed expenses19,503 18,799 704 4 %
[1,VISIBLE_BLOCK,576] quotation=False Cost reimbursements, net$(299)$(317)$18 6 %
[1,VISIBLE_BLOCK,577] quotation=False Cost reimbursements, net (cost reimbursement revenue, net of reimbursed expenses) varies due to timing differences between the costs we incur for centralized programs and services and the related reimbursements we receive from hotel owners and certain other counterparties. Over the long term, our centralized programs and services are not designed to impact our economics, either positively or negatively. See Note 2 for more information about the accounting for cost reimbursements, including our Loyalty Program.
[1,VISIBLE_BLOCK,578] quotation=False The change in cost reimbursements, net primarily reflected higher Loyalty Program revenues, partially offset by higher expenses, net of revenues, for many of our programs and services.
[1,VISIBLE_BLOCK,579] quotation=False Other Operating Expenses
[1,VISIBLE_BLOCK,580] quotation=False ($ in millions)
[1,VISIBLE_BLOCK,581] quotation=False 20252024Change 2025 vs. 2024
[1,VISIBLE_BLOCK,582] quotation=False Depreciation, amortization, and other$213 $183 $30 16 %
[1,VISIBLE_BLOCK,583] quotation=False General and administrative
[1,VISIBLE_BLOCK,584] quotation=False 870 945 (75)(8)%
[1,VISIBLE_BLOCK,585] quotation=False Restructuring and merger-related (recoveries) charges, and other(2)77 (79)(103)%
[1,VISIBLE_BLOCK,586] quotation=False General and administrative expenses decreased primarily due to lower compensation costs ($39 million).
[1,VISIBLE_BLOCK,587] quotation=False Restructuring and merger-related (recoveries) charges, and other expenses changed primarily due to insurance recoveries related to the Data Security Incident discussed in Note 7 ($47 million), lower restructuring charges for employee termination benefits ($34 million), and a prior year reserve for a loan commitment related to the Company’s acquisition of Starwood ($30 million).
[1,VISIBLE_BLOCK,588] quotation=False Non-Operating Income (Expense)
[1,VISIBLE_BLOCK,589] quotation=False ($ in millions)
[1,VISIBLE_BLOCK,590] quotation=False 20252024Change 2025 vs. 2024
[1,VISIBLE_BLOCK,591] quotation=False Gains and other income, net$9 $31 $(22)(71)%
[1,VISIBLE_BLOCK,592] quotation=False Interest expense(809)(695)(114)(16)%
[1,VISIBLE_BLOCK,593] quotation=False Interest income42 40 2 5 %
[1,VISIBLE_BLOCK,594] quotation=False Equity in earnings
[1,VISIBLE_BLOCK,595] quotation=False 11 8 3 38 %
[1,VISIBLE_BLOCK,596] quotation=False Interest expense increased primarily due to higher debt balances driven by Senior Notes issuances, net of maturities ($129 million).
[1,VISIBLE_BLOCK,597] quotation=False 25
[1,VISIBLE_BLOCK,598] quotation=False Table of Contents
[1,VISIBLE_BLOCK,599] quotation=False Income Taxes
[1,VISIBLE_BLOCK,600] quotation=False ($ in millions)
[1,VISIBLE_BLOCK,601] quotation=False 20252024Change 2025 vs. 2024
[1,VISIBLE_BLOCK,602] quotation=False Provision for income taxes
[1,VISIBLE_BLOCK,603] quotation=False $(793)$(776)$(17)(2)%
[1,VISIBLE_BLOCK,604] quotation=False Our tax provision increased primarily due to higher non-U.S. taxes mainly from increased tax rates ($90 million) and higher pre-tax income ($62 million), partially offset by the current year release of tax reserves ($137 million).
[1,VISIBLE_BLOCK,605] quotation=False BUSINESS SEGMENTS
[1,VISIBLE_BLOCK,606] quotation=False The following discussion presents an analysis of the operating results of our reportable business segments for 2025 compared to 2024. Also see the “Business Trends” section above for further discussion.
[1,VISIBLE_BLOCK,607] quotation=False ($ in millions)
[1,VISIBLE_BLOCK,608] quotation=False 20252024Change 2025 vs. 2024
[1,VISIBLE_BLOCK,609] quotation=False U.S. & Canada
[1,VISIBLE_BLOCK,610] quotation=False Segment net fee revenues
[1,VISIBLE_BLOCK,611] quotation=False $2,921 $2,875 $46 2 %
[1,VISIBLE_BLOCK,612] quotation=False Segment profit2,679 2,640 39 1 %
[1,VISIBLE_BLOCK,613] quotation=False EMEA
[1,VISIBLE_BLOCK,614] quotation=False Segment net fee revenues
[1,VISIBLE_BLOCK,615] quotation=False 621 575 46 8 %
[1,VISIBLE_BLOCK,616] quotation=False Segment profit525 512 13 3 %
[1,VISIBLE_BLOCK,617] quotation=False Greater China
[1,VISIBLE_BLOCK,618] quotation=False Segment net fee revenues
[1,VISIBLE_BLOCK,619] quotation=False 260 249 11 4 %
[1,VISIBLE_BLOCK,620] quotation=False Segment profit185 186 (1)(1)%
[1,VISIBLE_BLOCK,621] quotation=False APEC
[1,VISIBLE_BLOCK,622] quotation=False Segment net fee revenues
[1,VISIBLE_BLOCK,623] quotation=False 370 340 30 9 %
[1,VISIBLE_BLOCK,624] quotation=False Segment profit301 280 21 8 %
[1,VISIBLE_BLOCK,625] quotation=False PropertiesRooms
[1,VISIBLE_BLOCK,626] quotation=False December 31, 2025December 31, 2024vs. December 31, 2024December 31, 2025December 31, 2024vs. December 31, 2024
[1,VISIBLE_BLOCK,627] quotation=False U.S. & Canada
[1,VISIBLE_BLOCK,628] quotation=False 6,360 6,235 125 2 %1,065,108 1,043,224 21,884 2 %
[1,VISIBLE_BLOCK,629] quotation=False EMEA1,385 1,295 90 7 %252,257 234,167 18,090 8 %
[1,VISIBLE_BLOCK,630] quotation=False Greater China684 589 95 16 %188,596 172,388 16,208 9 %
[1,VISIBLE_BLOCK,631] quotation=False APEC733 629 104 17 %157,326 143,177 14,149 10 %
[1,VISIBLE_BLOCK,632] quotation=False In 2025, segment net fee revenues grew in the U.S. & Canada, EMEA, and APEC compared to 2024, primarily driven by rooms growth and higher RevPAR (see the Lodging Statistics and Properties and Rooms tables above for more information).
[1,VISIBLE_BLOCK,633] quotation=False Additionally, U.S. & Canada segment profit reflected higher owned, leased, and other revenue, net of owned, leased, and other expense ($56 million), partially offset by lower cost reimbursement revenue, net of reimbursed expenses ($34 million). Owned, leased, and other revenue, net of owned, leased, and other expense increased primarily due to stronger results at our owned and leased properties, which included the results from the Sheraton Grand Chicago hotel that we acquired in the fourth quarter of the prior year.
[1,VISIBLE_BLOCK,634] quotation=False LIQUIDITY AND CAPITAL RESOURCES
[1,VISIBLE_BLOCK,635] quotation=False Our Credit Facility
[1,VISIBLE_BLOCK,636] quotation=False We are party to a $4.5 billion multicurrency revolving credit agreement (as amended, the “Credit Facility”). Available borrowings under the Credit Facility support our commercial paper program and general corporate needs. U.S. dollar borrowings under the Credit Facility bear interest at SOFR (the Secured Overnight Financing Rate) plus a spread based on our public debt rating. We also pay quarterly fees on the Credit Facility at a rate based on our public debt rating. We classify outstanding borrowings under the Credit Facility and outstanding commercial paper borrowings (which generally have short-term maturities of 45 days or less) as long-term based on our ability and intent to refinance the outstanding borrowings on a long-term basis. The Credit Facility expires on December 14, 2027.
[1,VISIBLE_BLOCK,637] quotation=False The Credit Facility contains certain covenants, including a single financial covenant that limits our maximum leverage (consisting of the ratio of Adjusted Total Debt to EBITDA, each as defined in the Credit Facility) to not more than 4.5 to 1.0. Our outstanding public debt does not contain a corresponding financial covenant or a requirement that we maintain certain
[1,VISIBLE_BLOCK,638] quotation=False 26
[1,VISIBLE_BLOCK,639] quotation=False Table of Contents
[1,VISIBLE_BLOCK,640] quotation=False financial ratios. We currently satisfy the covenants in our Credit Facility and public debt instruments, including the leverage covenant under the Credit Facility, and do not expect the covenants will restrict our ability to meet our anticipated borrowing and liquidity needs.
[1,VISIBLE_BLOCK,641] quotation=False We monitor the status of the capital markets and regularly evaluate the effect that changes in capital market conditions may have on our ability to fund our liquidity needs. We believe the Credit Facility, and our access to capital markets, together with cash we expect to generate from operations, remain adequate to meet our liquidity requirements over the next 12 months and thereafter for the foreseeable future.
[1,VISIBLE_BLOCK,642] quotation=False Commercial Paper
[1,VISIBLE_BLOCK,643] quotation=False We issue commercial paper in the U.S. Because we do not have purchase commitments from buyers for our commercial paper, our ability to issue commercial paper is subject to market demand. We do not expect that fluctuations in the demand for commercial paper will affect our liquidity, given our borrowing capacity under the Credit Facility and access to capital markets.
[1,VISIBLE_BLOCK,644] quotation=False Cash from Operations
[1,VISIBLE_BLOCK,645] quotation=False Net cash provided by operating activities increased by $463 million in 2025 compared to 2024. The increase reflected a cash outflow in the prior year of $300 million in the “Restructuring and merger-related (recoveries) charges, and other” caption of our Statements of Cash Flows for the settlement of the guarantee liability associated with the purchase of the Sheraton Grand Chicago.
[1,VISIBLE_BLOCK,646] quotation=False Our ratio of current assets to current liabilities was 0.4 to 1.0 at both year-end 2025 and year-end 2024. We have significant borrowing capacity under our Credit Facility should we need additional working capital.
[1,VISIBLE_BLOCK,647] quotation=False Investing Activities Cash Flows
[1,VISIBLE_BLOCK,648] quotation=False Capital Expenditures and Other Investments. We made capital and technology expenditures of $604 million in 2025 and $750 million in 2024. Capital and technology expenditures in 2025 decreased by $146 million compared to 2024, primarily due to approximately $200 million of spending related to the Sheraton Grand Chicago capitalized assets in 2024. In 2025, we also had cash outflows of $350 million due to the citizenM brand acquisition, which we discuss in Note 3.
[1,VISIBLE_BLOCK,649] quotation=False We expect capital expenditures and other investments will total approximately $1.0 billion to $1.1 billion for 2026, including capital and technology expenditures, loan advances, contract acquisition costs, and other investing activities, but excluding any potential property or brand acquisitions, which we cannot forecast with sufficient accuracy and which may be significant. Our anticipated capital and technology expenditures include higher than typical spending on our worldwide technology systems transformation, the overwhelming portion of which we expect to be reimbursed over time, and renovations of hotels in our owned and leased portfolio.
[1,VISIBLE_BLOCK,650] quotation=False Over time, we have sold lodging properties, both completed and under development, generally subject to long-term management agreements. Our ability to attract third-party purchasers, and their ability to raise the debt and equity capital necessary to acquire such properties, depends in part on the perceived risks in the lodging industry and other constraints inherent in the capital markets. We monitor the status of the capital markets and regularly evaluate the potential impact of changes in capital market conditions on our business operations. We have made, and expect to continue making, selective and opportunistic investments to add units to our lodging business, which may include property acquisitions and renovations, new construction, loans, guarantees, and equity investments. Over time, we seek to minimize capital invested in our business through asset sales subject to long-term management or franchise agreements.
[1,VISIBLE_BLOCK,651] quotation=False Financing Activities Cash Flows
[1,VISIBLE_BLOCK,652] quotation=False Debt. Debt increased by $1,757 million in 2025, to $16,204 million at year-end 2025 from $14,447 million at year-end 2024, primarily due to the issuances of our Series RR Notes and Series SS Notes ($1,960 million) and our Series TT Notes, Series UU Notes, and Series VV Notes ($1,477 million), partially offset by the maturity of our Series P Notes, Series V Notes, and Series EE Notes ($350 million, $318 million, and $600 million, respectively), and net commercial paper repayments ($403 million). See Note 9 for additional information on Senior Notes issuances.
[1,VISIBLE_BLOCK,653] quotation=False Our long-term financial objectives include maintaining diversified financing sources, optimizing the mix and maturity of our long-term debt, and reducing our working capital. At year-end 2025, including the effect of interest rate swaps, our total long-term debt (current and noncurrent) had a weighted average interest rate of 4.5 percent, a weighted average maturity of approximately 5.4 years, and a ratio of fixed-rate to total long-term debt of 0.9 to 1.0.
[1,VISIBLE_BLOCK,654] quotation=False 27
[1,VISIBLE_BLOCK,655] quotation=False Table of Contents
[1,VISIBLE_BLOCK,656] quotation=False See the “Our Credit Facility” caption in this “Liquidity and Capital Resources” section for more information on our Credit Facility.
[1,VISIBLE_BLOCK,657] quotation=False Share Repurchases and Dividends. We repurchased 12.1 million shares of our common stock for $3.3 billion in 2025. Year-to-date through February 6, 2026, we repurchased 1.1 million shares for $350 million. For additional information, see “Market for Registrant’s Common Equity, Related Stockholder Matters, and Issuer Purchases of Equity Securities” in Part II, Item 5.
[1,VISIBLE_BLOCK,658] quotation=False Our Board declared the following quarterly cash dividends in 2025: (1) $0.63 per share declared on February 13, 2025 and paid on March 31, 2025 to stockholders of record on February 27, 2025; (2) $0.67 per share declared on May 9, 2025 and paid on June 30, 2025 to stockholders of record on May 23, 2025; (3) $0.67 per share declared on August 7, 2025 and paid on September 30, 2025 to stockholders of record on August 21, 2025; and (4) $0.67 per share declared on November 6, 2025 and paid on December 31, 2025 to stockholders of record on November 20, 2025.
[1,VISIBLE_BLOCK,659] quotation=False We expect to continue to return cash to stockholders through a combination of share repurchases and cash dividends.
[1,VISIBLE_BLOCK,660] quotation=False Material Cash Requirements
[1,VISIBLE_BLOCK,661] quotation=False Our material cash requirements include the following contractual obligations and off-balance sheet arrangements.
[1,VISIBLE_BLOCK,662] quotation=False •At year-end 2025, we had $16,204 million of debt plus $4,159 million of future interest payments, of which a total of $1,896 million is payable within the next 12 months from year-end 2025. See Note 9 for further information about our long-term debt and Note 8 for further information about our finance leases.
[1,VISIBLE_BLOCK,663] quotation=False •We enter into operating leases primarily for hotels, offices, and equipment, which are discussed in Note 8.
[1,VISIBLE_BLOCK,664] quotation=False •The Company had guarantees and letters of credit as of year-end 2025, which are discussed in Note 7. The majority of our remaining guarantee commitments are not expected to be funded within the next 12 months from year-end 2025.
[1,VISIBLE_BLOCK,665] quotation=False •In connection with the citizenM brand acquisition discussed in Note 3, we may pay earn-out payments up to $110 million to citizenM Holding BV and certain of its affiliates based on the future growth of the brand over a specified, multi-year timeframe. Earn-out payments would not begin until the fourth year following closing of the transaction.
[1,VISIBLE_BLOCK,666] quotation=False •In the normal course of business, we enter into purchase commitments related to the programs and services that we typically provide to hotel owners, and we incur other obligations to manage the daily operating needs of the hotels that we manage. Since hotel owners are generally responsible for these costs, these obligations are not expected to have a material impact on our net income and cash flow over the long term.
[1,VISIBLE_BLOCK,667] quotation=False NEW ACCOUNTING STANDARDS
[1,VISIBLE_BLOCK,668] quotation=False See Note 2 for information on our anticipated adoption of recently issued accounting standards.
[1,VISIBLE_BLOCK,669] quotation=False CRITICAL ACCOUNTING POLICIES AND ESTIMATES
[1,VISIBLE_BLOCK,670] quotation=False Our preparation of financial statements in accordance with U.S. generally accepted accounting principles (“GAAP”) requires management to make estimates and assumptions that affect reported amounts and related disclosures. Management considers an accounting policy and estimate to be critical if: (1) we must make assumptions that were uncertain when the estimate was made; and (2) changes in the estimate, or selection of a different estimate methodology could have a material effect on our consolidated results of operations or financial condition.
[1,VISIBLE_BLOCK,671] quotation=False While we believe that our estimates, assumptions, and judgments are reasonable, they are based on information available when the estimate or assumption was made. Actual results may differ significantly. Additionally, changes in our assumptions, estimates or assessments due to unforeseen events or otherwise could have a material impact on our financial position or results of operations.
[1,VISIBLE_BLOCK,672] quotation=False See Note 2 for further information related to our critical accounting policies and estimates, which are as follows:
[1,VISIBLE_BLOCK,673] quotation=False Loyalty Program, including how we estimate the breakage of hotel points, credit card points, and free night certificates, the volume of points and free night certificates that will be issued under our co-branded credit card agreements, the amount of consideration to which we will be entitled under our co-branded credit card agreements, and the stand-alone selling prices of goods and services provided under our co-branded credit card agreements. Changes in these estimates could result in material changes to our liability for guest loyalty program and Loyalty Program
[1,VISIBLE_BLOCK,674] quotation=False 28
[1,VISIBLE_BLOCK,675] quotation=False Table of Contents
[1,VISIBLE_BLOCK,676] quotation=False revenue. Based on the conditions existing at December 31, 2025 and holding other factors constant, a one percent decrease in our estimate of the breakage of points could result in an increase in the liability for guest loyalty program of approximately $50 million. The breakage impact may vary significantly depending on the specific Loyalty Program points for which the anticipated breakage changes.
[1,VISIBLE_BLOCK,677] quotation=False Goodwill, including how we evaluate the fair value of reporting units and when we record an impairment loss on goodwill. Our reporting units are the same as our operating segments. See Note 14 for more information. During the 2025 fourth quarter, we conducted our annual goodwill impairment test, and no impairment charges were recorded. The estimated fair values of all our reporting units significantly exceeded their carrying amounts at the date of their most recent estimated fair value determination.
[1,VISIBLE_BLOCK,678] quotation=False Intangibles and Long-Lived Assets, including how we evaluate the fair value of intangibles and long-lived assets and when we record impairment losses on intangibles and long-lived assets. During 2025, we evaluated our intangibles and long-lived asset groups for impairment and did not record any material impairment charges. The estimated fair values of all our indefinite-lived intangible assets significantly exceeded their carrying amounts at the date of their most recent estimated fair value determination.
[1,VISIBLE_BLOCK,679] quotation=False Item 7A. Quantitative and Qualitative Disclosures About Market Risk.
[1,VISIBLE_BLOCK,680] quotation=False We are exposed to market risk primarily from changes in interest rates and currency exchange rates. We manage our exposure to these risks by monitoring available financing alternatives, through the development and application of credit granting policies, and by entering into derivative arrangements. We do not foresee any significant changes in either our exposure to fluctuations in interest rates or currency rates or how we manage such exposure in the future.
[1,VISIBLE_BLOCK,681] quotation=False We use derivative instruments, including cash flow hedges, fair value hedges, net investment in non-U.S. operations hedges, and other derivative instruments, as part of our overall strategy to manage our exposure to market risks associated with fluctuations in interest rates and currency exchange rates. We continue to have exposure to such risks to the extent they are not hedged. See Note 2 for more information on derivative instruments. We use forward contracts not designated as hedging instruments to manage currency exchange rate risk associated with certain cash and intercompany loan balances. We intend to offset the gains and losses related to these forward contracts with the gains and losses related to the remeasurement of our cash and intercompany loan balances, such that there is a negligible effect on earnings. We do not consider the fair value or earnings impact of these forward contracts to be material to our consolidated financial statements.
[1,VISIBLE_BLOCK,682] quotation=False We are exposed to interest rate risk on our floating-rate notes receivable and floating-rate debt, including the effect of interest rate swaps. Changes in interest rates also impact the fair value of our fixed-rate notes receivable and the fair value of our fixed-rate long-term debt.
[1,VISIBLE_BLOCK,683] quotation=False The following table sets forth the scheduled maturities and the total fair value as of year-end 2025 for our financial instruments that are impacted by interest rate risk:
[1,VISIBLE_BLOCK,684] quotation=False Maturities by Period
[1,VISIBLE_BLOCK,685] quotation=False ($ in millions)
[1,VISIBLE_BLOCK,686] quotation=False 20262027202820292030There-
[1,VISIBLE_BLOCK,687] quotation=False after
[1,VISIBLE_BLOCK,688] quotation=False Total Carrying Amount
[1,VISIBLE_BLOCK,689] quotation=False Total Fair Value
[1,VISIBLE_BLOCK,690] quotation=False Assets - Maturities represent expected principal receipts. Fair values represent assets.
[1,VISIBLE_BLOCK,691] quotation=False Fixed-rate notes receivable$4 $8 $2 $3 $— $18 $35 $32
[1,VISIBLE_BLOCK,692] quotation=False Average interest rate3.90 %
[1,VISIBLE_BLOCK,693] quotation=False Floating-rate notes receivable$7 $93 $18 $3 $3 $2 $126 $128
[1,VISIBLE_BLOCK,694] quotation=False Average interest rate8.57 %
[1,VISIBLE_BLOCK,695] quotation=False Liabilities - Maturities represent expected principal payments. Fair values represent liabilities.
[1,VISIBLE_BLOCK,696] quotation=False Fixed-rate debt$(1,198)$(1,392)$(1,441)$(1,283)$(1,488)$(6,924)$(13,726)$(13,828)
[1,VISIBLE_BLOCK,697] quotation=False Average interest rate4.49 %
[1,VISIBLE_BLOCK,698] quotation=False Floating-rate debt$— $(1,177)$— $— $— $(1,181)$(2,358)$(2,404)
[1,VISIBLE_BLOCK,699] quotation=False Average interest rate4.76 %
[1,VISIBLE_BLOCK,700] quotation=False 29
[1,VISIBLE_BLOCK,701] quotation=False Table of Contents
[1,VISIBLE_BLOCK,702] quotation=False Item 8. Financial Statements.
[1,VISIBLE_BLOCK,703] quotation=False The following financial information is included on the pages indicated:
[1,VISIBLE_BLOCK,704] quotation=False Page
[1,VISIBLE_BLOCK,705] quotation=False Management’s Report on Internal Control Over Financial Reporting
[1,VISIBLE_BLOCK,706] quotation=False 31
[1,VISIBLE_BLOCK,707] quotation=False Report of Independent Registered Public Accounting Firm
[1,VISIBLE_BLOCK,708] quotation=False 32
[1,VISIBLE_BLOCK,709] quotation=False Report of Independent Registered Public Accounting Firm
[1,VISIBLE_BLOCK,710] quotation=False 33
[1,VISIBLE_BLOCK,711] quotation=False Consolidated Statements of Income
[1,VISIBLE_BLOCK,712] quotation=False 35
[1,VISIBLE_BLOCK,713] quotation=False Consolidated Statements of Comprehensive Income
[1,VISIBLE_BLOCK,714] quotation=False 36
[1,VISIBLE_BLOCK,715] quotation=False Consolidated Balance Sheets
[1,VISIBLE_BLOCK,716] quotation=False 37
[1,VISIBLE_BLOCK,717] quotation=False Consolidated Statements of Cash Flows
[1,VISIBLE_BLOCK,718] quotation=False 38
[1,VISIBLE_BLOCK,719] quotation=False Consolidated Statements of Stockholders’ Deficit
[1,VISIBLE_BLOCK,720] quotation=False 39
[1,VISIBLE_BLOCK,721] quotation=False Notes to Consolidated Financial Statements
[1,VISIBLE_BLOCK,722] quotation=False 40
[1,VISIBLE_BLOCK,723] quotation=False Basis of Presentation
[1,VISIBLE_BLOCK,724] quotation=False 40
[1,VISIBLE_BLOCK,725] quotation=False Summary of Significant Accounting Policies
[1,VISIBLE_BLOCK,726] quotation=False 40
[1,VISIBLE_BLOCK,727] quotation=False Acquisition
[1,VISIBLE_BLOCK,728] quotation=False 47
[1,VISIBLE_BLOCK,729] quotation=False Earnings Per Share
[1,VISIBLE_BLOCK,730] quotation=False 48
[1,VISIBLE_BLOCK,731] quotation=False Stock-Based Compensation
[1,VISIBLE_BLOCK,732] quotation=False 48
[1,VISIBLE_BLOCK,733] quotation=False Income Taxes
[1,VISIBLE_BLOCK,734] quotation=False 49
[1,VISIBLE_BLOCK,735] quotation=False Commitments and Contingencies
[1,VISIBLE_BLOCK,736] quotation=False 52
[1,VISIBLE_BLOCK,737] quotation=False Leases
[1,VISIBLE_BLOCK,738] quotation=False 53
[1,VISIBLE_BLOCK,739] quotation=False Long-Term Debt
[1,VISIBLE_BLOCK,740] quotation=False 55
[1,VISIBLE_BLOCK,741] quotation=False Intangible Assets and Goodwill
[1,VISIBLE_BLOCK,742] quotation=False 56
[1,VISIBLE_BLOCK,743] quotation=False Property and Equipment
[1,VISIBLE_BLOCK,744] quotation=False 57
[1,VISIBLE_BLOCK,745] quotation=False Fair Value of Financial Instruments
[1,VISIBLE_BLOCK,746] quotation=False 57
[1,VISIBLE_BLOCK,747] quotation=False Accumulated Other Comprehensive Loss
[1,VISIBLE_BLOCK,748] quotation=False 58
[1,VISIBLE_BLOCK,749] quotation=False Business Segments
[1,VISIBLE_BLOCK,750] quotation=False 58
[1,VISIBLE_BLOCK,751] quotation=False Related Party Transactions
[1,VISIBLE_BLOCK,752] quotation=False 60
[1,VISIBLE_BLOCK,753] quotation=False 30
[1,VISIBLE_BLOCK,754] quotation=False Table of Contents
[1,VISIBLE_BLOCK,755] quotation=False MANAGEMENT’S REPORT ON
[1,VISIBLE_BLOCK,756] quotation=False INTERNAL CONTROL OVER FINANCIAL REPORTING
[1,VISIBLE_BLOCK,757] quotation=False Management of Marriott International, Inc. (the “Company”) is responsible for establishing and maintaining adequate internal control over financial reporting and for assessing the effectiveness of internal control over financial reporting. The Company has designed its internal control over financial reporting to provide reasonable assurance on the reliability of financial reporting and the preparation of the consolidated financial statements in accordance with U.S. generally accepted accounting principles.
[1,VISIBLE_BLOCK,758] quotation=False The Company’s internal control over financial reporting includes those policies and procedures that: (1) pertain to the maintenance of records that, in reasonable detail, accurately and fairly reflect the Company’s transactions and dispositions of the Company’s assets; (2) provide reasonable assurance that transactions are recorded as necessary to permit preparation of the consolidated financial statements in accordance with U.S. generally accepted accounting principles, and that receipts and expenditures of the Company are being made only in accordance with authorizations of the Company’s management and directors; and (3) provide reasonable assurance regarding prevention or timely detection of unauthorized acquisition, use, or disposition of the Company’s assets that could have a material effect on the consolidated financial statements.
[1,VISIBLE_BLOCK,759] quotation=False Because of inherent limitations in internal control over financial reporting, such controls may not prevent or detect misstatements. Also, projections of any evaluation of the effectiveness of internal controls to future periods are subject to the risk that controls may become inadequate because of changes in conditions, or that the degree of compliance with the policies or procedures may deteriorate.
[1,VISIBLE_BLOCK,760] quotation=False In connection with the preparation of the Company’s annual consolidated financial statements, management assessed the effectiveness of the Company’s internal control over financial reporting as of December 31, 2025, based on criteria established in the Internal Control-Integrated Framework issued by the Committee of Sponsoring Organizations of the Treadway Commission (2013 Framework) (the “COSO criteria”).
[1,VISIBLE_BLOCK,761] quotation=False Based on this assessment, management has concluded that, applying the COSO criteria, as of December 31, 2025, the Company’s internal control over financial reporting was effective to provide reasonable assurance of the reliability of financial reporting and the preparation of financial statements for external purposes in accordance with U.S. generally accepted accounting principles.
[1,VISIBLE_BLOCK,762] quotation=False Ernst & Young LLP (PCAOB ID: 42), the independent registered public accounting firm that audited the Company’s consolidated financial statements included in this report, has issued an attestation report on the effectiveness of the Company’s internal control over financial reporting, a copy of which appears on the following page.
[1,VISIBLE_BLOCK,763] quotation=False 31
[1,VISIBLE_BLOCK,764] quotation=False Table of Contents
[1,VISIBLE_BLOCK,765] quotation=False REPORT OF INDEPENDENT REGISTERED PUBLIC ACCOUNTING FIRM
[1,VISIBLE_BLOCK,766] quotation=False To the Stockholders and Board of Directors of Marriott International, Inc.
[1,VISIBLE_BLOCK,767] quotation=False Opinion on Internal Control over Financial Reporting
[1,VISIBLE_BLOCK,768] quotation=False We have audited Marriott International, Inc.’s internal control over financial reporting as of December 31, 2025, based on criteria established in Internal Control-Integrated Framework issued by the Committee of Sponsoring Organizations of the Treadway Commission (2013 framework) (the COSO criteria). In our opinion, Marriott International, Inc. (the Company) maintained, in all material respects, effective internal control over financial reporting as of December 31, 2025, based on the COSO criteria.
[1,VISIBLE_BLOCK,769] quotation=False We also have audited, in accordance with the standards of the Public Company Accounting Oversight Board (United States) (PCAOB), the consolidated balance sheets of the Company as of December 31, 2025 and 2024, the related consolidated statements of income, comprehensive income, stockholders’ deficit and cash flows for each of the three years in the period ended December 31, 2025, and the related notes, and our report dated February 10, 2026 expressed an unqualified opinion thereon.
[1,VISIBLE_BLOCK,770] quotation=False Basis for Opinion
[1,VISIBLE_BLOCK,771] quotation=False The Company’s management is responsible for maintaining effective internal control over financial reporting and for its assessment of the effectiveness of internal control over financial reporting included in the accompanying Management’s Report on Internal Control Over Financial Reporting. Our responsibility is to express an opinion on the Company’s internal control over financial reporting based on our audit. We are a public accounting firm registered with the PCAOB and are required to be independent with respect to the Company in accordance with the U.S. federal securities laws and the applicable rules and regulations of the Securities and Exchange Commission and the PCAOB.
[1,VISIBLE_BLOCK,772] quotation=False We conducted our audit in accordance with the standards of the PCAOB. Those standards require that we plan and perform the audit to obtain reasonable assurance about whether effective internal control over financial reporting was maintained in all material respects.
[1,VISIBLE_BLOCK,773] quotation=False Our audit included obtaining an understanding of internal control over financial reporting, assessing the risk that a material weakness exists, testing and evaluating the design and operating effectiveness of internal control based on the assessed risk, and performing such other procedures as we considered necessary in the circumstances. We believe that our audit provides a reasonable basis for our opinion.
[1,VISIBLE_BLOCK,774] quotation=False Definition and Limitations of Internal Control Over Financial Reporting
[1,VISIBLE_BLOCK,775] quotation=False A company’s internal control over financial reporting is a process designed to provide reasonable assurance regarding the reliability of financial reporting and the preparation of financial statements for external purposes in accordance with generally accepted accounting principles. A company’s internal control over financial reporting includes those policies and procedures that (1) pertain to the maintenance of records that, in reasonable detail, accurately and fairly reflect the transactions and dispositions of the assets of the company; (2) provide reasonable assurance that transactions are recorded as necessary to permit preparation of financial statements in accordance with generally accepted accounting principles, and that receipts and expenditures of the company are being made only in accordance with authorizations of management and directors of the company; and (3) provide reasonable assurance regarding prevention or timely detection of unauthorized acquisition, use, or disposition of the company’s assets that could have a material effect on the financial statements.
[1,VISIBLE_BLOCK,776] quotation=False Because of its inherent limitations, internal control over financial reporting may not prevent or detect misstatements. Also, projections of any evaluation of effectiveness to future periods are subject to the risk that controls may become inadequate because of changes in conditions, or that the degree of compliance with the policies or procedures may deteriorate.
[1,VISIBLE_BLOCK,777] quotation=False /s/ Ernst & Young LLP
[1,VISIBLE_BLOCK,778] quotation=False Tysons, Virginia
[1,VISIBLE_BLOCK,779] quotation=False February 10, 2026
[1,VISIBLE_BLOCK,780] quotation=False 32
[1,VISIBLE_BLOCK,781] quotation=False Table of Contents
[1,VISIBLE_BLOCK,782] quotation=False REPORT OF INDEPENDENT REGISTERED PUBLIC ACCOUNTING FIRM
[1,VISIBLE_BLOCK,783] quotation=False To the Stockholders and Board of Directors of Marriott International, Inc.
[1,VISIBLE_BLOCK,784] quotation=False Opinion on the Financial Statements
[1,VISIBLE_BLOCK,785] quotation=False We have audited the accompanying consolidated balance sheets of Marriott International, Inc. (the Company) as of December 31, 2025 and 2024, the related consolidated statements of income, comprehensive income, stockholders’ deficit and cash flows for each of the three years in the period ended December 31, 2025, and the related notes (collectively referred to as the “consolidated financial statements”). In our opinion, the consolidated financial statements present fairly, in all material respects, the financial position of the Company at December 31, 2025 and 2024, and the results of its operations and its cash flows for each of the three years in the period ended December 31, 2025, in conformity with U.S. generally accepted accounting principles.
[1,VISIBLE_BLOCK,786] quotation=False We also have audited, in accordance with the standards of the Public Company Accounting Oversight Board (United States) (PCAOB), the Company’s internal control over financial reporting as of December 31, 2025, based on criteria established in Internal Control-Integrated Framework issued by the Committee of Sponsoring Organizations of the Treadway Commission (2013 framework) and our report dated February 10, 2026 expressed an unqualified opinion thereon.
[1,VISIBLE_BLOCK,787] quotation=False Basis for Opinion
[1,VISIBLE_BLOCK,788] quotation=False These financial statements are the responsibility of the Company’s management. Our responsibility is to express an opinion on these financial statements based on our audits. We are a public accounting firm registered with the PCAOB and are required to be independent with respect to the Company in accordance with the U.S. federal securities laws and the applicable rules and regulations of the Securities and Exchange Commission and the PCAOB.
[1,VISIBLE_BLOCK,789] quotation=False We conducted our audits in accordance with the standards of the PCAOB. Those standards require that we plan and perform the audit to obtain reasonable assurance about whether the financial statements are free of material misstatement, whether due to error or fraud. Our audits included performing procedures to assess the risks of material misstatement of the financial statements, whether due to error or fraud, and performing procedures that respond to those risks. Such procedures included examining, on a test basis, evidence regarding the amounts and disclosures in the financial statements. Our audits also included evaluating the accounting principles used and significant estimates made by management, as well as evaluating the overall presentation of the financial statements. We believe that our audits provide a reasonable basis for our opinion.
[1,VISIBLE_BLOCK,790] quotation=False Critical Audit Matters
[1,VISIBLE_BLOCK,791] quotation=False The critical audit matters communicated below are matters arising from the current period audit of the financial statements that were communicated or required to be communicated to the audit committee and that: (1) relate to accounts or disclosures that are material to the financial statements and (2) involved our especially challenging, subjective or complex judgments. The communication of critical audit matters does not alter in any way our opinion on the consolidated financial statements, taken as a whole, and we are not, by communicating the critical audit matters below, providing separate opinions on the critical audit matters or on the accounts or disclosures to which they relate.
[1,VISIBLE_BLOCK,792] quotation=False 33
[1,VISIBLE_BLOCK,793] quotation=False Table of Contents
[1,VISIBLE_BLOCK,794] quotation=False Accounting for the Loyalty Program
[1,VISIBLE_BLOCK,795] quotation=False Description of the Matter
[1,VISIBLE_BLOCK,796] quotation=False During 2025, the Company recognized $3,160 million of revenues previously deferred as of December 31, 2024, and had deferred revenue of $7,992 million as of December 31, 2025, associated with the Marriott Bonvoy guest loyalty program (the Loyalty Program). As discussed in Note 2 to the financial statements, the Company recognizes revenue for performance obligations relating to Loyalty Program points and free night certificates as they are redeemed and the related performance obligations are satisfied. Revenue is recognized utilizing complex models based upon the estimated standalone selling price per point and per free night certificate, which includes judgment in making the estimate of breakage of points.
[1,VISIBLE_BLOCK,797] quotation=False Auditing Loyalty Program results is complex due to the complexity and judgment of estimating the standalone selling price per Loyalty Program point, including the estimated breakage of Loyalty Program points which requires the use of specialists.
[1,VISIBLE_BLOCK,798] quotation=False How We Addressed the Matter in Our Audit
[1,VISIBLE_BLOCK,799] quotation=False We obtained an understanding, evaluated the design, and tested the operating effectiveness of controls over the Company’s process of accounting for the Loyalty Program. For example, we tested controls over management’s review of the development of the estimated breakage.
[1,VISIBLE_BLOCK,800] quotation=False To test the recognition of points and free night certificates revenue associated with the Loyalty Program, we performed audit procedures that included, among others, involving our actuarial professionals to assist in our testing procedures with respect to the estimate of the breakage of Loyalty Program points. We evaluated management’s methodology for estimating the breakage of Loyalty Program points, and we tested underlying data and actuarial assumptions used in estimating the breakage.
[1,VISIBLE_BLOCK,801] quotation=False Accounting for General and Administrative Expenses and Reimbursed Expenses
[2,VISIBLE_BLOCK,802] quotation=False Description of the Matter
[2,VISIBLE_BLOCK,803] quotation=False During 2025, the Company recognized $870 million of general and administrative expenses and $19,503 million of reimbursed expenses. As discussed in Note 2 to the financial statements, the Company incurs certain expenses that are for the benefit of, and reimbursable from, hotel owners and certain other counterparties. Such amounts are recorded in the period in which the expense is incurred and include judgment with respect to the allocation of certain costs between general and administrative expenses, which are non-reimbursable, and reimbursed expenses.
[2,VISIBLE_BLOCK,804] quotation=False Auditing the classification of general and administrative expenses and reimbursed expenses is complex due to: (1) judgment associated with testing management’s conclusions regarding the allocation of costs between reimbursable and non-reimbursable expenses and (2) incentives within management’s compensation structure designed to achieve certain financial targets that exclude the impact of reimbursed expenses.
[2,VISIBLE_BLOCK,805] quotation=False How We Addressed the Matter in Our Audit
[2,VISIBLE_BLOCK,806] quotation=False We obtained an understanding, evaluated the design, and tested the operating effectiveness of controls over the Company’s process of accounting for reimbursed expenses, general and administrative expenses, and the process for allocating expenses. For example, we tested management’s controls over the review of the allocation of certain costs to determine if they were reasonably classified.
[2,VISIBLE_BLOCK,807] quotation=False To test the recognition of reimbursed expenses for appropriate classification, we performed audit procedures that included, among others, (1) testing certain manual journal entries made to reimbursed expenses and general and administrative expenses and (2) performing analytical procedures over total reimbursed expenses and general and administrative expenses in order to identify any trends or indicators of material errors in the classification of expenses.
[2,VISIBLE_BLOCK,808] quotation=False /s/ Ernst & Young LLP
[2,VISIBLE_BLOCK,809] quotation=False We have served as the Company’s auditor since 2002.
[2,VISIBLE_BLOCK,810] quotation=False Tysons, Virginia
[2,VISIBLE_BLOCK,811] quotation=False February 10, 2026
[2,VISIBLE_BLOCK,812] quotation=False 34
[2,VISIBLE_BLOCK,813] quotation=False Table of Contents
[2,VISIBLE_BLOCK,814] quotation=False MARRIOTT INTERNATIONAL, INC.
[2,VISIBLE_BLOCK,815] quotation=False CONSOLIDATED STATEMENTS OF INCOME
[2,VISIBLE_BLOCK,816] quotation=False Fiscal Years 2025, 2024, and 2023
[2,VISIBLE_BLOCK,817] quotation=False (in millions, except per share amounts)
[2,VISIBLE_BLOCK,818] quotation=False 202520242023
[2,VISIBLE_BLOCK,819] quotation=False REVENUES
[2,VISIBLE_BLOCK,820] quotation=False Franchise fees$3,325 $3,113 $2,831
[2,VISIBLE_BLOCK,821] quotation=False Base management fees1,322 1,288 1,238
[2,VISIBLE_BLOCK,822] quotation=False Incentive management fees791 769 755
[2,VISIBLE_BLOCK,823] quotation=False Gross fee revenues5,438 5,170 4,824
[2,VISIBLE_BLOCK,824] quotation=False Contract investment amortization(135)(103)(88)
[2,VISIBLE_BLOCK,825] quotation=False Net fee revenues5,303 5,067 4,736
[2,VISIBLE_BLOCK,826] quotation=False Owned, leased, and other revenue1,679 1,551 1,564
[2,VISIBLE_BLOCK,827] quotation=False Cost reimbursement revenue (1)
[2,VISIBLE_BLOCK,828] quotation=False 19,204 18,482 17,413
[2,VISIBLE_BLOCK,829] quotation=False 26,186 25,100 23,713
[2,VISIBLE_BLOCK,830] quotation=False OPERATING COSTS AND EXPENSES
[2,VISIBLE_BLOCK,831] quotation=False Owned, leased, and other expense (2)
[2,VISIBLE_BLOCK,832] quotation=False 1,461 1,329 1,309
[2,VISIBLE_BLOCK,833] quotation=False Depreciation, amortization, and other213 183 189
[2,VISIBLE_BLOCK,834] quotation=False General and administrative (2)
[2,VISIBLE_BLOCK,835] quotation=False 870 945 867
[2,VISIBLE_BLOCK,836] quotation=False Restructuring and merger-related (recoveries) charges, and other
[2,VISIBLE_BLOCK,837] quotation=False (2)77 60
[2,VISIBLE_BLOCK,838] quotation=False Reimbursed expenses (1)
[2,VISIBLE_BLOCK,839] quotation=False 19,503 18,799 17,424
[2,VISIBLE_BLOCK,840] quotation=False 22,045 21,333 19,849
[2,VISIBLE_BLOCK,841] quotation=False OPERATING INCOME4,141 3,767 3,864
[2,VISIBLE_BLOCK,842] quotation=False Gains and other income, net9 31 40
[2,VISIBLE_BLOCK,843] quotation=False Interest expense(809)(695)(565)
[2,VISIBLE_BLOCK,844] quotation=False Interest income42 40 30
[2,VISIBLE_BLOCK,845] quotation=False Equity in earnings (1)
[2,VISIBLE_BLOCK,846] quotation=False 11 8 9
[2,VISIBLE_BLOCK,847] quotation=False INCOME BEFORE INCOME TAXES3,394 3,151 3,378
[2,VISIBLE_BLOCK,848] quotation=False Provision for income taxes
[2,VISIBLE_BLOCK,849] quotation=False (793)(776)(295)
[2,VISIBLE_BLOCK,850] quotation=False NET INCOME$2,601 $2,375 $3,083
[2,VISIBLE_BLOCK,851] quotation=False EARNINGS PER SHARE
[2,VISIBLE_BLOCK,852] quotation=False Earnings per share – basic$9.53 $8.36 $10.23
[2,VISIBLE_BLOCK,853] quotation=False Earnings per share – diluted$9.51 $8.33 $10.18
[2,VISIBLE_BLOCK,854] quotation=False (1)See Note 15 for disclosure of related party amounts.
[2,VISIBLE_BLOCK,855] quotation=False (2)In the 2025 fourth quarter, we reclassified amounts attributable to other expenses previously reported under the “General, administrative, and other” caption to the “Owned, leased, and other expense” caption of our Income Statements. See Note 1 for additional information.
[2,VISIBLE_BLOCK,856] quotation=False See Notes to Consolidated Financial Statements.
[2,VISIBLE_BLOCK,857] quotation=False 35
[2,VISIBLE_BLOCK,858] quotation=False Table of Contents
[2,VISIBLE_BLOCK,859] quotation=False MARRIOTT INTERNATIONAL, INC.
[2,VISIBLE_BLOCK,860] quotation=False CONSOLIDATED STATEMENTS OF COMPREHENSIVE INCOME
[2,VISIBLE_BLOCK,861] quotation=False Fiscal Years 2025, 2024, and 2023
[2,VISIBLE_BLOCK,862] quotation=False (in millions)
[2,VISIBLE_BLOCK,863] quotation=False 202520242023
[2,VISIBLE_BLOCK,864] quotation=False Net income$2,601 $2,375 $3,083
[2,VISIBLE_BLOCK,865] quotation=False Other comprehensive income (loss)
[2,VISIBLE_BLOCK,866] quotation=False Foreign currency translation adjustments442 (437)86
[2,VISIBLE_BLOCK,867] quotation=False Other adjustments, net of tax(21)21 (4)
[2,VISIBLE_BLOCK,868] quotation=False Total other comprehensive income (loss), net of tax
[2,VISIBLE_BLOCK,869] quotation=False 421 (416)82
[2,VISIBLE_BLOCK,870] quotation=False Comprehensive income$3,022 $1,959 $3,165
[2,VISIBLE_BLOCK,871] quotation=False See Notes to Consolidated Financial Statements.
[2,VISIBLE_BLOCK,872] quotation=False 36
[2,VISIBLE_BLOCK,873] quotation=False Table of Contents
[2,VISIBLE_BLOCK,874] quotation=False MARRIOTT INTERNATIONAL, INC.
[2,VISIBLE_BLOCK,875] quotation=False CONSOLIDATED BALANCE SHEETS
[2,VISIBLE_BLOCK,876] quotation=False Fiscal Years Ended 2025 and 2024
[2,VISIBLE_BLOCK,877] quotation=False (in millions)
[2,VISIBLE_BLOCK,878] quotation=False December 31,
[2,VISIBLE_BLOCK,879] quotation=False 2025December 31,
[2,VISIBLE_BLOCK,880] quotation=False 2024
[2,VISIBLE_BLOCK,881] quotation=False ASSETS
[2,VISIBLE_BLOCK,882] quotation=False Current assets
[2,VISIBLE_BLOCK,883] quotation=False Cash and equivalents$358 $396
[2,VISIBLE_BLOCK,884] quotation=False Accounts and notes receivable, net2,909 2,795
[2,VISIBLE_BLOCK,885] quotation=False Prepaid expenses and other317 294
[2,VISIBLE_BLOCK,886] quotation=False 3,584 3,485
[2,VISIBLE_BLOCK,887] quotation=False Property and equipment, net1,954 1,833
[2,VISIBLE_BLOCK,888] quotation=False Intangible assets
[2,VISIBLE_BLOCK,889] quotation=False Brands6,207 5,770
[2,VISIBLE_BLOCK,890] quotation=False Contract acquisition costs and other4,129 3,718
[2,VISIBLE_BLOCK,891] quotation=False Goodwill8,907 8,731
[2,VISIBLE_BLOCK,892] quotation=False 19,243 18,219
[2,VISIBLE_BLOCK,893] quotation=False Equity method investments298 298
[2,VISIBLE_BLOCK,894] quotation=False Notes receivable, net151 136
[2,VISIBLE_BLOCK,895] quotation=False Deferred tax assets570 650
[2,VISIBLE_BLOCK,896] quotation=False Operating lease assets941 845
[2,VISIBLE_BLOCK,897] quotation=False Other noncurrent assets799 716
[2,VISIBLE_BLOCK,898] quotation=False $27,540 $26,182
[2,VISIBLE_BLOCK,899] quotation=False LIABILITIES AND STOCKHOLDERS’ DEFICIT
[2,VISIBLE_BLOCK,900] quotation=False Current liabilities
[2,VISIBLE_BLOCK,901] quotation=False Current portion of long-term debt$1,209 $1,309
[2,VISIBLE_BLOCK,902] quotation=False Accounts payable814 763
[2,VISIBLE_BLOCK,903] quotation=False Accrued payroll and benefits1,438 1,449
[2,VISIBLE_BLOCK,904] quotation=False Liability for guest loyalty program3,497 3,487
[2,VISIBLE_BLOCK,905] quotation=False Accrued expenses and other1,440 1,641
[2,VISIBLE_BLOCK,906] quotation=False 8,398 8,649
[2,VISIBLE_BLOCK,907] quotation=False Long-term debt 14,995 13,138
[2,VISIBLE_BLOCK,908] quotation=False Liability for guest loyalty program4,495 4,032
[2,VISIBLE_BLOCK,909] quotation=False Deferred tax liabilities79 81
[2,VISIBLE_BLOCK,910] quotation=False Deferred revenue1,200 1,103
[2,VISIBLE_BLOCK,911] quotation=False Operating lease liabilities879 794
[2,VISIBLE_BLOCK,912] quotation=False Other noncurrent liabilities1,265 1,377
[2,VISIBLE_BLOCK,913] quotation=False Stockholders’ deficit
[2,VISIBLE_BLOCK,914] quotation=False Class A Common Stock5 5
[2,VISIBLE_BLOCK,915] quotation=False Additional paid-in-capital6,352 6,179
[2,VISIBLE_BLOCK,916] quotation=False Retained earnings18,414 16,531
[2,VISIBLE_BLOCK,917] quotation=False Treasury stock, at cost(27,900)(24,644)
[2,VISIBLE_BLOCK,918] quotation=False Accumulated other comprehensive loss(642)(1,063)
[2,VISIBLE_BLOCK,919] quotation=False (3,771)(2,992)
[2,VISIBLE_BLOCK,920] quotation=False $27,540 $26,182
[2,VISIBLE_BLOCK,921] quotation=False See Notes to Consolidated Financial Statements.
[2,VISIBLE_BLOCK,922] quotation=False 37
[2,VISIBLE_BLOCK,923] quotation=False Table of Contents
[2,VISIBLE_BLOCK,924] quotation=False MARRIOTT INTERNATIONAL, INC.
[2,VISIBLE_BLOCK,925] quotation=False CONSOLIDATED STATEMENTS OF CASH FLOWS
[2,VISIBLE_BLOCK,926] quotation=False Fiscal Years 2025, 2024, and 2023
[2,VISIBLE_BLOCK,927] quotation=False (in millions)
[2,VISIBLE_BLOCK,928] quotation=False 202520242023
[2,VISIBLE_BLOCK,929] quotation=False OPERATING ACTIVITIES
[2,VISIBLE_BLOCK,930] quotation=False Net income$2,601 $2,375 $3,083
[2,VISIBLE_BLOCK,931] quotation=False Adjustments to reconcile to cash provided by operating activities:
[2,VISIBLE_BLOCK,932] quotation=False Depreciation, amortization, and other (including depreciation and amortization classified in reimbursed expenses) (2)
[2,VISIBLE_BLOCK,933] quotation=False 599 492 436
[2,VISIBLE_BLOCK,934] quotation=False Stock-based compensation236 237 205
[2,VISIBLE_BLOCK,935] quotation=False Income taxes(277)(172)(612)
[2,VISIBLE_BLOCK,936] quotation=False Liability for guest loyalty program473 514 301
[2,VISIBLE_BLOCK,937] quotation=False Contract acquisition costs(434)(341)(221)
[2,VISIBLE_BLOCK,938] quotation=False Restructuring and merger-related (recoveries) charges, and other(15)(278)47
[2,VISIBLE_BLOCK,939] quotation=False Working capital changes (147)(82)69
[2,VISIBLE_BLOCK,940] quotation=False Other
[2,VISIBLE_BLOCK,941] quotation=False 176 4 (138)
[2,VISIBLE_BLOCK,942] quotation=False Net cash provided by operating activities3,212 2,749 3,170
[2,VISIBLE_BLOCK,943] quotation=False INVESTING ACTIVITIES
[2,VISIBLE_BLOCK,944] quotation=False Capital and technology expenditures
[2,VISIBLE_BLOCK,945] quotation=False (604)(750)(452)
[2,VISIBLE_BLOCK,946] quotation=False Asset acquisitions
[2,VISIBLE_BLOCK,947] quotation=False (350)(26)(101)
[2,VISIBLE_BLOCK,948] quotation=False Dispositions9 16 71
[2,VISIBLE_BLOCK,949] quotation=False Loan advances(35)(10)(77)
[2,VISIBLE_BLOCK,950] quotation=False Loan collections22 36 61
[2,VISIBLE_BLOCK,951] quotation=False Other10 — 33
[2,VISIBLE_BLOCK,952] quotation=False Net cash used in investing activities
[2,VISIBLE_BLOCK,953] quotation=False (948)(734)(465)
[2,VISIBLE_BLOCK,954] quotation=False FINANCING ACTIVITIES
[2,VISIBLE_BLOCK,955] quotation=False Commercial paper/Credit Facility, net(403)163 546
[2,VISIBLE_BLOCK,956] quotation=False Issuance of long-term debt3,436 2,948 1,918
[2,VISIBLE_BLOCK,957] quotation=False Repayment of long-term debt(1,309)(558)(684)
[2,VISIBLE_BLOCK,958] quotation=False Issuance of Class A Common Stock92 73 29
[2,VISIBLE_BLOCK,959] quotation=False Dividends paid(718)(682)(587)
[2,VISIBLE_BLOCK,960] quotation=False Purchase of treasury stock(3,300)(3,762)(3,953)
[2,VISIBLE_BLOCK,961] quotation=False Stock-based compensation withholding taxes (116)(138)(108)
[2,VISIBLE_BLOCK,962] quotation=False Other— — (25)
[2,VISIBLE_BLOCK,963] quotation=False Net cash used in financing activities(2,318)(1,956)(2,864)
[2,VISIBLE_BLOCK,964] quotation=False (DECREASE) INCREASE IN CASH, CASH EQUIVALENTS, AND RESTRICTED CASH(54)59 (159)
[2,VISIBLE_BLOCK,965] quotation=False CASH, CASH EQUIVALENTS, AND RESTRICTED CASH, beginning of period (1)
[2,VISIBLE_BLOCK,966] quotation=False 425 366 525
[2,VISIBLE_BLOCK,967] quotation=False CASH, CASH EQUIVALENTS, AND RESTRICTED CASH, end of period (1)
[2,VISIBLE_BLOCK,968] quotation=False $371 $425 $366
[2,VISIBLE_BLOCK,969] quotation=False (1)The 2025 amounts include beginning restricted cash of $29 million at December 31, 2024 and ending restricted cash of $13 million at December 31, 2025, which we present in the “Prepaid expenses and other” and “Other noncurrent assets” captions of our Balance Sheets.
[2,VISIBLE_BLOCK,970] quotation=False (2)The 2023 amounts reflect the reclassification of $159 million of depreciation and amortization classified in reimbursed expenses from the “Other” caption within operating activities to the “Depreciation, amortization, and other” caption of our Statements of Cash Flows to conform to our current presentation.
[2,VISIBLE_BLOCK,971] quotation=False See Notes to Consolidated Financial Statements.
[2,VISIBLE_BLOCK,972] quotation=False 38
[2,VISIBLE_BLOCK,973] quotation=False Table of Contents
[2,VISIBLE_BLOCK,974] quotation=False MARRIOTT INTERNATIONAL, INC.
[2,VISIBLE_BLOCK,975] quotation=False CONSOLIDATED STATEMENTS OF STOCKHOLDERS’ DEFICIT
[2,VISIBLE_BLOCK,976] quotation=False Fiscal Years 2025, 2024, and 2023
[2,VISIBLE_BLOCK,977] quotation=False (in millions, except per share amounts)
[2,VISIBLE_BLOCK,978] quotation=False Common Shares Outstanding
[2,VISIBLE_BLOCK,979] quotation=False Total
[2,VISIBLE_BLOCK,980] quotation=False Class A Common Stock
[2,VISIBLE_BLOCK,981] quotation=False Additional Paid-in-Capital
[2,VISIBLE_BLOCK,982] quotation=False Retained Earnings
[2,VISIBLE_BLOCK,983] quotation=False Treasury Stock, at Cost
[2,VISIBLE_BLOCK,984] quotation=False Accumulated Other Comprehensive Loss
[2,VISIBLE_BLOCK,985] quotation=False 310.6 Balance at December 31, 2022$568 $5 $5,965 $12,342 $(17,015)$(729)
[2,VISIBLE_BLOCK,986] quotation=False — Net income3,083 — — 3,083 — —
[2,VISIBLE_BLOCK,987] quotation=False — Other comprehensive income82 — — — — 82
[2,VISIBLE_BLOCK,988] quotation=False —
[2,VISIBLE_BLOCK,989] quotation=False Dividends ($1.96 per share)
[2,VISIBLE_BLOCK,990] quotation=False (587)— — (587)— —
[2,VISIBLE_BLOCK,991] quotation=False 1.4 Stock-based compensation plans126 — 86 — 40 —
[2,VISIBLE_BLOCK,992] quotation=False (21.5)Purchase of treasury stock(3,954)— — — (3,954)—
[2,VISIBLE_BLOCK,993] quotation=False 290.5 Balance at December 31, 2023(682)5 6,051 14,838 (20,929)(647)
[2,VISIBLE_BLOCK,994] quotation=False — Net income2,375 — — 2,375 — —
[2,VISIBLE_BLOCK,995] quotation=False — Other comprehensive loss(416)— — — — (416)
[2,VISIBLE_BLOCK,996] quotation=False —
[2,VISIBLE_BLOCK,997] quotation=False Dividends ($2.41 per share)
[2,VISIBLE_BLOCK,998] quotation=False (682)— — (682)— —
[2,VISIBLE_BLOCK,999] quotation=False 1.6 Stock-based compensation plans174 — 128 — 46 —
[2,VISIBLE_BLOCK,1000] quotation=False (15.4)Purchase of treasury stock(3,761)— — — (3,761)—
[2,VISIBLE_BLOCK,1001] quotation=False 276.7 Balance at December 31, 2024(2,992)5 6,179 16,531 (24,644)(1,063)
[2,VISIBLE_BLOCK,1002] quotation=False — Net income2,601 — — 2,601 — —
[2,VISIBLE_BLOCK,1003] quotation=False — Other comprehensive income421 — — — — 421
[2,VISIBLE_BLOCK,1004] quotation=False —
[2,VISIBLE_BLOCK,1005] quotation=False Dividends ($2.64 per share)
[2,VISIBLE_BLOCK,1006] quotation=False (718)— — (718)— —
[2,VISIBLE_BLOCK,1007] quotation=False 1.3 Stock-based compensation plans211 — 173 — 38 —
[2,VISIBLE_BLOCK,1008] quotation=False (12.1)Purchase of treasury stock(3,294)— — — (3,294)—
[2,VISIBLE_BLOCK,1009] quotation=False 265.9
[2,VISIBLE_BLOCK,1010] quotation=False (1)
[2,VISIBLE_BLOCK,1011] quotation=False Balance at December 31, 2025$(3,771)$5 $6,352 $18,414 $(27,900)$(642)
[2,VISIBLE_BLOCK,1012] quotation=False (1)Our restated certificate of incorporation authorizes 800,000,000 shares of our common stock, with a par value of $0.01 per share and 10,000,000 shares of preferred stock, without par value. At year-end 2025, we had 265,864,771 of these authorized shares of our common stock and no preferred stock outstanding.
[2,VISIBLE_BLOCK,1013] quotation=False See Notes to Consolidated Financial Statements.
[2,VISIBLE_BLOCK,1014] quotation=False 39
[2,VISIBLE_BLOCK,1015] quotation=False Table of Contents
[2,VISIBLE_BLOCK,1016] quotation=False MARRIOTT INTERNATIONAL, INC.
[2,VISIBLE_BLOCK,1017] quotation=False NOTES TO CONSOLIDATED FINANCIAL STATEMENTS
[2,VISIBLE_BLOCK,1018] quotation=False NOTE 1. BASIS OF PRESENTATION
[2,VISIBLE_BLOCK,1019] quotation=False The consolidated financial statements present the results of operations, financial position, and cash flows of Marriott International, Inc. and its consolidated subsidiaries (referred to in this report as “we,” “us,” “Marriott,” or the “Company”). In order to make this report easier to read, we also refer throughout to (1) our Consolidated Financial Statements as our “Financial Statements,” (2) our Consolidated Statements of Income as our “Income Statements,” (3) our Consolidated Balance Sheets as our “Balance Sheets,” (4) our Consolidated Statements of Cash Flows as our “Statements of Cash Flows,” (5) our properties, brands, or markets in the United States and Canada as “U.S. & Canada,” and (6) our properties, brands, or markets in our Europe, Middle East & Africa, Greater China, Asia Pacific excluding China, and Caribbean & Latin America regions, as “International.” References throughout to numbered “Notes” refer to these Notes to Consolidated Financial Statements, unless otherwise stated. In addition, we use the term “hotel owners” throughout this report to refer, collectively, to owners of hotels and other lodging offerings operating in our system pursuant to franchise agreements, management agreements, license agreements or similar arrangements, and we use the term “hotels in our system” to refer to hotels and other lodging offerings operating in our system pursuant to such arrangements, as well as hotels that we own or lease. The terms “hotel owners” and “hotels in our system” exclude Homes & Villas by Marriott BonvoySM (which we also exclude from our property and room count), timeshare, residential, and The Ritz-Carlton Yacht Collection®.
[2,VISIBLE_BLOCK,1020] quotation=False Preparation of financial statements that conform with U.S. generally accepted accounting principles (“GAAP”) requires management to make estimates and assumptions that affect the reported amounts of assets and liabilities as of the date of the financial statements, the reported amounts of revenues and expenses during the reporting periods, and the disclosures of contingent liabilities. Accordingly, ultimate results could differ from those estimates.
[2,VISIBLE_BLOCK,1021] quotation=False The accompanying Financial Statements reflect all normal and recurring adjustments necessary to present fairly our financial position at fiscal year-end 2025 and fiscal year-end 2024 and the results of our operations and cash flows for fiscal years 2025, 2024, and 2023. We have eliminated all material intercompany transactions and balances between entities consolidated in these Financial Statements. In addition, in the 2025 fourth quarter, to enhance understanding of the Company’s general and administrative costs, we reclassified amounts attributable to other expenses previously reported under the “General, administrative, and other” caption to the “Owned, leased, and other expense” caption of our Income Statements. The expenses that were reclassified from “General, administrative, and other” are certain costs associated with our property-related fee revenues, such as guarantee expense, provision for credit losses, and certain brand-related or property-related expenses, as well as costs associated with certain third-party agreements. We reclassified prior period amounts, which totaled $129 million in 2024 and $144 million in 2023, to conform to our current presentation.
[2,VISIBLE_BLOCK,1022] quotation=False NOTE 2. SUMMARY OF SIGNIFICANT ACCOUNTING POLICIES
[2,VISIBLE_BLOCK,1023] quotation=False Revenue Recognition
[2,VISIBLE_BLOCK,1024] quotation=False Franchise Fee and Royalty Fee Revenue: For our franchised properties, we have a performance obligation to provide franchisees a license to our intellectual property for use of certain of our brand names. As compensation for such services, we are typically entitled to initial application fees and ongoing royalty fees. Our ongoing royalty fees represent variable consideration, as the transaction price is based on a percentage of certain revenues of the properties, as defined in each contract. We recognize royalty fees on a monthly basis over the term of the agreement as those amounts become payable. Initial application and relicensing fees are fixed consideration payable upon submission of a franchise application or renewal and are recognized on a straight-line basis over the initial or renewal term of the franchise agreements.
[2,VISIBLE_BLOCK,1025] quotation=False Base Management and Incentive Management Fees: For our managed properties, we have performance obligations to provide hotel management services and a license to our intellectual property for the use of our brand names. As compensation for such services, we are generally entitled to receive base management fees, which are a percentage of the revenues of properties, and incentive management fees, which are generally based on a measure of hotel profitability. Both the base management and incentive management fees are variable consideration, as the transaction price is based on a percentage of revenue or profit, as defined in each contract. We recognize base management fees on a monthly basis over the term of the agreement as those amounts become payable. We recognize incentive management fees on a monthly basis over the term of the agreement based on each property’s financial results, as long as we do not expect a significant reversal due to projected future hotel performance or cash flows in future periods.
[2,VISIBLE_BLOCK,1026] quotation=False Owned and Leased Hotel Revenue: At our owned and leased hotels, we have performance obligations to provide accommodations and other ancillary services to hotel guests. As compensation for such goods and services, we are typically entitled to a fixed nightly fee for an agreed upon period and additional fixed fees for any ancillary services purchased. These
[2,VISIBLE_BLOCK,1027] quotation=False 40
[2,VISIBLE_BLOCK,1028] quotation=False Table of Contents
[2,VISIBLE_BLOCK,1029] quotation=False fees are generally payable at the time the hotel guest checks out of the hotel. We generally satisfy the performance obligations over time, and we recognize the revenue from room sales and from other ancillary guest services on a daily basis, as the rooms are occupied and we have rendered the services.
[2,VISIBLE_BLOCK,1030] quotation=False Cost Reimbursements: Under our agreements with hotel owners and certain other counterparties, we are entitled to be reimbursed for certain costs we incur on behalf of their properties, with no added mark-up. These costs primarily consist of payroll and related expenses at managed properties where we are the employer of the employees at the properties and include certain operational and administrative costs as provided for in our contracts with the hotel owners. We are entitled to reimbursement in the period we incur the related reimbursable costs, which we recognize within the “Cost reimbursement revenue” caption of our Income Statements.
[2,VISIBLE_BLOCK,1031] quotation=False Hotel owners and certain other counterparties participate in certain centralized programs and services, such as marketing, sales, reservations, and insurance programs, which we operate for their benefit. We do not operate these programs and services to generate a profit over the long term, and accordingly, when we recover the costs that we incur for these programs and services from our hotel owners and other counterparties, we do not seek a mark-up. The amounts we charge for these programs and services are generally a combination of fixed fees and variable fees based on sales or other metrics and are payable on a monthly basis. We generally recognize revenue within the “Cost reimbursement revenue” caption of our Income Statements when the amounts may be billed to hotel owners and other counterparties. Amounts we charge for system implementations are generally recognized on a straight-line basis over the term of the franchise or management agreement. We recognize expenses within the “Reimbursed expenses” caption as they are incurred. This pattern of recognition results in timing differences between the costs incurred for centralized programs and services and the related reimbursement in our operating and net income. Over the long term, these programs and services are not designed to impact our economics, either positively or negatively.
[2,VISIBLE_BLOCK,1032] quotation=False Other Revenue: Includes Global Design fees (described below), termination fees, and other property and brand revenues, which we present within the “Owned, leased, and other revenue” caption of our Income Statements. We generally recognize termination fees when collection is probable and other revenue as services are rendered. Amounts received in advance are deferred as liabilities.
[2,VISIBLE_BLOCK,1033] quotation=False We provide certain hotel design and construction review (“Global Design”) services to hotel owners, generally during the period prior to a hotel’s opening or during the period a hotel is converting to a Marriott brand (the “pre-opening period”). As compensation for such services, we may be entitled to receive a fixed fee that is payable during the pre-opening period of the hotel. These services are not a distinct performance obligation, and therefore we recognize the fees on a straight-line basis over the initial term of the franchise, management, or license agreement.
[2,VISIBLE_BLOCK,1034] quotation=False Practical Expedients and Exemptions: We do not disclose the amount of variable consideration that we expect to recognize in future periods in the following circumstances:
[2,VISIBLE_BLOCK,1035] quotation=False (1) if we recognize the revenue based on the amount invoiced or services performed;
[2,VISIBLE_BLOCK,1036] quotation=False (2) for sales-based or usage-based royalty promised in exchange for a license of intellectual property; or
[2,VISIBLE_BLOCK,1037] quotation=False (3) if the consideration is allocated entirely to a wholly unsatisfied promise to transfer a distinct service that forms part of a single performance obligation, and the terms of the consideration relate specifically to our efforts to transfer, or to a specific outcome from transferring the service.
[2,VISIBLE_BLOCK,1038] quotation=False We are required to collect certain taxes and fees from customers on behalf of governmental agencies and remit these to the applicable governmental agencies on a periodic basis. We do not include these taxes in determining the transaction price.
[2,VISIBLE_BLOCK,1039] quotation=False Loyalty Program: Loyalty Program members earn points based on the money they spend at participating properties; the exchange of timeshare ownership interests; purchases of timeshare interval, fractional ownership, and residential products; and through participation in travel experiences and affiliated partners’ programs, such as those offered by credit card, car rental, airline, and other companies. Members can redeem points for stays at participating properties, airline tickets, airline frequent flyer program miles, rental cars, merchandise, and a variety of other awards. Points cannot be redeemed for cash.
[2,VISIBLE_BLOCK,1040] quotation=False Under our Loyalty Program, we have a performance obligation to provide or arrange for the provision of goods or services to Loyalty Program members in exchange for the redemption of points earned from past activities. We operate our Loyalty Program as a cross-brand marketing program to participating properties. Our agreements with hotel owners and certain other counterparties require that properties reimburse us for costs of operating the Loyalty Program, with no added mark-up, including costs related to the following activities, which we expense as incurred in our “Reimbursed expenses” caption of our Income Statements: marketing, promotion, and communications and services provided to Loyalty Program members. We generally receive monthly cash contributions from participating properties based on a portion of qualified spend by Loyalty Program members (when the points are earned). We recognize these contributions into revenue as we provide the related
[2,VISIBLE_BLOCK,1041] quotation=False 41
[2,VISIBLE_BLOCK,1042] quotation=False Table of Contents
[2,VISIBLE_BLOCK,1043] quotation=False service (when the points are redeemed). The amount of revenue we recognize upon point redemption is based on a blend of historical funding rates and is impacted by our estimate of the “breakage” for points that members will never redeem. Breakage is estimated based on historical member activity and expectations of future member behavior. We recognize revenue net of the redemption cost within our “Cost reimbursement revenue” caption on our Income Statements, as our performance obligation is to facilitate the transaction between the Loyalty Program member and the property or program partner. Our redemption cost could be higher or lower than our revenue recognized in any given period.
[2,VISIBLE_BLOCK,1044] quotation=False We have multi-year agreements for our co-branded credit cards associated with our Loyalty Program. Under these agreements, we have performance obligations to provide a license to the intellectual property associated with our brands and marketing lists (“Licensed IP”) to the financial institutions that issue the credit cards, to arrange for the redemption of Loyalty Program points as discussed in the preceding paragraph, and to arrange for the redemption of free night certificates and gift cards provided to cardholders. We receive fees from these agreements, including fixed amounts that are primarily payable at contract inception, and variable amounts that are paid to us monthly over the term of the agreements, generally based on: (1) the volume of cardholder spend; (2) the number of Loyalty Program points purchased; (3) the number of free night certificates issued or redeemed; and (4) the number of gift cards issued. We allocate those fees among the performance obligations, including the Licensed IP, our Loyalty Program points, free night certificates, and gift cards provided to cardholders based on their estimated standalone selling prices. The estimation of the standalone selling prices requires significant judgments based upon generally accepted valuation methodologies regarding the value of our Licensed IP, the amount of funding we will receive, and the number of Loyalty Program points, free night certificates, and gift cards cardholders will ultimately redeem. We base our estimates of these amounts on our historical experience and expectation of future cardholder behavior. We recognize the portion of the Licensed IP revenue that meets the sales-based royalty criteria as the credit cards are used and the remaining portion of the Licensed IP revenue on a straight-line basis over the contract term. In our Income Statements, we primarily recognize Licensed IP revenue in the “Franchise fees” caption, and we recognize a portion in the “Cost reimbursement revenue” caption. We recognize the revenue related to the Loyalty Program points as discussed in the preceding paragraph. We recognize the revenue related to the free night certificates and gift cards when the related service is provided. We recognize revenue net of the redemption cost, as our performance obligation is to facilitate the transaction between the Loyalty Program member and the property or program partner.
[2,VISIBLE_BLOCK,1045] quotation=False Contract Balances: We generally receive payments from customers as we satisfy our performance obligations. We record a receivable when we have an unconditional right to receive payment and only the passage of time is required before payment is due. We record deferred revenue when we receive payment, or have the unconditional right to receive payment, in advance of the satisfaction of our performance obligations related to franchise application and relicensing fees, Global Design fees, credit card branding license fees, and our Loyalty Program.
[2,VISIBLE_BLOCK,1046] quotation=False Our current and noncurrent deferred revenue increased by $110 million, to $1,409 million at December 31, 2025, from $1,299 million at December 31, 2024, primarily as a result of revenue deferred in 2025 related to our co-branded credit cards, gift cards, residential branding fees, certain centralized programs and services fees, and franchise application and relicensing fees. The increase was partially offset by $242 million of revenue recognized in 2025 that was deferred as of December 31, 2024.
[2,VISIBLE_BLOCK,1047] quotation=False Our current and noncurrent liability for guest loyalty program increased by $473 million, to $7,992 million at December 31, 2025, from $7,519 million at December 31, 2024, primarily reflecting points earned by members. The increase was partially offset by $3,160 million of revenue recognized in 2025, that was deferred as of December 31, 2024. At each reporting period, we evaluate the estimates used in the recognition of Loyalty Program revenues, including estimates of the breakage of points that members will never redeem and the amount of funding we expect to receive over the life of the agreements with various third parties. In 2025, the updated estimates resulted in a net decrease in revenue, and a corresponding increase in the liability for guest loyalty program of approximately $102 million.
[2,VISIBLE_BLOCK,1048] quotation=False Costs Incurred to Obtain and Fulfill Contracts with Customers
[2,VISIBLE_BLOCK,1049] quotation=False We incur certain costs to obtain and fulfill contracts with customers, which we capitalize and amortize on a straight-line basis over the initial, non-cancellable term of the contract. We classify incremental costs of obtaining a contract with a customer in the “Contract acquisition costs and other” caption of our Balance Sheets, the related amortization in the “Contract investment amortization” caption of our Income Statements, and the cash flow impact in the “Contract acquisition costs” caption of our Statements of Cash Flows. We assess the assets for impairment when events or changes in circumstances indicate that we may not be able to recover the carrying amount. We recognize an impairment loss for the amount by which the carrying amount exceeds the expected net future cash flows. We classify certain direct costs to fulfill a contract with a customer in the “Other noncurrent assets” and “Prepaid expenses and other” captions of our Balance Sheets, and the related amortization in the “Owned, leased, and other expense” caption of our Income Statements. We had capitalized costs to fulfill contracts with customers of $439 million at December 31, 2025 and $419 million at December 31, 2024. See Note 10 for information on capitalized costs incurred to obtain contracts with customers.
[2,VISIBLE_BLOCK,1050] quotation=False 42
[2,VISIBLE_BLOCK,1051] quotation=False Table of Contents
[2,VISIBLE_BLOCK,1052] quotation=False Real Estate Sales
[2,VISIBLE_BLOCK,1053] quotation=False We recognize a gain or loss on real estate transactions when control of the asset transfers to the buyer, generally at the time the sale closes. In sales transactions where we retain a management contract, the terms and conditions of the management contract are generally comparable to the terms and conditions of the management contracts obtained directly with hotel owners in competitive processes.
[2,VISIBLE_BLOCK,1054] quotation=False Retirement Savings Plan
[2,VISIBLE_BLOCK,1055] quotation=False We contribute to tax-qualified retirement plans for the benefit of U.S. employees who meet certain eligibility requirements and choose to participate in the plans. Participating employees specify the percentage or amount of salary they wish to contribute from their compensation, and the Company typically makes matching or supplemental contributions. We recognized compensation costs from Company contributions of $264 million in 2025, $240 million in 2024, and $215 million in 2023.
[2,VISIBLE_BLOCK,1056] quotation=False Non-U.S. Operations
[2,VISIBLE_BLOCK,1057] quotation=False The U.S. dollar is the functional currency of our consolidated and unconsolidated entities operating in the U.S. The functional currency of our consolidated and unconsolidated entities operating outside of the U.S. is generally the principal currency of the economic environment in which the entity primarily generates and expends cash. We translate the financial statements of consolidated entities whose functional currency is not the U.S. dollar into U.S. dollars, and we do the same, as needed, for unconsolidated entities whose functional currency is not the U.S. dollar. We translate assets and liabilities at the exchange rate in effect as of the financial statement date and translate income statement accounts using the weighted average exchange rate for the period. We include translation adjustments from currency exchange and the effect of exchange rate changes on intercompany transactions of a long-term investment nature as a separate component of stockholders’ deficit. We report gains and losses from currency exchange rate changes for intercompany receivables and payables that are not of a long-term investment nature, as well as for third-party transactions, currently in operating costs and expenses.
[2,VISIBLE_BLOCK,1058] quotation=False Stock-Based Compensation
[2,VISIBLE_BLOCK,1059] quotation=False Our stock-based compensation awards primarily consist of restricted stock units (“RSUs”). We measure compensation costs for our stock-based payment transactions at fair value based on the average of the high and low stock price on the grant date (discounted for the lack of marketability and dividends), and we recognize those costs in our Financial Statements on a straight-line basis over the vesting period during which the employee provides service in exchange for the award.
[2,VISIBLE_BLOCK,1060] quotation=False Advertising Costs
[2,VISIBLE_BLOCK,1061] quotation=False We expense costs to produce advertising as they are incurred and to communicate advertising as the communication occurs and record such amounts in our “Reimbursed expenses” caption of our Income Statements to the extent undertaken on behalf of hotel owners. We recognized advertising costs of $999 million in 2025, $993 million in 2024, and $794 million in 2023.
[2,VISIBLE_BLOCK,1062] quotation=False Income Taxes
[2,VISIBLE_BLOCK,1063] quotation=False We record the amounts of taxes payable or refundable for the current year, as well as deferred tax liabilities and assets for the future tax consequences of events we have recognized in our Financial Statements or tax returns, using judgment in assessing future profitability and the likely future tax consequences of those events. We base our estimates of deferred tax assets and liabilities on current tax laws, rates and interpretations, and, in certain cases, business plans and other expectations about future outcomes. We develop our estimates of future profitability based on our historical data and experience, industry projections, micro and macro general economic condition projections, and our expectations. We account for U.S. tax on Global Intangible Low-Taxed Income in the period incurred.
[2,VISIBLE_BLOCK,1064] quotation=False We generally recognize the effect of tax law changes in the period of enactment. Changes in existing tax laws and rates, their related interpretations, and the uncertainty generated by the current economic environment may affect the amounts of our deferred tax liabilities or the valuations of our deferred tax assets over time. Our accounting for deferred tax consequences represents management’s best estimate of future events that can be appropriately reflected in the accounting estimates.
[2,VISIBLE_BLOCK,1065] quotation=False For tax positions we have taken or expect to take in a tax return, we apply a more likely than not threshold (that is, a likelihood of more than 50 percent), under which we must conclude a tax position is more likely than not to be sustained, assuming that the position will be examined by the appropriate taxing authority that has full knowledge of all relevant information, to recognize the benefit. In determining our provision for income taxes, we use judgment, reflecting our estimates and assumptions, in applying the more likely than not threshold. We recognize accrued interest and penalties for our unrecognized tax benefits as a component of tax expense. See Note 6 for further information.
[2,VISIBLE_BLOCK,1066] quotation=False 43
[2,VISIBLE_BLOCK,1067] quotation=False Table of Contents
[2,VISIBLE_BLOCK,1068] quotation=False Cash and Equivalents
[2,VISIBLE_BLOCK,1069] quotation=False We consider all highly liquid investments with an initial maturity of three months or less at date of purchase to be cash equivalents.
[2,VISIBLE_BLOCK,1070] quotation=False Accounts Receivable
[2,VISIBLE_BLOCK,1071] quotation=False Our accounts receivable primarily consist of amounts due from hotel owners and include reimbursements of costs we incurred on their behalf. We record an allowance for credit losses measured over the contractual life of the instrument based on an assessment of historical collection activity and current and forecasted future economic conditions by region. Our allowance for credit losses was $212 million at December 31, 2025 and $199 million at December 31, 2024.
[2,VISIBLE_BLOCK,1072] quotation=False Assets Held for Sale
[2,VISIBLE_BLOCK,1073] quotation=False We consider properties to be assets held for sale when (1) management commits to a plan to sell the property; (2) it is unlikely that the disposal plan will be significantly modified or discontinued; (3) the property is available for immediate sale in its present condition; (4) actions required to complete the sale of the property have been initiated; (5) sale of the property is probable and we expect the completed sale will occur within one year; and (6) the property is actively being marketed for sale at a price that is reasonable given our estimate of current market value. Upon designation of a property as an asset held for sale, we record the property’s value at the lower of its carrying amount or its estimated fair value, less estimated costs to sell, and we cease depreciation.
[2,VISIBLE_BLOCK,1074] quotation=False Goodwill
[2,VISIBLE_BLOCK,1075] quotation=False We test goodwill for potential impairment at least annually in the fourth quarter, or more frequently if an event or other circumstance indicates that we may not be able to recover the carrying amount of the net assets of the reporting unit. In evaluating goodwill for impairment, we may assess qualitative factors to determine whether it is more likely than not that the fair value of a reporting unit is less than its carrying amount. Factors we consider when making this determination include, but are not limited to, assessing general economic conditions, hospitality industry trends, and overall financial performance of the reporting unit. If we bypass the qualitative assessment, or if we conclude that it is more likely than not that the fair value of a reporting unit is less than its carrying amount, then we perform a quantitative impairment test by comparing the fair value of a reporting unit with its carrying amount.
[2,VISIBLE_BLOCK,1076] quotation=False We calculate the estimated fair value of a reporting unit using a combination of the income and market approaches. For the income approach, we use internally developed discounted cash flow models that include the following assumptions, among others: projections of revenues, expenses, and related cash flows based on assumed long-term growth rates and demand trends; expected future investments to grow new units; and estimated discount rates. For the market approach, we use internal analyses based primarily on market comparables. We base these assumptions on our historical data and experience, third-party appraisals, industry projections, micro and macro general economic condition projections, and our expectations.
[2,VISIBLE_BLOCK,1077] quotation=False We have had no goodwill impairment charges for the last three fiscal years.
[2,VISIBLE_BLOCK,1078] quotation=False Intangibles and Long-Lived Assets
[2,VISIBLE_BLOCK,1079] quotation=False We assess indefinite-lived intangible assets for continued indefinite use and for potential impairment annually, or more frequently if an event or other circumstance indicates that we may not be able to recover the carrying amount of the asset. Like goodwill, we may first assess qualitative factors to determine whether it is more likely than not that the fair value of the indefinite-lived intangible is less than its carrying amount. If the carrying amount of the asset exceeds the fair value, we recognize an impairment loss in the amount of that excess.
[2,VISIBLE_BLOCK,1080] quotation=False We test definite-lived intangibles and long-lived asset groups for recoverability when changes in circumstances indicate that we may not be able to recover the carrying amount; for example, when there are material adverse changes in projected revenues or expenses, significant underperformance relative to historical or projected operating results, or significant negative industry or economic trends. We also test recoverability when management has committed to a plan to sell or otherwise dispose of an asset group and we expect to complete the plan within a year. We evaluate recoverability of an asset group by comparing its carrying amount, including right-of-use assets, to the future net undiscounted cash flows that we expect the asset group will generate. If the comparison indicates that we will not be able to recover the carrying amount of an asset group, we recognize an impairment loss for the amount by which the carrying amount exceeds the estimated fair value. When we recognize an impairment loss for assets to be held and used, we depreciate the adjusted carrying amount of those assets over their remaining useful life.
[2,VISIBLE_BLOCK,1081] quotation=False 44
[2,VISIBLE_BLOCK,1082] quotation=False Table of Contents
[2,VISIBLE_BLOCK,1083] quotation=False We calculate the estimated fair value of an intangible asset or asset group using the income approach or the market approach. We utilize the same assumptions and methodology for the income approach that we describe in the “Goodwill” caption above. For the market approach, we use internal analyses based primarily on market comparables and assumptions about market capitalization rates, growth rates, and inflation.
[2,VISIBLE_BLOCK,1084] quotation=False Investments
[2,VISIBLE_BLOCK,1085] quotation=False We hold equity interests in ventures established to develop or acquire and own hotel properties or that otherwise support our hospitality operations. We account for these investments as either an equity method investment, a financial asset, or a controlled subsidiary. We apply the equity method of accounting if we have significant influence over the entity, typically when we hold 20 percent or more of the voting common stock (or equivalent) of an investee but do not have a controlling financial interest. In certain circumstances, such as investments in limited liability companies or limited partnerships, we apply the equity method of accounting when we own as little as three to five percent. We account for financial assets at fair value if it is readily determinable, at our share of the entity’s net assets if the investment qualifies for the net asset value practical expedient, or using the fair value alternative method, whereby investments are measured at cost less impairment, adjusted for observable price changes. We consolidate entities that we control.
[2,VISIBLE_BLOCK,1086] quotation=False When we acquire an investment that qualifies for the equity method of accounting, we determine the acquisition date fair value of the identifiable assets and liabilities. If our carrying amount exceeds our proportional share in the equity of the investee, we amortize the difference on a straight-line basis over the underlying assets’ estimated useful lives when calculating equity method earnings attributable to us, excluding the difference attributable to land, which we do not amortize.
[2,VISIBLE_BLOCK,1087] quotation=False We evaluate an investment for impairment when circumstances indicate that we may not be able to recover the carrying amount. When evaluating our ventures, we consider loan defaults, significant underperformance relative to historical or projected operating performance, or significant negative industry or economic trends. Additionally, a venture’s commitment to a plan to sell some or all of its assets could cause us to evaluate the recoverability of the venture’s individual long-lived assets and possibly the venture itself. We impair investments we account for using the equity method of accounting when we determine that there has been an “other-than-temporary” decline in the venture’s estimated fair value compared to its carrying amount. We perform qualitative assessments for investments we account for using the fair value alternative method and we record any associated impairment when the fair value is less than the carrying amount.
[2,VISIBLE_BLOCK,1088] quotation=False Under the accounting guidance for the consolidation of variable interest entities, we analyze our variable interests, including equity investments, loans, and guarantees, to determine if an entity in which we have a variable interest is a variable interest entity. Our analysis may include both quantitative and qualitative reviews and is based primarily on our review of the design of the entity, its organizational structure including decision-making ability, and relevant financial agreements. We also use our qualitative analysis to determine if we must consolidate a variable interest entity as its primary beneficiary.
[2,VISIBLE_BLOCK,1089] quotation=False Fair Value Measurements
[2,VISIBLE_BLOCK,1090] quotation=False We have various financial instruments we must measure at fair value on a recurring basis, including certain marketable securities and derivatives. We also apply the provisions of fair value measurement to various nonrecurring measurements for our financial and nonfinancial assets and liabilities. See Note 12 for further information.
[2,VISIBLE_BLOCK,1091] quotation=False Accounting standards define fair value as the price that would be received to sell an asset or paid to transfer a liability in an orderly transaction between market participants at the measurement date (an exit price). We measure our assets and liabilities using inputs from the following three levels of the fair value hierarchy:
[2,VISIBLE_BLOCK,1092] quotation=False Level 1 inputs are unadjusted quoted prices in active markets for identical assets or liabilities that we have the ability to access at the measurement date.
[2,VISIBLE_BLOCK,1093] quotation=False Level 2 inputs include quoted prices for similar assets and liabilities in active markets, quoted prices for identical or similar assets or liabilities in markets that are not active, inputs other than quoted prices that are observable for the asset or liability (e.g., interest rates, yield curves, etc.), and inputs that are derived principally from or corroborated by observable market data by correlation or other means (market corroborated inputs).
[2,VISIBLE_BLOCK,1094] quotation=False Level 3 inputs include unobservable inputs that reflect our assumptions about what factors market participants would use in pricing the asset or liability. We develop these inputs based on the best information available, including our own data.
[2,VISIBLE_BLOCK,1095] quotation=False 45
[2,VISIBLE_BLOCK,1096] quotation=False Table of Contents
[2,VISIBLE_BLOCK,1097] quotation=False Derivative Instruments
[2,VISIBLE_BLOCK,1098] quotation=False We record derivatives at fair value. The designation of a derivative instrument as a hedge and its ability to meet the hedge accounting criteria determine how we reflect the change in fair value of the derivative instrument in our Financial Statements. A derivative qualifies for hedge accounting if, at inception, we expect the derivative will be highly effective in offsetting the underlying hedged cash flows or fair value and we fulfill the hedge documentation standards at the time we enter into the derivative contract. We designate a hedge as a cash flow hedge, a fair value hedge, or a hedge of the net investment in non-U.S. operations based on the exposure we are hedging. For the effective portion of qualifying cash flow hedges, we record changes in fair value in accumulated other comprehensive income (“AOCI”). We release the derivative’s gain or loss from AOCI to match the timing of the underlying hedged items’ effect on earnings. The change in fair value of qualifying fair value hedges as well as changes in fair value of the underlying hedged items to the hedged risks are recorded concurrently in earnings.
[2,VISIBLE_BLOCK,1099] quotation=False We review the effectiveness of our hedging instruments quarterly and discontinue hedge accounting for any hedge that we no longer consider to be highly effective. We recognize changes in fair value for derivatives not designated as hedges or those not qualifying for hedge accounting in current period earnings. Upon termination of cash flow hedges, we release gains and losses from AOCI based on the timing of the underlying cash flows or revenue recognized, unless the termination results from the failure of the intended transaction to occur in the expected time frame. Such untimely transactions require us to immediately recognize in earnings the gains and/or losses that we previously recorded in AOCI.
[2,VISIBLE_BLOCK,1100] quotation=False Changes in interest rates and currency exchange rates expose us to market risk. We manage our exposure to these risks by monitoring available financing alternatives, as well as through development and application of credit granting policies. We also use derivative instruments as part of our overall strategy to manage our exposure to market risks. As a matter of policy, we only enter into transactions that we believe will be highly effective at offsetting the underlying risk, and we do not use derivatives for trading or speculative purposes.
[2,VISIBLE_BLOCK,1101] quotation=False Leases
[2,VISIBLE_BLOCK,1102] quotation=False We determine if an arrangement is a lease or contains a lease at the inception of the contract. We evaluate leases for classification as operating or financing upon lease commencement. Our leases generally contain fixed and variable components. The variable components of our leases are primarily based on operating performance of the leased property. Our lease agreements may also include non-lease components, such as common area maintenance, which we combine with the lease component to account for both as a single lease component.
[2,VISIBLE_BLOCK,1103] quotation=False Lease liabilities, which represent our obligation to make lease payments arising from the lease, and corresponding right-of-use assets, which represent our right to use an underlying asset for the lease term, are recognized at the commencement date of the lease based on the present value of fixed future payments over the lease term. We calculate the present value of future payments using the discount rate implicit in the lease, if available, or our incremental borrowing rate.
[2,VISIBLE_BLOCK,1104] quotation=False For operating leases, lease expense relating to fixed payments is recognized on a straight-line basis over the lease term and lease expense relating to variable payments is expensed as incurred. For finance leases, the amortization of the asset is recognized over the shorter of the lease term or useful life of the underlying asset.
[2,VISIBLE_BLOCK,1105] quotation=False Guarantees
[2,VISIBLE_BLOCK,1106] quotation=False We measure and record our liability for the fair value of a guarantee on a nonrecurring basis, that is when we issue or modify a guarantee. We base our calculation of the estimated fair value of a guarantee on the income approach or the market approach, depending on the type of guarantee. For the income approach, we use internally developed discounted cash flow and Monte Carlo simulation models that include the following assumptions, among others: projections of revenues and expenses and related cash flows based on assumed growth rates and demand trends; historical volatility of projected performance; the guaranteed obligations; and applicable discount rates. We base these assumptions on our historical data and experience, industry projections, micro and macro general economic condition projections, and our expectations. For the market approach, we use internal analyses based primarily on market comparable data and our assumptions about market capitalization rates, credit spreads, growth rates, and inflation.
[2,VISIBLE_BLOCK,1107] quotation=False The offsetting entry for the guarantee liability depends on the circumstances in which the guarantee was issued. Funding under the guarantee reduces the recorded liability. In most cases, when we do not forecast any funding, we amortize the liability into income on a straight-line basis over the remaining term of the guarantee. On a quarterly basis, we evaluate all material estimated liabilities based on the operating results and the terms of the guarantee. If we conclude that it is probable that we will be required to fund a greater amount than previously estimated, we record a loss except to the extent that the applicable contracts provide that the advance can be recovered as a loan.
[2,VISIBLE_BLOCK,1108] quotation=False 46
[2,VISIBLE_BLOCK,1109] quotation=False Table of Contents
[2,VISIBLE_BLOCK,1110] quotation=False Self-Insurance Programs
[2,VISIBLE_BLOCK,1111] quotation=False We self-insure for certain levels of liability, workers’ compensation, and employee benefits-related coverages, with purchased insurance protection for costs over specified thresholds. We accrue estimated costs of these insurance programs at the present value of projected settlements for known claims and incurred but not reported claims. We use a discount rate of 3.50 percent, based upon market rates, which we consider to be reasonable given our history of settled claims, including payment patterns. Our employee benefits-related insurance reserve was $72 million at December 31, 2025 and $74 million at December 31, 2024 and was recorded in the “Accrued payroll and benefits” caption of our Balance Sheets. For our other insurance programs, we classify the current and noncurrent portions of these insurance reserves in the “Accrued expenses and other” and “Other noncurrent liabilities” captions of our Balance Sheets, respectively. The current portion of these reserves was $178 million at December 31, 2025 and $198 million at December 31, 2024. The noncurrent portion of these reserves was $496 million at December 31, 2025 and $422 million at December 31, 2024.
[2,VISIBLE_BLOCK,1112] quotation=False Legal Contingencies
[2,VISIBLE_BLOCK,1113] quotation=False We are subject to various legal proceedings and claims, the outcomes of which are uncertain. We record an accrual for legal contingencies when we determine that it is probable that we have incurred a liability and we can reasonably estimate the amount of the loss. In making such determinations we evaluate, among other things, the probability of an unfavorable outcome and, when we believe it probable that a liability has been incurred, our ability to make a reasonable estimate of the loss. We review these accruals each reporting period and make revisions based on changes in facts and circumstances.
[2,VISIBLE_BLOCK,1114] quotation=False Business Combinations
[2,VISIBLE_BLOCK,1115] quotation=False We allocate the purchase price of an acquisition to the tangible and intangible assets acquired and liabilities assumed based on their estimated fair values at the acquisition date. We recognize as goodwill the amount by which the purchase price of an acquired entity exceeds the net of the fair values assigned to the assets acquired and liabilities assumed. In determining the fair values of assets acquired and liabilities assumed, we use various recognized valuation methods including the income and market approaches. Further, we make assumptions within certain valuation techniques, including discount rates, royalty rates, and the amount and timing of future cash flows. We record the net assets and results of operations of an acquired entity in our Financial Statements from the acquisition date. We initially perform these valuations based upon preliminary estimates and assumptions by management or independent valuation specialists under our supervision, where appropriate, and make revisions as estimates and assumptions are finalized. We expense acquisition-related costs as we incur them.
[2,VISIBLE_BLOCK,1116] quotation=False Asset Acquisitions
[2,VISIBLE_BLOCK,1117] quotation=False Acquisitions that do not meet the definition of a business are accounted for as asset acquisitions. We allocate the cost of the acquisition, including direct and incremental transaction costs, to the individual assets acquired and liabilities assumed on a relative fair value basis. Goodwill is not recognized in an asset acquisition.
[2,VISIBLE_BLOCK,1118] quotation=False New Accounting Standards Adopted
[2,VISIBLE_BLOCK,1119] quotation=False Accounting Standards Update (“ASU”) 2023-09 - “Improvements to Income Tax Disclosures” (Topic 740). ASU 2023-09 requires enhanced income tax disclosures, including additional disaggregated information related to the effective tax rate reconciliation, the underlying nature and category of individual reconciling items, and income taxes paid by jurisdictions. We adopted ASU 2023-09 prospectively in the 2025 fourth quarter for the disclosures presented in Note 6.
[2,VISIBLE_BLOCK,1120] quotation=False New Accounting Standards Not Yet Adopted
[2,VISIBLE_BLOCK,1121] quotation=False ASU 2025-06 - “Targeted Improvements to the Accounting for Internal-Use Software” (Topic 350). ASU 2025-06 eliminates references to software development project stages and revises the criteria that must be met to begin capitalizing internal-use software costs. The standard permits entities to adopt the guidance using a prospective, retrospective, or modified transition approach and becomes effective for us beginning January 1, 2028, with early adoption permitted. We are currently assessing the potential impact that ASU 2025-06 will have on our financial statements and disclosures.
[2,VISIBLE_BLOCK,1122] quotation=False NOTE 3. ACQUISITION
[2,VISIBLE_BLOCK,1123] quotation=False In the 2025 second quarter, we announced that we reached an agreement with citizenM Holding BV and certain of its affiliates (the “seller”) to acquire the citizenM brand and related intellectual property for $355 million, and we completed the acquisition in the 2025 third quarter. In addition, we may pay earn-out payments to the seller up to $110 million, based on the future growth of the brand over a specified, multi-year timeframe. Earn-out payments would not begin until the fourth year following closing of the transaction. In the 2025 fourth quarter, we completed the integration of the citizenM portfolio, which included 37 open select-service hotels (8,789 rooms), into our system and platforms. We accounted for the transaction as an
[2,VISIBLE_BLOCK,1124] quotation=False 47
[2,VISIBLE_BLOCK,1125] quotation=False Table of Contents
[2,VISIBLE_BLOCK,1126] quotation=False asset acquisition and allocated the cost of the acquisition, including direct and incremental transaction costs, on a relative fair value basis, to an indefinite-lived brand asset of approximately $290 million and contract assets, with a weighted-average term of 20 years, totaling $60 million.
[2,VISIBLE_BLOCK,1127] quotation=False NOTE 4. EARNINGS PER SHARE
[2,VISIBLE_BLOCK,1128] quotation=False The table below illustrates the reconciliation of the earnings and number of shares used in our calculations of basic and diluted earnings per share, the latter of which uses the treasury stock method to calculate the dilutive effect of the Company’s potential common stock:
[2,VISIBLE_BLOCK,1129] quotation=False (in millions, except per share amounts)202520242023
[2,VISIBLE_BLOCK,1130] quotation=False Computation of Basic Earnings Per Share
[2,VISIBLE_BLOCK,1131] quotation=False Net income$2,601 $2,375 $3,083
[2,VISIBLE_BLOCK,1132] quotation=False Shares for basic earnings per share272.9 284.2 301.5
[2,VISIBLE_BLOCK,1133] quotation=False Basic earnings per share$9.53 $8.36 $10.23
[2,VISIBLE_BLOCK,1134] quotation=False Computation of Diluted Earnings Per Share
[2,VISIBLE_BLOCK,1135] quotation=False Net income$2,601 $2,375 $3,083
[2,VISIBLE_BLOCK,1136] quotation=False Shares for basic earnings per share272.9 284.2 301.5
[2,VISIBLE_BLOCK,1137] quotation=False Effect of dilutive securities
[2,VISIBLE_BLOCK,1138] quotation=False Stock-based compensation0.7 1.0 1.4
[2,VISIBLE_BLOCK,1139] quotation=False Shares for diluted earnings per share273.6 285.2 302.9
[2,VISIBLE_BLOCK,1140] quotation=False Diluted earnings per share
[2,VISIBLE_BLOCK,1141] quotation=False $9.51 $8.33 $10.18
[2,VISIBLE_BLOCK,1142] quotation=False NOTE 5. STOCK-BASED COMPENSATION
[2,VISIBLE_BLOCK,1143] quotation=False RSUs and PSUs
[2,VISIBLE_BLOCK,1144] quotation=False We granted RSUs in 2025 to certain officers and employees, and those units vest generally over four years in equal annual installments commencing one year after the grant date. We also granted performance-based RSUs (“PSUs”) in 2025 to certain executives, which are earned subject to continued employment and the satisfaction of certain performance and market conditions based on the degree of achievement of pre-established targets for 2027 adjusted EBITDA performance and relative total stockholder return over the 2025 to 2027 performance period.
[2,VISIBLE_BLOCK,1145] quotation=False We had deferred compensation costs for unvested awards for RSUs, including PSUs, of approximately $173 million at year-end 2025. The weighted average remaining term for RSUs outstanding at year-end 2025 was 2.2 years.
[2,VISIBLE_BLOCK,1146] quotation=False The following table provides additional information on RSUs, including PSUs, for the last three fiscal years:
[2,VISIBLE_BLOCK,1147] quotation=False 202520242023
[2,VISIBLE_BLOCK,1148] quotation=False Stock-based compensation expense (in millions)$196 $203 $179
[2,VISIBLE_BLOCK,1149] quotation=False Weighted average grant-date fair value (per unit)$267 $222 $167
[2,VISIBLE_BLOCK,1150] quotation=False Aggregate intrinsic value of distributed RSUs (in millions)$331 $340 $297
[2,VISIBLE_BLOCK,1151] quotation=False The following table presents the changes in our outstanding RSUs, including PSUs, during 2025 and the associated weighted average grant-date fair values:
[2,VISIBLE_BLOCK,1152] quotation=False Number of RSUs (in millions)Weighted Average Grant-Date Fair Value (per unit)
[2,VISIBLE_BLOCK,1153] quotation=False Outstanding at year-end 20242.6 $178
[2,VISIBLE_BLOCK,1154] quotation=False Granted0.8 267
[2,VISIBLE_BLOCK,1155] quotation=False Distributed(1.2)157
[2,VISIBLE_BLOCK,1156] quotation=False Forfeited(0.1)218
[2,VISIBLE_BLOCK,1157] quotation=False Outstanding at year-end 20252.1 $222
[2,VISIBLE_BLOCK,1158] quotation=False Other Information
[2,VISIBLE_BLOCK,1159] quotation=False At year-end 2025, we had approximately 10 million remaining shares authorized for grant under the 2023 Marriott International, Inc. Stock and Cash Incentive Plan.
[2,VISIBLE_BLOCK,1160] quotation=False 48
[2,VISIBLE_BLOCK,1161] quotation=False Table of Contents
[2,VISIBLE_BLOCK,1162] quotation=False NOTE 6. INCOME TAXES
[2,VISIBLE_BLOCK,1163] quotation=False The components of our earnings before income taxes for the last three fiscal years consisted of:
[2,VISIBLE_BLOCK,1164] quotation=False (in millions)202520242023
[2,VISIBLE_BLOCK,1165] quotation=False U.S.$2,021 $1,717 $2,113
[2,VISIBLE_BLOCK,1166] quotation=False Non-U.S.1,373 1,434 1,265
[2,VISIBLE_BLOCK,1167] quotation=False $3,394 $3,151 $3,378
[2,VISIBLE_BLOCK,1168] quotation=False Our (provision) benefit for income taxes for the last three fiscal years consisted of:
[2,VISIBLE_BLOCK,1169] quotation=False (in millions)
[2,VISIBLE_BLOCK,1170] quotation=False 202520242023
[2,VISIBLE_BLOCK,1171] quotation=False Current-U.S. Federal$(409)$(447)$(431)
[2,VISIBLE_BLOCK,1172] quotation=False -U.S. State(70)(124)(158)
[2,VISIBLE_BLOCK,1173] quotation=False -Non-U.S.(252)(282)(249)
[2,VISIBLE_BLOCK,1174] quotation=False (731)(853)(838)
[2,VISIBLE_BLOCK,1175] quotation=False Deferred-U.S. Federal8 125 94
[2,VISIBLE_BLOCK,1176] quotation=False -U.S. State4 19 16
[2,VISIBLE_BLOCK,1177] quotation=False -Non-U.S.(74)(67)433
[2,VISIBLE_BLOCK,1178] quotation=False (62)77 543
[2,VISIBLE_BLOCK,1179] quotation=False $(793)$(776)$(295)
[2,VISIBLE_BLOCK,1180] quotation=False Unrecognized Tax Benefits
[2,VISIBLE_BLOCK,1181] quotation=False The following table reconciles our unrecognized tax benefit balance for each year from the beginning of 2023 to the end of 2025:
[2,VISIBLE_BLOCK,1182] quotation=False (in millions)Amount
[2,VISIBLE_BLOCK,1183] quotation=False Unrecognized tax benefit at beginning of 2023
[2,VISIBLE_BLOCK,1184] quotation=False $255
[2,VISIBLE_BLOCK,1185] quotation=False Change attributable to tax positions taken in prior years(90)
[2,VISIBLE_BLOCK,1186] quotation=False Change attributable to tax positions taken during the current period16
[2,VISIBLE_BLOCK,1187] quotation=False Decrease attributable to settlements with taxing authorities(9)
[2,VISIBLE_BLOCK,1188] quotation=False Unrecognized tax benefit at year-end 2023
[2,VISIBLE_BLOCK,1189] quotation=False 172
[2,VISIBLE_BLOCK,1190] quotation=False Change attributable to tax positions taken in prior years(4)
[2,VISIBLE_BLOCK,1191] quotation=False Change attributable to tax positions taken during the current period17
[2,VISIBLE_BLOCK,1192] quotation=False Decrease attributable to settlements with taxing authorities(2)
[2,VISIBLE_BLOCK,1193] quotation=False Unrecognized tax benefit at year-end 2024
[2,VISIBLE_BLOCK,1194] quotation=False 183
[2,VISIBLE_BLOCK,1195] quotation=False Change attributable to tax positions taken in prior years1
[2,VISIBLE_BLOCK,1196] quotation=False Change attributable to tax positions taken during the current period16
[2,VISIBLE_BLOCK,1197] quotation=False Decrease attributable to lapse of statute of limitations(106)
[2,VISIBLE_BLOCK,1198] quotation=False Unrecognized tax benefit at year-end 2025
[2,VISIBLE_BLOCK,1199] quotation=False $94
[2,VISIBLE_BLOCK,1200] quotation=False Our unrecognized tax benefit balance included $90 million at year-end 2025, $171 million at year-end 2024, and $161 million at year-end 2023 of tax positions that, if recognized, would impact our effective tax rate. We recognize accrued interest and penalties for our unrecognized tax benefits as a component of tax expenses. Related interest (benefit) expense totaled $(41) million in 2025, $14 million in 2024, and $6 million in 2023. We accrued interest and penalties related to our unrecognized tax benefits of approximately $22 million at year-end 2025 and $63 million at year-end 2024.
[2,VISIBLE_BLOCK,1201] quotation=False We file income tax returns, including returns for our subsidiaries, in various jurisdictions around the world. The U.S. Internal Revenue Service has examined our federal income tax returns, and as of year-end 2025, we have settled all issues for tax years through 2022. Our 2023 and 2024 tax year audits are currently ongoing. Various foreign, state, and local income tax returns are also under examination by the applicable taxing authorities.
[2,VISIBLE_BLOCK,1202] quotation=False 49
[2,VISIBLE_BLOCK,1203] quotation=False Table of Contents
[2,VISIBLE_BLOCK,1204] quotation=False Deferred Income Taxes
[2,VISIBLE_BLOCK,1205] quotation=False Deferred income tax balances reflect the effects of temporary differences between the carrying amounts of assets and liabilities and their tax bases, as well as from net operating loss and tax credit carry-forwards. We state those balances at the enacted tax rates we expect will be in effect when we pay or recover the taxes. Deferred income tax assets represent amounts available to reduce income taxes we will pay on taxable income in future years. We evaluate our ability to realize these future tax deductions and credits by assessing whether we expect to have sufficient future taxable income from all sources, including reversal of taxable temporary differences, forecasted operating earnings, and available tax planning strategies to utilize these future deductions and credits. We establish a valuation allowance when we no longer consider it more likely than not that a deferred tax asset will be realized.
[2,VISIBLE_BLOCK,1206] quotation=False The following table presents the tax effect of each type of temporary difference and carry-forward that gave rise to significant portions of our deferred tax assets and liabilities as of year-end 2025 and year-end 2024:
[2,VISIBLE_BLOCK,1207] quotation=False (in millions)At Year-End 2025At Year-End 2024
[2,VISIBLE_BLOCK,1208] quotation=False Deferred Tax Assets
[2,VISIBLE_BLOCK,1209] quotation=False Employee benefits$289 $302
[2,VISIBLE_BLOCK,1210] quotation=False Net operating loss carry-forwards982 1,046
[2,VISIBLE_BLOCK,1211] quotation=False Accrued expenses and other reserves134 153
[2,VISIBLE_BLOCK,1212] quotation=False Tax credits64 62
[2,VISIBLE_BLOCK,1213] quotation=False Loyalty Program343 313
[2,VISIBLE_BLOCK,1214] quotation=False Deferred income114 114
[2,VISIBLE_BLOCK,1215] quotation=False Lease liabilities255 239
[2,VISIBLE_BLOCK,1216] quotation=False Interest limitation106 123
[2,VISIBLE_BLOCK,1217] quotation=False Property and equipment29 15
[2,VISIBLE_BLOCK,1218] quotation=False Other47 36
[2,VISIBLE_BLOCK,1219] quotation=False Deferred tax assets2,363 2,403
[2,VISIBLE_BLOCK,1220] quotation=False Valuation allowance(1,011)(1,070)
[2,VISIBLE_BLOCK,1221] quotation=False Deferred tax assets after valuation allowance1,352 1,333
[2,VISIBLE_BLOCK,1222] quotation=False Deferred Tax Liabilities
[2,VISIBLE_BLOCK,1223] quotation=False Intangibles(584)(477)
[2,VISIBLE_BLOCK,1224] quotation=False Right-of-use assets(245)(223)
[2,VISIBLE_BLOCK,1225] quotation=False Other(32)(64)
[2,VISIBLE_BLOCK,1226] quotation=False Deferred tax liabilities(861)(764)
[2,VISIBLE_BLOCK,1227] quotation=False Net deferred taxes$491 $569
[2,VISIBLE_BLOCK,1228] quotation=False Our valuation allowance is primarily attributable to non-U.S. net operating loss carry-forwards.
[2,VISIBLE_BLOCK,1229] quotation=False At year-end 2025, we had approximately $52 million of tax credits that will expire through 2035 and $12 million of tax credits that do not expire. We recorded $5 million of net operating loss benefits in 2025 and $22 million in 2024. At year-end 2025, we had approximately $4,436 million of primarily state and foreign net operating losses, of which $2,867 million will expire between 2042 and 2045.
[2,VISIBLE_BLOCK,1230] quotation=False We made no provision for U.S. income taxes or additional non-U.S. taxes on certain undistributed earnings of non-U.S. subsidiaries. These earnings could become subject to additional taxes if the non-U.S. subsidiaries dividend or loan those earnings to an affiliate or if we sell our interests in the non-U.S. subsidiaries. We cannot practically estimate the amount of additional taxes that might be payable on the undistributed earnings.
[2,VISIBLE_BLOCK,1231] quotation=False 50
[2,VISIBLE_BLOCK,1232] quotation=False Table of Contents
[2,VISIBLE_BLOCK,1233] quotation=False Reconciliation of U.S. Federal Statutory Income Tax Rate to Actual Income Tax Rate
[2,VISIBLE_BLOCK,1234] quotation=False The following table reconciles the U.S. statutory tax rate to our effective income tax rate for the year ended December 31, 2025, as required by ASU 2023-09 (see “New Accounting Standards Adopted” caption in Note 2 for more information):
[2,VISIBLE_BLOCK,1235] quotation=False 2025
[2,VISIBLE_BLOCK,1236] quotation=False ($ in millions)
[2,VISIBLE_BLOCK,1237] quotation=False AmountPercent
[2,VISIBLE_BLOCK,1238] quotation=False U.S. statutory tax rate$713 21.0 %
[2,VISIBLE_BLOCK,1239] quotation=False Federal
[2,VISIBLE_BLOCK,1240] quotation=False Effect of cross-border tax laws
[2,VISIBLE_BLOCK,1241] quotation=False Foreign Tax Credits(41)(1.2)
[2,VISIBLE_BLOCK,1242] quotation=False Other17 0.5
[2,VISIBLE_BLOCK,1243] quotation=False Other(24)(0.7)
[2,VISIBLE_BLOCK,1244] quotation=False State and local income tax, net of federal tax benefit (1)
[2,VISIBLE_BLOCK,1245] quotation=False 95 2.8
[2,VISIBLE_BLOCK,1246] quotation=False Non-U.S. tax effects
[2,VISIBLE_BLOCK,1247] quotation=False Canada
[2,VISIBLE_BLOCK,1248] quotation=False Effect of cross-border tax laws
[2,VISIBLE_BLOCK,1249] quotation=False 37 1.1
[2,VISIBLE_BLOCK,1250] quotation=False Luxembourg
[2,VISIBLE_BLOCK,1251] quotation=False Changes in valuation allowance
[2,VISIBLE_BLOCK,1252] quotation=False (56)(1.6)
[2,VISIBLE_BLOCK,1253] quotation=False Nontaxable or nondeductible items
[2,VISIBLE_BLOCK,1254] quotation=False 76 2.2
[3,VISIBLE_BLOCK,1255] quotation=False Other Non-U.S. jurisdictions
[3,VISIBLE_BLOCK,1256] quotation=False 105 3.1
[3,VISIBLE_BLOCK,1257] quotation=False Changes in unrecognized tax benefits(129)(3.8)
[3,VISIBLE_BLOCK,1258] quotation=False Effective rate$793 23.4 %
[3,VISIBLE_BLOCK,1259] quotation=False (1) State and local taxes in California, Maryland, and New York make up the majority (greater than 50%) of the tax in this category.
[3,VISIBLE_BLOCK,1260] quotation=False The following table reconciles the U.S. statutory tax rate to our effective income tax rate for the years ended December 31, 2024 and 2023, prior to the adoption of ASU 2023-09:
[3,VISIBLE_BLOCK,1261] quotation=False 20242023
[3,VISIBLE_BLOCK,1262] quotation=False U.S. statutory tax rate21.0 %21.0 %
[3,VISIBLE_BLOCK,1263] quotation=False U.S. state income taxes, net of U.S. federal tax benefit2.4 2.8
[3,VISIBLE_BLOCK,1264] quotation=False Non-U.S. income 1.6 0.3
[3,VISIBLE_BLOCK,1265] quotation=False Change in valuation allowance(0.9)(5.8)
[3,VISIBLE_BLOCK,1266] quotation=False Change in uncertain tax positions0.4 (2.3)
[3,VISIBLE_BLOCK,1267] quotation=False Excess tax benefits related to equity awards(1.0)(0.8)
[3,VISIBLE_BLOCK,1268] quotation=False U.S. tax on foreign earnings1.0 1.1
[3,VISIBLE_BLOCK,1269] quotation=False Intellectual property restructuring
[3,VISIBLE_BLOCK,1270] quotation=False 0.0 (7.9)
[3,VISIBLE_BLOCK,1271] quotation=False Other, net0.1 0.3
[3,VISIBLE_BLOCK,1272] quotation=False Effective rate24.6 %8.7 %
[3,VISIBLE_BLOCK,1273] quotation=False Other Information
[3,VISIBLE_BLOCK,1274] quotation=False The following table presents income taxes paid (net of refunds received) for the year ended December 31, 2025, as required by ASU 2023-09:
[3,VISIBLE_BLOCK,1275] quotation=False (in millions)
[3,VISIBLE_BLOCK,1276] quotation=False 2025
[3,VISIBLE_BLOCK,1277] quotation=False U.S. Federal
[3,VISIBLE_BLOCK,1278] quotation=False $496
[3,VISIBLE_BLOCK,1279] quotation=False U.S. State
[3,VISIBLE_BLOCK,1280] quotation=False 156
[3,VISIBLE_BLOCK,1281] quotation=False Non-U.S.
[3,VISIBLE_BLOCK,1282] quotation=False Switzerland
[3,VISIBLE_BLOCK,1283] quotation=False 126
[3,VISIBLE_BLOCK,1284] quotation=False Other jurisdictions
[3,VISIBLE_BLOCK,1285] quotation=False 292
[3,VISIBLE_BLOCK,1286] quotation=False Total cash paid$1,070
[3,VISIBLE_BLOCK,1287] quotation=False We paid cash for income taxes, net of refunds, of $947 million in 2024 and $907 million in 2023.
[3,VISIBLE_BLOCK,1288] quotation=False 51
[3,VISIBLE_BLOCK,1289] quotation=False Table of Contents
[3,VISIBLE_BLOCK,1290] quotation=False NOTE 7. COMMITMENTS AND CONTINGENCIES
[3,VISIBLE_BLOCK,1291] quotation=False Guarantees
[3,VISIBLE_BLOCK,1292] quotation=False We issue guarantees to certain lenders and hotel owners, chiefly to obtain long-term franchise and management contracts. The guarantees generally have a stated maximum funding amount and a term of three to 10 years. The terms of guarantees to lenders generally require us to fund if cash flows from hotel operations are inadequate to cover annual debt service or to repay the loan at maturity. The terms of the guarantees to hotel owners generally require us to fund if the hotels do not attain specified levels of operating profit. Guarantee fundings to lenders and hotel owners are generally recoverable out of future hotel cash flows and/or proceeds from the sale or refinancing of hotels.
[3,VISIBLE_BLOCK,1293] quotation=False We present the maximum potential amount of our future guarantee fundings and the carrying amount of our liability for our debt service, operating profit, and other guarantees for which we are the primary obligor at year-end 2025 in the following table:
[3,VISIBLE_BLOCK,1294] quotation=False (in millions)
[3,VISIBLE_BLOCK,1295] quotation=False Guarantee Type
[3,VISIBLE_BLOCK,1296] quotation=False Maximum Potential
[3,VISIBLE_BLOCK,1297] quotation=False Amount
[3,VISIBLE_BLOCK,1298] quotation=False of Future FundingsRecorded Liability for
[3,VISIBLE_BLOCK,1299] quotation=False Guarantees
[3,VISIBLE_BLOCK,1300] quotation=False Debt service$62 $6
[3,VISIBLE_BLOCK,1301] quotation=False Operating profit142 85
[3,VISIBLE_BLOCK,1302] quotation=False Other21 5
[3,VISIBLE_BLOCK,1303] quotation=False $225 $96
[3,VISIBLE_BLOCK,1304] quotation=False Our liability at year-end 2025 for guarantees for which we are the primary obligor is reflected in our Balance Sheets as $12 million of “Accrued expenses and other” and $84 million of “Other noncurrent liabilities.”
[3,VISIBLE_BLOCK,1305] quotation=False Our maximum potential guarantees listed in the preceding table include $73 million of operating profit guarantees that will not be in effect until the underlying properties open and we begin to operate the properties or certain other events occur.
[3,VISIBLE_BLOCK,1306] quotation=False In conjunction with financing obtained for specific projects or properties owned by us or entities in which we have an investment, we may provide industry standard indemnifications to the lender for loss, liability, or damage occurring as a result of the actions of the entity or our own actions.
[3,VISIBLE_BLOCK,1307] quotation=False Letters of Credit
[3,VISIBLE_BLOCK,1308] quotation=False At year-end 2025, we had $116 million of letters of credit outstanding (all outside the Credit Facility, as defined in Note 9), most of which were for our self-insurance programs. Surety bonds issued as of year-end 2025 totaled $187 million, most of which state governments requested in connection with our self-insurance programs.
[3,VISIBLE_BLOCK,1309] quotation=False Starwood Data Security Incident
[3,VISIBLE_BLOCK,1310] quotation=False Description of Event
[3,VISIBLE_BLOCK,1311] quotation=False On November 30, 2018, we announced a data security incident involving unauthorized access to the Starwood Hotels & Resorts Worldwide, LLC, formerly known as Starwood Hotels & Resorts Worldwide, Inc. (“Starwood”), reservations database (the “Data Security Incident”). We discontinued use of the Starwood reservations database for business operations at the end of 2018.
[3,VISIBLE_BLOCK,1312] quotation=False Litigation, Claims, and Government Investigations
[3,VISIBLE_BLOCK,1313] quotation=False Following our announcement of the Data Security Incident, approximately 100 lawsuits were filed by consumers and others against us in U.S. federal, U.S. state and Canadian courts related to the incident. The plaintiffs in these cases, who generally purport to represent various classes of consumers, generally claim to have been harmed by alleged actions and/or omissions by the Company in connection with the Data Security Incident and assert a variety of common law and statutory claims seeking monetary damages, injunctive relief, costs and attorneys’ fees, and other related relief. The U.S. cases were consolidated in the U.S. District Court for the District of Maryland (the “District Court”), pursuant to orders of the U.S. Judicial Panel on Multidistrict Litigation (the “MDL”). On June 3, 2025, the U.S. Court of Appeals for the Fourth Circuit reversed the District Court’s certification of a class of consumer plaintiffs, holding that a class-action waiver signed by putative class members was enforceable. Following the Fourth Circuit’s reversal of class certification, some plaintiffs filed lawsuits in New York state court on an individual basis, alleging violations of New York statutory law and seeking monetary damages, attorneys’ fees, and other related relief. We have been engaged in mediation discussions with the consumer plaintiffs in the MDL. We believe it is probable that we will incur losses in relation to the MDL and the state court cases, and as of December
[3,VISIBLE_BLOCK,1314] quotation=False 52
[3,VISIBLE_BLOCK,1315] quotation=False Table of Contents
[3,VISIBLE_BLOCK,1316] quotation=False 31, 2025, we have recorded an accrual for an estimated loss contingency related to these matters, which is not material to our Financial Statements. The Canadian cases have effectively been consolidated into a single case in the province of Ontario. We dispute the allegations in these lawsuits and are vigorously defending against such claims.
[3,VISIBLE_BLOCK,1317] quotation=False In addition, most inquiries and investigations by U.S. federal, U.S. state and foreign governmental authorities have been resolved or no longer appear to be active.
[3,VISIBLE_BLOCK,1318] quotation=False While we believe it is reasonably possible that we may incur losses in excess of the amounts recorded associated with the above-described lawsuits or regulatory investigations related to the Data Security Incident, it is not possible to reasonably estimate the amount of such losses or range of loss in excess of the amounts recorded that might result from adverse judgments, settlements, or other resolution of these proceedings based on: (1) in the case of the above-described lawsuits, the current stage of these proceedings, the absence of specificity as to alleged damages, the uncertainty as to the certification of a class or classes and the size of any certified class, and the lack of resolution of significant factual and legal issues, and (2) uncertainty regarding regulatory inquiries or investigations.
[3,VISIBLE_BLOCK,1319] quotation=False Insurance Recoveries
[3,VISIBLE_BLOCK,1320] quotation=False During 2025, we recorded insurance recoveries for costs incurred related to the Data Security Incident, which are not material to our Financial Statements. We recognize insurance recoveries when they are probable of receipt and present them in our Income Statements in the same caption as the related expense, up to the amount of total expense incurred in prior and current periods. Insurance recoveries related to the Data Security Incident recorded in 2025 are presented in the “Restructuring and merger-related (recoveries) charges, and other” caption of our Income Statements.
[3,VISIBLE_BLOCK,1321] quotation=False Other Legal Proceedings
[3,VISIBLE_BLOCK,1322] quotation=False We have been and are currently party to other legal proceedings involving claims that we infringe the intellectual property rights of others. At this time, we do not expect these proceedings to have a material impact on the Company’s business, financial condition, results of operations, or cash flows.
[3,VISIBLE_BLOCK,1323] quotation=False NOTE 8. LEASES
[3,VISIBLE_BLOCK,1324] quotation=False We enter into operating and finance leases primarily for hotels, offices, and equipment. Most leases have initial terms of up to 20 years, and contain one or more renewals at our option, generally for five- or 10-year periods. We have generally not included these renewal periods in the lease term as it is not reasonably certain that we will exercise the renewal option.
[3,VISIBLE_BLOCK,1325] quotation=False The following table details the composition of lease expense and supplemental cash flow information for 2025, 2024, and 2023:
[3,VISIBLE_BLOCK,1326] quotation=False (in millions)202520242023
[3,VISIBLE_BLOCK,1327] quotation=False Operating lease cost
[3,VISIBLE_BLOCK,1328] quotation=False $139 $143 $155
[3,VISIBLE_BLOCK,1329] quotation=False Variable lease cost122 122 128
[3,VISIBLE_BLOCK,1330] quotation=False Operating cash outflows for operating leases152 154 240
[3,VISIBLE_BLOCK,1331] quotation=False Operating lease assets obtained in exchange for lease obligation
[3,VISIBLE_BLOCK,1332] quotation=False 160 37 25
[3,VISIBLE_BLOCK,1333] quotation=False The following table presents our future minimum lease payments at year-end 2025:
[3,VISIBLE_BLOCK,1334] quotation=False (in millions)Operating LeasesFinance Leases
[3,VISIBLE_BLOCK,1335] quotation=False 2026$144$16
[3,VISIBLE_BLOCK,1336] quotation=False 202712516
[3,VISIBLE_BLOCK,1337] quotation=False 202811817
[3,VISIBLE_BLOCK,1338] quotation=False 202910217
[3,VISIBLE_BLOCK,1339] quotation=False 20309618
[3,VISIBLE_BLOCK,1340] quotation=False Thereafter66860
[3,VISIBLE_BLOCK,1341] quotation=False Total minimum lease payments$1,253$144
[3,VISIBLE_BLOCK,1342] quotation=False Less: Amount representing interest27524
[3,VISIBLE_BLOCK,1343] quotation=False Present value of minimum lease payments$978$120
[3,VISIBLE_BLOCK,1344] quotation=False 53
[3,VISIBLE_BLOCK,1345] quotation=False Table of Contents
[3,VISIBLE_BLOCK,1346] quotation=False The following table presents the composition of our current and noncurrent lease liability at year-end 2025 and 2024:
[3,VISIBLE_BLOCK,1347] quotation=False (in millions)December 31, 2025December 31, 2024
[3,VISIBLE_BLOCK,1348] quotation=False Operating LeasesFinance LeasesOperating LeasesFinance Leases
[3,VISIBLE_BLOCK,1349] quotation=False Current (1)
[3,VISIBLE_BLOCK,1350] quotation=False $99 $11 $104 $9
[3,VISIBLE_BLOCK,1351] quotation=False Noncurrent (2)
[3,VISIBLE_BLOCK,1352] quotation=False 879 109 794 115
[3,VISIBLE_BLOCK,1353] quotation=False $978 $120 $898 $124
[3,VISIBLE_BLOCK,1354] quotation=False (1)Operating leases are recorded in the “Accrued expenses and other” and finance leases are recorded in the “Current portion of long-term debt” captions of our Balance Sheets.
[3,VISIBLE_BLOCK,1355] quotation=False (2)Operating leases are recorded in the “Operating lease liabilities” and finance leases are recorded in the “Long-term debt” captions of our Balance Sheets.
[3,VISIBLE_BLOCK,1356] quotation=False The following table presents additional information about our lease obligations at year-end 2025 and 2024:
[3,VISIBLE_BLOCK,1357] quotation=False 20252024
[3,VISIBLE_BLOCK,1358] quotation=False Operating LeasesFinance LeasesOperating LeasesFinance Leases
[3,VISIBLE_BLOCK,1359] quotation=False Weighted Average Remaining Lease Term (in years)128139
[3,VISIBLE_BLOCK,1360] quotation=False Weighted Average Discount Rate4.5 %4.4 %4.3 %4.4 %
[3,VISIBLE_BLOCK,1361] quotation=False 54
[3,VISIBLE_BLOCK,1362] quotation=False Table of Contents
[3,VISIBLE_BLOCK,1363] quotation=False NOTE 9. LONG-TERM DEBT
[3,VISIBLE_BLOCK,1364] quotation=False We provide detail on our long-term debt balances, net of discounts, premiums, and debt issuance costs, in the following table at year-end 2025 and 2024:
[3,VISIBLE_BLOCK,1365] quotation=False ($ in millions)
[3,VISIBLE_BLOCK,1366] quotation=False Interest RateEffective Interest Rate
[3,VISIBLE_BLOCK,1367] quotation=False Face Amount
[3,VISIBLE_BLOCK,1368] quotation=False Balance as of December 31, 2025Balance as of December 31, 2024
[3,VISIBLE_BLOCK,1369] quotation=False Senior Notes:
[3,VISIBLE_BLOCK,1370] quotation=False Series P Notes, matured October 1, 2025
[3,VISIBLE_BLOCK,1371] quotation=False 3.8 %4.0 %$350 $— $349
[3,VISIBLE_BLOCK,1372] quotation=False Series R Notes, maturing June 15, 2026
[3,VISIBLE_BLOCK,1373] quotation=False 3.1 %3.3 %750 749 749
[3,VISIBLE_BLOCK,1374] quotation=False Series V Notes, matured March 15, 2025
[3,VISIBLE_BLOCK,1375] quotation=False 3.8 %2.8 %318 — 319
[3,VISIBLE_BLOCK,1376] quotation=False Series W Notes, maturing October 1, 2034
[3,VISIBLE_BLOCK,1377] quotation=False 4.5 %4.1 %278 287 287
[3,VISIBLE_BLOCK,1378] quotation=False Series X Notes, maturing April 15, 2028
[3,VISIBLE_BLOCK,1379] quotation=False 4.0 %4.2 %450 448 447
[3,VISIBLE_BLOCK,1380] quotation=False Series AA Notes, maturing December 1, 2028
[3,VISIBLE_BLOCK,1381] quotation=False 4.7 %4.8 %300 299 298
[3,VISIBLE_BLOCK,1382] quotation=False Series EE Notes, matured May 1, 2025
[3,VISIBLE_BLOCK,1383] quotation=False 5.8 %6.0 %600 — 599
[3,VISIBLE_BLOCK,1384] quotation=False Series FF Notes, maturing June 15, 2030
[3,VISIBLE_BLOCK,1385] quotation=False 4.6 %4.8 %1,000 992 991
[3,VISIBLE_BLOCK,1386] quotation=False Series GG Notes, maturing October 15, 2032
[3,VISIBLE_BLOCK,1387] quotation=False 3.5 %3.7 %1,000 990 989
[3,VISIBLE_BLOCK,1388] quotation=False Series HH Notes, maturing April 15, 2031
[3,VISIBLE_BLOCK,1389] quotation=False 2.9 %3.0 %1,100 1,094 1,093
[3,VISIBLE_BLOCK,1390] quotation=False Series II Notes, maturing October 15, 2033
[3,VISIBLE_BLOCK,1391] quotation=False 2.8 %2.8 %700 695 695
[3,VISIBLE_BLOCK,1392] quotation=False Series JJ Notes, maturing October 15, 2027
[3,VISIBLE_BLOCK,1393] quotation=False 5.0 %5.4 %1,000 994 990
[3,VISIBLE_BLOCK,1394] quotation=False Series KK Notes, maturing April 15, 2029
[3,VISIBLE_BLOCK,1395] quotation=False 4.9 %5.3 %800 790 788
[3,VISIBLE_BLOCK,1396] quotation=False Series LL Notes, maturing September 15, 2026
[3,VISIBLE_BLOCK,1397] quotation=False 5.5 %5.9 %450 449 447
[3,VISIBLE_BLOCK,1398] quotation=False Series MM Notes, maturing October 15, 2028
[3,VISIBLE_BLOCK,1399] quotation=False 5.6 %5.9 %700 694 693
[3,VISIBLE_BLOCK,1400] quotation=False Series NN Notes, maturing May 15, 2029
[3,VISIBLE_BLOCK,1401] quotation=False 4.9 %5.3 %500 493 491
[3,VISIBLE_BLOCK,1402] quotation=False Series OO Notes, maturing May 15, 2034
[3,VISIBLE_BLOCK,1403] quotation=False 5.3 %5.6 %1,000 982 980
[3,VISIBLE_BLOCK,1404] quotation=False Series PP Notes, maturing March 15, 2030
[3,VISIBLE_BLOCK,1405] quotation=False 4.8 %5.0 %500 496 495
[3,VISIBLE_BLOCK,1406] quotation=False Series QQ Notes, maturing March 15, 2035
[3,VISIBLE_BLOCK,1407] quotation=False 5.4 %5.5 %1,000 987 986
[3,VISIBLE_BLOCK,1408] quotation=False Series RR Notes, maturing April 15, 2032
[3,VISIBLE_BLOCK,1409] quotation=False 5.1 %5.4 %500 493 —
[3,VISIBLE_BLOCK,1410] quotation=False Series SS Notes, maturing April 15, 2037
[3,VISIBLE_BLOCK,1411] quotation=False 5.5 %5.7 %1,500 1,475 —
[3,VISIBLE_BLOCK,1412] quotation=False Series TT Notes, maturing July 15, 2027
[3,VISIBLE_BLOCK,1413] quotation=False 4.2 %4.5 %400 398 —
[3,VISIBLE_BLOCK,1414] quotation=False Series UU Notes, maturing October 15, 2031
[3,VISIBLE_BLOCK,1415] quotation=False 4.5 %4.9 %500 491 —
[3,VISIBLE_BLOCK,1416] quotation=False Series VV Notes, maturing October 15, 2035
[3,VISIBLE_BLOCK,1417] quotation=False 5.3 %5.5 %600 588 —
[3,VISIBLE_BLOCK,1418] quotation=False Commercial paper1,177 1,582
[3,VISIBLE_BLOCK,1419] quotation=False Credit Facility— —
[3,VISIBLE_BLOCK,1420] quotation=False Finance lease obligations120 124
[3,VISIBLE_BLOCK,1421] quotation=False Other23 55
[3,VISIBLE_BLOCK,1422] quotation=False $16,204 $14,447
[3,VISIBLE_BLOCK,1423] quotation=False Less current portion(1,209)(1,309)
[3,VISIBLE_BLOCK,1424] quotation=False $14,995 $13,138
[3,VISIBLE_BLOCK,1425] quotation=False All our long-term debt is recourse to us but unsecured. All the Senior Notes shown in the table above are our unsecured and unsubordinated obligations, which rank equally with our other Senior Notes and all other unsecured and unsubordinated indebtedness that we have issued or will issue from time to time, and are governed by the terms of an indenture, dated as of November 16, 1998, between us and The Bank of New York Mellon (formerly The Bank of New York), as trustee. We may redeem some or all of each series of the Senior Notes before maturity under the terms provided in the applicable form of Senior Note.
[3,VISIBLE_BLOCK,1426] quotation=False We are party to a $4.5 billion multicurrency revolving credit agreement (as amended, the “Credit Facility”). Available borrowings under the Credit Facility support our commercial paper program and general corporate needs. U.S. dollar borrowings under the Credit Facility bear interest at SOFR (the Secured Overnight Financing Rate) plus a spread based on our public debt rating. We also pay quarterly fees on the Credit Facility at a rate based on our public debt rating. We classify outstanding borrowings under the Credit Facility and outstanding commercial paper borrowings (which generally have short-term maturities of 45 days or less) as long-term based on our ability and intent to refinance the outstanding borrowings on a long-term basis. The Credit Facility expires on December 14, 2027.
[3,VISIBLE_BLOCK,1427] quotation=False In August 2025, we issued $400 million aggregate principal amount of 4.200 percent Series TT Notes due July 15, 2027 (the “Series TT Notes”), $500 million aggregate principal amount of 4.500 percent Series UU Notes due October 15, 2031 (the
[3,VISIBLE_BLOCK,1428] quotation=False 55
[3,VISIBLE_BLOCK,1429] quotation=False Table of Contents
[3,VISIBLE_BLOCK,1430] quotation=False “Series UU Notes”), and $600 million aggregate principal amount of 5.250 percent Series VV Notes due October 15, 2035 (the “Series VV Notes”). We pay interest on the Series TT Notes in January and July of each year. We will pay interest on the Series UU Notes and Series VV Notes in April and October of each year, commencing in April 2026. In connection with the offering, we entered into interest rate swap agreements, which have the economic effect of converting $500 million of the Series VV Notes into floating rate debt with a variable interest rate of SOFR plus approximately 1.44 percent. Net proceeds from the offering of the Series TT Notes, Series UU Notes, and Series VV Notes were approximately $1.477 billion, after deducting the underwriting discount and expenses, and were made available for general corporate purposes, including working capital, capital expenditures, acquisitions, stock repurchases, or repayment of outstanding indebtedness.
[3,VISIBLE_BLOCK,1431] quotation=False In February 2025, we issued $500 million aggregate principal amount of 5.100 percent Series RR Notes due April 15, 2032 (the “Series RR Notes”) and $1.5 billion aggregate principal amount of 5.500 percent Series SS Notes due April 15, 2037 (the “Series SS Notes”). We pay interest on the Series RR Notes and Series SS Notes in April and October of each year. In connection with the offering, we entered into interest rate swap agreements, which have the economic effect of converting $700 million of the Series SS Notes into floating rate debt with a variable interest rate of SOFR plus approximately 1.49 percent. Net proceeds from the offering of the Series RR Notes and Series SS Notes were approximately $1.960 billion, after deducting the underwriting discount and expenses, and were made available for general corporate purposes, including working capital, capital expenditures, acquisitions, stock repurchases, or repayment of outstanding indebtedness.
[3,VISIBLE_BLOCK,1432] quotation=False The following table presents future principal payments, net of discounts, premiums, and debt issuance costs, for our debt at year-end 2025:
[3,VISIBLE_BLOCK,1433] quotation=False (in millions)
[3,VISIBLE_BLOCK,1434] quotation=False Debt Principal Payments
[3,VISIBLE_BLOCK,1435] quotation=False 2026$1,209
[3,VISIBLE_BLOCK,1436] quotation=False 20272,581
[3,VISIBLE_BLOCK,1437] quotation=False 20281,454
[3,VISIBLE_BLOCK,1438] quotation=False 20291,297
[3,VISIBLE_BLOCK,1439] quotation=False 20301,503
[3,VISIBLE_BLOCK,1440] quotation=False Thereafter8,160
[3,VISIBLE_BLOCK,1441] quotation=False Balance at year-end 2025$16,204
[3,VISIBLE_BLOCK,1442] quotation=False We paid cash for interest, net of amounts capitalized, of $698 million in 2025, $599 million in 2024, and $476 million in 2023.
[3,VISIBLE_BLOCK,1443] quotation=False NOTE 10. INTANGIBLE ASSETS AND GOODWILL
[3,VISIBLE_BLOCK,1444] quotation=False The following table details the composition of our intangible assets at year-end 2025 and 2024:
[3,VISIBLE_BLOCK,1445] quotation=False (in millions)At Year-End 2025At Year-End 2024
[3,VISIBLE_BLOCK,1446] quotation=False Definite-lived Intangible Assets
[3,VISIBLE_BLOCK,1447] quotation=False Costs incurred to obtain contracts with customers$2,899 $2,538
[3,VISIBLE_BLOCK,1448] quotation=False Acquired contracts and other
[3,VISIBLE_BLOCK,1449] quotation=False 1,964 1,918
[3,VISIBLE_BLOCK,1450] quotation=False Software
[3,VISIBLE_BLOCK,1451] quotation=False 1,932 792
[3,VISIBLE_BLOCK,1452] quotation=False 6,795 5,248
[3,VISIBLE_BLOCK,1453] quotation=False Accumulated amortization(2,607)(1,471)
[3,VISIBLE_BLOCK,1454] quotation=False 4,188 3,777
[3,VISIBLE_BLOCK,1455] quotation=False Indefinite-lived Intangible Brand Assets6,148 5,711
[3,VISIBLE_BLOCK,1456] quotation=False $10,336 $9,488
[3,VISIBLE_BLOCK,1457] quotation=False We capitalize direct costs that we incur to obtain contracts with customers, which we amortize on a straight-line basis over the initial term of the agreements, generally ranging from 15 to 30 years.
[3,VISIBLE_BLOCK,1458] quotation=False For contracts acquired in business combinations and asset acquisitions, we record a definite-lived intangible asset at the acquisition date, which is amortized on a straight-line basis over the remaining life of the contract. We capitalize costs incurred to develop internal-use software and acquire software licenses and begin amortizing these costs when the software is substantially ready for its intended use on a straight-line basis over its estimated useful life, generally ranging from two to seven years. For acquired contracts, software, and other intangible assets, we recorded amortization expense of $313 million in 2025, $255 million in 2024, and $226 million in 2023 (of which $206 million in 2025, $158 million in 2024, and $122 million in 2023 was included in the “Reimbursed expenses” caption of our Income Statements). For these assets, we estimate that our
[3,VISIBLE_BLOCK,1459] quotation=False 56
[3,VISIBLE_BLOCK,1460] quotation=False Table of Contents
[3,VISIBLE_BLOCK,1461] quotation=False aggregate amortization expense will be $308 million in 2026, $272 million in 2027, $225 million in 2028, $181 million in 2029, and $131 million in 2030.
[3,VISIBLE_BLOCK,1462] quotation=False The following table details the carrying amount of our goodwill at year-end 2025 and 2024:
[3,VISIBLE_BLOCK,1463] quotation=False (in millions)
[3,VISIBLE_BLOCK,1464] quotation=False U.S. & Canada
[3,VISIBLE_BLOCK,1465] quotation=False EMEAGreater ChinaAPECCALATotal Goodwill
[3,VISIBLE_BLOCK,1466] quotation=False Balance at year-end 2024$5,301 $1,417 $979 $731 $303 $8,731
[3,VISIBLE_BLOCK,1467] quotation=False Foreign currency translation18 97 30 17 14 176
[3,VISIBLE_BLOCK,1468] quotation=False Balance at year-end 2025$5,319 $1,514 $1,009 $748 $317 $8,907
[3,VISIBLE_BLOCK,1469] quotation=False NOTE 11. PROPERTY AND EQUIPMENT
[3,VISIBLE_BLOCK,1470] quotation=False The following table presents the composition of our property and equipment balances at year-end 2025 and 2024:
[3,VISIBLE_BLOCK,1471] quotation=False (in millions)At Year-End 2025At Year-End 2024
[3,VISIBLE_BLOCK,1472] quotation=False Land$772 $768
[3,VISIBLE_BLOCK,1473] quotation=False Buildings and leasehold improvements1,337 1,238
[3,VISIBLE_BLOCK,1474] quotation=False Furniture and equipment643 619
[3,VISIBLE_BLOCK,1475] quotation=False Construction in progress149 89
[3,VISIBLE_BLOCK,1476] quotation=False 2,901 2,714
[3,VISIBLE_BLOCK,1477] quotation=False Accumulated depreciation(947)(881)
[3,VISIBLE_BLOCK,1478] quotation=False $1,954 $1,833
[3,VISIBLE_BLOCK,1479] quotation=False We record property and equipment at cost, including interest and real estate taxes we incur during development and construction. We capitalize the cost of improvements that extend the useful life of property and equipment when we incur them. These capitalized costs may include structural costs, equipment, fixtures, floor, and wall coverings. We expense all repair and maintenance costs when we incur them. We compute depreciation using the straight-line method over the estimated useful lives of the assets (generally three to 40 years), and we amortize leasehold improvements over the shorter of the asset life or lease term. Our gross depreciation expense totaled $145 million in 2025, $128 million in 2024, and $122 million in 2023 (of which $39 million in 2025, $42 million in 2024, and $37 million in 2023 was included in the “Reimbursed expenses” caption of our Income Statements). Fixed assets attributed to operations located outside the U.S. were $677 million at year-end 2025 and $554 million at year-end 2024.
[3,VISIBLE_BLOCK,1480] quotation=False NOTE 12. FAIR VALUE OF FINANCIAL INSTRUMENTS
[3,VISIBLE_BLOCK,1481] quotation=False We believe that the fair values of our current assets and current liabilities approximate their reported carrying amounts. We present the carrying amounts and the fair values of noncurrent financial assets and liabilities that qualify as financial instruments in the following table:
[3,VISIBLE_BLOCK,1482] quotation=False At Year-End 2025At Year-End 2024
[3,VISIBLE_BLOCK,1483] quotation=False (in millions)
[3,VISIBLE_BLOCK,1484] quotation=False Carrying Amount
[3,VISIBLE_BLOCK,1485] quotation=False Fair Value
[3,VISIBLE_BLOCK,1486] quotation=False Carrying Amount
[3,VISIBLE_BLOCK,1487] quotation=False Fair Value
[3,VISIBLE_BLOCK,1488] quotation=False Notes receivable
[3,VISIBLE_BLOCK,1489] quotation=False $151 $149 $136 $133
[3,VISIBLE_BLOCK,1490] quotation=False Total noncurrent financial assets$151 $149 $136 $133
[3,VISIBLE_BLOCK,1491] quotation=False Senior Notes$(13,686)$(13,836)$(11,419)$(11,083)
[3,VISIBLE_BLOCK,1492] quotation=False Commercial paper(1,177)(1,177)(1,582)(1,582)
[3,VISIBLE_BLOCK,1493] quotation=False Total noncurrent financial liabilities$(14,863)$(15,013)$(13,001)$(12,665)
[3,VISIBLE_BLOCK,1494] quotation=False Our notes receivable include mezzanine and other loans to hotel owners, generally to facilitate the development or renovation of a hotel and sometimes to facilitate brand programs or initiatives. We estimate the fair value of our notes receivable by discounting cash flows using risk-adjusted rates, both of which are Level 3 inputs.
[3,VISIBLE_BLOCK,1495] quotation=False We determine the fair value of our Senior Notes using quoted market prices, which are directly observable Level 1 inputs. The carrying amount of our commercial paper borrowings approximate fair value due to their short maturity and because they bear interest at a market rate.
[3,VISIBLE_BLOCK,1496] quotation=False See the “Fair Value Measurements” caption of Note 2 for more information on the input levels we use in determining fair value.
[3,VISIBLE_BLOCK,1497] quotation=False 57
[3,VISIBLE_BLOCK,1498] quotation=False Table of Contents
[3,VISIBLE_BLOCK,1499] quotation=False NOTE 13. ACCUMULATED OTHER COMPREHENSIVE LOSS
[3,VISIBLE_BLOCK,1500] quotation=False The following table details the accumulated other comprehensive loss activity for 2025, 2024, and 2023:
[3,VISIBLE_BLOCK,1501] quotation=False (in millions)Foreign Currency Translation AdjustmentsOther AdjustmentsAccumulated Other Comprehensive Loss
[3,VISIBLE_BLOCK,1502] quotation=False Balance at year-end 2022
[3,VISIBLE_BLOCK,1503] quotation=False $(740)$11 $(729)
[3,VISIBLE_BLOCK,1504] quotation=False Other comprehensive income (loss) (1)
[3,VISIBLE_BLOCK,1505] quotation=False 86 (4)82
[3,VISIBLE_BLOCK,1506] quotation=False Balance at year-end 2023$(654)$7 $(647)
[3,VISIBLE_BLOCK,1507] quotation=False Other comprehensive (loss) income (1)
[3,VISIBLE_BLOCK,1508] quotation=False (437)21 (416)
[3,VISIBLE_BLOCK,1509] quotation=False Balance at year-end 2024$(1,091)$28 $(1,063)
[3,VISIBLE_BLOCK,1510] quotation=False Other comprehensive income (loss) (1)
[3,VISIBLE_BLOCK,1511] quotation=False 442 (21)421
[3,VISIBLE_BLOCK,1512] quotation=False Balance at year-end 2025$(649)$7 $(642)
[3,VISIBLE_BLOCK,1513] quotation=False (1)Other comprehensive income (loss) includes intra-entity foreign currency transactions that are of a long-term investment nature, which resulted in (losses) gains of $(71) million for 2025, $30 million for 2024, and $(28) million for 2023.
[3,VISIBLE_BLOCK,1514] quotation=False NOTE 14. BUSINESS SEGMENTS
[3,VISIBLE_BLOCK,1515] quotation=False We discuss our operations in the following four reportable business segments: (1) U.S. & Canada, (2) Europe, Middle East & Africa (“EMEA”), (3) Greater China, and (4) Asia Pacific excluding China (“APEC”). Our Caribbean & Latin America (“CALA”) operating segment does not meet the applicable accounting criteria for separate disclosure as a reportable business segment, and as such, we include its results in “Unallocated corporate and other.”
[3,VISIBLE_BLOCK,1516] quotation=False Our President and Chief Executive Officer, who is our “chief operating decision maker” (“CODM”), evaluates the performance of our operating segments using “segment profits,” which is based largely on the results of the segment without allocating corporate expenses, income taxes, indirect general and administrative expenses, or restructuring and merger-related recoveries/charges, and other expenses. We assign gains and losses, equity in earnings or losses, and direct general and administrative expenses to each of our segments. “Unallocated corporate and other” includes a portion of our revenues (such as fees we receive from our credit card programs and timeshare licensing agreements), revenues and expenses for our Loyalty Program, indirect general and administrative expenses, restructuring and merger-related recoveries/charges, and other expenses, equity in earnings or losses, and other gains or losses that we do not allocate to our segments, as well as results of our CALA operating segment.
[3,VISIBLE_BLOCK,1517] quotation=False Our CODM uses segment profits to allocate resources (including employees and investment spending) to each segment, primarily as part of the annual budget process. Our CODM reviews budget-to-actual variances on a quarterly basis to assess segment performance. Additionally, our CODM uses segment profits to compare the results of each segment with one another and in the determination of compensation for segment leadership.
[3,VISIBLE_BLOCK,1518] quotation=False Our CODM monitors assets for the consolidated Company but does not use assets by operating segment when assessing performance or making operating segment resource allocations.
[3,VISIBLE_BLOCK,1519] quotation=False 58
[3,VISIBLE_BLOCK,1520] quotation=False Table of Contents
[3,VISIBLE_BLOCK,1521] quotation=False Segment Revenues, Expenses, and Profits
[3,VISIBLE_BLOCK,1522] quotation=False The following tables present our revenues (disaggregated by segment and major revenue stream), segment expenses, and segment profits for each of the last three fiscal years:
[3,VISIBLE_BLOCK,1523] quotation=False 2025
[3,VISIBLE_BLOCK,1524] quotation=False (in millions)U.S. & CanadaEMEA
[3,VISIBLE_BLOCK,1525] quotation=False Greater China
[3,VISIBLE_BLOCK,1526] quotation=False APEC
[3,VISIBLE_BLOCK,1527] quotation=False Gross fee revenues$3,004 $640 $261 $376
[3,VISIBLE_BLOCK,1528] quotation=False Contract investment amortization(83)(19)(1)(6)
[3,VISIBLE_BLOCK,1529] quotation=False Net fee revenues2,921 621 260 370
[3,VISIBLE_BLOCK,1530] quotation=False Owned, leased, and other revenue528 592 26 162
[3,VISIBLE_BLOCK,1531] quotation=False Cost reimbursement revenue15,900 1,194 304 541
[3,VISIBLE_BLOCK,1532] quotation=False Total reportable segment revenue19,349 2,407 590 1,073
[3,VISIBLE_BLOCK,1533] quotation=False Less:
[3,VISIBLE_BLOCK,1534] quotation=False Owned, leased, and other expense434 530 28 146
[3,VISIBLE_BLOCK,1535] quotation=False Depreciation, amortization, and other108 40 12 9
[3,VISIBLE_BLOCK,1536] quotation=False General and administrative118 104 52 63
[3,VISIBLE_BLOCK,1537] quotation=False Reimbursed expenses16,015 1,211 315 552
[3,VISIBLE_BLOCK,1538] quotation=False Other segment items (primarily non-operating income and expenses)
[3,VISIBLE_BLOCK,1539] quotation=False (5)(3)(2)2
[3,VISIBLE_BLOCK,1540] quotation=False Total reportable segment profit$2,679 $525 $185 $301
[3,VISIBLE_BLOCK,1541] quotation=False 2024
[3,VISIBLE_BLOCK,1542] quotation=False (in millions)
[3,VISIBLE_BLOCK,1543] quotation=False U.S. & Canada
[3,VISIBLE_BLOCK,1544] quotation=False EMEA
[3,VISIBLE_BLOCK,1545] quotation=False Greater China
[3,VISIBLE_BLOCK,1546] quotation=False APEC
[3,VISIBLE_BLOCK,1547] quotation=False Gross fee revenues$2,951 $589 $250 $345
[3,VISIBLE_BLOCK,1548] quotation=False Contract investment amortization(76)(14)(1)(5)
[3,VISIBLE_BLOCK,1549] quotation=False Net fee revenues2,875 575 249 340
[3,VISIBLE_BLOCK,1550] quotation=False Owned, leased, and other revenue437 595 27 141
[3,VISIBLE_BLOCK,1551] quotation=False Cost reimbursement revenue15,300 1,236 306 495
[3,VISIBLE_BLOCK,1552] quotation=False Total reportable segment revenue18,612 2,406 582 976
[3,VISIBLE_BLOCK,1553] quotation=False Less:
[3,VISIBLE_BLOCK,1554] quotation=False Owned, leased, and other expense
[3,VISIBLE_BLOCK,1555] quotation=False 399 519 24 129
[3,VISIBLE_BLOCK,1556] quotation=False Depreciation, amortization, and other
[3,VISIBLE_BLOCK,1557] quotation=False 84 38 9 8
[3,VISIBLE_BLOCK,1558] quotation=False General and administrative
[3,VISIBLE_BLOCK,1559] quotation=False 113 90 45 53
[3,VISIBLE_BLOCK,1560] quotation=False Reimbursed expenses
[3,VISIBLE_BLOCK,1561] quotation=False 15,381 1,252 319 510
[3,VISIBLE_BLOCK,1562] quotation=False Other segment items (primarily non-operating income and expenses)
[3,VISIBLE_BLOCK,1563] quotation=False (5)(5)(1)(4)
[3,VISIBLE_BLOCK,1564] quotation=False Total reportable segment profit$2,640 $512 $186 $280
[3,VISIBLE_BLOCK,1565] quotation=False 2023
[3,VISIBLE_BLOCK,1566] quotation=False (in millions)
[3,VISIBLE_BLOCK,1567] quotation=False U.S. & Canada
[3,VISIBLE_BLOCK,1568] quotation=False EMEA
[3,VISIBLE_BLOCK,1569] quotation=False Greater China
[3,VISIBLE_BLOCK,1570] quotation=False APEC
[3,VISIBLE_BLOCK,1571] quotation=False Gross fee revenues$2,799 $529 $265 $288
[3,VISIBLE_BLOCK,1572] quotation=False Contract investment amortization(65)(13)— (4)
[3,VISIBLE_BLOCK,1573] quotation=False Net fee revenues2,734 516 265 284
[3,VISIBLE_BLOCK,1574] quotation=False Owned, leased, and other revenue506 574 18 135
[3,VISIBLE_BLOCK,1575] quotation=False Cost reimbursement revenue14,456 1,178 317 411
[3,VISIBLE_BLOCK,1576] quotation=False Total reportable segment revenue17,696 2,268 600 830
[3,VISIBLE_BLOCK,1577] quotation=False Less:
[3,VISIBLE_BLOCK,1578] quotation=False Owned, leased, and other expense380 537 25 130
[3,VISIBLE_BLOCK,1579] quotation=False Depreciation, amortization, and other84 40 10 9
[3,VISIBLE_BLOCK,1580] quotation=False General and administrative114 84 42 47
[3,VISIBLE_BLOCK,1581] quotation=False Reimbursed expenses14,399 1,168 317 409
[3,VISIBLE_BLOCK,1582] quotation=False Other segment items (primarily non-operating income and expenses)
[3,VISIBLE_BLOCK,1583] quotation=False (5)(2)(2)(8)
[3,VISIBLE_BLOCK,1584] quotation=False Total reportable segment profit$2,724 $441 $208 $243
[3,VISIBLE_BLOCK,1585] quotation=False 59
[3,VISIBLE_BLOCK,1586] quotation=False Table of Contents
[3,VISIBLE_BLOCK,1587] quotation=False The following table presents reconciliations of our total reportable segment revenue and profit to consolidated revenue and income before income taxes for each of the last three fiscal years:
[3,VISIBLE_BLOCK,1588] quotation=False (in millions)202520242023
[3,VISIBLE_BLOCK,1589] quotation=False Reconciliation of revenue
[3,VISIBLE_BLOCK,1590] quotation=False Total reportable segment revenue
[3,VISIBLE_BLOCK,1591] quotation=False $23,419 $22,576 $21,394
[3,VISIBLE_BLOCK,1592] quotation=False Unallocated corporate and other
[3,VISIBLE_BLOCK,1593] quotation=False 2,767 2,524 2,319
[3,VISIBLE_BLOCK,1594] quotation=False Consolidated revenue
[3,VISIBLE_BLOCK,1595] quotation=False $26,186 $25,100 $23,713
[3,VISIBLE_BLOCK,1596] quotation=False Reconciliation of income before income taxes
[3,VISIBLE_BLOCK,1597] quotation=False Total reportable segment profit
[3,VISIBLE_BLOCK,1598] quotation=False $3,690 $3,618 $3,616
[3,VISIBLE_BLOCK,1599] quotation=False Unallocated corporate and other471 188 297
[3,VISIBLE_BLOCK,1600] quotation=False Interest expense, net of interest income(767)(655)(535)
[3,VISIBLE_BLOCK,1601] quotation=False Consolidated income before income taxes
[3,VISIBLE_BLOCK,1602] quotation=False $3,394 $3,151 $3,378
[3,VISIBLE_BLOCK,1603] quotation=False Revenues attributed to operations located outside the U.S. were $5,672 million in 2025, $5,512 million in 2024, and $5,160 million in 2023, including cost reimbursement revenue outside the U.S. of $3,077 million in 2025, $3,018 million in 2024, and $2,806 million in 2023.
[3,VISIBLE_BLOCK,1604] quotation=False Segment profits attributed to operations located outside the U.S. were $1,382 million in 2025, $1,329 million in 2024, and $1,258 million in 2023, including cost reimbursements, net (cost reimbursement revenue, net of reimbursed expenses) outside the U.S. of $(54) million in 2025, $(55) million in 2024, and $23 million in 2023.
[3,VISIBLE_BLOCK,1605] quotation=False NOTE 15. RELATED PARTY TRANSACTIONS
[3,VISIBLE_BLOCK,1606] quotation=False Equity Method Investments
[3,VISIBLE_BLOCK,1607] quotation=False We have equity method investments in entities that own or lease properties for which we provide management services and receive fees. In addition, in some cases we provide loans, preferred equity, or guarantees to these entities.
[3,VISIBLE_BLOCK,1608] quotation=False The following table presents Income Statement data resulting from transactions with these related parties. This table does not include our Financial Statement captions with insignificant related party activity.
[3,VISIBLE_BLOCK,1609] quotation=False (in millions)202520242023
[3,VISIBLE_BLOCK,1610] quotation=False Cost reimbursement revenue$133 $131 $122
[3,VISIBLE_BLOCK,1611] quotation=False Reimbursed expenses(138)(135)(126)
[3,VISIBLE_BLOCK,1612] quotation=False Equity in earnings11 8 9
[3,VISIBLE_BLOCK,1613] quotation=False The carrying amount of our equity method investments was $298 million at both year-end 2025 and year-end 2024. This value exceeded our share of the book value of the investees’ net assets by $216 million at year-end 2025 and $223 million at year-end 2024, primarily due to the value that we assigned to land, contracts, and buildings owned by the investees.
[3,VISIBLE_BLOCK,1614] quotation=False Other Related Parties
[3,VISIBLE_BLOCK,1615] quotation=False We earned gross fee revenues plus reimbursement of certain expenses from franchised and managed properties in which members of the Marriott family hold varying interests. These amounts are not material to our Financial Statements.
[3,VISIBLE_BLOCK,1616] quotation=False Item 9. Changes in and Disagreements with Accountants on Accounting and Financial Disclosure.
[3,VISIBLE_BLOCK,1617] quotation=False None.
[3,VISIBLE_BLOCK,1618] quotation=False Item 9A. Controls and Procedures.
[3,VISIBLE_BLOCK,1619] quotation=False Disclosure Controls and Procedures
[3,VISIBLE_BLOCK,1620] quotation=False We evaluated the effectiveness of our disclosure controls and procedures (as such term is defined in Rules 13a-15(e) and 15d-15(e) under the Securities Exchange Act of 1934 (the “Exchange Act”)) as of the end of the period covered by this annual report under the supervision and with the participation of our management, including our Chief Executive Officer and Chief Financial Officer. Management necessarily applied its judgment in assessing the costs and benefits of those controls and procedures, which by their nature, can provide only reasonable assurance about management’s control objectives. You should note that the design of any system of controls is based in part upon certain assumptions about the likelihood of future events,
[3,VISIBLE_BLOCK,1621] quotation=False 60
[3,VISIBLE_BLOCK,1622] quotation=False Table of Contents
[3,VISIBLE_BLOCK,1623] quotation=False and we cannot assure you that any design will succeed in achieving its stated goals under all potential future conditions, regardless of how remote. Based upon this evaluation, our Chief Executive Officer and Chief Financial Officer concluded that our disclosure controls and procedures were effective and operating to provide reasonable assurance that we record, process, summarize, and report the information we are required to disclose in the reports that we file or submit under the Exchange Act within the time periods specified in the rules and forms of the SEC, and to provide reasonable assurance that we accumulate and communicate such information to our management, including our Chief Executive Officer and Chief Financial Officer, as appropriate to allow timely decisions about required disclosure.
[3,VISIBLE_BLOCK,1624] quotation=False Internal Control Over Financial Reporting
[3,VISIBLE_BLOCK,1625] quotation=False We have set forth management’s report on internal control over financial reporting and the attestation report of our independent registered public accounting firm on our internal control over financial reporting in Part II, Item 8 of this Form 10-K, and we incorporate those reports here by reference.
[3,VISIBLE_BLOCK,1626] quotation=False We made no changes in internal control over financial reporting during the 2025 fourth quarter that materially affected, or are reasonably likely to materially affect, our internal control over financial reporting.
[3,VISIBLE_BLOCK,1627] quotation=False Item 9B. Other Information.
[3,VISIBLE_BLOCK,1628] quotation=False During the 2025 fourth quarter, no director or Section 16 officer adopted or terminated any Rule 10b5-1 plans or non-Rule 10b5-1 trading arrangements.
[3,VISIBLE_BLOCK,1629] quotation=False Item 9C. Disclosure Regarding Foreign Jurisdictions that Prevent Inspections.
[3,VISIBLE_BLOCK,1630] quotation=False Not applicable.
[3,VISIBLE_BLOCK,1631] quotation=False 61
[3,VISIBLE_BLOCK,1632] quotation=False Table of Contents
[3,VISIBLE_BLOCK,1633] quotation=False PART III
[3,VISIBLE_BLOCK,1634] quotation=False Items 10, 11, 12, 13, 14.
[3,VISIBLE_BLOCK,1635] quotation=False As described below, we incorporate by reference in this Annual Report on Form 10-K certain information appearing in the Proxy Statement that we will furnish to our stockholders for our 2026 Annual Meeting of Stockholders.
[3,VISIBLE_BLOCK,1636] quotation=False Item 10. Directors, Executive Officers, and Corporate Governance.
[3,VISIBLE_BLOCK,1637] quotation=False We incorporate this information by reference to “Nominees to our Board of Directors,” “Board Committees — Audit Committee,” “Transactions with Related Persons,” “Delinquent Section 16(a) Reports,” “Selection of Director Nominees” and “Insider Trading Policies and Procedures” sections of our Proxy Statement. We have included information regarding our executive officers and our Code of Ethics below.
[3,VISIBLE_BLOCK,1638] quotation=False Item 11. Executive Compensation.
[3,VISIBLE_BLOCK,1639] quotation=False We incorporate this information by reference to the “Executive and Director Compensation” section of our Proxy Statement.
[3,VISIBLE_BLOCK,1640] quotation=False Item 12. Security Ownership of Certain Beneficial Owners and Management and Related Stockholder Matters.We incorporate this information by reference to the “Securities Authorized for Issuance Under Equity Compensation Plans” and the “Stock Ownership” sections of our Proxy Statement.
[3,VISIBLE_BLOCK,1641] quotation=False Item 13. Certain Relationships and Related Transactions, and Director Independence.We incorporate this information by reference to the “Transactions with Related Persons” and “Director Independence” sections of our Proxy Statement.
[3,VISIBLE_BLOCK,1642] quotation=False Item 14. Principal Accountant Fees and Services.We incorporate this information by reference to the “Independent Registered Public Accounting Firm Fee Disclosure” and the “Pre-Approval of Independent Auditor Fees and Services Policy” sections of our Proxy Statement.
[3,VISIBLE_BLOCK,1643] quotation=False 62
[3,VISIBLE_BLOCK,1644] quotation=False Table of Contents
[3,VISIBLE_BLOCK,1645] quotation=False INFORMATION ABOUT OUR EXECUTIVE OFFICERS
[3,VISIBLE_BLOCK,1646] quotation=False We include below certain information on our executive officers. This information is as of February 1, 2026, except where indicated.
[3,VISIBLE_BLOCK,1647] quotation=False Name and TitleAgeBusiness Experience
[3,VISIBLE_BLOCK,1648] quotation=False Anthony G. (Tony) Capuano
[3,VISIBLE_BLOCK,1649] quotation=False President and Chief Executive Officer
[3,VISIBLE_BLOCK,1650] quotation=False 60
[3,VISIBLE_BLOCK,1651] quotation=False Tony Capuano was appointed Chief Executive Officer (“CEO”) in February 2021 and was additionally designated President in February 2023. Prior to his appointment as CEO, Mr. Capuano was Group President, Global Development, Design and Operations Services, a role he assumed in January 2020. In that role, he was responsible for leading the Company’s global development and design efforts and overseeing the Company’s Global Operations discipline. Mr. Capuano began his Marriott career in 1995 as part of the Market Planning and Feasibility team. Between 1997 and 2005, he led Marriott’s full-service development efforts in the Western U.S. and Canada. From 2005 to 2008, Mr. Capuano served as Senior Vice President of full-service development for North America. In 2008, his responsibilities expanded to include all of U.S. & Canada and Caribbean & Latin America, and he became Executive Vice President and Global Chief Development Officer in 2009. Mr. Capuano earned his bachelor’s degree in Hotel Administration from Cornell University. He is a member of the Cornell Hotel Society, The Cornell School of Hotel Administration Dean’s Advisory Board, the Business Roundtable, and the American Hotel and Lodging Association’s IREFAC Council. Additionally, Mr. Capuano serves on the Board of Directors of McDonald’s Corporation, The Economic Club of Washington, D.C., and Save Venice, a nonprofit organization dedicated to preserving the artistic heritage of Venice, Italy.
[3,VISIBLE_BLOCK,1652] quotation=False Satyajit (Satya) Anand
[3,VISIBLE_BLOCK,1653] quotation=False President, Europe, Middle East & Africa
[3,VISIBLE_BLOCK,1654] quotation=False 61
[3,VISIBLE_BLOCK,1655] quotation=False Satya Anand has served as President, Europe, Middle East & Africa (EMEA) since October 2020, and was appointed Group President, United States, Canada, and Caribbean & Latin America, effective March 28, 2026. In his role as President, EMEA, Mr. Anand is responsible for developing and managing Marriott’s portfolio in the region. Mr. Anand began his career with Marriott International in 1988 and prior to assuming his role as President, EMEA, he served as Chief Operations Officer, Luxury & Southern Europe and Global Design EMEA from July 2016. Prior to this, Mr. Anand was Marriott’s Chief Financial Officer for Europe for four years and held Area Vice President roles for Western and Central Europe, respectively, as well as various Cluster General Manager, operations and finance positions both on and above property. Mr. Anand holds a bachelor’s degree in Accounting from Bangalore’s MES College of Commerce and completed his Diploma in Hotel and Tourism Management from the Institute of Tourism & Hotel Management in Semmering, Austria.
[3,VISIBLE_BLOCK,1656] quotation=False Benjamin T. (Ty) Breland
[3,VISIBLE_BLOCK,1657] quotation=False Chief Human Resources Officer and Executive Vice President, Global Operations Services
[3,VISIBLE_BLOCK,1658] quotation=False 50
[3,VISIBLE_BLOCK,1659] quotation=False Ty Breland was appointed Executive Vice President and Chief Human Resources Officer in October 2021 and was additionally designated Executive Vice President of Global Operations Services in March 2025. Prior to his appointment in 2021, Mr. Breland served as Global HR Officer for Talent Development & Organizational Capability, a role he assumed in 2016. In that role, Mr. Breland had executive oversight for talent management, including leadership development, organizational capability, and change management. Mr. Breland also oversaw The Ritz-Carlton Leadership Center and served as the senior Human Resources leader for the Company’s Global Development, Design & Operations Services disciplines. Mr. Breland joined Marriott in 2004 as a member of the Company’s Talent Management and Analytics group and held a variety of other senior human resources leadership positions, including Global HR Integration Officer, responsible for the Human Resources integration for Marriott’s merger with Starwood Hotels & Resorts. From 2011 to 2015, Mr. Breland served as Regional Vice President of Human Resources for the Eastern Region of the U.S. Mr. Breland earned his Bachelor of Science in Psychology and Ph.D. in Industrial/Organizational Psychology from Virginia Tech, where he is a board member for the Virginia Tech Hospitality Business School.
[3,VISIBLE_BLOCK,1660] quotation=False 63
[3,VISIBLE_BLOCK,1661] quotation=False Table of Contents
[3,VISIBLE_BLOCK,1662] quotation=False Name and TitleAgeBusiness Experience
[3,VISIBLE_BLOCK,1663] quotation=False William P. (Liam) Brown
[3,VISIBLE_BLOCK,1664] quotation=False Group President, United States and Canada
[3,VISIBLE_BLOCK,1665] quotation=False 65
[3,VISIBLE_BLOCK,1666] quotation=False Liam Brown was appointed Group President, United States and Canada effective January 2021, and is responsible for developing and managing Marriott's portfolio in the region. Prior to this role, Mr. Brown served as the President and Managing Director of Europe from 2018 to 2019, followed by Group President of Europe, Middle East & Africa in 2020. Mr. Brown joined Marriott in 1989 and served as President for Franchising, Owner Services and Managed by Marriott Select Brands, North America from 2012 to 2018. Other key positions previously held by Mr. Brown include Chief Operations Officer for the Americas for Select Service & Extended Stay Lodging and Owner & Franchise Services, as well as Senior Vice President and Executive Vice President of Development for Marriott’s Select Service & Extended Stay lodging products. Mr. Brown currently serves as Chair of the Board of Directors and as a member of the Executive Committee of the American Hotel and Lodging Association. He holds a Hotel Diploma and Business Degree from the Dublin Institute of Technology, Trinity College and earned his Master of Business Administration from the Robert H. Smith School of Management at the University of Maryland. On January 9, 2026, Marriott announced that Mr. Brown will step down from his role as Group President, United States and Canada effective March 28, 2026, and will retire from the Company effective June 30, 2026.
[3,VISIBLE_BLOCK,1667] quotation=False David S. (Shawn) Hill
[3,VISIBLE_BLOCK,1668] quotation=False Executive Vice President and Chief Development Officer
[3,VISIBLE_BLOCK,1669] quotation=False 55
[3,VISIBLE_BLOCK,1670] quotation=False Shawn Hill was appointed Executive Vice President and Chief Development Officer effective January 1, 2026, and is responsible for leading the Company’s global development efforts. Prior to this role, beginning in January 2022, Mr. Hill served as Chief Development Officer for Marriott’s Asia Pacific excluding China region, based in Singapore, where he was responsible for overseeing the growth of the Company’s lodging portfolio in the region. Mr. Hill also served as Senior Vice President – Hotel Development, Asia Pacific, from 2013 through December 2021. He joined Marriott in 1997 and held positions of increasing responsibility in accounting, finance, and asset management before relocating to Hong Kong in 2005 to join the Asia Pacific development team. Mr. Hill holds a Bachelor of Science in Accounting from Oral Roberts University and a Master of Business Administration from the University of Maryland.
[3,VISIBLE_BLOCK,1671] quotation=False Neal Jones
[3,VISIBLE_BLOCK,1672] quotation=False Chief Operating Officer, Europe & Africa and Global Leader Design Hotels
[3,VISIBLE_BLOCK,1673] quotation=False 54
[3,VISIBLE_BLOCK,1674] quotation=False Neal Jones has served as Chief Operating Officer, Europe & Africa and Global Leader Design Hotels since July 2024, and was appointed President, EMEA, effective March 28, 2026. In his current role, Mr. Jones oversees the Company’s performance across Europe and Africa as well as the Company’s Design Hotels portfolio. Other key positions previously held by Mr. Jones include Chief Sales & Marketing Officer for EMEA from January 2020 to July 2024 and for Middle East & Africa from 2013 to January 2020. Mr. Jones joined Marriott in 1995 and previously served in various leadership positions throughout the Company, including Vice President, Global Sales, as well as other sales and marketing positions. He graduated from Hotelschool The Hague in the Netherlands.
[3,VISIBLE_BLOCK,1675] quotation=False Felitia O. Lee
[3,VISIBLE_BLOCK,1676] quotation=False Controller and
[3,VISIBLE_BLOCK,1677] quotation=False Chief Accounting Officer
[3,VISIBLE_BLOCK,1678] quotation=False 64
[3,VISIBLE_BLOCK,1679] quotation=False Felitia Lee was appointed Marriott’s Controller and Chief Accounting Officer and principal accounting officer effective August 2020, with responsibility for the global accounting operations of the Company including oversight of financial reporting and analysis, accounting policy, general accounting, consumer and technology accounting, finance and accounting governance, finance shared services, and financial contract compliance. Ms. Lee joined Marriott in May 2020, supporting the management of the Company’s accounting operations. Prior to joining Marriott, Ms. Lee was the Senior Vice President and Controller for Kohl’s Corporation since 2018, and prior to joining Kohl’s Corporation, Ms. Lee held the title of Vice President and Controller of the Pepsi Beverage Company along with a number of other leadership positions with PepsiCo, Inc. She earned her Bachelor of Science in Accounting from Santa Clara University. She is a Certified Public Accountant and a member of the American Institute of Certified Public Accountants.
[3,VISIBLE_BLOCK,1680] quotation=False 64
[3,VISIBLE_BLOCK,1681] quotation=False Table of Contents
[3,VISIBLE_BLOCK,1682] quotation=False Name and TitleAgeBusiness Experience
[3,VISIBLE_BLOCK,1683] quotation=False Yibing Mao
[3,VISIBLE_BLOCK,1684] quotation=False President, Greater China
[3,VISIBLE_BLOCK,1685] quotation=False 62
[3,VISIBLE_BLOCK,1686] quotation=False Yibing Mao was appointed President, Greater China in February 2023, and is responsible for developing and managing Marriott's portfolio in the region. Ms. Mao joined Marriott in 1996 and held the title of Senior Vice President & Chief Counsel, Asia Pacific from May 2016 until she stepped down in 2020. From 2021 to February 2023, she was a member of the Board of Directors of Las Vegas Sands Corporation. Ms. Mao received a Bachelor of Laws from Jilin University, Master of Law from Peking University, and a J.D. degree from Duke University School of Law.
[3,VISIBLE_BLOCK,1687] quotation=False Jennifer C. Mason
[3,VISIBLE_BLOCK,1688] quotation=False Global Officer, Treasurer and Risk Management
[3,VISIBLE_BLOCK,1689] quotation=False 56
[3,VISIBLE_BLOCK,1690] quotation=False Jennifer Mason has served as Global Officer, Treasurer and Risk Management since May 2022, and was appointed Executive Vice President and Chief Financial Officer effective immediately following the date on which Marriott files this report with the SEC. As Global Officer, Treasurer and Risk Management, Ms. Mason oversees global capital market activities and hotel financing, financial strategy and capital allocation, financial risk management, global capital transactions and treasury services, and the Company’s risk management function. Prior to her current role, Ms. Mason served as Marriott’s Chief Financial Officer, U.S. & Canada from 2016 to May 2022. Ms. Mason joined Marriott in 1992 and previously served in various leadership positions throughout Marriott, including Senior Vice President of IT Business Partnership and Planning and Senior Vice President of Sales and Marketing Planning Support. Prior to this, she also held several positions of increasing responsibilities in Internal Audit, Corporate Financial Planning & Analysis, Lodging Finance and Business Development. Ms. Mason serves on the Board of Directors of Six Flags Entertainment Corporation. She earned her Bachelor of Science in Commerce from the University of Virginia and her Master of Business Administration from the Wharton School of the University of Pennsylvania.
[3,VISIBLE_BLOCK,1691] quotation=False Rajeev (Raj) Menon
[3,VISIBLE_BLOCK,1692] quotation=False President, Asia Pacific excluding China
[3,VISIBLE_BLOCK,1693] quotation=False 57
[3,VISIBLE_BLOCK,1694] quotation=False Rajeev Menon was appointed President, Asia Pacific excluding China (APEC) in October 2019, and is responsible for developing and managing Marriott's portfolio in the region. Prior to being appointed President, APEC, Mr. Menon served as the Chief Operating Officer for APEC from March 2015 through September 2019. Mr. Menon joined Marriott International in April 2001 as the General Manager of Renaissance Mumbai Hotel and Convention Center and Marriott Executive Apartments, Mumbai. Mr. Menon is a Board member of the Singapore Hotel Association, US/ASEAN Business Council, and Singapore Tourism Board. He completed his education including Hotel Management in New Delhi and is also a graduate of the Advanced Management Program (AMP Class 194) at Harvard Business School.
[3,VISIBLE_BLOCK,1695] quotation=False Kathleen K. (Leeny) Oberg
[3,VISIBLE_BLOCK,1696] quotation=False Chief Financial Officer and Executive Vice President, Development
[3,VISIBLE_BLOCK,1697] quotation=False 65
[3,VISIBLE_BLOCK,1698] quotation=False Leeny Oberg was appointed Executive Vice President and Chief Financial Officer effective January 2016 and was additionally designated Executive Vice President, Business Operations in October 2021. In February 2023, Ms. Oberg began leading the Company’s Global Development organization and was appointed Chief Financial Officer and Executive Vice President, Development. Previously, Ms. Oberg was the Chief Financial Officer for The Ritz-Carlton since 2013. Prior to assuming that role, Ms. Oberg served in a range of financial leadership positions with Marriott, including Senior Vice President, Corporate and Development Finance and Senior Vice President, International Project Finance and Asset Management for Europe and the Middle East and Africa. Ms. Oberg first joined Marriott as part of its Investor Relations group in 1999. Ms. Oberg is an active member of the American Hotel and Lodging Association’s IREFAC Council, and she currently serves on the Board of Directors of Adobe Inc. She earned her Bachelor of Science in Commerce, with concentrations in Finance and Management Information Systems, from the University of Virginia, McIntire School of Commerce and received her Master of Business Administration from Stanford University Graduate School of Business. On July 14, 2025, Marriott announced that Ms. Oberg will step down from her role as Chief Financial Officer and Executive Vice President, Development effective immediately following the date on which Marriott files this report with the SEC, and will retire from the Company effective March 31, 2026.
[3,VISIBLE_BLOCK,1699] quotation=False 65
[3,VISIBLE_BLOCK,1700] quotation=False Table of Contents
[3,VISIBLE_BLOCK,1701] quotation=False Name and TitleAgeBusiness Experience
[3,VISIBLE_BLOCK,1702] quotation=False Drew L. Pinto
[3,VISIBLE_BLOCK,1703] quotation=False Executive Vice President and Chief Revenue & Technology Officer
[3,VISIBLE_BLOCK,1704] quotation=False 54
[3,VISIBLE_BLOCK,1705] quotation=False Drew Pinto was appointed Executive Vice President and Chief Revenue & Technology Officer in February 2023, and is responsible for leading global sales and support channels, revenue management, digital, and information technology strategy for the Company. Since joining the Company in 2004, Mr. Pinto has held various leadership roles, including Global Officer, Global Sales, Distribution, and Revenue Management from January 2021 to February 2023 and Senior Vice President, Distribution & Revenue Strategy from January 2019 to January 2021. Mr. Pinto earned a Bachelor of Arts degree from Yale University and his Master of Business Administration from the University of Michigan Ross School of Business.
[3,VISIBLE_BLOCK,1706] quotation=False Rena Hozore Reiss
[3,VISIBLE_BLOCK,1707] quotation=False Executive Vice President and
[3,VISIBLE_BLOCK,1708] quotation=False General Counsel
[3,VISIBLE_BLOCK,1709] quotation=False 66
[3,VISIBLE_BLOCK,1710] quotation=False Rena Hozore Reiss was appointed Executive Vice President and General Counsel effective December 2017. Ms. Reiss previously held the position of Executive Vice President, General Counsel and Corporate Secretary at Hyatt Hotels. Prior to her position with Hyatt, Ms. Reiss was an attorney in Marriott’s law department from 2000 to 2010 building her career in roles with increasing responsibility, ultimately holding the position of Senior Vice President and Associate General Counsel in which she led Marriott’s managed development efforts in the Americas region. Ms. Reiss serves on the Board of Directors of the American Hotel and Lodging Association and of Legal Aid DC. She earned her A.B. from Princeton University and her J.D. from Harvard Law School.
[3,VISIBLE_BLOCK,1711] quotation=False Peggy F. Roe
[3,VISIBLE_BLOCK,1712] quotation=False Executive Vice President and Chief Customer Officer
[3,VISIBLE_BLOCK,1713] quotation=False 54
[3,VISIBLE_BLOCK,1714] quotation=False Peggy Roe was appointed Executive Vice President and Chief Customer Officer in February 2023, and is responsible for overseeing development and execution of all aspects of Marriott’s global consumer strategy. Since joining Marriott in 2003, Ms. Roe has held various leadership roles focused on growth and innovation. From January 2020 to February 2023, she served as Global Officer, Customer Experience, Loyalty, and New Ventures, and from October 2013 to December 2019, she served as Chief Sales and Marketing Officer, Asia Pacific. She co-founded the Marriott Women in Leadership initiative in Asia Pacific in 2014 and is a board member of the Hong Kong chapter of the Asian University for Women. Ms. Roe serves on the Board of Directors of Simon Property Group, Inc. She is a graduate of the University of Michigan and holds a Master of Business Administration from Harvard Business School.
[3,VISIBLE_BLOCK,1715] quotation=False CODE OF ETHICS AND BUSINESS CONDUCT GUIDE
[3,VISIBLE_BLOCK,1716] quotation=False The Company has long maintained and enforced a Code of Ethics that applies to all Marriott associates, including our Chief Executive Officer, Chief Financial Officer, and Principal Accounting Officer, and to each member of the Board. The Code of Ethics is encompassed in our Business Conduct Guide, which is available in the Investor Relations section of our website (Marriott.com/investor) by clicking on “Governance” and then “Documents & Charters.” We intend to post on that website any future changes or amendments to our Code of Ethics, and any waiver of our Code of Ethics that applies to any of our executive officers or a member of our Board within four business days following the date of the amendment or waiver.
[3,VISIBLE_BLOCK,1717] quotation=False PART IV
[3,VISIBLE_BLOCK,1718] quotation=False Item 15. Exhibits and Financial Statement Schedules.
[3,VISIBLE_BLOCK,1719] quotation=False LIST OF DOCUMENTS FILED AS PART OF THIS REPORT
[3,VISIBLE_BLOCK,1720] quotation=False (1) FINANCIAL STATEMENTS
[3,VISIBLE_BLOCK,1721] quotation=False We include this portion of Item 15 under Part II, Item 8 of this Annual Report on Form 10-K.
[3,VISIBLE_BLOCK,1722] quotation=False (2) FINANCIAL STATEMENT SCHEDULES
[3,VISIBLE_BLOCK,1723] quotation=False We include the financial statement schedule information required by the applicable accounting regulations of the SEC in the notes to our financial statements and incorporate that information in this Item 15 by reference.
[3,VISIBLE_BLOCK,1724] quotation=False 66
[3,VISIBLE_BLOCK,1725] quotation=False Table of Contents
[3,VISIBLE_BLOCK,1726] quotation=False (3) EXHIBITS
[3,VISIBLE_BLOCK,1727] quotation=False Any stockholder who wants a copy of the following Exhibits may obtain one from us upon request at a charge that reflects the reproduction cost of such Exhibits. Requests should be made to the Secretary, Marriott International, Inc., 7750 Wisconsin Avenue, Department 52/862, Bethesda, MD 20814.
[3,VISIBLE_BLOCK,1728] quotation=False We have not filed as exhibits certain instruments defining the rights of holders of the long-term debt of Marriott or its subsidiary Starwood Hotels & Resorts Worldwide, LLC, pursuant to Item 601(b)(4)(iii) of Regulation S-K promulgated under the Exchange Act, because the amount of debt authorized and outstanding under each such instrument does not exceed 10 percent of the total assets of the Company and its consolidated subsidiaries. The Company agrees to furnish a copy of any such instrument to the SEC upon request.
[3,VISIBLE_BLOCK,1729] quotation=False Exhibit No.DescriptionIncorporation by Reference (where a report is indicated below, that document has been previously filed with the SEC and the applicable exhibit is incorporated by reference thereto)
[3,VISIBLE_BLOCK,1730] quotation=False 3.1Restated Certificate of Incorporation.
[3,VISIBLE_BLOCK,1731] quotation=False Exhibit No. 3.(i) to our Form 8-K filed August 22, 2006 (File No. 001-13881).
[3,VISIBLE_BLOCK,1732] quotation=False 3.2Amended and Restated Bylaws.
[3,VISIBLE_BLOCK,1733] quotation=False Exhibit No. 3.1 to our Form 8-K filed August 4, 2023 (File No. 001-13881).
[3,VISIBLE_BLOCK,1734] quotation=False 4.1Form of Common Stock Certificate.
[3,VISIBLE_BLOCK,1735] quotation=False Exhibit No. 4.5 to our Form S-3ASR filed December 8, 2005 (File No. 333-130212).
[3,VISIBLE_BLOCK,1736] quotation=False 4.2Indenture, dated as of November 16, 1998, between the Company and The Bank of New York Mellon, as successor to JPMorgan Chase Bank, N.A., formerly known as The Chase Manhattan Bank.
[3,VISIBLE_BLOCK,1737] quotation=False Exhibit No. 4.1 to our Form 10-K filed March 16, 1999 (File No. 001-13881).
[3,VISIBLE_BLOCK,1738] quotation=False 4.3Description of Registrant’s Securities.
[3,VISIBLE_BLOCK,1739] quotation=False Exhibit No. 4.3 to our Form 10-K filed February 13, 2024 (File No. 001-13881).
[3,VISIBLE_BLOCK,1740] quotation=False 10.1.1
[3,VISIBLE_BLOCK,1741] quotation=False U.S. $4,500,000,000 Sixth Amended and Restated Credit Agreement dated as of December 14, 2022 with Bank of America, N.A. as administrative agent and certain banks.
[3,VISIBLE_BLOCK,1742] quotation=False Exhibit No. 10 to our Form 8-K filed December 15, 2022 (File No. 001-13881).
[3,VISIBLE_BLOCK,1743] quotation=False 10.1.2
[3,VISIBLE_BLOCK,1744] quotation=False First Amendment, dated as of May 17, 2024 and effective as of June 4, 2024, to the Sixth Amended and Restated Credit Agreement with Bank of America, N.A. as administrative agent, and certain banks, dated as of December 14, 2022.
[3,VISIBLE_BLOCK,1745] quotation=False Exhibit No. 10.1 to our Form 10-Q filed July 31, 2024 (File No. 001-13881).
[3,VISIBLE_BLOCK,1746] quotation=False 10.2
[3,VISIBLE_BLOCK,1747] quotation=False Amended and Restated License, Services and Development Agreement, dated September 20, 2024 and effective as of January 1, 2024, by and among the Company, Marriott Worldwide Corporation, and Marriott Vacations Worldwide Corporation, and the other signatories thereto.
[3,VISIBLE_BLOCK,1748] quotation=False Exhibit No. 10.2 to our Form 10-Q filed November 4, 2024 (File No. 001-13881).
[3,VISIBLE_BLOCK,1749] quotation=False 10.3.1License, Services and Development Agreement entered into on November 17, 2011, among The Ritz-Carlton Hotel Company, L.L.C., Marriott Vacations Worldwide Corporation, and the other signatories thereto.
[3,VISIBLE_BLOCK,1750] quotation=False Exhibit No. 10.2 to our Form 8-K filed November 21, 2011 (File No. 001-13881).
[3,VISIBLE_BLOCK,1751] quotation=False 10.3.2First Amendment to License, Services, and Development Agreement for Ritz-Carlton Projects, dated February 26, 2018, among The Ritz-Carlton Hotel Company, L.L.C., Marriott Vacations Worldwide Corporation, and the other signatories thereto.
[3,VISIBLE_BLOCK,1752] quotation=False Exhibit No. 10.2 to our Form 8-K filed February 27, 2018 (File No. 001-13881).
[4,VISIBLE_BLOCK,1753] quotation=False 10.4Marriott Bonvoy Affiliation Agreement entered into on November 10, 2021, among the Company, Marriott Rewards, L.L.C., Marriott Vacations Worldwide Corporation and certain of its subsidiaries, Marriott Ownership Resorts, Inc., and the other signatories thereto.
[4,VISIBLE_BLOCK,1754] quotation=False Exhibit No. 10.4.1 to our Form 10-K filed February 15, 2022 (File No. 001-13881).
[4,VISIBLE_BLOCK,1755] quotation=False 67
[4,VISIBLE_BLOCK,1756] quotation=False Table of Contents
[4,VISIBLE_BLOCK,1757] quotation=False Exhibit No.DescriptionIncorporation by Reference (where a report is indicated below, that document has been previously filed with the SEC and the applicable exhibit is incorporated by reference thereto)
[4,VISIBLE_BLOCK,1758] quotation=False *10.5.1
[4,VISIBLE_BLOCK,1759] quotation=False 2023 Marriott International, Inc. Stock and Cash Incentive Plan.
[4,VISIBLE_BLOCK,1760] quotation=False Exhibit No. 10.1 to our Form 8-K filed May 16, 2023 (File No. 001-13881).
[4,VISIBLE_BLOCK,1761] quotation=False *10.5.2
[4,VISIBLE_BLOCK,1762] quotation=False United Kingdom Sub-Plan of the 2023 Marriott International, Inc. Stock and Cash Incentive Plan (December 2023).
[4,VISIBLE_BLOCK,1763] quotation=False Exhibit No. 10.6.2 to our Form 10-K filed February 13, 2024 (File No. 001-13881).
[4,VISIBLE_BLOCK,1764] quotation=False *10.6.1
[4,VISIBLE_BLOCK,1765] quotation=False Marriott International, Inc. Stock and Cash Incentive Plan, as amended through February 13, 2014.
[4,VISIBLE_BLOCK,1766] quotation=False Exhibit A to our Definitive Proxy Statement filed April 4, 2014 (File No. 001-13881).
[4,VISIBLE_BLOCK,1767] quotation=False *10.6.2
[4,VISIBLE_BLOCK,1768] quotation=False Amendment dated August 7, 2014 to the Marriott International, Inc. Stock and Cash Incentive Plan.
[4,VISIBLE_BLOCK,1769] quotation=False Exhibit No. 10 to our Form 10-Q filed October 29, 2014 (File No. 001-13881).
[4,VISIBLE_BLOCK,1770] quotation=False *10.6.3
[4,VISIBLE_BLOCK,1771] quotation=False Amendment dated September 23, 2016 to the Marriott International, Inc. Stock and Cash Incentive Plan.
[4,VISIBLE_BLOCK,1772] quotation=False Exhibit No. 10.8.2 to our Form 10-K filed February 15, 2018 (File No. 001-13881).
[4,VISIBLE_BLOCK,1773] quotation=False *10.6.4
[4,VISIBLE_BLOCK,1774] quotation=False Amendment dated November 10, 2016 to the Marriott International, Inc. Stock and Cash Incentive Plan.
[4,VISIBLE_BLOCK,1775] quotation=False Exhibit No. 10.22 to our Form 10-K filed February 15, 2018 (File No. 001-13881).
[4,VISIBLE_BLOCK,1776] quotation=False *10.6.5
[4,VISIBLE_BLOCK,1777] quotation=False Amendment dated May 5, 2017 to the Marriott International, Inc. Stock and Cash Incentive Plan.
[4,VISIBLE_BLOCK,1778] quotation=False Exhibit No. 10.8.3 to our Form 10-K filed February 15, 2018 (File No. 001-13881).
[4,VISIBLE_BLOCK,1779] quotation=False *10.6.6
[4,VISIBLE_BLOCK,1780] quotation=False Amendment dated February 15, 2019 to the Marriott International, Inc. Stock and Cash Incentive Plan.
[4,VISIBLE_BLOCK,1781] quotation=False Exhibit No. 10.7.5 to our Form 10-K filed March 1, 2019 (File No. 001-13881).
[4,VISIBLE_BLOCK,1782] quotation=False *10.6.7
[4,VISIBLE_BLOCK,1783] quotation=False Amendment dated May 10, 2019 to the Marriott International, Inc. Stock and Cash Incentive Plan.
[4,VISIBLE_BLOCK,1784] quotation=False Exhibit No. 10.1 to our Form 10-Q filed August 6, 2019 (File No. 001-13881).
[4,VISIBLE_BLOCK,1785] quotation=False *10.6.8
[4,VISIBLE_BLOCK,1786] quotation=False Amendment dated May 8, 2020 to the Marriott International, Inc. Stock and Cash Incentive Plan.
[4,VISIBLE_BLOCK,1787] quotation=False Exhibit No. 10.1 to our Form 10-Q filed August 10, 2020 (File No. 001-13881).
[4,VISIBLE_BLOCK,1788] quotation=False *10.7.1
[4,VISIBLE_BLOCK,1789] quotation=False Form of MI Shares Agreement for the Marriott International, Inc. Stock and Cash Incentive Plan (February 2023).
[4,VISIBLE_BLOCK,1790] quotation=False Exhibit No. 10.1 to our Form 10-Q filed May 2, 2023 (File No. 001-13881).
[4,VISIBLE_BLOCK,1791] quotation=False *10.7.2
[4,VISIBLE_BLOCK,1792] quotation=False Form of Restricted Stock Unit Agreement for the 2023 Marriott International, Inc. Stock and Cash Incentive Plan (February 2024).
[4,VISIBLE_BLOCK,1793] quotation=False Exhibit No. 10.3 to our Form 10-Q filed May 1, 2024 (File No. 001-13881).
[4,VISIBLE_BLOCK,1794] quotation=False *10.7.3
[4,VISIBLE_BLOCK,1795] quotation=False Form of Restricted Stock Unit Agreement for the 2023 Marriott International, Inc. Stock and Cash Incentive Plan (February 2025).
[4,VISIBLE_BLOCK,1796] quotation=False Exhibit No. 10.3 to our Form 10-Q filed May 6, 2025 (File No. 001-13881).
[4,VISIBLE_BLOCK,1797] quotation=False *10.8.1
[4,VISIBLE_BLOCK,1798] quotation=False Form of Stock Appreciation Rights Agreement for the Marriott International, Inc. Stock and Cash Incentive Plan (pre-February 2018).
[4,VISIBLE_BLOCK,1799] quotation=False Exhibit No. 10.12 to our Form 10-K filed February 15, 2018 (File No. 001-13881).
[4,VISIBLE_BLOCK,1800] quotation=False *10.8.2
[4,VISIBLE_BLOCK,1801] quotation=False Form of Stock Appreciation Rights Agreement for the Marriott International, Inc. Stock and Cash Incentive Plan (February 2018).
[4,VISIBLE_BLOCK,1802] quotation=False Exhibit No. 10.7 to our Form 10-Q filed May 10, 2018 (File No. 001-13881).
[4,VISIBLE_BLOCK,1803] quotation=False *10.8.3
[4,VISIBLE_BLOCK,1804] quotation=False Form of Stock Appreciation Rights Agreement for the Marriott International, Inc. Stock and Cash Incentive Plan (March 2019).
[4,VISIBLE_BLOCK,1805] quotation=False Exhibit No. 10.3 to our Form 10-Q filed May 10, 2019 (File No. 001-13881).
[4,VISIBLE_BLOCK,1806] quotation=False *10.8.4
[4,VISIBLE_BLOCK,1807] quotation=False Form of Stock Appreciation Rights Agreement for the Marriott International, Inc. Stock and Cash Incentive Plan (February 2021).
[4,VISIBLE_BLOCK,1808] quotation=False Exhibit No. 10.5 to our Form 10-Q filed May 10, 2021 (File No. 001-13881).
[4,VISIBLE_BLOCK,1809] quotation=False *10.8.5
[4,VISIBLE_BLOCK,1810] quotation=False Form of Stock Appreciation Rights Agreement for the Marriott International, Inc. Stock and Cash Incentive Plan (February 2023).
[4,VISIBLE_BLOCK,1811] quotation=False Exhibit No. 10.3 to our Form 10-Q filed May 2, 2023 (File No. 001-13881).
[4,VISIBLE_BLOCK,1812] quotation=False *10.8.6
[4,VISIBLE_BLOCK,1813] quotation=False Form of Stock Appreciation Rights Agreement for the 2023 Marriott International, Inc. Stock and Cash Incentive Plan (February 2024).
[4,VISIBLE_BLOCK,1814] quotation=False Exhibit No. 10.1 to our Form 10-Q filed May 1, 2024 (File No. 001-13881).
[4,VISIBLE_BLOCK,1815] quotation=False *10.8.7
[4,VISIBLE_BLOCK,1816] quotation=False Form of Stock Appreciation Rights Agreement for the 2023 Marriott International, Inc. Stock and Cash Incentive Plan (February 2025).
[4,VISIBLE_BLOCK,1817] quotation=False Exhibit No. 10.1 to our Form 10-Q filed May 6, 2025 (File No. 001-13881).
[4,VISIBLE_BLOCK,1818] quotation=False 68
[4,VISIBLE_BLOCK,1819] quotation=False Table of Contents
[4,VISIBLE_BLOCK,1820] quotation=False Exhibit No.DescriptionIncorporation by Reference (where a report is indicated below, that document has been previously filed with the SEC and the applicable exhibit is incorporated by reference thereto)
[4,VISIBLE_BLOCK,1821] quotation=False *10.9.1
[4,VISIBLE_BLOCK,1822] quotation=False Form of Performance Share Unit Award Agreement for the Marriott International, Inc. Stock and Cash Incentive Plan (February 2023).
[4,VISIBLE_BLOCK,1823] quotation=False Exhibit No. 10.2 to our Form 10-Q filed May 2, 2023 (File No. 001-13881).
[4,VISIBLE_BLOCK,1824] quotation=False *10.9.2
[4,VISIBLE_BLOCK,1825] quotation=False Form of Performance Share Unit Award Agreement for the 2023 Marriott International, Inc. Stock and Cash Incentive Plan (February 2024).
[4,VISIBLE_BLOCK,1826] quotation=False Exhibit No. 10.2 to our Form 10-Q filed May 1, 2024 (File No. 001-13881).
[4,VISIBLE_BLOCK,1827] quotation=False *10.9.3
[4,VISIBLE_BLOCK,1828] quotation=False Form of Performance Share Unit Award Agreement for the 2023 Marriott International, Inc. Stock and Cash Incentive Plan (February 2025).
[4,VISIBLE_BLOCK,1829] quotation=False Exhibit No. 10.2 to our Form 10-Q filed May 6, 2025 (File No. 001-13881).
[4,VISIBLE_BLOCK,1830] quotation=False *10.10.1
[4,VISIBLE_BLOCK,1831] quotation=False Form of Non-Employee Director Deferred Fee Award Agreement for the Marriott International, Inc. Stock and Cash Incentive Plan.
[4,VISIBLE_BLOCK,1832] quotation=False Exhibit No. 10.2 to our Form 10-Q filed August 2, 2022 (File No. 001-13881).
[4,VISIBLE_BLOCK,1833] quotation=False *10.10.2
[4,VISIBLE_BLOCK,1834] quotation=False Form of Non-Employee Director Deferred Share Award Agreement for the Marriott International, Inc. Stock and Cash Incentive Plan.
[4,VISIBLE_BLOCK,1835] quotation=False Exhibit No. 10.3 to our Form 10-Q filed August 2, 2022 (File No. 001-13881).
[4,VISIBLE_BLOCK,1836] quotation=False *10.10.3
[4,VISIBLE_BLOCK,1837] quotation=False Form of Non-Employee Director Deferred Fee Award Agreement for the 2023 Marriott International, Inc. Stock and Cash Incentive Plan.
[4,VISIBLE_BLOCK,1838] quotation=False Exhibit No. 10.3 to our Form 10-Q filed August 1, 2023 (File No. 001-13881).
[4,VISIBLE_BLOCK,1839] quotation=False *10.10.4
[4,VISIBLE_BLOCK,1840] quotation=False Form of Non-Employee Director Deferred Share Award Agreement for the 2023 Marriott International, Inc. Stock and Cash Incentive Plan.
[4,VISIBLE_BLOCK,1841] quotation=False Exhibit No. 10.2 to our Form 10-Q filed August 1, 2023 (File No. 001-13881).
[4,VISIBLE_BLOCK,1842] quotation=False *10.10.5
[4,VISIBLE_BLOCK,1843] quotation=False Form of Non-Employee Director Deferred Fee Award Agreement for the 2023 Marriott International, Inc. Stock and Cash Incentive Plan (May 2025).
[4,VISIBLE_BLOCK,1844] quotation=False Exhibit No. 10.2 to our Form 10-Q filed August 5, 2025 (File No. 001-13881).
[4,VISIBLE_BLOCK,1845] quotation=False *10.10.6
[4,VISIBLE_BLOCK,1846] quotation=False Form of Non-Employee Director Deferred Share Award Agreement for the 2023 Marriott International, Inc. Stock and Cash Incentive Plan (May 2025).
[4,VISIBLE_BLOCK,1847] quotation=False Exhibit No. 10.1 to our Form 10-Q filed August 5, 2025 (File No. 001-13881).
[4,VISIBLE_BLOCK,1848] quotation=False *10.11.1
[4,VISIBLE_BLOCK,1849] quotation=False Form of Non-Employee Director Stock Appreciation Right Agreement for the Marriott International, Inc. Stock and Cash Incentive Plan (Pre-May 2022).
[4,VISIBLE_BLOCK,1850] quotation=False Exhibit No. 10.12.2 to our Form 10-K filed February 15, 2018 (File No. 001-13881).
[4,VISIBLE_BLOCK,1851] quotation=False *10.11.2
[4,VISIBLE_BLOCK,1852] quotation=False Form of Non-Employee Director Stock Appreciation Right Agreement for the Marriott International, Inc. Stock and Cash Incentive Plan (May 2022).
[4,VISIBLE_BLOCK,1853] quotation=False Exhibit No. 10.4 to our Form 10-Q filed August 2, 2022 (File No. 001-13881).
[4,VISIBLE_BLOCK,1854] quotation=False *10.11.3
[4,VISIBLE_BLOCK,1855] quotation=False Form of Non-Employee Director Stock Appreciation Right Agreement for the 2023 Marriott International, Inc. Stock and Cash Incentive Plan.
[4,VISIBLE_BLOCK,1856] quotation=False Exhibit No. 10.4 to our Form 10-Q filed August 1, 2023 (File No. 001-13881).
[4,VISIBLE_BLOCK,1857] quotation=False *10.11.4
[4,VISIBLE_BLOCK,1858] quotation=False Form of Non-Employee Director Stock Appreciation Right Agreement for the 2023 Marriott International, Inc. Stock and Cash Incentive Plan (May 2025).
[4,VISIBLE_BLOCK,1859] quotation=False Exhibit No. 10.3 to our Form 10-Q filed August 5, 2025 (File No. 001-13881).
[4,VISIBLE_BLOCK,1860] quotation=False *10.12.1
[4,VISIBLE_BLOCK,1861] quotation=False Marriott International, Inc. Executive Deferred Compensation Plan, amended and restated as of February 11, 2022.
[4,VISIBLE_BLOCK,1862] quotation=False Exhibit No. 10.6.1 to our Form 10-K filed February 15, 2022 (File No. 001-13881).
[4,VISIBLE_BLOCK,1863] quotation=False *10.12.2
[4,VISIBLE_BLOCK,1864] quotation=False First Amendment to the Marriott International, Inc. Executive Deferred Compensation Plan, effective as of October 31, 2022.
[4,VISIBLE_BLOCK,1865] quotation=False Exhibit No. 10.7.2 to our Form 10-K filed February 14, 2023 (File No. 001-13881).
[4,VISIBLE_BLOCK,1866] quotation=False *10.12.3
[4,VISIBLE_BLOCK,1867] quotation=False Second Amendment to the Marriott International, Inc. Executive Deferred Compensation Plan, effective as of January 1, 2024.
[4,VISIBLE_BLOCK,1868] quotation=False Exhibit No. 10.15.3 to our Form 10-K filed February 13, 2024 (File No. 001-13881).
[4,VISIBLE_BLOCK,1869] quotation=False *10.12.4
[4,VISIBLE_BLOCK,1870] quotation=False Third Amendment to the Marriott International, Inc. Executive Deferred Compensation Plan, effective as of January 1, 2025.
[4,VISIBLE_BLOCK,1871] quotation=False Exhibit No. 10.1 to our Form 10-Q filed November 4, 2024 (File No. 001-13881).
[4,VISIBLE_BLOCK,1872] quotation=False *10.12.5
[4,VISIBLE_BLOCK,1873] quotation=False Fourth Amendment to the Marriott International, Inc. Executive Deferred Compensation Plan, effective as of October 8, 2025.
[4,VISIBLE_BLOCK,1874] quotation=False Filed with this report.
[4,VISIBLE_BLOCK,1875] quotation=False 69
[4,VISIBLE_BLOCK,1876] quotation=False Table of Contents
[4,VISIBLE_BLOCK,1877] quotation=False Exhibit No.DescriptionIncorporation by Reference (where a report is indicated below, that document has been previously filed with the SEC and the applicable exhibit is incorporated by reference thereto)
[4,VISIBLE_BLOCK,1878] quotation=False *10.13
[4,VISIBLE_BLOCK,1879] quotation=False Amended and Restated Aircraft Time Sharing Agreement, effective as of September 14, 2023, between Marriott International Administrative Services, Inc. and Anthony Capuano.
[4,VISIBLE_BLOCK,1880] quotation=False Exhibit No. 10.2 to our Form 10-Q filed November 2, 2023 (File No. 001-13881).
[4,VISIBLE_BLOCK,1881] quotation=False 10.14
[4,VISIBLE_BLOCK,1882] quotation=False Third Amended and Restated Aircraft Time Sharing Agreement, effective as of November 7, 2024, between Marriott International Administrative Services, Inc. and J. Willard Marriott, Jr.
[4,VISIBLE_BLOCK,1883] quotation=False Exhibit No. 10.17 to our Form 10-K filed February 11, 2025 (File No. 001-13881).
[4,VISIBLE_BLOCK,1884] quotation=False *10.15
[4,VISIBLE_BLOCK,1885] quotation=False Aircraft Time Sharing Agreement, effective as of February 9, 2023, between Marriott International Administrative Services, Inc. and David Marriott.
[4,VISIBLE_BLOCK,1886] quotation=False Exhibit No. 10.16 to our Form 10-K filed February 14, 2023 (File No. 001-13881).
[4,VISIBLE_BLOCK,1887] quotation=False 19
[4,VISIBLE_BLOCK,1888] quotation=False Marriott International, Inc. Securities Trading Policy (MIP-11).
[4,VISIBLE_BLOCK,1889] quotation=False Filed with this report.
[4,VISIBLE_BLOCK,1890] quotation=False 21
[4,VISIBLE_BLOCK,1891] quotation=False Subsidiaries of Marriott International, Inc.
[4,VISIBLE_BLOCK,1892] quotation=False Filed with this report.
[4,VISIBLE_BLOCK,1893] quotation=False 23
[4,VISIBLE_BLOCK,1894] quotation=False Consent of Ernst & Young LLP.
[4,VISIBLE_BLOCK,1895] quotation=False Filed with this report.
[4,VISIBLE_BLOCK,1896] quotation=False 31.1Certification of Chief Executive Officer Pursuant to Rule 13a-14(a).
[4,VISIBLE_BLOCK,1897] quotation=False Filed with this report.
[4,VISIBLE_BLOCK,1898] quotation=False 31.2Certification of Chief Financial Officer Pursuant to Rule 13a-14(a).
[4,VISIBLE_BLOCK,1899] quotation=False Filed with this report.
[4,VISIBLE_BLOCK,1900] quotation=False 32Section 1350 Certifications.
[4,VISIBLE_BLOCK,1901] quotation=False Furnished with this report.
[4,VISIBLE_BLOCK,1902] quotation=False 97
[4,VISIBLE_BLOCK,1903] quotation=False Marriott International, Inc. Rule 10D-1 Clawback Policy.
[4,VISIBLE_BLOCK,1904] quotation=False Exhibit No. 97 to our Form 10-K filed February 13, 2024 (File No. 001-13881).
[4,VISIBLE_BLOCK,1905] quotation=False 101
[4,VISIBLE_BLOCK,1906] quotation=False The following financial statements from Marriott International, Inc.’s Annual Report on Form 10-K for the year ended December 31, 2025, formatted in Inline XBRL (Extensible Business Reporting Language): (i) the Consolidated Statements of Income for the year ended December 31, 2025, December 31, 2024, and December 31, 2023; (ii) the Consolidated Balance Sheets at December 31, 2025, and December 31, 2024; (iii) the Consolidated Statements of Cash Flows for the year ended December 31, 2025, December 31, 2024, and December 31, 2023; (iv) the Consolidated Statements of Comprehensive Income for the year ended December 31, 2025, December 31, 2024, and December 31, 2023; (v) the Consolidated Statements of Stockholders’ Deficit for the year ended December 31, 2025, December 31, 2024, and December 31, 2023; and (vi) Notes to Consolidated Financial Statements.
[4,VISIBLE_BLOCK,1907] quotation=False Submitted electronically with this report.
[4,VISIBLE_BLOCK,1908] quotation=False 101.INSXBRL Instance Document.Submitted electronically with this report.
[4,VISIBLE_BLOCK,1909] quotation=False 101.SCHXBRL Taxonomy Extension Schema Document.Submitted electronically with this report.
[4,VISIBLE_BLOCK,1910] quotation=False 101.CALXBRL Taxonomy Calculation Linkbase Document.Submitted electronically with this report.
[4,VISIBLE_BLOCK,1911] quotation=False 101.DEFXBRL Taxonomy Extension Definition Linkbase.Submitted electronically with this report.
[4,VISIBLE_BLOCK,1912] quotation=False 101.LABXBRL Taxonomy Label Linkbase Document.Submitted electronically with this report.
[4,VISIBLE_BLOCK,1913] quotation=False 101.PREXBRL Taxonomy Presentation Linkbase Document.Submitted electronically with this report.
[4,VISIBLE_BLOCK,1914] quotation=False 104
[4,VISIBLE_BLOCK,1915] quotation=False The cover page from Marriott International, Inc.’s Annual Report on Form 10-K for the year ended December 31, 2025, formatted in Inline XBRL (included as Exhibit 101).
[4,VISIBLE_BLOCK,1916] quotation=False Submitted electronically with this report.
[4,VISIBLE_BLOCK,1917] quotation=False * Denotes management contract or compensatory plan.
[4,VISIBLE_BLOCK,1918] quotation=False 70
[4,VISIBLE_BLOCK,1919] quotation=False Table of Contents
[4,VISIBLE_BLOCK,1920] quotation=False Item 16. Form 10-K Summary.
[4,VISIBLE_BLOCK,1921] quotation=False None.
[4,VISIBLE_BLOCK,1922] quotation=False 71
[4,VISIBLE_BLOCK,1923] quotation=False Table of Contents
[4,VISIBLE_BLOCK,1924] quotation=False SIGNATURES
[4,VISIBLE_BLOCK,1925] quotation=False Pursuant to the requirements of Section 13 or 15(d) of the Exchange Act, we have duly caused this Form 10-K to be signed on our behalf by the undersigned, thereunto duly authorized, on this 10th day of February 2026.
[4,VISIBLE_BLOCK,1926] quotation=False MARRIOTT INTERNATIONAL, INC.
[4,VISIBLE_BLOCK,1927] quotation=False By:/s/Anthony G. Capuano
[4,VISIBLE_BLOCK,1928] quotation=False Anthony G. Capuano
[4,VISIBLE_BLOCK,1929] quotation=False President and Chief Executive Officer
[4,VISIBLE_BLOCK,1930] quotation=False Pursuant to the requirements of the Exchange Act, this Form 10-K has been signed by the following persons on our behalf in the capacities indicated and on the date indicated above.
[4,VISIBLE_BLOCK,1931] quotation=False PRINCIPAL EXECUTIVE OFFICER:
[4,VISIBLE_BLOCK,1932] quotation=False /s/Anthony G. Capuano
[4,VISIBLE_BLOCK,1933] quotation=False President, Chief Executive Officer and Director
[4,VISIBLE_BLOCK,1934] quotation=False Anthony G. Capuano
[4,VISIBLE_BLOCK,1935] quotation=False PRINCIPAL FINANCIAL OFFICER:
[4,VISIBLE_BLOCK,1936] quotation=False /s/Kathleen K. ObergChief Financial Officer and Executive Vice President, Development
[4,VISIBLE_BLOCK,1937] quotation=False Kathleen K. Oberg
[4,VISIBLE_BLOCK,1938] quotation=False PRINCIPAL ACCOUNTING OFFICER:
[4,VISIBLE_BLOCK,1939] quotation=False /s/Felitia O. LeeController and Chief Accounting Officer
[4,VISIBLE_BLOCK,1940] quotation=False Felitia O. Lee
[4,VISIBLE_BLOCK,1941] quotation=False DIRECTORS:
[4,VISIBLE_BLOCK,1942] quotation=False /s/David S. Marriott
[4,VISIBLE_BLOCK,1943] quotation=False /s/Aylwin B. Lewis
[4,VISIBLE_BLOCK,1944] quotation=False David S. Marriott, Chairman of the Board
[4,VISIBLE_BLOCK,1945] quotation=False Aylwin B. Lewis, Director
[4,VISIBLE_BLOCK,1946] quotation=False /s/Isabella D. Goren
[4,VISIBLE_BLOCK,1947] quotation=False /s/Margaret M. McCarthy
[4,VISIBLE_BLOCK,1948] quotation=False Isabella D. Goren, Director
[4,VISIBLE_BLOCK,1949] quotation=False Margaret M. McCarthy, Director
[4,VISIBLE_BLOCK,1950] quotation=False /s/Deborah Marriott Harrison
[4,VISIBLE_BLOCK,1951] quotation=False /s/Grant F. Reid
[4,VISIBLE_BLOCK,1952] quotation=False Deborah Marriott Harrison, Director
[4,VISIBLE_BLOCK,1953] quotation=False Grant F. Reid, Director
[4,VISIBLE_BLOCK,1954] quotation=False /s/Frederick A. Henderson
[4,VISIBLE_BLOCK,1955] quotation=False /s/Horacio D. Rozanski
[4,VISIBLE_BLOCK,1956] quotation=False Frederick A. Henderson, Director
[4,VISIBLE_BLOCK,1957] quotation=False Horacio D. Rozanski, Director
[4,VISIBLE_BLOCK,1958] quotation=False /s/Lauren R. Hobart/s/Susan C. Schwab
[4,VISIBLE_BLOCK,1959] quotation=False Lauren R. Hobart, DirectorSusan C. Schwab, Director
[4,VISIBLE_BLOCK,1960] quotation=False /s/Debra L. Lee
[4,VISIBLE_BLOCK,1961] quotation=False /s/Sean C. Tresvant
[4,VISIBLE_BLOCK,1962] quotation=False Debra L. Lee, Director
[4,VISIBLE_BLOCK,1963] quotation=False Sean C. Tresvant, Director
[4,VISIBLE_BLOCK,1964] quotation=False 72
