source-contracts	Set up job	﻿2026-10-10T07:00:53.3788596Z Current runner version: '2.337.0'
source-contracts	Set up job	2026-10-10T07:00:53.3815659Z ##[group]Runner Image Provisioner
source-contracts	Set up job	2026-10-10T07:00:53.3816613Z Hosted Compute Agent
source-contracts	Set up job	2026-10-10T07:00:53.3817217Z Version: 20261002.596
source-contracts	Set up job	2026-10-10T07:00:53.3817844Z Commit: c3d12f3313a95f25162a1503be624f3b0617f8c0
source-contracts	Set up job	2026-10-10T07:00:53.3818738Z Build Date: 2026-10-02T22:28:27Z
source-contracts	Set up job	2026-10-10T07:00:53.3819412Z Worker ID: {1ff33e0d-ae61-44f6-9672-1f52b7523797}
source-contracts	Set up job	2026-10-10T07:00:53.3820180Z Region: centralus
source-contracts	Set up job	2026-10-10T07:00:53.3820750Z Cloud: Azure
source-contracts	Set up job	2026-10-10T07:00:53.3821284Z ##[endgroup]
source-contracts	Set up job	2026-10-10T07:00:53.3822865Z ##[group]Operating System
source-contracts	Set up job	2026-10-10T07:00:53.3823566Z Ubuntu
source-contracts	Set up job	2026-10-10T07:00:53.3824144Z 24.04.5
source-contracts	Set up job	2026-10-10T07:00:53.3824672Z LTS
source-contracts	Set up job	2026-10-10T07:00:53.3825401Z ##[endgroup]
source-contracts	Set up job	2026-10-10T07:00:53.3826092Z ##[group]Runner Image
source-contracts	Set up job	2026-10-10T07:00:53.3826698Z Image: ubuntu-24.04
source-contracts	Set up job	2026-10-10T07:00:53.3827297Z Version: 20261004.327.1
source-contracts	Set up job	2026-10-10T07:00:53.3828405Z Included Software: https://github.com/actions/runner-images/blob/ubuntu24/20261004.327/images/ubuntu/Ubuntu2404-Readme.md
source-contracts	Set up job	2026-10-10T07:00:53.3830305Z Image Release: https://github.com/actions/runner-images/releases/tag/ubuntu24%2F20261004.327
source-contracts	Set up job	2026-10-10T07:00:53.3831292Z ##[endgroup]
source-contracts	Set up job	2026-10-10T07:00:53.3832426Z ##[group]GITHUB_TOKEN Permissions
source-contracts	Set up job	2026-10-10T07:00:53.3835143Z Contents: read
source-contracts	Set up job	2026-10-10T07:00:53.3836067Z Metadata: read
source-contracts	Set up job	2026-10-10T07:00:53.3836667Z ##[endgroup]
source-contracts	Set up job	2026-10-10T07:00:53.3838784Z Secret source: Actions
source-contracts	Set up job	2026-10-10T07:00:53.3839840Z Cache mode: write
source-contracts	Set up job	2026-10-10T07:00:53.3840784Z Prepare workflow directory
source-contracts	Set up job	2026-10-10T07:00:53.4190149Z Prepare all required actions
source-contracts	Set up job	2026-10-10T07:00:53.4239640Z Getting action download info
source-contracts	Set up job	2026-10-10T07:00:53.6983214Z Download action repository 'actions/checkout@de0fac2e4500dabe0009e67214ff5f5447ce83dd' (SHA:de0fac2e4500dabe0009e67214ff5f5447ce83dd)
source-contracts	Set up job	2026-10-10T07:00:53.8104620Z Download action repository 'actions/setup-python@a309ff8b426b58ec0e2a45f0f869d46889d02405' (SHA:a309ff8b426b58ec0e2a45f0f869d46889d02405)
source-contracts	Set up job	2026-10-10T07:00:53.9937430Z Complete job name: source-contracts
source-contracts	Run actions/checkout@de0fac2e4500dabe0009e67214ff5f5447ce83dd	﻿2026-10-10T07:00:54.0746640Z ##[group]Run actions/checkout@de0fac2e4500dabe0009e67214ff5f5447ce83dd
source-contracts	Run actions/checkout@de0fac2e4500dabe0009e67214ff5f5447ce83dd	2026-10-10T07:00:54.0747784Z with:
source-contracts	Run actions/checkout@de0fac2e4500dabe0009e67214ff5f5447ce83dd	2026-10-10T07:00:54.0748241Z   persist-credentials: false
source-contracts	Run actions/checkout@de0fac2e4500dabe0009e67214ff5f5447ce83dd	2026-10-10T07:00:54.0748782Z   repository: wlvh/SEC_metrics
source-contracts	Run actions/checkout@de0fac2e4500dabe0009e67214ff5f5447ce83dd	2026-10-10T07:00:54.0752657Z   token: ***
source-contracts	Run actions/checkout@de0fac2e4500dabe0009e67214ff5f5447ce83dd	2026-10-10T07:00:54.0753088Z   ssh-strict: true
source-contracts	Run actions/checkout@de0fac2e4500dabe0009e67214ff5f5447ce83dd	2026-10-10T07:00:54.0753536Z   ssh-user: git
source-contracts	Run actions/checkout@de0fac2e4500dabe0009e67214ff5f5447ce83dd	2026-10-10T07:00:54.0753976Z   clean: true
source-contracts	Run actions/checkout@de0fac2e4500dabe0009e67214ff5f5447ce83dd	2026-10-10T07:00:54.0754422Z   sparse-checkout-cone-mode: true
source-contracts	Run actions/checkout@de0fac2e4500dabe0009e67214ff5f5447ce83dd	2026-10-10T07:00:54.0755181Z   fetch-depth: 1
source-contracts	Run actions/checkout@de0fac2e4500dabe0009e67214ff5f5447ce83dd	2026-10-10T07:00:54.0755636Z   fetch-tags: false
source-contracts	Run actions/checkout@de0fac2e4500dabe0009e67214ff5f5447ce83dd	2026-10-10T07:00:54.0756084Z   show-progress: true
source-contracts	Run actions/checkout@de0fac2e4500dabe0009e67214ff5f5447ce83dd	2026-10-10T07:00:54.0756541Z   lfs: false
source-contracts	Run actions/checkout@de0fac2e4500dabe0009e67214ff5f5447ce83dd	2026-10-10T07:00:54.0756959Z   submodules: false
source-contracts	Run actions/checkout@de0fac2e4500dabe0009e67214ff5f5447ce83dd	2026-10-10T07:00:54.0757416Z   set-safe-directory: true
source-contracts	Run actions/checkout@de0fac2e4500dabe0009e67214ff5f5447ce83dd	2026-10-10T07:00:54.0758178Z ##[endgroup]
source-contracts	Run actions/checkout@de0fac2e4500dabe0009e67214ff5f5447ce83dd	2026-10-10T07:00:54.1824145Z Syncing repository: wlvh/SEC_metrics
source-contracts	Run actions/checkout@de0fac2e4500dabe0009e67214ff5f5447ce83dd	2026-10-10T07:00:54.1826629Z ##[group]Getting Git version info
source-contracts	Run actions/checkout@de0fac2e4500dabe0009e67214ff5f5447ce83dd	2026-10-10T07:00:54.1827961Z Working directory is '/home/runner/work/SEC_metrics/SEC_metrics'
source-contracts	Run actions/checkout@de0fac2e4500dabe0009e67214ff5f5447ce83dd	2026-10-10T07:00:54.1829793Z [command]/usr/bin/git version
source-contracts	Run actions/checkout@de0fac2e4500dabe0009e67214ff5f5447ce83dd	2026-10-10T07:00:54.1966482Z git version 2.55.0
source-contracts	Run actions/checkout@de0fac2e4500dabe0009e67214ff5f5447ce83dd	2026-10-10T07:00:54.1996585Z ##[endgroup]
source-contracts	Run actions/checkout@de0fac2e4500dabe0009e67214ff5f5447ce83dd	2026-10-10T07:00:54.2013512Z Temporarily overriding HOME='/home/runner/work/_temp/f8e2e3ab-3ae9-47ad-b4b7-2cb36dc81387' before making global git config changes
source-contracts	Run actions/checkout@de0fac2e4500dabe0009e67214ff5f5447ce83dd	2026-10-10T07:00:54.2016393Z Adding repository directory to the temporary git global config as a safe directory
source-contracts	Run actions/checkout@de0fac2e4500dabe0009e67214ff5f5447ce83dd	2026-10-10T07:00:54.2020031Z [command]/usr/bin/git config --global --add safe.directory /home/runner/work/SEC_metrics/SEC_metrics
source-contracts	Run actions/checkout@de0fac2e4500dabe0009e67214ff5f5447ce83dd	2026-10-10T07:00:54.2076705Z Deleting the contents of '/home/runner/work/SEC_metrics/SEC_metrics'
source-contracts	Run actions/checkout@de0fac2e4500dabe0009e67214ff5f5447ce83dd	2026-10-10T07:00:54.2080350Z ##[group]Initializing the repository
source-contracts	Run actions/checkout@de0fac2e4500dabe0009e67214ff5f5447ce83dd	2026-10-10T07:00:54.2086841Z [command]/usr/bin/git init /home/runner/work/SEC_metrics/SEC_metrics
source-contracts	Run actions/checkout@de0fac2e4500dabe0009e67214ff5f5447ce83dd	2026-10-10T07:00:54.2229686Z hint: Using 'master' as the name for the initial branch. This default branch name
source-contracts	Run actions/checkout@de0fac2e4500dabe0009e67214ff5f5447ce83dd	2026-10-10T07:00:54.2230981Z hint: will change to "main" in Git 3.0. To configure the initial branch name
source-contracts	Run actions/checkout@de0fac2e4500dabe0009e67214ff5f5447ce83dd	2026-10-10T07:00:54.2232344Z hint: to use in all of your new repositories, which will suppress this warning,
source-contracts	Run actions/checkout@de0fac2e4500dabe0009e67214ff5f5447ce83dd	2026-10-10T07:00:54.2233090Z hint: call:
source-contracts	Run actions/checkout@de0fac2e4500dabe0009e67214ff5f5447ce83dd	2026-10-10T07:00:54.2233498Z hint:
source-contracts	Run actions/checkout@de0fac2e4500dabe0009e67214ff5f5447ce83dd	2026-10-10T07:00:54.2234034Z hint: 	git config --global init.defaultBranch <name>
source-contracts	Run actions/checkout@de0fac2e4500dabe0009e67214ff5f5447ce83dd	2026-10-10T07:00:54.2234648Z hint:
source-contracts	Run actions/checkout@de0fac2e4500dabe0009e67214ff5f5447ce83dd	2026-10-10T07:00:54.2235498Z hint: Names commonly chosen instead of 'master' are 'main', 'trunk' and
source-contracts	Run actions/checkout@de0fac2e4500dabe0009e67214ff5f5447ce83dd	2026-10-10T07:00:54.2236471Z hint: 'development'. The just-created branch can be renamed via this command:
source-contracts	Run actions/checkout@de0fac2e4500dabe0009e67214ff5f5447ce83dd	2026-10-10T07:00:54.2237206Z hint:
source-contracts	Run actions/checkout@de0fac2e4500dabe0009e67214ff5f5447ce83dd	2026-10-10T07:00:54.2237627Z hint: 	git branch -m <name>
source-contracts	Run actions/checkout@de0fac2e4500dabe0009e67214ff5f5447ce83dd	2026-10-10T07:00:54.2238113Z hint:
source-contracts	Run actions/checkout@de0fac2e4500dabe0009e67214ff5f5447ce83dd	2026-10-10T07:00:54.2238738Z hint: Disable this message with "git config set advice.defaultBranchName false"
source-contracts	Run actions/checkout@de0fac2e4500dabe0009e67214ff5f5447ce83dd	2026-10-10T07:00:54.2245416Z Initialized empty Git repository in /home/runner/work/SEC_metrics/SEC_metrics/.git/
source-contracts	Run actions/checkout@de0fac2e4500dabe0009e67214ff5f5447ce83dd	2026-10-10T07:00:54.2259370Z [command]/usr/bin/git remote add origin https://github.com/wlvh/SEC_metrics
source-contracts	Run actions/checkout@de0fac2e4500dabe0009e67214ff5f5447ce83dd	2026-10-10T07:00:54.2319565Z ##[endgroup]
source-contracts	Run actions/checkout@de0fac2e4500dabe0009e67214ff5f5447ce83dd	2026-10-10T07:00:54.2321119Z ##[group]Disabling automatic garbage collection
source-contracts	Run actions/checkout@de0fac2e4500dabe0009e67214ff5f5447ce83dd	2026-10-10T07:00:54.2323773Z [command]/usr/bin/git config --local gc.auto 0
source-contracts	Run actions/checkout@de0fac2e4500dabe0009e67214ff5f5447ce83dd	2026-10-10T07:00:54.2377750Z ##[endgroup]
source-contracts	Run actions/checkout@de0fac2e4500dabe0009e67214ff5f5447ce83dd	2026-10-10T07:00:54.2379043Z ##[group]Setting up auth
source-contracts	Run actions/checkout@de0fac2e4500dabe0009e67214ff5f5447ce83dd	2026-10-10T07:00:54.2379930Z Removing SSH command configuration
source-contracts	Run actions/checkout@de0fac2e4500dabe0009e67214ff5f5447ce83dd	2026-10-10T07:00:54.2381567Z [command]/usr/bin/git config --local --name-only --get-regexp core\.sshCommand
source-contracts	Run actions/checkout@de0fac2e4500dabe0009e67214ff5f5447ce83dd	2026-10-10T07:00:54.2417169Z [command]/usr/bin/git submodule foreach --recursive sh -c "git config --local --name-only --get-regexp 'core\.sshCommand' && git config --local --unset-all 'core.sshCommand' || :"
source-contracts	Run actions/checkout@de0fac2e4500dabe0009e67214ff5f5447ce83dd	2026-10-10T07:00:54.2822304Z Removing HTTP extra header
source-contracts	Run actions/checkout@de0fac2e4500dabe0009e67214ff5f5447ce83dd	2026-10-10T07:00:54.2831198Z [command]/usr/bin/git config --local --name-only --get-regexp http\.https\:\/\/github\.com\/\.extraheader
source-contracts	Run actions/checkout@de0fac2e4500dabe0009e67214ff5f5447ce83dd	2026-10-10T07:00:54.2869350Z [command]/usr/bin/git submodule foreach --recursive sh -c "git config --local --name-only --get-regexp 'http\.https\:\/\/github\.com\/\.extraheader' && git config --local --unset-all 'http.https://github.com/.extraheader' || :"
source-contracts	Run actions/checkout@de0fac2e4500dabe0009e67214ff5f5447ce83dd	2026-10-10T07:00:54.3092657Z Removing includeIf entries pointing to credentials config files
source-contracts	Run actions/checkout@de0fac2e4500dabe0009e67214ff5f5447ce83dd	2026-10-10T07:00:54.3100709Z [command]/usr/bin/git config --local --name-only --get-regexp ^includeIf\.gitdir:
source-contracts	Run actions/checkout@de0fac2e4500dabe0009e67214ff5f5447ce83dd	2026-10-10T07:00:54.3139537Z [command]/usr/bin/git submodule foreach --recursive git config --local --show-origin --name-only --get-regexp remote.origin.url
source-contracts	Run actions/checkout@de0fac2e4500dabe0009e67214ff5f5447ce83dd	2026-10-10T07:00:54.3376132Z [command]/usr/bin/git config --file /home/runner/work/_temp/git-credentials-edc4e966-0710-4c7d-9bcc-984d2c35745d.config http.https://github.com/.extraheader AUTHORIZATION: basic ***
source-contracts	Run actions/checkout@de0fac2e4500dabe0009e67214ff5f5447ce83dd	2026-10-10T07:00:54.3420082Z [command]/usr/bin/git config --local includeIf.gitdir:/home/runner/work/SEC_metrics/SEC_metrics/.git.path /home/runner/work/_temp/git-credentials-edc4e966-0710-4c7d-9bcc-984d2c35745d.config
source-contracts	Run actions/checkout@de0fac2e4500dabe0009e67214ff5f5447ce83dd	2026-10-10T07:00:54.3457701Z [command]/usr/bin/git config --local includeIf.gitdir:/home/runner/work/SEC_metrics/SEC_metrics/.git/worktrees/*.path /home/runner/work/_temp/git-credentials-edc4e966-0710-4c7d-9bcc-984d2c35745d.config
source-contracts	Run actions/checkout@de0fac2e4500dabe0009e67214ff5f5447ce83dd	2026-10-10T07:00:54.3504354Z [command]/usr/bin/git config --local includeIf.gitdir:/github/workspace/.git.path /github/runner_temp/git-credentials-edc4e966-0710-4c7d-9bcc-984d2c35745d.config
source-contracts	Run actions/checkout@de0fac2e4500dabe0009e67214ff5f5447ce83dd	2026-10-10T07:00:54.3556763Z [command]/usr/bin/git config --local includeIf.gitdir:/github/workspace/.git/worktrees/*.path /github/runner_temp/git-credentials-edc4e966-0710-4c7d-9bcc-984d2c35745d.config
source-contracts	Run actions/checkout@de0fac2e4500dabe0009e67214ff5f5447ce83dd	2026-10-10T07:00:54.3603918Z ##[endgroup]
source-contracts	Run actions/checkout@de0fac2e4500dabe0009e67214ff5f5447ce83dd	2026-10-10T07:00:54.3605493Z ##[group]Fetching the repository
source-contracts	Run actions/checkout@de0fac2e4500dabe0009e67214ff5f5447ce83dd	2026-10-10T07:00:54.3614076Z [command]/usr/bin/git -c protocol.version=2 fetch --no-tags --prune --no-recurse-submodules --depth=1 origin +4947cc9aeb057241c629e5711501f7f3fd92ef0a:refs/remotes/pull/133/merge
source-contracts	Run actions/checkout@de0fac2e4500dabe0009e67214ff5f5447ce83dd	2026-10-10T07:01:04.0315423Z From https://github.com/wlvh/SEC_metrics
source-contracts	Run actions/checkout@de0fac2e4500dabe0009e67214ff5f5447ce83dd	2026-10-10T07:01:04.0317421Z  * [new ref]         4947cc9aeb057241c629e5711501f7f3fd92ef0a -> pull/133/merge
source-contracts	Run actions/checkout@de0fac2e4500dabe0009e67214ff5f5447ce83dd	2026-10-10T07:01:04.0322414Z ##[endgroup]
source-contracts	Run actions/checkout@de0fac2e4500dabe0009e67214ff5f5447ce83dd	2026-10-10T07:01:04.0323861Z ##[group]Determining the checkout info
source-contracts	Run actions/checkout@de0fac2e4500dabe0009e67214ff5f5447ce83dd	2026-10-10T07:01:04.0326083Z ##[endgroup]
source-contracts	Run actions/checkout@de0fac2e4500dabe0009e67214ff5f5447ce83dd	2026-10-10T07:01:04.0329428Z [command]/usr/bin/git sparse-checkout disable
source-contracts	Run actions/checkout@de0fac2e4500dabe0009e67214ff5f5447ce83dd	2026-10-10T07:01:04.0390916Z [command]/usr/bin/git config --local --unset-all extensions.worktreeConfig
source-contracts	Run actions/checkout@de0fac2e4500dabe0009e67214ff5f5447ce83dd	2026-10-10T07:01:04.0426881Z ##[group]Checking out the ref
source-contracts	Run actions/checkout@de0fac2e4500dabe0009e67214ff5f5447ce83dd	2026-10-10T07:01:04.0430274Z [command]/usr/bin/git checkout --progress --force refs/remotes/pull/133/merge
source-contracts	Run actions/checkout@de0fac2e4500dabe0009e67214ff5f5447ce83dd	2026-10-10T07:01:05.1573303Z Updating files:  63% (5799/9125)
source-contracts	Run actions/checkout@de0fac2e4500dabe0009e67214ff5f5447ce83dd	2026-10-10T07:01:05.2155534Z Updating files:  64% (5840/9125)
source-contracts	Run actions/checkout@de0fac2e4500dabe0009e67214ff5f5447ce83dd	2026-10-10T07:01:05.2613952Z Updating files:  65% (5932/9125)
source-contracts	Run actions/checkout@de0fac2e4500dabe0009e67214ff5f5447ce83dd	2026-10-10T07:01:05.3474772Z Updating files:  66% (6023/9125)
source-contracts	Run actions/checkout@de0fac2e4500dabe0009e67214ff5f5447ce83dd	2026-10-10T07:01:05.3871300Z Updating files:  67% (6114/9125)
source-contracts	Run actions/checkout@de0fac2e4500dabe0009e67214ff5f5447ce83dd	2026-10-10T07:01:05.4206903Z Updating files:  68% (6205/9125)
source-contracts	Run actions/checkout@de0fac2e4500dabe0009e67214ff5f5447ce83dd	2026-10-10T07:01:05.5879212Z Updating files:  69% (6297/9125)
source-contracts	Run actions/checkout@de0fac2e4500dabe0009e67214ff5f5447ce83dd	2026-10-10T07:01:05.6498301Z Updating files:  70% (6388/9125)
source-contracts	Run actions/checkout@de0fac2e4500dabe0009e67214ff5f5447ce83dd	2026-10-10T07:01:05.6660528Z Updating files:  71% (6479/9125)
source-contracts	Run actions/checkout@de0fac2e4500dabe0009e67214ff5f5447ce83dd	2026-10-10T07:01:05.6809827Z Updating files:  72% (6570/9125)
source-contracts	Run actions/checkout@de0fac2e4500dabe0009e67214ff5f5447ce83dd	2026-10-10T07:01:05.6964453Z Updating files:  73% (6662/9125)
source-contracts	Run actions/checkout@de0fac2e4500dabe0009e67214ff5f5447ce83dd	2026-10-10T07:01:05.7071163Z Updating files:  74% (6753/9125)
source-contracts	Run actions/checkout@de0fac2e4500dabe0009e67214ff5f5447ce83dd	2026-10-10T07:01:05.7264061Z Updating files:  75% (6844/9125)
source-contracts	Run actions/checkout@de0fac2e4500dabe0009e67214ff5f5447ce83dd	2026-10-10T07:01:05.7461874Z Updating files:  76% (6935/9125)
source-contracts	Run actions/checkout@de0fac2e4500dabe0009e67214ff5f5447ce83dd	2026-10-10T07:01:05.7580735Z Updating files:  77% (7027/9125)
source-contracts	Run actions/checkout@de0fac2e4500dabe0009e67214ff5f5447ce83dd	2026-10-10T07:01:05.7814160Z Updating files:  78% (7118/9125)
source-contracts	Run actions/checkout@de0fac2e4500dabe0009e67214ff5f5447ce83dd	2026-10-10T07:01:05.8092432Z Updating files:  79% (7209/9125)
source-contracts	Run actions/checkout@de0fac2e4500dabe0009e67214ff5f5447ce83dd	2026-10-10T07:01:05.8321707Z Updating files:  80% (7300/9125)
source-contracts	Run actions/checkout@de0fac2e4500dabe0009e67214ff5f5447ce83dd	2026-10-10T07:01:05.8389184Z Updating files:  81% (7392/9125)
source-contracts	Run actions/checkout@de0fac2e4500dabe0009e67214ff5f5447ce83dd	2026-10-10T07:01:05.8657123Z Updating files:  82% (7483/9125)
source-contracts	Run actions/checkout@de0fac2e4500dabe0009e67214ff5f5447ce83dd	2026-10-10T07:01:05.8911225Z Updating files:  83% (7574/9125)
source-contracts	Run actions/checkout@de0fac2e4500dabe0009e67214ff5f5447ce83dd	2026-10-10T07:01:05.9011935Z Updating files:  84% (7665/9125)
source-contracts	Run actions/checkout@de0fac2e4500dabe0009e67214ff5f5447ce83dd	2026-10-10T07:01:05.9079247Z Updating files:  85% (7757/9125)
source-contracts	Run actions/checkout@de0fac2e4500dabe0009e67214ff5f5447ce83dd	2026-10-10T07:01:05.9145538Z Updating files:  86% (7848/9125)
source-contracts	Run actions/checkout@de0fac2e4500dabe0009e67214ff5f5447ce83dd	2026-10-10T07:01:05.9264327Z Updating files:  87% (7939/9125)
source-contracts	Run actions/checkout@de0fac2e4500dabe0009e67214ff5f5447ce83dd	2026-10-10T07:01:05.9534052Z Updating files:  88% (8030/9125)
source-contracts	Run actions/checkout@de0fac2e4500dabe0009e67214ff5f5447ce83dd	2026-10-10T07:01:06.0589654Z Updating files:  89% (8122/9125)
source-contracts	Run actions/checkout@de0fac2e4500dabe0009e67214ff5f5447ce83dd	2026-10-10T07:01:06.0756108Z Updating files:  89% (8158/9125)
source-contracts	Run actions/checkout@de0fac2e4500dabe0009e67214ff5f5447ce83dd	2026-10-10T07:01:06.0812478Z Updating files:  90% (8213/9125)
source-contracts	Run actions/checkout@de0fac2e4500dabe0009e67214ff5f5447ce83dd	2026-10-10T07:01:06.0943843Z Updating files:  91% (8304/9125)
source-contracts	Run actions/checkout@de0fac2e4500dabe0009e67214ff5f5447ce83dd	2026-10-10T07:01:06.1032575Z Updating files:  92% (8395/9125)
source-contracts	Run actions/checkout@de0fac2e4500dabe0009e67214ff5f5447ce83dd	2026-10-10T07:01:06.1137894Z Updating files:  93% (8487/9125)
source-contracts	Run actions/checkout@de0fac2e4500dabe0009e67214ff5f5447ce83dd	2026-10-10T07:01:06.1239350Z Updating files:  94% (8578/9125)
source-contracts	Run actions/checkout@de0fac2e4500dabe0009e67214ff5f5447ce83dd	2026-10-10T07:01:06.1327079Z Updating files:  95% (8669/9125)
source-contracts	Run actions/checkout@de0fac2e4500dabe0009e67214ff5f5447ce83dd	2026-10-10T07:01:06.1423836Z Updating files:  96% (8760/9125)
source-contracts	Run actions/checkout@de0fac2e4500dabe0009e67214ff5f5447ce83dd	2026-10-10T07:01:06.1510948Z Updating files:  97% (8852/9125)
source-contracts	Run actions/checkout@de0fac2e4500dabe0009e67214ff5f5447ce83dd	2026-10-10T07:01:06.1585398Z Updating files:  98% (8943/9125)
source-contracts	Run actions/checkout@de0fac2e4500dabe0009e67214ff5f5447ce83dd	2026-10-10T07:01:06.1672522Z Updating files:  99% (9034/9125)
source-contracts	Run actions/checkout@de0fac2e4500dabe0009e67214ff5f5447ce83dd	2026-10-10T07:01:06.1672966Z Updating files: 100% (9125/9125)
source-contracts	Run actions/checkout@de0fac2e4500dabe0009e67214ff5f5447ce83dd	2026-10-10T07:01:06.1673245Z Updating files: 100% (9125/9125), done.
source-contracts	Run actions/checkout@de0fac2e4500dabe0009e67214ff5f5447ce83dd	2026-10-10T07:01:06.5122358Z Note: switching to 'refs/remotes/pull/133/merge'.
source-contracts	Run actions/checkout@de0fac2e4500dabe0009e67214ff5f5447ce83dd	2026-10-10T07:01:06.5122870Z 
source-contracts	Run actions/checkout@de0fac2e4500dabe0009e67214ff5f5447ce83dd	2026-10-10T07:01:06.5123363Z You are in 'detached HEAD' state. You can look around, make experimental
source-contracts	Run actions/checkout@de0fac2e4500dabe0009e67214ff5f5447ce83dd	2026-10-10T07:01:06.5124284Z changes and commit them, and you can discard any commits you make in this
source-contracts	Run actions/checkout@de0fac2e4500dabe0009e67214ff5f5447ce83dd	2026-10-10T07:01:06.5125650Z state without impacting any branches by switching back to a branch.
source-contracts	Run actions/checkout@de0fac2e4500dabe0009e67214ff5f5447ce83dd	2026-10-10T07:01:06.5126183Z 
source-contracts	Run actions/checkout@de0fac2e4500dabe0009e67214ff5f5447ce83dd	2026-10-10T07:01:06.5126538Z If you want to create a new branch to retain commits you create, you may
source-contracts	Run actions/checkout@de0fac2e4500dabe0009e67214ff5f5447ce83dd	2026-10-10T07:01:06.5127384Z do so (now or later) by using -c with the switch command. Example:
source-contracts	Run actions/checkout@de0fac2e4500dabe0009e67214ff5f5447ce83dd	2026-10-10T07:01:06.5127876Z 
source-contracts	Run actions/checkout@de0fac2e4500dabe0009e67214ff5f5447ce83dd	2026-10-10T07:01:06.5128061Z   git switch -c <new-branch-name>
source-contracts	Run actions/checkout@de0fac2e4500dabe0009e67214ff5f5447ce83dd	2026-10-10T07:01:06.5128345Z 
source-contracts	Run actions/checkout@de0fac2e4500dabe0009e67214ff5f5447ce83dd	2026-10-10T07:01:06.5128513Z Or undo this operation with:
source-contracts	Run actions/checkout@de0fac2e4500dabe0009e67214ff5f5447ce83dd	2026-10-10T07:01:06.5128744Z 
source-contracts	Run actions/checkout@de0fac2e4500dabe0009e67214ff5f5447ce83dd	2026-10-10T07:01:06.5128878Z   git switch -
source-contracts	Run actions/checkout@de0fac2e4500dabe0009e67214ff5f5447ce83dd	2026-10-10T07:01:06.5129149Z 
source-contracts	Run actions/checkout@de0fac2e4500dabe0009e67214ff5f5447ce83dd	2026-10-10T07:01:06.5129479Z Turn off this advice by setting config variable advice.detachedHead to false
source-contracts	Run actions/checkout@de0fac2e4500dabe0009e67214ff5f5447ce83dd	2026-10-10T07:01:06.5130018Z 
source-contracts	Run actions/checkout@de0fac2e4500dabe0009e67214ff5f5447ce83dd	2026-10-10T07:01:06.5130600Z HEAD is now at 4947cc9 Merge 2e08ea1ff4977704187a2b0bd635dea58cbefa9f into bc5ee8912105154abb0285c9b01cf5756c300daf
source-contracts	Run actions/checkout@de0fac2e4500dabe0009e67214ff5f5447ce83dd	2026-10-10T07:01:06.5208522Z ##[endgroup]
source-contracts	Run actions/checkout@de0fac2e4500dabe0009e67214ff5f5447ce83dd	2026-10-10T07:01:06.5585914Z [command]/usr/bin/git log -1 --format=%H
source-contracts	Run actions/checkout@de0fac2e4500dabe0009e67214ff5f5447ce83dd	2026-10-10T07:01:06.5623912Z 4947cc9aeb057241c629e5711501f7f3fd92ef0a
source-contracts	Run actions/checkout@de0fac2e4500dabe0009e67214ff5f5447ce83dd	2026-10-10T07:01:06.5634536Z ##[group]Removing auth
source-contracts	Run actions/checkout@de0fac2e4500dabe0009e67214ff5f5447ce83dd	2026-10-10T07:01:06.5635296Z Removing SSH command configuration
source-contracts	Run actions/checkout@de0fac2e4500dabe0009e67214ff5f5447ce83dd	2026-10-10T07:01:06.5639260Z [command]/usr/bin/git config --local --name-only --get-regexp core\.sshCommand
source-contracts	Run actions/checkout@de0fac2e4500dabe0009e67214ff5f5447ce83dd	2026-10-10T07:01:06.5672986Z [command]/usr/bin/git submodule foreach --recursive sh -c "git config --local --name-only --get-regexp 'core\.sshCommand' && git config --local --unset-all 'core.sshCommand' || :"
source-contracts	Run actions/checkout@de0fac2e4500dabe0009e67214ff5f5447ce83dd	2026-10-10T07:01:06.5915954Z Removing HTTP extra header
source-contracts	Run actions/checkout@de0fac2e4500dabe0009e67214ff5f5447ce83dd	2026-10-10T07:01:06.5920480Z [command]/usr/bin/git config --local --name-only --get-regexp http\.https\:\/\/github\.com\/\.extraheader
source-contracts	Run actions/checkout@de0fac2e4500dabe0009e67214ff5f5447ce83dd	2026-10-10T07:01:06.5957598Z [command]/usr/bin/git submodule foreach --recursive sh -c "git config --local --name-only --get-regexp 'http\.https\:\/\/github\.com\/\.extraheader' && git config --local --unset-all 'http.https://github.com/.extraheader' || :"
source-contracts	Run actions/checkout@de0fac2e4500dabe0009e67214ff5f5447ce83dd	2026-10-10T07:01:06.6206258Z Removing includeIf entries pointing to credentials config files
source-contracts	Run actions/checkout@de0fac2e4500dabe0009e67214ff5f5447ce83dd	2026-10-10T07:01:06.6211099Z [command]/usr/bin/git config --local --name-only --get-regexp ^includeIf\.gitdir:
source-contracts	Run actions/checkout@de0fac2e4500dabe0009e67214ff5f5447ce83dd	2026-10-10T07:01:06.6507047Z includeif.gitdir:/home/runner/work/SEC_metrics/SEC_metrics/.git.path
source-contracts	Run actions/checkout@de0fac2e4500dabe0009e67214ff5f5447ce83dd	2026-10-10T07:01:06.6508123Z includeif.gitdir:/home/runner/work/SEC_metrics/SEC_metrics/.git/worktrees/*.path
source-contracts	Run actions/checkout@de0fac2e4500dabe0009e67214ff5f5447ce83dd	2026-10-10T07:01:06.6508966Z includeif.gitdir:/github/workspace/.git.path
source-contracts	Run actions/checkout@de0fac2e4500dabe0009e67214ff5f5447ce83dd	2026-10-10T07:01:06.6509634Z includeif.gitdir:/github/workspace/.git/worktrees/*.path
source-contracts	Run actions/checkout@de0fac2e4500dabe0009e67214ff5f5447ce83dd	2026-10-10T07:01:06.6520432Z [command]/usr/bin/git config --local --get-all includeif.gitdir:/home/runner/work/SEC_metrics/SEC_metrics/.git.path
source-contracts	Run actions/checkout@de0fac2e4500dabe0009e67214ff5f5447ce83dd	2026-10-10T07:01:06.6549638Z /home/runner/work/_temp/git-credentials-edc4e966-0710-4c7d-9bcc-984d2c35745d.config
source-contracts	Run actions/checkout@de0fac2e4500dabe0009e67214ff5f5447ce83dd	2026-10-10T07:01:06.6561364Z [command]/usr/bin/git config --local --unset includeif.gitdir:/home/runner/work/SEC_metrics/SEC_metrics/.git.path /home/runner/work/_temp/git-credentials-edc4e966-0710-4c7d-9bcc-984d2c35745d.config
source-contracts	Run actions/checkout@de0fac2e4500dabe0009e67214ff5f5447ce83dd	2026-10-10T07:01:06.6990781Z [command]/usr/bin/git config --local --get-all includeif.gitdir:/home/runner/work/SEC_metrics/SEC_metrics/.git/worktrees/*.path
source-contracts	Run actions/checkout@de0fac2e4500dabe0009e67214ff5f5447ce83dd	2026-10-10T07:01:06.7015812Z /home/runner/work/_temp/git-credentials-edc4e966-0710-4c7d-9bcc-984d2c35745d.config
source-contracts	Run actions/checkout@de0fac2e4500dabe0009e67214ff5f5447ce83dd	2026-10-10T07:01:06.7024782Z [command]/usr/bin/git config --local --unset includeif.gitdir:/home/runner/work/SEC_metrics/SEC_metrics/.git/worktrees/*.path /home/runner/work/_temp/git-credentials-edc4e966-0710-4c7d-9bcc-984d2c35745d.config
source-contracts	Run actions/checkout@de0fac2e4500dabe0009e67214ff5f5447ce83dd	2026-10-10T07:01:06.7166477Z [command]/usr/bin/git config --local --get-all includeif.gitdir:/github/workspace/.git.path
source-contracts	Run actions/checkout@de0fac2e4500dabe0009e67214ff5f5447ce83dd	2026-10-10T07:01:06.7202258Z /github/runner_temp/git-credentials-edc4e966-0710-4c7d-9bcc-984d2c35745d.config
source-contracts	Run actions/checkout@de0fac2e4500dabe0009e67214ff5f5447ce83dd	2026-10-10T07:01:06.7214475Z [command]/usr/bin/git config --local --unset includeif.gitdir:/github/workspace/.git.path /github/runner_temp/git-credentials-edc4e966-0710-4c7d-9bcc-984d2c35745d.config
source-contracts	Run actions/checkout@de0fac2e4500dabe0009e67214ff5f5447ce83dd	2026-10-10T07:01:06.7623257Z [command]/usr/bin/git config --local --get-all includeif.gitdir:/github/workspace/.git/worktrees/*.path
source-contracts	Run actions/checkout@de0fac2e4500dabe0009e67214ff5f5447ce83dd	2026-10-10T07:01:06.7652014Z /github/runner_temp/git-credentials-edc4e966-0710-4c7d-9bcc-984d2c35745d.config
source-contracts	Run actions/checkout@de0fac2e4500dabe0009e67214ff5f5447ce83dd	2026-10-10T07:01:06.7659884Z [command]/usr/bin/git config --local --unset includeif.gitdir:/github/workspace/.git/worktrees/*.path /github/runner_temp/git-credentials-edc4e966-0710-4c7d-9bcc-984d2c35745d.config
source-contracts	Run actions/checkout@de0fac2e4500dabe0009e67214ff5f5447ce83dd	2026-10-10T07:01:06.7699484Z [command]/usr/bin/git submodule foreach --recursive git config --local --show-origin --name-only --get-regexp remote.origin.url
source-contracts	Run actions/checkout@de0fac2e4500dabe0009e67214ff5f5447ce83dd	2026-10-10T07:01:06.7967851Z Removing credentials config '/home/runner/work/_temp/git-credentials-edc4e966-0710-4c7d-9bcc-984d2c35745d.config'
source-contracts	Run actions/checkout@de0fac2e4500dabe0009e67214ff5f5447ce83dd	2026-10-10T07:01:06.7977543Z ##[endgroup]
source-contracts	Run actions/setup-python@a309ff8b426b58ec0e2a45f0f869d46889d02405	﻿2026-10-10T07:01:06.8308695Z ##[group]Run actions/setup-python@a309ff8b426b58ec0e2a45f0f869d46889d02405
source-contracts	Run actions/setup-python@a309ff8b426b58ec0e2a45f0f869d46889d02405	2026-10-10T07:01:06.8309115Z with:
source-contracts	Run actions/setup-python@a309ff8b426b58ec0e2a45f0f869d46889d02405	2026-10-10T07:01:06.8309322Z   python-version: 3.14
source-contracts	Run actions/setup-python@a309ff8b426b58ec0e2a45f0f869d46889d02405	2026-10-10T07:01:06.8309734Z   check-latest: false
source-contracts	Run actions/setup-python@a309ff8b426b58ec0e2a45f0f869d46889d02405	2026-10-10T07:01:06.8312103Z   token: ***
source-contracts	Run actions/setup-python@a309ff8b426b58ec0e2a45f0f869d46889d02405	2026-10-10T07:01:06.8312317Z   update-environment: true
source-contracts	Run actions/setup-python@a309ff8b426b58ec0e2a45f0f869d46889d02405	2026-10-10T07:01:06.8312559Z   allow-prereleases: false
source-contracts	Run actions/setup-python@a309ff8b426b58ec0e2a45f0f869d46889d02405	2026-10-10T07:01:06.8312786Z   freethreaded: false
source-contracts	Run actions/setup-python@a309ff8b426b58ec0e2a45f0f869d46889d02405	2026-10-10T07:01:06.8312994Z ##[endgroup]
source-contracts	Run actions/setup-python@a309ff8b426b58ec0e2a45f0f869d46889d02405	2026-10-10T07:01:06.9646844Z ##[group]Installed versions
source-contracts	Run actions/setup-python@a309ff8b426b58ec0e2a45f0f869d46889d02405	2026-10-10T07:01:06.9749966Z Successfully set up CPython (3.14.8)
source-contracts	Run actions/setup-python@a309ff8b426b58ec0e2a45f0f869d46889d02405	2026-10-10T07:01:06.9750765Z ##[endgroup]
source-contracts	Explicit text capacity and retained excerpt contracts	﻿2026-10-10T07:01:06.9930646Z ##[group]Run python3 tests/required_unittests.py tests.vnext.test_text_item_capacity tests.vnext.test_text_results tests.vnext.test_spec_compiler
source-contracts	Explicit text capacity and retained excerpt contracts	2026-10-10T07:01:06.9931760Z ^[[36;1mpython3 tests/required_unittests.py tests.vnext.test_text_item_capacity tests.vnext.test_text_results tests.vnext.test_spec_compiler^[[0m
source-contracts	Explicit text capacity and retained excerpt contracts	2026-10-10T07:01:07.0369035Z shell: /usr/bin/bash -e {0}
source-contracts	Explicit text capacity and retained excerpt contracts	2026-10-10T07:01:07.0369325Z env:
source-contracts	Explicit text capacity and retained excerpt contracts	2026-10-10T07:01:07.0369606Z   pythonLocation: /opt/hostedtoolcache/Python/3.14.8/x64
source-contracts	Explicit text capacity and retained excerpt contracts	2026-10-10T07:01:07.0370075Z   PKG_CONFIG_PATH: /opt/hostedtoolcache/Python/3.14.8/x64/lib/pkgconfig
source-contracts	Explicit text capacity and retained excerpt contracts	2026-10-10T07:01:07.0370549Z   Python_ROOT_DIR: /opt/hostedtoolcache/Python/3.14.8/x64
source-contracts	Explicit text capacity and retained excerpt contracts	2026-10-10T07:01:07.0370934Z   Python2_ROOT_DIR: /opt/hostedtoolcache/Python/3.14.8/x64
source-contracts	Explicit text capacity and retained excerpt contracts	2026-10-10T07:01:07.0371321Z   Python3_ROOT_DIR: /opt/hostedtoolcache/Python/3.14.8/x64
source-contracts	Explicit text capacity and retained excerpt contracts	2026-10-10T07:01:07.0371702Z   LD_LIBRARY_PATH: /opt/hostedtoolcache/Python/3.14.8/x64/lib
source-contracts	Explicit text capacity and retained excerpt contracts	2026-10-10T07:01:07.0372047Z   PYTHONDONTWRITEBYTECODE: 1
source-contracts	Explicit text capacity and retained excerpt contracts	2026-10-10T07:01:07.0372337Z ##[endgroup]
source-contracts	Explicit text capacity and retained excerpt contracts	2026-10-10T07:01:13.1536330Z test_128_items_are_supported_but_129_are_not_silently_trimmed (tests.vnext.test_text_item_capacity.TextItemCapacityTest.test_128_items_are_supported_but_129_are_not_silently_trimmed) ... ok
source-contracts	Explicit text capacity and retained excerpt contracts	2026-10-10T07:01:13.3383873Z test_68_full_titles_roundtrip_without_cutting_or_changing_old_encoding_fields (tests.vnext.test_text_item_capacity.TextItemCapacityTest.test_68_full_titles_roundtrip_without_cutting_or_changing_old_encoding_fields) ... ok
source-contracts	Explicit text capacity and retained excerpt contracts	2026-10-10T07:01:13.3482874Z test_character_bound_and_source_coverage_are_not_relaxed_by_more_items (tests.vnext.test_text_item_capacity.TextItemCapacityTest.test_character_bound_and_source_coverage_are_not_relaxed_by_more_items) ... ok
source-contracts	Explicit text capacity and retained excerpt contracts	2026-10-10T07:01:13.3494621Z test_new_catalog_changes_only_explicit_capacity_not_business_selection (tests.vnext.test_text_item_capacity.TextItemCapacityTest.test_new_catalog_changes_only_explicit_capacity_not_business_selection) ... ok
source-contracts	Explicit text capacity and retained excerpt contracts	2026-10-10T07:01:13.4667349Z test_new_renderer_cannot_be_bound_to_an_old_or_smaller_spec_in_direct_builder (tests.vnext.test_text_item_capacity.TextItemCapacityTest.test_new_renderer_cannot_be_bound_to_an_old_or_smaller_spec_in_direct_builder) ... ok
source-contracts	Explicit text capacity and retained excerpt contracts	2026-10-10T07:01:13.4951564Z test_old_policy_result_and_trace_are_unchanged (tests.vnext.test_text_item_capacity.TextItemCapacityTest.test_old_policy_result_and_trace_are_unchanged) ... ok
source-contracts	Explicit text capacity and retained excerpt contracts	2026-10-10T07:01:13.5303493Z test_original_64_contract_and_smaller_successor_contract_remain_real_limits (tests.vnext.test_text_item_capacity.TextItemCapacityTest.test_original_64_contract_and_smaller_successor_contract_remain_real_limits) ... ok
source-contracts	Explicit text capacity and retained excerpt contracts	2026-10-10T07:01:13.6500848Z test_renderer_and_compiler_refuse_unknown_capacity_bad_types_and_overlimit (tests.vnext.test_text_item_capacity.TextItemCapacityTest.test_renderer_and_compiler_refuse_unknown_capacity_bad_types_and_overlimit) ... ok
source-contracts	Explicit text capacity and retained excerpt contracts	2026-10-10T07:01:13.6913325Z test_deterministic_candidate_has_no_ai_identity_and_replays_all_headings (tests.vnext.test_text_results.TextResultTest.test_deterministic_candidate_has_no_ai_identity_and_replays_all_headings) ... ok
source-contracts	Explicit text capacity and retained excerpt contracts	2026-10-10T07:01:13.8871995Z test_existing_projector_preserves_text_and_each_original_excerpt (tests.vnext.test_text_results.TextResultTest.test_existing_projector_preserves_text_and_each_original_excerpt) ... ok
source-contracts	Explicit text capacity and retained excerpt contracts	2026-10-10T07:01:13.9247342Z test_full_block_and_leading_emphasis_are_controlled_source_extents (tests.vnext.test_text_results.TextResultTest.test_full_block_and_leading_emphasis_are_controlled_source_extents) ... ok
source-contracts	Explicit text capacity and retained excerpt contracts	2026-10-10T07:01:13.9535677Z test_fully_rehashed_text_graph_still_fails_independent_original_replay (tests.vnext.test_text_results.TextResultTest.test_fully_rehashed_text_graph_still_fails_independent_original_replay) ... ok
source-contracts	Explicit text capacity and retained excerpt contracts	2026-10-10T07:01:13.9829270Z test_missing_and_revoked_reviews_and_forged_pass_are_rejected (tests.vnext.test_text_results.TextResultTest.test_missing_and_revoked_reviews_and_forged_pass_are_rejected) ... ok
source-contracts	Explicit text capacity and retained excerpt contracts	2026-10-10T07:01:13.9849623Z test_missing_content_uses_typed_withheld_without_a_fake_text_value (tests.vnext.test_text_results.TextResultTest.test_missing_content_uses_typed_withheld_without_a_fake_text_value) ... ok
source-contracts	Explicit text capacity and retained excerpt contracts	2026-10-10T07:01:14.0034060Z test_missing_coverage_and_cross_source_or_period_do_not_become_results (tests.vnext.test_text_results.TextResultTest.test_missing_coverage_and_cross_source_or_period_do_not_become_results) ... ok
source-contracts	Explicit text capacity and retained excerpt contracts	2026-10-10T07:01:15.6808121Z test_native_text_requires_installed_metric_spec_and_discovered_run_identity (tests.vnext.test_text_results.TextResultTest.test_native_text_requires_installed_metric_spec_and_discovered_run_identity) ... ok
source-contracts	Explicit text capacity and retained excerpt contracts	2026-10-10T07:01:15.7018360Z test_payload_and_input_set_cannot_escape_contract_or_trace (tests.vnext.test_text_results.TextResultTest.test_payload_and_input_set_cannot_escape_contract_or_trace) ... ok
source-contracts	Explicit text capacity and retained excerpt contracts	2026-10-10T07:01:15.7284276Z test_persisted_evidence_preserves_source_order_with_more_than_ten_headings (tests.vnext.test_text_results.TextResultTest.test_persisted_evidence_preserves_source_order_with_more_than_ten_headings) ... ok
source-contracts	Explicit text capacity and retained excerpt contracts	2026-10-10T07:01:15.7586816Z test_rehashed_deterministic_selection_method_and_source_omissions_reject (tests.vnext.test_text_results.TextResultTest.test_rehashed_deterministic_selection_method_and_source_omissions_reject) ... ok
source-contracts	Explicit text capacity and retained excerpt contracts	2026-10-10T07:01:15.7645239Z test_retained_numeric_records_specs_and_runtime_hash_remain_unchanged (tests.vnext.test_text_results.TextResultTest.test_retained_numeric_records_specs_and_runtime_hash_remain_unchanged) ... ok
source-contracts	Explicit text capacity and retained excerpt contracts	2026-10-10T07:01:36.8929601Z test_saved_original_titles_enter_same_native_value_carrier (tests.vnext.test_text_results.TextResultTest.test_saved_original_titles_enter_same_native_value_carrier) ... ok
source-contracts	Explicit text capacity and retained excerpt contracts	2026-10-10T07:01:36.9150920Z test_text_is_explicit_and_cannot_enter_old_numeric_or_unreviewed_structured_path (tests.vnext.test_text_results.TextResultTest.test_text_is_explicit_and_cannot_enter_old_numeric_or_unreviewed_structured_path) ... ok
source-contracts	Explicit text capacity and retained excerpt contracts	2026-10-10T07:01:36.9431766Z test_titles_and_multiple_text_values_roundtrip_through_existing_record_types (tests.vnext.test_text_results.TextResultTest.test_titles_and_multiple_text_values_roundtrip_through_existing_record_types) ... ok
source-contracts	Explicit text capacity and retained excerpt contracts	2026-10-10T07:01:36.9434448Z test_catalog_compiles_and_b03_closes_over_b01 (tests.vnext.test_spec_compiler.SpecCompilerTest.test_catalog_compiles_and_b03_closes_over_b01)
source-contracts	Explicit text capacity and retained excerpt contracts	2026-10-10T07:01:36.9469472Z Compile every Phase 1 Spec and bind the B01 dependency closure. ... ok
source-contracts	Explicit text capacity and retained excerpt contracts	2026-10-10T07:01:36.9471057Z test_company_traits_are_registry_projection (tests.vnext.test_spec_compiler.SpecCompilerTest.test_company_traits_are_registry_projection)
source-contracts	Explicit text capacity and retained excerpt contracts	2026-10-10T07:01:36.9476992Z Derive traits from the canonical registry without company copies. ... ok
source-contracts	Explicit text capacity and retained excerpt contracts	2026-10-10T07:01:36.9478763Z test_dependency_compiled_semantics_must_match_its_hash (tests.vnext.test_spec_compiler.SpecCompilerTest.test_dependency_compiled_semantics_must_match_its_hash)
source-contracts	Explicit text capacity and retained excerpt contracts	2026-10-10T07:01:36.9509379Z Reject altered dependency behavior hidden behind an old closure. ... ok
source-contracts	Explicit text capacity and retained excerpt contracts	2026-10-10T07:01:36.9511160Z test_depth_node_cycle_and_cardinality_limits_fail_closed (tests.vnext.test_spec_compiler.SpecCompilerTest.test_depth_node_cycle_and_cardinality_limits_fail_closed)
source-contracts	Explicit text capacity and retained excerpt contracts	2026-10-10T07:01:36.9522210Z Reject each bounded-DSL limit instead of guessing a fallback. ... ok
source-contracts	Explicit text capacity and retained excerpt contracts	2026-10-10T07:01:36.9523521Z test_human_body_does_not_change_semantic_hash (tests.vnext.test_spec_compiler.SpecCompilerTest.test_human_body_does_not_change_semantic_hash)
source-contracts	Explicit text capacity and retained excerpt contracts	2026-10-10T07:01:36.9531185Z Keep explanation-only edits out of executable semantic identity. ... ok
source-contracts	Explicit text capacity and retained excerpt contracts	2026-10-10T07:01:36.9532000Z test_order_and_unknown_guard_change_or_fail (tests.vnext.test_spec_compiler.SpecCompilerTest.test_order_and_unknown_guard_change_or_fail)
source-contracts	Explicit text capacity and retained excerpt contracts	2026-10-10T07:01:36.9579791Z Bind choose-first order and reject undeclared executable guards. ... ok
source-contracts	Explicit text capacity and retained excerpt contracts	2026-10-10T07:01:36.9581173Z test_python_39_forbidden_api_surface_is_absent (tests.vnext.test_spec_compiler.SpecCompilerTest.test_python_39_forbidden_api_surface_is_absent)
source-contracts	Explicit text capacity and retained excerpt contracts	2026-10-10T07:01:39.3169401Z Keep executable source within the declared Python 3.9 floor. ... ok
source-contracts	Explicit text capacity and retained excerpt contracts	2026-10-10T07:01:39.3170533Z 
source-contracts	Explicit text capacity and retained excerpt contracts	2026-10-10T07:01:39.3170814Z ----------------------------------------------------------------------
source-contracts	Explicit text capacity and retained excerpt contracts	2026-10-10T07:01:39.3171345Z Ran 30 tests in 26.481s
source-contracts	Explicit text capacity and retained excerpt contracts	2026-10-10T07:01:39.3171575Z 
source-contracts	Explicit text capacity and retained excerpt contracts	2026-10-10T07:01:39.3171693Z OK
source-contracts	Explicit text capacity and retained excerpt contracts	2026-10-10T07:01:39.3176454Z {"allowed_skips": 0, "errors": 0, "failures": 0, "run": 30, "skip_reasons": [], "skipped": 0, "tests": ["tests.vnext.test_text_item_capacity", "tests.vnext.test_text_results", "tests.vnext.test_spec_compiler"]}
source-contracts	Explicit single revenue source and unchanged period defaults	﻿2026-10-10T07:01:39.3571166Z ##[group]Run python3 tests/required_unittests.py tests.vnext.test_single_revenue_line tests.vnext.test_selected_reported_revenue_v2 tests.vnext.test_financial_duration tests.vnext.test_selected_income_source_v1
source-contracts	Explicit single revenue source and unchanged period defaults	2026-10-10T07:01:39.3572859Z ^[[36;1mpython3 tests/required_unittests.py tests.vnext.test_single_revenue_line tests.vnext.test_selected_reported_revenue_v2 tests.vnext.test_financial_duration tests.vnext.test_selected_income_source_v1^[[0m
source-contracts	Explicit single revenue source and unchanged period defaults	2026-10-10T07:01:39.3640620Z shell: /usr/bin/bash -e {0}
source-contracts	Explicit single revenue source and unchanged period defaults	2026-10-10T07:01:39.3640883Z env:
source-contracts	Explicit single revenue source and unchanged period defaults	2026-10-10T07:01:39.3641148Z   pythonLocation: /opt/hostedtoolcache/Python/3.14.8/x64
source-contracts	Explicit single revenue source and unchanged period defaults	2026-10-10T07:01:39.3641591Z   PKG_CONFIG_PATH: /opt/hostedtoolcache/Python/3.14.8/x64/lib/pkgconfig
source-contracts	Explicit single revenue source and unchanged period defaults	2026-10-10T07:01:39.3642040Z   Python_ROOT_DIR: /opt/hostedtoolcache/Python/3.14.8/x64
source-contracts	Explicit single revenue source and unchanged period defaults	2026-10-10T07:01:39.3642419Z   Python2_ROOT_DIR: /opt/hostedtoolcache/Python/3.14.8/x64
source-contracts	Explicit single revenue source and unchanged period defaults	2026-10-10T07:01:39.3642801Z   Python3_ROOT_DIR: /opt/hostedtoolcache/Python/3.14.8/x64
source-contracts	Explicit single revenue source and unchanged period defaults	2026-10-10T07:01:39.3643177Z   LD_LIBRARY_PATH: /opt/hostedtoolcache/Python/3.14.8/x64/lib
source-contracts	Explicit single revenue source and unchanged period defaults	2026-10-10T07:01:39.3643562Z   PYTHONDONTWRITEBYTECODE: 1
source-contracts	Explicit single revenue source and unchanged period defaults	2026-10-10T07:01:39.3643801Z ##[endgroup]
source-contracts	Explicit single revenue source and unchanged period defaults	2026-10-10T07:01:40.9721415Z test_actual_current_consumers_bind_fixed_fiscal_assertion_only_when_used (tests.vnext.test_single_revenue_line.SingleRevenueLineTest.test_actual_current_consumers_bind_fixed_fiscal_assertion_only_when_used) ... ok
source-contracts	Explicit single revenue source and unchanged period defaults	2026-10-10T07:01:41.0112789Z test_component_rows_cannot_be_relabelled_as_single_revenue (tests.vnext.test_single_revenue_line.SingleRevenueLineTest.test_component_rows_cannot_be_relabelled_as_single_revenue) ... ok
source-contracts	Explicit single revenue source and unchanged period defaults	2026-10-10T07:01:41.0502446Z test_existing_entity_period_unit_scope_and_xml_checks_still_apply (tests.vnext.test_single_revenue_line.SingleRevenueLineTest.test_existing_entity_period_unit_scope_and_xml_checks_still_apply) ... ok
source-contracts	Explicit single revenue source and unchanged period defaults	2026-10-10T07:01:41.0652758Z test_explicit_single_line_keeps_original_fact_and_default_contract (tests.vnext.test_single_revenue_line.SingleRevenueLineTest.test_explicit_single_line_keeps_original_fact_and_default_contract) ... ok
source-contracts	Explicit single revenue source and unchanged period defaults	2026-10-10T07:01:41.0906399Z test_legitimate_repeated_header_and_currency_symbol_keep_the_single_amount (tests.vnext.test_single_revenue_line.SingleRevenueLineTest.test_legitimate_repeated_header_and_currency_symbol_keep_the_single_amount) ... ok
source-contracts	Explicit single revenue source and unchanged period defaults	2026-10-10T07:01:41.1107378Z test_no_statement_title_no_cost_or_no_income_does_not_prove_total (tests.vnext.test_single_revenue_line.SingleRevenueLineTest.test_no_statement_title_no_cost_or_no_income_does_not_prove_total) ... ok
source-contracts	Explicit single revenue source and unchanged period defaults	2026-10-10T07:01:41.1176275Z test_only_explicit_boolean_option_and_exact_plain_label (tests.vnext.test_single_revenue_line.SingleRevenueLineTest.test_only_explicit_boolean_option_and_exact_plain_label) ... ok
source-contracts	Explicit single revenue source and unchanged period defaults	2026-10-10T07:01:41.1463248Z test_remaining_tagged_and_untagged_revenue_parts_are_not_sole_line (tests.vnext.test_single_revenue_line.SingleRevenueLineTest.test_remaining_tagged_and_untagged_revenue_parts_are_not_sole_line) ... ok
source-contracts	Explicit single revenue source and unchanged period defaults	2026-10-10T07:01:41.1697336Z test_repeated_year_header_does_not_hide_an_earlier_amount (tests.vnext.test_single_revenue_line.SingleRevenueLineTest.test_repeated_year_header_does_not_hide_an_earlier_amount) ... ok
source-contracts	Explicit single revenue source and unchanged period defaults	2026-10-10T07:01:41.1914677Z test_selected_cell_extra_untagged_amount_cannot_hide_behind_xml_match (tests.vnext.test_single_revenue_line.SingleRevenueLineTest.test_selected_cell_extra_untagged_amount_cannot_hide_behind_xml_match) ... ok
source-contracts	Explicit single revenue source and unchanged period defaults	2026-10-10T07:01:41.2071754Z test_selected_fact_ordinal_is_not_a_python_list_offset (tests.vnext.test_single_revenue_line.SingleRevenueLineTest.test_selected_fact_ordinal_is_not_a_python_list_offset) ... ok
source-contracts	Explicit single revenue source and unchanged period defaults	2026-10-10T07:01:41.2210550Z test_explicit_total_admits_existing_fact_without_calculating_component_sum (tests.vnext.test_selected_reported_revenue_v2.SelectedReportedRevenueTest.test_explicit_total_admits_existing_fact_without_calculating_component_sum) ... ok
source-contracts	Explicit single revenue source and unchanged period defaults	2026-10-10T07:01:41.2474496Z test_fiscal_year_column_matches_full_selected_native_period_not_calendar_year (tests.vnext.test_selected_reported_revenue_v2.SelectedReportedRevenueTest.test_fiscal_year_column_matches_full_selected_native_period_not_calendar_year) ... ok
source-contracts	Explicit single revenue source and unchanged period defaults	2026-10-10T07:01:41.2640316Z test_later_year_header_cannot_hide_an_earlier_associated_full_date (tests.vnext.test_selected_reported_revenue_v2.SelectedReportedRevenueTest.test_later_year_header_cannot_hide_an_earlier_associated_full_date) ... ok
source-contracts	Explicit single revenue source and unchanged period defaults	2026-10-10T07:01:41.3029429Z test_limited_scope_wrong_scale_and_xml_disagreement_remain_errors (tests.vnext.test_selected_reported_revenue_v2.SelectedReportedRevenueTest.test_limited_scope_wrong_scale_and_xml_disagreement_remain_errors) ... ok
source-contracts	Explicit single revenue source and unchanged period defaults	2026-10-10T07:01:41.3189196Z test_note_total_or_wrong_companyfacts_filing_does_not_supply_company_total (tests.vnext.test_selected_reported_revenue_v2.SelectedReportedRevenueTest.test_note_total_or_wrong_companyfacts_filing_does_not_supply_company_total) ... ok
source-contracts	Explicit single revenue source and unchanged period defaults	2026-10-10T07:01:41.3996475Z test_resolved_label_keeps_raw_year_and_cannot_borrow_another_source (tests.vnext.test_selected_reported_revenue_v2.SelectedReportedRevenueTest.test_resolved_label_keeps_raw_year_and_cannot_borrow_another_source) ... ok
source-contracts	Explicit single revenue source and unchanged period defaults	2026-10-10T07:01:41.4372488Z test_separate_heading_table_is_bound_and_not_borrowed_from_other_statement (tests.vnext.test_selected_reported_revenue_v2.SelectedReportedRevenueTest.test_separate_heading_table_is_bound_and_not_borrowed_from_other_statement) ... ok
source-contracts	Explicit single revenue source and unchanged period defaults	2026-10-10T07:01:41.4687162Z test_visible_end_day_and_complete_date_agree_before_full_scope_credit (tests.vnext.test_selected_reported_revenue_v2.SelectedReportedRevenueTest.test_visible_end_day_and_complete_date_agree_before_full_scope_credit) ... ok
source-contracts	Explicit single revenue source and unchanged period defaults	2026-10-10T07:01:50.2191620Z test_actual_quarter_header_and_full_column_date_define_the_lcr_interval (tests.vnext.test_financial_duration.FinancialDurationTest.test_actual_quarter_header_and_full_column_date_define_the_lcr_interval) ... ok
source-contracts	Explicit single revenue source and unchanged period defaults	2026-10-10T07:01:50.2693123Z test_changed_duration_is_recomputed_with_new_source_hash (tests.vnext.test_financial_duration.FinancialDurationTest.test_changed_duration_is_recomputed_with_new_source_hash) ... ok
source-contracts	Explicit single revenue source and unchanged period defaults	2026-10-10T07:01:50.2711825Z test_duplicate_and_conflicting_footnotes_do_not_choose_a_convenient_period (tests.vnext.test_financial_duration.FinancialDurationTest.test_duplicate_and_conflicting_footnotes_do_not_choose_a_convenient_period) ... ok
source-contracts	Explicit single revenue source and unchanged period defaults	2026-10-10T07:01:50.3376202Z test_merged_interior_coordinate_and_nonnumeric_cell_are_not_selection_proof (tests.vnext.test_financial_duration.FinancialDurationTest.test_merged_interior_coordinate_and_nonnumeric_cell_are_not_selection_proof) ... ok
source-contracts	Explicit single revenue source and unchanged period defaults	2026-10-10T07:01:50.3876973Z test_missing_or_unlinked_footnote_never_falls_back_to_filing_year (tests.vnext.test_financial_duration.FinancialDurationTest.test_missing_or_unlinked_footnote_never_falls_back_to_filing_year) ... ok
source-contracts	Explicit single revenue source and unchanged period defaults	2026-10-10T07:01:50.3893319Z test_non_month_end_sources_need_explicit_dates_not_calendar_inference (tests.vnext.test_financial_duration.FinancialDurationTest.test_non_month_end_sources_need_explicit_dates_not_calendar_inference) ... ok
source-contracts	Explicit single revenue source and unchanged period defaults	2026-10-10T07:01:50.3903559Z test_noncalendar_annual_header_and_bad_claim_dates (tests.vnext.test_financial_duration.FinancialDurationTest.test_noncalendar_annual_header_and_bad_claim_dates) ... ok
source-contracts	Explicit single revenue source and unchanged period defaults	2026-10-10T07:01:54.7466826Z test_original_date_and_average_do_not_invent_a_quarter (tests.vnext.test_financial_duration.FinancialDurationTest.test_original_date_and_average_do_not_invent_a_quarter) ... ok
source-contracts	Explicit single revenue source and unchanged period defaults	2026-10-10T07:01:58.7319825Z test_original_explicit_annual_header_completes_without_recipe (tests.vnext.test_financial_duration.FinancialDurationTest.test_original_explicit_annual_header_completes_without_recipe) ... ok
source-contracts	Explicit single revenue source and unchanged period defaults	2026-10-10T07:02:02.7447112Z test_original_quarter_is_positive_and_annual_claim_is_rejected (tests.vnext.test_financial_duration.FinancialDurationTest.test_original_quarter_is_positive_and_annual_claim_is_rejected) ... ok
source-contracts	Explicit single revenue source and unchanged period defaults	2026-10-10T07:02:02.7466452Z test_point_in_time_row_or_linked_note_does_not_inherit_annual_duration (tests.vnext.test_financial_duration.FinancialDurationTest.test_point_in_time_row_or_linked_note_does_not_inherit_annual_duration) ... ok
source-contracts	Explicit single revenue source and unchanged period defaults	2026-10-10T07:02:02.8469112Z test_prior_year_header_requires_the_prior_year_measurement_interval (tests.vnext.test_financial_duration.FinancialDurationTest.test_prior_year_header_requires_the_prior_year_measurement_interval) ... ok
source-contracts	Explicit single revenue source and unchanged period defaults	2026-10-10T07:02:02.8477439Z test_quarter_header_cannot_be_overridden_by_a_second_annual_header (tests.vnext.test_financial_duration.FinancialDurationTest.test_quarter_header_cannot_be_overridden_by_a_second_annual_header) ... ok
source-contracts	Explicit single revenue source and unchanged period defaults	2026-10-10T07:02:02.9978844Z test_source_and_receipt_tampering_are_rejected_independently (tests.vnext.test_financial_duration.FinancialDurationTest.test_source_and_receipt_tampering_are_rejected_independently) ... ok
source-contracts	Explicit single revenue source and unchanged period defaults	2026-10-10T07:02:03.0029942Z test_source_month_end_intervals_cover_quarter_half_year_and_leap_boundaries (tests.vnext.test_financial_duration.FinancialDurationTest.test_source_month_end_intervals_cover_quarter_half_year_and_leap_boundaries) ... ok
source-contracts	Explicit single revenue source and unchanged period defaults	2026-10-10T07:02:03.1026902Z test_subject_and_unit_changes_do_not_keep_prior_acceptance (tests.vnext.test_financial_duration.FinancialDurationTest.test_subject_and_unit_changes_do_not_keep_prior_acceptance) ... ok
source-contracts	Explicit single revenue source and unchanged period defaults	2026-10-10T07:02:03.1051370Z test_unrelated_table_footnote_and_unknown_duration_stay_unresolved (tests.vnext.test_financial_duration.FinancialDurationTest.test_unrelated_table_footnote_and_unknown_duration_stay_unresolved) ... ok
source-contracts	Explicit single revenue source and unchanged period defaults	2026-10-10T07:02:03.1094229Z test_explicit_period_reader_inspects_exact_bytes_and_must_match_target (tests.vnext.test_selected_income_source_v1.SelectedIncomeSourceTest.test_explicit_period_reader_inspects_exact_bytes_and_must_match_target) ... ok
source-contracts	Explicit single revenue source and unchanged period defaults	2026-10-10T07:02:03.1148899Z test_non_usd_and_fake_namespace_rejected (tests.vnext.test_selected_income_source_v1.SelectedIncomeSourceTest.test_non_usd_and_fake_namespace_rejected) ... ok
source-contracts	Explicit single revenue source and unchanged period defaults	2026-10-10T07:02:03.1204171Z test_release_date_requires_explicit_policy_and_old_default_unchanged (tests.vnext.test_selected_income_source_v1.SelectedIncomeSourceTest.test_release_date_requires_explicit_policy_and_old_default_unchanged) ... ok
source-contracts	Explicit single revenue source and unchanged period defaults	2026-10-10T07:02:03.1713965Z test_selected_original_default_matches_retained_reader_without_current_preparation (tests.vnext.test_selected_income_source_v1.SelectedIncomeSourceTest.test_selected_original_default_matches_retained_reader_without_current_preparation) ... ok
source-contracts	Explicit single revenue source and unchanged period defaults	2026-10-10T07:02:03.1805143Z test_short_visible_period_conflict_and_missing_header_remain_explicit (tests.vnext.test_selected_income_source_v1.SelectedIncomeSourceTest.test_short_visible_period_conflict_and_missing_header_remain_explicit) ... ok
source-contracts	Explicit single revenue source and unchanged period defaults	2026-10-10T07:02:03.1807611Z test_source_byte_company_and_accession_binding_rejected (tests.vnext.test_selected_income_source_v1.SelectedIncomeSourceTest.test_source_byte_company_and_accession_binding_rejected) ... ok
source-contracts	Explicit single revenue source and unchanged period defaults	2026-10-10T07:02:03.1835915Z test_wrong_annual_period_and_dei_subject_rejected (tests.vnext.test_selected_income_source_v1.SelectedIncomeSourceTest.test_wrong_annual_period_and_dei_subject_rejected) ... ok
source-contracts	Explicit single revenue source and unchanged period defaults	2026-10-10T07:02:03.1837008Z 
source-contracts	Explicit single revenue source and unchanged period defaults	2026-10-10T07:02:03.1837243Z ----------------------------------------------------------------------
source-contracts	Explicit single revenue source and unchanged period defaults	2026-10-10T07:02:03.1839869Z {"allowed_skips": 0, "errors": 0, "failures": 0, "run": 43, "skip_reasons": [], "skipped": 0, "tests": ["tests.vnext.test_single_revenue_line", "tests.vnext.test_selected_reported_revenue_v2", "tests.vnext.test_financial_duration", "tests.vnext.test_selected_income_source_v1"]}
source-contracts	Explicit single revenue source and unchanged period defaults	2026-10-10T07:02:03.1841684Z Ran 43 tests in 22.990s
source-contracts	Explicit single revenue source and unchanged period defaults	2026-10-10T07:02:03.1841942Z 
source-contracts	Explicit single revenue source and unchanged period defaults	2026-10-10T07:02:03.1842076Z OK
source-contracts	Post Run actions/setup-python@a309ff8b426b58ec0e2a45f0f869d46889d02405	﻿2026-10-10T07:02:03.2540661Z Post job cleanup.
source-contracts	Post Run actions/checkout@de0fac2e4500dabe0009e67214ff5f5447ce83dd	﻿2026-10-10T07:02:03.3999423Z Post job cleanup.
source-contracts	Post Run actions/checkout@de0fac2e4500dabe0009e67214ff5f5447ce83dd	2026-10-10T07:02:03.4938008Z [command]/usr/bin/git version
source-contracts	Post Run actions/checkout@de0fac2e4500dabe0009e67214ff5f5447ce83dd	2026-10-10T07:02:03.4989013Z git version 2.55.0
source-contracts	Post Run actions/checkout@de0fac2e4500dabe0009e67214ff5f5447ce83dd	2026-10-10T07:02:03.5032965Z Temporarily overriding HOME='/home/runner/work/_temp/5e761dff-5552-4ee8-bfbf-75c0cc3b01fc' before making global git config changes
source-contracts	Post Run actions/checkout@de0fac2e4500dabe0009e67214ff5f5447ce83dd	2026-10-10T07:02:03.5034288Z Adding repository directory to the temporary git global config as a safe directory
source-contracts	Post Run actions/checkout@de0fac2e4500dabe0009e67214ff5f5447ce83dd	2026-10-10T07:02:03.5040360Z [command]/usr/bin/git config --global --add safe.directory /home/runner/work/SEC_metrics/SEC_metrics
source-contracts	Post Run actions/checkout@de0fac2e4500dabe0009e67214ff5f5447ce83dd	2026-10-10T07:02:03.5080688Z Removing SSH command configuration
source-contracts	Post Run actions/checkout@de0fac2e4500dabe0009e67214ff5f5447ce83dd	2026-10-10T07:02:03.5090032Z [command]/usr/bin/git config --local --name-only --get-regexp core\.sshCommand
source-contracts	Post Run actions/checkout@de0fac2e4500dabe0009e67214ff5f5447ce83dd	2026-10-10T07:02:03.5146647Z [command]/usr/bin/git submodule foreach --recursive sh -c "git config --local --name-only --get-regexp 'core\.sshCommand' && git config --local --unset-all 'core.sshCommand' || :"
source-contracts	Post Run actions/checkout@de0fac2e4500dabe0009e67214ff5f5447ce83dd	2026-10-10T07:02:03.5442736Z Removing HTTP extra header
source-contracts	Post Run actions/checkout@de0fac2e4500dabe0009e67214ff5f5447ce83dd	2026-10-10T07:02:03.5451158Z [command]/usr/bin/git config --local --name-only --get-regexp http\.https\:\/\/github\.com\/\.extraheader
source-contracts	Post Run actions/checkout@de0fac2e4500dabe0009e67214ff5f5447ce83dd	2026-10-10T07:02:03.5512380Z [command]/usr/bin/git submodule foreach --recursive sh -c "git config --local --name-only --get-regexp 'http\.https\:\/\/github\.com\/\.extraheader' && git config --local --unset-all 'http.https://github.com/.extraheader' || :"
source-contracts	Post Run actions/checkout@de0fac2e4500dabe0009e67214ff5f5447ce83dd	2026-10-10T07:02:03.5864615Z Removing includeIf entries pointing to credentials config files
source-contracts	Post Run actions/checkout@de0fac2e4500dabe0009e67214ff5f5447ce83dd	2026-10-10T07:02:03.5877318Z [command]/usr/bin/git config --local --name-only --get-regexp ^includeIf\.gitdir:
source-contracts	Post Run actions/checkout@de0fac2e4500dabe0009e67214ff5f5447ce83dd	2026-10-10T07:02:03.5953219Z [command]/usr/bin/git submodule foreach --recursive git config --local --show-origin --name-only --get-regexp remote.origin.url
source-contracts	Complete job	﻿2026-10-10T07:02:03.6422402Z Cleaning up orphan processes
company-records	Set up job	﻿2026-10-10T07:00:54.1273834Z Current runner version: '2.337.0'
company-records	Set up job	2026-10-10T07:00:54.1301049Z ##[group]Runner Image Provisioner
company-records	Set up job	2026-10-10T07:00:54.1301981Z Hosted Compute Agent
company-records	Set up job	2026-10-10T07:00:54.1302550Z Version: 20261002.596
company-records	Set up job	2026-10-10T07:00:54.1303315Z Commit: c3d12f3313a95f25162a1503be624f3b0617f8c0
company-records	Set up job	2026-10-10T07:00:54.1304090Z Build Date: 2026-10-02T22:28:27Z
company-records	Set up job	2026-10-10T07:00:54.1304830Z Worker ID: {ce3e20ab-f983-4317-a74d-c14802d0f185}
company-records	Set up job	2026-10-10T07:00:54.1305576Z Region: westus
company-records	Set up job	2026-10-10T07:00:54.1306105Z Cloud: Azure
company-records	Set up job	2026-10-10T07:00:54.1306699Z ##[endgroup]
company-records	Set up job	2026-10-10T07:00:54.1308176Z ##[group]Operating System
company-records	Set up job	2026-10-10T07:00:54.1308896Z Ubuntu
company-records	Set up job	2026-10-10T07:00:54.1309474Z 24.04.5
company-records	Set up job	2026-10-10T07:00:54.1310169Z LTS
company-records	Set up job	2026-10-10T07:00:54.1310773Z ##[endgroup]
company-records	Set up job	2026-10-10T07:00:54.1311331Z ##[group]Runner Image
company-records	Set up job	2026-10-10T07:00:54.1311986Z Image: ubuntu-24.04
company-records	Set up job	2026-10-10T07:00:54.1312606Z Version: 20261004.327.1
company-records	Set up job	2026-10-10T07:00:54.1313679Z Included Software: https://github.com/actions/runner-images/blob/ubuntu24/20261004.327/images/ubuntu/Ubuntu2404-Readme.md
company-records	Set up job	2026-10-10T07:00:54.1315504Z Image Release: https://github.com/actions/runner-images/releases/tag/ubuntu24%2F20261004.327
company-records	Set up job	2026-10-10T07:00:54.1316505Z ##[endgroup]
company-records	Set up job	2026-10-10T07:00:54.1317626Z ##[group]GITHUB_TOKEN Permissions
company-records	Set up job	2026-10-10T07:00:54.1319604Z Contents: read
company-records	Set up job	2026-10-10T07:00:54.1320545Z Metadata: read
company-records	Set up job	2026-10-10T07:00:54.1321102Z ##[endgroup]
company-records	Set up job	2026-10-10T07:00:54.1323331Z Secret source: Actions
company-records	Set up job	2026-10-10T07:00:54.1324317Z Cache mode: write
company-records	Set up job	2026-10-10T07:00:54.1325094Z Prepare workflow directory
company-records	Set up job	2026-10-10T07:00:54.1674668Z Prepare all required actions
company-records	Set up job	2026-10-10T07:00:54.1726865Z Getting action download info
company-records	Set up job	2026-10-10T07:00:54.5393380Z Download action repository 'actions/checkout@de0fac2e4500dabe0009e67214ff5f5447ce83dd' (SHA:de0fac2e4500dabe0009e67214ff5f5447ce83dd)
company-records	Set up job	2026-10-10T07:00:54.6551833Z Download action repository 'actions/setup-python@a309ff8b426b58ec0e2a45f0f869d46889d02405' (SHA:a309ff8b426b58ec0e2a45f0f869d46889d02405)
company-records	Set up job	2026-10-10T07:00:54.8635403Z Complete job name: company-records
company-records	Run actions/checkout@de0fac2e4500dabe0009e67214ff5f5447ce83dd	﻿2026-10-10T07:00:54.9593297Z ##[group]Run actions/checkout@de0fac2e4500dabe0009e67214ff5f5447ce83dd
company-records	Run actions/checkout@de0fac2e4500dabe0009e67214ff5f5447ce83dd	2026-10-10T07:00:54.9594406Z with:
company-records	Run actions/checkout@de0fac2e4500dabe0009e67214ff5f5447ce83dd	2026-10-10T07:00:54.9594862Z   persist-credentials: false
company-records	Run actions/checkout@de0fac2e4500dabe0009e67214ff5f5447ce83dd	2026-10-10T07:00:54.9595395Z   repository: wlvh/SEC_metrics
company-records	Run actions/checkout@de0fac2e4500dabe0009e67214ff5f5447ce83dd	2026-10-10T07:00:54.9599193Z   token: ***
company-records	Run actions/checkout@de0fac2e4500dabe0009e67214ff5f5447ce83dd	2026-10-10T07:00:54.9599631Z   ssh-strict: true
company-records	Run actions/checkout@de0fac2e4500dabe0009e67214ff5f5447ce83dd	2026-10-10T07:00:54.9600405Z   ssh-user: git
company-records	Run actions/checkout@de0fac2e4500dabe0009e67214ff5f5447ce83dd	2026-10-10T07:00:54.9601224Z   clean: true
company-records	Run actions/checkout@de0fac2e4500dabe0009e67214ff5f5447ce83dd	2026-10-10T07:00:54.9601996Z   sparse-checkout-cone-mode: true
company-records	Run actions/checkout@de0fac2e4500dabe0009e67214ff5f5447ce83dd	2026-10-10T07:00:54.9602561Z   fetch-depth: 1
company-records	Run actions/checkout@de0fac2e4500dabe0009e67214ff5f5447ce83dd	2026-10-10T07:00:54.9603007Z   fetch-tags: false
company-records	Run actions/checkout@de0fac2e4500dabe0009e67214ff5f5447ce83dd	2026-10-10T07:00:54.9603457Z   show-progress: true
company-records	Run actions/checkout@de0fac2e4500dabe0009e67214ff5f5447ce83dd	2026-10-10T07:00:54.9603909Z   lfs: false
company-records	Run actions/checkout@de0fac2e4500dabe0009e67214ff5f5447ce83dd	2026-10-10T07:00:54.9604320Z   submodules: false
company-records	Run actions/checkout@de0fac2e4500dabe0009e67214ff5f5447ce83dd	2026-10-10T07:00:54.9604769Z   set-safe-directory: true
company-records	Run actions/checkout@de0fac2e4500dabe0009e67214ff5f5447ce83dd	2026-10-10T07:00:54.9605733Z ##[endgroup]
company-records	Run actions/checkout@de0fac2e4500dabe0009e67214ff5f5447ce83dd	2026-10-10T07:00:55.0658307Z Syncing repository: wlvh/SEC_metrics
company-records	Run actions/checkout@de0fac2e4500dabe0009e67214ff5f5447ce83dd	2026-10-10T07:00:55.0661040Z ##[group]Getting Git version info
company-records	Run actions/checkout@de0fac2e4500dabe0009e67214ff5f5447ce83dd	2026-10-10T07:00:55.0661861Z Working directory is '/home/runner/work/SEC_metrics/SEC_metrics'
company-records	Run actions/checkout@de0fac2e4500dabe0009e67214ff5f5447ce83dd	2026-10-10T07:00:55.0663077Z [command]/usr/bin/git version
company-records	Run actions/checkout@de0fac2e4500dabe0009e67214ff5f5447ce83dd	2026-10-10T07:00:55.0754681Z git version 2.55.0
company-records	Run actions/checkout@de0fac2e4500dabe0009e67214ff5f5447ce83dd	2026-10-10T07:00:55.0780401Z ##[endgroup]
company-records	Run actions/checkout@de0fac2e4500dabe0009e67214ff5f5447ce83dd	2026-10-10T07:00:55.0797863Z Temporarily overriding HOME='/home/runner/work/_temp/72c52430-ed6d-46d1-8a29-1e95aeab6144' before making global git config changes
company-records	Run actions/checkout@de0fac2e4500dabe0009e67214ff5f5447ce83dd	2026-10-10T07:00:55.0800553Z Adding repository directory to the temporary git global config as a safe directory
company-records	Run actions/checkout@de0fac2e4500dabe0009e67214ff5f5447ce83dd	2026-10-10T07:00:55.0804750Z [command]/usr/bin/git config --global --add safe.directory /home/runner/work/SEC_metrics/SEC_metrics
company-records	Run actions/checkout@de0fac2e4500dabe0009e67214ff5f5447ce83dd	2026-10-10T07:00:55.0861263Z Deleting the contents of '/home/runner/work/SEC_metrics/SEC_metrics'
company-records	Run actions/checkout@de0fac2e4500dabe0009e67214ff5f5447ce83dd	2026-10-10T07:00:55.0866358Z ##[group]Initializing the repository
company-records	Run actions/checkout@de0fac2e4500dabe0009e67214ff5f5447ce83dd	2026-10-10T07:00:55.0872294Z [command]/usr/bin/git init /home/runner/work/SEC_metrics/SEC_metrics
company-records	Run actions/checkout@de0fac2e4500dabe0009e67214ff5f5447ce83dd	2026-10-10T07:00:55.1005309Z hint: Using 'master' as the name for the initial branch. This default branch name
company-records	Run actions/checkout@de0fac2e4500dabe0009e67214ff5f5447ce83dd	2026-10-10T07:00:55.1007048Z hint: will change to "main" in Git 3.0. To configure the initial branch name
company-records	Run actions/checkout@de0fac2e4500dabe0009e67214ff5f5447ce83dd	2026-10-10T07:00:55.1013535Z hint: to use in all of your new repositories, which will suppress this warning,
company-records	Run actions/checkout@de0fac2e4500dabe0009e67214ff5f5447ce83dd	2026-10-10T07:00:55.1015201Z hint: call:
company-records	Run actions/checkout@de0fac2e4500dabe0009e67214ff5f5447ce83dd	2026-10-10T07:00:55.1016259Z hint:
company-records	Run actions/checkout@de0fac2e4500dabe0009e67214ff5f5447ce83dd	2026-10-10T07:00:55.1017401Z hint: 	git config --global init.defaultBranch <name>
company-records	Run actions/checkout@de0fac2e4500dabe0009e67214ff5f5447ce83dd	2026-10-10T07:00:55.1018777Z hint:
company-records	Run actions/checkout@de0fac2e4500dabe0009e67214ff5f5447ce83dd	2026-10-10T07:00:55.1020280Z hint: Names commonly chosen instead of 'master' are 'main', 'trunk' and
company-records	Run actions/checkout@de0fac2e4500dabe0009e67214ff5f5447ce83dd	2026-10-10T07:00:55.1022140Z hint: 'development'. The just-created branch can be renamed via this command:
company-records	Run actions/checkout@de0fac2e4500dabe0009e67214ff5f5447ce83dd	2026-10-10T07:00:55.1023657Z hint:
company-records	Run actions/checkout@de0fac2e4500dabe0009e67214ff5f5447ce83dd	2026-10-10T07:00:55.1024679Z hint: 	git branch -m <name>
company-records	Run actions/checkout@de0fac2e4500dabe0009e67214ff5f5447ce83dd	2026-10-10T07:00:55.1025894Z hint:
company-records	Run actions/checkout@de0fac2e4500dabe0009e67214ff5f5447ce83dd	2026-10-10T07:00:55.1027284Z hint: Disable this message with "git config set advice.defaultBranchName false"
company-records	Run actions/checkout@de0fac2e4500dabe0009e67214ff5f5447ce83dd	2026-10-10T07:00:55.1029271Z Initialized empty Git repository in /home/runner/work/SEC_metrics/SEC_metrics/.git/
company-records	Run actions/checkout@de0fac2e4500dabe0009e67214ff5f5447ce83dd	2026-10-10T07:00:55.1031741Z [command]/usr/bin/git remote add origin https://github.com/wlvh/SEC_metrics
company-records	Run actions/checkout@de0fac2e4500dabe0009e67214ff5f5447ce83dd	2026-10-10T07:00:55.1087979Z ##[endgroup]
company-records	Run actions/checkout@de0fac2e4500dabe0009e67214ff5f5447ce83dd	2026-10-10T07:00:55.1089226Z ##[group]Disabling automatic garbage collection
company-records	Run actions/checkout@de0fac2e4500dabe0009e67214ff5f5447ce83dd	2026-10-10T07:00:55.1091944Z [command]/usr/bin/git config --local gc.auto 0
company-records	Run actions/checkout@de0fac2e4500dabe0009e67214ff5f5447ce83dd	2026-10-10T07:00:55.1125181Z ##[endgroup]
company-records	Run actions/checkout@de0fac2e4500dabe0009e67214ff5f5447ce83dd	2026-10-10T07:00:55.1126306Z ##[group]Setting up auth
company-records	Run actions/checkout@de0fac2e4500dabe0009e67214ff5f5447ce83dd	2026-10-10T07:00:55.1127160Z Removing SSH command configuration
company-records	Run actions/checkout@de0fac2e4500dabe0009e67214ff5f5447ce83dd	2026-10-10T07:00:55.1133505Z [command]/usr/bin/git config --local --name-only --get-regexp core\.sshCommand
company-records	Run actions/checkout@de0fac2e4500dabe0009e67214ff5f5447ce83dd	2026-10-10T07:00:55.1173130Z [command]/usr/bin/git submodule foreach --recursive sh -c "git config --local --name-only --get-regexp 'core\.sshCommand' && git config --local --unset-all 'core.sshCommand' || :"
company-records	Run actions/checkout@de0fac2e4500dabe0009e67214ff5f5447ce83dd	2026-10-10T07:00:55.1598939Z Removing HTTP extra header
company-records	Run actions/checkout@de0fac2e4500dabe0009e67214ff5f5447ce83dd	2026-10-10T07:00:55.1606104Z [command]/usr/bin/git config --local --name-only --get-regexp http\.https\:\/\/github\.com\/\.extraheader
company-records	Run actions/checkout@de0fac2e4500dabe0009e67214ff5f5447ce83dd	2026-10-10T07:00:55.1643110Z [command]/usr/bin/git submodule foreach --recursive sh -c "git config --local --name-only --get-regexp 'http\.https\:\/\/github\.com\/\.extraheader' && git config --local --unset-all 'http.https://github.com/.extraheader' || :"
company-records	Run actions/checkout@de0fac2e4500dabe0009e67214ff5f5447ce83dd	2026-10-10T07:00:55.1873831Z Removing includeIf entries pointing to credentials config files
company-records	Run actions/checkout@de0fac2e4500dabe0009e67214ff5f5447ce83dd	2026-10-10T07:00:55.1885379Z [command]/usr/bin/git config --local --name-only --get-regexp ^includeIf\.gitdir:
company-records	Run actions/checkout@de0fac2e4500dabe0009e67214ff5f5447ce83dd	2026-10-10T07:00:55.1931788Z [command]/usr/bin/git submodule foreach --recursive git config --local --show-origin --name-only --get-regexp remote.origin.url
company-records	Run actions/checkout@de0fac2e4500dabe0009e67214ff5f5447ce83dd	2026-10-10T07:00:55.2193776Z [command]/usr/bin/git config --file /home/runner/work/_temp/git-credentials-d336673f-b90b-438d-bf03-72552aedc2ce.config http.https://github.com/.extraheader AUTHORIZATION: basic ***
company-records	Run actions/checkout@de0fac2e4500dabe0009e67214ff5f5447ce83dd	2026-10-10T07:00:55.2244258Z [command]/usr/bin/git config --local includeIf.gitdir:/home/runner/work/SEC_metrics/SEC_metrics/.git.path /home/runner/work/_temp/git-credentials-d336673f-b90b-438d-bf03-72552aedc2ce.config
company-records	Run actions/checkout@de0fac2e4500dabe0009e67214ff5f5447ce83dd	2026-10-10T07:00:55.2283619Z [command]/usr/bin/git config --local includeIf.gitdir:/home/runner/work/SEC_metrics/SEC_metrics/.git/worktrees/*.path /home/runner/work/_temp/git-credentials-d336673f-b90b-438d-bf03-72552aedc2ce.config
company-records	Run actions/checkout@de0fac2e4500dabe0009e67214ff5f5447ce83dd	2026-10-10T07:00:55.2326703Z [command]/usr/bin/git config --local includeIf.gitdir:/github/workspace/.git.path /github/runner_temp/git-credentials-d336673f-b90b-438d-bf03-72552aedc2ce.config
company-records	Run actions/checkout@de0fac2e4500dabe0009e67214ff5f5447ce83dd	2026-10-10T07:00:55.2368951Z [command]/usr/bin/git config --local includeIf.gitdir:/github/workspace/.git/worktrees/*.path /github/runner_temp/git-credentials-d336673f-b90b-438d-bf03-72552aedc2ce.config
company-records	Run actions/checkout@de0fac2e4500dabe0009e67214ff5f5447ce83dd	2026-10-10T07:00:55.2405443Z ##[endgroup]
company-records	Run actions/checkout@de0fac2e4500dabe0009e67214ff5f5447ce83dd	2026-10-10T07:00:55.2407287Z ##[group]Fetching the repository
company-records	Run actions/checkout@de0fac2e4500dabe0009e67214ff5f5447ce83dd	2026-10-10T07:00:55.2416003Z [command]/usr/bin/git -c protocol.version=2 fetch --no-tags --prune --no-recurse-submodules --depth=1 origin +4947cc9aeb057241c629e5711501f7f3fd92ef0a:refs/remotes/pull/133/merge
company-records	Run actions/checkout@de0fac2e4500dabe0009e67214ff5f5447ce83dd	2026-10-10T07:01:03.5641537Z From https://github.com/wlvh/SEC_metrics
company-records	Run actions/checkout@de0fac2e4500dabe0009e67214ff5f5447ce83dd	2026-10-10T07:01:03.5642884Z  * [new ref]         4947cc9aeb057241c629e5711501f7f3fd92ef0a -> pull/133/merge
company-records	Run actions/checkout@de0fac2e4500dabe0009e67214ff5f5447ce83dd	2026-10-10T07:01:03.5647708Z ##[endgroup]
company-records	Run actions/checkout@de0fac2e4500dabe0009e67214ff5f5447ce83dd	2026-10-10T07:01:03.5649555Z ##[group]Determining the checkout info
company-records	Run actions/checkout@de0fac2e4500dabe0009e67214ff5f5447ce83dd	2026-10-10T07:01:03.5652369Z ##[endgroup]
company-records	Run actions/checkout@de0fac2e4500dabe0009e67214ff5f5447ce83dd	2026-10-10T07:01:03.5655894Z [command]/usr/bin/git sparse-checkout disable
company-records	Run actions/checkout@de0fac2e4500dabe0009e67214ff5f5447ce83dd	2026-10-10T07:01:03.5741556Z [command]/usr/bin/git config --local --unset-all extensions.worktreeConfig
company-records	Run actions/checkout@de0fac2e4500dabe0009e67214ff5f5447ce83dd	2026-10-10T07:01:03.5762172Z ##[group]Checking out the ref
company-records	Run actions/checkout@de0fac2e4500dabe0009e67214ff5f5447ce83dd	2026-10-10T07:01:03.5767414Z [command]/usr/bin/git checkout --progress --force refs/remotes/pull/133/merge
company-records	Run actions/checkout@de0fac2e4500dabe0009e67214ff5f5447ce83dd	2026-10-10T07:01:04.6938041Z Updating files:  63% (5797/9125)
company-records	Run actions/checkout@de0fac2e4500dabe0009e67214ff5f5447ce83dd	2026-10-10T07:01:04.7529370Z Updating files:  64% (5840/9125)
company-records	Run actions/checkout@de0fac2e4500dabe0009e67214ff5f5447ce83dd	2026-10-10T07:01:04.8031925Z Updating files:  65% (5932/9125)
company-records	Run actions/checkout@de0fac2e4500dabe0009e67214ff5f5447ce83dd	2026-10-10T07:01:04.8929793Z Updating files:  66% (6023/9125)
company-records	Run actions/checkout@de0fac2e4500dabe0009e67214ff5f5447ce83dd	2026-10-10T07:01:04.9312296Z Updating files:  67% (6114/9125)
company-records	Run actions/checkout@de0fac2e4500dabe0009e67214ff5f5447ce83dd	2026-10-10T07:01:04.9610590Z Updating files:  68% (6205/9125)
company-records	Run actions/checkout@de0fac2e4500dabe0009e67214ff5f5447ce83dd	2026-10-10T07:01:05.1334923Z Updating files:  69% (6297/9125)
company-records	Run actions/checkout@de0fac2e4500dabe0009e67214ff5f5447ce83dd	2026-10-10T07:01:05.1972067Z Updating files:  70% (6388/9125)
company-records	Run actions/checkout@de0fac2e4500dabe0009e67214ff5f5447ce83dd	2026-10-10T07:01:05.2132321Z Updating files:  71% (6479/9125)
company-records	Run actions/checkout@de0fac2e4500dabe0009e67214ff5f5447ce83dd	2026-10-10T07:01:05.2279464Z Updating files:  72% (6570/9125)
company-records	Run actions/checkout@de0fac2e4500dabe0009e67214ff5f5447ce83dd	2026-10-10T07:01:05.2442684Z Updating files:  73% (6662/9125)
company-records	Run actions/checkout@de0fac2e4500dabe0009e67214ff5f5447ce83dd	2026-10-10T07:01:05.2552145Z Updating files:  74% (6753/9125)
company-records	Run actions/checkout@de0fac2e4500dabe0009e67214ff5f5447ce83dd	2026-10-10T07:01:05.2723582Z Updating files:  75% (6844/9125)
company-records	Run actions/checkout@de0fac2e4500dabe0009e67214ff5f5447ce83dd	2026-10-10T07:01:05.2938440Z Updating files:  76% (6935/9125)
company-records	Run actions/checkout@de0fac2e4500dabe0009e67214ff5f5447ce83dd	2026-10-10T07:01:05.3058682Z Updating files:  77% (7027/9125)
company-records	Run actions/checkout@de0fac2e4500dabe0009e67214ff5f5447ce83dd	2026-10-10T07:01:05.3336983Z Updating files:  78% (7118/9125)
company-records	Run actions/checkout@de0fac2e4500dabe0009e67214ff5f5447ce83dd	2026-10-10T07:01:05.3660355Z Updating files:  79% (7209/9125)
company-records	Run actions/checkout@de0fac2e4500dabe0009e67214ff5f5447ce83dd	2026-10-10T07:01:05.3890752Z Updating files:  80% (7300/9125)
company-records	Run actions/checkout@de0fac2e4500dabe0009e67214ff5f5447ce83dd	2026-10-10T07:01:05.3965481Z Updating files:  81% (7392/9125)
company-records	Run actions/checkout@de0fac2e4500dabe0009e67214ff5f5447ce83dd	2026-10-10T07:01:05.4242723Z Updating files:  82% (7483/9125)
company-records	Run actions/checkout@de0fac2e4500dabe0009e67214ff5f5447ce83dd	2026-10-10T07:01:05.4505990Z Updating files:  83% (7574/9125)
company-records	Run actions/checkout@de0fac2e4500dabe0009e67214ff5f5447ce83dd	2026-10-10T07:01:05.4580137Z Updating files:  84% (7665/9125)
company-records	Run actions/checkout@de0fac2e4500dabe0009e67214ff5f5447ce83dd	2026-10-10T07:01:05.4648078Z Updating files:  85% (7757/9125)
company-records	Run actions/checkout@de0fac2e4500dabe0009e67214ff5f5447ce83dd	2026-10-10T07:01:05.4703845Z Updating files:  86% (7848/9125)
company-records	Run actions/checkout@de0fac2e4500dabe0009e67214ff5f5447ce83dd	2026-10-10T07:01:05.5927860Z Updating files:  87% (7939/9125)
company-records	Run actions/checkout@de0fac2e4500dabe0009e67214ff5f5447ce83dd	2026-10-10T07:01:05.6002786Z Updating files:  87% (8009/9125)
company-records	Run actions/checkout@de0fac2e4500dabe0009e67214ff5f5447ce83dd	2026-10-10T07:01:05.6272730Z Updating files:  88% (8030/9125)
company-records	Run actions/checkout@de0fac2e4500dabe0009e67214ff5f5447ce83dd	2026-10-10T07:01:05.6495525Z Updating files:  89% (8122/9125)
company-records	Run actions/checkout@de0fac2e4500dabe0009e67214ff5f5447ce83dd	2026-10-10T07:01:05.6554608Z Updating files:  90% (8213/9125)
company-records	Run actions/checkout@de0fac2e4500dabe0009e67214ff5f5447ce83dd	2026-10-10T07:01:05.6775582Z Updating files:  91% (8304/9125)
company-records	Run actions/checkout@de0fac2e4500dabe0009e67214ff5f5447ce83dd	2026-10-10T07:01:05.6847125Z Updating files:  92% (8395/9125)
company-records	Run actions/checkout@de0fac2e4500dabe0009e67214ff5f5447ce83dd	2026-10-10T07:01:05.6953686Z Updating files:  93% (8487/9125)
company-records	Run actions/checkout@de0fac2e4500dabe0009e67214ff5f5447ce83dd	2026-10-10T07:01:05.7054371Z Updating files:  94% (8578/9125)
company-records	Run actions/checkout@de0fac2e4500dabe0009e67214ff5f5447ce83dd	2026-10-10T07:01:05.7141926Z Updating files:  95% (8669/9125)
company-records	Run actions/checkout@de0fac2e4500dabe0009e67214ff5f5447ce83dd	2026-10-10T07:01:05.7239372Z Updating files:  96% (8760/9125)
company-records	Run actions/checkout@de0fac2e4500dabe0009e67214ff5f5447ce83dd	2026-10-10T07:01:05.7327513Z Updating files:  97% (8852/9125)
company-records	Run actions/checkout@de0fac2e4500dabe0009e67214ff5f5447ce83dd	2026-10-10T07:01:05.7403718Z Updating files:  98% (8943/9125)
company-records	Run actions/checkout@de0fac2e4500dabe0009e67214ff5f5447ce83dd	2026-10-10T07:01:05.7486882Z Updating files:  99% (9034/9125)
company-records	Run actions/checkout@de0fac2e4500dabe0009e67214ff5f5447ce83dd	2026-10-10T07:01:05.7488239Z Updating files: 100% (9125/9125)
company-records	Run actions/checkout@de0fac2e4500dabe0009e67214ff5f5447ce83dd	2026-10-10T07:01:05.7488806Z Updating files: 100% (9125/9125), done.
company-records	Run actions/checkout@de0fac2e4500dabe0009e67214ff5f5447ce83dd	2026-10-10T07:01:05.8318093Z Note: switching to 'refs/remotes/pull/133/merge'.
company-records	Run actions/checkout@de0fac2e4500dabe0009e67214ff5f5447ce83dd	2026-10-10T07:01:05.8318582Z 
company-records	Run actions/checkout@de0fac2e4500dabe0009e67214ff5f5447ce83dd	2026-10-10T07:01:05.8395126Z You are in 'detached HEAD' state. You can look around, make experimental
company-records	Run actions/checkout@de0fac2e4500dabe0009e67214ff5f5447ce83dd	2026-10-10T07:01:05.8398397Z changes and commit them, and you can discard any commits you make in this
company-records	Run actions/checkout@de0fac2e4500dabe0009e67214ff5f5447ce83dd	2026-10-10T07:01:05.8399271Z state without impacting any branches by switching back to a branch.
company-records	Run actions/checkout@de0fac2e4500dabe0009e67214ff5f5447ce83dd	2026-10-10T07:01:05.8399774Z 
company-records	Run actions/checkout@de0fac2e4500dabe0009e67214ff5f5447ce83dd	2026-10-10T07:01:05.8400370Z If you want to create a new branch to retain commits you create, you may
company-records	Run actions/checkout@de0fac2e4500dabe0009e67214ff5f5447ce83dd	2026-10-10T07:01:05.8401162Z do so (now or later) by using -c with the switch command. Example:
company-records	Run actions/checkout@de0fac2e4500dabe0009e67214ff5f5447ce83dd	2026-10-10T07:01:05.8401616Z 
company-records	Run actions/checkout@de0fac2e4500dabe0009e67214ff5f5447ce83dd	2026-10-10T07:01:05.8401797Z   git switch -c <new-branch-name>
company-records	Run actions/checkout@de0fac2e4500dabe0009e67214ff5f5447ce83dd	2026-10-10T07:01:05.8402135Z 
company-records	Run actions/checkout@de0fac2e4500dabe0009e67214ff5f5447ce83dd	2026-10-10T07:01:05.8402334Z Or undo this operation with:
company-records	Run actions/checkout@de0fac2e4500dabe0009e67214ff5f5447ce83dd	2026-10-10T07:01:05.8402636Z 
company-records	Run actions/checkout@de0fac2e4500dabe0009e67214ff5f5447ce83dd	2026-10-10T07:01:05.8402793Z   git switch -
company-records	Run actions/checkout@de0fac2e4500dabe0009e67214ff5f5447ce83dd	2026-10-10T07:01:05.8403071Z 
company-records	Run actions/checkout@de0fac2e4500dabe0009e67214ff5f5447ce83dd	2026-10-10T07:01:05.8403445Z Turn off this advice by setting config variable advice.detachedHead to false
company-records	Run actions/checkout@de0fac2e4500dabe0009e67214ff5f5447ce83dd	2026-10-10T07:01:05.8403979Z 
company-records	Run actions/checkout@de0fac2e4500dabe0009e67214ff5f5447ce83dd	2026-10-10T07:01:05.8404600Z HEAD is now at 4947cc9 Merge 2e08ea1ff4977704187a2b0bd635dea58cbefa9f into bc5ee8912105154abb0285c9b01cf5756c300daf
company-records	Run actions/checkout@de0fac2e4500dabe0009e67214ff5f5447ce83dd	2026-10-10T07:01:05.9273053Z ##[endgroup]
company-records	Run actions/checkout@de0fac2e4500dabe0009e67214ff5f5447ce83dd	2026-10-10T07:01:05.9754059Z [command]/usr/bin/git log -1 --format=%H
company-records	Run actions/checkout@de0fac2e4500dabe0009e67214ff5f5447ce83dd	2026-10-10T07:01:05.9788998Z 4947cc9aeb057241c629e5711501f7f3fd92ef0a
company-records	Run actions/checkout@de0fac2e4500dabe0009e67214ff5f5447ce83dd	2026-10-10T07:01:05.9801156Z ##[group]Removing auth
company-records	Run actions/checkout@de0fac2e4500dabe0009e67214ff5f5447ce83dd	2026-10-10T07:01:05.9801706Z Removing SSH command configuration
company-records	Run actions/checkout@de0fac2e4500dabe0009e67214ff5f5447ce83dd	2026-10-10T07:01:05.9804747Z [command]/usr/bin/git config --local --name-only --get-regexp core\.sshCommand
company-records	Run actions/checkout@de0fac2e4500dabe0009e67214ff5f5447ce83dd	2026-10-10T07:01:05.9841849Z [command]/usr/bin/git submodule foreach --recursive sh -c "git config --local --name-only --get-regexp 'core\.sshCommand' && git config --local --unset-all 'core.sshCommand' || :"
company-records	Run actions/checkout@de0fac2e4500dabe0009e67214ff5f5447ce83dd	2026-10-10T07:01:06.0090801Z Removing HTTP extra header
company-records	Run actions/checkout@de0fac2e4500dabe0009e67214ff5f5447ce83dd	2026-10-10T07:01:06.0091604Z [command]/usr/bin/git config --local --name-only --get-regexp http\.https\:\/\/github\.com\/\.extraheader
company-records	Run actions/checkout@de0fac2e4500dabe0009e67214ff5f5447ce83dd	2026-10-10T07:01:06.0127563Z [command]/usr/bin/git submodule foreach --recursive sh -c "git config --local --name-only --get-regexp 'http\.https\:\/\/github\.com\/\.extraheader' && git config --local --unset-all 'http.https://github.com/.extraheader' || :"
company-records	Run actions/checkout@de0fac2e4500dabe0009e67214ff5f5447ce83dd	2026-10-10T07:01:06.0371996Z Removing includeIf entries pointing to credentials config files
company-records	Run actions/checkout@de0fac2e4500dabe0009e67214ff5f5447ce83dd	2026-10-10T07:01:06.0378234Z [command]/usr/bin/git config --local --name-only --get-regexp ^includeIf\.gitdir:
company-records	Run actions/checkout@de0fac2e4500dabe0009e67214ff5f5447ce83dd	2026-10-10T07:01:06.0411084Z includeif.gitdir:/home/runner/work/SEC_metrics/SEC_metrics/.git.path
company-records	Run actions/checkout@de0fac2e4500dabe0009e67214ff5f5447ce83dd	2026-10-10T07:01:06.0412367Z includeif.gitdir:/home/runner/work/SEC_metrics/SEC_metrics/.git/worktrees/*.path
company-records	Run actions/checkout@de0fac2e4500dabe0009e67214ff5f5447ce83dd	2026-10-10T07:01:06.0413336Z includeif.gitdir:/github/workspace/.git.path
company-records	Run actions/checkout@de0fac2e4500dabe0009e67214ff5f5447ce83dd	2026-10-10T07:01:06.0414118Z includeif.gitdir:/github/workspace/.git/worktrees/*.path
company-records	Run actions/checkout@de0fac2e4500dabe0009e67214ff5f5447ce83dd	2026-10-10T07:01:06.0422297Z [command]/usr/bin/git config --local --get-all includeif.gitdir:/home/runner/work/SEC_metrics/SEC_metrics/.git.path
company-records	Run actions/checkout@de0fac2e4500dabe0009e67214ff5f5447ce83dd	2026-10-10T07:01:06.0448593Z /home/runner/work/_temp/git-credentials-d336673f-b90b-438d-bf03-72552aedc2ce.config
company-records	Run actions/checkout@de0fac2e4500dabe0009e67214ff5f5447ce83dd	2026-10-10T07:01:06.0461648Z [command]/usr/bin/git config --local --unset includeif.gitdir:/home/runner/work/SEC_metrics/SEC_metrics/.git.path /home/runner/work/_temp/git-credentials-d336673f-b90b-438d-bf03-72552aedc2ce.config
company-records	Run actions/checkout@de0fac2e4500dabe0009e67214ff5f5447ce83dd	2026-10-10T07:01:06.0500804Z [command]/usr/bin/git config --local --get-all includeif.gitdir:/home/runner/work/SEC_metrics/SEC_metrics/.git/worktrees/*.path
company-records	Run actions/checkout@de0fac2e4500dabe0009e67214ff5f5447ce83dd	2026-10-10T07:01:06.0526367Z /home/runner/work/_temp/git-credentials-d336673f-b90b-438d-bf03-72552aedc2ce.config
company-records	Run actions/checkout@de0fac2e4500dabe0009e67214ff5f5447ce83dd	2026-10-10T07:01:06.0535720Z [command]/usr/bin/git config --local --unset includeif.gitdir:/home/runner/work/SEC_metrics/SEC_metrics/.git/worktrees/*.path /home/runner/work/_temp/git-credentials-d336673f-b90b-438d-bf03-72552aedc2ce.config
company-records	Run actions/checkout@de0fac2e4500dabe0009e67214ff5f5447ce83dd	2026-10-10T07:01:06.0576451Z [command]/usr/bin/git config --local --get-all includeif.gitdir:/github/workspace/.git.path
company-records	Run actions/checkout@de0fac2e4500dabe0009e67214ff5f5447ce83dd	2026-10-10T07:01:06.0605718Z /github/runner_temp/git-credentials-d336673f-b90b-438d-bf03-72552aedc2ce.config
company-records	Run actions/checkout@de0fac2e4500dabe0009e67214ff5f5447ce83dd	2026-10-10T07:01:06.0617770Z [command]/usr/bin/git config --local --unset includeif.gitdir:/github/workspace/.git.path /github/runner_temp/git-credentials-d336673f-b90b-438d-bf03-72552aedc2ce.config
company-records	Run actions/checkout@de0fac2e4500dabe0009e67214ff5f5447ce83dd	2026-10-10T07:01:06.0663060Z [command]/usr/bin/git config --local --get-all includeif.gitdir:/github/workspace/.git/worktrees/*.path
company-records	Run actions/checkout@de0fac2e4500dabe0009e67214ff5f5447ce83dd	2026-10-10T07:01:06.0692069Z /github/runner_temp/git-credentials-d336673f-b90b-438d-bf03-72552aedc2ce.config
company-records	Run actions/checkout@de0fac2e4500dabe0009e67214ff5f5447ce83dd	2026-10-10T07:01:06.0708462Z [command]/usr/bin/git config --local --unset includeif.gitdir:/github/workspace/.git/worktrees/*.path /github/runner_temp/git-credentials-d336673f-b90b-438d-bf03-72552aedc2ce.config
company-records	Run actions/checkout@de0fac2e4500dabe0009e67214ff5f5447ce83dd	2026-10-10T07:01:06.0738393Z [command]/usr/bin/git submodule foreach --recursive git config --local --show-origin --name-only --get-regexp remote.origin.url
company-records	Run actions/checkout@de0fac2e4500dabe0009e67214ff5f5447ce83dd	2026-10-10T07:01:06.0983691Z Removing credentials config '/home/runner/work/_temp/git-credentials-d336673f-b90b-438d-bf03-72552aedc2ce.config'
company-records	Run actions/checkout@de0fac2e4500dabe0009e67214ff5f5447ce83dd	2026-10-10T07:01:06.0994173Z ##[endgroup]
company-records	Run actions/setup-python@a309ff8b426b58ec0e2a45f0f869d46889d02405	﻿2026-10-10T07:01:06.1251319Z ##[group]Run actions/setup-python@a309ff8b426b58ec0e2a45f0f869d46889d02405
company-records	Run actions/setup-python@a309ff8b426b58ec0e2a45f0f869d46889d02405	2026-10-10T07:01:06.1251783Z with:
company-records	Run actions/setup-python@a309ff8b426b58ec0e2a45f0f869d46889d02405	2026-10-10T07:01:06.1252010Z   python-version: 3.14
company-records	Run actions/setup-python@a309ff8b426b58ec0e2a45f0f869d46889d02405	2026-10-10T07:01:06.1252453Z   check-latest: false
company-records	Run actions/setup-python@a309ff8b426b58ec0e2a45f0f869d46889d02405	2026-10-10T07:01:06.1254958Z   token: ***
company-records	Run actions/setup-python@a309ff8b426b58ec0e2a45f0f869d46889d02405	2026-10-10T07:01:06.1255199Z   update-environment: true
company-records	Run actions/setup-python@a309ff8b426b58ec0e2a45f0f869d46889d02405	2026-10-10T07:01:06.1255466Z   allow-prereleases: false
company-records	Run actions/setup-python@a309ff8b426b58ec0e2a45f0f869d46889d02405	2026-10-10T07:01:06.1255721Z   freethreaded: false
company-records	Run actions/setup-python@a309ff8b426b58ec0e2a45f0f869d46889d02405	2026-10-10T07:01:06.1255964Z ##[endgroup]
company-records	Run actions/setup-python@a309ff8b426b58ec0e2a45f0f869d46889d02405	2026-10-10T07:01:06.2547058Z ##[group]Installed versions
company-records	Run actions/setup-python@a309ff8b426b58ec0e2a45f0f869d46889d02405	2026-10-10T07:01:06.2640512Z Successfully set up CPython (3.14.8)
company-records	Run actions/setup-python@a309ff8b426b58ec0e2a45f0f869d46889d02405	2026-10-10T07:01:06.2641453Z ##[endgroup]
company-records	Saved source through calculation, records, CSV and reading	﻿2026-10-10T07:01:06.2808664Z ##[group]Run python3 -m unittest tests.vnext.test_saved_source_checks tests.vnext.test_separate_rule_root tests.vnext.test_company_current_records tests.vnext.test_ordinary_current_update tests.vnext.test_company_parse_reuse tests.vnext.test_precalculated_case tests.vnext.test_selected_lodging_calculation tests.vnext.test_selected_lodging_source tests.vnext.test_deterministic_router.DeterministicRouterTest.test_five_adapters_emit_deterministic_verified_claims tests.vnext.test_deterministic_router.DeterministicRouterTest.test_source_set_tamper_and_metric_specific_branch_fail tests.vnext.test_runtime_tools tests.vnext.test_b03_current_input_scope tests.vnext.test_xbrl_namespace_policy tests.vnext.test_dei_release_selection tests.vnext.test_successor_income_projection tests.vnext.test_event_rule_root tests.vnext.test_financial_dei_release tests.vnext.test_reported_average_period tests.vnext.test_bank_scope_dei_release tests.vnext.test_reporting_company_projection tests.vnext.test_selected_revenue_scope_v1 tests.vnext.test_selected_reported_revenue_v2 tests.vnext.test_current_reported_revenue -v
company-records	Saved source through calculation, records, CSV and reading	2026-10-10T07:01:06.2817034Z ^[[36;1mpython3 -m unittest tests.vnext.test_saved_source_checks tests.vnext.test_separate_rule_root tests.vnext.test_company_current_records tests.vnext.test_ordinary_current_update tests.vnext.test_company_parse_reuse tests.vnext.test_precalculated_case tests.vnext.test_selected_lodging_calculation tests.vnext.test_selected_lodging_source tests.vnext.test_deterministic_router.DeterministicRouterTest.test_five_adapters_emit_deterministic_verified_claims tests.vnext.test_deterministic_router.DeterministicRouterTest.test_source_set_tamper_and_metric_specific_branch_fail tests.vnext.test_runtime_tools tests.vnext.test_b03_current_input_scope tests.vnext.test_xbrl_namespace_policy tests.vnext.test_dei_release_selection tests.vnext.test_successor_income_projection tests.vnext.test_event_rule_root tests.vnext.test_financial_dei_release tests.vnext.test_reported_average_period tests.vnext.test_bank_scope_dei_release tests.vnext.test_reporting_company_projection tests.vnext.test_selected_revenue_scope_v1 tests.vnext.test_selected_reported_revenue_v2 tests.vnext.test_current_reported_revenue -v^[[0m
company-records	Saved source through calculation, records, CSV and reading	2026-10-10T07:01:06.3142475Z shell: /usr/bin/bash -e {0}
company-records	Saved source through calculation, records, CSV and reading	2026-10-10T07:01:06.3142831Z env:
company-records	Saved source through calculation, records, CSV and reading	2026-10-10T07:01:06.3143140Z   pythonLocation: /opt/hostedtoolcache/Python/3.14.8/x64
company-records	Saved source through calculation, records, CSV and reading	2026-10-10T07:01:06.3143644Z   PKG_CONFIG_PATH: /opt/hostedtoolcache/Python/3.14.8/x64/lib/pkgconfig
company-records	Saved source through calculation, records, CSV and reading	2026-10-10T07:01:06.3144131Z   Python_ROOT_DIR: /opt/hostedtoolcache/Python/3.14.8/x64
company-records	Saved source through calculation, records, CSV and reading	2026-10-10T07:01:06.3144617Z   Python2_ROOT_DIR: /opt/hostedtoolcache/Python/3.14.8/x64
company-records	Saved source through calculation, records, CSV and reading	2026-10-10T07:01:06.3145046Z   Python3_ROOT_DIR: /opt/hostedtoolcache/Python/3.14.8/x64
company-records	Saved source through calculation, records, CSV and reading	2026-10-10T07:01:06.3145479Z   LD_LIBRARY_PATH: /opt/hostedtoolcache/Python/3.14.8/x64/lib
company-records	Saved source through calculation, records, CSV and reading	2026-10-10T07:01:06.3145863Z   PYTHONDONTWRITEBYTECODE: 1
company-records	Saved source through calculation, records, CSV and reading	2026-10-10T07:01:06.3146139Z ##[endgroup]
company-records	Saved source through calculation, records, CSV and reading	2026-10-10T07:01:11.5652379Z test_helper_import_does_not_load_release_or_requirement (tests.vnext.test_saved_source_checks.RequestBindingsCompatibilityTest.test_helper_import_does_not_load_release_or_requirement) ... ok
company-records	Saved source through calculation, records, CSV and reading	2026-10-10T07:01:11.5655239Z test_original_imports_keep_same_exception_and_helpers (tests.vnext.test_saved_source_checks.RequestBindingsCompatibilityTest.test_original_imports_keep_same_exception_and_helpers) ... ok
company-records	Saved source through calculation, records, CSV and reading	2026-10-10T07:01:12.7542299Z test_complete_saved_package_without_git_journal_checks_actual_bytes (tests.vnext.test_saved_source_checks.SavedSourceChecksTest.test_complete_saved_package_without_git_journal_checks_actual_bytes) ... ok
company-records	Saved source through calculation, records, CSV and reading	2026-10-10T07:01:12.8501820Z test_corrupted_body_or_headers_are_rejected (tests.vnext.test_saved_source_checks.SavedSourceChecksTest.test_corrupted_body_or_headers_are_rejected) ... ok
company-records	Saved source through calculation, records, CSV and reading	2026-10-10T07:01:12.8544009Z test_empty_scope_is_not_complete (tests.vnext.test_saved_source_checks.SavedSourceChecksTest.test_empty_scope_is_not_complete) ... ok
company-records	Saved source through calculation, records, CSV and reading	2026-10-10T07:01:12.9045912Z test_later_failed_request_cannot_be_hidden_by_old_success (tests.vnext.test_saved_source_checks.SavedSourceChecksTest.test_later_failed_request_cannot_be_hidden_by_old_success) ... ok
company-records	Saved source through calculation, records, CSV and reading	2026-10-10T07:01:13.0008116Z test_missing_or_changed_attempt_identity_is_rejected (tests.vnext.test_saved_source_checks.SavedSourceChecksTest.test_missing_or_changed_attempt_identity_is_rejected) ... ok
company-records	Saved source through calculation, records, CSV and reading	2026-10-10T07:01:13.0504302Z test_missing_selected_body_is_rejected (tests.vnext.test_saved_source_checks.SavedSourceChecksTest.test_missing_selected_body_is_rejected) ... ok
company-records	Saved source through calculation, records, CSV and reading	2026-10-10T07:01:13.1285334Z test_wrong_filing_or_document_identity_is_rejected (tests.vnext.test_saved_source_checks.SavedSourceChecksTest.test_wrong_filing_or_document_identity_is_rejected) ... ok
company-records	Saved source through calculation, records, CSV and reading	2026-10-10T07:01:50.9608819Z test_noncalendar_rpo_and_bank_ratios_complete_without_rules_in_source (tests.vnext.test_separate_rule_root.NativeRuleRootTest.test_noncalendar_rpo_and_bank_ratios_complete_without_rules_in_source) ... ok
company-records	Saved source through calculation, records, CSV and reading	2026-10-10T07:01:50.9777018Z test_wrong_native_subject_is_rejected_before_completion (tests.vnext.test_separate_rule_root.NativeRuleRootTest.test_wrong_native_subject_is_rejected_before_completion) ... ok
company-records	Saved source through calculation, records, CSV and reading	2026-10-10T07:02:16.9905939Z test_b02_uses_actual_comparative_original_without_calculation_rules_in_source (tests.vnext.test_separate_rule_root.SeparateRuleRootTest.test_b02_uses_actual_comparative_original_without_calculation_rules_in_source) ... ok
company-records	Saved source through calculation, records, CSV and reading	2026-10-10T07:02:16.9908582Z test_existing_shared_lodging_calculation_uses_program_rules_and_keeps_source_only (tests.vnext.test_separate_rule_root.SeparateRuleRootTest.test_existing_shared_lodging_calculation_uses_program_rules_and_keeps_source_only) ... ok
company-records	Saved source through calculation, records, CSV and reading	2026-10-10T07:02:16.9911447Z test_no_catalog_rules_code_or_answers_required_in_source_root (tests.vnext.test_separate_rule_root.SeparateRuleRootTest.test_no_catalog_rules_code_or_answers_required_in_source_root) ... ok
company-records	Saved source through calculation, records, CSV and reading	2026-10-10T07:02:17.0091529Z test_registry_subject_change_is_not_hidden_by_program_rules (tests.vnext.test_separate_rule_root.SeparateRuleRootTest.test_registry_subject_change_is_not_hidden_by_program_rules) ... ok
company-records	Saved source through calculation, records, CSV and reading	2026-10-10T07:02:17.0113434Z test_saved_result_read_retains_value_unit_period_and_source_rows (tests.vnext.test_separate_rule_root.SeparateRuleRootTest.test_saved_result_read_retains_value_unit_period_and_source_rows) ... ok
company-records	Saved source through calculation, records, CSV and reading	2026-10-10T07:02:17.0385818Z test_common_company_reader_keeps_other_metric_after_subset_run (tests.vnext.test_company_current_records.CurrentCompanyTest.test_common_company_reader_keeps_other_metric_after_subset_run) ... ok
company-records	Saved source through calculation, records, CSV and reading	2026-10-10T07:02:17.0522040Z test_common_read_exports_csv_and_honours_supplied_defects_without_update (tests.vnext.test_company_current_records.CurrentCompanyTest.test_common_read_exports_csv_and_honours_supplied_defects_without_update) ... ok
company-records	Saved source through calculation, records, CSV and reading	2026-10-10T07:02:17.0552530Z test_competing_writer_does_not_enter_calculation (tests.vnext.test_company_current_records.CurrentCompanyTest.test_competing_writer_does_not_enter_calculation) ... ok
company-records	Saved source through calculation, records, CSV and reading	2026-10-10T07:02:17.0756840Z test_completed_pointer_cannot_label_a_success_record_as_withheld (tests.vnext.test_company_current_records.CurrentCompanyTest.test_completed_pointer_cannot_label_a_success_record_as_withheld) ... ok
company-records	Saved source through calculation, records, CSV and reading	2026-10-10T07:02:17.0933101Z test_completed_withheld_survives_a_later_different_metric_request (tests.vnext.test_company_current_records.CurrentCompanyTest.test_completed_withheld_survives_a_later_different_metric_request) ... ok
company-records	Saved source through calculation, records, CSV and reading	2026-10-10T07:02:17.1117121Z test_current_failure_does_not_hide_an_existing_exact_known_defect (tests.vnext.test_company_current_records.CurrentCompanyTest.test_current_failure_does_not_hide_an_existing_exact_known_defect) ... ok
company-records	Saved source through calculation, records, CSV and reading	2026-10-10T07:02:17.1230399Z test_daily_read_does_not_select_sources_or_run_update (tests.vnext.test_company_current_records.CurrentCompanyTest.test_daily_read_does_not_select_sources_or_run_update) ... ok
company-records	Saved source through calculation, records, CSV and reading	2026-10-10T07:02:17.1312541Z test_existing_local_entry_selects_saved_branch_without_configure_task (tests.vnext.test_company_current_records.CurrentCompanyTest.test_existing_local_entry_selects_saved_branch_without_configure_task) ... ok
company-records	Saved source through calculation, records, CSV and reading	2026-10-10T07:02:17.1448515Z test_failed_check_remains_visible_after_requesting_another_metric (tests.vnext.test_company_current_records.CurrentCompanyTest.test_failed_check_remains_visible_after_requesting_another_metric) ... ok
company-records	Saved source through calculation, records, CSV and reading	2026-10-10T07:02:17.1622603Z test_failure_detail_does_not_relabel_a_previous_success_as_current (tests.vnext.test_company_current_records.CurrentCompanyTest.test_failure_detail_does_not_relabel_a_previous_success_as_current) ... ok
company-records	Saved source through calculation, records, CSV and reading	2026-10-10T07:02:17.1742046Z test_independent_read_keeps_failed_input_reason_without_a_result (tests.vnext.test_company_current_records.CurrentCompanyTest.test_independent_read_keeps_failed_input_reason_without_a_result) ... ok
company-records	Saved source through calculation, records, CSV and reading	2026-10-10T07:02:17.1828294Z test_known_bad_exact_result_is_removed_from_numeric_csv (tests.vnext.test_company_current_records.CurrentCompanyTest.test_known_bad_exact_result_is_removed_from_numeric_csv) ... ok
company-records	Saved source through calculation, records, CSV and reading	2026-10-10T07:02:17.1910265Z test_metric_exception_is_local_not_batch_failure (tests.vnext.test_company_current_records.CurrentCompanyTest.test_metric_exception_is_local_not_batch_failure) ... ok
company-records	Saved source through calculation, records, CSV and reading	2026-10-10T07:02:17.1976247Z test_missing_ai_and_deprecated_e01_do_not_manufacture_results (tests.vnext.test_company_current_records.CurrentCompanyTest.test_missing_ai_and_deprecated_e01_do_not_manufacture_results) ... ok
company-records	Saved source through calculation, records, CSV and reading	2026-10-10T07:02:17.2161630Z test_new_withheld_result_is_shown_instead_of_old_success (tests.vnext.test_company_current_records.CurrentCompanyTest.test_new_withheld_result_is_shown_instead_of_old_success) ... ok
company-records	Saved source through calculation, records, CSV and reading	2026-10-10T07:02:17.2302087Z test_range_public_entry_isolates_missing_year_and_exports_actual_success_period (tests.vnext.test_company_current_records.CurrentCompanyTest.test_range_public_entry_isolates_missing_year_and_exports_actual_success_period) ... ok
company-records	Saved source through calculation, records, CSV and reading	2026-10-10T07:02:17.2342067Z test_range_requires_unique_bounded_years_and_existing_factory (tests.vnext.test_company_current_records.CurrentCompanyTest.test_range_requires_unique_bounded_years_and_existing_factory) ... ok
company-records	Saved source through calculation, records, CSV and reading	2026-10-10T07:02:17.2443089Z test_same_metric_two_period_pointers_are_both_visible (tests.vnext.test_company_current_records.CurrentCompanyTest.test_same_metric_two_period_pointers_are_both_visible) ... ok
company-records	Saved source through calculation, records, CSV and reading	2026-10-10T07:02:17.2565202Z test_source_binding_and_old_task_are_not_reset (tests.vnext.test_company_current_records.CurrentCompanyTest.test_source_binding_and_old_task_are_not_reset) ... ok
company-records	Saved source through calculation, records, CSV and reading	2026-10-10T07:02:17.2697601Z test_source_failure_preserves_old_period_and_other_metric_continues (tests.vnext.test_company_current_records.CurrentCompanyTest.test_source_failure_preserves_old_period_and_other_metric_continues) ... ok
company-records	Saved source through calculation, records, CSV and reading	2026-10-10T07:02:17.2826370Z test_two_metrics_share_source_and_program_without_installer (tests.vnext.test_company_current_records.CurrentCompanyTest.test_two_metrics_share_source_and_program_without_installer) ... ok
company-records	Saved source through calculation, records, CSV and reading	2026-10-10T07:02:17.2983504Z test_unrelated_source_discovery_failure_still_shows_limitation (tests.vnext.test_company_current_records.CurrentCompanyTest.test_unrelated_source_discovery_failure_still_shows_limitation) ... ok
company-records	Saved source through calculation, records, CSV and reading	2026-10-10T07:02:17.2992921Z test_writable_state_cannot_overlap_source_or_code (tests.vnext.test_company_current_records.CurrentCompanyTest.test_writable_state_cannot_overlap_source_or_code) ... ok
company-records	Saved source through calculation, records, CSV and reading	2026-10-10T07:02:17.3119725Z test_wrong_metric_saved_record_is_not_exported (tests.vnext.test_company_current_records.CurrentCompanyTest.test_wrong_metric_saved_record_is_not_exported) ... ok
company-records	Saved source through calculation, records, CSV and reading	2026-10-10T07:02:28.1646782Z test_actual_scope_withheld_preserves_two_successful_numeric_results (tests.vnext.test_company_current_records.MixedSavedBusinessOutcomeTest.test_actual_scope_withheld_preserves_two_successful_numeric_results) ... ok
company-records	Saved source through calculation, records, CSV and reading	2026-10-10T07:02:28.6833212Z test_repeated_mixed_inputs_reuse_success_and_hold_without_factory (tests.vnext.test_company_current_records.MixedSavedBusinessOutcomeTest.test_repeated_mixed_inputs_reuse_success_and_hold_without_factory) ... ok
company-records	Saved source through calculation, records, CSV and reading	2026-10-10T07:02:28.7253534Z test_adding_another_metric_reuses_completed_input_in_the_actual_controller (tests.vnext.test_company_current_records.PerMetricProducerTest.test_adding_another_metric_reuses_completed_input_in_the_actual_controller) ... ok
company-records	Saved source through calculation, records, CSV and reading	2026-10-10T07:02:28.7298377Z test_bad_or_ambiguous_metric_mapping_is_rejected_before_writes (tests.vnext.test_company_current_records.PerMetricProducerTest.test_bad_or_ambiguous_metric_mapping_is_rejected_before_writes) ... ok
company-records	Saved source through calculation, records, CSV and reading	2026-10-10T07:02:28.7375365Z test_default_a13_stays_unimplemented_and_unknown_explicit_core_rejects (tests.vnext.test_company_current_records.PerMetricProducerTest.test_default_a13_stays_unimplemented_and_unknown_explicit_core_rejects) ... ok
company-records	Saved source through calculation, records, CSV and reading	2026-10-10T07:02:28.7440505Z test_each_selected_metric_keeps_its_factory_and_exact_dependencies (tests.vnext.test_company_current_records.PerMetricProducerTest.test_each_selected_metric_keeps_its_factory_and_exact_dependencies) ... ok
company-records	Saved source through calculation, records, CSV and reading	2026-10-10T07:02:28.7512397Z test_explicit_a13_factory_reaches_same_update_boundary (tests.vnext.test_company_current_records.PerMetricProducerTest.test_explicit_a13_factory_reaches_same_update_boundary) ... ok
company-records	Saved source through calculation, records, CSV and reading	2026-10-10T07:02:28.7610638Z test_explicit_a13_saved_reading_keeps_value_and_content_unaccepted (tests.vnext.test_company_current_records.PerMetricProducerTest.test_explicit_a13_saved_reading_keeps_value_and_content_unaccepted) ... ok
company-records	Saved source through calculation, records, CSV and reading	2026-10-10T07:02:28.7706680Z test_single_factory_and_dependency_tuple_are_passed_unchanged (tests.vnext.test_company_current_records.PerMetricProducerTest.test_single_factory_and_dependency_tuple_are_passed_unchanged) ... ok
company-records	Saved source through calculation, records, CSV and reading	2026-10-10T07:02:35.6397416Z test_real_marriott_values_periods_and_source_links_reach_company_csv (tests.vnext.test_company_current_records.SavedSourceCompanyEntryTest.test_real_marriott_values_periods_and_source_links_reach_company_csv) ... ok
company-records	Saved source through calculation, records, CSV and reading	2026-10-10T07:02:35.6495696Z test_real_read_does_not_parse_or_update (tests.vnext.test_company_current_records.SavedSourceCompanyEntryTest.test_real_read_does_not_parse_or_update) ... ok
company-records	Saved source through calculation, records, CSV and reading	2026-10-10T07:02:36.0241859Z test_real_reentry_never_invokes_calculation_factory (tests.vnext.test_company_current_records.SavedSourceCompanyEntryTest.test_real_reentry_never_invokes_calculation_factory) ... ok
company-records	Saved source through calculation, records, CSV and reading	2026-10-10T07:02:36.0424871Z test_completed_withheld_recovers_interrupted_pointer_write (tests.vnext.test_ordinary_current_update.CompletedWithheldUpdateTest.test_completed_withheld_recovers_interrupted_pointer_write) ... ok
company-records	Saved source through calculation, records, CSV and reading	2026-10-10T07:02:36.0553757Z test_first_withheld_repeats_without_factory_or_another_result (tests.vnext.test_ordinary_current_update.CompletedWithheldUpdateTest.test_first_withheld_repeats_without_factory_or_another_result) ... ok
company-records	Saved source through calculation, records, CSV and reading	2026-10-10T07:02:36.0644906Z test_program_exception_does_not_become_reusable_withheld (tests.vnext.test_ordinary_current_update.CompletedWithheldUpdateTest.test_program_exception_does_not_become_reusable_withheld) ... ok
company-records	Saved source through calculation, records, CSV and reading	2026-10-10T07:02:36.0775328Z test_source_and_configuration_changes_reprocess_stable_withheld (tests.vnext.test_ordinary_current_update.CompletedWithheldUpdateTest.test_source_and_configuration_changes_reprocess_stable_withheld) ... ok
company-records	Saved source through calculation, records, CSV and reading	2026-10-10T07:02:36.0911718Z test_withheld_replaces_current_conclusion_but_preserves_success_history (tests.vnext.test_ordinary_current_update.CompletedWithheldUpdateTest.test_withheld_replaces_current_conclusion_but_preserves_success_history) ... ok
company-records	Saved source through calculation, records, CSV and reading	2026-10-10T07:02:36.1162258Z test_b02_paired_scope_changes_invalidate_only_its_processing_identity (tests.vnext.test_ordinary_current_update.CurrentProcessingConfigurationTest.test_b02_paired_scope_changes_invalidate_only_its_processing_identity) ... ok
company-records	Saved source through calculation, records, CSV and reading	2026-10-10T07:02:36.1388639Z test_changed_annual_selection_and_saved_input_checks_are_not_cached (tests.vnext.test_ordinary_current_update.CurrentProcessingConfigurationTest.test_changed_annual_selection_and_saved_input_checks_are_not_cached) ... ok
company-records	Saved source through calculation, records, CSV and reading	2026-10-10T07:02:36.1734589Z test_changed_graph_reprocesses_same_input_instead_of_reusing_old_result (tests.vnext.test_ordinary_current_update.CurrentProcessingConfigurationTest.test_changed_graph_reprocesses_same_input_instead_of_reusing_old_result) ... ok
company-records	Saved source through calculation, records, CSV and reading	2026-10-10T07:02:36.2037178Z test_changed_paired_scope_rechecks_then_reuses_a_withheld_conclusion (tests.vnext.test_ordinary_current_update.CurrentProcessingConfigurationTest.test_changed_paired_scope_rechecks_then_reuses_a_withheld_conclusion) ... ok
company-records	Saved source through calculation, records, CSV and reading	2026-10-10T07:02:36.2385786Z test_consumed_deterministic_graph_is_part_of_processing_identity (tests.vnext.test_ordinary_current_update.CurrentProcessingConfigurationTest.test_consumed_deterministic_graph_is_part_of_processing_identity) ... ok
company-records	Saved source through calculation, records, CSV and reading	2026-10-10T07:02:36.2514677Z test_consumed_parser_changes_still_change_processing_identity (tests.vnext.test_ordinary_current_update.CurrentProcessingConfigurationTest.test_consumed_parser_changes_still_change_processing_identity) ... ok
company-records	Saved source through calculation, records, CSV and reading	2026-10-10T07:02:36.2642472Z test_lodging_only_changes_do_not_change_b01_processing_identity (tests.vnext.test_ordinary_current_update.CurrentProcessingConfigurationTest.test_lodging_only_changes_do_not_change_b01_processing_identity) ... ok
company-records	Saved source through calculation, records, CSV and reading	2026-10-10T07:02:36.2783105Z test_unused_legacy_source_authority_does_not_invalidate_current_input (tests.vnext.test_ordinary_current_update.CurrentProcessingConfigurationTest.test_unused_legacy_source_authority_does_not_invalidate_current_input) ... ok
company-records	Saved source through calculation, records, CSV and reading	2026-10-10T07:02:36.3305663Z test_unused_recorded_source_session_does_not_change_current_configuration (tests.vnext.test_ordinary_current_update.CurrentProcessingConfigurationTest.test_unused_recorded_source_session_does_not_change_current_configuration) ... ok
company-records	Saved source through calculation, records, CSV and reading	2026-10-10T07:02:36.3737122Z test_used_source_dependency_change_reprocesses_once_then_reuses (tests.vnext.test_ordinary_current_update.CurrentProcessingConfigurationTest.test_used_source_dependency_change_reprocesses_once_then_reuses) ... ok
company-records	Saved source through calculation, records, CSV and reading	2026-10-10T07:02:36.3752003Z test_census_uses_company_latest_bodies_not_request_identity_or_other_company (tests.vnext.test_ordinary_current_update.CurrentUpdateTest.test_census_uses_company_latest_bodies_not_request_identity_or_other_company) ... ok
company-records	Saved source through calculation, records, CSV and reading	2026-10-10T07:02:36.3863097Z test_configuration_failure_is_persisted (tests.vnext.test_ordinary_current_update.CurrentUpdateTest.test_configuration_failure_is_persisted) ... ok
company-records	Saved source through calculation, records, CSV and reading	2026-10-10T07:02:36.3997237Z test_existing_update_entry_selects_current_record_storage_explicitly (tests.vnext.test_ordinary_current_update.CurrentUpdateTest.test_existing_update_entry_selects_current_record_storage_explicitly) ... ok
company-records	Saved source through calculation, records, CSV and reading	2026-10-10T07:02:36.4093247Z test_identical_raw_and_config_never_enters_calculation (tests.vnext.test_ordinary_current_update.CurrentUpdateTest.test_identical_raw_and_config_never_enters_calculation) ... ok
company-records	Saved source through calculation, records, CSV and reading	2026-10-10T07:02:36.4179142Z test_latest_get_failure_does_not_claim_no_change_or_overwrite_success (tests.vnext.test_ordinary_current_update.CurrentUpdateTest.test_latest_get_failure_does_not_claim_no_change_or_overwrite_success) ... ok
company-records	Saved source through calculation, records, CSV and reading	2026-10-10T07:02:36.4350247Z test_new_company_file_or_processing_change_makes_new_version (tests.vnext.test_ordinary_current_update.CurrentUpdateTest.test_new_company_file_or_processing_change_makes_new_version) ... ok
company-records	Saved source through calculation, records, CSV and reading	2026-10-10T07:02:36.4363767Z test_old_native_history_requires_its_old_controller (tests.vnext.test_ordinary_current_update.CurrentUpdateTest.test_old_native_history_requires_its_old_controller) ... ok
company-records	Saved source through calculation, records, CSV and reading	2026-10-10T07:02:36.4542406Z test_saved_completion_recovers_pointer_before_next_check (tests.vnext.test_ordinary_current_update.CurrentUpdateTest.test_saved_completion_recovers_pointer_before_next_check) ... ok
company-records	Saved source through calculation, records, CSV and reading	2026-10-10T07:02:36.4679819Z test_unfinished_intent_is_interrupted_not_success (tests.vnext.test_ordinary_current_update.CurrentUpdateTest.test_unfinished_intent_is_interrupted_not_success) ... ok
company-records	Saved source through calculation, records, CSV and reading	2026-10-10T07:02:36.4690888Z test_a13_without_explicit_year_and_other_unsupported_family_stay_closed (tests.vnext.test_ordinary_current_update.SelectedPeriodUpdateTest.test_a13_without_explicit_year_and_other_unsupported_family_stay_closed) ... ok
company-records	Saved source through calculation, records, CSV and reading	2026-10-10T07:02:36.4907031Z test_completed_withheld_periods_do_not_override_current_or_each_other (tests.vnext.test_ordinary_current_update.SelectedPeriodUpdateTest.test_completed_withheld_periods_do_not_override_current_or_each_other) ... ok
company-records	Saved source through calculation, records, CSV and reading	2026-10-10T07:02:36.5072775Z test_declared_dependency_change_recalculates_but_unrelated_change_does_not (tests.vnext.test_ordinary_current_update.SelectedPeriodUpdateTest.test_declared_dependency_change_recalculates_but_unrelated_change_does_not) ... ok
company-records	Saved source through calculation, records, CSV and reading	2026-10-10T07:02:36.5113020Z test_explicit_a13_selected_case_reaches_factory_without_default_expansion (tests.vnext.test_ordinary_current_update.SelectedPeriodUpdateTest.test_explicit_a13_selected_case_reaches_factory_without_default_expansion) ... ok
company-records	Saved source through calculation, records, CSV and reading	2026-10-10T07:02:36.5279641Z test_explicit_recorded_session_dependency_still_reprocesses (tests.vnext.test_ordinary_current_update.SelectedPeriodUpdateTest.test_explicit_recorded_session_dependency_still_reprocesses) ... ok
company-records	Saved source through calculation, records, CSV and reading	2026-10-10T07:02:36.5320523Z test_period_selection_failure_retains_year_and_category (tests.vnext.test_ordinary_current_update.SelectedPeriodUpdateTest.test_period_selection_failure_retains_year_and_category) ... ok
company-records	Saved source through calculation, records, CSV and reading	2026-10-10T07:02:36.5417938Z test_processing_dependency_path_error_preserves_previous_result (tests.vnext.test_ordinary_current_update.SelectedPeriodUpdateTest.test_processing_dependency_path_error_preserves_previous_result) ... ok
company-records	Saved source through calculation, records, CSV and reading	2026-10-10T07:02:36.5427344Z test_selected_period_without_factory_never_selects_latest (tests.vnext.test_ordinary_current_update.SelectedPeriodUpdateTest.test_selected_period_without_factory_never_selects_latest) ... ok
company-records	Saved source through calculation, records, CSV and reading	2026-10-10T07:02:36.5548018Z test_two_selected_periods_have_separate_pointers_and_current_layout_stays (tests.vnext.test_ordinary_current_update.SelectedPeriodUpdateTest.test_two_selected_periods_have_separate_pointers_and_current_layout_stays) ... ok
company-records	Saved source through calculation, records, CSV and reading	2026-10-10T07:02:36.5642868Z test_unchanged_selected_period_does_not_invoke_case_factory (tests.vnext.test_ordinary_current_update.SelectedPeriodUpdateTest.test_unchanged_selected_period_does_not_invoke_case_factory) ... ok
company-records	Saved source through calculation, records, CSV and reading	2026-10-10T07:02:36.5737095Z test_wrong_selected_year_preserves_previous_pointer (tests.vnext.test_ordinary_current_update.SelectedPeriodUpdateTest.test_wrong_selected_year_preserves_previous_pointer) ... ok
company-records	Saved source through calculation, records, CSV and reading	2026-10-10T07:02:36.5771239Z test_byte_changes_are_not_cache_hits_or_identity_equivalence (tests.vnext.test_company_parse_reuse.CompanyParseReuseTest.test_byte_changes_are_not_cache_hits_or_identity_equivalence) ... ok
company-records	Saved source through calculation, records, CSV and reading	2026-10-10T07:02:36.5909722Z test_cache_is_bounded_without_omitting_later_sources (tests.vnext.test_company_parse_reuse.CompanyParseReuseTest.test_cache_is_bounded_without_omitting_later_sources) ... ok
company-records	Saved source through calculation, records, CSV and reading	2026-10-10T07:02:36.5936274Z test_nested_operations_and_failures_restore_previous_scope (tests.vnext.test_company_parse_reuse.CompanyParseReuseTest.test_nested_operations_and_failures_restore_previous_scope) ... ok
company-records	Saved source through calculation, records, CSV and reading	2026-10-10T07:02:36.5962512Z test_one_operation_parses_same_bytes_once_with_same_immutable_content (tests.vnext.test_company_parse_reuse.CompanyParseReuseTest.test_one_operation_parses_same_bytes_once_with_same_immutable_content) ... ok
company-records	Saved source through calculation, records, CSV and reading	2026-10-10T07:02:36.5988514Z test_reused_parse_does_not_bypass_consumer_company_or_period_checks (tests.vnext.test_company_parse_reuse.CompanyParseReuseTest.test_reused_parse_does_not_bypass_consumer_company_or_period_checks) ... ok
company-records	Saved source through calculation, records, CSV and reading	2026-10-10T07:02:43.0762175Z test_current_metric_and_evidence_rows_keep_the_actual_reporter (tests.vnext.test_precalculated_case.PrecalculatedCaseTest.test_current_metric_and_evidence_rows_keep_the_actual_reporter) ... ok
company-records	Saved source through calculation, records, CSV and reading	2026-10-10T07:02:43.2643378Z test_independent_read_checks_changed_or_missing_shared_material (tests.vnext.test_precalculated_case.PrecalculatedCaseTest.test_independent_read_checks_changed_or_missing_shared_material) ... ok
company-records	Saved source through calculation, records, CSV and reading	2026-10-10T07:02:43.2718242Z test_modified_trace_is_rejected_before_completion (tests.vnext.test_precalculated_case.PrecalculatedCaseTest.test_modified_trace_is_rejected_before_completion) ... ok
company-records	Saved source through calculation, records, CSV and reading	2026-10-10T07:02:43.4524366Z test_projection_consumes_selected_annual_input_without_latest_reselection (tests.vnext.test_precalculated_case.PrecalculatedCaseTest.test_projection_consumes_selected_annual_input_without_latest_reselection) ... ok
company-records	Saved source through calculation, records, CSV and reading	2026-10-10T07:02:43.6367138Z test_real_precalculated_case_reaches_rows_without_selector_or_calculator (tests.vnext.test_precalculated_case.PrecalculatedCaseTest.test_real_precalculated_case_reaches_rows_without_selector_or_calculator) ... ok
company-records	Saved source through calculation, records, CSV and reading	2026-10-10T07:02:44.0155319Z test_shared_asset_is_stored_once_and_both_records_remain_readable (tests.vnext.test_precalculated_case.PrecalculatedCaseTest.test_shared_asset_is_stored_once_and_both_records_remain_readable) ... ok
company-records	Saved source through calculation, records, CSV and reading	2026-10-10T07:02:44.2022171Z test_shared_material_cannot_be_written_into_readonly_source (tests.vnext.test_precalculated_case.PrecalculatedCaseTest.test_shared_material_cannot_be_written_into_readonly_source) ... ok
company-records	Saved source through calculation, records, CSV and reading	2026-10-10T07:02:44.3767335Z test_wrong_prepared_fiscal_label_is_rejected_without_latest_fallback (tests.vnext.test_precalculated_case.PrecalculatedCaseTest.test_wrong_prepared_fiscal_label_is_rejected_without_latest_fallback) ... ok
company-records	Saved source through calculation, records, CSV and reading	2026-10-10T07:02:44.5573518Z test_wrong_prepared_subject_is_rejected_before_completion (tests.vnext.test_precalculated_case.PrecalculatedCaseTest.test_wrong_prepared_subject_is_rejected_before_completion) ... ok
company-records	Saved source through calculation, records, CSV and reading	2026-10-10T07:02:44.5640498Z test_wrong_spec_has_no_completion_manifest (tests.vnext.test_precalculated_case.PrecalculatedCaseTest.test_wrong_spec_has_no_completion_manifest) ... ok
company-records	Saved source through calculation, records, CSV and reading	2026-10-10T07:02:44.5703723Z test_wrong_target_period_has_no_completion_manifest (tests.vnext.test_precalculated_case.PrecalculatedCaseTest.test_wrong_target_period_has_no_completion_manifest) ... ok
company-records	Saved source through calculation, records, CSV and reading	2026-10-10T07:02:47.5527189Z test_rpo_saved_csv_is_explicitly_not_arr_or_churn (tests.vnext.test_precalculated_case.RpoDisplayTest.test_rpo_saved_csv_is_explicitly_not_arr_or_churn) ... ok
company-records	Saved source through calculation, records, CSV and reading	2026-10-10T07:02:47.5760240Z test_both_metrics_reach_calculator_without_selecting_or_reading_again (tests.vnext.test_selected_lodging_calculation.SelectedLodgingCalculationTest.test_both_metrics_reach_calculator_without_selecting_or_reading_again) ... ok
company-records	Saved source through calculation, records, CSV and reading	2026-10-10T07:02:47.5781737Z test_changed_period_or_scope_is_rejected_before_calculation (tests.vnext.test_selected_lodging_calculation.SelectedLodgingCalculationTest.test_changed_period_or_scope_is_rejected_before_calculation) ... ok
company-records	Saved source through calculation, records, CSV and reading	2026-10-10T07:02:47.5803733Z test_company_accession_reference_and_metric_conflicts_are_rejected (tests.vnext.test_selected_lodging_calculation.SelectedLodgingCalculationTest.test_company_accession_reference_and_metric_conflicts_are_rejected) ... ok
company-records	Saved source through calculation, records, CSV and reading	2026-10-10T07:02:47.5972583Z test_selected_noncalendar_interval_is_preserved_through_calculation (tests.vnext.test_selected_lodging_calculation.SelectedLodgingCalculationTest.test_selected_noncalendar_interval_is_preserved_through_calculation) ... ok
company-records	Saved source through calculation, records, CSV and reading	2026-10-10T07:02:47.5994393Z test_wrong_unit_cannot_become_an_exact_result (tests.vnext.test_selected_lodging_calculation.SelectedLodgingCalculationTest.test_wrong_unit_cannot_become_an_exact_result) ... ok
company-records	Saved source through calculation, records, CSV and reading	2026-10-10T07:02:47.6016403Z test_context_and_reported_cik_cannot_change_the_selected_subject (tests.vnext.test_selected_lodging_source.PreparedPeriodBusinessTest.test_context_and_reported_cik_cannot_change_the_selected_subject) ... ok
company-records	Saved source through calculation, records, CSV and reading	2026-10-10T07:02:47.6037255Z test_invalid_label_is_an_integrity_failure (tests.vnext.test_selected_lodging_source.PreparedPeriodBusinessTest.test_invalid_label_is_an_integrity_failure) ... ok
company-records	Saved source through calculation, records, CSV and reading	2026-10-10T07:02:47.6057500Z test_quarter_and_amendment_are_not_an_ordinary_annual_selection (tests.vnext.test_selected_lodging_source.PreparedPeriodBusinessTest.test_quarter_and_amendment_are_not_an_ordinary_annual_selection) ... ok
company-records	Saved source through calculation, records, CSV and reading	2026-10-10T07:02:47.6069355Z test_short_interval_is_a_named_implementation_gap (tests.vnext.test_selected_lodging_source.PreparedPeriodBusinessTest.test_short_interval_is_a_named_implementation_gap) ... ok
company-records	Saved source through calculation, records, CSV and reading	2026-10-10T07:02:47.6080831Z test_source_label_and_52_week_interval_are_kept (tests.vnext.test_selected_lodging_source.PreparedPeriodBusinessTest.test_source_label_and_52_week_interval_are_kept) ... ok
company-records	Saved source through calculation, records, CSV and reading	2026-10-10T07:02:47.6241503Z test_both_metrics_keep_units_scope_period_and_raw_cell_positions (tests.vnext.test_selected_lodging_source.SelectedLodgingSourceTest.test_both_metrics_keep_units_scope_period_and_raw_cell_positions) ... ok
company-records	Saved source through calculation, records, CSV and reading	2026-10-10T07:02:47.6245609Z test_company_accession_raw_bytes_and_period_must_match_selected_source (tests.vnext.test_selected_lodging_source.SelectedLodgingSourceTest.test_company_accession_raw_bytes_and_period_must_match_selected_source) ... ok
company-records	Saved source through calculation, records, CSV and reading	2026-10-10T07:02:47.6426928Z test_competing_target_and_truncated_html_are_not_a_success (tests.vnext.test_selected_lodging_source.SelectedLodgingSourceTest.test_competing_target_and_truncated_html_are_not_a_success) ... ok
company-records	Saved source through calculation, records, CSV and reading	2026-10-10T07:02:47.6688081Z test_local_period_currency_and_footnote_conflicts_are_not_ignored (tests.vnext.test_selected_lodging_source.SelectedLodgingSourceTest.test_local_period_currency_and_footnote_conflicts_are_not_ignored) ... ok
company-records	Saved source through calculation, records, CSV and reading	2026-10-10T07:02:47.6836579Z test_non_calendar_prepared_period_is_not_inferred_from_end_year (tests.vnext.test_selected_lodging_source.SelectedLodgingSourceTest.test_non_calendar_prepared_period_is_not_inferred_from_end_year) ... ok
company-records	Saved source through calculation, records, CSV and reading	2026-10-10T07:02:47.7161685Z test_policy_is_explicit_and_never_changes_module_globals (tests.vnext.test_selected_lodging_source.SelectedLodgingSourceTest.test_policy_is_explicit_and_never_changes_module_globals) ... ok
company-records	Saved source through calculation, records, CSV and reading	2026-10-10T07:02:47.7424114Z test_scope_and_unit_cannot_be_borrowed_or_guessed (tests.vnext.test_selected_lodging_source.SelectedLodgingSourceTest.test_scope_and_unit_cannot_be_borrowed_or_guessed) ... ok
company-records	Saved source through calculation, records, CSV and reading	2026-10-10T07:02:47.7575755Z test_selected_reader_does_not_prepare_or_parse_dei_again (tests.vnext.test_selected_lodging_source.SelectedLodgingSourceTest.test_selected_reader_does_not_prepare_or_parse_dei_again) ... ok
company-records	Saved source through calculation, records, CSV and reading	2026-10-10T07:02:47.7748897Z test_year_column_and_introduction_are_independent_checks (tests.vnext.test_selected_lodging_source.SelectedLodgingSourceTest.test_year_column_and_introduction_are_independent_checks) ... ok
company-records	Saved source through calculation, records, CSV and reading	2026-10-10T07:02:47.7751514Z test_five_adapters_emit_deterministic_verified_claims (tests.vnext.test_deterministic_router.DeterministicRouterTest.test_five_adapters_emit_deterministic_verified_claims)
company-records	Saved source through calculation, records, CSV and reading	2026-10-10T07:02:47.7850699Z Run all five adapters with a socket-open canary fixed at zero. ... ok
company-records	Saved source through calculation, records, CSV and reading	2026-10-10T07:02:47.7852627Z test_source_set_tamper_and_metric_specific_branch_fail (tests.vnext.test_deterministic_router.DeterministicRouterTest.test_source_set_tamper_and_metric_specific_branch_fail)
company-records	Saved source through calculation, records, CSV and reading	2026-10-10T07:02:47.8149066Z Reject manifest drift and ban a shared E01 identity branch. ... ok
company-records	Saved source through calculation, records, CSV and reading	2026-10-10T07:02:47.8191521Z test_catalog_compile_keeps_metric_formula_unit_and_dimension_rules (tests.vnext.test_runtime_tools.RuntimeToolsTest.test_catalog_compile_keeps_metric_formula_unit_and_dimension_rules) ... ok
company-records	Saved source through calculation, records, CSV and reading	2026-10-10T07:02:47.8193985Z test_csv_columns_quotes_newlines_and_unicode_are_preserved (tests.vnext.test_runtime_tools.RuntimeToolsTest.test_csv_columns_quotes_newlines_and_unicode_are_preserved) ... ok
company-records	Saved source through calculation, records, CSV and reading	2026-10-10T07:02:47.8204181Z test_invalid_formula_arity_unit_and_dimensions_not_silently_accepted (tests.vnext.test_runtime_tools.RuntimeToolsTest.test_invalid_formula_arity_unit_and_dimensions_not_silently_accepted) ... ok
company-records	Saved source through calculation, records, CSV and reading	2026-10-10T07:02:47.8205857Z test_legacy_null_result_constructor_remains_the_same_callable (tests.vnext.test_runtime_tools.RuntimeToolsTest.test_legacy_null_result_constructor_remains_the_same_callable) ... ok
company-records	Saved source through calculation, records, CSV and reading	2026-10-10T07:02:48.3396108Z test_lodging_source_and_result_entry_do_not_import_publication_or_qualification (tests.vnext.test_runtime_tools.RuntimeToolsTest.test_lodging_source_and_result_entry_do_not_import_publication_or_qualification) ... ok
company-records	Saved source through calculation, records, CSV and reading	2026-10-10T07:02:48.3399148Z test_missing_or_extra_csv_field_is_a_real_failure (tests.vnext.test_runtime_tools.RuntimeToolsTest.test_missing_or_extra_csv_field_is_a_real_failure) ... ok
company-records	Saved source through calculation, records, CSV and reading	2026-10-10T07:02:48.7709090Z test_small_source_and_spec_tools_do_not_import_release_workflows (tests.vnext.test_runtime_tools.RuntimeToolsTest.test_small_source_and_spec_tools_do_not_import_release_workflows) ... ok
company-records	Saved source through calculation, records, CSV and reading	2026-10-10T07:02:48.7738415Z test_aggregate_preserves_all_proofs_without_double_counting (tests.vnext.test_b03_current_input_scope.ContractAggregateTest.test_aggregate_preserves_all_proofs_without_double_counting) ... ok
company-records	Saved source through calculation, records, CSV and reading	2026-10-10T07:02:48.7760781Z test_aggregate_still_requires_original_gross_to_net_relation (tests.vnext.test_b03_current_input_scope.ContractAggregateTest.test_aggregate_still_requires_original_gross_to_net_relation) ... ok
company-records	Saved source through calculation, records, CSV and reading	2026-10-10T07:02:48.7847921Z test_conflicting_or_commented_display_does_not_erase_visible_spacer (tests.vnext.test_b03_current_input_scope.ContractAggregateTest.test_conflicting_or_commented_display_does_not_erase_visible_spacer) ... ok
company-records	Saved source through calculation, records, CSV and reading	2026-10-10T07:02:48.7850817Z test_duplicate_aggregate_or_segment_does_not_gain_credit (tests.vnext.test_b03_current_input_scope.ContractAggregateTest.test_duplicate_aggregate_or_segment_does_not_gain_credit) ... ok
company-records	Saved source through calculation, records, CSV and reading	2026-10-10T07:02:48.7896035Z test_hidden_self_closing_empty_cells_do_not_shift_visible_year_columns (tests.vnext.test_b03_current_input_scope.ContractAggregateTest.test_hidden_self_closing_empty_cells_do_not_shift_visible_year_columns) ... ok
company-records	Saved source through calculation, records, CSV and reading	2026-10-10T07:02:48.7898774Z test_unreconciled_aggregate_or_unknown_scope_stays_unproved (tests.vnext.test_b03_current_input_scope.ContractAggregateTest.test_unreconciled_aggregate_or_unknown_scope_stays_unproved) ... ok
company-records	Saved source through calculation, records, CSV and reading	2026-10-10T07:02:48.7943037Z test_visible_spacers_and_nonempty_hidden_cells_are_not_erased (tests.vnext.test_b03_current_input_scope.ContractAggregateTest.test_visible_spacers_and_nonempty_hidden_cells_are_not_erased) ... ok
company-records	Saved source through calculation, records, CSV and reading	2026-10-10T07:03:02.3810500Z test_amendment_input_uses_program_policy_without_sources_containing_it (tests.vnext.test_b03_current_input_scope.CurrentB03SourceOnlyTest.test_amendment_input_uses_program_policy_without_sources_containing_it) ... ok
company-records	Saved source through calculation, records, CSV and reading	2026-10-10T07:03:03.5218364Z test_contract_revenue_deduction_keeps_relationship_under_legal_prefix_alias (tests.vnext.test_b03_current_input_scope.CurrentB03SourceOnlyTest.test_contract_revenue_deduction_keeps_relationship_under_legal_prefix_alias) ... ok
company-records	Saved source through calculation, records, CSV and reading	2026-10-10T07:03:03.5221596Z test_marriott_composition_458m_and_135m_revenue_deduction_excluded (tests.vnext.test_b03_current_input_scope.CurrentB03SourceOnlyTest.test_marriott_composition_458m_and_135m_revenue_deduction_excluded) ... ok
company-records	Saved source through calculation, records, CSV and reading	2026-10-10T07:03:03.5334574Z test_salesforce_named_withheld_does_not_consume_bad_subtotal_and_carries_b01 (tests.vnext.test_b03_current_input_scope.CurrentB03SourceOnlyTest.test_salesforce_named_withheld_does_not_consume_bad_subtotal_and_carries_b01) ... ok
company-records	Saved source through calculation, records, CSV and reading	2026-10-10T07:03:03.5346630Z test_saved_input_assessment_is_read_without_recalculation_and_damage_is_visible (tests.vnext.test_b03_current_input_scope.CurrentB03SourceOnlyTest.test_saved_input_assessment_is_read_without_recalculation_and_damage_is_visible) ... ok
company-records	Saved source through calculation, records, CSV and reading	2026-10-10T07:03:03.5410341Z test_company_custom_same_local_name_cannot_displace_legitimate_gaap_composition (tests.vnext.test_b03_current_input_scope.CurrentDaScopeTest.test_company_custom_same_local_name_cannot_displace_legitimate_gaap_composition) ... ok
company-records	Saved source through calculation, records, CSV and reading	2026-10-10T07:03:03.5423560Z test_conflicting_subtotal_is_withheld_and_larger_total_not_automatically_taken (tests.vnext.test_b03_current_input_scope.CurrentDaScopeTest.test_conflicting_subtotal_is_withheld_and_larger_total_not_automatically_taken) ... ok
company-records	Saved source through calculation, records, CSV and reading	2026-10-10T07:03:03.5902404Z test_context_policy_alone_changes_update_configuration_and_requires_calculation (tests.vnext.test_b03_current_input_scope.CurrentDaScopeTest.test_context_policy_alone_changes_update_configuration_and_requires_calculation) ... ok
company-records	Saved source through calculation, records, CSV and reading	2026-10-10T07:03:03.5918506Z test_currency_alias_is_resolved_and_foreign_identifier_scheme_is_not_accepted (tests.vnext.test_b03_current_input_scope.CurrentDaScopeTest.test_currency_alias_is_resolved_and_foreign_identifier_scheme_is_not_accepted) ... ok
company-records	Saved source through calculation, records, CSV and reading	2026-10-10T07:03:03.5928179Z test_declared_numeric_transform_remains_supported (tests.vnext.test_b03_current_input_scope.CurrentDaScopeTest.test_declared_numeric_transform_remains_supported) ... ok
company-records	Saved source through calculation, records, CSV and reading	2026-10-10T07:03:03.5957436Z test_existing_direct_scope_uses_namespace_alias_and_retains_usd_check (tests.vnext.test_b03_current_input_scope.CurrentDaScopeTest.test_existing_direct_scope_uses_namespace_alias_and_retains_usd_check) ... ok
company-records	Saved source through calculation, records, CSV and reading	2026-10-10T07:03:03.6016914Z test_foreign_entity_period_unit_segment_or_namespace_does_not_create_own_total_conflict (tests.vnext.test_b03_current_input_scope.CurrentDaScopeTest.test_foreign_entity_period_unit_segment_or_namespace_does_not_create_own_total_conflict) ... ok
company-records	Saved source through calculation, records, CSV and reading	2026-10-10T07:03:03.6040338Z test_legal_gaap_prefix_alias_composition_keeps_same_quantity (tests.vnext.test_b03_current_input_scope.CurrentDaScopeTest.test_legal_gaap_prefix_alias_composition_keeps_same_quantity) ... ok
company-records	Saved source through calculation, records, CSV and reading	2026-10-10T07:03:03.6051971Z test_nil_keeps_other_evidence_and_gives_a_named_withhold (tests.vnext.test_b03_current_input_scope.CurrentDaScopeTest.test_nil_keeps_other_evidence_and_gives_a_named_withhold) ... ok
company-records	Saved source through calculation, records, CSV and reading	2026-10-10T07:03:03.6329036Z test_numeric_helper_change_affects_b03_configuration_but_not_b01 (tests.vnext.test_b03_current_input_scope.CurrentDaScopeTest.test_numeric_helper_change_affects_b03_configuration_but_not_b01) ... ok
company-records	Saved source through calculation, records, CSV and reading	2026-10-10T07:03:03.6350342Z test_only_unique_original_composition_can_retake_a_later_direct_candidate (tests.vnext.test_b03_current_input_scope.CurrentDaScopeTest.test_only_unique_original_composition_can_retake_a_later_direct_candidate) ... ok
company-records	Saved source through calculation, records, CSV and reading	2026-10-10T07:03:03.6362566Z test_reported_precision_agreement_keeps_chain_not_exact_numeric_equality (tests.vnext.test_b03_current_input_scope.CurrentDaScopeTest.test_reported_precision_agreement_keeps_chain_not_exact_numeric_equality) ... ok
company-records	Saved source through calculation, records, CSV and reading	2026-10-10T07:03:03.6370295Z test_unformatted_comma_is_not_silently_removed_to_confirm_chain (tests.vnext.test_b03_current_input_scope.CurrentDaScopeTest.test_unformatted_comma_is_not_silently_removed_to_confirm_chain) ... ok
company-records	Saved source through calculation, records, CSV and reading	2026-10-10T07:03:03.6377859Z test_unsupported_numeric_tag_cannot_confirm_chain_amount (tests.vnext.test_b03_current_input_scope.CurrentDaScopeTest.test_unsupported_numeric_tag_cannot_confirm_chain_amount) ... ok
company-records	Saved source through calculation, records, CSV and reading	2026-10-10T07:03:03.6404162Z test_composition_passes_same_explicit_policy_to_original_component_lookup (tests.vnext.test_xbrl_namespace_policy.NamespacePolicyTest.test_composition_passes_same_explicit_policy_to_original_component_lookup) ... ok
company-records	Saved source through calculation, records, CSV and reading	2026-10-10T07:03:03.6407144Z test_default_year_only_and_explicit_date_release (tests.vnext.test_xbrl_namespace_policy.NamespacePolicyTest.test_default_year_only_and_explicit_date_release) ... ok
company-records	Saved source through calculation, records, CSV and reading	2026-10-10T07:03:03.6419472Z test_direct_scope_requires_explicit_release_policy (tests.vnext.test_xbrl_namespace_policy.NamespacePolicyTest.test_direct_scope_requires_explicit_release_policy) ... ok
company-records	Saved source through calculation, records, CSV and reading	2026-10-10T07:03:03.6439785Z test_conflicting_facts_and_short_context_remain_rejected (tests.vnext.test_dei_release_selection.DeiReleaseSelectionTest.test_conflicting_facts_and_short_context_remain_rejected) ... ok
company-records	Saved source through calculation, records, CSV and reading	2026-10-10T07:03:03.6479676Z test_foreign_extension_invalid_quarter_and_extra_suffix_rejected (tests.vnext.test_dei_release_selection.DeiReleaseSelectionTest.test_foreign_extension_invalid_quarter_and_extra_suffix_rejected) ... ok
company-records	Saved source through calculation, records, CSV and reading	2026-10-10T07:03:03.6496336Z test_historical_annual_and_remaining_views_use_the_explicit_adapter (tests.vnext.test_dei_release_selection.DeiReleaseSelectionTest.test_historical_annual_and_remaining_views_use_the_explicit_adapter) ... ok
company-records	Saved source through calculation, records, CSV and reading	2026-10-10T07:03:03.6565379Z test_historical_fiscal_labels_still_reject_changed_source_bytes (tests.vnext.test_dei_release_selection.DeiReleaseSelectionTest.test_historical_fiscal_labels_still_reject_changed_source_bytes) ... ok
company-records	Saved source through calculation, records, CSV and reading	2026-10-10T07:03:03.6568099Z test_no_arbitrary_regex_or_boolean_selection (tests.vnext.test_dei_release_selection.DeiReleaseSelectionTest.test_no_arbitrary_regex_or_boolean_selection) ... ok
company-records	Saved source through calculation, records, CSV and reading	2026-10-10T07:03:03.6662268Z test_old_release_requires_explicit_successor (tests.vnext.test_dei_release_selection.DeiReleaseSelectionTest.test_old_release_requires_explicit_successor) ... ok
company-records	Saved source through calculation, records, CSV and reading	2026-10-10T07:03:03.6686879Z test_original_default_and_explicit_year_have_identical_return (tests.vnext.test_dei_release_selection.DeiReleaseSelectionTest.test_original_default_and_explicit_year_have_identical_return) ... ok
company-records	Saved source through calculation, records, CSV and reading	2026-10-10T07:03:03.6736813Z test_successor_does_not_relax_entity_or_annual_identity (tests.vnext.test_dei_release_selection.DeiReleaseSelectionTest.test_successor_does_not_relax_entity_or_annual_identity) ... ok
company-records	Saved source through calculation, records, CSV and reading	2026-10-10T07:04:01.2191210Z test_actual_original_header_context_conflict_is_named_withheld (tests.vnext.test_successor_income_projection.SuccessorIncomeProjectionTest.test_actual_original_header_context_conflict_is_named_withheld) ... ok
company-records	Saved source through calculation, records, CSV and reading	2026-10-10T07:04:01.3072549Z test_missing_proof_does_not_allow_an_arbitrary_shorter_period (tests.vnext.test_successor_income_projection.SuccessorIncomeProjectionTest.test_missing_proof_does_not_allow_an_arbitrary_shorter_period) ... ok
company-records	Saved source through calculation, records, CSV and reading	2026-10-10T07:04:01.3747018Z test_numeric_result_requires_checked_source_observations (tests.vnext.test_successor_income_projection.SuccessorIncomeProjectionTest.test_numeric_result_requires_checked_source_observations) ... ok
company-records	Saved source through calculation, records, CSV and reading	2026-10-10T07:04:01.4414048Z test_result_cannot_claim_a_different_short_period (tests.vnext.test_successor_income_projection.SuccessorIncomeProjectionTest.test_result_cannot_claim_a_different_short_period) ... ok
company-records	Saved source through calculation, records, CSV and reading	2026-10-10T07:04:01.5617686Z test_short_period_state_has_actual_dates_and_preserves_annual_guard (tests.vnext.test_successor_income_projection.SuccessorIncomeProjectionTest.test_short_period_state_has_actual_dates_and_preserves_annual_guard) ... ok
company-records	Saved source through calculation, records, CSV and reading	2026-10-10T07:04:01.7721191Z test_wrong_subject_or_statement_period_still_rejected (tests.vnext.test_successor_income_projection.SuccessorIncomeProjectionTest.test_wrong_subject_or_statement_period_still_rejected) ... ok
company-records	Saved source through calculation, records, CSV and reading	2026-10-10T07:04:01.7742646Z test_conflict_and_consistent_short_period (tests.vnext.test_successor_income_projection.VisibleIncomePeriodTest.test_conflict_and_consistent_short_period) ... ok
company-records	Saved source through calculation, records, CSV and reading	2026-10-10T07:04:01.7748326Z test_missing_range_remains_unresolved (tests.vnext.test_successor_income_projection.VisibleIncomePeriodTest.test_missing_range_remains_unresolved) ... ok
company-records	Saved source through calculation, records, CSV and reading	2026-10-10T07:04:01.7754455Z test_other_column_date_cannot_prove_this_fact (tests.vnext.test_successor_income_projection.VisibleIncomePeriodTest.test_other_column_date_cannot_prove_this_fact) ... ok
company-records	Saved source through calculation, records, CSV and reading	2026-10-10T07:04:24.5996199Z test_existing_item_contract_counts_match_independent_original_headers (tests.vnext.test_event_rule_root.EventRuleRootTest.test_existing_item_contract_counts_match_independent_original_headers) ... ok
company-records	Saved source through calculation, records, CSV and reading	2026-10-10T07:04:24.5998594Z test_explicit_current_rules_cannot_grant_old_e01_item_count_new_credit (tests.vnext.test_event_rule_root.EventRuleRootTest.test_explicit_current_rules_cannot_grant_old_e01_item_count_new_credit) ... ok
company-records	Saved source through calculation, records, CSV and reading	2026-10-10T07:04:24.6133482Z test_independent_read_has_no_selection_or_calculation (tests.vnext.test_event_rule_root.EventRuleRootTest.test_independent_read_has_no_selection_or_calculation) ... ok
company-records	Saved source through calculation, records, CSV and reading	2026-10-10T07:04:26.5859270Z test_missing_event_body_cannot_turn_into_smaller_complete_count (tests.vnext.test_event_rule_root.EventRuleRootTest.test_missing_event_body_cannot_turn_into_smaller_complete_count) ... ok
company-records	Saved source through calculation, records, CSV and reading	2026-10-10T07:04:31.7894555Z test_normal_company_entry_and_reentry_use_saved_source_without_install (tests.vnext.test_event_rule_root.EventRuleRootTest.test_normal_company_entry_and_reentry_use_saved_source_without_install) ... ok
company-records	Saved source through calculation, records, CSV and reading	2026-10-10T07:04:36.7300702Z test_unused_session_change_reuses_real_company_result_without_calculation (tests.vnext.test_event_rule_root.EventRuleRootTest.test_unused_session_change_reuses_real_company_result_without_calculation) ... ok
company-records	Saved source through calculation, records, CSV and reading	2026-10-10T07:04:36.7395987Z test_arbitrary_release_never_enters_shared_issuer_rules (tests.vnext.test_financial_dei_release.FinancialDeiReleaseTest.test_arbitrary_release_never_enters_shared_issuer_rules) ... ok
company-records	Saved source through calculation, records, CSV and reading	2026-10-10T07:04:36.7432010Z test_issuer_successor_and_default_keep_exact_identity_checks (tests.vnext.test_financial_dei_release.FinancialDeiReleaseTest.test_issuer_successor_and_default_keep_exact_identity_checks) ... ok
company-records	Saved source through calculation, records, CSV and reading	2026-10-10T07:04:36.7434425Z test_lcr_checks_source_hash_before_any_release_or_facts (tests.vnext.test_financial_dei_release.FinancialDeiReleaseTest.test_lcr_checks_source_hash_before_any_release_or_facts) ... ok
company-records	Saved source through calculation, records, CSV and reading	2026-10-10T07:04:36.7527557Z test_var_prepare_uses_controlled_release_and_original_period (tests.vnext.test_financial_dei_release.FinancialDeiReleaseTest.test_var_prepare_uses_controlled_release_and_original_period) ... ok
company-records	Saved source through calculation, records, CSV and reading	2026-10-10T07:04:36.7548744Z test_year_only_default_is_identical_to_explicit_on_ordinary_source (tests.vnext.test_financial_dei_release.FinancialDeiReleaseTest.test_year_only_default_is_identical_to_explicit_on_ordinary_source) ... ok
company-records	Saved source through calculation, records, CSV and reading	2026-10-10T07:04:36.7555428Z test_another_metric_cannot_borrow_the_quarter_exception (tests.vnext.test_reported_average_period.ReportedAveragePeriodTest.test_another_metric_cannot_borrow_the_quarter_exception) ... ok
company-records	Saved source through calculation, records, CSV and reading	2026-10-10T07:04:36.7564619Z test_quarter_stays_quarter_with_annual_filing_group (tests.vnext.test_reported_average_period.ReportedAveragePeriodTest.test_quarter_stays_quarter_with_annual_filing_group) ... ok
company-records	Saved source through calculation, records, CSV and reading	2026-10-10T07:04:36.7574836Z test_reference_period_entity_value_and_uncertainty_do_not_disappear (tests.vnext.test_reported_average_period.ReportedAveragePeriodTest.test_reference_period_entity_value_and_uncertainty_do_not_disappear) ... ok
company-records	Saved source through calculation, records, CSV and reading	2026-10-10T07:04:36.7581202Z test_year_label_cannot_annualize_the_measurement (tests.vnext.test_reported_average_period.ReportedAveragePeriodTest.test_year_label_cannot_annualize_the_measurement) ... ok
company-records	Saved source through calculation, records, CSV and reading	2026-10-10T07:04:36.7593352Z test_a09_only_complete_ambiguity_enters_html_with_same_option (tests.vnext.test_bank_scope_dei_release.BankScopeDeiReleaseTest.test_a09_only_complete_ambiguity_enters_html_with_same_option) ... ok
company-records	Saved source through calculation, records, CSV and reading	2026-10-10T07:04:36.7597109Z test_a09_primary_has_priority_and_forwards_selection (tests.vnext.test_bank_scope_dei_release.BankScopeDeiReleaseTest.test_a09_primary_has_priority_and_forwards_selection) ... ok
company-records	Saved source through calculation, records, CSV and reading	2026-10-10T07:04:36.7600262Z test_a09_source_failure_cannot_become_ambiguity (tests.vnext.test_bank_scope_dei_release.BankScopeDeiReleaseTest.test_a09_source_failure_cannot_become_ambiguity) ... ok
company-records	Saved source through calculation, records, CSV and reading	2026-10-10T07:04:36.7886225Z test_all_three_real_parsers_require_explicit_old_release (tests.vnext.test_bank_scope_dei_release.BankScopeDeiReleaseTest.test_all_three_real_parsers_require_explicit_old_release) ... ok
company-records	Saved source through calculation, records, CSV and reading	2026-10-10T07:04:36.8394769Z test_original_year_default_returns_same_components (tests.vnext.test_bank_scope_dei_release.BankScopeDeiReleaseTest.test_original_year_default_returns_same_components) ... ok
company-records	Saved source through calculation, records, CSV and reading	2026-10-10T07:04:36.8401425Z test_selected_case_set_does_not_expand_default_or_bypass_factory (tests.vnext.test_bank_scope_dei_release.BankScopeDeiReleaseTest.test_selected_case_set_does_not_expand_default_or_bypass_factory) ... ok
company-records	Saved source through calculation, records, CSV and reading	2026-10-10T07:04:36.8458083Z test_wrong_source_subject_period_and_option_still_reject (tests.vnext.test_bank_scope_dei_release.BankScopeDeiReleaseTest.test_wrong_source_subject_period_and_option_still_reject) ... ok
company-records	Saved source through calculation, records, CSV and reading	2026-10-10T07:04:48.4234603Z test_constructed_withheld_native_trace_keeps_state_without_filled_issuer (tests.vnext.test_reporting_company_projection.CurrentNullableTraceProjectionTest.test_constructed_withheld_native_trace_keeps_state_without_filled_issuer) ... ok
company-records	Saved source through calculation, records, CSV and reading	2026-10-10T07:04:51.3910749Z test_current_reported_rpo_with_nullable_trace_keeps_value_and_issuer (tests.vnext.test_reporting_company_projection.CurrentNullableTraceProjectionTest.test_current_reported_rpo_with_nullable_trace_keeps_value_and_issuer) ... ok
company-records	Saved source through calculation, records, CSV and reading	2026-10-10T07:04:56.3602534Z test_current_structural_and_both_hotel_numbers_save_with_nullable_trace (tests.vnext.test_reporting_company_projection.CurrentNullableTraceProjectionTest.test_current_structural_and_both_hotel_numbers_save_with_nullable_trace) ... ok
company-records	Saved source through calculation, records, CSV and reading	2026-10-10T07:04:56.3609718Z test_combined_or_unproven_subject_policy_does_not_get_single_reporter_view (tests.vnext.test_reporting_company_projection.ReportingCompanyProjectionTest.test_combined_or_unproven_subject_policy_does_not_get_single_reporter_view) ... ok
company-records	Saved source through calculation, records, CSV and reading	2026-10-10T07:04:56.3613156Z test_current_reporter_preserves_current_view (tests.vnext.test_reporting_company_projection.ReportingCompanyProjectionTest.test_current_reporter_preserves_current_view) ... ok
company-records	Saved source through calculation, records, CSV and reading	2026-10-10T07:04:56.3618778Z test_different_filing_or_bad_entity_does_not_gain_display_identity (tests.vnext.test_reporting_company_projection.ReportingCompanyProjectionTest.test_different_filing_or_bad_entity_does_not_gain_display_identity) ... ok
company-records	Saved source through calculation, records, CSV and reading	2026-10-10T07:04:56.3622682Z test_explicit_null_issuer_fields_use_verified_annual_without_modifying_trace (tests.vnext.test_reporting_company_projection.ReportingCompanyProjectionTest.test_explicit_null_issuer_fields_use_verified_annual_without_modifying_trace) ... ok
company-records	Saved source through calculation, records, CSV and reading	2026-10-10T07:04:56.3628328Z test_metadata_only_outcome_can_keep_inventory_issuer_without_claiming_amount (tests.vnext.test_reporting_company_projection.ReportingCompanyProjectionTest.test_metadata_only_outcome_can_keep_inventory_issuer_without_claiming_amount) ... ok
company-records	Saved source through calculation, records, CSV and reading	2026-10-10T07:04:56.3633789Z test_null_target_requires_matching_source_not_another_registered_issuer (tests.vnext.test_reporting_company_projection.ReportingCompanyProjectionTest.test_null_target_requires_matching_source_not_another_registered_issuer) ... ok
company-records	Saved source through calculation, records, CSV and reading	2026-10-10T07:04:56.3640626Z test_nullable_contract_does_not_hide_filled_conflicts_or_missing_fields (tests.vnext.test_reporting_company_projection.ReportingCompanyProjectionTest.test_nullable_contract_does_not_hide_filled_conflicts_or_missing_fields) ... ok
company-records	Saved source through calculation, records, CSV and reading	2026-10-10T07:04:56.3644851Z test_predecessor_reporting_cik_changes_only_presentation_view (tests.vnext.test_reporting_company_projection.ReportingCompanyProjectionTest.test_predecessor_reporting_cik_changes_only_presentation_view) ... ok
company-records	Saved source through calculation, records, CSV and reading	2026-10-10T07:04:56.3701669Z test_registered_union_still_requires_its_existing_period_proof (tests.vnext.test_reporting_company_projection.ReportingCompanyProjectionTest.test_registered_union_still_requires_its_existing_period_proof) ... ok
company-records	Saved source through calculation, records, CSV and reading	2026-10-10T07:04:56.3708034Z test_unregistered_reporter_or_cross_subject_trace_is_rejected (tests.vnext.test_reporting_company_projection.ReportingCompanyProjectionTest.test_unregistered_reporter_or_cross_subject_trace_is_rejected) ... ok
company-records	Saved source through calculation, records, CSV and reading	2026-10-10T07:04:56.3727157Z test_valued_historical_event_uses_selected_inventory_and_source_set (tests.vnext.test_reporting_company_projection.ReportingCompanyProjectionTest.test_valued_historical_event_uses_selected_inventory_and_source_set) ... ok
company-records	Saved source through calculation, records, CSV and reading	2026-10-10T07:04:56.3884982Z test_accounting_cost_exclusion_does_not_change_revenue_entity_scope (tests.vnext.test_selected_revenue_scope_v1.SelectedRevenueScopeTest.test_accounting_cost_exclusion_does_not_change_revenue_entity_scope) ... ok
company-records	Saved source through calculation, records, CSV and reading	2026-10-10T07:04:56.4340659Z test_approved_legacy_calculator_selects_total_after_component_admission (tests.vnext.test_selected_revenue_scope_v1.SelectedRevenueScopeTest.test_approved_legacy_calculator_selects_total_after_component_admission) ... ok
company-records	Saved source through calculation, records, CSV and reading	2026-10-10T07:04:56.4472908Z test_conflicting_part_total_not_fixed_by_larger_value (tests.vnext.test_selected_revenue_scope_v1.SelectedRevenueScopeTest.test_conflicting_part_total_not_fixed_by_larger_value) ... ok
company-records	Saved source through calculation, records, CSV and reading	2026-10-10T07:04:56.4610711Z test_explicit_local_exclusion_is_not_overruled_by_same_context (tests.vnext.test_selected_revenue_scope_v1.SelectedRevenueScopeTest.test_explicit_local_exclusion_is_not_overruled_by_same_context) ... ok
company-records	Saved source through calculation, records, CSV and reading	2026-10-10T07:04:56.4752547Z test_explicit_scope_after_consolidated_title_is_not_ignored (tests.vnext.test_selected_revenue_scope_v1.SelectedRevenueScopeTest.test_explicit_scope_after_consolidated_title_is_not_ignored) ... ok
company-records	Saved source through calculation, records, CSV and reading	2026-10-10T07:04:56.4884837Z test_income_items_alone_do_not_prove_consolidated_statement (tests.vnext.test_selected_revenue_scope_v1.SelectedRevenueScopeTest.test_income_items_alone_do_not_prove_consolidated_statement) ... ok
company-records	Saved source through calculation, records, CSV and reading	2026-10-10T07:04:56.5002342Z test_missing_revenue_component_is_not_an_empty_success (tests.vnext.test_selected_revenue_scope_v1.SelectedRevenueScopeTest.test_missing_revenue_component_is_not_an_empty_success) ... ok
company-records	Saved source through calculation, records, CSV and reading	2026-10-10T07:04:56.5153890Z test_native_fact_row_does_not_hide_unmarked_scope_clause (tests.vnext.test_selected_revenue_scope_v1.SelectedRevenueScopeTest.test_native_fact_row_does_not_hide_unmarked_scope_clause) ... ok
company-records	Saved source through calculation, records, CSV and reading	2026-10-10T07:04:56.5303587Z test_old_visible_header_parser_default_is_retained (tests.vnext.test_selected_revenue_scope_v1.SelectedRevenueScopeTest.test_old_visible_header_parser_default_is_retained) ... ok
company-records	Saved source through calculation, records, CSV and reading	2026-10-10T07:04:56.5449005Z test_other_filing_facts_and_prior_periods_not_rewritten_or_substituted (tests.vnext.test_selected_revenue_scope_v1.SelectedRevenueScopeTest.test_other_filing_facts_and_prior_periods_not_rewritten_or_substituted) ... ok
company-records	Saved source through calculation, records, CSV and reading	2026-10-10T07:04:56.5542967Z test_primary_only_statement_check_is_explicit_not_faked_xml_check (tests.vnext.test_selected_revenue_scope_v1.SelectedRevenueScopeTest.test_primary_only_statement_check_is_explicit_not_faked_xml_check) ... ok
company-records	Saved source through calculation, records, CSV and reading	2026-10-10T07:04:56.5677241Z test_primary_xml_conflict_rejected (tests.vnext.test_selected_revenue_scope_v1.SelectedRevenueScopeTest.test_primary_xml_conflict_rejected) ... ok
company-records	Saved source through calculation, records, CSV and reading	2026-10-10T07:04:56.5800361Z test_quarter_caption_does_not_accept_annual_native_context (tests.vnext.test_selected_revenue_scope_v1.SelectedRevenueScopeTest.test_quarter_caption_does_not_accept_annual_native_context) ... ok
company-records	Saved source through calculation, records, CSV and reading	2026-10-10T07:04:56.5934491Z test_restricted_caption_does_not_become_no_split_success (tests.vnext.test_selected_revenue_scope_v1.SelectedRevenueScopeTest.test_restricted_caption_does_not_become_no_split_success) ... ok
company-records	Saved source through calculation, records, CSV and reading	2026-10-10T07:04:56.6044329Z test_revenue_note_total_without_full_statement_not_treated_as_company_total (tests.vnext.test_selected_revenue_scope_v1.SelectedRevenueScopeTest.test_revenue_note_total_without_full_statement_not_treated_as_company_total) ... ok
company-records	Saved source through calculation, records, CSV and reading	2026-10-10T07:04:56.6190840Z test_same_total_value_must_exist_in_selected_companyfacts (tests.vnext.test_selected_revenue_scope_v1.SelectedRevenueScopeTest.test_same_total_value_must_exist_in_selected_companyfacts) ... ok
company-records	Saved source through calculation, records, CSV and reading	2026-10-10T07:04:56.6200440Z test_saved_producer_opts_in_for_b01_and_b03_but_not_neighbours (tests.vnext.test_selected_revenue_scope_v1.SelectedRevenueScopeTest.test_saved_producer_opts_in_for_b01_and_b03_but_not_neighbours) ... ok
company-records	Saved source through calculation, records, CSV and reading	2026-10-10T07:04:56.6346353Z test_scope_cannot_borrow_later_filing_total_when_original_is_missing (tests.vnext.test_selected_revenue_scope_v1.SelectedRevenueScopeTest.test_scope_cannot_borrow_later_filing_total_when_original_is_missing) ... ok
company-records	Saved source through calculation, records, CSV and reading	2026-10-10T07:04:56.6388247Z test_single_full_revenue_keeps_contract_label_and_no_false_complete_credit (tests.vnext.test_selected_revenue_scope_v1.SelectedRevenueScopeTest.test_single_full_revenue_keeps_contract_label_and_no_false_complete_credit) ... ok
company-records	Saved source through calculation, records, CSV and reading	2026-10-10T07:04:56.6533591Z test_source_bound_cells_year_and_primary_xml_retained (tests.vnext.test_selected_revenue_scope_v1.SelectedRevenueScopeTest.test_source_bound_cells_year_and_primary_xml_retained) ... ok
company-records	Saved source through calculation, records, CSV and reading	2026-10-10T07:04:56.6643947Z test_update_configuration_names_actual_scope_and_header_dependencies (tests.vnext.test_selected_revenue_scope_v1.SelectedRevenueScopeTest.test_update_configuration_names_actual_scope_and_header_dependencies) ... ok
company-records	Saved source through calculation, records, CSV and reading	2026-10-10T07:04:56.6766523Z test_visible_column_year_conflict_rejected (tests.vnext.test_selected_revenue_scope_v1.SelectedRevenueScopeTest.test_visible_column_year_conflict_rejected) ... ok
company-records	Saved source through calculation, records, CSV and reading	2026-10-10T07:04:56.6898942Z test_visible_scale_cannot_be_overruled_by_native_amounts (tests.vnext.test_selected_revenue_scope_v1.SelectedRevenueScopeTest.test_visible_scale_cannot_be_overruled_by_native_amounts) ... ok
company-records	Saved source through calculation, records, CSV and reading	2026-10-10T07:04:56.7036628Z test_explicit_total_admits_existing_fact_without_calculating_component_sum (tests.vnext.test_selected_reported_revenue_v2.SelectedReportedRevenueTest.test_explicit_total_admits_existing_fact_without_calculating_component_sum) ... ok
company-records	Saved source through calculation, records, CSV and reading	2026-10-10T07:04:56.7296101Z test_fiscal_year_column_matches_full_selected_native_period_not_calendar_year (tests.vnext.test_selected_reported_revenue_v2.SelectedReportedRevenueTest.test_fiscal_year_column_matches_full_selected_native_period_not_calendar_year) ... ok
company-records	Saved source through calculation, records, CSV and reading	2026-10-10T07:04:56.7461803Z test_later_year_header_cannot_hide_an_earlier_associated_full_date (tests.vnext.test_selected_reported_revenue_v2.SelectedReportedRevenueTest.test_later_year_header_cannot_hide_an_earlier_associated_full_date) ... ok
company-records	Saved source through calculation, records, CSV and reading	2026-10-10T07:04:56.7849784Z test_limited_scope_wrong_scale_and_xml_disagreement_remain_errors (tests.vnext.test_selected_reported_revenue_v2.SelectedReportedRevenueTest.test_limited_scope_wrong_scale_and_xml_disagreement_remain_errors) ... ok
company-records	Saved source through calculation, records, CSV and reading	2026-10-10T07:04:56.8005706Z test_note_total_or_wrong_companyfacts_filing_does_not_supply_company_total (tests.vnext.test_selected_reported_revenue_v2.SelectedReportedRevenueTest.test_note_total_or_wrong_companyfacts_filing_does_not_supply_company_total) ... ok
company-records	Saved source through calculation, records, CSV and reading	2026-10-10T07:04:56.8654581Z test_resolved_label_keeps_raw_year_and_cannot_borrow_another_source (tests.vnext.test_selected_reported_revenue_v2.SelectedReportedRevenueTest.test_resolved_label_keeps_raw_year_and_cannot_borrow_another_source) ... ok
company-records	Saved source through calculation, records, CSV and reading	2026-10-10T07:04:56.9027043Z test_separate_heading_table_is_bound_and_not_borrowed_from_other_statement (tests.vnext.test_selected_reported_revenue_v2.SelectedReportedRevenueTest.test_separate_heading_table_is_bound_and_not_borrowed_from_other_statement) ... ok
company-records	Saved source through calculation, records, CSV and reading	2026-10-10T07:04:56.9341526Z test_visible_end_day_and_complete_date_agree_before_full_scope_credit (tests.vnext.test_selected_reported_revenue_v2.SelectedReportedRevenueTest.test_visible_end_day_and_complete_date_agree_before_full_scope_credit) ... ok
company-records	Saved source through calculation, records, CSV and reading	2026-10-10T07:04:56.9574262Z test_absent_direct_total_reuses_existing_component_path_without_new_credit (tests.vnext.test_current_reported_revenue.CurrentReportedRevenueTest.test_absent_direct_total_reuses_existing_component_path_without_new_credit) ... ok
company-records	Saved source through calculation, records, CSV and reading	2026-10-10T07:04:56.9778345Z test_cost_group_non_numeric_parenthesis_is_not_an_invented_footnote (tests.vnext.test_current_reported_revenue.CurrentReportedRevenueTest.test_cost_group_non_numeric_parenthesis_is_not_an_invented_footnote) ... ok
company-records	Saved source through calculation, records, CSV and reading	2026-10-10T07:04:56.9871752Z test_explicit_total_uses_v2_admission_and_matching_observation_check (tests.vnext.test_current_reported_revenue.CurrentReportedRevenueTest.test_explicit_total_uses_v2_admission_and_matching_observation_check) ... ok
company-records	Saved source through calculation, records, CSV and reading	2026-10-10T07:04:57.0064143Z test_fiscal_header_and_standard_cost_groups_do_not_relax_scope_annotations (tests.vnext.test_current_reported_revenue.CurrentReportedRevenueTest.test_fiscal_header_and_standard_cost_groups_do_not_relax_scope_annotations) ... ok
company-records	Saved source through calculation, records, CSV and reading	2026-10-10T07:04:57.0241016Z test_late_fiscal_header_before_amounts_is_checked_against_native_interval (tests.vnext.test_current_reported_revenue.CurrentReportedRevenueTest.test_late_fiscal_header_before_amounts_is_checked_against_native_interval) ... ok
company-records	Saved source through calculation, records, CSV and reading	2026-10-10T07:04:57.1074706Z test_new_proof_dependencies_invalidate_only_consuming_metrics (tests.vnext.test_current_reported_revenue.CurrentReportedRevenueTest.test_new_proof_dependencies_invalidate_only_consuming_metrics) ... ok
company-records	Saved source through calculation, records, CSV and reading	2026-10-10T07:04:57.1698680Z test_public_preparer_forwards_only_explicit_opt_in (tests.vnext.test_current_reported_revenue.CurrentReportedRevenueTest.test_public_preparer_forwards_only_explicit_opt_in) ... ok
company-records	Saved source through calculation, records, CSV and reading	2026-10-10T07:04:57.1888973Z test_shared_default_still_returns_exact_v1_proof (tests.vnext.test_current_reported_revenue.CurrentReportedRevenueTest.test_shared_default_still_returns_exact_v1_proof) ... ok
company-records	Saved source through calculation, records, CSV and reading	2026-10-10T07:04:57.2157786Z test_standard_preceding_navigation_is_preserved_without_admitting_scope_prose (tests.vnext.test_current_reported_revenue.CurrentReportedRevenueTest.test_standard_preceding_navigation_is_preserved_without_admitting_scope_prose) ... ok
company-records	Saved source through calculation, records, CSV and reading	2026-10-10T07:04:57.2467292Z test_unknown_contract_or_disabled_validation_cannot_opt_in (tests.vnext.test_current_reported_revenue.CurrentReportedRevenueTest.test_unknown_contract_or_disabled_validation_cannot_opt_in) ... ok
company-records	Saved source through calculation, records, CSV and reading	2026-10-10T07:04:57.2545407Z test_v2_period_error_cannot_fall_back_to_a_component (tests.vnext.test_current_reported_revenue.CurrentReportedRevenueTest.test_v2_period_error_cannot_fall_back_to_a_component) ... ok
company-records	Saved source through calculation, records, CSV and reading	2026-10-10T07:04:57.2548784Z test_public_row_context_names_revenue_scope_by_identity_not_source_rows (tests.vnext.test_current_reported_revenue.PublicRowRevenueScopeContextTest.test_public_row_context_names_revenue_scope_by_identity_not_source_rows) ... ok
company-records	Saved source through calculation, records, CSV and reading	2026-10-10T07:04:57.2551474Z 
company-records	Saved source through calculation, records, CSV and reading	2026-10-10T07:04:57.2551853Z ----------------------------------------------------------------------
company-records	Saved source through calculation, records, CSV and reading	2026-10-10T07:04:57.2552591Z Ran 257 tests in 225.862s
company-records	Saved source through calculation, records, CSV and reading	2026-10-10T07:04:57.2552907Z 
company-records	Saved source through calculation, records, CSV and reading	2026-10-10T07:04:57.2553069Z OK
company-records	Saved source through calculation, records, CSV and reading	2026-10-10T07:04:57.2555259Z {'scenario': 'saved Marriott FY2025 C01 unused-session edit', 'first_seconds': 4.213253063000025, 'repeat_seconds': 0.7187783150000087, 'read_seconds': 0.0069843560000038, 'result_id': 'sha256:724b92ab35202cc6c9e26099e8d8710f1b4321b5370e7c3b3e086a1d2a895a95', 'value': '3', 'unit': 'count', 'result_files': 6, 'new_calls': [0, 0, 0]}
company-records	Historical dispatch and saved result states	﻿2026-10-10T07:04:57.4259692Z ##[group]Run python3 -m unittest tests.vnext.test_history_company_dispatch tests.vnext.test_selected_history_result_state tests.vnext.test_historical_geography_cases tests.vnext.test_historical_average_risk_cases tests.vnext.test_historical_bank_scope_cases tests.vnext.test_historical_statement_cases.HistoricalRevenueScopeConsumerTest tests.vnext.test_historical_statement_cases -v
company-records	Historical dispatch and saved result states	2026-10-10T07:04:57.4262763Z ^[[36;1mpython3 -m unittest tests.vnext.test_history_company_dispatch tests.vnext.test_selected_history_result_state tests.vnext.test_historical_geography_cases tests.vnext.test_historical_average_risk_cases tests.vnext.test_historical_bank_scope_cases tests.vnext.test_historical_statement_cases.HistoricalRevenueScopeConsumerTest tests.vnext.test_historical_statement_cases -v^[[0m
company-records	Historical dispatch and saved result states	2026-10-10T07:04:57.4328880Z shell: /usr/bin/bash -e {0}
company-records	Historical dispatch and saved result states	2026-10-10T07:04:57.4329134Z env:
company-records	Historical dispatch and saved result states	2026-10-10T07:04:57.4329401Z   pythonLocation: /opt/hostedtoolcache/Python/3.14.8/x64
company-records	Historical dispatch and saved result states	2026-10-10T07:04:57.4329843Z   PKG_CONFIG_PATH: /opt/hostedtoolcache/Python/3.14.8/x64/lib/pkgconfig
company-records	Historical dispatch and saved result states	2026-10-10T07:04:57.4330440Z   Python_ROOT_DIR: /opt/hostedtoolcache/Python/3.14.8/x64
company-records	Historical dispatch and saved result states	2026-10-10T07:04:57.4330813Z   Python2_ROOT_DIR: /opt/hostedtoolcache/Python/3.14.8/x64
company-records	Historical dispatch and saved result states	2026-10-10T07:04:57.4331180Z   Python3_ROOT_DIR: /opt/hostedtoolcache/Python/3.14.8/x64
company-records	Historical dispatch and saved result states	2026-10-10T07:04:57.4331551Z   LD_LIBRARY_PATH: /opt/hostedtoolcache/Python/3.14.8/x64/lib
company-records	Historical dispatch and saved result states	2026-10-10T07:04:57.4331887Z   PYTHONDONTWRITEBYTECODE: 1
company-records	Historical dispatch and saved result states	2026-10-10T07:04:57.4332125Z ##[endgroup]
company-records	Historical dispatch and saved result states	2026-10-10T07:04:59.7202953Z test_average_risk_family_preserves_existing_metric_factories (tests.vnext.test_history_company_dispatch.HistoryCompanyDispatchTest.test_average_risk_family_preserves_existing_metric_factories) ... ok
company-records	Historical dispatch and saved result states	2026-10-10T07:04:59.7209174Z test_bank_performance_family_uses_original_factories_for_other_families (tests.vnext.test_history_company_dispatch.HistoryCompanyDispatchTest.test_bank_performance_family_uses_original_factories_for_other_families) ... ok
company-records	Historical dispatch and saved result states	2026-10-10T07:04:59.7213178Z test_bank_scope_family_preserves_existing_metric_factories (tests.vnext.test_history_company_dispatch.HistoryCompanyDispatchTest.test_bank_scope_family_preserves_existing_metric_factories) ... ok
company-records	Historical dispatch and saved result states	2026-10-10T07:04:59.7217759Z test_capital_family_preserves_each_existing_metric_factory (tests.vnext.test_history_company_dispatch.HistoryCompanyDispatchTest.test_capital_family_preserves_each_existing_metric_factory) ... ok
company-records	Historical dispatch and saved result states	2026-10-10T07:04:59.7264930Z test_cli_passes_period_arguments_to_the_same_company_entry (tests.vnext.test_history_company_dispatch.HistoryCompanyDispatchTest.test_cli_passes_period_arguments_to_the_same_company_entry) ... ok
company-records	Historical dispatch and saved result states	2026-10-10T07:04:59.7268140Z test_completed_withheld_survives_read_after_another_metric_subset (tests.vnext.test_history_company_dispatch.HistoryCompanyDispatchTest.test_completed_withheld_survives_read_after_another_metric_subset)
company-records	Historical dispatch and saved result states	2026-10-10T07:04:59.7606338Z Constructed history control: a later subset cannot revive old success. ... ok
company-records	Historical dispatch and saved result states	2026-10-10T07:04:59.7612382Z test_current_mode_keeps_the_existing_public_route (tests.vnext.test_history_company_dispatch.HistoryCompanyDispatchTest.test_current_mode_keeps_the_existing_public_route) ... ok
company-records	Historical dispatch and saved result states	2026-10-10T07:04:59.7617156Z test_event_family_keeps_existing_income_balance_and_hotel_factories (tests.vnext.test_history_company_dispatch.HistoryCompanyDispatchTest.test_event_family_keeps_existing_income_balance_and_hotel_factories) ... ok
company-records	Historical dispatch and saved result states	2026-10-10T07:04:59.7621846Z test_geography_keeps_existing_factories_and_declares_its_source_dependencies (tests.vnext.test_history_company_dispatch.HistoryCompanyDispatchTest.test_geography_keeps_existing_factories_and_declares_its_source_dependencies) ... ok
company-records	Historical dispatch and saved result states	2026-10-10T07:04:59.7625800Z test_interest_coverage_adds_only_its_current_annual_case (tests.vnext.test_history_company_dispatch.HistoryCompanyDispatchTest.test_interest_coverage_adds_only_its_current_annual_case) ... ok
company-records	Historical dispatch and saved result states	2026-10-10T07:04:59.7630264Z test_invalid_range_rejects_before_source_or_writes (tests.vnext.test_history_company_dispatch.HistoryCompanyDispatchTest.test_invalid_range_rejects_before_source_or_writes) ... ok
company-records	Historical dispatch and saved result states	2026-10-10T07:04:59.7634996Z test_liquidity_keeps_the_statement_and_lodging_original_factories (tests.vnext.test_history_company_dispatch.HistoryCompanyDispatchTest.test_liquidity_keeps_the_statement_and_lodging_original_factories) ... ok
company-records	Historical dispatch and saved result states	2026-10-10T07:04:59.7638252Z test_missing_source_is_explicit_and_does_not_acquire (tests.vnext.test_history_company_dispatch.HistoryCompanyDispatchTest.test_missing_source_is_explicit_and_does_not_acquire) ... ok
company-records	Historical dispatch and saved result states	2026-10-10T07:04:59.7643787Z test_mixed_lodging_keeps_its_previous_factory_and_tuple (tests.vnext.test_history_company_dispatch.HistoryCompanyDispatchTest.test_mixed_lodging_keeps_its_previous_factory_and_tuple) ... ok
company-records	Historical dispatch and saved result states	2026-10-10T07:04:59.7649086Z test_range_uses_one_public_company_controller_and_existing_case (tests.vnext.test_history_company_dispatch.HistoryCompanyDispatchTest.test_range_uses_one_public_company_controller_and_existing_case) ... ok
company-records	Historical dispatch and saved result states	2026-10-10T07:04:59.7653908Z test_risk_headings_use_shared_company_controller_without_replacing_existing_families (tests.vnext.test_history_company_dispatch.HistoryCompanyDispatchTest.test_risk_headings_use_shared_company_controller_without_replacing_existing_families) ... ok
company-records	Historical dispatch and saved result states	2026-10-10T07:04:59.7661362Z test_rpo_uses_native_case_without_changing_statement_or_capital_factories (tests.vnext.test_history_company_dispatch.HistoryCompanyDispatchTest.test_rpo_uses_native_case_without_changing_statement_or_capital_factories) ... ok
company-records	Historical dispatch and saved result states	2026-10-10T07:04:59.7665945Z test_statement_pilot_uses_original_per_metric_factories_and_dependencies (tests.vnext.test_history_company_dispatch.HistoryCompanyDispatchTest.test_statement_pilot_uses_original_per_metric_factories_and_dependencies) ... ok
company-records	Historical dispatch and saved result states	2026-10-10T07:04:59.7670447Z test_unsupported_family_uses_no_fabricated_historical_case (tests.vnext.test_history_company_dispatch.HistoryCompanyDispatchTest.test_unsupported_family_uses_no_fabricated_historical_case) ... ok
company-records	Historical dispatch and saved result states	2026-10-10T07:04:59.7673101Z test_actual_selected_year_dependencies_ignore_unused_admission_code (tests.vnext.test_selected_history_result_state.SelectedHistoryResultStateTest.test_actual_selected_year_dependencies_ignore_unused_admission_code)
company-records	Historical dispatch and saved result states	2026-10-10T07:04:59.8852210Z Constructed state control with the actual processing configuration. ... ok
company-records	Historical dispatch and saved result states	2026-10-10T07:04:59.8943731Z test_completed_withheld_recovers_pointer_without_recalculation (tests.vnext.test_selected_history_result_state.SelectedHistoryResultStateTest.test_completed_withheld_recovers_pointer_without_recalculation) ... ok
company-records	Historical dispatch and saved result states	2026-10-10T07:04:59.9084685Z test_current_withheld_replaces_same_year_success_but_retains_old_version (tests.vnext.test_selected_history_result_state.SelectedHistoryResultStateTest.test_current_withheld_replaces_same_year_success_but_retains_old_version) ... ok
company-records	Historical dispatch and saved result states	2026-10-10T07:04:59.9313585Z test_dependency_source_and_processing_changes_reprocess_withheld_once (tests.vnext.test_selected_history_result_state.SelectedHistoryResultStateTest.test_dependency_source_and_processing_changes_reprocess_withheld_once) ... ok
company-records	Historical dispatch and saved result states	2026-10-10T07:04:59.9512750Z test_missing_year_and_one_metric_failure_preserve_other_periods (tests.vnext.test_selected_history_result_state.SelectedHistoryResultStateTest.test_missing_year_and_one_metric_failure_preserve_other_periods) ... ok
company-records	Historical dispatch and saved result states	2026-10-10T07:04:59.9707970Z test_success_and_stable_withheld_reuse_in_distinct_historical_coordinates (tests.vnext.test_selected_history_result_state.SelectedHistoryResultStateTest.test_success_and_stable_withheld_reuse_in_distinct_historical_coordinates) ... ok
company-records	Historical dispatch and saved result states	2026-10-10T07:04:59.9769826Z test_amendment_and_successor_remain_named_withheld_before_inspection (tests.vnext.test_historical_geography_cases.HistoricalGeographyCaseTest.test_amendment_and_successor_remain_named_withheld_before_inspection) ... ok
company-records	Historical dispatch and saved result states	2026-10-10T07:04:59.9799576Z test_source_failure_propagates_without_inventing_disclosure_absence (tests.vnext.test_historical_geography_cases.HistoricalGeographyCaseTest.test_source_failure_propagates_without_inventing_disclosure_absence) ... ok
company-records	Historical dispatch and saved result states	2026-10-10T07:04:59.9828871Z test_structural_not_applicable_never_reads_financial_amount (tests.vnext.test_historical_geography_cases.HistoricalGeographyCaseTest.test_structural_not_applicable_never_reads_financial_amount) ... ok
company-records	Historical dispatch and saved result states	2026-10-10T07:04:59.9858638Z test_unresolved_source_is_not_a_partial_geography_sum (tests.vnext.test_historical_geography_cases.HistoricalGeographyCaseTest.test_unresolved_source_is_not_a_partial_geography_sum) ... ok
company-records	Historical dispatch and saved result states	2026-10-10T07:04:59.9861383Z test_wrong_family_refuses_before_selecting_any_sources (tests.vnext.test_historical_geography_cases.HistoricalGeographyCaseTest.test_wrong_family_refuses_before_selecting_any_sources) ... ok
company-records	Historical dispatch and saved result states	2026-10-10T07:04:59.9984434Z test_amendment_or_successor_remains_withheld_before_inspection (tests.vnext.test_historical_average_risk_cases.HistoricalAverageRiskCaseTest.test_amendment_or_successor_remains_withheld_before_inspection) ... ok
company-records	Historical dispatch and saved result states	2026-10-10T07:05:00.0020288Z test_lcr_quarter_is_measurement_while_fiscal_year_remains_annual_group (tests.vnext.test_historical_average_risk_cases.HistoricalAverageRiskCaseTest.test_lcr_quarter_is_measurement_while_fiscal_year_remains_annual_group) ... ok
company-records	Historical dispatch and saved result states	2026-10-10T07:05:00.0022726Z test_measurement_rejects_unknown_family_instead_of_treating_as_var (tests.vnext.test_historical_average_risk_cases.HistoricalAverageRiskCaseTest.test_measurement_rejects_unknown_family_instead_of_treating_as_var) ... ok
company-records	Historical dispatch and saved result states	2026-10-10T07:05:00.0082540Z test_structural_not_applicable_skips_amount_inspection (tests.vnext.test_historical_average_risk_cases.HistoricalAverageRiskCaseTest.test_structural_not_applicable_skips_amount_inspection) ... ok
company-records	Historical dispatch and saved result states	2026-10-10T07:05:00.0144268Z test_unresolved_component_cannot_reuse_candidate_value (tests.vnext.test_historical_average_risk_cases.HistoricalAverageRiskCaseTest.test_unresolved_component_cannot_reuse_candidate_value) ... ok
company-records	Historical dispatch and saved result states	2026-10-10T07:05:00.0178464Z test_var_annual_average_keeps_annual_period_and_usd_value (tests.vnext.test_historical_average_risk_cases.HistoricalAverageRiskCaseTest.test_var_annual_average_keeps_annual_period_and_usd_value) ... ok
company-records	Historical dispatch and saved result states	2026-10-10T07:05:00.0181496Z test_wrong_family_refuses_before_any_source_selection (tests.vnext.test_historical_average_risk_cases.HistoricalAverageRiskCaseTest.test_wrong_family_refuses_before_any_source_selection) ... ok
company-records	Historical dispatch and saved result states	2026-10-10T07:05:00.0210191Z test_wrong_source_error_is_not_disclosure_absence (tests.vnext.test_historical_average_risk_cases.HistoricalAverageRiskCaseTest.test_wrong_source_error_is_not_disclosure_absence) ... ok
company-records	Historical dispatch and saved result states	2026-10-10T07:05:00.0222822Z test_general_note_only_before_lettered_notes_and_never_across_heading (tests.vnext.test_historical_average_risk_cases.HistoricalAverageRiskWordingTest.test_general_note_only_before_lettered_notes_and_never_across_heading) ... ok
company-records	Historical dispatch and saved result states	2026-10-10T07:05:00.0318066Z test_known_forms_compile_without_mutating_shared_functions (tests.vnext.test_historical_average_risk_cases.HistoricalAverageRiskWordingTest.test_known_forms_compile_without_mutating_shared_functions) ... ok
company-records	Historical dispatch and saved result states	2026-10-10T07:05:00.0412130Z test_old_lcr_note_grammar_preserves_unit_and_duration_rejections (tests.vnext.test_historical_average_risk_cases.HistoricalAverageRiskWordingTest.test_old_lcr_note_grammar_preserves_unit_and_duration_rejections) ... ok
company-records	Historical dispatch and saved result states	2026-10-10T07:05:00.0417801Z test_original_resolved_answer_is_kept_without_fallback (tests.vnext.test_historical_average_risk_cases.HistoricalAverageRiskWordingTest.test_original_resolved_answer_is_kept_without_fallback) ... ok
company-records	Historical dispatch and saved result states	2026-10-10T07:05:00.0420545Z test_resolved_known_form_retains_original_status_and_provenance (tests.vnext.test_historical_average_risk_cases.HistoricalAverageRiskWordingTest.test_resolved_known_form_retains_original_status_and_provenance) ... ok
company-records	Historical dispatch and saved result states	2026-10-10T07:05:00.0423399Z test_unresolved_fallback_keeps_original_competitors (tests.vnext.test_historical_average_risk_cases.HistoricalAverageRiskWordingTest.test_unresolved_fallback_keeps_original_competitors) ... ok
company-records	Historical dispatch and saved result states	2026-10-10T07:05:00.0425936Z test_history_passes_shared_release_option_without_recursive_view (tests.vnext.test_historical_average_risk_cases.HistoricalExplicitAnnualInterfaceTest.test_history_passes_shared_release_option_without_recursive_view) ... ok
company-records	Historical dispatch and saved result states	2026-10-10T07:05:00.0494978Z test_remaining_fiscal_label_view_uses_explicit_annual_adapter (tests.vnext.test_historical_average_risk_cases.HistoricalExplicitAnnualInterfaceTest.test_remaining_fiscal_label_view_uses_explicit_annual_adapter) ... ok
company-records	Historical dispatch and saved result states	2026-10-10T07:05:00.0497478Z test_shared_source_failure_propagates_as_failure (tests.vnext.test_historical_average_risk_cases.HistoricalExplicitAnnualInterfaceTest.test_shared_source_failure_propagates_as_failure) ... ok
company-records	Historical dispatch and saved result states	2026-10-10T07:05:00.0588013Z test_amendment_and_successor_remain_named_withheld_before_inspection (tests.vnext.test_historical_bank_scope_cases.HistoricalBankScopeCaseTest.test_amendment_and_successor_remain_named_withheld_before_inspection) ... ok
company-records	Historical dispatch and saved result states	2026-10-10T07:05:00.0658002Z test_resolved_aum_and_nonaccrual_keep_filing_end_instant (tests.vnext.test_historical_bank_scope_cases.HistoricalBankScopeCaseTest.test_resolved_aum_and_nonaccrual_keep_filing_end_instant) ... ok
company-records	Historical dispatch and saved result states	2026-10-10T07:05:00.0692517Z test_resolved_nim_is_annual_and_uses_managed_rate (tests.vnext.test_historical_bank_scope_cases.HistoricalBankScopeCaseTest.test_resolved_nim_is_annual_and_uses_managed_rate) ... ok
company-records	Historical dispatch and saved result states	2026-10-10T07:05:00.0717649Z test_source_failure_propagates_without_inventing_disclosure_absence (tests.vnext.test_historical_bank_scope_cases.HistoricalBankScopeCaseTest.test_source_failure_propagates_without_inventing_disclosure_absence) ... ok
company-records	Historical dispatch and saved result states	2026-10-10T07:05:00.0749258Z test_structural_not_applicable_never_reads_financial_amount (tests.vnext.test_historical_bank_scope_cases.HistoricalBankScopeCaseTest.test_structural_not_applicable_never_reads_financial_amount) ... ok
company-records	Historical dispatch and saved result states	2026-10-10T07:05:00.0778358Z test_unresolved_source_is_not_a_partial_bank_sum (tests.vnext.test_historical_bank_scope_cases.HistoricalBankScopeCaseTest.test_unresolved_source_is_not_a_partial_bank_sum) ... ok
company-records	Historical dispatch and saved result states	2026-10-10T07:05:00.0781220Z test_wrong_family_refuses_before_selecting_any_sources (tests.vnext.test_historical_bank_scope_cases.HistoricalBankScopeCaseTest.test_wrong_family_refuses_before_selecting_any_sources) ... ok
company-records	Historical dispatch and saved result states	2026-10-10T07:05:00.0841678Z test_source_conflict_remains_distinct_from_implementation_gap (tests.vnext.test_historical_bank_scope_cases.HistoricalBankScopeClassificationTest.test_source_conflict_remains_distinct_from_implementation_gap) ... ok
company-records	Historical dispatch and saved result states	2026-10-10T07:05:00.0895218Z test_a09_local_import_rebinding_retains_native_ambiguity_gate (tests.vnext.test_historical_bank_scope_cases.HistoricalBankScopeWordingTest.test_a09_local_import_rebinding_retains_native_ambiguity_gate) ... ok
company-records	Historical dispatch and saved result states	2026-10-10T07:05:00.0999853Z test_compilation_keeps_shared_functions_and_known_forms_are_finite (tests.vnext.test_historical_bank_scope_cases.HistoricalBankScopeWordingTest.test_compilation_keeps_shared_functions_and_known_forms_are_finite) ... ok
company-records	Historical dispatch and saved result states	2026-10-10T07:05:00.1013170Z test_missing_native_source_propagates_and_never_reaches_html (tests.vnext.test_historical_bank_scope_cases.HistoricalBankScopeWordingTest.test_missing_native_source_propagates_and_never_reaches_html) ... ok
company-records	Historical dispatch and saved result states	2026-10-10T07:05:00.1027329Z test_old_glossary_accepts_one_colon_and_preserves_subset_text (tests.vnext.test_historical_bank_scope_cases.HistoricalBankScopeWordingTest.test_old_glossary_accepts_one_colon_and_preserves_subset_text) ... ok
company-records	Historical dispatch and saved result states	2026-10-10T07:05:00.1061678Z test_old_segment_list_cannot_hide_conflicting_or_noncorporate_remainder (tests.vnext.test_historical_bank_scope_cases.HistoricalBankScopeWordingTest.test_old_segment_list_cannot_hide_conflicting_or_noncorporate_remainder) ... ok
company-records	Historical dispatch and saved result states	2026-10-10T07:05:00.1064646Z test_original_native_success_is_kept_without_old_form (tests.vnext.test_historical_bank_scope_cases.HistoricalBankScopeWordingTest.test_original_native_success_is_kept_without_old_form) ... ok
company-records	Historical dispatch and saved result states	2026-10-10T07:05:00.1651631Z test_display_is_bounded_while_complete_scope_evidence_is_retained (tests.vnext.test_historical_statement_cases.HistoricalRevenueScopeConsumerTest.test_display_is_bounded_while_complete_scope_evidence_is_retained) ... ok
company-records	Historical dispatch and saved result states	2026-10-10T07:05:00.1676724Z test_literal_original_and_resolved_period_must_have_same_dates (tests.vnext.test_historical_statement_cases.HistoricalRevenueScopeConsumerTest.test_literal_original_and_resolved_period_must_have_same_dates) ... ok
company-records	Historical dispatch and saved result states	2026-10-10T07:05:00.1848960Z test_no_reported_total_retains_the_existing_component_scope_path (tests.vnext.test_historical_statement_cases.HistoricalRevenueScopeConsumerTest.test_no_reported_total_retains_the_existing_component_scope_path) ... ok
company-records	Historical dispatch and saved result states	2026-10-10T07:05:00.1852155Z test_processing_configuration_includes_shared_scope_dependency (tests.vnext.test_historical_statement_cases.HistoricalRevenueScopeConsumerTest.test_processing_configuration_includes_shared_scope_dependency) ... ok
company-records	Historical dispatch and saved result states	2026-10-10T07:05:00.2501387Z test_reported_late_date_and_cost_group_qualifiers_are_not_hidden (tests.vnext.test_historical_statement_cases.HistoricalRevenueScopeConsumerTest.test_reported_late_date_and_cost_group_qualifiers_are_not_hidden) ... ok
company-records	Historical dispatch and saved result states	2026-10-10T07:05:00.2862334Z test_reported_navigation_keeps_source_spans_without_accepting_subject_restrictions (tests.vnext.test_historical_statement_cases.HistoricalRevenueScopeConsumerTest.test_reported_navigation_keeps_source_spans_without_accepting_subject_restrictions) ... ok
company-records	Historical dispatch and saved result states	2026-10-10T07:05:00.2884803Z test_reported_total_conflict_cannot_fall_back_to_the_old_component (tests.vnext.test_historical_statement_cases.HistoricalRevenueScopeConsumerTest.test_reported_total_conflict_cannot_fall_back_to_the_old_component) ... ok
company-records	Historical dispatch and saved result states	2026-10-10T07:05:00.3093230Z test_reported_total_is_admitted_before_actual_calculator (tests.vnext.test_historical_statement_cases.HistoricalRevenueScopeConsumerTest.test_reported_total_is_admitted_before_actual_calculator) ... ok
company-records	Historical dispatch and saved result states	2026-10-10T07:05:00.3292262Z test_source_bound_resolved_label_reaches_the_shared_reader_without_raw_year_rewrite (tests.vnext.test_historical_statement_cases.HistoricalRevenueScopeConsumerTest.test_source_bound_resolved_label_reaches_the_shared_reader_without_raw_year_rewrite) ... ok
company-records	Historical dispatch and saved result states	2026-10-10T07:05:00.3489845Z test_total_cannot_be_borrowed_from_a_later_filing (tests.vnext.test_historical_statement_cases.HistoricalRevenueScopeConsumerTest.test_total_cannot_be_borrowed_from_a_later_filing) ... ok
company-records	Historical dispatch and saved result states	2026-10-10T07:05:00.3518173Z test_amendment_and_successor_keep_the_existing_rejection (tests.vnext.test_historical_statement_cases.HistoricalCurrentAnnualScopeTest.test_amendment_and_successor_keep_the_existing_rejection) ... ok
company-records	Historical dispatch and saved result states	2026-10-10T07:05:00.3530921Z test_declared_wrong_source_period_cannot_select_a_filing (tests.vnext.test_historical_statement_cases.HistoricalCurrentAnnualScopeTest.test_declared_wrong_source_period_cannot_select_a_filing) ... ok
company-records	Historical dispatch and saved result states	2026-10-10T07:05:00.3534110Z test_existing_entry_does_not_silently_expand_to_b07 (tests.vnext.test_historical_statement_cases.HistoricalCurrentAnnualScopeTest.test_existing_entry_does_not_silently_expand_to_b07) ... ok
company-records	Historical dispatch and saved result states	2026-10-10T07:05:00.3536873Z test_prior_year_or_instant_metrics_do_not_enter_the_annual_family (tests.vnext.test_historical_statement_cases.HistoricalCurrentAnnualScopeTest.test_prior_year_or_instant_metrics_do_not_enter_the_annual_family) ... ok
company-records	Historical dispatch and saved result states	2026-10-10T07:05:00.3539731Z test_continuous_company_keeps_original_registry_object (tests.vnext.test_historical_statement_cases.HistoricalPeriodSubjectTest.test_continuous_company_keeps_original_registry_object) ... ok
company-records	Historical dispatch and saved result states	2026-10-10T07:05:00.3542762Z test_mismatched_reporter_successor_or_cross_entity_does_not_get_override (tests.vnext.test_historical_statement_cases.HistoricalPeriodSubjectTest.test_mismatched_reporter_successor_or_cross_entity_does_not_get_override) ... ok
company-records	Historical dispatch and saved result states	2026-10-10T07:05:00.3544806Z test_predecessor_context_uses_its_own_cik_without_mutating_registry (tests.vnext.test_historical_statement_cases.HistoricalPeriodSubjectTest.test_predecessor_context_uses_its_own_cik_without_mutating_registry) ... ok
company-records	Historical dispatch and saved result states	2026-10-10T07:05:00.3546293Z test_successor_context_keeps_its_existing_noncomparability (tests.vnext.test_historical_statement_cases.HistoricalPeriodSubjectTest.test_successor_context_keeps_its_existing_noncomparability) ... ok
company-records	Historical dispatch and saved result states	2026-10-10T07:05:00.3747502Z test_display_is_bounded_while_complete_scope_evidence_is_retained (tests.vnext.test_historical_statement_cases.HistoricalRevenueScopeConsumerTest.test_display_is_bounded_while_complete_scope_evidence_is_retained) ... ok
company-records	Historical dispatch and saved result states	2026-10-10T07:05:00.3766230Z test_literal_original_and_resolved_period_must_have_same_dates (tests.vnext.test_historical_statement_cases.HistoricalRevenueScopeConsumerTest.test_literal_original_and_resolved_period_must_have_same_dates) ... ok
company-records	Historical dispatch and saved result states	2026-10-10T07:05:00.3936136Z test_no_reported_total_retains_the_existing_component_scope_path (tests.vnext.test_historical_statement_cases.HistoricalRevenueScopeConsumerTest.test_no_reported_total_retains_the_existing_component_scope_path) ... ok
company-records	Historical dispatch and saved result states	2026-10-10T07:05:00.3939495Z test_processing_configuration_includes_shared_scope_dependency (tests.vnext.test_historical_statement_cases.HistoricalRevenueScopeConsumerTest.test_processing_configuration_includes_shared_scope_dependency) ... ok
company-records	Historical dispatch and saved result states	2026-10-10T07:05:00.4594708Z test_reported_late_date_and_cost_group_qualifiers_are_not_hidden (tests.vnext.test_historical_statement_cases.HistoricalRevenueScopeConsumerTest.test_reported_late_date_and_cost_group_qualifiers_are_not_hidden) ... ok
company-records	Historical dispatch and saved result states	2026-10-10T07:05:00.4952882Z test_reported_navigation_keeps_source_spans_without_accepting_subject_restrictions (tests.vnext.test_historical_statement_cases.HistoricalRevenueScopeConsumerTest.test_reported_navigation_keeps_source_spans_without_accepting_subject_restrictions) ... ok
company-records	Historical dispatch and saved result states	2026-10-10T07:05:00.4975510Z test_reported_total_conflict_cannot_fall_back_to_the_old_component (tests.vnext.test_historical_statement_cases.HistoricalRevenueScopeConsumerTest.test_reported_total_conflict_cannot_fall_back_to_the_old_component) ... ok
company-records	Historical dispatch and saved result states	2026-10-10T07:05:00.5181649Z test_reported_total_is_admitted_before_actual_calculator (tests.vnext.test_historical_statement_cases.HistoricalRevenueScopeConsumerTest.test_reported_total_is_admitted_before_actual_calculator) ... ok
company-records	Historical dispatch and saved result states	2026-10-10T07:05:00.5352966Z test_source_bound_resolved_label_reaches_the_shared_reader_without_raw_year_rewrite (tests.vnext.test_historical_statement_cases.HistoricalRevenueScopeConsumerTest.test_source_bound_resolved_label_reaches_the_shared_reader_without_raw_year_rewrite) ... ok
company-records	Historical dispatch and saved result states	2026-10-10T07:05:00.5550872Z test_total_cannot_be_borrowed_from_a_later_filing (tests.vnext.test_historical_statement_cases.HistoricalRevenueScopeConsumerTest.test_total_cannot_be_borrowed_from_a_later_filing) ... ok
company-records	Historical dispatch and saved result states	2026-10-10T07:05:00.5564604Z test_amended_target_and_successor_require_explicit_adaptation (tests.vnext.test_historical_statement_cases.HistoricalStatementScopeTest.test_amended_target_and_successor_require_explicit_adaptation) ... ok
company-records	Historical dispatch and saved result states	2026-10-10T07:05:00.5710788Z test_companyfacts_amount_must_match_the_selected_original (tests.vnext.test_historical_statement_cases.HistoricalStatementScopeTest.test_companyfacts_amount_must_match_the_selected_original) ... ok
company-records	Historical dispatch and saved result states	2026-10-10T07:05:00.5713342Z test_other_metric_does_not_select_sources (tests.vnext.test_historical_statement_cases.HistoricalStatementScopeTest.test_other_metric_does_not_select_sources) ... ok
company-records	Historical dispatch and saved result states	2026-10-10T07:05:00.5847267Z test_applicable_company_does_not_skip_its_source_requirements (tests.vnext.test_historical_statement_cases.HistoricalStructuralApplicabilityTest.test_applicable_company_does_not_skip_its_source_requirements) ... ok
company-records	Historical dispatch and saved result states	2026-10-10T07:05:00.5979212Z test_bank_trait_is_na_before_any_amount_selection (tests.vnext.test_historical_statement_cases.HistoricalStructuralApplicabilityTest.test_bank_trait_is_na_before_any_amount_selection) ... ok
company-records	Historical dispatch and saved result states	2026-10-10T07:05:00.5989346Z test_noncontinuous_rule_cannot_be_replaced_by_current_instant_permission (tests.vnext.test_historical_statement_cases.HistoricalSuccessorComparabilityTest.test_noncontinuous_rule_cannot_be_replaced_by_current_instant_permission) ... ok
company-records	Historical dispatch and saved result states	2026-10-10T07:05:00.5993317Z test_revenue_still_requires_statement_scope (tests.vnext.test_historical_statement_cases.HistoricalSuccessorComparabilityTest.test_revenue_still_requires_statement_scope) ... ok
company-records	Historical dispatch and saved result states	2026-10-10T07:05:00.6071009Z test_wrong_subject_or_cross_entity_cannot_use_the_metadata_guard (tests.vnext.test_historical_statement_cases.HistoricalSuccessorComparabilityTest.test_wrong_subject_or_cross_entity_cannot_use_the_metadata_guard) ... ok
company-records	Historical dispatch and saved result states	2026-10-10T07:05:00.6072478Z 
company-records	Historical dispatch and saved result states	2026-10-10T07:05:00.6072734Z ----------------------------------------------------------------------
company-records	Historical dispatch and saved result states	2026-10-10T07:05:00.6073255Z Ran 97 tests in 0.967s
company-records	Historical dispatch and saved result states	2026-10-10T07:05:00.6073468Z 
company-records	Historical dispatch and saved result states	2026-10-10T07:05:00.6073586Z OK
company-records	Paired reported comparisons and exact revenue defect	﻿2026-10-10T07:05:00.6706387Z ##[group]Run python3 tests/required_unittests.py tests.vnext.test_paired_measure_contradiction
company-records	Paired reported comparisons and exact revenue defect	2026-10-10T07:05:00.6707120Z ^[[36;1mpython3 tests/required_unittests.py tests.vnext.test_paired_measure_contradiction^[[0m
company-records	Paired reported comparisons and exact revenue defect	2026-10-10T07:05:00.6770916Z shell: /usr/bin/bash -e {0}
company-records	Paired reported comparisons and exact revenue defect	2026-10-10T07:05:00.6771176Z env:
company-records	Paired reported comparisons and exact revenue defect	2026-10-10T07:05:00.6771448Z   pythonLocation: /opt/hostedtoolcache/Python/3.14.8/x64
company-records	Paired reported comparisons and exact revenue defect	2026-10-10T07:05:00.6771893Z   PKG_CONFIG_PATH: /opt/hostedtoolcache/Python/3.14.8/x64/lib/pkgconfig
company-records	Paired reported comparisons and exact revenue defect	2026-10-10T07:05:00.6772328Z   Python_ROOT_DIR: /opt/hostedtoolcache/Python/3.14.8/x64
company-records	Paired reported comparisons and exact revenue defect	2026-10-10T07:05:00.6772716Z   Python2_ROOT_DIR: /opt/hostedtoolcache/Python/3.14.8/x64
company-records	Paired reported comparisons and exact revenue defect	2026-10-10T07:05:00.6773093Z   Python3_ROOT_DIR: /opt/hostedtoolcache/Python/3.14.8/x64
company-records	Paired reported comparisons and exact revenue defect	2026-10-10T07:05:00.6773471Z   LD_LIBRARY_PATH: /opt/hostedtoolcache/Python/3.14.8/x64/lib
company-records	Paired reported comparisons and exact revenue defect	2026-10-10T07:05:00.6773820Z   PYTHONDONTWRITEBYTECODE: 1
company-records	Paired reported comparisons and exact revenue defect	2026-10-10T07:05:00.6774060Z ##[endgroup]
company-records	Paired reported comparisons and exact revenue defect	2026-10-10T07:05:01.8171333Z test_default_register_holds_exact_subtotal_result_only (tests.vnext.test_paired_measure_contradiction.DefaultRevenueScopeDefectTest.test_default_register_holds_exact_subtotal_result_only) ... ok
company-records	Paired reported comparisons and exact revenue defect	2026-10-10T07:05:01.8174233Z test_conflicting_comparisons_cannot_choose_the_matching_one (tests.vnext.test_paired_measure_contradiction.PairedReportedComparisonTest.test_conflicting_comparisons_cannot_choose_the_matching_one) ... ok
company-records	Paired reported comparisons and exact revenue defect	2026-10-10T07:05:01.8176903Z {"allowed_skips": 0, "errors": 0, "failures": 0, "run": 6, "skip_reasons": [], "skipped": 0, "tests": ["tests.vnext.test_paired_measure_contradiction"]}
company-records	Paired reported comparisons and exact revenue defect	2026-10-10T07:05:01.8181422Z test_other_period_unit_or_accession_is_not_a_prior_comparison (tests.vnext.test_paired_measure_contradiction.PairedReportedComparisonTest.test_other_period_unit_or_accession_is_not_a_prior_comparison) ... ok
company-records	Paired reported comparisons and exact revenue defect	2026-10-10T07:05:01.8183806Z test_same_label_matching_or_no_comparison_keeps_existing_behavior (tests.vnext.test_paired_measure_contradiction.PairedReportedComparisonTest.test_same_label_matching_or_no_comparison_keeps_existing_behavior) ... ok
company-records	Paired reported comparisons and exact revenue defect	2026-10-10T07:05:01.8202357Z test_same_label_prior_comparison_difference_is_not_accepted (tests.vnext.test_paired_measure_contradiction.PairedReportedComparisonTest.test_same_label_prior_comparison_difference_is_not_accepted) ... ok
company-records	Paired reported comparisons and exact revenue defect	2026-10-10T07:05:01.8204684Z test_supported_label_change_requires_the_original_prior_value (tests.vnext.test_paired_measure_contradiction.PairedReportedComparisonTest.test_supported_label_change_requires_the_original_prior_value) ... ok
company-records	Paired reported comparisons and exact revenue defect	2026-10-10T07:05:01.8205665Z 
company-records	Paired reported comparisons and exact revenue defect	2026-10-10T07:05:01.8205872Z ----------------------------------------------------------------------
company-records	Paired reported comparisons and exact revenue defect	2026-10-10T07:05:01.8206298Z Ran 6 tests in 1.018s
company-records	Paired reported comparisons and exact revenue defect	2026-10-10T07:05:01.8206467Z 
company-records	Paired reported comparisons and exact revenue defect	2026-10-10T07:05:01.8206569Z OK
company-records	Complete D04 company model input gates	﻿2026-10-10T07:05:01.8564073Z ##[group]Run python3 tests/required_unittests.py tests.vnext.test_current_d04_company
company-records	Complete D04 company model input gates	2026-10-10T07:05:01.8564718Z ^[[36;1mpython3 tests/required_unittests.py tests.vnext.test_current_d04_company^[[0m
company-records	Complete D04 company model input gates	2026-10-10T07:05:01.8628670Z shell: /usr/bin/bash -e {0}
company-records	Complete D04 company model input gates	2026-10-10T07:05:01.8628927Z env:
company-records	Complete D04 company model input gates	2026-10-10T07:05:01.8629195Z   pythonLocation: /opt/hostedtoolcache/Python/3.14.8/x64
company-records	Complete D04 company model input gates	2026-10-10T07:05:01.8629647Z   PKG_CONFIG_PATH: /opt/hostedtoolcache/Python/3.14.8/x64/lib/pkgconfig
company-records	Complete D04 company model input gates	2026-10-10T07:05:01.8630306Z   Python_ROOT_DIR: /opt/hostedtoolcache/Python/3.14.8/x64
company-records	Complete D04 company model input gates	2026-10-10T07:05:01.8630690Z   Python2_ROOT_DIR: /opt/hostedtoolcache/Python/3.14.8/x64
company-records	Complete D04 company model input gates	2026-10-10T07:05:01.8631064Z   Python3_ROOT_DIR: /opt/hostedtoolcache/Python/3.14.8/x64
company-records	Complete D04 company model input gates	2026-10-10T07:05:01.8631437Z   LD_LIBRARY_PATH: /opt/hostedtoolcache/Python/3.14.8/x64/lib
company-records	Complete D04 company model input gates	2026-10-10T07:05:01.8631765Z ##[endgroup]
company-records	Complete D04 company model input gates	2026-10-10T07:05:03.1799898Z test_complete_nonempty_findings_are_allowed_without_inventing_doubt (tests.vnext.test_current_d04_company.CurrentD04CompanyGateTest.test_complete_nonempty_findings_are_allowed_without_inventing_doubt) ... ok
company-records	Complete D04 company model input gates	2026-10-10T07:05:03.1803538Z test_missing_failed_and_conflicting_groups_are_rejected (tests.vnext.test_current_d04_company.CurrentD04CompanyGateTest.test_missing_failed_and_conflicting_groups_are_rejected) ... ok
company-records	Complete D04 company model input gates	2026-10-10T07:05:03.1806184Z test_missing_group_cannot_be_complete_even_with_a_stale_true_flag (tests.vnext.test_current_d04_company.CurrentD04CompanyGateTest.test_missing_group_cannot_be_complete_even_with_a_stale_true_flag) ... ok
company-records	Complete D04 company model input gates	2026-10-10T07:05:03.1807953Z test_unresolved_or_failed_evidence_is_never_company_credit (tests.vnext.test_current_d04_company.CurrentD04CompanyGateTest.test_unresolved_or_failed_evidence_is_never_company_credit) ... ok
company-records	Complete D04 company model input gates	2026-10-10T07:05:03.4541704Z test_source_or_interpretation_change_rechecks_once_then_reuses (tests.vnext.test_current_d04_company.CurrentD04DependencyUpdateTest.test_source_or_interpretation_change_rechecks_once_then_reuses) ... ok
company-records	Complete D04 company model input gates	2026-10-10T07:05:03.4543515Z 
company-records	Complete D04 company model input gates	2026-10-10T07:05:03.4543940Z ----------------------------------------------------------------------
company-records	Complete D04 company model input gates	2026-10-10T07:05:03.4544667Z Ran 5 tests in 0.274s
company-records	Complete D04 company model input gates	2026-10-10T07:05:03.4544964Z 
company-records	Complete D04 company model input gates	2026-10-10T07:05:03.4545125Z OK
company-records	Complete D04 company model input gates	2026-10-10T07:05:03.4546128Z {"allowed_skips": 0, "errors": 0, "failures": 0, "run": 5, "skip_reasons": [], "skipped": 0, "tests": ["tests.vnext.test_current_d04_company"]}
company-records	Selected event sources and explicit history validation	﻿2026-10-10T07:05:03.5073421Z ##[group]Run python3 tests/required_unittests.py tests.vnext.test_selected_event_source_v1 tests.vnext.test_registered_event_projection
company-records	Selected event sources and explicit history validation	2026-10-10T07:05:03.5074398Z ^[[36;1mpython3 tests/required_unittests.py tests.vnext.test_selected_event_source_v1 tests.vnext.test_registered_event_projection^[[0m
company-records	Selected event sources and explicit history validation	2026-10-10T07:05:03.5136374Z shell: /usr/bin/bash -e {0}
company-records	Selected event sources and explicit history validation	2026-10-10T07:05:03.5136640Z env:
company-records	Selected event sources and explicit history validation	2026-10-10T07:05:03.5136905Z   pythonLocation: /opt/hostedtoolcache/Python/3.14.8/x64
company-records	Selected event sources and explicit history validation	2026-10-10T07:05:03.5137354Z   PKG_CONFIG_PATH: /opt/hostedtoolcache/Python/3.14.8/x64/lib/pkgconfig
company-records	Selected event sources and explicit history validation	2026-10-10T07:05:03.5137796Z   Python_ROOT_DIR: /opt/hostedtoolcache/Python/3.14.8/x64
company-records	Selected event sources and explicit history validation	2026-10-10T07:05:03.5138183Z   Python2_ROOT_DIR: /opt/hostedtoolcache/Python/3.14.8/x64
company-records	Selected event sources and explicit history validation	2026-10-10T07:05:03.5138557Z   Python3_ROOT_DIR: /opt/hostedtoolcache/Python/3.14.8/x64
company-records	Selected event sources and explicit history validation	2026-10-10T07:05:03.5138930Z   LD_LIBRARY_PATH: /opt/hostedtoolcache/Python/3.14.8/x64/lib
company-records	Selected event sources and explicit history validation	2026-10-10T07:05:03.5139270Z   PYTHONDONTWRITEBYTECODE: 1
company-records	Selected event sources and explicit history validation	2026-10-10T07:05:03.5139691Z ##[endgroup]
company-records	Selected event sources and explicit history validation	2026-10-10T07:05:03.8338789Z test_explicit_history_check_receives_full_body_and_conflict_is_not_empty_success (tests.vnext.test_selected_event_source_v1.SelectedEventSourceTest.test_explicit_history_check_receives_full_body_and_conflict_is_not_empty_success) ... ok
company-records	Selected event sources and explicit history validation	2026-10-10T07:05:03.8694467Z test_gap_day_block_is_selected_and_validated_using_same_effective_last_day (tests.vnext.test_selected_event_source_v1.SelectedEventSourceTest.test_gap_day_block_is_selected_and_validated_using_same_effective_last_day) ... ok
company-records	Selected event sources and explicit history validation	2026-10-10T07:05:03.8828053Z test_missing_header_and_header_date_conflict_remain_failures (tests.vnext.test_selected_event_source_v1.SelectedEventSourceTest.test_missing_header_and_header_date_conflict_remain_failures) ... ok
company-records	Selected event sources and explicit history validation	2026-10-10T07:05:03.9114922Z test_registered_union_reads_both_issuers_and_rules_from_code_root (tests.vnext.test_selected_event_source_v1.SelectedEventSourceTest.test_registered_union_reads_both_issuers_and_rules_from_code_root) ... ok
company-records	Selected event sources and explicit history validation	2026-10-10T07:05:03.9478752Z test_repeated_legacy_gets_are_bound_but_latest_failure_is_visible (tests.vnext.test_selected_event_source_v1.SelectedEventSourceTest.test_repeated_legacy_gets_are_bound_but_latest_failure_is_visible) ... ok
company-records	Selected event sources and explicit history validation	2026-10-10T07:05:03.9710664Z test_same_blob_key_does_not_hide_a_conflicting_media_record (tests.vnext.test_selected_event_source_v1.SelectedEventSourceTest.test_same_blob_key_does_not_hide_a_conflicting_media_record) ... ok
company-records	Selected event sources and explicit history validation	2026-10-10T07:05:03.9873249Z test_source_only_nonempty_claims_keep_real_requests_and_no_results (tests.vnext.test_selected_event_source_v1.SelectedEventSourceTest.test_source_only_nonempty_claims_keep_real_requests_and_no_results) ... ok
company-records	Selected event sources and explicit history validation	2026-10-10T07:05:03.9894269Z test_wrong_registry_selected_entity_or_window_is_rejected (tests.vnext.test_selected_event_source_v1.SelectedEventSourceTest.test_wrong_registry_selected_entity_or_window_is_rejected) ... ok
company-records	Selected event sources and explicit history validation	2026-10-10T07:05:03.9918278Z test_approved_wide_window_retains_the_original_annual_period (tests.vnext.test_registered_event_projection.RegisteredEventProjectionTest.test_approved_wide_window_retains_the_original_annual_period) ... ok
company-records	Selected event sources and explicit history validation	2026-10-10T07:05:03.9937218Z test_arbitrary_wider_period_or_wrong_label_is_rejected (tests.vnext.test_registered_event_projection.RegisteredEventProjectionTest.test_arbitrary_wider_period_or_wrong_label_is_rejected) ... ok
company-records	Selected event sources and explicit history validation	2026-10-10T07:05:03.9940326Z test_financial_and_unreceived_e01_do_not_receive_wide_period_exception (tests.vnext.test_registered_event_projection.RegisteredEventProjectionTest.test_financial_and_unreceived_e01_do_not_receive_wide_period_exception) ... ok
company-records	Selected event sources and explicit history validation	2026-10-10T07:05:03.9984539Z test_missing_registrant_or_wrong_inventory_cannot_complete_union (tests.vnext.test_registered_event_projection.RegisteredEventProjectionTest.test_missing_registrant_or_wrong_inventory_cannot_complete_union) ... ok
company-records	Selected event sources and explicit history validation	2026-10-10T07:05:04.0015433Z test_wrong_registry_catalog_or_financial_combination_is_rejected (tests.vnext.test_registered_event_projection.RegisteredEventProjectionTest.test_wrong_registry_catalog_or_financial_combination_is_rejected) ... ok
company-records	Selected event sources and explicit history validation	2026-10-10T07:05:04.0017263Z 
company-records	Selected event sources and explicit history validation	2026-10-10T07:05:04.0017536Z ----------------------------------------------------------------------
company-records	Selected event sources and explicit history validation	2026-10-10T07:05:04.0018075Z Ran 13 tests in 0.194s
company-records	Selected event sources and explicit history validation	2026-10-10T07:05:04.0018296Z 
company-records	Selected event sources and explicit history validation	2026-10-10T07:05:04.0018414Z OK
company-records	Selected event sources and explicit history validation	2026-10-10T07:05:04.0019498Z {"allowed_skips": 0, "errors": 0, "failures": 0, "run": 13, "skip_reasons": [], "skipped": 0, "tests": ["tests.vnext.test_selected_event_source_v1", "tests.vnext.test_registered_event_projection"]}
company-records	Historical selected event scope and record retention	﻿2026-10-10T07:05:04.0404977Z ##[group]Run python3 tests/required_unittests.py tests.vnext.test_historical_event_cases.HistoricalEventCaseTest tests.vnext.test_historical_event_cases.HistoricalEventHistoryStrategyTest tests.vnext.test_historical_event_cases.HistoricalEventRecordRetentionTest
company-records	Historical selected event scope and record retention	2026-10-10T07:05:04.0406958Z ^[[36;1mpython3 tests/required_unittests.py tests.vnext.test_historical_event_cases.HistoricalEventCaseTest tests.vnext.test_historical_event_cases.HistoricalEventHistoryStrategyTest tests.vnext.test_historical_event_cases.HistoricalEventRecordRetentionTest^[[0m
company-records	Historical selected event scope and record retention	2026-10-10T07:05:04.0470283Z shell: /usr/bin/bash -e {0}
company-records	Historical selected event scope and record retention	2026-10-10T07:05:04.0470546Z env:
company-records	Historical selected event scope and record retention	2026-10-10T07:05:04.0470816Z   pythonLocation: /opt/hostedtoolcache/Python/3.14.8/x64
company-records	Historical selected event scope and record retention	2026-10-10T07:05:04.0471251Z   PKG_CONFIG_PATH: /opt/hostedtoolcache/Python/3.14.8/x64/lib/pkgconfig
company-records	Historical selected event scope and record retention	2026-10-10T07:05:04.0471825Z   Python_ROOT_DIR: /opt/hostedtoolcache/Python/3.14.8/x64
company-records	Historical selected event scope and record retention	2026-10-10T07:05:04.0472312Z   Python2_ROOT_DIR: /opt/hostedtoolcache/Python/3.14.8/x64
company-records	Historical selected event scope and record retention	2026-10-10T07:05:04.0472984Z   Python3_ROOT_DIR: /opt/hostedtoolcache/Python/3.14.8/x64
company-records	Historical selected event scope and record retention	2026-10-10T07:05:04.0473499Z   LD_LIBRARY_PATH: /opt/hostedtoolcache/Python/3.14.8/x64/lib
company-records	Historical selected event scope and record retention	2026-10-10T07:05:04.0474047Z   PYTHONDONTWRITEBYTECODE: 1
company-records	Historical selected event scope and record retention	2026-10-10T07:05:04.0474398Z ##[endgroup]
company-records	Historical selected event scope and record retention	2026-10-10T07:05:04.4642150Z test_catalog_change_to_content_method_is_an_explicit_gap (tests.vnext.test_historical_event_cases.HistoricalEventCaseTest.test_catalog_change_to_content_method_is_an_explicit_gap) ... ok
company-records	Historical selected event scope and record retention	2026-10-10T07:05:04.4644603Z test_content_confirmation_route_is_not_silently_counted (tests.vnext.test_historical_event_cases.HistoricalEventCaseTest.test_content_confirmation_route_is_not_silently_counted) ... ok
company-records	Historical selected event scope and record retention	2026-10-10T07:05:04.4769460Z test_incoherent_history_block_is_not_read_around (tests.vnext.test_historical_event_cases.HistoricalEventCaseTest.test_incoherent_history_block_is_not_read_around) ... ok
company-records	Historical selected event scope and record retention	2026-10-10T07:05:04.4901436Z test_missing_event_header_is_withheld_not_a_correct_zero (tests.vnext.test_historical_event_cases.HistoricalEventCaseTest.test_missing_event_header_is_withheld_not_a_correct_zero) ... ok
company-records	Historical selected event scope and record retention	2026-10-10T07:05:04.5280837Z test_part_iii_window_clearance_does_not_admit_financial_inputs (tests.vnext.test_historical_event_cases.HistoricalEventCaseTest.test_part_iii_window_clearance_does_not_admit_financial_inputs) ... ok
company-records	Historical selected event scope and record retention	2026-10-10T07:05:04.5283470Z test_predecessor_period_reads_only_its_selected_registrant (tests.vnext.test_historical_event_cases.HistoricalEventCaseTest.test_predecessor_period_reads_only_its_selected_registrant) ... ok
company-records	Historical selected event scope and record retention	2026-10-10T07:05:04.5290358Z test_successor_keeps_wide_measurement_and_pinned_container (tests.vnext.test_historical_event_cases.HistoricalEventCaseTest.test_successor_keeps_wide_measurement_and_pinned_container) ... ok
company-records	Historical selected event scope and record retention	2026-10-10T07:05:04.5414584Z test_unknown_program_error_is_not_mislabeled_as_disclosure_absence (tests.vnext.test_historical_event_cases.HistoricalEventCaseTest.test_unknown_program_error_is_not_mislabeled_as_disclosure_absence) ... ok
company-records	Historical selected event scope and record retention	2026-10-10T07:05:04.5417370Z test_complete_body_and_gap_day_use_the_existing_coherence_rule (tests.vnext.test_historical_event_cases.HistoricalEventHistoryStrategyTest.test_complete_body_and_gap_day_use_the_existing_coherence_rule) ... ok
company-records	Historical selected event scope and record retention	2026-10-10T07:05:04.5549761Z test_source_reference_does_not_overwrite_its_raw_blob (tests.vnext.test_historical_event_cases.HistoricalEventRecordRetentionTest.test_source_reference_does_not_overwrite_its_raw_blob) ... ok
company-records	Historical selected event scope and record retention	2026-10-10T07:05:04.5551346Z 
company-records	Historical selected event scope and record retention	2026-10-10T07:05:04.5551646Z ----------------------------------------------------------------------
company-records	Historical selected event scope and record retention	2026-10-10T07:05:04.5552195Z Ran 10 tests in 0.104s
company-records	Historical selected event scope and record retention	2026-10-10T07:05:04.5552406Z 
company-records	Historical selected event scope and record retention	2026-10-10T07:05:04.5552528Z OK
company-records	Historical selected event scope and record retention	2026-10-10T07:05:04.5554402Z {"allowed_skips": 0, "errors": 0, "failures": 0, "run": 10, "skip_reasons": [], "skipped": 0, "tests": ["tests.vnext.test_historical_event_cases.HistoricalEventCaseTest", "tests.vnext.test_historical_event_cases.HistoricalEventHistoryStrategyTest", "tests.vnext.test_historical_event_cases.HistoricalEventRecordRetentionTest"]}
company-records	Explicit D01 successor and ordinary factory admission	﻿2026-10-10T07:05:04.5939589Z ##[group]Run python3 tests/required_unittests.py tests.vnext.test_d01_explicit_running_headers tests.vnext.test_historical_risk_heading_case.HistoricalRiskHeadingCaseTest
company-records	Explicit D01 successor and ordinary factory admission	2026-10-10T07:05:04.5941050Z ^[[36;1mpython3 tests/required_unittests.py tests.vnext.test_d01_explicit_running_headers tests.vnext.test_historical_risk_heading_case.HistoricalRiskHeadingCaseTest^[[0m
company-records	Explicit D01 successor and ordinary factory admission	2026-10-10T07:05:04.6003174Z shell: /usr/bin/bash -e {0}
company-records	Explicit D01 successor and ordinary factory admission	2026-10-10T07:05:04.6003612Z env:
company-records	Explicit D01 successor and ordinary factory admission	2026-10-10T07:05:04.6003881Z   pythonLocation: /opt/hostedtoolcache/Python/3.14.8/x64
company-records	Explicit D01 successor and ordinary factory admission	2026-10-10T07:05:04.6004326Z   PKG_CONFIG_PATH: /opt/hostedtoolcache/Python/3.14.8/x64/lib/pkgconfig
company-records	Explicit D01 successor and ordinary factory admission	2026-10-10T07:05:04.6004752Z   Python_ROOT_DIR: /opt/hostedtoolcache/Python/3.14.8/x64
company-records	Explicit D01 successor and ordinary factory admission	2026-10-10T07:05:04.6005121Z   Python2_ROOT_DIR: /opt/hostedtoolcache/Python/3.14.8/x64
company-records	Explicit D01 successor and ordinary factory admission	2026-10-10T07:05:04.6005503Z   Python3_ROOT_DIR: /opt/hostedtoolcache/Python/3.14.8/x64
company-records	Explicit D01 successor and ordinary factory admission	2026-10-10T07:05:04.6005899Z   LD_LIBRARY_PATH: /opt/hostedtoolcache/Python/3.14.8/x64/lib
company-records	Explicit D01 successor and ordinary factory admission	2026-10-10T07:05:04.6006271Z   PYTHONDONTWRITEBYTECODE: 1
company-records	Explicit D01 successor and ordinary factory admission	2026-10-10T07:05:04.6006510Z ##[endgroup]
company-records	Explicit D01 successor and ordinary factory admission	2026-10-10T07:05:05.0369096Z test_changed_document_and_non_boolean_policy_are_refused (tests.vnext.test_d01_explicit_running_headers.ExplicitD01HeaderTest.test_changed_document_and_non_boolean_policy_are_refused) ... ok
company-records	Explicit D01 successor and ordinary factory admission	2026-10-10T07:05:05.0690764Z test_evidence_rebuilds_the_same_explicit_selection_and_rejects_old_candidate (tests.vnext.test_d01_explicit_running_headers.ExplicitD01HeaderTest.test_evidence_rebuilds_the_same_explicit_selection_and_rejects_old_candidate) ... ok
company-records	Explicit D01 successor and ordinary factory admission	2026-10-10T07:05:05.0742081Z test_explicit_company_factory_gate_does_not_open_default_d01 (tests.vnext.test_d01_explicit_running_headers.ExplicitD01HeaderTest.test_explicit_company_factory_gate_does_not_open_default_d01) ... ok
company-records	Explicit D01 successor and ordinary factory admission	2026-10-10T07:05:05.1128647Z test_explicit_successor_excludes_complete_header_default_and_v2_unchanged (tests.vnext.test_d01_explicit_running_headers.ExplicitD01HeaderTest.test_explicit_successor_excludes_complete_header_default_and_v2_unchanged) ... ok
company-records	Explicit D01 successor and ordinary factory admission	2026-10-10T07:05:05.1204970Z test_risk_sentence_with_the_same_prefix_is_kept_and_exact_span_preserved (tests.vnext.test_d01_explicit_running_headers.ExplicitD01HeaderTest.test_risk_sentence_with_the_same_prefix_is_kept_and_exact_span_preserved) ... ok
company-records	Explicit D01 successor and ordinary factory admission	2026-10-10T07:05:05.1362156Z test_underlined_heading_survives_while_repeated_combined_headers_do_not (tests.vnext.test_d01_explicit_running_headers.ExplicitD01HeaderTest.test_underlined_heading_survives_while_repeated_combined_headers_do_not) ... ok
company-records	Explicit D01 successor and ordinary factory admission	2026-10-10T07:05:05.1382188Z test_unknown_or_wrong_metric_successor_policy_is_rejected (tests.vnext.test_d01_explicit_running_headers.ExplicitD01HeaderTest.test_unknown_or_wrong_metric_successor_policy_is_rejected) ... ok
company-records	Explicit D01 successor and ordinary factory admission	2026-10-10T07:05:05.1487160Z test_wrong_entity_period_missing_section_and_changed_raw_still_refuse (tests.vnext.test_d01_explicit_running_headers.ExplicitD01HeaderTest.test_wrong_entity_period_missing_section_and_changed_raw_still_refuse) ... ok
company-records	Explicit D01 successor and ordinary factory admission	2026-10-10T07:05:06.1499176Z test_capacity_successor_keeps_the_complete_source_set_only_above_old_count (tests.vnext.test_historical_risk_heading_case.HistoricalRiskHeadingCaseTest.test_capacity_successor_keeps_the_complete_source_set_only_above_old_count) ... ok
company-records	Explicit D01 successor and ordinary factory admission	2026-10-10T07:05:06.1502593Z test_consumed_shared_functions_are_actual_declared_processing_dependencies (tests.vnext.test_historical_risk_heading_case.HistoricalRiskHeadingCaseTest.test_consumed_shared_functions_are_actual_declared_processing_dependencies) ... ok
company-records	Explicit D01 successor and ordinary factory admission	2026-10-10T07:05:06.1532768Z test_explicit_historical_namespace_view_cannot_admit_fake_dei_uri (tests.vnext.test_historical_risk_heading_case.HistoricalRiskHeadingCaseTest.test_explicit_historical_namespace_view_cannot_admit_fake_dei_uri) ... ok
company-records	Explicit D01 successor and ordinary factory admission	2026-10-10T07:05:06.1541901Z test_original_and_resolved_annual_dates_cannot_diverge (tests.vnext.test_historical_risk_heading_case.HistoricalRiskHeadingCaseTest.test_original_and_resolved_annual_dates_cannot_diverge) ... ok
company-records	Explicit D01 successor and ordinary factory admission	2026-10-10T07:05:06.1822645Z test_shared_d01_keeps_all_emphasized_excerpts_and_source_locators (tests.vnext.test_historical_risk_heading_case.HistoricalRiskHeadingCaseTest.test_shared_d01_keeps_all_emphasized_excerpts_and_source_locators) ... ok
company-records	Explicit D01 successor and ordinary factory admission	2026-10-10T07:05:06.1945829Z test_source_and_character_failures_are_not_capacity_fallback (tests.vnext.test_historical_risk_heading_case.HistoricalRiskHeadingCaseTest.test_source_and_character_failures_are_not_capacity_fallback) ... ok
company-records	Explicit D01 successor and ordinary factory admission	2026-10-10T07:05:06.1955747Z test_unreceived_amendment_and_successor_refuse_before_source_extraction (tests.vnext.test_historical_risk_heading_case.HistoricalRiskHeadingCaseTest.test_unreceived_amendment_and_successor_refuse_before_source_extraction) ... ok
company-records	Explicit D01 successor and ordinary factory admission	2026-10-10T07:05:06.1959088Z test_unsupported_metric_does_not_prepare_an_annual_source (tests.vnext.test_historical_risk_heading_case.HistoricalRiskHeadingCaseTest.test_unsupported_metric_does_not_prepare_an_annual_source) ... ok
company-records	Explicit D01 successor and ordinary factory admission	2026-10-10T07:05:06.2051051Z test_wrong_original_entity_and_missing_item1a_do_not_create_text (tests.vnext.test_historical_risk_heading_case.HistoricalRiskHeadingCaseTest.test_wrong_original_entity_and_missing_item1a_do_not_create_text) ... ok
company-records	Explicit D01 successor and ordinary factory admission	2026-10-10T07:05:06.2052482Z 
company-records	Explicit D01 successor and ordinary factory admission	2026-10-10T07:05:06.2052866Z ----------------------------------------------------------------------
company-records	Explicit D01 successor and ordinary factory admission	2026-10-10T07:05:06.2053383Z Ran 17 tests in 1.174s
company-records	Explicit D01 successor and ordinary factory admission	2026-10-10T07:05:06.2053600Z 
company-records	Explicit D01 successor and ordinary factory admission	2026-10-10T07:05:06.2053718Z OK
company-records	Explicit D01 successor and ordinary factory admission	2026-10-10T07:05:06.2054967Z {"allowed_skips": 0, "errors": 0, "failures": 0, "run": 17, "skip_reasons": [], "skipped": 0, "tests": ["tests.vnext.test_d01_explicit_running_headers", "tests.vnext.test_historical_risk_heading_case.HistoricalRiskHeadingCaseTest"]}
company-records	Existing historical SEC count and recorded capture compatibility	﻿2026-10-10T07:05:06.2449430Z ##[group]Run python3 tests/required_unittests.py tests.vnext.test_existing_historical_sec_state tests.vnext.test_historical_sec_capture_adapter tests.vnext.test_company_online
company-records	Existing historical SEC count and recorded capture compatibility	2026-10-10T07:05:06.2451028Z ^[[36;1mpython3 tests/required_unittests.py tests.vnext.test_existing_historical_sec_state tests.vnext.test_historical_sec_capture_adapter tests.vnext.test_company_online^[[0m
company-records	Existing historical SEC count and recorded capture compatibility	2026-10-10T07:05:06.2512872Z shell: /usr/bin/bash -e {0}
company-records	Existing historical SEC count and recorded capture compatibility	2026-10-10T07:05:06.2513128Z env:
company-records	Existing historical SEC count and recorded capture compatibility	2026-10-10T07:05:06.2513394Z   pythonLocation: /opt/hostedtoolcache/Python/3.14.8/x64
company-records	Existing historical SEC count and recorded capture compatibility	2026-10-10T07:05:06.2513841Z   PKG_CONFIG_PATH: /opt/hostedtoolcache/Python/3.14.8/x64/lib/pkgconfig
company-records	Existing historical SEC count and recorded capture compatibility	2026-10-10T07:05:06.2514280Z   Python_ROOT_DIR: /opt/hostedtoolcache/Python/3.14.8/x64
company-records	Existing historical SEC count and recorded capture compatibility	2026-10-10T07:05:06.2514660Z   Python2_ROOT_DIR: /opt/hostedtoolcache/Python/3.14.8/x64
company-records	Existing historical SEC count and recorded capture compatibility	2026-10-10T07:05:06.2515053Z   Python3_ROOT_DIR: /opt/hostedtoolcache/Python/3.14.8/x64
company-records	Existing historical SEC count and recorded capture compatibility	2026-10-10T07:05:06.2515436Z   LD_LIBRARY_PATH: /opt/hostedtoolcache/Python/3.14.8/x64/lib
company-records	Existing historical SEC count and recorded capture compatibility	2026-10-10T07:05:06.2515801Z   PYTHONDONTWRITEBYTECODE: 1
company-records	Existing historical SEC count and recorded capture compatibility	2026-10-10T07:05:06.2516041Z ##[endgroup]
company-records	Existing historical SEC count and recorded capture compatibility	2026-10-10T07:05:06.5404961Z test_additive_limit_and_conservative_count_are_separate_from_binding (tests.vnext.test_existing_historical_sec_state.ExistingHistoricalSecStateTest.test_additive_limit_and_conservative_count_are_separate_from_binding) ... ok
company-records	Existing historical SEC count and recorded capture compatibility	2026-10-10T07:05:06.5441808Z test_known_failure_is_charged_and_wrong_logged_row_is_rejected (tests.vnext.test_existing_historical_sec_state.ExistingHistoricalSecStateTest.test_known_failure_is_charged_and_wrong_logged_row_is_rejected) ... ok
company-records	Existing historical SEC count and recorded capture compatibility	2026-10-10T07:05:06.5474116Z test_missing_terminal_is_counted_and_blocks (tests.vnext.test_existing_historical_sec_state.ExistingHistoricalSecStateTest.test_missing_terminal_is_counted_and_blocks) ... ok
company-records	Existing historical SEC count and recorded capture compatibility	2026-10-10T07:05:06.5508279Z test_unknown_outcome_is_not_free_or_resolved (tests.vnext.test_existing_historical_sec_state.ExistingHistoricalSecStateTest.test_unknown_outcome_is_not_free_or_resolved) ... ok
company-records	Existing historical SEC count and recorded capture compatibility	2026-10-10T07:05:06.5553077Z test_wrong_intent_binding_or_extension_prefix_is_rejected (tests.vnext.test_existing_historical_sec_state.ExistingHistoricalSecStateTest.test_wrong_intent_binding_or_extension_prefix_is_rejected) ... ok
company-records	Existing historical SEC count and recorded capture compatibility	2026-10-10T07:05:06.5786620Z test_new_403_is_persisted_as_a_stop (tests.vnext.test_historical_sec_capture_adapter.HistoricalSecCaptureAdapterTest.test_new_403_is_persisted_as_a_stop) ... SEC retry exhausted for https://data.sec.gov/submissions/CIK0001048286-attachments-001.json; status=403; error=
company-records	Existing historical SEC count and recorded capture compatibility	2026-10-10T07:05:06.5890666Z ok
company-records	Existing historical SEC count and recorded capture compatibility	2026-10-10T07:05:07.5894343Z test_original_historical_context_without_closure_hash_can_capture (tests.vnext.test_historical_sec_capture_adapter.HistoricalSecCaptureAdapterTest.test_original_historical_context_without_closure_hash_can_capture) ... ok
company-records	Existing historical SEC count and recorded capture compatibility	2026-10-10T07:05:07.6048426Z test_plan_interrupt_consumes_opportunity_without_http_or_fake_terminal (tests.vnext.test_historical_sec_capture_adapter.HistoricalSecCaptureAdapterTest.test_plan_interrupt_consumes_opportunity_without_http_or_fake_terminal) ... ok
company-records	Existing historical SEC count and recorded capture compatibility	2026-10-10T07:05:08.6069231Z test_recorded_capture_preserves_prior_rows_and_uses_next_old_format_slot (tests.vnext.test_historical_sec_capture_adapter.HistoricalSecCaptureAdapterTest.test_recorded_capture_preserves_prior_rows_and_uses_next_old_format_slot) ... ok
company-records	Existing historical SEC count and recorded capture compatibility	2026-10-10T07:05:08.6138318Z test_unclaimed_new_log_row_is_not_treated_as_old_imported_history (tests.vnext.test_historical_sec_capture_adapter.HistoricalSecCaptureAdapterTest.test_unclaimed_new_log_row_is_not_treated_as_old_imported_history) ... ok
company-records	Existing historical SEC count and recorded capture compatibility	2026-10-10T07:05:09.5859161Z test_unknown_and_new_rate_refusal_remain_charged_and_stopped (tests.vnext.test_historical_sec_capture_adapter.HistoricalSecCaptureAdapterTest.test_unknown_and_new_rate_refusal_remain_charged_and_stopped) ... ok
company-records	Existing historical SEC count and recorded capture compatibility	2026-10-10T07:05:09.5965395Z test_wrong_url_root_refresh_and_limit_refuse_before_transport (tests.vnext.test_historical_sec_capture_adapter.HistoricalSecCaptureAdapterTest.test_wrong_url_root_refresh_and_limit_refuse_before_transport) ... ok
company-records	Existing historical SEC count and recorded capture compatibility	2026-10-10T07:05:09.6086021Z test_latest_does_not_silently_ignore_supplied_years (tests.vnext.test_company_online.CompanyCliPeriodRoutingTest.test_latest_does_not_silently_ignore_supplied_years) ... ok
company-records	Existing historical SEC count and recorded capture compatibility	2026-10-10T07:05:09.6112791Z test_latest_saved_source_also_rejects_ignored_year_arguments (tests.vnext.test_company_online.CompanyCliPeriodRoutingTest.test_latest_saved_source_also_rejects_ignored_year_arguments) ... ok
company-records	Existing historical SEC count and recorded capture compatibility	2026-10-10T07:05:09.6140965Z test_online_historical_range_rejected_before_context_or_writer (tests.vnext.test_company_online.CompanyCliPeriodRoutingTest.test_online_historical_range_rejected_before_context_or_writer) ... ok
company-records	Existing historical SEC count and recorded capture compatibility	2026-10-10T07:05:09.6170759Z test_saved_history_range_forwarded_to_existing_public_consumer (tests.vnext.test_company_online.CompanyCliPeriodRoutingTest.test_saved_history_range_forwarded_to_existing_public_consumer) ... ok
company-records	Existing historical SEC count and recorded capture compatibility	2026-10-10T07:05:09.6196107Z test_supported_current_online_dispatch_unchanged (tests.vnext.test_company_online.CompanyCliPeriodRoutingTest.test_supported_current_online_dispatch_unchanged) ... ok
company-records	Existing historical SEC count and recorded capture compatibility	2026-10-10T07:05:09.6716194Z test_claim_is_reported_pending_before_plan_persistence (tests.vnext.test_company_online.CompanyOnlineTest.test_claim_is_reported_pending_before_plan_persistence) ... ok
company-records	Existing historical SEC count and recorded capture compatibility	2026-10-10T07:05:09.6766558Z test_existing_real_ledger_never_created (tests.vnext.test_company_online.CompanyOnlineTest.test_existing_real_ledger_never_created) ... ok
company-records	Existing historical SEC count and recorded capture compatibility	2026-10-10T07:05:10.5915808Z test_new_task_source_directory_does_not_reset_immutable_capture (tests.vnext.test_company_online.CompanyOnlineTest.test_new_task_source_directory_does_not_reset_immutable_capture) ... ok
company-records	Existing historical SEC count and recorded capture compatibility	2026-10-10T07:05:11.5896636Z test_one_native_http_attempt_uses_existing_count_and_no_retry (tests.vnext.test_company_online.CompanyOnlineTest.test_one_native_http_attempt_uses_existing_count_and_no_retry) ... ok
company-records	Existing historical SEC count and recorded capture compatibility	2026-10-10T07:05:11.5978644Z test_persistence_interrupt_leaves_counted_pending_no_second_transport (tests.vnext.test_company_online.CompanyOnlineTest.test_persistence_interrupt_leaves_counted_pending_no_second_transport) ... ok
company-records	Existing historical SEC count and recorded capture compatibility	2026-10-10T07:05:11.6039799Z test_prior_metadata_missing_does_not_prevent_current_sources (tests.vnext.test_company_online.CompanyOnlineTest.test_prior_metadata_missing_does_not_prevent_current_sources) ... ok
company-records	Existing historical SEC count and recorded capture compatibility	2026-10-10T07:05:11.6101381Z test_recorded_context_without_replies_cannot_use_network (tests.vnext.test_company_online.CompanyOnlineTest.test_recorded_context_without_replies_cannot_use_network) ... ok
company-records	Existing historical SEC count and recorded capture compatibility	2026-10-10T07:05:11.6154585Z test_scope_or_limits_cannot_be_changed_by_call_context (tests.vnext.test_company_online.CompanyOnlineTest.test_scope_or_limits_cannot_be_changed_by_call_context) ... ok
company-records	Existing historical SEC count and recorded capture compatibility	2026-10-10T07:05:12.5817096Z test_unknown_remote_blocks_next_claim_and_is_not_zero (tests.vnext.test_company_online.CompanyOnlineTest.test_unknown_remote_blocks_next_claim_and_is_not_zero) ... ok
company-records	Existing historical SEC count and recorded capture compatibility	2026-10-10T07:05:12.5868093Z test_unsupported_metric_rejected_before_sources_or_claim (tests.vnext.test_company_online.CompanyOnlineTest.test_unsupported_metric_rejected_before_sources_or_claim) ... ok
company-records	Existing historical SEC count and recorded capture compatibility	2026-10-10T07:05:12.5869338Z 
company-records	Existing historical SEC count and recorded capture compatibility	2026-10-10T07:05:12.5869604Z ----------------------------------------------------------------------
company-records	Existing historical SEC count and recorded capture compatibility	2026-10-10T07:05:12.5870330Z Ran 27 tests in 6.051s
company-records	Existing historical SEC count and recorded capture compatibility	2026-10-10T07:05:12.5870494Z 
company-records	Existing historical SEC count and recorded capture compatibility	2026-10-10T07:05:12.5870584Z OK
company-records	Existing historical SEC count and recorded capture compatibility	2026-10-10T07:05:12.5871536Z {"allowed_skips": 0, "errors": 0, "failures": 0, "run": 27, "skip_reasons": [], "skipped": 0, "tests": ["tests.vnext.test_existing_historical_sec_state", "tests.vnext.test_historical_sec_capture_adapter", "tests.vnext.test_company_online"]}
company-records	Post Run actions/setup-python@a309ff8b426b58ec0e2a45f0f869d46889d02405	﻿2026-10-10T07:05:12.6332124Z Post job cleanup.
company-records	Post Run actions/checkout@de0fac2e4500dabe0009e67214ff5f5447ce83dd	﻿2026-10-10T07:05:12.7749233Z Post job cleanup.
company-records	Post Run actions/checkout@de0fac2e4500dabe0009e67214ff5f5447ce83dd	2026-10-10T07:05:12.8640474Z [command]/usr/bin/git version
company-records	Post Run actions/checkout@de0fac2e4500dabe0009e67214ff5f5447ce83dd	2026-10-10T07:05:12.8685806Z git version 2.55.0
company-records	Post Run actions/checkout@de0fac2e4500dabe0009e67214ff5f5447ce83dd	2026-10-10T07:05:12.8727781Z Temporarily overriding HOME='/home/runner/work/_temp/2e9fed48-d423-4b9f-b96f-01b2b985a76e' before making global git config changes
company-records	Post Run actions/checkout@de0fac2e4500dabe0009e67214ff5f5447ce83dd	2026-10-10T07:05:12.8729119Z Adding repository directory to the temporary git global config as a safe directory
company-records	Post Run actions/checkout@de0fac2e4500dabe0009e67214ff5f5447ce83dd	2026-10-10T07:05:12.8735096Z [command]/usr/bin/git config --global --add safe.directory /home/runner/work/SEC_metrics/SEC_metrics
company-records	Post Run actions/checkout@de0fac2e4500dabe0009e67214ff5f5447ce83dd	2026-10-10T07:05:12.8771159Z Removing SSH command configuration
company-records	Post Run actions/checkout@de0fac2e4500dabe0009e67214ff5f5447ce83dd	2026-10-10T07:05:12.8778797Z [command]/usr/bin/git config --local --name-only --get-regexp core\.sshCommand
company-records	Post Run actions/checkout@de0fac2e4500dabe0009e67214ff5f5447ce83dd	2026-10-10T07:05:12.8823640Z [command]/usr/bin/git submodule foreach --recursive sh -c "git config --local --name-only --get-regexp 'core\.sshCommand' && git config --local --unset-all 'core.sshCommand' || :"
company-records	Post Run actions/checkout@de0fac2e4500dabe0009e67214ff5f5447ce83dd	2026-10-10T07:05:12.9102992Z Removing HTTP extra header
company-records	Post Run actions/checkout@de0fac2e4500dabe0009e67214ff5f5447ce83dd	2026-10-10T07:05:12.9109225Z [command]/usr/bin/git config --local --name-only --get-regexp http\.https\:\/\/github\.com\/\.extraheader
company-records	Post Run actions/checkout@de0fac2e4500dabe0009e67214ff5f5447ce83dd	2026-10-10T07:05:12.9152252Z [command]/usr/bin/git submodule foreach --recursive sh -c "git config --local --name-only --get-regexp 'http\.https\:\/\/github\.com\/\.extraheader' && git config --local --unset-all 'http.https://github.com/.extraheader' || :"
company-records	Post Run actions/checkout@de0fac2e4500dabe0009e67214ff5f5447ce83dd	2026-10-10T07:05:12.9447240Z Removing includeIf entries pointing to credentials config files
company-records	Post Run actions/checkout@de0fac2e4500dabe0009e67214ff5f5447ce83dd	2026-10-10T07:05:12.9454477Z [command]/usr/bin/git config --local --name-only --get-regexp ^includeIf\.gitdir:
company-records	Post Run actions/checkout@de0fac2e4500dabe0009e67214ff5f5447ce83dd	2026-10-10T07:05:12.9499789Z [command]/usr/bin/git submodule foreach --recursive git config --local --show-origin --name-only --get-regexp remote.origin.url
company-records	Complete job	﻿2026-10-10T07:05:12.9919356Z Cleaning up orphan processes
company-current	Set up job	﻿2026-10-10T07:05:18.1605488Z Current runner version: '2.337.0'
company-current	Set up job	2026-10-10T07:05:18.1626645Z ##[group]Runner Image Provisioner
company-current	Set up job	2026-10-10T07:05:18.1627265Z Hosted Compute Agent
company-current	Set up job	2026-10-10T07:05:18.1627735Z Version: 20261002.596
company-current	Set up job	2026-10-10T07:05:18.1628129Z Commit: c3d12f3313a95f25162a1503be624f3b0617f8c0
company-current	Set up job	2026-10-10T07:05:18.1628560Z Build Date: 2026-10-02T22:28:27Z
company-current	Set up job	2026-10-10T07:05:18.1629049Z Worker ID: {f1207a05-fab2-4f88-88b0-7a07503f84e2}
company-current	Set up job	2026-10-10T07:05:18.1629478Z Region: centralus
company-current	Set up job	2026-10-10T07:05:18.1629866Z Cloud: Azure
company-current	Set up job	2026-10-10T07:05:18.1630206Z ##[endgroup]
company-current	Set up job	2026-10-10T07:05:18.1631204Z ##[group]Operating System
company-current	Set up job	2026-10-10T07:05:18.1631652Z Ubuntu
company-current	Set up job	2026-10-10T07:05:18.1632000Z 24.04.5
company-current	Set up job	2026-10-10T07:05:18.1632459Z LTS
company-current	Set up job	2026-10-10T07:05:18.1632796Z ##[endgroup]
company-current	Set up job	2026-10-10T07:05:18.1633140Z ##[group]Runner Image
company-current	Set up job	2026-10-10T07:05:18.1633542Z Image: ubuntu-24.04
company-current	Set up job	2026-10-10T07:05:18.1633896Z Version: 20261004.327.1
company-current	Set up job	2026-10-10T07:05:18.1634572Z Included Software: https://github.com/actions/runner-images/blob/ubuntu24/20261004.327/images/ubuntu/Ubuntu2404-Readme.md
company-current	Set up job	2026-10-10T07:05:18.1635721Z Image Release: https://github.com/actions/runner-images/releases/tag/ubuntu24%2F20261004.327
company-current	Set up job	2026-10-10T07:05:18.1636361Z ##[endgroup]
company-current	Set up job	2026-10-10T07:05:18.1637090Z ##[group]GITHUB_TOKEN Permissions
company-current	Set up job	2026-10-10T07:05:18.1638600Z Contents: read
company-current	Set up job	2026-10-10T07:05:18.1638974Z Metadata: read
company-current	Set up job	2026-10-10T07:05:18.1639308Z ##[endgroup]
company-current	Set up job	2026-10-10T07:05:18.1640885Z Secret source: Actions
company-current	Set up job	2026-10-10T07:05:18.1641458Z Cache mode: write
company-current	Set up job	2026-10-10T07:05:18.1642322Z Prepare workflow directory
company-current	Set up job	2026-10-10T07:05:18.1899009Z Prepare all required actions
company-current	Set up job	2026-10-10T07:05:18.1966403Z Complete job name: company-current
company-current	Require both company records and source contracts	﻿2026-10-10T07:05:18.2615845Z ##[group]Run set -e
company-current	Require both company records and source contracts	2026-10-10T07:05:18.2616515Z ^[[36;1mset -e^[[0m
company-current	Require both company records and source contracts	2026-10-10T07:05:18.2617028Z ^[[36;1mtest "$COMPANY_RESULT" = success^[[0m
company-current	Require both company records and source contracts	2026-10-10T07:05:18.2617988Z ^[[36;1mtest "$SOURCE_RESULT" = success^[[0m
company-current	Require both company records and source contracts	2026-10-10T07:05:18.3330406Z shell: /usr/bin/bash -e {0}
company-current	Require both company records and source contracts	2026-10-10T07:05:18.3331201Z env:
company-current	Require both company records and source contracts	2026-10-10T07:05:18.3331665Z   COMPANY_RESULT: success
company-current	Require both company records and source contracts	2026-10-10T07:05:18.3332249Z   SOURCE_RESULT: success
company-current	Require both company records and source contracts	2026-10-10T07:05:18.3332661Z ##[endgroup]
company-current	Complete job	﻿2026-10-10T07:05:18.3705159Z Cleaning up orphan processes
