company-current	Set up job	﻿2026-10-10T06:37:15.4674940Z Current runner version: '2.337.0'
company-current	Set up job	2026-10-10T06:37:15.4708638Z ##[group]Runner Image Provisioner
company-current	Set up job	2026-10-10T06:37:15.4709943Z Hosted Compute Agent
company-current	Set up job	2026-10-10T06:37:15.4711092Z Version: 20261002.596
company-current	Set up job	2026-10-10T06:37:15.4712281Z Commit: c3d12f3313a95f25162a1503be624f3b0617f8c0
company-current	Set up job	2026-10-10T06:37:15.4713754Z Build Date: 2026-10-02T22:28:27Z
company-current	Set up job	2026-10-10T06:37:15.4715025Z Worker ID: {faa8b27f-81aa-4cd1-8f84-d647370635f0}
company-current	Set up job	2026-10-10T06:37:15.4716548Z Region: southcentralus
company-current	Set up job	2026-10-10T06:37:15.4717758Z Cloud: Azure
company-current	Set up job	2026-10-10T06:37:15.4718726Z ##[endgroup]
company-current	Set up job	2026-10-10T06:37:15.4721039Z ##[group]Operating System
company-current	Set up job	2026-10-10T06:37:15.4722199Z Ubuntu
company-current	Set up job	2026-10-10T06:37:15.4723178Z 24.04.5
company-current	Set up job	2026-10-10T06:37:15.4724185Z LTS
company-current	Set up job	2026-10-10T06:37:15.4725094Z ##[endgroup]
company-current	Set up job	2026-10-10T06:37:15.4726432Z ##[group]Runner Image
company-current	Set up job	2026-10-10T06:37:15.4727531Z Image: ubuntu-24.04
company-current	Set up job	2026-10-10T06:37:15.4728540Z Version: 20261004.327.1
company-current	Set up job	2026-10-10T06:37:15.4730651Z Included Software: https://github.com/actions/runner-images/blob/ubuntu24/20261004.327/images/ubuntu/Ubuntu2404-Readme.md
company-current	Set up job	2026-10-10T06:37:15.4733888Z Image Release: https://github.com/actions/runner-images/releases/tag/ubuntu24%2F20261004.327
company-current	Set up job	2026-10-10T06:37:15.4735590Z ##[endgroup]
company-current	Set up job	2026-10-10T06:37:15.4737803Z ##[group]GITHUB_TOKEN Permissions
company-current	Set up job	2026-10-10T06:37:15.4740870Z Contents: read
company-current	Set up job	2026-10-10T06:37:15.4741909Z Metadata: read
company-current	Set up job	2026-10-10T06:37:15.4743013Z ##[endgroup]
company-current	Set up job	2026-10-10T06:37:15.4745853Z Secret source: Actions
company-current	Set up job	2026-10-10T06:37:15.4747997Z Cache mode: write
company-current	Set up job	2026-10-10T06:37:15.4749331Z Prepare workflow directory
company-current	Set up job	2026-10-10T06:37:15.5113694Z Prepare all required actions
company-current	Set up job	2026-10-10T06:37:15.5174803Z Getting action download info
company-current	Set up job	2026-10-10T06:37:15.8068098Z Download action repository 'actions/checkout@de0fac2e4500dabe0009e67214ff5f5447ce83dd' (SHA:de0fac2e4500dabe0009e67214ff5f5447ce83dd)
company-current	Set up job	2026-10-10T06:37:15.9113266Z Download action repository 'actions/setup-python@a309ff8b426b58ec0e2a45f0f869d46889d02405' (SHA:a309ff8b426b58ec0e2a45f0f869d46889d02405)
company-current	Set up job	2026-10-10T06:37:16.1114922Z Complete job name: company-current
company-current	Run actions/checkout@de0fac2e4500dabe0009e67214ff5f5447ce83dd	﻿2026-10-10T06:37:16.1930062Z ##[group]Run actions/checkout@de0fac2e4500dabe0009e67214ff5f5447ce83dd
company-current	Run actions/checkout@de0fac2e4500dabe0009e67214ff5f5447ce83dd	2026-10-10T06:37:16.1931171Z with:
company-current	Run actions/checkout@de0fac2e4500dabe0009e67214ff5f5447ce83dd	2026-10-10T06:37:16.1931608Z   persist-credentials: false
company-current	Run actions/checkout@de0fac2e4500dabe0009e67214ff5f5447ce83dd	2026-10-10T06:37:16.1932131Z   repository: wlvh/SEC_metrics
company-current	Run actions/checkout@de0fac2e4500dabe0009e67214ff5f5447ce83dd	2026-10-10T06:37:16.1936256Z   token: ***
company-current	Run actions/checkout@de0fac2e4500dabe0009e67214ff5f5447ce83dd	2026-10-10T06:37:16.1936688Z   ssh-strict: true
company-current	Run actions/checkout@de0fac2e4500dabe0009e67214ff5f5447ce83dd	2026-10-10T06:37:16.1937103Z   ssh-user: git
company-current	Run actions/checkout@de0fac2e4500dabe0009e67214ff5f5447ce83dd	2026-10-10T06:37:16.1937506Z   clean: true
company-current	Run actions/checkout@de0fac2e4500dabe0009e67214ff5f5447ce83dd	2026-10-10T06:37:16.1937933Z   sparse-checkout-cone-mode: true
company-current	Run actions/checkout@de0fac2e4500dabe0009e67214ff5f5447ce83dd	2026-10-10T06:37:16.1938444Z   fetch-depth: 1
company-current	Run actions/checkout@de0fac2e4500dabe0009e67214ff5f5447ce83dd	2026-10-10T06:37:16.1938864Z   fetch-tags: false
company-current	Run actions/checkout@de0fac2e4500dabe0009e67214ff5f5447ce83dd	2026-10-10T06:37:16.1939286Z   show-progress: true
company-current	Run actions/checkout@de0fac2e4500dabe0009e67214ff5f5447ce83dd	2026-10-10T06:37:16.1939713Z   lfs: false
company-current	Run actions/checkout@de0fac2e4500dabe0009e67214ff5f5447ce83dd	2026-10-10T06:37:16.1940104Z   submodules: false
company-current	Run actions/checkout@de0fac2e4500dabe0009e67214ff5f5447ce83dd	2026-10-10T06:37:16.1940530Z   set-safe-directory: true
company-current	Run actions/checkout@de0fac2e4500dabe0009e67214ff5f5447ce83dd	2026-10-10T06:37:16.1941262Z ##[endgroup]
company-current	Run actions/checkout@de0fac2e4500dabe0009e67214ff5f5447ce83dd	2026-10-10T06:37:16.3002083Z Syncing repository: wlvh/SEC_metrics
company-current	Run actions/checkout@de0fac2e4500dabe0009e67214ff5f5447ce83dd	2026-10-10T06:37:16.3005084Z ##[group]Getting Git version info
company-current	Run actions/checkout@de0fac2e4500dabe0009e67214ff5f5447ce83dd	2026-10-10T06:37:16.3006257Z Working directory is '/home/runner/work/SEC_metrics/SEC_metrics'
company-current	Run actions/checkout@de0fac2e4500dabe0009e67214ff5f5447ce83dd	2026-10-10T06:37:16.3007654Z [command]/usr/bin/git version
company-current	Run actions/checkout@de0fac2e4500dabe0009e67214ff5f5447ce83dd	2026-10-10T06:37:16.3092135Z git version 2.55.0
company-current	Run actions/checkout@de0fac2e4500dabe0009e67214ff5f5447ce83dd	2026-10-10T06:37:16.3127751Z ##[endgroup]
company-current	Run actions/checkout@de0fac2e4500dabe0009e67214ff5f5447ce83dd	2026-10-10T06:37:16.3141053Z Temporarily overriding HOME='/home/runner/work/_temp/01945c22-af4c-4725-9788-25a595bc4223' before making global git config changes
company-current	Run actions/checkout@de0fac2e4500dabe0009e67214ff5f5447ce83dd	2026-10-10T06:37:16.3143985Z Adding repository directory to the temporary git global config as a safe directory
company-current	Run actions/checkout@de0fac2e4500dabe0009e67214ff5f5447ce83dd	2026-10-10T06:37:16.3147710Z [command]/usr/bin/git config --global --add safe.directory /home/runner/work/SEC_metrics/SEC_metrics
company-current	Run actions/checkout@de0fac2e4500dabe0009e67214ff5f5447ce83dd	2026-10-10T06:37:16.3198594Z Deleting the contents of '/home/runner/work/SEC_metrics/SEC_metrics'
company-current	Run actions/checkout@de0fac2e4500dabe0009e67214ff5f5447ce83dd	2026-10-10T06:37:16.3202520Z ##[group]Initializing the repository
company-current	Run actions/checkout@de0fac2e4500dabe0009e67214ff5f5447ce83dd	2026-10-10T06:37:16.3207457Z [command]/usr/bin/git init /home/runner/work/SEC_metrics/SEC_metrics
company-current	Run actions/checkout@de0fac2e4500dabe0009e67214ff5f5447ce83dd	2026-10-10T06:37:16.3311175Z hint: Using 'master' as the name for the initial branch. This default branch name
company-current	Run actions/checkout@de0fac2e4500dabe0009e67214ff5f5447ce83dd	2026-10-10T06:37:16.3313182Z hint: will change to "main" in Git 3.0. To configure the initial branch name
company-current	Run actions/checkout@de0fac2e4500dabe0009e67214ff5f5447ce83dd	2026-10-10T06:37:16.3315346Z hint: to use in all of your new repositories, which will suppress this warning,
company-current	Run actions/checkout@de0fac2e4500dabe0009e67214ff5f5447ce83dd	2026-10-10T06:37:16.3316998Z hint: call:
company-current	Run actions/checkout@de0fac2e4500dabe0009e67214ff5f5447ce83dd	2026-10-10T06:37:16.3317848Z hint:
company-current	Run actions/checkout@de0fac2e4500dabe0009e67214ff5f5447ce83dd	2026-10-10T06:37:16.3318836Z hint: 	git config --global init.defaultBranch <name>
company-current	Run actions/checkout@de0fac2e4500dabe0009e67214ff5f5447ce83dd	2026-10-10T06:37:16.3320012Z hint:
company-current	Run actions/checkout@de0fac2e4500dabe0009e67214ff5f5447ce83dd	2026-10-10T06:37:16.3321129Z hint: Names commonly chosen instead of 'master' are 'main', 'trunk' and
company-current	Run actions/checkout@de0fac2e4500dabe0009e67214ff5f5447ce83dd	2026-10-10T06:37:16.3322838Z hint: 'development'. The just-created branch can be renamed via this command:
company-current	Run actions/checkout@de0fac2e4500dabe0009e67214ff5f5447ce83dd	2026-10-10T06:37:16.3324241Z hint:
company-current	Run actions/checkout@de0fac2e4500dabe0009e67214ff5f5447ce83dd	2026-10-10T06:37:16.3325079Z hint: 	git branch -m <name>
company-current	Run actions/checkout@de0fac2e4500dabe0009e67214ff5f5447ce83dd	2026-10-10T06:37:16.3326236Z hint:
company-current	Run actions/checkout@de0fac2e4500dabe0009e67214ff5f5447ce83dd	2026-10-10T06:37:16.3327597Z hint: Disable this message with "git config set advice.defaultBranchName false"
company-current	Run actions/checkout@de0fac2e4500dabe0009e67214ff5f5447ce83dd	2026-10-10T06:37:16.3329562Z Initialized empty Git repository in /home/runner/work/SEC_metrics/SEC_metrics/.git/
company-current	Run actions/checkout@de0fac2e4500dabe0009e67214ff5f5447ce83dd	2026-10-10T06:37:16.3333075Z [command]/usr/bin/git remote add origin https://github.com/wlvh/SEC_metrics
company-current	Run actions/checkout@de0fac2e4500dabe0009e67214ff5f5447ce83dd	2026-10-10T06:37:16.3392832Z ##[endgroup]
company-current	Run actions/checkout@de0fac2e4500dabe0009e67214ff5f5447ce83dd	2026-10-10T06:37:16.3394198Z ##[group]Disabling automatic garbage collection
company-current	Run actions/checkout@de0fac2e4500dabe0009e67214ff5f5447ce83dd	2026-10-10T06:37:16.3397637Z [command]/usr/bin/git config --local gc.auto 0
company-current	Run actions/checkout@de0fac2e4500dabe0009e67214ff5f5447ce83dd	2026-10-10T06:37:16.3430476Z ##[endgroup]
company-current	Run actions/checkout@de0fac2e4500dabe0009e67214ff5f5447ce83dd	2026-10-10T06:37:16.3431860Z ##[group]Setting up auth
company-current	Run actions/checkout@de0fac2e4500dabe0009e67214ff5f5447ce83dd	2026-10-10T06:37:16.3432858Z Removing SSH command configuration
company-current	Run actions/checkout@de0fac2e4500dabe0009e67214ff5f5447ce83dd	2026-10-10T06:37:16.3439094Z [command]/usr/bin/git config --local --name-only --get-regexp core\.sshCommand
company-current	Run actions/checkout@de0fac2e4500dabe0009e67214ff5f5447ce83dd	2026-10-10T06:37:16.3476984Z [command]/usr/bin/git submodule foreach --recursive sh -c "git config --local --name-only --get-regexp 'core\.sshCommand' && git config --local --unset-all 'core.sshCommand' || :"
company-current	Run actions/checkout@de0fac2e4500dabe0009e67214ff5f5447ce83dd	2026-10-10T06:37:16.3845658Z Removing HTTP extra header
company-current	Run actions/checkout@de0fac2e4500dabe0009e67214ff5f5447ce83dd	2026-10-10T06:37:16.3854426Z [command]/usr/bin/git config --local --name-only --get-regexp http\.https\:\/\/github\.com\/\.extraheader
company-current	Run actions/checkout@de0fac2e4500dabe0009e67214ff5f5447ce83dd	2026-10-10T06:37:16.3893911Z [command]/usr/bin/git submodule foreach --recursive sh -c "git config --local --name-only --get-regexp 'http\.https\:\/\/github\.com\/\.extraheader' && git config --local --unset-all 'http.https://github.com/.extraheader' || :"
company-current	Run actions/checkout@de0fac2e4500dabe0009e67214ff5f5447ce83dd	2026-10-10T06:37:16.4113878Z Removing includeIf entries pointing to credentials config files
company-current	Run actions/checkout@de0fac2e4500dabe0009e67214ff5f5447ce83dd	2026-10-10T06:37:16.4120557Z [command]/usr/bin/git config --local --name-only --get-regexp ^includeIf\.gitdir:
company-current	Run actions/checkout@de0fac2e4500dabe0009e67214ff5f5447ce83dd	2026-10-10T06:37:16.4155170Z [command]/usr/bin/git submodule foreach --recursive git config --local --show-origin --name-only --get-regexp remote.origin.url
company-current	Run actions/checkout@de0fac2e4500dabe0009e67214ff5f5447ce83dd	2026-10-10T06:37:16.4387708Z [command]/usr/bin/git config --file /home/runner/work/_temp/git-credentials-fc1c43a8-eeb9-4ef7-a14e-bd6865f5264c.config http.https://github.com/.extraheader AUTHORIZATION: basic ***
company-current	Run actions/checkout@de0fac2e4500dabe0009e67214ff5f5447ce83dd	2026-10-10T06:37:16.4431057Z [command]/usr/bin/git config --local includeIf.gitdir:/home/runner/work/SEC_metrics/SEC_metrics/.git.path /home/runner/work/_temp/git-credentials-fc1c43a8-eeb9-4ef7-a14e-bd6865f5264c.config
company-current	Run actions/checkout@de0fac2e4500dabe0009e67214ff5f5447ce83dd	2026-10-10T06:37:16.4467269Z [command]/usr/bin/git config --local includeIf.gitdir:/home/runner/work/SEC_metrics/SEC_metrics/.git/worktrees/*.path /home/runner/work/_temp/git-credentials-fc1c43a8-eeb9-4ef7-a14e-bd6865f5264c.config
company-current	Run actions/checkout@de0fac2e4500dabe0009e67214ff5f5447ce83dd	2026-10-10T06:37:16.4506966Z [command]/usr/bin/git config --local includeIf.gitdir:/github/workspace/.git.path /github/runner_temp/git-credentials-fc1c43a8-eeb9-4ef7-a14e-bd6865f5264c.config
company-current	Run actions/checkout@de0fac2e4500dabe0009e67214ff5f5447ce83dd	2026-10-10T06:37:16.4543737Z [command]/usr/bin/git config --local includeIf.gitdir:/github/workspace/.git/worktrees/*.path /github/runner_temp/git-credentials-fc1c43a8-eeb9-4ef7-a14e-bd6865f5264c.config
company-current	Run actions/checkout@de0fac2e4500dabe0009e67214ff5f5447ce83dd	2026-10-10T06:37:16.4574496Z ##[endgroup]
company-current	Run actions/checkout@de0fac2e4500dabe0009e67214ff5f5447ce83dd	2026-10-10T06:37:16.4575436Z ##[group]Fetching the repository
company-current	Run actions/checkout@de0fac2e4500dabe0009e67214ff5f5447ce83dd	2026-10-10T06:37:16.4583236Z [command]/usr/bin/git -c protocol.version=2 fetch --no-tags --prune --no-recurse-submodules --depth=1 origin +93a031e10705a95be35bb9bfb942fae3938c4443:refs/remotes/pull/133/merge
company-current	Run actions/checkout@de0fac2e4500dabe0009e67214ff5f5447ce83dd	2026-10-10T06:37:25.1150882Z From https://github.com/wlvh/SEC_metrics
company-current	Run actions/checkout@de0fac2e4500dabe0009e67214ff5f5447ce83dd	2026-10-10T06:37:25.1152886Z  * [new ref]         93a031e10705a95be35bb9bfb942fae3938c4443 -> pull/133/merge
company-current	Run actions/checkout@de0fac2e4500dabe0009e67214ff5f5447ce83dd	2026-10-10T06:37:25.1158622Z ##[endgroup]
company-current	Run actions/checkout@de0fac2e4500dabe0009e67214ff5f5447ce83dd	2026-10-10T06:37:25.1160796Z ##[group]Determining the checkout info
company-current	Run actions/checkout@de0fac2e4500dabe0009e67214ff5f5447ce83dd	2026-10-10T06:37:25.1162654Z ##[endgroup]
company-current	Run actions/checkout@de0fac2e4500dabe0009e67214ff5f5447ce83dd	2026-10-10T06:37:25.1166940Z [command]/usr/bin/git sparse-checkout disable
company-current	Run actions/checkout@de0fac2e4500dabe0009e67214ff5f5447ce83dd	2026-10-10T06:37:25.1228068Z [command]/usr/bin/git config --local --unset-all extensions.worktreeConfig
company-current	Run actions/checkout@de0fac2e4500dabe0009e67214ff5f5447ce83dd	2026-10-10T06:37:25.1262891Z ##[group]Checking out the ref
company-current	Run actions/checkout@de0fac2e4500dabe0009e67214ff5f5447ce83dd	2026-10-10T06:37:25.1266273Z [command]/usr/bin/git checkout --progress --force refs/remotes/pull/133/merge
company-current	Run actions/checkout@de0fac2e4500dabe0009e67214ff5f5447ce83dd	2026-10-10T06:37:26.2410204Z Updating files:  63% (5800/9124)
company-current	Run actions/checkout@de0fac2e4500dabe0009e67214ff5f5447ce83dd	2026-10-10T06:37:26.2980868Z Updating files:  64% (5840/9124)
company-current	Run actions/checkout@de0fac2e4500dabe0009e67214ff5f5447ce83dd	2026-10-10T06:37:26.5007585Z Updating files:  65% (5931/9124)
company-current	Run actions/checkout@de0fac2e4500dabe0009e67214ff5f5447ce83dd	2026-10-10T06:37:26.5869703Z Updating files:  66% (6022/9124)
company-current	Run actions/checkout@de0fac2e4500dabe0009e67214ff5f5447ce83dd	2026-10-10T06:37:26.6249300Z Updating files:  67% (6114/9124)
company-current	Run actions/checkout@de0fac2e4500dabe0009e67214ff5f5447ce83dd	2026-10-10T06:37:26.6549857Z Updating files:  68% (6205/9124)
company-current	Run actions/checkout@de0fac2e4500dabe0009e67214ff5f5447ce83dd	2026-10-10T06:37:26.8199262Z Updating files:  69% (6296/9124)
company-current	Run actions/checkout@de0fac2e4500dabe0009e67214ff5f5447ce83dd	2026-10-10T06:37:26.8814857Z Updating files:  70% (6387/9124)
company-current	Run actions/checkout@de0fac2e4500dabe0009e67214ff5f5447ce83dd	2026-10-10T06:37:26.8979651Z Updating files:  71% (6479/9124)
company-current	Run actions/checkout@de0fac2e4500dabe0009e67214ff5f5447ce83dd	2026-10-10T06:37:26.9122320Z Updating files:  72% (6570/9124)
company-current	Run actions/checkout@de0fac2e4500dabe0009e67214ff5f5447ce83dd	2026-10-10T06:37:26.9274697Z Updating files:  73% (6661/9124)
company-current	Run actions/checkout@de0fac2e4500dabe0009e67214ff5f5447ce83dd	2026-10-10T06:37:26.9379996Z Updating files:  74% (6752/9124)
company-current	Run actions/checkout@de0fac2e4500dabe0009e67214ff5f5447ce83dd	2026-10-10T06:37:26.9546702Z Updating files:  75% (6843/9124)
company-current	Run actions/checkout@de0fac2e4500dabe0009e67214ff5f5447ce83dd	2026-10-10T06:37:26.9737242Z Updating files:  76% (6935/9124)
company-current	Run actions/checkout@de0fac2e4500dabe0009e67214ff5f5447ce83dd	2026-10-10T06:37:26.9853309Z Updating files:  77% (7026/9124)
company-current	Run actions/checkout@de0fac2e4500dabe0009e67214ff5f5447ce83dd	2026-10-10T06:37:27.0095019Z Updating files:  78% (7117/9124)
company-current	Run actions/checkout@de0fac2e4500dabe0009e67214ff5f5447ce83dd	2026-10-10T06:37:27.0405345Z Updating files:  79% (7208/9124)
company-current	Run actions/checkout@de0fac2e4500dabe0009e67214ff5f5447ce83dd	2026-10-10T06:37:27.0642302Z Updating files:  80% (7300/9124)
company-current	Run actions/checkout@de0fac2e4500dabe0009e67214ff5f5447ce83dd	2026-10-10T06:37:27.0719930Z Updating files:  81% (7391/9124)
company-current	Run actions/checkout@de0fac2e4500dabe0009e67214ff5f5447ce83dd	2026-10-10T06:37:27.1003409Z Updating files:  82% (7482/9124)
company-current	Run actions/checkout@de0fac2e4500dabe0009e67214ff5f5447ce83dd	2026-10-10T06:37:27.1249188Z Updating files:  83% (7573/9124)
company-current	Run actions/checkout@de0fac2e4500dabe0009e67214ff5f5447ce83dd	2026-10-10T06:37:27.1322589Z Updating files:  84% (7665/9124)
company-current	Run actions/checkout@de0fac2e4500dabe0009e67214ff5f5447ce83dd	2026-10-10T06:37:27.1390911Z Updating files:  85% (7756/9124)
company-current	Run actions/checkout@de0fac2e4500dabe0009e67214ff5f5447ce83dd	2026-10-10T06:37:27.1409888Z Updating files:  86% (7847/9124)
company-current	Run actions/checkout@de0fac2e4500dabe0009e67214ff5f5447ce83dd	2026-10-10T06:37:27.1443922Z Updating files:  86% (7883/9124)
company-current	Run actions/checkout@de0fac2e4500dabe0009e67214ff5f5447ce83dd	2026-10-10T06:37:27.1557671Z Updating files:  87% (7938/9124)
company-current	Run actions/checkout@de0fac2e4500dabe0009e67214ff5f5447ce83dd	2026-10-10T06:37:27.1827002Z Updating files:  88% (8030/9124)
company-current	Run actions/checkout@de0fac2e4500dabe0009e67214ff5f5447ce83dd	2026-10-10T06:37:27.2063432Z Updating files:  89% (8121/9124)
company-current	Run actions/checkout@de0fac2e4500dabe0009e67214ff5f5447ce83dd	2026-10-10T06:37:27.2121408Z Updating files:  90% (8212/9124)
company-current	Run actions/checkout@de0fac2e4500dabe0009e67214ff5f5447ce83dd	2026-10-10T06:37:27.2254664Z Updating files:  91% (8303/9124)
company-current	Run actions/checkout@de0fac2e4500dabe0009e67214ff5f5447ce83dd	2026-10-10T06:37:27.2343793Z Updating files:  92% (8395/9124)
company-current	Run actions/checkout@de0fac2e4500dabe0009e67214ff5f5447ce83dd	2026-10-10T06:37:27.2451977Z Updating files:  93% (8486/9124)
company-current	Run actions/checkout@de0fac2e4500dabe0009e67214ff5f5447ce83dd	2026-10-10T06:37:27.2551785Z Updating files:  94% (8577/9124)
company-current	Run actions/checkout@de0fac2e4500dabe0009e67214ff5f5447ce83dd	2026-10-10T06:37:27.2639497Z Updating files:  95% (8668/9124)
company-current	Run actions/checkout@de0fac2e4500dabe0009e67214ff5f5447ce83dd	2026-10-10T06:37:27.2736263Z Updating files:  96% (8760/9124)
company-current	Run actions/checkout@de0fac2e4500dabe0009e67214ff5f5447ce83dd	2026-10-10T06:37:27.2825537Z Updating files:  97% (8851/9124)
company-current	Run actions/checkout@de0fac2e4500dabe0009e67214ff5f5447ce83dd	2026-10-10T06:37:27.2905569Z Updating files:  98% (8942/9124)
company-current	Run actions/checkout@de0fac2e4500dabe0009e67214ff5f5447ce83dd	2026-10-10T06:37:27.2991319Z Updating files:  99% (9033/9124)
company-current	Run actions/checkout@de0fac2e4500dabe0009e67214ff5f5447ce83dd	2026-10-10T06:37:27.2991926Z Updating files: 100% (9124/9124)
company-current	Run actions/checkout@de0fac2e4500dabe0009e67214ff5f5447ce83dd	2026-10-10T06:37:27.2992405Z Updating files: 100% (9124/9124), done.
company-current	Run actions/checkout@de0fac2e4500dabe0009e67214ff5f5447ce83dd	2026-10-10T06:37:27.3499495Z Note: switching to 'refs/remotes/pull/133/merge'.
company-current	Run actions/checkout@de0fac2e4500dabe0009e67214ff5f5447ce83dd	2026-10-10T06:37:27.3500007Z 
company-current	Run actions/checkout@de0fac2e4500dabe0009e67214ff5f5447ce83dd	2026-10-10T06:37:27.3500458Z You are in 'detached HEAD' state. You can look around, make experimental
company-current	Run actions/checkout@de0fac2e4500dabe0009e67214ff5f5447ce83dd	2026-10-10T06:37:27.3501300Z changes and commit them, and you can discard any commits you make in this
company-current	Run actions/checkout@de0fac2e4500dabe0009e67214ff5f5447ce83dd	2026-10-10T06:37:27.3502296Z state without impacting any branches by switching back to a branch.
company-current	Run actions/checkout@de0fac2e4500dabe0009e67214ff5f5447ce83dd	2026-10-10T06:37:27.3502855Z 
company-current	Run actions/checkout@de0fac2e4500dabe0009e67214ff5f5447ce83dd	2026-10-10T06:37:27.3503255Z If you want to create a new branch to retain commits you create, you may
company-current	Run actions/checkout@de0fac2e4500dabe0009e67214ff5f5447ce83dd	2026-10-10T06:37:27.3504204Z do so (now or later) by using -c with the switch command. Example:
company-current	Run actions/checkout@de0fac2e4500dabe0009e67214ff5f5447ce83dd	2026-10-10T06:37:27.3504746Z 
company-current	Run actions/checkout@de0fac2e4500dabe0009e67214ff5f5447ce83dd	2026-10-10T06:37:27.3504958Z   git switch -c <new-branch-name>
company-current	Run actions/checkout@de0fac2e4500dabe0009e67214ff5f5447ce83dd	2026-10-10T06:37:27.3505353Z 
company-current	Run actions/checkout@de0fac2e4500dabe0009e67214ff5f5447ce83dd	2026-10-10T06:37:27.3505567Z Or undo this operation with:
company-current	Run actions/checkout@de0fac2e4500dabe0009e67214ff5f5447ce83dd	2026-10-10T06:37:27.3506155Z 
company-current	Run actions/checkout@de0fac2e4500dabe0009e67214ff5f5447ce83dd	2026-10-10T06:37:27.3506346Z   git switch -
company-current	Run actions/checkout@de0fac2e4500dabe0009e67214ff5f5447ce83dd	2026-10-10T06:37:27.3506649Z 
company-current	Run actions/checkout@de0fac2e4500dabe0009e67214ff5f5447ce83dd	2026-10-10T06:37:27.3507091Z Turn off this advice by setting config variable advice.detachedHead to false
company-current	Run actions/checkout@de0fac2e4500dabe0009e67214ff5f5447ce83dd	2026-10-10T06:37:27.3507553Z 
company-current	Run actions/checkout@de0fac2e4500dabe0009e67214ff5f5447ce83dd	2026-10-10T06:37:27.3508021Z HEAD is now at 93a031e Merge cbb293c8e38b0f28560d3d9e645cee840c5d1f2a into bc5ee8912105154abb0285c9b01cf5756c300daf
company-current	Run actions/checkout@de0fac2e4500dabe0009e67214ff5f5447ce83dd	2026-10-10T06:37:27.4467167Z ##[endgroup]
company-current	Run actions/checkout@de0fac2e4500dabe0009e67214ff5f5447ce83dd	2026-10-10T06:37:27.4472795Z [command]/usr/bin/git log -1 --format=%H
company-current	Run actions/checkout@de0fac2e4500dabe0009e67214ff5f5447ce83dd	2026-10-10T06:37:27.4504762Z 93a031e10705a95be35bb9bfb942fae3938c4443
company-current	Run actions/checkout@de0fac2e4500dabe0009e67214ff5f5447ce83dd	2026-10-10T06:37:27.4516428Z ##[group]Removing auth
company-current	Run actions/checkout@de0fac2e4500dabe0009e67214ff5f5447ce83dd	2026-10-10T06:37:27.4516926Z Removing SSH command configuration
company-current	Run actions/checkout@de0fac2e4500dabe0009e67214ff5f5447ce83dd	2026-10-10T06:37:27.4521246Z [command]/usr/bin/git config --local --name-only --get-regexp core\.sshCommand
company-current	Run actions/checkout@de0fac2e4500dabe0009e67214ff5f5447ce83dd	2026-10-10T06:37:27.4557325Z [command]/usr/bin/git submodule foreach --recursive sh -c "git config --local --name-only --get-regexp 'core\.sshCommand' && git config --local --unset-all 'core.sshCommand' || :"
company-current	Run actions/checkout@de0fac2e4500dabe0009e67214ff5f5447ce83dd	2026-10-10T06:37:27.4799760Z Removing HTTP extra header
company-current	Run actions/checkout@de0fac2e4500dabe0009e67214ff5f5447ce83dd	2026-10-10T06:37:27.4806480Z [command]/usr/bin/git config --local --name-only --get-regexp http\.https\:\/\/github\.com\/\.extraheader
company-current	Run actions/checkout@de0fac2e4500dabe0009e67214ff5f5447ce83dd	2026-10-10T06:37:27.4842222Z [command]/usr/bin/git submodule foreach --recursive sh -c "git config --local --name-only --get-regexp 'http\.https\:\/\/github\.com\/\.extraheader' && git config --local --unset-all 'http.https://github.com/.extraheader' || :"
company-current	Run actions/checkout@de0fac2e4500dabe0009e67214ff5f5447ce83dd	2026-10-10T06:37:27.5083445Z Removing includeIf entries pointing to credentials config files
company-current	Run actions/checkout@de0fac2e4500dabe0009e67214ff5f5447ce83dd	2026-10-10T06:37:27.5088024Z [command]/usr/bin/git config --local --name-only --get-regexp ^includeIf\.gitdir:
company-current	Run actions/checkout@de0fac2e4500dabe0009e67214ff5f5447ce83dd	2026-10-10T06:37:27.5446115Z includeif.gitdir:/home/runner/work/SEC_metrics/SEC_metrics/.git.path
company-current	Run actions/checkout@de0fac2e4500dabe0009e67214ff5f5447ce83dd	2026-10-10T06:37:27.5447543Z includeif.gitdir:/home/runner/work/SEC_metrics/SEC_metrics/.git/worktrees/*.path
company-current	Run actions/checkout@de0fac2e4500dabe0009e67214ff5f5447ce83dd	2026-10-10T06:37:27.5448852Z includeif.gitdir:/github/workspace/.git.path
company-current	Run actions/checkout@de0fac2e4500dabe0009e67214ff5f5447ce83dd	2026-10-10T06:37:27.5449750Z includeif.gitdir:/github/workspace/.git/worktrees/*.path
company-current	Run actions/checkout@de0fac2e4500dabe0009e67214ff5f5447ce83dd	2026-10-10T06:37:27.5458068Z [command]/usr/bin/git config --local --get-all includeif.gitdir:/home/runner/work/SEC_metrics/SEC_metrics/.git.path
company-current	Run actions/checkout@de0fac2e4500dabe0009e67214ff5f5447ce83dd	2026-10-10T06:37:27.5486754Z /home/runner/work/_temp/git-credentials-fc1c43a8-eeb9-4ef7-a14e-bd6865f5264c.config
company-current	Run actions/checkout@de0fac2e4500dabe0009e67214ff5f5447ce83dd	2026-10-10T06:37:27.5497452Z [command]/usr/bin/git config --local --unset includeif.gitdir:/home/runner/work/SEC_metrics/SEC_metrics/.git.path /home/runner/work/_temp/git-credentials-fc1c43a8-eeb9-4ef7-a14e-bd6865f5264c.config
company-current	Run actions/checkout@de0fac2e4500dabe0009e67214ff5f5447ce83dd	2026-10-10T06:37:27.5863097Z [command]/usr/bin/git config --local --get-all includeif.gitdir:/home/runner/work/SEC_metrics/SEC_metrics/.git/worktrees/*.path
company-current	Run actions/checkout@de0fac2e4500dabe0009e67214ff5f5447ce83dd	2026-10-10T06:37:27.5895502Z /home/runner/work/_temp/git-credentials-fc1c43a8-eeb9-4ef7-a14e-bd6865f5264c.config
company-current	Run actions/checkout@de0fac2e4500dabe0009e67214ff5f5447ce83dd	2026-10-10T06:37:27.5908608Z [command]/usr/bin/git config --local --unset includeif.gitdir:/home/runner/work/SEC_metrics/SEC_metrics/.git/worktrees/*.path /home/runner/work/_temp/git-credentials-fc1c43a8-eeb9-4ef7-a14e-bd6865f5264c.config
company-current	Run actions/checkout@de0fac2e4500dabe0009e67214ff5f5447ce83dd	2026-10-10T06:37:27.6289490Z [command]/usr/bin/git config --local --get-all includeif.gitdir:/github/workspace/.git.path
company-current	Run actions/checkout@de0fac2e4500dabe0009e67214ff5f5447ce83dd	2026-10-10T06:37:27.6329360Z /github/runner_temp/git-credentials-fc1c43a8-eeb9-4ef7-a14e-bd6865f5264c.config
company-current	Run actions/checkout@de0fac2e4500dabe0009e67214ff5f5447ce83dd	2026-10-10T06:37:27.6349007Z [command]/usr/bin/git config --local --unset includeif.gitdir:/github/workspace/.git.path /github/runner_temp/git-credentials-fc1c43a8-eeb9-4ef7-a14e-bd6865f5264c.config
company-current	Run actions/checkout@de0fac2e4500dabe0009e67214ff5f5447ce83dd	2026-10-10T06:37:27.6497751Z [command]/usr/bin/git config --local --get-all includeif.gitdir:/github/workspace/.git/worktrees/*.path
company-current	Run actions/checkout@de0fac2e4500dabe0009e67214ff5f5447ce83dd	2026-10-10T06:37:27.6534748Z /github/runner_temp/git-credentials-fc1c43a8-eeb9-4ef7-a14e-bd6865f5264c.config
company-current	Run actions/checkout@de0fac2e4500dabe0009e67214ff5f5447ce83dd	2026-10-10T06:37:27.6542604Z [command]/usr/bin/git config --local --unset includeif.gitdir:/github/workspace/.git/worktrees/*.path /github/runner_temp/git-credentials-fc1c43a8-eeb9-4ef7-a14e-bd6865f5264c.config
company-current	Run actions/checkout@de0fac2e4500dabe0009e67214ff5f5447ce83dd	2026-10-10T06:37:27.6987248Z [command]/usr/bin/git submodule foreach --recursive git config --local --show-origin --name-only --get-regexp remote.origin.url
company-current	Run actions/checkout@de0fac2e4500dabe0009e67214ff5f5447ce83dd	2026-10-10T06:37:27.7232615Z Removing credentials config '/home/runner/work/_temp/git-credentials-fc1c43a8-eeb9-4ef7-a14e-bd6865f5264c.config'
company-current	Run actions/checkout@de0fac2e4500dabe0009e67214ff5f5447ce83dd	2026-10-10T06:37:27.7236438Z ##[endgroup]
company-current	Run actions/setup-python@a309ff8b426b58ec0e2a45f0f869d46889d02405	﻿2026-10-10T06:37:27.7975146Z ##[group]Run actions/setup-python@a309ff8b426b58ec0e2a45f0f869d46889d02405
company-current	Run actions/setup-python@a309ff8b426b58ec0e2a45f0f869d46889d02405	2026-10-10T06:37:27.7975586Z with:
company-current	Run actions/setup-python@a309ff8b426b58ec0e2a45f0f869d46889d02405	2026-10-10T06:37:27.7975793Z   python-version: 3.14
company-current	Run actions/setup-python@a309ff8b426b58ec0e2a45f0f869d46889d02405	2026-10-10T06:37:27.7976633Z   check-latest: false
company-current	Run actions/setup-python@a309ff8b426b58ec0e2a45f0f869d46889d02405	2026-10-10T06:37:27.7980594Z   token: ***
company-current	Run actions/setup-python@a309ff8b426b58ec0e2a45f0f869d46889d02405	2026-10-10T06:37:27.7980952Z   update-environment: true
company-current	Run actions/setup-python@a309ff8b426b58ec0e2a45f0f869d46889d02405	2026-10-10T06:37:27.7981394Z   allow-prereleases: false
company-current	Run actions/setup-python@a309ff8b426b58ec0e2a45f0f869d46889d02405	2026-10-10T06:37:27.7981807Z   freethreaded: false
company-current	Run actions/setup-python@a309ff8b426b58ec0e2a45f0f869d46889d02405	2026-10-10T06:37:27.7982440Z ##[endgroup]
company-current	Run actions/setup-python@a309ff8b426b58ec0e2a45f0f869d46889d02405	2026-10-10T06:37:27.9355197Z ##[group]Installed versions
company-current	Run actions/setup-python@a309ff8b426b58ec0e2a45f0f869d46889d02405	2026-10-10T06:37:28.0034884Z Successfully set up CPython (3.14.8)
company-current	Run actions/setup-python@a309ff8b426b58ec0e2a45f0f869d46889d02405	2026-10-10T06:37:28.0037179Z ##[endgroup]
company-current	Saved source through calculation, records, CSV and reading	﻿2026-10-10T06:37:28.0510534Z ##[group]Run python3 -m unittest tests.vnext.test_saved_source_checks tests.vnext.test_separate_rule_root tests.vnext.test_company_current_records tests.vnext.test_ordinary_current_update tests.vnext.test_company_parse_reuse tests.vnext.test_precalculated_case tests.vnext.test_selected_lodging_calculation tests.vnext.test_selected_lodging_source tests.vnext.test_deterministic_router.DeterministicRouterTest.test_five_adapters_emit_deterministic_verified_claims tests.vnext.test_deterministic_router.DeterministicRouterTest.test_source_set_tamper_and_metric_specific_branch_fail tests.vnext.test_runtime_tools tests.vnext.test_b03_current_input_scope tests.vnext.test_xbrl_namespace_policy tests.vnext.test_dei_release_selection tests.vnext.test_successor_income_projection tests.vnext.test_event_rule_root tests.vnext.test_financial_dei_release tests.vnext.test_reported_average_period tests.vnext.test_bank_scope_dei_release tests.vnext.test_reporting_company_projection tests.vnext.test_selected_revenue_scope_v1 tests.vnext.test_selected_reported_revenue_v2 tests.vnext.test_current_reported_revenue -v
company-current	Saved source through calculation, records, CSV and reading	2026-10-10T06:37:28.0518936Z ^[[36;1mpython3 -m unittest tests.vnext.test_saved_source_checks tests.vnext.test_separate_rule_root tests.vnext.test_company_current_records tests.vnext.test_ordinary_current_update tests.vnext.test_company_parse_reuse tests.vnext.test_precalculated_case tests.vnext.test_selected_lodging_calculation tests.vnext.test_selected_lodging_source tests.vnext.test_deterministic_router.DeterministicRouterTest.test_five_adapters_emit_deterministic_verified_claims tests.vnext.test_deterministic_router.DeterministicRouterTest.test_source_set_tamper_and_metric_specific_branch_fail tests.vnext.test_runtime_tools tests.vnext.test_b03_current_input_scope tests.vnext.test_xbrl_namespace_policy tests.vnext.test_dei_release_selection tests.vnext.test_successor_income_projection tests.vnext.test_event_rule_root tests.vnext.test_financial_dei_release tests.vnext.test_reported_average_period tests.vnext.test_bank_scope_dei_release tests.vnext.test_reporting_company_projection tests.vnext.test_selected_revenue_scope_v1 tests.vnext.test_selected_reported_revenue_v2 tests.vnext.test_current_reported_revenue -v^[[0m
company-current	Saved source through calculation, records, CSV and reading	2026-10-10T06:37:28.1994068Z shell: /usr/bin/bash -e {0}
company-current	Saved source through calculation, records, CSV and reading	2026-10-10T06:37:28.1994424Z env:
company-current	Saved source through calculation, records, CSV and reading	2026-10-10T06:37:28.1994766Z   pythonLocation: /opt/hostedtoolcache/Python/3.14.8/x64
company-current	Saved source through calculation, records, CSV and reading	2026-10-10T06:37:28.1995306Z   PKG_CONFIG_PATH: /opt/hostedtoolcache/Python/3.14.8/x64/lib/pkgconfig
company-current	Saved source through calculation, records, CSV and reading	2026-10-10T06:37:28.1995786Z   Python_ROOT_DIR: /opt/hostedtoolcache/Python/3.14.8/x64
company-current	Saved source through calculation, records, CSV and reading	2026-10-10T06:37:28.1996436Z   Python2_ROOT_DIR: /opt/hostedtoolcache/Python/3.14.8/x64
company-current	Saved source through calculation, records, CSV and reading	2026-10-10T06:37:28.1996857Z   Python3_ROOT_DIR: /opt/hostedtoolcache/Python/3.14.8/x64
company-current	Saved source through calculation, records, CSV and reading	2026-10-10T06:37:28.1997281Z   LD_LIBRARY_PATH: /opt/hostedtoolcache/Python/3.14.8/x64/lib
company-current	Saved source through calculation, records, CSV and reading	2026-10-10T06:37:28.1997662Z   PYTHONDONTWRITEBYTECODE: 1
company-current	Saved source through calculation, records, CSV and reading	2026-10-10T06:37:28.1997934Z ##[endgroup]
company-current	Saved source through calculation, records, CSV and reading	2026-10-10T06:37:31.8371391Z test_helper_import_does_not_load_release_or_requirement (tests.vnext.test_saved_source_checks.RequestBindingsCompatibilityTest.test_helper_import_does_not_load_release_or_requirement) ... ok
company-current	Saved source through calculation, records, CSV and reading	2026-10-10T06:37:31.8374355Z test_original_imports_keep_same_exception_and_helpers (tests.vnext.test_saved_source_checks.RequestBindingsCompatibilityTest.test_original_imports_keep_same_exception_and_helpers) ... ok
company-current	Saved source through calculation, records, CSV and reading	2026-10-10T06:37:32.9754504Z test_complete_saved_package_without_git_journal_checks_actual_bytes (tests.vnext.test_saved_source_checks.SavedSourceChecksTest.test_complete_saved_package_without_git_journal_checks_actual_bytes) ... ok
company-current	Saved source through calculation, records, CSV and reading	2026-10-10T06:37:33.0689530Z test_corrupted_body_or_headers_are_rejected (tests.vnext.test_saved_source_checks.SavedSourceChecksTest.test_corrupted_body_or_headers_are_rejected) ... ok
company-current	Saved source through calculation, records, CSV and reading	2026-10-10T06:37:33.0731717Z test_empty_scope_is_not_complete (tests.vnext.test_saved_source_checks.SavedSourceChecksTest.test_empty_scope_is_not_complete) ... ok
company-current	Saved source through calculation, records, CSV and reading	2026-10-10T06:37:33.1210315Z test_later_failed_request_cannot_be_hidden_by_old_success (tests.vnext.test_saved_source_checks.SavedSourceChecksTest.test_later_failed_request_cannot_be_hidden_by_old_success) ... ok
company-current	Saved source through calculation, records, CSV and reading	2026-10-10T06:37:33.2128689Z test_missing_or_changed_attempt_identity_is_rejected (tests.vnext.test_saved_source_checks.SavedSourceChecksTest.test_missing_or_changed_attempt_identity_is_rejected) ... ok
company-current	Saved source through calculation, records, CSV and reading	2026-10-10T06:37:33.2602156Z test_missing_selected_body_is_rejected (tests.vnext.test_saved_source_checks.SavedSourceChecksTest.test_missing_selected_body_is_rejected) ... ok
company-current	Saved source through calculation, records, CSV and reading	2026-10-10T06:37:33.3356114Z test_wrong_filing_or_document_identity_is_rejected (tests.vnext.test_saved_source_checks.SavedSourceChecksTest.test_wrong_filing_or_document_identity_is_rejected) ... ok
company-current	Saved source through calculation, records, CSV and reading	2026-10-10T06:38:10.3011883Z test_noncalendar_rpo_and_bank_ratios_complete_without_rules_in_source (tests.vnext.test_separate_rule_root.NativeRuleRootTest.test_noncalendar_rpo_and_bank_ratios_complete_without_rules_in_source) ... ok
company-current	Saved source through calculation, records, CSV and reading	2026-10-10T06:38:10.3183975Z test_wrong_native_subject_is_rejected_before_completion (tests.vnext.test_separate_rule_root.NativeRuleRootTest.test_wrong_native_subject_is_rejected_before_completion) ... ok
company-current	Saved source through calculation, records, CSV and reading	2026-10-10T06:38:35.8676836Z test_b02_uses_actual_comparative_original_without_calculation_rules_in_source (tests.vnext.test_separate_rule_root.SeparateRuleRootTest.test_b02_uses_actual_comparative_original_without_calculation_rules_in_source) ... ok
company-current	Saved source through calculation, records, CSV and reading	2026-10-10T06:38:35.8680030Z test_existing_shared_lodging_calculation_uses_program_rules_and_keeps_source_only (tests.vnext.test_separate_rule_root.SeparateRuleRootTest.test_existing_shared_lodging_calculation_uses_program_rules_and_keeps_source_only) ... ok
company-current	Saved source through calculation, records, CSV and reading	2026-10-10T06:38:35.8682787Z test_no_catalog_rules_code_or_answers_required_in_source_root (tests.vnext.test_separate_rule_root.SeparateRuleRootTest.test_no_catalog_rules_code_or_answers_required_in_source_root) ... ok
company-current	Saved source through calculation, records, CSV and reading	2026-10-10T06:38:35.8862958Z test_registry_subject_change_is_not_hidden_by_program_rules (tests.vnext.test_separate_rule_root.SeparateRuleRootTest.test_registry_subject_change_is_not_hidden_by_program_rules) ... ok
company-current	Saved source through calculation, records, CSV and reading	2026-10-10T06:38:35.8886174Z test_saved_result_read_retains_value_unit_period_and_source_rows (tests.vnext.test_separate_rule_root.SeparateRuleRootTest.test_saved_result_read_retains_value_unit_period_and_source_rows) ... ok
company-current	Saved source through calculation, records, CSV and reading	2026-10-10T06:38:35.9174290Z test_common_company_reader_keeps_other_metric_after_subset_run (tests.vnext.test_company_current_records.CurrentCompanyTest.test_common_company_reader_keeps_other_metric_after_subset_run) ... ok
company-current	Saved source through calculation, records, CSV and reading	2026-10-10T06:38:35.9308821Z test_common_read_exports_csv_and_honours_supplied_defects_without_update (tests.vnext.test_company_current_records.CurrentCompanyTest.test_common_read_exports_csv_and_honours_supplied_defects_without_update) ... ok
company-current	Saved source through calculation, records, CSV and reading	2026-10-10T06:38:35.9338018Z test_competing_writer_does_not_enter_calculation (tests.vnext.test_company_current_records.CurrentCompanyTest.test_competing_writer_does_not_enter_calculation) ... ok
company-current	Saved source through calculation, records, CSV and reading	2026-10-10T06:38:35.9502321Z test_completed_pointer_cannot_label_a_success_record_as_withheld (tests.vnext.test_company_current_records.CurrentCompanyTest.test_completed_pointer_cannot_label_a_success_record_as_withheld) ... ok
company-current	Saved source through calculation, records, CSV and reading	2026-10-10T06:38:35.9676267Z test_completed_withheld_survives_a_later_different_metric_request (tests.vnext.test_company_current_records.CurrentCompanyTest.test_completed_withheld_survives_a_later_different_metric_request) ... ok
company-current	Saved source through calculation, records, CSV and reading	2026-10-10T06:38:35.9860083Z test_current_failure_does_not_hide_an_existing_exact_known_defect (tests.vnext.test_company_current_records.CurrentCompanyTest.test_current_failure_does_not_hide_an_existing_exact_known_defect) ... ok
company-current	Saved source through calculation, records, CSV and reading	2026-10-10T06:38:35.9970893Z test_daily_read_does_not_select_sources_or_run_update (tests.vnext.test_company_current_records.CurrentCompanyTest.test_daily_read_does_not_select_sources_or_run_update) ... ok
company-current	Saved source through calculation, records, CSV and reading	2026-10-10T06:38:36.0047507Z test_existing_local_entry_selects_saved_branch_without_configure_task (tests.vnext.test_company_current_records.CurrentCompanyTest.test_existing_local_entry_selects_saved_branch_without_configure_task) ... ok
company-current	Saved source through calculation, records, CSV and reading	2026-10-10T06:38:36.0176494Z test_failed_check_remains_visible_after_requesting_another_metric (tests.vnext.test_company_current_records.CurrentCompanyTest.test_failed_check_remains_visible_after_requesting_another_metric) ... ok
company-current	Saved source through calculation, records, CSV and reading	2026-10-10T06:38:36.0349408Z test_failure_detail_does_not_relabel_a_previous_success_as_current (tests.vnext.test_company_current_records.CurrentCompanyTest.test_failure_detail_does_not_relabel_a_previous_success_as_current) ... ok
company-current	Saved source through calculation, records, CSV and reading	2026-10-10T06:38:36.0486778Z test_independent_read_keeps_failed_input_reason_without_a_result (tests.vnext.test_company_current_records.CurrentCompanyTest.test_independent_read_keeps_failed_input_reason_without_a_result) ... ok
company-current	Saved source through calculation, records, CSV and reading	2026-10-10T06:38:36.0587448Z test_known_bad_exact_result_is_removed_from_numeric_csv (tests.vnext.test_company_current_records.CurrentCompanyTest.test_known_bad_exact_result_is_removed_from_numeric_csv) ... ok
company-current	Saved source through calculation, records, CSV and reading	2026-10-10T06:38:36.0666920Z test_metric_exception_is_local_not_batch_failure (tests.vnext.test_company_current_records.CurrentCompanyTest.test_metric_exception_is_local_not_batch_failure) ... ok
company-current	Saved source through calculation, records, CSV and reading	2026-10-10T06:38:36.0743675Z test_missing_ai_and_deprecated_e01_do_not_manufacture_results (tests.vnext.test_company_current_records.CurrentCompanyTest.test_missing_ai_and_deprecated_e01_do_not_manufacture_results) ... ok
company-current	Saved source through calculation, records, CSV and reading	2026-10-10T06:38:36.0945209Z test_new_withheld_result_is_shown_instead_of_old_success (tests.vnext.test_company_current_records.CurrentCompanyTest.test_new_withheld_result_is_shown_instead_of_old_success) ... ok
company-current	Saved source through calculation, records, CSV and reading	2026-10-10T06:38:36.1081576Z test_range_public_entry_isolates_missing_year_and_exports_actual_success_period (tests.vnext.test_company_current_records.CurrentCompanyTest.test_range_public_entry_isolates_missing_year_and_exports_actual_success_period) ... ok
company-current	Saved source through calculation, records, CSV and reading	2026-10-10T06:38:36.1120972Z test_range_requires_unique_bounded_years_and_existing_factory (tests.vnext.test_company_current_records.CurrentCompanyTest.test_range_requires_unique_bounded_years_and_existing_factory) ... ok
company-current	Saved source through calculation, records, CSV and reading	2026-10-10T06:38:36.1221605Z test_same_metric_two_period_pointers_are_both_visible (tests.vnext.test_company_current_records.CurrentCompanyTest.test_same_metric_two_period_pointers_are_both_visible) ... ok
company-current	Saved source through calculation, records, CSV and reading	2026-10-10T06:38:36.1347975Z test_source_binding_and_old_task_are_not_reset (tests.vnext.test_company_current_records.CurrentCompanyTest.test_source_binding_and_old_task_are_not_reset) ... ok
company-current	Saved source through calculation, records, CSV and reading	2026-10-10T06:38:36.1493144Z test_source_failure_preserves_old_period_and_other_metric_continues (tests.vnext.test_company_current_records.CurrentCompanyTest.test_source_failure_preserves_old_period_and_other_metric_continues) ... ok
company-current	Saved source through calculation, records, CSV and reading	2026-10-10T06:38:36.1617435Z test_two_metrics_share_source_and_program_without_installer (tests.vnext.test_company_current_records.CurrentCompanyTest.test_two_metrics_share_source_and_program_without_installer) ... ok
company-current	Saved source through calculation, records, CSV and reading	2026-10-10T06:38:36.1784015Z test_unrelated_source_discovery_failure_still_shows_limitation (tests.vnext.test_company_current_records.CurrentCompanyTest.test_unrelated_source_discovery_failure_still_shows_limitation) ... ok
company-current	Saved source through calculation, records, CSV and reading	2026-10-10T06:38:36.1793557Z test_writable_state_cannot_overlap_source_or_code (tests.vnext.test_company_current_records.CurrentCompanyTest.test_writable_state_cannot_overlap_source_or_code) ... ok
company-current	Saved source through calculation, records, CSV and reading	2026-10-10T06:38:36.1928610Z test_wrong_metric_saved_record_is_not_exported (tests.vnext.test_company_current_records.CurrentCompanyTest.test_wrong_metric_saved_record_is_not_exported) ... ok
company-current	Saved source through calculation, records, CSV and reading	2026-10-10T06:38:46.9266445Z test_actual_scope_withheld_preserves_two_successful_numeric_results (tests.vnext.test_company_current_records.MixedSavedBusinessOutcomeTest.test_actual_scope_withheld_preserves_two_successful_numeric_results) ... ok
company-current	Saved source through calculation, records, CSV and reading	2026-10-10T06:38:47.4299246Z test_repeated_mixed_inputs_reuse_success_and_hold_without_factory (tests.vnext.test_company_current_records.MixedSavedBusinessOutcomeTest.test_repeated_mixed_inputs_reuse_success_and_hold_without_factory) ... ok
company-current	Saved source through calculation, records, CSV and reading	2026-10-10T06:38:47.4730450Z test_adding_another_metric_reuses_completed_input_in_the_actual_controller (tests.vnext.test_company_current_records.PerMetricProducerTest.test_adding_another_metric_reuses_completed_input_in_the_actual_controller) ... ok
company-current	Saved source through calculation, records, CSV and reading	2026-10-10T06:38:47.4771357Z test_bad_or_ambiguous_metric_mapping_is_rejected_before_writes (tests.vnext.test_company_current_records.PerMetricProducerTest.test_bad_or_ambiguous_metric_mapping_is_rejected_before_writes) ... ok
company-current	Saved source through calculation, records, CSV and reading	2026-10-10T06:38:47.4847588Z test_default_a13_stays_unimplemented_and_unknown_explicit_core_rejects (tests.vnext.test_company_current_records.PerMetricProducerTest.test_default_a13_stays_unimplemented_and_unknown_explicit_core_rejects) ... ok
company-current	Saved source through calculation, records, CSV and reading	2026-10-10T06:38:47.4912275Z test_each_selected_metric_keeps_its_factory_and_exact_dependencies (tests.vnext.test_company_current_records.PerMetricProducerTest.test_each_selected_metric_keeps_its_factory_and_exact_dependencies) ... ok
company-current	Saved source through calculation, records, CSV and reading	2026-10-10T06:38:47.4984223Z test_explicit_a13_factory_reaches_same_update_boundary (tests.vnext.test_company_current_records.PerMetricProducerTest.test_explicit_a13_factory_reaches_same_update_boundary) ... ok
company-current	Saved source through calculation, records, CSV and reading	2026-10-10T06:38:47.5084492Z test_explicit_a13_saved_reading_keeps_value_and_content_unaccepted (tests.vnext.test_company_current_records.PerMetricProducerTest.test_explicit_a13_saved_reading_keeps_value_and_content_unaccepted) ... ok
company-current	Saved source through calculation, records, CSV and reading	2026-10-10T06:38:47.5159180Z test_single_factory_and_dependency_tuple_are_passed_unchanged (tests.vnext.test_company_current_records.PerMetricProducerTest.test_single_factory_and_dependency_tuple_are_passed_unchanged) ... ok
company-current	Saved source through calculation, records, CSV and reading	2026-10-10T06:38:54.2647754Z test_real_marriott_values_periods_and_source_links_reach_company_csv (tests.vnext.test_company_current_records.SavedSourceCompanyEntryTest.test_real_marriott_values_periods_and_source_links_reach_company_csv) ... ok
company-current	Saved source through calculation, records, CSV and reading	2026-10-10T06:38:54.2746142Z test_real_read_does_not_parse_or_update (tests.vnext.test_company_current_records.SavedSourceCompanyEntryTest.test_real_read_does_not_parse_or_update) ... ok
company-current	Saved source through calculation, records, CSV and reading	2026-10-10T06:38:54.6507284Z test_real_reentry_never_invokes_calculation_factory (tests.vnext.test_company_current_records.SavedSourceCompanyEntryTest.test_real_reentry_never_invokes_calculation_factory) ... ok
company-current	Saved source through calculation, records, CSV and reading	2026-10-10T06:38:54.6693719Z test_completed_withheld_recovers_interrupted_pointer_write (tests.vnext.test_ordinary_current_update.CompletedWithheldUpdateTest.test_completed_withheld_recovers_interrupted_pointer_write) ... ok
company-current	Saved source through calculation, records, CSV and reading	2026-10-10T06:38:54.6773073Z test_first_withheld_repeats_without_factory_or_another_result (tests.vnext.test_ordinary_current_update.CompletedWithheldUpdateTest.test_first_withheld_repeats_without_factory_or_another_result) ... ok
company-current	Saved source through calculation, records, CSV and reading	2026-10-10T06:38:54.6863930Z test_program_exception_does_not_become_reusable_withheld (tests.vnext.test_ordinary_current_update.CompletedWithheldUpdateTest.test_program_exception_does_not_become_reusable_withheld) ... ok
company-current	Saved source through calculation, records, CSV and reading	2026-10-10T06:38:54.6997473Z test_source_and_configuration_changes_reprocess_stable_withheld (tests.vnext.test_ordinary_current_update.CompletedWithheldUpdateTest.test_source_and_configuration_changes_reprocess_stable_withheld) ... ok
company-current	Saved source through calculation, records, CSV and reading	2026-10-10T06:38:54.7123942Z test_withheld_replaces_current_conclusion_but_preserves_success_history (tests.vnext.test_ordinary_current_update.CompletedWithheldUpdateTest.test_withheld_replaces_current_conclusion_but_preserves_success_history) ... ok
company-current	Saved source through calculation, records, CSV and reading	2026-10-10T06:38:54.7372332Z test_b02_paired_scope_changes_invalidate_only_its_processing_identity (tests.vnext.test_ordinary_current_update.CurrentProcessingConfigurationTest.test_b02_paired_scope_changes_invalidate_only_its_processing_identity) ... ok
company-current	Saved source through calculation, records, CSV and reading	2026-10-10T06:38:54.7596809Z test_changed_annual_selection_and_saved_input_checks_are_not_cached (tests.vnext.test_ordinary_current_update.CurrentProcessingConfigurationTest.test_changed_annual_selection_and_saved_input_checks_are_not_cached) ... ok
company-current	Saved source through calculation, records, CSV and reading	2026-10-10T06:38:54.7935081Z test_changed_graph_reprocesses_same_input_instead_of_reusing_old_result (tests.vnext.test_ordinary_current_update.CurrentProcessingConfigurationTest.test_changed_graph_reprocesses_same_input_instead_of_reusing_old_result) ... ok
company-current	Saved source through calculation, records, CSV and reading	2026-10-10T06:38:54.8223738Z test_changed_paired_scope_rechecks_then_reuses_a_withheld_conclusion (tests.vnext.test_ordinary_current_update.CurrentProcessingConfigurationTest.test_changed_paired_scope_rechecks_then_reuses_a_withheld_conclusion) ... ok
company-current	Saved source through calculation, records, CSV and reading	2026-10-10T06:38:54.8567811Z test_consumed_deterministic_graph_is_part_of_processing_identity (tests.vnext.test_ordinary_current_update.CurrentProcessingConfigurationTest.test_consumed_deterministic_graph_is_part_of_processing_identity) ... ok
company-current	Saved source through calculation, records, CSV and reading	2026-10-10T06:38:54.8693676Z test_consumed_parser_changes_still_change_processing_identity (tests.vnext.test_ordinary_current_update.CurrentProcessingConfigurationTest.test_consumed_parser_changes_still_change_processing_identity) ... ok
company-current	Saved source through calculation, records, CSV and reading	2026-10-10T06:38:54.8818935Z test_lodging_only_changes_do_not_change_b01_processing_identity (tests.vnext.test_ordinary_current_update.CurrentProcessingConfigurationTest.test_lodging_only_changes_do_not_change_b01_processing_identity) ... ok
company-current	Saved source through calculation, records, CSV and reading	2026-10-10T06:38:54.8961394Z test_unused_legacy_source_authority_does_not_invalidate_current_input (tests.vnext.test_ordinary_current_update.CurrentProcessingConfigurationTest.test_unused_legacy_source_authority_does_not_invalidate_current_input) ... ok
company-current	Saved source through calculation, records, CSV and reading	2026-10-10T06:38:54.9476637Z test_unused_recorded_source_session_does_not_change_current_configuration (tests.vnext.test_ordinary_current_update.CurrentProcessingConfigurationTest.test_unused_recorded_source_session_does_not_change_current_configuration) ... ok
company-current	Saved source through calculation, records, CSV and reading	2026-10-10T06:38:54.9894353Z test_used_source_dependency_change_reprocesses_once_then_reuses (tests.vnext.test_ordinary_current_update.CurrentProcessingConfigurationTest.test_used_source_dependency_change_reprocesses_once_then_reuses) ... ok
company-current	Saved source through calculation, records, CSV and reading	2026-10-10T06:38:54.9907106Z test_census_uses_company_latest_bodies_not_request_identity_or_other_company (tests.vnext.test_ordinary_current_update.CurrentUpdateTest.test_census_uses_company_latest_bodies_not_request_identity_or_other_company) ... ok
company-current	Saved source through calculation, records, CSV and reading	2026-10-10T06:38:54.9992605Z test_configuration_failure_is_persisted (tests.vnext.test_ordinary_current_update.CurrentUpdateTest.test_configuration_failure_is_persisted) ... ok
company-current	Saved source through calculation, records, CSV and reading	2026-10-10T06:38:55.0122347Z test_existing_update_entry_selects_current_record_storage_explicitly (tests.vnext.test_ordinary_current_update.CurrentUpdateTest.test_existing_update_entry_selects_current_record_storage_explicitly) ... ok
company-current	Saved source through calculation, records, CSV and reading	2026-10-10T06:38:55.0207106Z test_identical_raw_and_config_never_enters_calculation (tests.vnext.test_ordinary_current_update.CurrentUpdateTest.test_identical_raw_and_config_never_enters_calculation) ... ok
company-current	Saved source through calculation, records, CSV and reading	2026-10-10T06:38:55.0292565Z test_latest_get_failure_does_not_claim_no_change_or_overwrite_success (tests.vnext.test_ordinary_current_update.CurrentUpdateTest.test_latest_get_failure_does_not_claim_no_change_or_overwrite_success) ... ok
company-current	Saved source through calculation, records, CSV and reading	2026-10-10T06:38:55.0480830Z test_new_company_file_or_processing_change_makes_new_version (tests.vnext.test_ordinary_current_update.CurrentUpdateTest.test_new_company_file_or_processing_change_makes_new_version) ... ok
company-current	Saved source through calculation, records, CSV and reading	2026-10-10T06:38:55.0492903Z test_old_native_history_requires_its_old_controller (tests.vnext.test_ordinary_current_update.CurrentUpdateTest.test_old_native_history_requires_its_old_controller) ... ok
company-current	Saved source through calculation, records, CSV and reading	2026-10-10T06:38:55.0693284Z test_saved_completion_recovers_pointer_before_next_check (tests.vnext.test_ordinary_current_update.CurrentUpdateTest.test_saved_completion_recovers_pointer_before_next_check) ... ok
company-current	Saved source through calculation, records, CSV and reading	2026-10-10T06:38:55.0811389Z test_unfinished_intent_is_interrupted_not_success (tests.vnext.test_ordinary_current_update.CurrentUpdateTest.test_unfinished_intent_is_interrupted_not_success) ... ok
company-current	Saved source through calculation, records, CSV and reading	2026-10-10T06:38:55.0820237Z test_a13_without_explicit_year_and_other_unsupported_family_stay_closed (tests.vnext.test_ordinary_current_update.SelectedPeriodUpdateTest.test_a13_without_explicit_year_and_other_unsupported_family_stay_closed) ... ok
company-current	Saved source through calculation, records, CSV and reading	2026-10-10T06:38:55.1034145Z test_completed_withheld_periods_do_not_override_current_or_each_other (tests.vnext.test_ordinary_current_update.SelectedPeriodUpdateTest.test_completed_withheld_periods_do_not_override_current_or_each_other) ... ok
company-current	Saved source through calculation, records, CSV and reading	2026-10-10T06:38:55.1199623Z test_declared_dependency_change_recalculates_but_unrelated_change_does_not (tests.vnext.test_ordinary_current_update.SelectedPeriodUpdateTest.test_declared_dependency_change_recalculates_but_unrelated_change_does_not) ... ok
company-current	Saved source through calculation, records, CSV and reading	2026-10-10T06:38:55.1236668Z test_explicit_a13_selected_case_reaches_factory_without_default_expansion (tests.vnext.test_ordinary_current_update.SelectedPeriodUpdateTest.test_explicit_a13_selected_case_reaches_factory_without_default_expansion) ... ok
company-current	Saved source through calculation, records, CSV and reading	2026-10-10T06:38:55.1397912Z test_explicit_recorded_session_dependency_still_reprocesses (tests.vnext.test_ordinary_current_update.SelectedPeriodUpdateTest.test_explicit_recorded_session_dependency_still_reprocesses) ... ok
company-current	Saved source through calculation, records, CSV and reading	2026-10-10T06:38:55.1434521Z test_period_selection_failure_retains_year_and_category (tests.vnext.test_ordinary_current_update.SelectedPeriodUpdateTest.test_period_selection_failure_retains_year_and_category) ... ok
company-current	Saved source through calculation, records, CSV and reading	2026-10-10T06:38:55.1559125Z test_processing_dependency_path_error_preserves_previous_result (tests.vnext.test_ordinary_current_update.SelectedPeriodUpdateTest.test_processing_dependency_path_error_preserves_previous_result) ... ok
company-current	Saved source through calculation, records, CSV and reading	2026-10-10T06:38:55.1567120Z test_selected_period_without_factory_never_selects_latest (tests.vnext.test_ordinary_current_update.SelectedPeriodUpdateTest.test_selected_period_without_factory_never_selects_latest) ... ok
company-current	Saved source through calculation, records, CSV and reading	2026-10-10T06:38:55.1674245Z test_two_selected_periods_have_separate_pointers_and_current_layout_stays (tests.vnext.test_ordinary_current_update.SelectedPeriodUpdateTest.test_two_selected_periods_have_separate_pointers_and_current_layout_stays) ... ok
company-current	Saved source through calculation, records, CSV and reading	2026-10-10T06:38:55.1765099Z test_unchanged_selected_period_does_not_invoke_case_factory (tests.vnext.test_ordinary_current_update.SelectedPeriodUpdateTest.test_unchanged_selected_period_does_not_invoke_case_factory) ... ok
company-current	Saved source through calculation, records, CSV and reading	2026-10-10T06:38:55.1862289Z test_wrong_selected_year_preserves_previous_pointer (tests.vnext.test_ordinary_current_update.SelectedPeriodUpdateTest.test_wrong_selected_year_preserves_previous_pointer) ... ok
company-current	Saved source through calculation, records, CSV and reading	2026-10-10T06:38:55.1894435Z test_byte_changes_are_not_cache_hits_or_identity_equivalence (tests.vnext.test_company_parse_reuse.CompanyParseReuseTest.test_byte_changes_are_not_cache_hits_or_identity_equivalence) ... ok
company-current	Saved source through calculation, records, CSV and reading	2026-10-10T06:38:55.2028755Z test_cache_is_bounded_without_omitting_later_sources (tests.vnext.test_company_parse_reuse.CompanyParseReuseTest.test_cache_is_bounded_without_omitting_later_sources) ... ok
company-current	Saved source through calculation, records, CSV and reading	2026-10-10T06:38:55.2053434Z test_nested_operations_and_failures_restore_previous_scope (tests.vnext.test_company_parse_reuse.CompanyParseReuseTest.test_nested_operations_and_failures_restore_previous_scope) ... ok
company-current	Saved source through calculation, records, CSV and reading	2026-10-10T06:38:55.2078168Z test_one_operation_parses_same_bytes_once_with_same_immutable_content (tests.vnext.test_company_parse_reuse.CompanyParseReuseTest.test_one_operation_parses_same_bytes_once_with_same_immutable_content) ... ok
company-current	Saved source through calculation, records, CSV and reading	2026-10-10T06:38:55.2102549Z test_reused_parse_does_not_bypass_consumer_company_or_period_checks (tests.vnext.test_company_parse_reuse.CompanyParseReuseTest.test_reused_parse_does_not_bypass_consumer_company_or_period_checks) ... ok
company-current	Saved source through calculation, records, CSV and reading	2026-10-10T06:39:01.6122498Z test_current_metric_and_evidence_rows_keep_the_actual_reporter (tests.vnext.test_precalculated_case.PrecalculatedCaseTest.test_current_metric_and_evidence_rows_keep_the_actual_reporter) ... ok
company-current	Saved source through calculation, records, CSV and reading	2026-10-10T06:39:01.7954545Z test_independent_read_checks_changed_or_missing_shared_material (tests.vnext.test_precalculated_case.PrecalculatedCaseTest.test_independent_read_checks_changed_or_missing_shared_material) ... ok
company-current	Saved source through calculation, records, CSV and reading	2026-10-10T06:39:01.8019243Z test_modified_trace_is_rejected_before_completion (tests.vnext.test_precalculated_case.PrecalculatedCaseTest.test_modified_trace_is_rejected_before_completion) ... ok
company-current	Saved source through calculation, records, CSV and reading	2026-10-10T06:39:01.9747299Z test_projection_consumes_selected_annual_input_without_latest_reselection (tests.vnext.test_precalculated_case.PrecalculatedCaseTest.test_projection_consumes_selected_annual_input_without_latest_reselection) ... ok
company-current	Saved source through calculation, records, CSV and reading	2026-10-10T06:39:02.1481216Z test_real_precalculated_case_reaches_rows_without_selector_or_calculator (tests.vnext.test_precalculated_case.PrecalculatedCaseTest.test_real_precalculated_case_reaches_rows_without_selector_or_calculator) ... ok
company-current	Saved source through calculation, records, CSV and reading	2026-10-10T06:39:02.4996576Z test_shared_asset_is_stored_once_and_both_records_remain_readable (tests.vnext.test_precalculated_case.PrecalculatedCaseTest.test_shared_asset_is_stored_once_and_both_records_remain_readable) ... ok
company-current	Saved source through calculation, records, CSV and reading	2026-10-10T06:39:02.6739726Z test_shared_material_cannot_be_written_into_readonly_source (tests.vnext.test_precalculated_case.PrecalculatedCaseTest.test_shared_material_cannot_be_written_into_readonly_source) ... ok
company-current	Saved source through calculation, records, CSV and reading	2026-10-10T06:39:02.8546670Z test_wrong_prepared_fiscal_label_is_rejected_without_latest_fallback (tests.vnext.test_precalculated_case.PrecalculatedCaseTest.test_wrong_prepared_fiscal_label_is_rejected_without_latest_fallback) ... ok
company-current	Saved source through calculation, records, CSV and reading	2026-10-10T06:39:03.0362753Z test_wrong_prepared_subject_is_rejected_before_completion (tests.vnext.test_precalculated_case.PrecalculatedCaseTest.test_wrong_prepared_subject_is_rejected_before_completion) ... ok
company-current	Saved source through calculation, records, CSV and reading	2026-10-10T06:39:03.0431436Z test_wrong_spec_has_no_completion_manifest (tests.vnext.test_precalculated_case.PrecalculatedCaseTest.test_wrong_spec_has_no_completion_manifest) ... ok
company-current	Saved source through calculation, records, CSV and reading	2026-10-10T06:39:03.0495328Z test_wrong_target_period_has_no_completion_manifest (tests.vnext.test_precalculated_case.PrecalculatedCaseTest.test_wrong_target_period_has_no_completion_manifest) ... ok
company-current	Saved source through calculation, records, CSV and reading	2026-10-10T06:39:05.9726357Z test_rpo_saved_csv_is_explicitly_not_arr_or_churn (tests.vnext.test_precalculated_case.RpoDisplayTest.test_rpo_saved_csv_is_explicitly_not_arr_or_churn) ... ok
company-current	Saved source through calculation, records, CSV and reading	2026-10-10T06:39:05.9957789Z test_both_metrics_reach_calculator_without_selecting_or_reading_again (tests.vnext.test_selected_lodging_calculation.SelectedLodgingCalculationTest.test_both_metrics_reach_calculator_without_selecting_or_reading_again) ... ok
company-current	Saved source through calculation, records, CSV and reading	2026-10-10T06:39:05.9979523Z test_changed_period_or_scope_is_rejected_before_calculation (tests.vnext.test_selected_lodging_calculation.SelectedLodgingCalculationTest.test_changed_period_or_scope_is_rejected_before_calculation) ... ok
company-current	Saved source through calculation, records, CSV and reading	2026-10-10T06:39:06.0001421Z test_company_accession_reference_and_metric_conflicts_are_rejected (tests.vnext.test_selected_lodging_calculation.SelectedLodgingCalculationTest.test_company_accession_reference_and_metric_conflicts_are_rejected) ... ok
company-current	Saved source through calculation, records, CSV and reading	2026-10-10T06:39:06.0169259Z test_selected_noncalendar_interval_is_preserved_through_calculation (tests.vnext.test_selected_lodging_calculation.SelectedLodgingCalculationTest.test_selected_noncalendar_interval_is_preserved_through_calculation) ... ok
company-current	Saved source through calculation, records, CSV and reading	2026-10-10T06:39:06.0191215Z test_wrong_unit_cannot_become_an_exact_result (tests.vnext.test_selected_lodging_calculation.SelectedLodgingCalculationTest.test_wrong_unit_cannot_become_an_exact_result) ... ok
company-current	Saved source through calculation, records, CSV and reading	2026-10-10T06:39:06.0213299Z test_context_and_reported_cik_cannot_change_the_selected_subject (tests.vnext.test_selected_lodging_source.PreparedPeriodBusinessTest.test_context_and_reported_cik_cannot_change_the_selected_subject) ... ok
company-current	Saved source through calculation, records, CSV and reading	2026-10-10T06:39:06.0234079Z test_invalid_label_is_an_integrity_failure (tests.vnext.test_selected_lodging_source.PreparedPeriodBusinessTest.test_invalid_label_is_an_integrity_failure) ... ok
company-current	Saved source through calculation, records, CSV and reading	2026-10-10T06:39:06.0254719Z test_quarter_and_amendment_are_not_an_ordinary_annual_selection (tests.vnext.test_selected_lodging_source.PreparedPeriodBusinessTest.test_quarter_and_amendment_are_not_an_ordinary_annual_selection) ... ok
company-current	Saved source through calculation, records, CSV and reading	2026-10-10T06:39:06.0266644Z test_short_interval_is_a_named_implementation_gap (tests.vnext.test_selected_lodging_source.PreparedPeriodBusinessTest.test_short_interval_is_a_named_implementation_gap) ... ok
company-current	Saved source through calculation, records, CSV and reading	2026-10-10T06:39:06.0277906Z test_source_label_and_52_week_interval_are_kept (tests.vnext.test_selected_lodging_source.PreparedPeriodBusinessTest.test_source_label_and_52_week_interval_are_kept) ... ok
company-current	Saved source through calculation, records, CSV and reading	2026-10-10T06:39:06.0436959Z test_both_metrics_keep_units_scope_period_and_raw_cell_positions (tests.vnext.test_selected_lodging_source.SelectedLodgingSourceTest.test_both_metrics_keep_units_scope_period_and_raw_cell_positions) ... ok
company-current	Saved source through calculation, records, CSV and reading	2026-10-10T06:39:06.0441032Z test_company_accession_raw_bytes_and_period_must_match_selected_source (tests.vnext.test_selected_lodging_source.SelectedLodgingSourceTest.test_company_accession_raw_bytes_and_period_must_match_selected_source) ... ok
company-current	Saved source through calculation, records, CSV and reading	2026-10-10T06:39:06.0622663Z test_competing_target_and_truncated_html_are_not_a_success (tests.vnext.test_selected_lodging_source.SelectedLodgingSourceTest.test_competing_target_and_truncated_html_are_not_a_success) ... ok
company-current	Saved source through calculation, records, CSV and reading	2026-10-10T06:39:06.0881656Z test_local_period_currency_and_footnote_conflicts_are_not_ignored (tests.vnext.test_selected_lodging_source.SelectedLodgingSourceTest.test_local_period_currency_and_footnote_conflicts_are_not_ignored) ... ok
company-current	Saved source through calculation, records, CSV and reading	2026-10-10T06:39:06.1028644Z test_non_calendar_prepared_period_is_not_inferred_from_end_year (tests.vnext.test_selected_lodging_source.SelectedLodgingSourceTest.test_non_calendar_prepared_period_is_not_inferred_from_end_year) ... ok
company-current	Saved source through calculation, records, CSV and reading	2026-10-10T06:39:06.1352597Z test_policy_is_explicit_and_never_changes_module_globals (tests.vnext.test_selected_lodging_source.SelectedLodgingSourceTest.test_policy_is_explicit_and_never_changes_module_globals) ... ok
company-current	Saved source through calculation, records, CSV and reading	2026-10-10T06:39:06.1618185Z test_scope_and_unit_cannot_be_borrowed_or_guessed (tests.vnext.test_selected_lodging_source.SelectedLodgingSourceTest.test_scope_and_unit_cannot_be_borrowed_or_guessed) ... ok
company-current	Saved source through calculation, records, CSV and reading	2026-10-10T06:39:06.1768735Z test_selected_reader_does_not_prepare_or_parse_dei_again (tests.vnext.test_selected_lodging_source.SelectedLodgingSourceTest.test_selected_reader_does_not_prepare_or_parse_dei_again) ... ok
company-current	Saved source through calculation, records, CSV and reading	2026-10-10T06:39:06.1940242Z test_year_column_and_introduction_are_independent_checks (tests.vnext.test_selected_lodging_source.SelectedLodgingSourceTest.test_year_column_and_introduction_are_independent_checks) ... ok
company-current	Saved source through calculation, records, CSV and reading	2026-10-10T06:39:06.1942591Z test_five_adapters_emit_deterministic_verified_claims (tests.vnext.test_deterministic_router.DeterministicRouterTest.test_five_adapters_emit_deterministic_verified_claims)
company-current	Saved source through calculation, records, CSV and reading	2026-10-10T06:39:06.2039576Z Run all five adapters with a socket-open canary fixed at zero. ... ok
company-current	Saved source through calculation, records, CSV and reading	2026-10-10T06:39:06.2041205Z test_source_set_tamper_and_metric_specific_branch_fail (tests.vnext.test_deterministic_router.DeterministicRouterTest.test_source_set_tamper_and_metric_specific_branch_fail)
company-current	Saved source through calculation, records, CSV and reading	2026-10-10T06:39:06.2342099Z Reject manifest drift and ban a shared E01 identity branch. ... ok
company-current	Saved source through calculation, records, CSV and reading	2026-10-10T06:39:06.2383210Z test_catalog_compile_keeps_metric_formula_unit_and_dimension_rules (tests.vnext.test_runtime_tools.RuntimeToolsTest.test_catalog_compile_keeps_metric_formula_unit_and_dimension_rules) ... ok
company-current	Saved source through calculation, records, CSV and reading	2026-10-10T06:39:06.2385650Z test_csv_columns_quotes_newlines_and_unicode_are_preserved (tests.vnext.test_runtime_tools.RuntimeToolsTest.test_csv_columns_quotes_newlines_and_unicode_are_preserved) ... ok
company-current	Saved source through calculation, records, CSV and reading	2026-10-10T06:39:06.2395569Z test_invalid_formula_arity_unit_and_dimensions_not_silently_accepted (tests.vnext.test_runtime_tools.RuntimeToolsTest.test_invalid_formula_arity_unit_and_dimensions_not_silently_accepted) ... ok
company-current	Saved source through calculation, records, CSV and reading	2026-10-10T06:39:06.2397516Z test_legacy_null_result_constructor_remains_the_same_callable (tests.vnext.test_runtime_tools.RuntimeToolsTest.test_legacy_null_result_constructor_remains_the_same_callable) ... ok
company-current	Saved source through calculation, records, CSV and reading	2026-10-10T06:39:06.7359843Z test_lodging_source_and_result_entry_do_not_import_publication_or_qualification (tests.vnext.test_runtime_tools.RuntimeToolsTest.test_lodging_source_and_result_entry_do_not_import_publication_or_qualification) ... ok
company-current	Saved source through calculation, records, CSV and reading	2026-10-10T06:39:06.7362888Z test_missing_or_extra_csv_field_is_a_real_failure (tests.vnext.test_runtime_tools.RuntimeToolsTest.test_missing_or_extra_csv_field_is_a_real_failure) ... ok
company-current	Saved source through calculation, records, CSV and reading	2026-10-10T06:39:07.1540183Z test_small_source_and_spec_tools_do_not_import_release_workflows (tests.vnext.test_runtime_tools.RuntimeToolsTest.test_small_source_and_spec_tools_do_not_import_release_workflows) ... ok
company-current	Saved source through calculation, records, CSV and reading	2026-10-10T06:39:07.1568795Z test_aggregate_preserves_all_proofs_without_double_counting (tests.vnext.test_b03_current_input_scope.ContractAggregateTest.test_aggregate_preserves_all_proofs_without_double_counting) ... ok
company-current	Saved source through calculation, records, CSV and reading	2026-10-10T06:39:07.1589580Z test_aggregate_still_requires_original_gross_to_net_relation (tests.vnext.test_b03_current_input_scope.ContractAggregateTest.test_aggregate_still_requires_original_gross_to_net_relation) ... ok
company-current	Saved source through calculation, records, CSV and reading	2026-10-10T06:39:07.1674085Z test_conflicting_or_commented_display_does_not_erase_visible_spacer (tests.vnext.test_b03_current_input_scope.ContractAggregateTest.test_conflicting_or_commented_display_does_not_erase_visible_spacer) ... ok
company-current	Saved source through calculation, records, CSV and reading	2026-10-10T06:39:07.1677541Z test_duplicate_aggregate_or_segment_does_not_gain_credit (tests.vnext.test_b03_current_input_scope.ContractAggregateTest.test_duplicate_aggregate_or_segment_does_not_gain_credit) ... ok
company-current	Saved source through calculation, records, CSV and reading	2026-10-10T06:39:07.1719144Z test_hidden_self_closing_empty_cells_do_not_shift_visible_year_columns (tests.vnext.test_b03_current_input_scope.ContractAggregateTest.test_hidden_self_closing_empty_cells_do_not_shift_visible_year_columns) ... ok
company-current	Saved source through calculation, records, CSV and reading	2026-10-10T06:39:07.1721814Z test_unreconciled_aggregate_or_unknown_scope_stays_unproved (tests.vnext.test_b03_current_input_scope.ContractAggregateTest.test_unreconciled_aggregate_or_unknown_scope_stays_unproved) ... ok
company-current	Saved source through calculation, records, CSV and reading	2026-10-10T06:39:07.1764112Z test_visible_spacers_and_nonempty_hidden_cells_are_not_erased (tests.vnext.test_b03_current_input_scope.ContractAggregateTest.test_visible_spacers_and_nonempty_hidden_cells_are_not_erased) ... ok
company-current	Saved source through calculation, records, CSV and reading	2026-10-10T06:39:20.3429127Z test_amendment_input_uses_program_policy_without_sources_containing_it (tests.vnext.test_b03_current_input_scope.CurrentB03SourceOnlyTest.test_amendment_input_uses_program_policy_without_sources_containing_it) ... ok
company-current	Saved source through calculation, records, CSV and reading	2026-10-10T06:39:21.4280660Z test_contract_revenue_deduction_keeps_relationship_under_legal_prefix_alias (tests.vnext.test_b03_current_input_scope.CurrentB03SourceOnlyTest.test_contract_revenue_deduction_keeps_relationship_under_legal_prefix_alias) ... ok
company-current	Saved source through calculation, records, CSV and reading	2026-10-10T06:39:21.4284257Z test_marriott_composition_458m_and_135m_revenue_deduction_excluded (tests.vnext.test_b03_current_input_scope.CurrentB03SourceOnlyTest.test_marriott_composition_458m_and_135m_revenue_deduction_excluded) ... ok
company-current	Saved source through calculation, records, CSV and reading	2026-10-10T06:39:21.4388437Z test_salesforce_named_withheld_does_not_consume_bad_subtotal_and_carries_b01 (tests.vnext.test_b03_current_input_scope.CurrentB03SourceOnlyTest.test_salesforce_named_withheld_does_not_consume_bad_subtotal_and_carries_b01) ... ok
company-current	Saved source through calculation, records, CSV and reading	2026-10-10T06:39:21.4399221Z test_saved_input_assessment_is_read_without_recalculation_and_damage_is_visible (tests.vnext.test_b03_current_input_scope.CurrentB03SourceOnlyTest.test_saved_input_assessment_is_read_without_recalculation_and_damage_is_visible) ... ok
company-current	Saved source through calculation, records, CSV and reading	2026-10-10T06:39:21.4459724Z test_company_custom_same_local_name_cannot_displace_legitimate_gaap_composition (tests.vnext.test_b03_current_input_scope.CurrentDaScopeTest.test_company_custom_same_local_name_cannot_displace_legitimate_gaap_composition) ... ok
company-current	Saved source through calculation, records, CSV and reading	2026-10-10T06:39:21.4471572Z test_conflicting_subtotal_is_withheld_and_larger_total_not_automatically_taken (tests.vnext.test_b03_current_input_scope.CurrentDaScopeTest.test_conflicting_subtotal_is_withheld_and_larger_total_not_automatically_taken) ... ok
company-current	Saved source through calculation, records, CSV and reading	2026-10-10T06:39:21.4926109Z test_context_policy_alone_changes_update_configuration_and_requires_calculation (tests.vnext.test_b03_current_input_scope.CurrentDaScopeTest.test_context_policy_alone_changes_update_configuration_and_requires_calculation) ... ok
company-current	Saved source through calculation, records, CSV and reading	2026-10-10T06:39:21.4940723Z test_currency_alias_is_resolved_and_foreign_identifier_scheme_is_not_accepted (tests.vnext.test_b03_current_input_scope.CurrentDaScopeTest.test_currency_alias_is_resolved_and_foreign_identifier_scheme_is_not_accepted) ... ok
company-current	Saved source through calculation, records, CSV and reading	2026-10-10T06:39:21.4948423Z test_declared_numeric_transform_remains_supported (tests.vnext.test_b03_current_input_scope.CurrentDaScopeTest.test_declared_numeric_transform_remains_supported) ... ok
company-current	Saved source through calculation, records, CSV and reading	2026-10-10T06:39:21.4976622Z test_existing_direct_scope_uses_namespace_alias_and_retains_usd_check (tests.vnext.test_b03_current_input_scope.CurrentDaScopeTest.test_existing_direct_scope_uses_namespace_alias_and_retains_usd_check) ... ok
company-current	Saved source through calculation, records, CSV and reading	2026-10-10T06:39:21.5032315Z test_foreign_entity_period_unit_segment_or_namespace_does_not_create_own_total_conflict (tests.vnext.test_b03_current_input_scope.CurrentDaScopeTest.test_foreign_entity_period_unit_segment_or_namespace_does_not_create_own_total_conflict) ... ok
company-current	Saved source through calculation, records, CSV and reading	2026-10-10T06:39:21.5054974Z test_legal_gaap_prefix_alias_composition_keeps_same_quantity (tests.vnext.test_b03_current_input_scope.CurrentDaScopeTest.test_legal_gaap_prefix_alias_composition_keeps_same_quantity) ... ok
company-current	Saved source through calculation, records, CSV and reading	2026-10-10T06:39:21.5067134Z test_nil_keeps_other_evidence_and_gives_a_named_withhold (tests.vnext.test_b03_current_input_scope.CurrentDaScopeTest.test_nil_keeps_other_evidence_and_gives_a_named_withhold) ... ok
company-current	Saved source through calculation, records, CSV and reading	2026-10-10T06:39:21.5332836Z test_numeric_helper_change_affects_b03_configuration_but_not_b01 (tests.vnext.test_b03_current_input_scope.CurrentDaScopeTest.test_numeric_helper_change_affects_b03_configuration_but_not_b01) ... ok
company-current	Saved source through calculation, records, CSV and reading	2026-10-10T06:39:21.5352857Z test_only_unique_original_composition_can_retake_a_later_direct_candidate (tests.vnext.test_b03_current_input_scope.CurrentDaScopeTest.test_only_unique_original_composition_can_retake_a_later_direct_candidate) ... ok
company-current	Saved source through calculation, records, CSV and reading	2026-10-10T06:39:21.5364771Z test_reported_precision_agreement_keeps_chain_not_exact_numeric_equality (tests.vnext.test_b03_current_input_scope.CurrentDaScopeTest.test_reported_precision_agreement_keeps_chain_not_exact_numeric_equality) ... ok
company-current	Saved source through calculation, records, CSV and reading	2026-10-10T06:39:21.5372440Z test_unformatted_comma_is_not_silently_removed_to_confirm_chain (tests.vnext.test_b03_current_input_scope.CurrentDaScopeTest.test_unformatted_comma_is_not_silently_removed_to_confirm_chain) ... ok
company-current	Saved source through calculation, records, CSV and reading	2026-10-10T06:39:21.5380171Z test_unsupported_numeric_tag_cannot_confirm_chain_amount (tests.vnext.test_b03_current_input_scope.CurrentDaScopeTest.test_unsupported_numeric_tag_cannot_confirm_chain_amount) ... ok
company-current	Saved source through calculation, records, CSV and reading	2026-10-10T06:39:21.5405464Z test_composition_passes_same_explicit_policy_to_original_component_lookup (tests.vnext.test_xbrl_namespace_policy.NamespacePolicyTest.test_composition_passes_same_explicit_policy_to_original_component_lookup) ... ok
company-current	Saved source through calculation, records, CSV and reading	2026-10-10T06:39:21.5408695Z test_default_year_only_and_explicit_date_release (tests.vnext.test_xbrl_namespace_policy.NamespacePolicyTest.test_default_year_only_and_explicit_date_release) ... ok
company-current	Saved source through calculation, records, CSV and reading	2026-10-10T06:39:21.5420554Z test_direct_scope_requires_explicit_release_policy (tests.vnext.test_xbrl_namespace_policy.NamespacePolicyTest.test_direct_scope_requires_explicit_release_policy) ... ok
company-current	Saved source through calculation, records, CSV and reading	2026-10-10T06:39:21.5440518Z test_conflicting_facts_and_short_context_remain_rejected (tests.vnext.test_dei_release_selection.DeiReleaseSelectionTest.test_conflicting_facts_and_short_context_remain_rejected) ... ok
company-current	Saved source through calculation, records, CSV and reading	2026-10-10T06:39:21.5479411Z test_foreign_extension_invalid_quarter_and_extra_suffix_rejected (tests.vnext.test_dei_release_selection.DeiReleaseSelectionTest.test_foreign_extension_invalid_quarter_and_extra_suffix_rejected) ... ok
company-current	Saved source through calculation, records, CSV and reading	2026-10-10T06:39:21.5495208Z test_historical_annual_and_remaining_views_use_the_explicit_adapter (tests.vnext.test_dei_release_selection.DeiReleaseSelectionTest.test_historical_annual_and_remaining_views_use_the_explicit_adapter) ... ok
company-current	Saved source through calculation, records, CSV and reading	2026-10-10T06:39:21.5561794Z test_historical_fiscal_labels_still_reject_changed_source_bytes (tests.vnext.test_dei_release_selection.DeiReleaseSelectionTest.test_historical_fiscal_labels_still_reject_changed_source_bytes) ... ok
company-current	Saved source through calculation, records, CSV and reading	2026-10-10T06:39:21.5564216Z test_no_arbitrary_regex_or_boolean_selection (tests.vnext.test_dei_release_selection.DeiReleaseSelectionTest.test_no_arbitrary_regex_or_boolean_selection) ... ok
company-current	Saved source through calculation, records, CSV and reading	2026-10-10T06:39:21.5654484Z test_old_release_requires_explicit_successor (tests.vnext.test_dei_release_selection.DeiReleaseSelectionTest.test_old_release_requires_explicit_successor) ... ok
company-current	Saved source through calculation, records, CSV and reading	2026-10-10T06:39:21.5678733Z test_original_default_and_explicit_year_have_identical_return (tests.vnext.test_dei_release_selection.DeiReleaseSelectionTest.test_original_default_and_explicit_year_have_identical_return) ... ok
company-current	Saved source through calculation, records, CSV and reading	2026-10-10T06:39:21.5726558Z test_successor_does_not_relax_entity_or_annual_identity (tests.vnext.test_dei_release_selection.DeiReleaseSelectionTest.test_successor_does_not_relax_entity_or_annual_identity) ... ok
company-current	Saved source through calculation, records, CSV and reading	2026-10-10T06:40:17.9337595Z test_actual_original_header_context_conflict_is_named_withheld (tests.vnext.test_successor_income_projection.SuccessorIncomeProjectionTest.test_actual_original_header_context_conflict_is_named_withheld) ... ok
company-current	Saved source through calculation, records, CSV and reading	2026-10-10T06:40:18.0181736Z test_missing_proof_does_not_allow_an_arbitrary_shorter_period (tests.vnext.test_successor_income_projection.SuccessorIncomeProjectionTest.test_missing_proof_does_not_allow_an_arbitrary_shorter_period) ... ok
company-current	Saved source through calculation, records, CSV and reading	2026-10-10T06:40:18.0828429Z test_numeric_result_requires_checked_source_observations (tests.vnext.test_successor_income_projection.SuccessorIncomeProjectionTest.test_numeric_result_requires_checked_source_observations) ... ok
company-current	Saved source through calculation, records, CSV and reading	2026-10-10T06:40:18.1477670Z test_result_cannot_claim_a_different_short_period (tests.vnext.test_successor_income_projection.SuccessorIncomeProjectionTest.test_result_cannot_claim_a_different_short_period) ... ok
company-current	Saved source through calculation, records, CSV and reading	2026-10-10T06:40:18.2686454Z test_short_period_state_has_actual_dates_and_preserves_annual_guard (tests.vnext.test_successor_income_projection.SuccessorIncomeProjectionTest.test_short_period_state_has_actual_dates_and_preserves_annual_guard) ... ok
company-current	Saved source through calculation, records, CSV and reading	2026-10-10T06:40:18.4713853Z test_wrong_subject_or_statement_period_still_rejected (tests.vnext.test_successor_income_projection.SuccessorIncomeProjectionTest.test_wrong_subject_or_statement_period_still_rejected) ... ok
company-current	Saved source through calculation, records, CSV and reading	2026-10-10T06:40:18.4737225Z test_conflict_and_consistent_short_period (tests.vnext.test_successor_income_projection.VisibleIncomePeriodTest.test_conflict_and_consistent_short_period) ... ok
company-current	Saved source through calculation, records, CSV and reading	2026-10-10T06:40:18.4744018Z test_missing_range_remains_unresolved (tests.vnext.test_successor_income_projection.VisibleIncomePeriodTest.test_missing_range_remains_unresolved) ... ok
company-current	Saved source through calculation, records, CSV and reading	2026-10-10T06:40:18.4750717Z test_other_column_date_cannot_prove_this_fact (tests.vnext.test_successor_income_projection.VisibleIncomePeriodTest.test_other_column_date_cannot_prove_this_fact) ... ok
company-current	Saved source through calculation, records, CSV and reading	2026-10-10T06:40:40.7885856Z test_existing_item_contract_counts_match_independent_original_headers (tests.vnext.test_event_rule_root.EventRuleRootTest.test_existing_item_contract_counts_match_independent_original_headers) ... ok
company-current	Saved source through calculation, records, CSV and reading	2026-10-10T06:40:40.7889378Z test_explicit_current_rules_cannot_grant_old_e01_item_count_new_credit (tests.vnext.test_event_rule_root.EventRuleRootTest.test_explicit_current_rules_cannot_grant_old_e01_item_count_new_credit) ... ok
company-current	Saved source through calculation, records, CSV and reading	2026-10-10T06:40:40.8020865Z test_independent_read_has_no_selection_or_calculation (tests.vnext.test_event_rule_root.EventRuleRootTest.test_independent_read_has_no_selection_or_calculation) ... ok
company-current	Saved source through calculation, records, CSV and reading	2026-10-10T06:40:42.7345753Z test_missing_event_body_cannot_turn_into_smaller_complete_count (tests.vnext.test_event_rule_root.EventRuleRootTest.test_missing_event_body_cannot_turn_into_smaller_complete_count) ... ok
company-current	Saved source through calculation, records, CSV and reading	2026-10-10T06:40:47.7953395Z test_normal_company_entry_and_reentry_use_saved_source_without_install (tests.vnext.test_event_rule_root.EventRuleRootTest.test_normal_company_entry_and_reentry_use_saved_source_without_install) ... ok
company-current	Saved source through calculation, records, CSV and reading	2026-10-10T06:40:52.6158122Z test_unused_session_change_reuses_real_company_result_without_calculation (tests.vnext.test_event_rule_root.EventRuleRootTest.test_unused_session_change_reuses_real_company_result_without_calculation) ... ok
company-current	Saved source through calculation, records, CSV and reading	2026-10-10T06:40:52.6254390Z test_arbitrary_release_never_enters_shared_issuer_rules (tests.vnext.test_financial_dei_release.FinancialDeiReleaseTest.test_arbitrary_release_never_enters_shared_issuer_rules) ... ok
company-current	Saved source through calculation, records, CSV and reading	2026-10-10T06:40:52.6290121Z test_issuer_successor_and_default_keep_exact_identity_checks (tests.vnext.test_financial_dei_release.FinancialDeiReleaseTest.test_issuer_successor_and_default_keep_exact_identity_checks) ... ok
company-current	Saved source through calculation, records, CSV and reading	2026-10-10T06:40:52.6292630Z test_lcr_checks_source_hash_before_any_release_or_facts (tests.vnext.test_financial_dei_release.FinancialDeiReleaseTest.test_lcr_checks_source_hash_before_any_release_or_facts) ... ok
company-current	Saved source through calculation, records, CSV and reading	2026-10-10T06:40:52.6385063Z test_var_prepare_uses_controlled_release_and_original_period (tests.vnext.test_financial_dei_release.FinancialDeiReleaseTest.test_var_prepare_uses_controlled_release_and_original_period) ... ok
company-current	Saved source through calculation, records, CSV and reading	2026-10-10T06:40:52.6408863Z test_year_only_default_is_identical_to_explicit_on_ordinary_source (tests.vnext.test_financial_dei_release.FinancialDeiReleaseTest.test_year_only_default_is_identical_to_explicit_on_ordinary_source) ... ok
company-current	Saved source through calculation, records, CSV and reading	2026-10-10T06:40:52.6416196Z test_another_metric_cannot_borrow_the_quarter_exception (tests.vnext.test_reported_average_period.ReportedAveragePeriodTest.test_another_metric_cannot_borrow_the_quarter_exception) ... ok
company-current	Saved source through calculation, records, CSV and reading	2026-10-10T06:40:52.6424615Z test_quarter_stays_quarter_with_annual_filing_group (tests.vnext.test_reported_average_period.ReportedAveragePeriodTest.test_quarter_stays_quarter_with_annual_filing_group) ... ok
company-current	Saved source through calculation, records, CSV and reading	2026-10-10T06:40:52.6435688Z test_reference_period_entity_value_and_uncertainty_do_not_disappear (tests.vnext.test_reported_average_period.ReportedAveragePeriodTest.test_reference_period_entity_value_and_uncertainty_do_not_disappear) ... ok
company-current	Saved source through calculation, records, CSV and reading	2026-10-10T06:40:52.6443184Z test_year_label_cannot_annualize_the_measurement (tests.vnext.test_reported_average_period.ReportedAveragePeriodTest.test_year_label_cannot_annualize_the_measurement) ... ok
company-current	Saved source through calculation, records, CSV and reading	2026-10-10T06:40:52.6455314Z test_a09_only_complete_ambiguity_enters_html_with_same_option (tests.vnext.test_bank_scope_dei_release.BankScopeDeiReleaseTest.test_a09_only_complete_ambiguity_enters_html_with_same_option) ... ok
company-current	Saved source through calculation, records, CSV and reading	2026-10-10T06:40:52.6460345Z test_a09_primary_has_priority_and_forwards_selection (tests.vnext.test_bank_scope_dei_release.BankScopeDeiReleaseTest.test_a09_primary_has_priority_and_forwards_selection) ... ok
company-current	Saved source through calculation, records, CSV and reading	2026-10-10T06:40:52.6464146Z test_a09_source_failure_cannot_become_ambiguity (tests.vnext.test_bank_scope_dei_release.BankScopeDeiReleaseTest.test_a09_source_failure_cannot_become_ambiguity) ... ok
company-current	Saved source through calculation, records, CSV and reading	2026-10-10T06:40:52.6749702Z test_all_three_real_parsers_require_explicit_old_release (tests.vnext.test_bank_scope_dei_release.BankScopeDeiReleaseTest.test_all_three_real_parsers_require_explicit_old_release) ... ok
company-current	Saved source through calculation, records, CSV and reading	2026-10-10T06:40:52.7250994Z test_original_year_default_returns_same_components (tests.vnext.test_bank_scope_dei_release.BankScopeDeiReleaseTest.test_original_year_default_returns_same_components) ... ok
company-current	Saved source through calculation, records, CSV and reading	2026-10-10T06:40:52.7258438Z test_selected_case_set_does_not_expand_default_or_bypass_factory (tests.vnext.test_bank_scope_dei_release.BankScopeDeiReleaseTest.test_selected_case_set_does_not_expand_default_or_bypass_factory) ... ok
company-current	Saved source through calculation, records, CSV and reading	2026-10-10T06:40:52.7315640Z test_wrong_source_subject_period_and_option_still_reject (tests.vnext.test_bank_scope_dei_release.BankScopeDeiReleaseTest.test_wrong_source_subject_period_and_option_still_reject) ... ok
company-current	Saved source through calculation, records, CSV and reading	2026-10-10T06:41:04.0447496Z test_constructed_withheld_native_trace_keeps_state_without_filled_issuer (tests.vnext.test_reporting_company_projection.CurrentNullableTraceProjectionTest.test_constructed_withheld_native_trace_keeps_state_without_filled_issuer) ... ok
company-current	Saved source through calculation, records, CSV and reading	2026-10-10T06:41:06.9637332Z test_current_reported_rpo_with_nullable_trace_keeps_value_and_issuer (tests.vnext.test_reporting_company_projection.CurrentNullableTraceProjectionTest.test_current_reported_rpo_with_nullable_trace_keeps_value_and_issuer) ... ok
company-current	Saved source through calculation, records, CSV and reading	2026-10-10T06:41:11.8698653Z test_current_structural_and_both_hotel_numbers_save_with_nullable_trace (tests.vnext.test_reporting_company_projection.CurrentNullableTraceProjectionTest.test_current_structural_and_both_hotel_numbers_save_with_nullable_trace) ... ok
company-current	Saved source through calculation, records, CSV and reading	2026-10-10T06:41:11.8705463Z test_combined_or_unproven_subject_policy_does_not_get_single_reporter_view (tests.vnext.test_reporting_company_projection.ReportingCompanyProjectionTest.test_combined_or_unproven_subject_policy_does_not_get_single_reporter_view) ... ok
company-current	Saved source through calculation, records, CSV and reading	2026-10-10T06:41:11.8709052Z test_current_reporter_preserves_current_view (tests.vnext.test_reporting_company_projection.ReportingCompanyProjectionTest.test_current_reporter_preserves_current_view) ... ok
company-current	Saved source through calculation, records, CSV and reading	2026-10-10T06:41:11.8714728Z test_different_filing_or_bad_entity_does_not_gain_display_identity (tests.vnext.test_reporting_company_projection.ReportingCompanyProjectionTest.test_different_filing_or_bad_entity_does_not_gain_display_identity) ... ok
company-current	Saved source through calculation, records, CSV and reading	2026-10-10T06:41:11.8718732Z test_explicit_null_issuer_fields_use_verified_annual_without_modifying_trace (tests.vnext.test_reporting_company_projection.ReportingCompanyProjectionTest.test_explicit_null_issuer_fields_use_verified_annual_without_modifying_trace) ... ok
company-current	Saved source through calculation, records, CSV and reading	2026-10-10T06:41:11.8724517Z test_metadata_only_outcome_can_keep_inventory_issuer_without_claiming_amount (tests.vnext.test_reporting_company_projection.ReportingCompanyProjectionTest.test_metadata_only_outcome_can_keep_inventory_issuer_without_claiming_amount) ... ok
company-current	Saved source through calculation, records, CSV and reading	2026-10-10T06:41:11.8730110Z test_null_target_requires_matching_source_not_another_registered_issuer (tests.vnext.test_reporting_company_projection.ReportingCompanyProjectionTest.test_null_target_requires_matching_source_not_another_registered_issuer) ... ok
company-current	Saved source through calculation, records, CSV and reading	2026-10-10T06:41:11.8737057Z test_nullable_contract_does_not_hide_filled_conflicts_or_missing_fields (tests.vnext.test_reporting_company_projection.ReportingCompanyProjectionTest.test_nullable_contract_does_not_hide_filled_conflicts_or_missing_fields) ... ok
company-current	Saved source through calculation, records, CSV and reading	2026-10-10T06:41:11.8741045Z test_predecessor_reporting_cik_changes_only_presentation_view (tests.vnext.test_reporting_company_projection.ReportingCompanyProjectionTest.test_predecessor_reporting_cik_changes_only_presentation_view) ... ok
company-current	Saved source through calculation, records, CSV and reading	2026-10-10T06:41:11.8797617Z test_registered_union_still_requires_its_existing_period_proof (tests.vnext.test_reporting_company_projection.ReportingCompanyProjectionTest.test_registered_union_still_requires_its_existing_period_proof) ... ok
company-current	Saved source through calculation, records, CSV and reading	2026-10-10T06:41:11.8803833Z test_unregistered_reporter_or_cross_subject_trace_is_rejected (tests.vnext.test_reporting_company_projection.ReportingCompanyProjectionTest.test_unregistered_reporter_or_cross_subject_trace_is_rejected) ... ok
company-current	Saved source through calculation, records, CSV and reading	2026-10-10T06:41:11.8823452Z test_valued_historical_event_uses_selected_inventory_and_source_set (tests.vnext.test_reporting_company_projection.ReportingCompanyProjectionTest.test_valued_historical_event_uses_selected_inventory_and_source_set) ... ok
company-current	Saved source through calculation, records, CSV and reading	2026-10-10T06:41:11.8977625Z test_accounting_cost_exclusion_does_not_change_revenue_entity_scope (tests.vnext.test_selected_revenue_scope_v1.SelectedRevenueScopeTest.test_accounting_cost_exclusion_does_not_change_revenue_entity_scope) ... ok
company-current	Saved source through calculation, records, CSV and reading	2026-10-10T06:41:11.9430176Z test_approved_legacy_calculator_selects_total_after_component_admission (tests.vnext.test_selected_revenue_scope_v1.SelectedRevenueScopeTest.test_approved_legacy_calculator_selects_total_after_component_admission) ... ok
company-current	Saved source through calculation, records, CSV and reading	2026-10-10T06:41:11.9562471Z test_conflicting_part_total_not_fixed_by_larger_value (tests.vnext.test_selected_revenue_scope_v1.SelectedRevenueScopeTest.test_conflicting_part_total_not_fixed_by_larger_value) ... ok
company-current	Saved source through calculation, records, CSV and reading	2026-10-10T06:41:11.9697812Z test_explicit_local_exclusion_is_not_overruled_by_same_context (tests.vnext.test_selected_revenue_scope_v1.SelectedRevenueScopeTest.test_explicit_local_exclusion_is_not_overruled_by_same_context) ... ok
company-current	Saved source through calculation, records, CSV and reading	2026-10-10T06:41:11.9830174Z test_explicit_scope_after_consolidated_title_is_not_ignored (tests.vnext.test_selected_revenue_scope_v1.SelectedRevenueScopeTest.test_explicit_scope_after_consolidated_title_is_not_ignored) ... ok
company-current	Saved source through calculation, records, CSV and reading	2026-10-10T06:41:11.9961387Z test_income_items_alone_do_not_prove_consolidated_statement (tests.vnext.test_selected_revenue_scope_v1.SelectedRevenueScopeTest.test_income_items_alone_do_not_prove_consolidated_statement) ... ok
company-current	Saved source through calculation, records, CSV and reading	2026-10-10T06:41:12.0076309Z test_missing_revenue_component_is_not_an_empty_success (tests.vnext.test_selected_revenue_scope_v1.SelectedRevenueScopeTest.test_missing_revenue_component_is_not_an_empty_success) ... ok
company-current	Saved source through calculation, records, CSV and reading	2026-10-10T06:41:12.0206664Z test_native_fact_row_does_not_hide_unmarked_scope_clause (tests.vnext.test_selected_revenue_scope_v1.SelectedRevenueScopeTest.test_native_fact_row_does_not_hide_unmarked_scope_clause) ... ok
company-current	Saved source through calculation, records, CSV and reading	2026-10-10T06:41:12.0373160Z test_old_visible_header_parser_default_is_retained (tests.vnext.test_selected_revenue_scope_v1.SelectedRevenueScopeTest.test_old_visible_header_parser_default_is_retained) ... ok
company-current	Saved source through calculation, records, CSV and reading	2026-10-10T06:41:12.0517089Z test_other_filing_facts_and_prior_periods_not_rewritten_or_substituted (tests.vnext.test_selected_revenue_scope_v1.SelectedRevenueScopeTest.test_other_filing_facts_and_prior_periods_not_rewritten_or_substituted) ... ok
company-current	Saved source through calculation, records, CSV and reading	2026-10-10T06:41:12.0609592Z test_primary_only_statement_check_is_explicit_not_faked_xml_check (tests.vnext.test_selected_revenue_scope_v1.SelectedRevenueScopeTest.test_primary_only_statement_check_is_explicit_not_faked_xml_check) ... ok
company-current	Saved source through calculation, records, CSV and reading	2026-10-10T06:41:12.0741325Z test_primary_xml_conflict_rejected (tests.vnext.test_selected_revenue_scope_v1.SelectedRevenueScopeTest.test_primary_xml_conflict_rejected) ... ok
company-current	Saved source through calculation, records, CSV and reading	2026-10-10T06:41:12.0862563Z test_quarter_caption_does_not_accept_annual_native_context (tests.vnext.test_selected_revenue_scope_v1.SelectedRevenueScopeTest.test_quarter_caption_does_not_accept_annual_native_context) ... ok
company-current	Saved source through calculation, records, CSV and reading	2026-10-10T06:41:12.0994392Z test_restricted_caption_does_not_become_no_split_success (tests.vnext.test_selected_revenue_scope_v1.SelectedRevenueScopeTest.test_restricted_caption_does_not_become_no_split_success) ... ok
company-current	Saved source through calculation, records, CSV and reading	2026-10-10T06:41:12.1104806Z test_revenue_note_total_without_full_statement_not_treated_as_company_total (tests.vnext.test_selected_revenue_scope_v1.SelectedRevenueScopeTest.test_revenue_note_total_without_full_statement_not_treated_as_company_total) ... ok
company-current	Saved source through calculation, records, CSV and reading	2026-10-10T06:41:12.1248443Z test_same_total_value_must_exist_in_selected_companyfacts (tests.vnext.test_selected_revenue_scope_v1.SelectedRevenueScopeTest.test_same_total_value_must_exist_in_selected_companyfacts) ... ok
company-current	Saved source through calculation, records, CSV and reading	2026-10-10T06:41:12.1257668Z test_saved_producer_opts_in_for_b01_and_b03_but_not_neighbours (tests.vnext.test_selected_revenue_scope_v1.SelectedRevenueScopeTest.test_saved_producer_opts_in_for_b01_and_b03_but_not_neighbours) ... ok
company-current	Saved source through calculation, records, CSV and reading	2026-10-10T06:41:12.1401251Z test_scope_cannot_borrow_later_filing_total_when_original_is_missing (tests.vnext.test_selected_revenue_scope_v1.SelectedRevenueScopeTest.test_scope_cannot_borrow_later_filing_total_when_original_is_missing) ... ok
company-current	Saved source through calculation, records, CSV and reading	2026-10-10T06:41:12.1442248Z test_single_full_revenue_keeps_contract_label_and_no_false_complete_credit (tests.vnext.test_selected_revenue_scope_v1.SelectedRevenueScopeTest.test_single_full_revenue_keeps_contract_label_and_no_false_complete_credit) ... ok
company-current	Saved source through calculation, records, CSV and reading	2026-10-10T06:41:12.1585478Z test_source_bound_cells_year_and_primary_xml_retained (tests.vnext.test_selected_revenue_scope_v1.SelectedRevenueScopeTest.test_source_bound_cells_year_and_primary_xml_retained) ... ok
company-current	Saved source through calculation, records, CSV and reading	2026-10-10T06:41:12.1693528Z test_update_configuration_names_actual_scope_and_header_dependencies (tests.vnext.test_selected_revenue_scope_v1.SelectedRevenueScopeTest.test_update_configuration_names_actual_scope_and_header_dependencies) ... ok
company-current	Saved source through calculation, records, CSV and reading	2026-10-10T06:41:12.1814080Z test_visible_column_year_conflict_rejected (tests.vnext.test_selected_revenue_scope_v1.SelectedRevenueScopeTest.test_visible_column_year_conflict_rejected) ... ok
company-current	Saved source through calculation, records, CSV and reading	2026-10-10T06:41:12.1945803Z test_visible_scale_cannot_be_overruled_by_native_amounts (tests.vnext.test_selected_revenue_scope_v1.SelectedRevenueScopeTest.test_visible_scale_cannot_be_overruled_by_native_amounts) ... ok
company-current	Saved source through calculation, records, CSV and reading	2026-10-10T06:41:12.2084383Z test_explicit_total_admits_existing_fact_without_calculating_component_sum (tests.vnext.test_selected_reported_revenue_v2.SelectedReportedRevenueTest.test_explicit_total_admits_existing_fact_without_calculating_component_sum) ... ok
company-current	Saved source through calculation, records, CSV and reading	2026-10-10T06:41:12.2341514Z test_fiscal_year_column_matches_full_selected_native_period_not_calendar_year (tests.vnext.test_selected_reported_revenue_v2.SelectedReportedRevenueTest.test_fiscal_year_column_matches_full_selected_native_period_not_calendar_year) ... ok
company-current	Saved source through calculation, records, CSV and reading	2026-10-10T06:41:12.2505120Z test_later_year_header_cannot_hide_an_earlier_associated_full_date (tests.vnext.test_selected_reported_revenue_v2.SelectedReportedRevenueTest.test_later_year_header_cannot_hide_an_earlier_associated_full_date) ... ok
company-current	Saved source through calculation, records, CSV and reading	2026-10-10T06:41:12.2884819Z test_limited_scope_wrong_scale_and_xml_disagreement_remain_errors (tests.vnext.test_selected_reported_revenue_v2.SelectedReportedRevenueTest.test_limited_scope_wrong_scale_and_xml_disagreement_remain_errors) ... ok
company-current	Saved source through calculation, records, CSV and reading	2026-10-10T06:41:12.3040365Z test_note_total_or_wrong_companyfacts_filing_does_not_supply_company_total (tests.vnext.test_selected_reported_revenue_v2.SelectedReportedRevenueTest.test_note_total_or_wrong_companyfacts_filing_does_not_supply_company_total) ... ok
company-current	Saved source through calculation, records, CSV and reading	2026-10-10T06:41:12.3679617Z test_resolved_label_keeps_raw_year_and_cannot_borrow_another_source (tests.vnext.test_selected_reported_revenue_v2.SelectedReportedRevenueTest.test_resolved_label_keeps_raw_year_and_cannot_borrow_another_source) ... ok
company-current	Saved source through calculation, records, CSV and reading	2026-10-10T06:41:12.4048295Z test_separate_heading_table_is_bound_and_not_borrowed_from_other_statement (tests.vnext.test_selected_reported_revenue_v2.SelectedReportedRevenueTest.test_separate_heading_table_is_bound_and_not_borrowed_from_other_statement) ... ok
company-current	Saved source through calculation, records, CSV and reading	2026-10-10T06:41:12.4362627Z test_visible_end_day_and_complete_date_agree_before_full_scope_credit (tests.vnext.test_selected_reported_revenue_v2.SelectedReportedRevenueTest.test_visible_end_day_and_complete_date_agree_before_full_scope_credit) ... ok
company-current	Saved source through calculation, records, CSV and reading	2026-10-10T06:41:12.4591095Z test_absent_direct_total_reuses_existing_component_path_without_new_credit (tests.vnext.test_current_reported_revenue.CurrentReportedRevenueTest.test_absent_direct_total_reuses_existing_component_path_without_new_credit) ... ok
company-current	Saved source through calculation, records, CSV and reading	2026-10-10T06:41:12.4768881Z test_cost_group_non_numeric_parenthesis_is_not_an_invented_footnote (tests.vnext.test_current_reported_revenue.CurrentReportedRevenueTest.test_cost_group_non_numeric_parenthesis_is_not_an_invented_footnote) ... ok
company-current	Saved source through calculation, records, CSV and reading	2026-10-10T06:41:12.4860343Z test_explicit_total_uses_v2_admission_and_matching_observation_check (tests.vnext.test_current_reported_revenue.CurrentReportedRevenueTest.test_explicit_total_uses_v2_admission_and_matching_observation_check) ... ok
company-current	Saved source through calculation, records, CSV and reading	2026-10-10T06:41:12.5050812Z test_fiscal_header_and_standard_cost_groups_do_not_relax_scope_annotations (tests.vnext.test_current_reported_revenue.CurrentReportedRevenueTest.test_fiscal_header_and_standard_cost_groups_do_not_relax_scope_annotations) ... ok
company-current	Saved source through calculation, records, CSV and reading	2026-10-10T06:41:12.5224891Z test_late_fiscal_header_before_amounts_is_checked_against_native_interval (tests.vnext.test_current_reported_revenue.CurrentReportedRevenueTest.test_late_fiscal_header_before_amounts_is_checked_against_native_interval) ... ok
company-current	Saved source through calculation, records, CSV and reading	2026-10-10T06:41:12.6031699Z test_new_proof_dependencies_invalidate_only_consuming_metrics (tests.vnext.test_current_reported_revenue.CurrentReportedRevenueTest.test_new_proof_dependencies_invalidate_only_consuming_metrics) ... ok
company-current	Saved source through calculation, records, CSV and reading	2026-10-10T06:41:12.6646960Z test_public_preparer_forwards_only_explicit_opt_in (tests.vnext.test_current_reported_revenue.CurrentReportedRevenueTest.test_public_preparer_forwards_only_explicit_opt_in) ... ok
company-current	Saved source through calculation, records, CSV and reading	2026-10-10T06:41:12.6835453Z test_shared_default_still_returns_exact_v1_proof (tests.vnext.test_current_reported_revenue.CurrentReportedRevenueTest.test_shared_default_still_returns_exact_v1_proof) ... ok
company-current	Saved source through calculation, records, CSV and reading	2026-10-10T06:41:12.7103661Z test_standard_preceding_navigation_is_preserved_without_admitting_scope_prose (tests.vnext.test_current_reported_revenue.CurrentReportedRevenueTest.test_standard_preceding_navigation_is_preserved_without_admitting_scope_prose) ... ok
company-current	Saved source through calculation, records, CSV and reading	2026-10-10T06:41:12.7411960Z test_unknown_contract_or_disabled_validation_cannot_opt_in (tests.vnext.test_current_reported_revenue.CurrentReportedRevenueTest.test_unknown_contract_or_disabled_validation_cannot_opt_in) ... ok
company-current	Saved source through calculation, records, CSV and reading	2026-10-10T06:41:12.7488212Z test_v2_period_error_cannot_fall_back_to_a_component (tests.vnext.test_current_reported_revenue.CurrentReportedRevenueTest.test_v2_period_error_cannot_fall_back_to_a_component) ... ok
company-current	Saved source through calculation, records, CSV and reading	2026-10-10T06:41:12.7491388Z test_public_row_context_names_revenue_scope_by_identity_not_source_rows (tests.vnext.test_current_reported_revenue.PublicRowRevenueScopeContextTest.test_public_row_context_names_revenue_scope_by_identity_not_source_rows) ... ok
company-current	Saved source through calculation, records, CSV and reading	2026-10-10T06:41:12.7493948Z 
company-current	Saved source through calculation, records, CSV and reading	2026-10-10T06:41:12.7494290Z ----------------------------------------------------------------------
company-current	Saved source through calculation, records, CSV and reading	2026-10-10T06:41:12.7494977Z Ran 257 tests in 221.083s
company-current	Saved source through calculation, records, CSV and reading	2026-10-10T06:41:12.7495290Z 
company-current	Saved source through calculation, records, CSV and reading	2026-10-10T06:41:12.7495470Z OK
company-current	Saved source through calculation, records, CSV and reading	2026-10-10T06:41:12.7498526Z {'scenario': 'saved Marriott FY2025 C01 unused-session edit', 'first_seconds': 4.107567942999992, 'repeat_seconds': 0.7045401860000027, 'read_seconds': 0.006833946000000424, 'result_id': 'sha256:724b92ab35202cc6c9e26099e8d8710f1b4321b5370e7c3b3e086a1d2a895a95', 'value': '3', 'unit': 'count', 'result_files': 6, 'new_calls': [0, 0, 0]}
company-current	Explicit text capacity and retained excerpt contracts	﻿2026-10-10T06:41:12.9114798Z ##[group]Run python3 tests/required_unittests.py tests.vnext.test_text_item_capacity tests.vnext.test_text_results tests.vnext.test_spec_compiler
company-current	Explicit text capacity and retained excerpt contracts	2026-10-10T06:41:12.9116215Z ^[[36;1mpython3 tests/required_unittests.py tests.vnext.test_text_item_capacity tests.vnext.test_text_results tests.vnext.test_spec_compiler^[[0m
company-current	Explicit text capacity and retained excerpt contracts	2026-10-10T06:41:12.9181434Z shell: /usr/bin/bash -e {0}
company-current	Explicit text capacity and retained excerpt contracts	2026-10-10T06:41:12.9181689Z env:
company-current	Explicit text capacity and retained excerpt contracts	2026-10-10T06:41:12.9181960Z   pythonLocation: /opt/hostedtoolcache/Python/3.14.8/x64
company-current	Explicit text capacity and retained excerpt contracts	2026-10-10T06:41:12.9182400Z   PKG_CONFIG_PATH: /opt/hostedtoolcache/Python/3.14.8/x64/lib/pkgconfig
company-current	Explicit text capacity and retained excerpt contracts	2026-10-10T06:41:12.9182848Z   Python_ROOT_DIR: /opt/hostedtoolcache/Python/3.14.8/x64
company-current	Explicit text capacity and retained excerpt contracts	2026-10-10T06:41:12.9183247Z   Python2_ROOT_DIR: /opt/hostedtoolcache/Python/3.14.8/x64
company-current	Explicit text capacity and retained excerpt contracts	2026-10-10T06:41:12.9183632Z   Python3_ROOT_DIR: /opt/hostedtoolcache/Python/3.14.8/x64
company-current	Explicit text capacity and retained excerpt contracts	2026-10-10T06:41:12.9184017Z   LD_LIBRARY_PATH: /opt/hostedtoolcache/Python/3.14.8/x64/lib
company-current	Explicit text capacity and retained excerpt contracts	2026-10-10T06:41:12.9184364Z   PYTHONDONTWRITEBYTECODE: 1
company-current	Explicit text capacity and retained excerpt contracts	2026-10-10T06:41:12.9184630Z ##[endgroup]
company-current	Explicit text capacity and retained excerpt contracts	2026-10-10T06:41:13.6910578Z test_128_items_are_supported_but_129_are_not_silently_trimmed (tests.vnext.test_text_item_capacity.TextItemCapacityTest.test_128_items_are_supported_but_129_are_not_silently_trimmed) ... ok
company-current	Explicit text capacity and retained excerpt contracts	2026-10-10T06:41:13.8735076Z test_68_full_titles_roundtrip_without_cutting_or_changing_old_encoding_fields (tests.vnext.test_text_item_capacity.TextItemCapacityTest.test_68_full_titles_roundtrip_without_cutting_or_changing_old_encoding_fields) ... ok
company-current	Explicit text capacity and retained excerpt contracts	2026-10-10T06:41:13.8832007Z test_character_bound_and_source_coverage_are_not_relaxed_by_more_items (tests.vnext.test_text_item_capacity.TextItemCapacityTest.test_character_bound_and_source_coverage_are_not_relaxed_by_more_items) ... ok
company-current	Explicit text capacity and retained excerpt contracts	2026-10-10T06:41:13.8843009Z test_new_catalog_changes_only_explicit_capacity_not_business_selection (tests.vnext.test_text_item_capacity.TextItemCapacityTest.test_new_catalog_changes_only_explicit_capacity_not_business_selection) ... ok
company-current	Explicit text capacity and retained excerpt contracts	2026-10-10T06:41:14.0015475Z test_new_renderer_cannot_be_bound_to_an_old_or_smaller_spec_in_direct_builder (tests.vnext.test_text_item_capacity.TextItemCapacityTest.test_new_renderer_cannot_be_bound_to_an_old_or_smaller_spec_in_direct_builder) ... ok
company-current	Explicit text capacity and retained excerpt contracts	2026-10-10T06:41:14.0293938Z test_old_policy_result_and_trace_are_unchanged (tests.vnext.test_text_item_capacity.TextItemCapacityTest.test_old_policy_result_and_trace_are_unchanged) ... ok
company-current	Explicit text capacity and retained excerpt contracts	2026-10-10T06:41:14.0641516Z test_original_64_contract_and_smaller_successor_contract_remain_real_limits (tests.vnext.test_text_item_capacity.TextItemCapacityTest.test_original_64_contract_and_smaller_successor_contract_remain_real_limits) ... ok
company-current	Explicit text capacity and retained excerpt contracts	2026-10-10T06:41:14.1812176Z test_renderer_and_compiler_refuse_unknown_capacity_bad_types_and_overlimit (tests.vnext.test_text_item_capacity.TextItemCapacityTest.test_renderer_and_compiler_refuse_unknown_capacity_bad_types_and_overlimit) ... ok
company-current	Explicit text capacity and retained excerpt contracts	2026-10-10T06:41:14.2215561Z test_deterministic_candidate_has_no_ai_identity_and_replays_all_headings (tests.vnext.test_text_results.TextResultTest.test_deterministic_candidate_has_no_ai_identity_and_replays_all_headings) ... ok
company-current	Explicit text capacity and retained excerpt contracts	2026-10-10T06:41:14.4095604Z test_existing_projector_preserves_text_and_each_original_excerpt (tests.vnext.test_text_results.TextResultTest.test_existing_projector_preserves_text_and_each_original_excerpt) ... ok
company-current	Explicit text capacity and retained excerpt contracts	2026-10-10T06:41:14.4469008Z test_full_block_and_leading_emphasis_are_controlled_source_extents (tests.vnext.test_text_results.TextResultTest.test_full_block_and_leading_emphasis_are_controlled_source_extents) ... ok
company-current	Explicit text capacity and retained excerpt contracts	2026-10-10T06:41:14.4756838Z test_fully_rehashed_text_graph_still_fails_independent_original_replay (tests.vnext.test_text_results.TextResultTest.test_fully_rehashed_text_graph_still_fails_independent_original_replay) ... ok
company-current	Explicit text capacity and retained excerpt contracts	2026-10-10T06:41:14.5055248Z test_missing_and_revoked_reviews_and_forged_pass_are_rejected (tests.vnext.test_text_results.TextResultTest.test_missing_and_revoked_reviews_and_forged_pass_are_rejected) ... ok
company-current	Explicit text capacity and retained excerpt contracts	2026-10-10T06:41:14.5076169Z test_missing_content_uses_typed_withheld_without_a_fake_text_value (tests.vnext.test_text_results.TextResultTest.test_missing_content_uses_typed_withheld_without_a_fake_text_value) ... ok
company-current	Explicit text capacity and retained excerpt contracts	2026-10-10T06:41:14.5259797Z test_missing_coverage_and_cross_source_or_period_do_not_become_results (tests.vnext.test_text_results.TextResultTest.test_missing_coverage_and_cross_source_or_period_do_not_become_results) ... ok
company-current	Explicit text capacity and retained excerpt contracts	2026-10-10T06:41:15.8550128Z test_native_text_requires_installed_metric_spec_and_discovered_run_identity (tests.vnext.test_text_results.TextResultTest.test_native_text_requires_installed_metric_spec_and_discovered_run_identity) ... ok
company-current	Explicit text capacity and retained excerpt contracts	2026-10-10T06:41:15.8754784Z test_payload_and_input_set_cannot_escape_contract_or_trace (tests.vnext.test_text_results.TextResultTest.test_payload_and_input_set_cannot_escape_contract_or_trace) ... ok
company-current	Explicit text capacity and retained excerpt contracts	2026-10-10T06:41:15.9021437Z test_persisted_evidence_preserves_source_order_with_more_than_ten_headings (tests.vnext.test_text_results.TextResultTest.test_persisted_evidence_preserves_source_order_with_more_than_ten_headings) ... ok
company-current	Explicit text capacity and retained excerpt contracts	2026-10-10T06:41:15.9327232Z test_rehashed_deterministic_selection_method_and_source_omissions_reject (tests.vnext.test_text_results.TextResultTest.test_rehashed_deterministic_selection_method_and_source_omissions_reject) ... ok
company-current	Explicit text capacity and retained excerpt contracts	2026-10-10T06:41:15.9382542Z test_retained_numeric_records_specs_and_runtime_hash_remain_unchanged (tests.vnext.test_text_results.TextResultTest.test_retained_numeric_records_specs_and_runtime_hash_remain_unchanged) ... ok
company-current	Explicit text capacity and retained excerpt contracts	2026-10-10T06:41:37.1116943Z test_saved_original_titles_enter_same_native_value_carrier (tests.vnext.test_text_results.TextResultTest.test_saved_original_titles_enter_same_native_value_carrier) ... ok
company-current	Explicit text capacity and retained excerpt contracts	2026-10-10T06:41:37.1328175Z test_text_is_explicit_and_cannot_enter_old_numeric_or_unreviewed_structured_path (tests.vnext.test_text_results.TextResultTest.test_text_is_explicit_and_cannot_enter_old_numeric_or_unreviewed_structured_path) ... ok
company-current	Explicit text capacity and retained excerpt contracts	2026-10-10T06:41:37.1608945Z test_titles_and_multiple_text_values_roundtrip_through_existing_record_types (tests.vnext.test_text_results.TextResultTest.test_titles_and_multiple_text_values_roundtrip_through_existing_record_types) ... ok
company-current	Explicit text capacity and retained excerpt contracts	2026-10-10T06:41:37.1611282Z test_catalog_compiles_and_b03_closes_over_b01 (tests.vnext.test_spec_compiler.SpecCompilerTest.test_catalog_compiles_and_b03_closes_over_b01)
company-current	Explicit text capacity and retained excerpt contracts	2026-10-10T06:41:37.1648545Z Compile every Phase 1 Spec and bind the B01 dependency closure. ... ok
company-current	Explicit text capacity and retained excerpt contracts	2026-10-10T06:41:37.1649914Z test_company_traits_are_registry_projection (tests.vnext.test_spec_compiler.SpecCompilerTest.test_company_traits_are_registry_projection)
company-current	Explicit text capacity and retained excerpt contracts	2026-10-10T06:41:37.1656529Z Derive traits from the canonical registry without company copies. ... ok
company-current	Explicit text capacity and retained excerpt contracts	2026-10-10T06:41:37.1658819Z test_dependency_compiled_semantics_must_match_its_hash (tests.vnext.test_spec_compiler.SpecCompilerTest.test_dependency_compiled_semantics_must_match_its_hash)
company-current	Explicit text capacity and retained excerpt contracts	2026-10-10T06:41:37.1691310Z Reject altered dependency behavior hidden behind an old closure. ... ok
company-current	Explicit text capacity and retained excerpt contracts	2026-10-10T06:41:37.1692867Z test_depth_node_cycle_and_cardinality_limits_fail_closed (tests.vnext.test_spec_compiler.SpecCompilerTest.test_depth_node_cycle_and_cardinality_limits_fail_closed)
company-current	Explicit text capacity and retained excerpt contracts	2026-10-10T06:41:37.1705228Z Reject each bounded-DSL limit instead of guessing a fallback. ... ok
company-current	Explicit text capacity and retained excerpt contracts	2026-10-10T06:41:37.1706832Z test_human_body_does_not_change_semantic_hash (tests.vnext.test_spec_compiler.SpecCompilerTest.test_human_body_does_not_change_semantic_hash)
company-current	Explicit text capacity and retained excerpt contracts	2026-10-10T06:41:37.1714657Z Keep explanation-only edits out of executable semantic identity. ... ok
company-current	Explicit text capacity and retained excerpt contracts	2026-10-10T06:41:37.1716284Z test_order_and_unknown_guard_change_or_fail (tests.vnext.test_spec_compiler.SpecCompilerTest.test_order_and_unknown_guard_change_or_fail)
company-current	Explicit text capacity and retained excerpt contracts	2026-10-10T06:41:37.1766076Z Bind choose-first order and reject undeclared executable guards. ... ok
company-current	Explicit text capacity and retained excerpt contracts	2026-10-10T06:41:37.1767773Z test_python_39_forbidden_api_surface_is_absent (tests.vnext.test_spec_compiler.SpecCompilerTest.test_python_39_forbidden_api_surface_is_absent)
company-current	Explicit text capacity and retained excerpt contracts	2026-10-10T06:41:39.4484388Z Keep executable source within the declared Python 3.9 floor. ... ok
company-current	Explicit text capacity and retained excerpt contracts	2026-10-10T06:41:39.4485489Z 
company-current	Explicit text capacity and retained excerpt contracts	2026-10-10T06:41:39.4485768Z ----------------------------------------------------------------------
company-current	Explicit text capacity and retained excerpt contracts	2026-10-10T06:41:39.4486585Z Ran 30 tests in 26.005s
company-current	Explicit text capacity and retained excerpt contracts	2026-10-10T06:41:39.4486814Z 
company-current	Explicit text capacity and retained excerpt contracts	2026-10-10T06:41:39.4486930Z OK
company-current	Explicit text capacity and retained excerpt contracts	2026-10-10T06:41:39.4488102Z {"allowed_skips": 0, "errors": 0, "failures": 0, "run": 30, "skip_reasons": [], "skipped": 0, "tests": ["tests.vnext.test_text_item_capacity", "tests.vnext.test_text_results", "tests.vnext.test_spec_compiler"]}
company-current	Historical dispatch and saved result states	﻿2026-10-10T06:41:39.4852381Z ##[group]Run python3 -m unittest tests.vnext.test_history_company_dispatch tests.vnext.test_selected_history_result_state tests.vnext.test_historical_geography_cases tests.vnext.test_historical_average_risk_cases tests.vnext.test_historical_bank_scope_cases tests.vnext.test_historical_statement_cases.HistoricalRevenueScopeConsumerTest tests.vnext.test_historical_statement_cases -v
company-current	Historical dispatch and saved result states	2026-10-10T06:41:39.4855169Z ^[[36;1mpython3 -m unittest tests.vnext.test_history_company_dispatch tests.vnext.test_selected_history_result_state tests.vnext.test_historical_geography_cases tests.vnext.test_historical_average_risk_cases tests.vnext.test_historical_bank_scope_cases tests.vnext.test_historical_statement_cases.HistoricalRevenueScopeConsumerTest tests.vnext.test_historical_statement_cases -v^[[0m
company-current	Historical dispatch and saved result states	2026-10-10T06:41:39.4920537Z shell: /usr/bin/bash -e {0}
company-current	Historical dispatch and saved result states	2026-10-10T06:41:39.4920802Z env:
company-current	Historical dispatch and saved result states	2026-10-10T06:41:39.4921071Z   pythonLocation: /opt/hostedtoolcache/Python/3.14.8/x64
company-current	Historical dispatch and saved result states	2026-10-10T06:41:39.4921514Z   PKG_CONFIG_PATH: /opt/hostedtoolcache/Python/3.14.8/x64/lib/pkgconfig
company-current	Historical dispatch and saved result states	2026-10-10T06:41:39.4921985Z   Python_ROOT_DIR: /opt/hostedtoolcache/Python/3.14.8/x64
company-current	Historical dispatch and saved result states	2026-10-10T06:41:39.4922379Z   Python2_ROOT_DIR: /opt/hostedtoolcache/Python/3.14.8/x64
company-current	Historical dispatch and saved result states	2026-10-10T06:41:39.4922766Z   Python3_ROOT_DIR: /opt/hostedtoolcache/Python/3.14.8/x64
company-current	Historical dispatch and saved result states	2026-10-10T06:41:39.4923150Z   LD_LIBRARY_PATH: /opt/hostedtoolcache/Python/3.14.8/x64/lib
company-current	Historical dispatch and saved result states	2026-10-10T06:41:39.4923486Z   PYTHONDONTWRITEBYTECODE: 1
company-current	Historical dispatch and saved result states	2026-10-10T06:41:39.4923727Z ##[endgroup]
company-current	Historical dispatch and saved result states	2026-10-10T06:41:41.7397217Z test_average_risk_family_preserves_existing_metric_factories (tests.vnext.test_history_company_dispatch.HistoryCompanyDispatchTest.test_average_risk_family_preserves_existing_metric_factories) ... ok
company-current	Historical dispatch and saved result states	2026-10-10T06:41:41.7403142Z test_bank_performance_family_uses_original_factories_for_other_families (tests.vnext.test_history_company_dispatch.HistoryCompanyDispatchTest.test_bank_performance_family_uses_original_factories_for_other_families) ... ok
company-current	Historical dispatch and saved result states	2026-10-10T06:41:41.7408085Z test_bank_scope_family_preserves_existing_metric_factories (tests.vnext.test_history_company_dispatch.HistoryCompanyDispatchTest.test_bank_scope_family_preserves_existing_metric_factories) ... ok
company-current	Historical dispatch and saved result states	2026-10-10T06:41:41.7413403Z test_capital_family_preserves_each_existing_metric_factory (tests.vnext.test_history_company_dispatch.HistoryCompanyDispatchTest.test_capital_family_preserves_each_existing_metric_factory) ... ok
company-current	Historical dispatch and saved result states	2026-10-10T06:41:41.7459617Z test_cli_passes_period_arguments_to_the_same_company_entry (tests.vnext.test_history_company_dispatch.HistoryCompanyDispatchTest.test_cli_passes_period_arguments_to_the_same_company_entry) ... ok
company-current	Historical dispatch and saved result states	2026-10-10T06:41:41.7462268Z test_completed_withheld_survives_read_after_another_metric_subset (tests.vnext.test_history_company_dispatch.HistoryCompanyDispatchTest.test_completed_withheld_survives_read_after_another_metric_subset)
company-current	Historical dispatch and saved result states	2026-10-10T06:41:41.7780011Z Constructed history control: a later subset cannot revive old success. ... ok
company-current	Historical dispatch and saved result states	2026-10-10T06:41:41.7785224Z test_current_mode_keeps_the_existing_public_route (tests.vnext.test_history_company_dispatch.HistoryCompanyDispatchTest.test_current_mode_keeps_the_existing_public_route) ... ok
company-current	Historical dispatch and saved result states	2026-10-10T06:41:41.7790109Z test_event_family_keeps_existing_income_balance_and_hotel_factories (tests.vnext.test_history_company_dispatch.HistoryCompanyDispatchTest.test_event_family_keeps_existing_income_balance_and_hotel_factories) ... ok
company-current	Historical dispatch and saved result states	2026-10-10T06:41:41.7794682Z test_geography_keeps_existing_factories_and_declares_its_source_dependencies (tests.vnext.test_history_company_dispatch.HistoryCompanyDispatchTest.test_geography_keeps_existing_factories_and_declares_its_source_dependencies) ... ok
company-current	Historical dispatch and saved result states	2026-10-10T06:41:41.7798936Z test_interest_coverage_adds_only_its_current_annual_case (tests.vnext.test_history_company_dispatch.HistoryCompanyDispatchTest.test_interest_coverage_adds_only_its_current_annual_case) ... ok
company-current	Historical dispatch and saved result states	2026-10-10T06:41:41.7803157Z test_invalid_range_rejects_before_source_or_writes (tests.vnext.test_history_company_dispatch.HistoryCompanyDispatchTest.test_invalid_range_rejects_before_source_or_writes) ... ok
company-current	Historical dispatch and saved result states	2026-10-10T06:41:41.7807586Z test_liquidity_keeps_the_statement_and_lodging_original_factories (tests.vnext.test_history_company_dispatch.HistoryCompanyDispatchTest.test_liquidity_keeps_the_statement_and_lodging_original_factories) ... ok
company-current	Historical dispatch and saved result states	2026-10-10T06:41:41.7811552Z test_missing_source_is_explicit_and_does_not_acquire (tests.vnext.test_history_company_dispatch.HistoryCompanyDispatchTest.test_missing_source_is_explicit_and_does_not_acquire) ... ok
company-current	Historical dispatch and saved result states	2026-10-10T06:41:41.7816213Z test_mixed_lodging_keeps_its_previous_factory_and_tuple (tests.vnext.test_history_company_dispatch.HistoryCompanyDispatchTest.test_mixed_lodging_keeps_its_previous_factory_and_tuple) ... ok
company-current	Historical dispatch and saved result states	2026-10-10T06:41:41.7821903Z test_range_uses_one_public_company_controller_and_existing_case (tests.vnext.test_history_company_dispatch.HistoryCompanyDispatchTest.test_range_uses_one_public_company_controller_and_existing_case) ... ok
company-current	Historical dispatch and saved result states	2026-10-10T06:41:41.7826577Z test_risk_headings_use_shared_company_controller_without_replacing_existing_families (tests.vnext.test_history_company_dispatch.HistoryCompanyDispatchTest.test_risk_headings_use_shared_company_controller_without_replacing_existing_families) ... ok
company-current	Historical dispatch and saved result states	2026-10-10T06:41:41.7833704Z test_rpo_uses_native_case_without_changing_statement_or_capital_factories (tests.vnext.test_history_company_dispatch.HistoryCompanyDispatchTest.test_rpo_uses_native_case_without_changing_statement_or_capital_factories) ... ok
company-current	Historical dispatch and saved result states	2026-10-10T06:41:41.7838437Z test_statement_pilot_uses_original_per_metric_factories_and_dependencies (tests.vnext.test_history_company_dispatch.HistoryCompanyDispatchTest.test_statement_pilot_uses_original_per_metric_factories_and_dependencies) ... ok
company-current	Historical dispatch and saved result states	2026-10-10T06:41:41.7843045Z test_unsupported_family_uses_no_fabricated_historical_case (tests.vnext.test_history_company_dispatch.HistoryCompanyDispatchTest.test_unsupported_family_uses_no_fabricated_historical_case) ... ok
company-current	Historical dispatch and saved result states	2026-10-10T06:41:41.7844627Z test_actual_selected_year_dependencies_ignore_unused_admission_code (tests.vnext.test_selected_history_result_state.SelectedHistoryResultStateTest.test_actual_selected_year_dependencies_ignore_unused_admission_code)
company-current	Historical dispatch and saved result states	2026-10-10T06:41:41.9017480Z Constructed state control with the actual processing configuration. ... ok
company-current	Historical dispatch and saved result states	2026-10-10T06:41:41.9107928Z test_completed_withheld_recovers_pointer_without_recalculation (tests.vnext.test_selected_history_result_state.SelectedHistoryResultStateTest.test_completed_withheld_recovers_pointer_without_recalculation) ... ok
company-current	Historical dispatch and saved result states	2026-10-10T06:41:41.9253048Z test_current_withheld_replaces_same_year_success_but_retains_old_version (tests.vnext.test_selected_history_result_state.SelectedHistoryResultStateTest.test_current_withheld_replaces_same_year_success_but_retains_old_version) ... ok
company-current	Historical dispatch and saved result states	2026-10-10T06:41:41.9479365Z test_dependency_source_and_processing_changes_reprocess_withheld_once (tests.vnext.test_selected_history_result_state.SelectedHistoryResultStateTest.test_dependency_source_and_processing_changes_reprocess_withheld_once) ... ok
company-current	Historical dispatch and saved result states	2026-10-10T06:41:41.9650894Z test_missing_year_and_one_metric_failure_preserve_other_periods (tests.vnext.test_selected_history_result_state.SelectedHistoryResultStateTest.test_missing_year_and_one_metric_failure_preserve_other_periods) ... ok
company-current	Historical dispatch and saved result states	2026-10-10T06:41:41.9826636Z test_success_and_stable_withheld_reuse_in_distinct_historical_coordinates (tests.vnext.test_selected_history_result_state.SelectedHistoryResultStateTest.test_success_and_stable_withheld_reuse_in_distinct_historical_coordinates) ... ok
company-current	Historical dispatch and saved result states	2026-10-10T06:41:41.9890339Z test_amendment_and_successor_remain_named_withheld_before_inspection (tests.vnext.test_historical_geography_cases.HistoricalGeographyCaseTest.test_amendment_and_successor_remain_named_withheld_before_inspection) ... ok
company-current	Historical dispatch and saved result states	2026-10-10T06:41:41.9919890Z test_source_failure_propagates_without_inventing_disclosure_absence (tests.vnext.test_historical_geography_cases.HistoricalGeographyCaseTest.test_source_failure_propagates_without_inventing_disclosure_absence) ... ok
company-current	Historical dispatch and saved result states	2026-10-10T06:41:41.9948678Z test_structural_not_applicable_never_reads_financial_amount (tests.vnext.test_historical_geography_cases.HistoricalGeographyCaseTest.test_structural_not_applicable_never_reads_financial_amount) ... ok
company-current	Historical dispatch and saved result states	2026-10-10T06:41:41.9978523Z test_unresolved_source_is_not_a_partial_geography_sum (tests.vnext.test_historical_geography_cases.HistoricalGeographyCaseTest.test_unresolved_source_is_not_a_partial_geography_sum) ... ok
company-current	Historical dispatch and saved result states	2026-10-10T06:41:41.9981401Z test_wrong_family_refuses_before_selecting_any_sources (tests.vnext.test_historical_geography_cases.HistoricalGeographyCaseTest.test_wrong_family_refuses_before_selecting_any_sources) ... ok
company-current	Historical dispatch and saved result states	2026-10-10T06:41:42.0104651Z test_amendment_or_successor_remains_withheld_before_inspection (tests.vnext.test_historical_average_risk_cases.HistoricalAverageRiskCaseTest.test_amendment_or_successor_remains_withheld_before_inspection) ... ok
company-current	Historical dispatch and saved result states	2026-10-10T06:41:42.0141332Z test_lcr_quarter_is_measurement_while_fiscal_year_remains_annual_group (tests.vnext.test_historical_average_risk_cases.HistoricalAverageRiskCaseTest.test_lcr_quarter_is_measurement_while_fiscal_year_remains_annual_group) ... ok
company-current	Historical dispatch and saved result states	2026-10-10T06:41:42.0143415Z test_measurement_rejects_unknown_family_instead_of_treating_as_var (tests.vnext.test_historical_average_risk_cases.HistoricalAverageRiskCaseTest.test_measurement_rejects_unknown_family_instead_of_treating_as_var) ... ok
company-current	Historical dispatch and saved result states	2026-10-10T06:41:42.0204798Z test_structural_not_applicable_skips_amount_inspection (tests.vnext.test_historical_average_risk_cases.HistoricalAverageRiskCaseTest.test_structural_not_applicable_skips_amount_inspection) ... ok
company-current	Historical dispatch and saved result states	2026-10-10T06:41:42.0267182Z test_unresolved_component_cannot_reuse_candidate_value (tests.vnext.test_historical_average_risk_cases.HistoricalAverageRiskCaseTest.test_unresolved_component_cannot_reuse_candidate_value) ... ok
company-current	Historical dispatch and saved result states	2026-10-10T06:41:42.0302420Z test_var_annual_average_keeps_annual_period_and_usd_value (tests.vnext.test_historical_average_risk_cases.HistoricalAverageRiskCaseTest.test_var_annual_average_keeps_annual_period_and_usd_value) ... ok
company-current	Historical dispatch and saved result states	2026-10-10T06:41:42.0304506Z test_wrong_family_refuses_before_any_source_selection (tests.vnext.test_historical_average_risk_cases.HistoricalAverageRiskCaseTest.test_wrong_family_refuses_before_any_source_selection) ... ok
company-current	Historical dispatch and saved result states	2026-10-10T06:41:42.0333354Z test_wrong_source_error_is_not_disclosure_absence (tests.vnext.test_historical_average_risk_cases.HistoricalAverageRiskCaseTest.test_wrong_source_error_is_not_disclosure_absence) ... ok
company-current	Historical dispatch and saved result states	2026-10-10T06:41:42.0346099Z test_general_note_only_before_lettered_notes_and_never_across_heading (tests.vnext.test_historical_average_risk_cases.HistoricalAverageRiskWordingTest.test_general_note_only_before_lettered_notes_and_never_across_heading) ... ok
company-current	Historical dispatch and saved result states	2026-10-10T06:41:42.0440071Z test_known_forms_compile_without_mutating_shared_functions (tests.vnext.test_historical_average_risk_cases.HistoricalAverageRiskWordingTest.test_known_forms_compile_without_mutating_shared_functions) ... ok
company-current	Historical dispatch and saved result states	2026-10-10T06:41:42.0533091Z test_old_lcr_note_grammar_preserves_unit_and_duration_rejections (tests.vnext.test_historical_average_risk_cases.HistoricalAverageRiskWordingTest.test_old_lcr_note_grammar_preserves_unit_and_duration_rejections) ... ok
company-current	Historical dispatch and saved result states	2026-10-10T06:41:42.0539126Z test_original_resolved_answer_is_kept_without_fallback (tests.vnext.test_historical_average_risk_cases.HistoricalAverageRiskWordingTest.test_original_resolved_answer_is_kept_without_fallback) ... ok
company-current	Historical dispatch and saved result states	2026-10-10T06:41:42.0542123Z test_resolved_known_form_retains_original_status_and_provenance (tests.vnext.test_historical_average_risk_cases.HistoricalAverageRiskWordingTest.test_resolved_known_form_retains_original_status_and_provenance) ... ok
company-current	Historical dispatch and saved result states	2026-10-10T06:41:42.0545156Z test_unresolved_fallback_keeps_original_competitors (tests.vnext.test_historical_average_risk_cases.HistoricalAverageRiskWordingTest.test_unresolved_fallback_keeps_original_competitors) ... ok
company-current	Historical dispatch and saved result states	2026-10-10T06:41:42.0547735Z test_history_passes_shared_release_option_without_recursive_view (tests.vnext.test_historical_average_risk_cases.HistoricalExplicitAnnualInterfaceTest.test_history_passes_shared_release_option_without_recursive_view) ... ok
company-current	Historical dispatch and saved result states	2026-10-10T06:41:42.0614483Z test_remaining_fiscal_label_view_uses_explicit_annual_adapter (tests.vnext.test_historical_average_risk_cases.HistoricalExplicitAnnualInterfaceTest.test_remaining_fiscal_label_view_uses_explicit_annual_adapter) ... ok
company-current	Historical dispatch and saved result states	2026-10-10T06:41:42.0617665Z test_shared_source_failure_propagates_as_failure (tests.vnext.test_historical_average_risk_cases.HistoricalExplicitAnnualInterfaceTest.test_shared_source_failure_propagates_as_failure) ... ok
company-current	Historical dispatch and saved result states	2026-10-10T06:41:42.0705367Z test_amendment_and_successor_remain_named_withheld_before_inspection (tests.vnext.test_historical_bank_scope_cases.HistoricalBankScopeCaseTest.test_amendment_and_successor_remain_named_withheld_before_inspection) ... ok
company-current	Historical dispatch and saved result states	2026-10-10T06:41:42.0774959Z test_resolved_aum_and_nonaccrual_keep_filing_end_instant (tests.vnext.test_historical_bank_scope_cases.HistoricalBankScopeCaseTest.test_resolved_aum_and_nonaccrual_keep_filing_end_instant) ... ok
company-current	Historical dispatch and saved result states	2026-10-10T06:41:42.0808469Z test_resolved_nim_is_annual_and_uses_managed_rate (tests.vnext.test_historical_bank_scope_cases.HistoricalBankScopeCaseTest.test_resolved_nim_is_annual_and_uses_managed_rate) ... ok
company-current	Historical dispatch and saved result states	2026-10-10T06:41:42.0833477Z test_source_failure_propagates_without_inventing_disclosure_absence (tests.vnext.test_historical_bank_scope_cases.HistoricalBankScopeCaseTest.test_source_failure_propagates_without_inventing_disclosure_absence) ... ok
company-current	Historical dispatch and saved result states	2026-10-10T06:41:42.0864747Z test_structural_not_applicable_never_reads_financial_amount (tests.vnext.test_historical_bank_scope_cases.HistoricalBankScopeCaseTest.test_structural_not_applicable_never_reads_financial_amount) ... ok
company-current	Historical dispatch and saved result states	2026-10-10T06:41:42.0893451Z test_unresolved_source_is_not_a_partial_bank_sum (tests.vnext.test_historical_bank_scope_cases.HistoricalBankScopeCaseTest.test_unresolved_source_is_not_a_partial_bank_sum) ... ok
company-current	Historical dispatch and saved result states	2026-10-10T06:41:42.0895684Z test_wrong_family_refuses_before_selecting_any_sources (tests.vnext.test_historical_bank_scope_cases.HistoricalBankScopeCaseTest.test_wrong_family_refuses_before_selecting_any_sources) ... ok
company-current	Historical dispatch and saved result states	2026-10-10T06:41:42.0955503Z test_source_conflict_remains_distinct_from_implementation_gap (tests.vnext.test_historical_bank_scope_cases.HistoricalBankScopeClassificationTest.test_source_conflict_remains_distinct_from_implementation_gap) ... ok
company-current	Historical dispatch and saved result states	2026-10-10T06:41:42.1008422Z test_a09_local_import_rebinding_retains_native_ambiguity_gate (tests.vnext.test_historical_bank_scope_cases.HistoricalBankScopeWordingTest.test_a09_local_import_rebinding_retains_native_ambiguity_gate) ... ok
company-current	Historical dispatch and saved result states	2026-10-10T06:41:42.1111264Z test_compilation_keeps_shared_functions_and_known_forms_are_finite (tests.vnext.test_historical_bank_scope_cases.HistoricalBankScopeWordingTest.test_compilation_keeps_shared_functions_and_known_forms_are_finite) ... ok
company-current	Historical dispatch and saved result states	2026-10-10T06:41:42.1124321Z test_missing_native_source_propagates_and_never_reaches_html (tests.vnext.test_historical_bank_scope_cases.HistoricalBankScopeWordingTest.test_missing_native_source_propagates_and_never_reaches_html) ... ok
company-current	Historical dispatch and saved result states	2026-10-10T06:41:42.1138841Z test_old_glossary_accepts_one_colon_and_preserves_subset_text (tests.vnext.test_historical_bank_scope_cases.HistoricalBankScopeWordingTest.test_old_glossary_accepts_one_colon_and_preserves_subset_text) ... ok
company-current	Historical dispatch and saved result states	2026-10-10T06:41:42.1173361Z test_old_segment_list_cannot_hide_conflicting_or_noncorporate_remainder (tests.vnext.test_historical_bank_scope_cases.HistoricalBankScopeWordingTest.test_old_segment_list_cannot_hide_conflicting_or_noncorporate_remainder) ... ok
company-current	Historical dispatch and saved result states	2026-10-10T06:41:42.1177102Z test_original_native_success_is_kept_without_old_form (tests.vnext.test_historical_bank_scope_cases.HistoricalBankScopeWordingTest.test_original_native_success_is_kept_without_old_form) ... ok
company-current	Historical dispatch and saved result states	2026-10-10T06:41:42.1747709Z test_display_is_bounded_while_complete_scope_evidence_is_retained (tests.vnext.test_historical_statement_cases.HistoricalRevenueScopeConsumerTest.test_display_is_bounded_while_complete_scope_evidence_is_retained) ... ok
company-current	Historical dispatch and saved result states	2026-10-10T06:41:42.1768956Z test_literal_original_and_resolved_period_must_have_same_dates (tests.vnext.test_historical_statement_cases.HistoricalRevenueScopeConsumerTest.test_literal_original_and_resolved_period_must_have_same_dates) ... ok
company-current	Historical dispatch and saved result states	2026-10-10T06:41:42.1939187Z test_no_reported_total_retains_the_existing_component_scope_path (tests.vnext.test_historical_statement_cases.HistoricalRevenueScopeConsumerTest.test_no_reported_total_retains_the_existing_component_scope_path) ... ok
company-current	Historical dispatch and saved result states	2026-10-10T06:41:42.1941222Z test_processing_configuration_includes_shared_scope_dependency (tests.vnext.test_historical_statement_cases.HistoricalRevenueScopeConsumerTest.test_processing_configuration_includes_shared_scope_dependency) ... ok
company-current	Historical dispatch and saved result states	2026-10-10T06:41:42.2587680Z test_reported_late_date_and_cost_group_qualifiers_are_not_hidden (tests.vnext.test_historical_statement_cases.HistoricalRevenueScopeConsumerTest.test_reported_late_date_and_cost_group_qualifiers_are_not_hidden) ... ok
company-current	Historical dispatch and saved result states	2026-10-10T06:41:42.2941400Z test_reported_navigation_keeps_source_spans_without_accepting_subject_restrictions (tests.vnext.test_historical_statement_cases.HistoricalRevenueScopeConsumerTest.test_reported_navigation_keeps_source_spans_without_accepting_subject_restrictions) ... ok
company-current	Historical dispatch and saved result states	2026-10-10T06:41:42.2962115Z test_reported_total_conflict_cannot_fall_back_to_the_old_component (tests.vnext.test_historical_statement_cases.HistoricalRevenueScopeConsumerTest.test_reported_total_conflict_cannot_fall_back_to_the_old_component) ... ok
company-current	Historical dispatch and saved result states	2026-10-10T06:41:42.3167667Z test_reported_total_is_admitted_before_actual_calculator (tests.vnext.test_historical_statement_cases.HistoricalRevenueScopeConsumerTest.test_reported_total_is_admitted_before_actual_calculator) ... ok
company-current	Historical dispatch and saved result states	2026-10-10T06:41:42.3354139Z test_source_bound_resolved_label_reaches_the_shared_reader_without_raw_year_rewrite (tests.vnext.test_historical_statement_cases.HistoricalRevenueScopeConsumerTest.test_source_bound_resolved_label_reaches_the_shared_reader_without_raw_year_rewrite) ... ok
company-current	Historical dispatch and saved result states	2026-10-10T06:41:42.3546398Z test_total_cannot_be_borrowed_from_a_later_filing (tests.vnext.test_historical_statement_cases.HistoricalRevenueScopeConsumerTest.test_total_cannot_be_borrowed_from_a_later_filing) ... ok
company-current	Historical dispatch and saved result states	2026-10-10T06:41:42.3572633Z test_amendment_and_successor_keep_the_existing_rejection (tests.vnext.test_historical_statement_cases.HistoricalCurrentAnnualScopeTest.test_amendment_and_successor_keep_the_existing_rejection) ... ok
company-current	Historical dispatch and saved result states	2026-10-10T06:41:42.3585272Z test_declared_wrong_source_period_cannot_select_a_filing (tests.vnext.test_historical_statement_cases.HistoricalCurrentAnnualScopeTest.test_declared_wrong_source_period_cannot_select_a_filing) ... ok
company-current	Historical dispatch and saved result states	2026-10-10T06:41:42.3587782Z test_existing_entry_does_not_silently_expand_to_b07 (tests.vnext.test_historical_statement_cases.HistoricalCurrentAnnualScopeTest.test_existing_entry_does_not_silently_expand_to_b07) ... ok
company-current	Historical dispatch and saved result states	2026-10-10T06:41:42.3590800Z test_prior_year_or_instant_metrics_do_not_enter_the_annual_family (tests.vnext.test_historical_statement_cases.HistoricalCurrentAnnualScopeTest.test_prior_year_or_instant_metrics_do_not_enter_the_annual_family) ... ok
company-current	Historical dispatch and saved result states	2026-10-10T06:41:42.3593275Z test_continuous_company_keeps_original_registry_object (tests.vnext.test_historical_statement_cases.HistoricalPeriodSubjectTest.test_continuous_company_keeps_original_registry_object) ... ok
company-current	Historical dispatch and saved result states	2026-10-10T06:41:42.3595632Z test_mismatched_reporter_successor_or_cross_entity_does_not_get_override (tests.vnext.test_historical_statement_cases.HistoricalPeriodSubjectTest.test_mismatched_reporter_successor_or_cross_entity_does_not_get_override) ... ok
company-current	Historical dispatch and saved result states	2026-10-10T06:41:42.3598015Z test_predecessor_context_uses_its_own_cik_without_mutating_registry (tests.vnext.test_historical_statement_cases.HistoricalPeriodSubjectTest.test_predecessor_context_uses_its_own_cik_without_mutating_registry) ... ok
company-current	Historical dispatch and saved result states	2026-10-10T06:41:42.3600034Z test_successor_context_keeps_its_existing_noncomparability (tests.vnext.test_historical_statement_cases.HistoricalPeriodSubjectTest.test_successor_context_keeps_its_existing_noncomparability) ... ok
company-current	Historical dispatch and saved result states	2026-10-10T06:41:42.3801074Z test_display_is_bounded_while_complete_scope_evidence_is_retained (tests.vnext.test_historical_statement_cases.HistoricalRevenueScopeConsumerTest.test_display_is_bounded_while_complete_scope_evidence_is_retained) ... ok
company-current	Historical dispatch and saved result states	2026-10-10T06:41:42.3818657Z test_literal_original_and_resolved_period_must_have_same_dates (tests.vnext.test_historical_statement_cases.HistoricalRevenueScopeConsumerTest.test_literal_original_and_resolved_period_must_have_same_dates) ... ok
company-current	Historical dispatch and saved result states	2026-10-10T06:41:42.3985497Z test_no_reported_total_retains_the_existing_component_scope_path (tests.vnext.test_historical_statement_cases.HistoricalRevenueScopeConsumerTest.test_no_reported_total_retains_the_existing_component_scope_path) ... ok
company-current	Historical dispatch and saved result states	2026-10-10T06:41:42.3987945Z test_processing_configuration_includes_shared_scope_dependency (tests.vnext.test_historical_statement_cases.HistoricalRevenueScopeConsumerTest.test_processing_configuration_includes_shared_scope_dependency) ... ok
company-current	Historical dispatch and saved result states	2026-10-10T06:41:42.4629657Z test_reported_late_date_and_cost_group_qualifiers_are_not_hidden (tests.vnext.test_historical_statement_cases.HistoricalRevenueScopeConsumerTest.test_reported_late_date_and_cost_group_qualifiers_are_not_hidden) ... ok
company-current	Historical dispatch and saved result states	2026-10-10T06:41:42.4981931Z test_reported_navigation_keeps_source_spans_without_accepting_subject_restrictions (tests.vnext.test_historical_statement_cases.HistoricalRevenueScopeConsumerTest.test_reported_navigation_keeps_source_spans_without_accepting_subject_restrictions) ... ok
company-current	Historical dispatch and saved result states	2026-10-10T06:41:42.5001516Z test_reported_total_conflict_cannot_fall_back_to_the_old_component (tests.vnext.test_historical_statement_cases.HistoricalRevenueScopeConsumerTest.test_reported_total_conflict_cannot_fall_back_to_the_old_component) ... ok
company-current	Historical dispatch and saved result states	2026-10-10T06:41:42.5207000Z test_reported_total_is_admitted_before_actual_calculator (tests.vnext.test_historical_statement_cases.HistoricalRevenueScopeConsumerTest.test_reported_total_is_admitted_before_actual_calculator) ... ok
company-current	Historical dispatch and saved result states	2026-10-10T06:41:42.5374845Z test_source_bound_resolved_label_reaches_the_shared_reader_without_raw_year_rewrite (tests.vnext.test_historical_statement_cases.HistoricalRevenueScopeConsumerTest.test_source_bound_resolved_label_reaches_the_shared_reader_without_raw_year_rewrite) ... ok
company-current	Historical dispatch and saved result states	2026-10-10T06:41:42.5567372Z test_total_cannot_be_borrowed_from_a_later_filing (tests.vnext.test_historical_statement_cases.HistoricalRevenueScopeConsumerTest.test_total_cannot_be_borrowed_from_a_later_filing) ... ok
company-current	Historical dispatch and saved result states	2026-10-10T06:41:42.5579663Z test_amended_target_and_successor_require_explicit_adaptation (tests.vnext.test_historical_statement_cases.HistoricalStatementScopeTest.test_amended_target_and_successor_require_explicit_adaptation) ... ok
company-current	Historical dispatch and saved result states	2026-10-10T06:41:42.5723390Z test_companyfacts_amount_must_match_the_selected_original (tests.vnext.test_historical_statement_cases.HistoricalStatementScopeTest.test_companyfacts_amount_must_match_the_selected_original) ... ok
company-current	Historical dispatch and saved result states	2026-10-10T06:41:42.5726210Z test_other_metric_does_not_select_sources (tests.vnext.test_historical_statement_cases.HistoricalStatementScopeTest.test_other_metric_does_not_select_sources) ... ok
company-current	Historical dispatch and saved result states	2026-10-10T06:41:42.5859197Z test_applicable_company_does_not_skip_its_source_requirements (tests.vnext.test_historical_statement_cases.HistoricalStructuralApplicabilityTest.test_applicable_company_does_not_skip_its_source_requirements) ... ok
company-current	Historical dispatch and saved result states	2026-10-10T06:41:42.5992182Z test_bank_trait_is_na_before_any_amount_selection (tests.vnext.test_historical_statement_cases.HistoricalStructuralApplicabilityTest.test_bank_trait_is_na_before_any_amount_selection) ... ok
company-current	Historical dispatch and saved result states	2026-10-10T06:41:42.6002796Z test_noncontinuous_rule_cannot_be_replaced_by_current_instant_permission (tests.vnext.test_historical_statement_cases.HistoricalSuccessorComparabilityTest.test_noncontinuous_rule_cannot_be_replaced_by_current_instant_permission) ... ok
company-current	Historical dispatch and saved result states	2026-10-10T06:41:42.6007921Z test_revenue_still_requires_statement_scope (tests.vnext.test_historical_statement_cases.HistoricalSuccessorComparabilityTest.test_revenue_still_requires_statement_scope) ... ok
company-current	Historical dispatch and saved result states	2026-10-10T06:41:42.6079981Z test_wrong_subject_or_cross_entity_cannot_use_the_metadata_guard (tests.vnext.test_historical_statement_cases.HistoricalSuccessorComparabilityTest.test_wrong_subject_or_cross_entity_cannot_use_the_metadata_guard) ... ok
company-current	Historical dispatch and saved result states	2026-10-10T06:41:42.6081472Z 
company-current	Historical dispatch and saved result states	2026-10-10T06:41:42.6081729Z ----------------------------------------------------------------------
company-current	Historical dispatch and saved result states	2026-10-10T06:41:42.6082247Z Ran 97 tests in 0.949s
company-current	Historical dispatch and saved result states	2026-10-10T06:41:42.6082460Z 
company-current	Historical dispatch and saved result states	2026-10-10T06:41:42.6082583Z OK
company-current	Paired reported comparisons and exact revenue defect	﻿2026-10-10T06:41:42.6601172Z ##[group]Run python3 tests/required_unittests.py tests.vnext.test_paired_measure_contradiction
company-current	Paired reported comparisons and exact revenue defect	2026-10-10T06:41:42.6601915Z ^[[36;1mpython3 tests/required_unittests.py tests.vnext.test_paired_measure_contradiction^[[0m
company-current	Paired reported comparisons and exact revenue defect	2026-10-10T06:41:42.6664915Z shell: /usr/bin/bash -e {0}
company-current	Paired reported comparisons and exact revenue defect	2026-10-10T06:41:42.6665189Z env:
company-current	Paired reported comparisons and exact revenue defect	2026-10-10T06:41:42.6665458Z   pythonLocation: /opt/hostedtoolcache/Python/3.14.8/x64
company-current	Paired reported comparisons and exact revenue defect	2026-10-10T06:41:42.6666096Z   PKG_CONFIG_PATH: /opt/hostedtoolcache/Python/3.14.8/x64/lib/pkgconfig
company-current	Paired reported comparisons and exact revenue defect	2026-10-10T06:41:42.6666544Z   Python_ROOT_DIR: /opt/hostedtoolcache/Python/3.14.8/x64
company-current	Paired reported comparisons and exact revenue defect	2026-10-10T06:41:42.6666926Z   Python2_ROOT_DIR: /opt/hostedtoolcache/Python/3.14.8/x64
company-current	Paired reported comparisons and exact revenue defect	2026-10-10T06:41:42.6667322Z   Python3_ROOT_DIR: /opt/hostedtoolcache/Python/3.14.8/x64
company-current	Paired reported comparisons and exact revenue defect	2026-10-10T06:41:42.6667698Z   LD_LIBRARY_PATH: /opt/hostedtoolcache/Python/3.14.8/x64/lib
company-current	Paired reported comparisons and exact revenue defect	2026-10-10T06:41:42.6668044Z   PYTHONDONTWRITEBYTECODE: 1
company-current	Paired reported comparisons and exact revenue defect	2026-10-10T06:41:42.6668291Z ##[endgroup]
company-current	Paired reported comparisons and exact revenue defect	2026-10-10T06:41:43.7869981Z test_default_register_holds_exact_subtotal_result_only (tests.vnext.test_paired_measure_contradiction.DefaultRevenueScopeDefectTest.test_default_register_holds_exact_subtotal_result_only) ... ok
company-current	Paired reported comparisons and exact revenue defect	2026-10-10T06:41:43.7872874Z test_conflicting_comparisons_cannot_choose_the_matching_one (tests.vnext.test_paired_measure_contradiction.PairedReportedComparisonTest.test_conflicting_comparisons_cannot_choose_the_matching_one) ... ok
company-current	Paired reported comparisons and exact revenue defect	2026-10-10T06:41:43.7875608Z test_other_period_unit_or_accession_is_not_a_prior_comparison (tests.vnext.test_paired_measure_contradiction.PairedReportedComparisonTest.test_other_period_unit_or_accession_is_not_a_prior_comparison) ... ok
company-current	Paired reported comparisons and exact revenue defect	2026-10-10T06:41:43.7878899Z test_same_label_matching_or_no_comparison_keeps_existing_behavior (tests.vnext.test_paired_measure_contradiction.PairedReportedComparisonTest.test_same_label_matching_or_no_comparison_keeps_existing_behavior) ... ok
company-current	Paired reported comparisons and exact revenue defect	2026-10-10T06:41:43.7881338Z test_same_label_prior_comparison_difference_is_not_accepted (tests.vnext.test_paired_measure_contradiction.PairedReportedComparisonTest.test_same_label_prior_comparison_difference_is_not_accepted) ... ok
company-current	Paired reported comparisons and exact revenue defect	2026-10-10T06:41:43.7883690Z test_supported_label_change_requires_the_original_prior_value (tests.vnext.test_paired_measure_contradiction.PairedReportedComparisonTest.test_supported_label_change_requires_the_original_prior_value) ... ok
company-current	Paired reported comparisons and exact revenue defect	2026-10-10T06:41:43.7884997Z 
company-current	Paired reported comparisons and exact revenue defect	2026-10-10T06:41:43.7885233Z ----------------------------------------------------------------------
company-current	Paired reported comparisons and exact revenue defect	2026-10-10T06:41:43.7885729Z Ran 6 tests in 0.999s
company-current	Paired reported comparisons and exact revenue defect	2026-10-10T06:41:43.7886150Z 
company-current	Paired reported comparisons and exact revenue defect	2026-10-10T06:41:43.7886268Z OK
company-current	Paired reported comparisons and exact revenue defect	2026-10-10T06:41:43.7887192Z {"allowed_skips": 0, "errors": 0, "failures": 0, "run": 6, "skip_reasons": [], "skipped": 0, "tests": ["tests.vnext.test_paired_measure_contradiction"]}
company-current	Explicit single revenue source and unchanged period defaults	﻿2026-10-10T06:41:43.8211202Z ##[group]Run python3 tests/required_unittests.py tests.vnext.test_single_revenue_line tests.vnext.test_selected_reported_revenue_v2 tests.vnext.test_financial_duration tests.vnext.test_selected_income_source_v1
company-current	Explicit single revenue source and unchanged period defaults	2026-10-10T06:41:43.8212729Z ^[[36;1mpython3 tests/required_unittests.py tests.vnext.test_single_revenue_line tests.vnext.test_selected_reported_revenue_v2 tests.vnext.test_financial_duration tests.vnext.test_selected_income_source_v1^[[0m
company-current	Explicit single revenue source and unchanged period defaults	2026-10-10T06:41:43.8274499Z shell: /usr/bin/bash -e {0}
company-current	Explicit single revenue source and unchanged period defaults	2026-10-10T06:41:43.8274758Z env:
company-current	Explicit single revenue source and unchanged period defaults	2026-10-10T06:41:43.8275030Z   pythonLocation: /opt/hostedtoolcache/Python/3.14.8/x64
company-current	Explicit single revenue source and unchanged period defaults	2026-10-10T06:41:43.8275484Z   PKG_CONFIG_PATH: /opt/hostedtoolcache/Python/3.14.8/x64/lib/pkgconfig
company-current	Explicit single revenue source and unchanged period defaults	2026-10-10T06:41:43.8276067Z   Python_ROOT_DIR: /opt/hostedtoolcache/Python/3.14.8/x64
company-current	Explicit single revenue source and unchanged period defaults	2026-10-10T06:41:43.8276461Z   Python2_ROOT_DIR: /opt/hostedtoolcache/Python/3.14.8/x64
company-current	Explicit single revenue source and unchanged period defaults	2026-10-10T06:41:43.8276852Z   Python3_ROOT_DIR: /opt/hostedtoolcache/Python/3.14.8/x64
company-current	Explicit single revenue source and unchanged period defaults	2026-10-10T06:41:43.8277232Z   LD_LIBRARY_PATH: /opt/hostedtoolcache/Python/3.14.8/x64/lib
company-current	Explicit single revenue source and unchanged period defaults	2026-10-10T06:41:43.8277599Z   PYTHONDONTWRITEBYTECODE: 1
company-current	Explicit single revenue source and unchanged period defaults	2026-10-10T06:41:43.8277833Z ##[endgroup]
company-current	Explicit single revenue source and unchanged period defaults	2026-10-10T06:41:45.2518092Z test_actual_current_consumers_bind_fixed_fiscal_assertion_only_when_used (tests.vnext.test_single_revenue_line.SingleRevenueLineTest.test_actual_current_consumers_bind_fixed_fiscal_assertion_only_when_used) ... ok
company-current	Explicit single revenue source and unchanged period defaults	2026-10-10T06:41:45.2888466Z test_component_rows_cannot_be_relabelled_as_single_revenue (tests.vnext.test_single_revenue_line.SingleRevenueLineTest.test_component_rows_cannot_be_relabelled_as_single_revenue) ... ok
company-current	Explicit single revenue source and unchanged period defaults	2026-10-10T06:41:45.3263662Z test_existing_entity_period_unit_scope_and_xml_checks_still_apply (tests.vnext.test_single_revenue_line.SingleRevenueLineTest.test_existing_entity_period_unit_scope_and_xml_checks_still_apply) ... ok
company-current	Explicit single revenue source and unchanged period defaults	2026-10-10T06:41:45.3410770Z test_explicit_single_line_keeps_original_fact_and_default_contract (tests.vnext.test_single_revenue_line.SingleRevenueLineTest.test_explicit_single_line_keeps_original_fact_and_default_contract) ... ok
company-current	Explicit single revenue source and unchanged period defaults	2026-10-10T06:41:45.3657579Z test_legitimate_repeated_header_and_currency_symbol_keep_the_single_amount (tests.vnext.test_single_revenue_line.SingleRevenueLineTest.test_legitimate_repeated_header_and_currency_symbol_keep_the_single_amount) ... ok
company-current	Explicit single revenue source and unchanged period defaults	2026-10-10T06:41:45.3854753Z test_no_statement_title_no_cost_or_no_income_does_not_prove_total (tests.vnext.test_single_revenue_line.SingleRevenueLineTest.test_no_statement_title_no_cost_or_no_income_does_not_prove_total) ... ok
company-current	Explicit single revenue source and unchanged period defaults	2026-10-10T06:41:45.3923741Z test_only_explicit_boolean_option_and_exact_plain_label (tests.vnext.test_single_revenue_line.SingleRevenueLineTest.test_only_explicit_boolean_option_and_exact_plain_label) ... ok
company-current	Explicit single revenue source and unchanged period defaults	2026-10-10T06:41:45.4208304Z test_remaining_tagged_and_untagged_revenue_parts_are_not_sole_line (tests.vnext.test_single_revenue_line.SingleRevenueLineTest.test_remaining_tagged_and_untagged_revenue_parts_are_not_sole_line) ... ok
company-current	Explicit single revenue source and unchanged period defaults	2026-10-10T06:41:45.4434662Z test_repeated_year_header_does_not_hide_an_earlier_amount (tests.vnext.test_single_revenue_line.SingleRevenueLineTest.test_repeated_year_header_does_not_hide_an_earlier_amount) ... ok
company-current	Explicit single revenue source and unchanged period defaults	2026-10-10T06:41:45.4644918Z test_selected_cell_extra_untagged_amount_cannot_hide_behind_xml_match (tests.vnext.test_single_revenue_line.SingleRevenueLineTest.test_selected_cell_extra_untagged_amount_cannot_hide_behind_xml_match) ... ok
company-current	Explicit single revenue source and unchanged period defaults	2026-10-10T06:41:45.4800565Z test_selected_fact_ordinal_is_not_a_python_list_offset (tests.vnext.test_single_revenue_line.SingleRevenueLineTest.test_selected_fact_ordinal_is_not_a_python_list_offset) ... ok
company-current	Explicit single revenue source and unchanged period defaults	2026-10-10T06:41:45.4940451Z test_explicit_total_admits_existing_fact_without_calculating_component_sum (tests.vnext.test_selected_reported_revenue_v2.SelectedReportedRevenueTest.test_explicit_total_admits_existing_fact_without_calculating_component_sum) ... ok
company-current	Explicit single revenue source and unchanged period defaults	2026-10-10T06:41:45.5197604Z test_fiscal_year_column_matches_full_selected_native_period_not_calendar_year (tests.vnext.test_selected_reported_revenue_v2.SelectedReportedRevenueTest.test_fiscal_year_column_matches_full_selected_native_period_not_calendar_year) ... ok
company-current	Explicit single revenue source and unchanged period defaults	2026-10-10T06:41:45.5360065Z test_later_year_header_cannot_hide_an_earlier_associated_full_date (tests.vnext.test_selected_reported_revenue_v2.SelectedReportedRevenueTest.test_later_year_header_cannot_hide_an_earlier_associated_full_date) ... ok
company-current	Explicit single revenue source and unchanged period defaults	2026-10-10T06:41:45.5739214Z test_limited_scope_wrong_scale_and_xml_disagreement_remain_errors (tests.vnext.test_selected_reported_revenue_v2.SelectedReportedRevenueTest.test_limited_scope_wrong_scale_and_xml_disagreement_remain_errors) ... ok
company-current	Explicit single revenue source and unchanged period defaults	2026-10-10T06:41:45.5894900Z test_note_total_or_wrong_companyfacts_filing_does_not_supply_company_total (tests.vnext.test_selected_reported_revenue_v2.SelectedReportedRevenueTest.test_note_total_or_wrong_companyfacts_filing_does_not_supply_company_total) ... ok
company-current	Explicit single revenue source and unchanged period defaults	2026-10-10T06:41:45.6670068Z test_resolved_label_keeps_raw_year_and_cannot_borrow_another_source (tests.vnext.test_selected_reported_revenue_v2.SelectedReportedRevenueTest.test_resolved_label_keeps_raw_year_and_cannot_borrow_another_source) ... ok
company-current	Explicit single revenue source and unchanged period defaults	2026-10-10T06:41:45.7042440Z test_separate_heading_table_is_bound_and_not_borrowed_from_other_statement (tests.vnext.test_selected_reported_revenue_v2.SelectedReportedRevenueTest.test_separate_heading_table_is_bound_and_not_borrowed_from_other_statement) ... ok
company-current	Explicit single revenue source and unchanged period defaults	2026-10-10T06:41:45.7351257Z test_visible_end_day_and_complete_date_agree_before_full_scope_credit (tests.vnext.test_selected_reported_revenue_v2.SelectedReportedRevenueTest.test_visible_end_day_and_complete_date_agree_before_full_scope_credit) ... ok
company-current	Explicit single revenue source and unchanged period defaults	2026-10-10T06:41:54.3641977Z test_actual_quarter_header_and_full_column_date_define_the_lcr_interval (tests.vnext.test_financial_duration.FinancialDurationTest.test_actual_quarter_header_and_full_column_date_define_the_lcr_interval) ... ok
company-current	Explicit single revenue source and unchanged period defaults	2026-10-10T06:41:54.4141378Z test_changed_duration_is_recomputed_with_new_source_hash (tests.vnext.test_financial_duration.FinancialDurationTest.test_changed_duration_is_recomputed_with_new_source_hash) ... ok
company-current	Explicit single revenue source and unchanged period defaults	2026-10-10T06:41:54.4158484Z test_duplicate_and_conflicting_footnotes_do_not_choose_a_convenient_period (tests.vnext.test_financial_duration.FinancialDurationTest.test_duplicate_and_conflicting_footnotes_do_not_choose_a_convenient_period) ... ok
company-current	Explicit single revenue source and unchanged period defaults	2026-10-10T06:41:54.4782212Z test_merged_interior_coordinate_and_nonnumeric_cell_are_not_selection_proof (tests.vnext.test_financial_duration.FinancialDurationTest.test_merged_interior_coordinate_and_nonnumeric_cell_are_not_selection_proof) ... ok
company-current	Explicit single revenue source and unchanged period defaults	2026-10-10T06:41:54.5288369Z test_missing_or_unlinked_footnote_never_falls_back_to_filing_year (tests.vnext.test_financial_duration.FinancialDurationTest.test_missing_or_unlinked_footnote_never_falls_back_to_filing_year) ... ok
company-current	Explicit single revenue source and unchanged period defaults	2026-10-10T06:41:54.5304411Z test_non_month_end_sources_need_explicit_dates_not_calendar_inference (tests.vnext.test_financial_duration.FinancialDurationTest.test_non_month_end_sources_need_explicit_dates_not_calendar_inference) ... ok
company-current	Explicit single revenue source and unchanged period defaults	2026-10-10T06:41:54.5313352Z test_noncalendar_annual_header_and_bad_claim_dates (tests.vnext.test_financial_duration.FinancialDurationTest.test_noncalendar_annual_header_and_bad_claim_dates) ... ok
company-current	Explicit single revenue source and unchanged period defaults	2026-10-10T06:41:58.9085808Z test_original_date_and_average_do_not_invent_a_quarter (tests.vnext.test_financial_duration.FinancialDurationTest.test_original_date_and_average_do_not_invent_a_quarter) ... ok
company-current	Explicit single revenue source and unchanged period defaults	2026-10-10T06:42:02.8504435Z test_original_explicit_annual_header_completes_without_recipe (tests.vnext.test_financial_duration.FinancialDurationTest.test_original_explicit_annual_header_completes_without_recipe) ... ok
company-current	Explicit single revenue source and unchanged period defaults	2026-10-10T06:42:06.8318858Z test_original_quarter_is_positive_and_annual_claim_is_rejected (tests.vnext.test_financial_duration.FinancialDurationTest.test_original_quarter_is_positive_and_annual_claim_is_rejected) ... ok
company-current	Explicit single revenue source and unchanged period defaults	2026-10-10T06:42:06.8337060Z test_point_in_time_row_or_linked_note_does_not_inherit_annual_duration (tests.vnext.test_financial_duration.FinancialDurationTest.test_point_in_time_row_or_linked_note_does_not_inherit_annual_duration) ... ok
company-current	Explicit single revenue source and unchanged period defaults	2026-10-10T06:42:06.9297850Z test_prior_year_header_requires_the_prior_year_measurement_interval (tests.vnext.test_financial_duration.FinancialDurationTest.test_prior_year_header_requires_the_prior_year_measurement_interval) ... ok
company-current	Explicit single revenue source and unchanged period defaults	2026-10-10T06:42:06.9307047Z test_quarter_header_cannot_be_overridden_by_a_second_annual_header (tests.vnext.test_financial_duration.FinancialDurationTest.test_quarter_header_cannot_be_overridden_by_a_second_annual_header) ... ok
company-current	Explicit single revenue source and unchanged period defaults	2026-10-10T06:42:07.0737307Z test_source_and_receipt_tampering_are_rejected_independently (tests.vnext.test_financial_duration.FinancialDurationTest.test_source_and_receipt_tampering_are_rejected_independently) ... ok
company-current	Explicit single revenue source and unchanged period defaults	2026-10-10T06:42:07.0786434Z test_source_month_end_intervals_cover_quarter_half_year_and_leap_boundaries (tests.vnext.test_financial_duration.FinancialDurationTest.test_source_month_end_intervals_cover_quarter_half_year_and_leap_boundaries) ... ok
company-current	Explicit single revenue source and unchanged period defaults	2026-10-10T06:42:07.1744820Z test_subject_and_unit_changes_do_not_keep_prior_acceptance (tests.vnext.test_financial_duration.FinancialDurationTest.test_subject_and_unit_changes_do_not_keep_prior_acceptance) ... ok
company-current	Explicit single revenue source and unchanged period defaults	2026-10-10T06:42:07.1769420Z test_unrelated_table_footnote_and_unknown_duration_stay_unresolved (tests.vnext.test_financial_duration.FinancialDurationTest.test_unrelated_table_footnote_and_unknown_duration_stay_unresolved) ... ok
company-current	Explicit single revenue source and unchanged period defaults	2026-10-10T06:42:07.1811700Z test_explicit_period_reader_inspects_exact_bytes_and_must_match_target (tests.vnext.test_selected_income_source_v1.SelectedIncomeSourceTest.test_explicit_period_reader_inspects_exact_bytes_and_must_match_target) ... ok
company-current	Explicit single revenue source and unchanged period defaults	2026-10-10T06:42:07.1865087Z test_non_usd_and_fake_namespace_rejected (tests.vnext.test_selected_income_source_v1.SelectedIncomeSourceTest.test_non_usd_and_fake_namespace_rejected) ... ok
company-current	Explicit single revenue source and unchanged period defaults	2026-10-10T06:42:07.1919871Z test_release_date_requires_explicit_policy_and_old_default_unchanged (tests.vnext.test_selected_income_source_v1.SelectedIncomeSourceTest.test_release_date_requires_explicit_policy_and_old_default_unchanged) ... ok
company-current	Explicit single revenue source and unchanged period defaults	2026-10-10T06:42:07.2399757Z test_selected_original_default_matches_retained_reader_without_current_preparation (tests.vnext.test_selected_income_source_v1.SelectedIncomeSourceTest.test_selected_original_default_matches_retained_reader_without_current_preparation) ... ok
company-current	Explicit single revenue source and unchanged period defaults	2026-10-10T06:42:07.2490036Z test_short_visible_period_conflict_and_missing_header_remain_explicit (tests.vnext.test_selected_income_source_v1.SelectedIncomeSourceTest.test_short_visible_period_conflict_and_missing_header_remain_explicit) ... ok
company-current	Explicit single revenue source and unchanged period defaults	2026-10-10T06:42:07.2492767Z test_source_byte_company_and_accession_binding_rejected (tests.vnext.test_selected_income_source_v1.SelectedIncomeSourceTest.test_source_byte_company_and_accession_binding_rejected) ... ok
company-current	Explicit single revenue source and unchanged period defaults	2026-10-10T06:42:07.2521253Z test_wrong_annual_period_and_dei_subject_rejected (tests.vnext.test_selected_income_source_v1.SelectedIncomeSourceTest.test_wrong_annual_period_and_dei_subject_rejected) ... ok
company-current	Explicit single revenue source and unchanged period defaults	2026-10-10T06:42:07.2522836Z 
company-current	Explicit single revenue source and unchanged period defaults	2026-10-10T06:42:07.2523096Z ----------------------------------------------------------------------
company-current	Explicit single revenue source and unchanged period defaults	2026-10-10T06:42:07.2523657Z Ran 43 tests in 22.612s
company-current	Explicit single revenue source and unchanged period defaults	2026-10-10T06:42:07.2523890Z 
company-current	Explicit single revenue source and unchanged period defaults	2026-10-10T06:42:07.2524012Z OK
company-current	Explicit single revenue source and unchanged period defaults	2026-10-10T06:42:07.2528245Z {"allowed_skips": 0, "errors": 0, "failures": 0, "run": 43, "skip_reasons": [], "skipped": 0, "tests": ["tests.vnext.test_single_revenue_line", "tests.vnext.test_selected_reported_revenue_v2", "tests.vnext.test_financial_duration", "tests.vnext.test_selected_income_source_v1"]}
company-current	Complete D04 company model input gates	﻿2026-10-10T06:42:07.2947992Z ##[group]Run python3 tests/required_unittests.py tests.vnext.test_current_d04_company
company-current	Complete D04 company model input gates	2026-10-10T06:42:07.2948644Z ^[[36;1mpython3 tests/required_unittests.py tests.vnext.test_current_d04_company^[[0m
company-current	Complete D04 company model input gates	2026-10-10T06:42:07.3010487Z shell: /usr/bin/bash -e {0}
company-current	Complete D04 company model input gates	2026-10-10T06:42:07.3010745Z env:
company-current	Complete D04 company model input gates	2026-10-10T06:42:07.3011013Z   pythonLocation: /opt/hostedtoolcache/Python/3.14.8/x64
company-current	Complete D04 company model input gates	2026-10-10T06:42:07.3011467Z   PKG_CONFIG_PATH: /opt/hostedtoolcache/Python/3.14.8/x64/lib/pkgconfig
company-current	Complete D04 company model input gates	2026-10-10T06:42:07.3011901Z   Python_ROOT_DIR: /opt/hostedtoolcache/Python/3.14.8/x64
company-current	Complete D04 company model input gates	2026-10-10T06:42:07.3012286Z   Python2_ROOT_DIR: /opt/hostedtoolcache/Python/3.14.8/x64
company-current	Complete D04 company model input gates	2026-10-10T06:42:07.3012667Z   Python3_ROOT_DIR: /opt/hostedtoolcache/Python/3.14.8/x64
company-current	Complete D04 company model input gates	2026-10-10T06:42:07.3013053Z   LD_LIBRARY_PATH: /opt/hostedtoolcache/Python/3.14.8/x64/lib
company-current	Complete D04 company model input gates	2026-10-10T06:42:07.3013384Z ##[endgroup]
company-current	Complete D04 company model input gates	2026-10-10T06:42:08.6158143Z test_complete_nonempty_findings_are_allowed_without_inventing_doubt (tests.vnext.test_current_d04_company.CurrentD04CompanyGateTest.test_complete_nonempty_findings_are_allowed_without_inventing_doubt) ... ok
company-current	Complete D04 company model input gates	2026-10-10T06:42:08.6160915Z test_missing_failed_and_conflicting_groups_are_rejected (tests.vnext.test_current_d04_company.CurrentD04CompanyGateTest.test_missing_failed_and_conflicting_groups_are_rejected) ... ok
company-current	Complete D04 company model input gates	2026-10-10T06:42:08.6162778Z test_missing_group_cannot_be_complete_even_with_a_stale_true_flag (tests.vnext.test_current_d04_company.CurrentD04CompanyGateTest.test_missing_group_cannot_be_complete_even_with_a_stale_true_flag) ... ok
company-current	Complete D04 company model input gates	2026-10-10T06:42:08.6164675Z test_unresolved_or_failed_evidence_is_never_company_credit (tests.vnext.test_current_d04_company.CurrentD04CompanyGateTest.test_unresolved_or_failed_evidence_is_never_company_credit) ... ok
company-current	Complete D04 company model input gates	2026-10-10T06:42:08.9080475Z test_source_or_interpretation_change_rechecks_once_then_reuses (tests.vnext.test_current_d04_company.CurrentD04DependencyUpdateTest.test_source_or_interpretation_change_rechecks_once_then_reuses) ... ok
company-current	Complete D04 company model input gates	2026-10-10T06:42:08.9081896Z 
company-current	Complete D04 company model input gates	2026-10-10T06:42:08.9082187Z ----------------------------------------------------------------------
company-current	Complete D04 company model input gates	2026-10-10T06:42:08.9082714Z Ran 5 tests in 0.292s
company-current	Complete D04 company model input gates	2026-10-10T06:42:08.9082927Z 
company-current	Complete D04 company model input gates	2026-10-10T06:42:08.9083045Z OK
company-current	Complete D04 company model input gates	2026-10-10T06:42:08.9083835Z {"allowed_skips": 0, "errors": 0, "failures": 0, "run": 5, "skip_reasons": [], "skipped": 0, "tests": ["tests.vnext.test_current_d04_company"]}
company-current	Selected event sources and explicit history validation	﻿2026-10-10T06:42:08.9581597Z ##[group]Run python3 tests/required_unittests.py tests.vnext.test_selected_event_source_v1 tests.vnext.test_registered_event_projection
company-current	Selected event sources and explicit history validation	2026-10-10T06:42:08.9582607Z ^[[36;1mpython3 tests/required_unittests.py tests.vnext.test_selected_event_source_v1 tests.vnext.test_registered_event_projection^[[0m
company-current	Selected event sources and explicit history validation	2026-10-10T06:42:08.9644114Z shell: /usr/bin/bash -e {0}
company-current	Selected event sources and explicit history validation	2026-10-10T06:42:08.9644369Z env:
company-current	Selected event sources and explicit history validation	2026-10-10T06:42:08.9644635Z   pythonLocation: /opt/hostedtoolcache/Python/3.14.8/x64
company-current	Selected event sources and explicit history validation	2026-10-10T06:42:08.9645079Z   PKG_CONFIG_PATH: /opt/hostedtoolcache/Python/3.14.8/x64/lib/pkgconfig
company-current	Selected event sources and explicit history validation	2026-10-10T06:42:08.9645506Z   Python_ROOT_DIR: /opt/hostedtoolcache/Python/3.14.8/x64
company-current	Selected event sources and explicit history validation	2026-10-10T06:42:08.9646032Z   Python2_ROOT_DIR: /opt/hostedtoolcache/Python/3.14.8/x64
company-current	Selected event sources and explicit history validation	2026-10-10T06:42:08.9646414Z   Python3_ROOT_DIR: /opt/hostedtoolcache/Python/3.14.8/x64
company-current	Selected event sources and explicit history validation	2026-10-10T06:42:08.9646801Z   LD_LIBRARY_PATH: /opt/hostedtoolcache/Python/3.14.8/x64/lib
company-current	Selected event sources and explicit history validation	2026-10-10T06:42:08.9647140Z   PYTHONDONTWRITEBYTECODE: 1
company-current	Selected event sources and explicit history validation	2026-10-10T06:42:08.9647572Z ##[endgroup]
company-current	Selected event sources and explicit history validation	2026-10-10T06:42:09.2851285Z test_explicit_history_check_receives_full_body_and_conflict_is_not_empty_success (tests.vnext.test_selected_event_source_v1.SelectedEventSourceTest.test_explicit_history_check_receives_full_body_and_conflict_is_not_empty_success) ... ok
company-current	Selected event sources and explicit history validation	2026-10-10T06:42:09.3204435Z test_gap_day_block_is_selected_and_validated_using_same_effective_last_day (tests.vnext.test_selected_event_source_v1.SelectedEventSourceTest.test_gap_day_block_is_selected_and_validated_using_same_effective_last_day) ... ok
company-current	Selected event sources and explicit history validation	2026-10-10T06:42:09.3336757Z test_missing_header_and_header_date_conflict_remain_failures (tests.vnext.test_selected_event_source_v1.SelectedEventSourceTest.test_missing_header_and_header_date_conflict_remain_failures) ... ok
company-current	Selected event sources and explicit history validation	2026-10-10T06:42:09.3614775Z test_registered_union_reads_both_issuers_and_rules_from_code_root (tests.vnext.test_selected_event_source_v1.SelectedEventSourceTest.test_registered_union_reads_both_issuers_and_rules_from_code_root) ... ok
company-current	Selected event sources and explicit history validation	2026-10-10T06:42:09.4001181Z test_repeated_legacy_gets_are_bound_but_latest_failure_is_visible (tests.vnext.test_selected_event_source_v1.SelectedEventSourceTest.test_repeated_legacy_gets_are_bound_but_latest_failure_is_visible) ... ok
company-current	Selected event sources and explicit history validation	2026-10-10T06:42:09.4233810Z test_same_blob_key_does_not_hide_a_conflicting_media_record (tests.vnext.test_selected_event_source_v1.SelectedEventSourceTest.test_same_blob_key_does_not_hide_a_conflicting_media_record) ... ok
company-current	Selected event sources and explicit history validation	2026-10-10T06:42:09.4396771Z test_source_only_nonempty_claims_keep_real_requests_and_no_results (tests.vnext.test_selected_event_source_v1.SelectedEventSourceTest.test_source_only_nonempty_claims_keep_real_requests_and_no_results) ... ok
company-current	Selected event sources and explicit history validation	2026-10-10T06:42:09.4418495Z test_wrong_registry_selected_entity_or_window_is_rejected (tests.vnext.test_selected_event_source_v1.SelectedEventSourceTest.test_wrong_registry_selected_entity_or_window_is_rejected) ... ok
company-current	Selected event sources and explicit history validation	2026-10-10T06:42:09.4444659Z test_approved_wide_window_retains_the_original_annual_period (tests.vnext.test_registered_event_projection.RegisteredEventProjectionTest.test_approved_wide_window_retains_the_original_annual_period) ... ok
company-current	Selected event sources and explicit history validation	2026-10-10T06:42:09.4463238Z test_arbitrary_wider_period_or_wrong_label_is_rejected (tests.vnext.test_registered_event_projection.RegisteredEventProjectionTest.test_arbitrary_wider_period_or_wrong_label_is_rejected) ... ok
company-current	Selected event sources and explicit history validation	2026-10-10T06:42:09.4466317Z test_financial_and_unreceived_e01_do_not_receive_wide_period_exception (tests.vnext.test_registered_event_projection.RegisteredEventProjectionTest.test_financial_and_unreceived_e01_do_not_receive_wide_period_exception) ... ok
company-current	Selected event sources and explicit history validation	2026-10-10T06:42:09.4509998Z test_missing_registrant_or_wrong_inventory_cannot_complete_union (tests.vnext.test_registered_event_projection.RegisteredEventProjectionTest.test_missing_registrant_or_wrong_inventory_cannot_complete_union) ... ok
company-current	Selected event sources and explicit history validation	2026-10-10T06:42:09.4541347Z test_wrong_registry_catalog_or_financial_combination_is_rejected (tests.vnext.test_registered_event_projection.RegisteredEventProjectionTest.test_wrong_registry_catalog_or_financial_combination_is_rejected) ... ok
company-current	Selected event sources and explicit history validation	2026-10-10T06:42:09.4544450Z {"allowed_skips": 0, "errors": 0, "failures": 0, "run": 13, "skip_reasons": [], "skipped": 0, "tests": ["tests.vnext.test_selected_event_source_v1", "tests.vnext.test_registered_event_projection"]}
company-current	Selected event sources and explicit history validation	2026-10-10T06:42:09.4546259Z 
company-current	Selected event sources and explicit history validation	2026-10-10T06:42:09.4546985Z ----------------------------------------------------------------------
company-current	Selected event sources and explicit history validation	2026-10-10T06:42:09.4547553Z Ran 13 tests in 0.194s
company-current	Selected event sources and explicit history validation	2026-10-10T06:42:09.4547769Z 
company-current	Selected event sources and explicit history validation	2026-10-10T06:42:09.4547884Z OK
company-current	Historical selected event scope and record retention	﻿2026-10-10T06:42:09.4941136Z ##[group]Run python3 tests/required_unittests.py tests.vnext.test_historical_event_cases.HistoricalEventCaseTest tests.vnext.test_historical_event_cases.HistoricalEventHistoryStrategyTest tests.vnext.test_historical_event_cases.HistoricalEventRecordRetentionTest
company-current	Historical selected event scope and record retention	2026-10-10T06:42:09.4943188Z ^[[36;1mpython3 tests/required_unittests.py tests.vnext.test_historical_event_cases.HistoricalEventCaseTest tests.vnext.test_historical_event_cases.HistoricalEventHistoryStrategyTest tests.vnext.test_historical_event_cases.HistoricalEventRecordRetentionTest^[[0m
company-current	Historical selected event scope and record retention	2026-10-10T06:42:09.5006359Z shell: /usr/bin/bash -e {0}
company-current	Historical selected event scope and record retention	2026-10-10T06:42:09.5006625Z env:
company-current	Historical selected event scope and record retention	2026-10-10T06:42:09.5006909Z   pythonLocation: /opt/hostedtoolcache/Python/3.14.8/x64
company-current	Historical selected event scope and record retention	2026-10-10T06:42:09.5007368Z   PKG_CONFIG_PATH: /opt/hostedtoolcache/Python/3.14.8/x64/lib/pkgconfig
company-current	Historical selected event scope and record retention	2026-10-10T06:42:09.5007803Z   Python_ROOT_DIR: /opt/hostedtoolcache/Python/3.14.8/x64
company-current	Historical selected event scope and record retention	2026-10-10T06:42:09.5008215Z   Python2_ROOT_DIR: /opt/hostedtoolcache/Python/3.14.8/x64
company-current	Historical selected event scope and record retention	2026-10-10T06:42:09.5008636Z   Python3_ROOT_DIR: /opt/hostedtoolcache/Python/3.14.8/x64
company-current	Historical selected event scope and record retention	2026-10-10T06:42:09.5009019Z   LD_LIBRARY_PATH: /opt/hostedtoolcache/Python/3.14.8/x64/lib
company-current	Historical selected event scope and record retention	2026-10-10T06:42:09.5009363Z   PYTHONDONTWRITEBYTECODE: 1
company-current	Historical selected event scope and record retention	2026-10-10T06:42:09.5009602Z ##[endgroup]
company-current	Historical selected event scope and record retention	2026-10-10T06:42:09.9166254Z test_catalog_change_to_content_method_is_an_explicit_gap (tests.vnext.test_historical_event_cases.HistoricalEventCaseTest.test_catalog_change_to_content_method_is_an_explicit_gap) ... ok
company-current	Historical selected event scope and record retention	2026-10-10T06:42:09.9168668Z test_content_confirmation_route_is_not_silently_counted (tests.vnext.test_historical_event_cases.HistoricalEventCaseTest.test_content_confirmation_route_is_not_silently_counted) ... ok
company-current	Historical selected event scope and record retention	2026-10-10T06:42:09.9294070Z test_incoherent_history_block_is_not_read_around (tests.vnext.test_historical_event_cases.HistoricalEventCaseTest.test_incoherent_history_block_is_not_read_around) ... ok
company-current	Historical selected event scope and record retention	2026-10-10T06:42:09.9422527Z test_missing_event_header_is_withheld_not_a_correct_zero (tests.vnext.test_historical_event_cases.HistoricalEventCaseTest.test_missing_event_header_is_withheld_not_a_correct_zero) ... ok
company-current	Historical selected event scope and record retention	2026-10-10T06:42:09.9788190Z test_part_iii_window_clearance_does_not_admit_financial_inputs (tests.vnext.test_historical_event_cases.HistoricalEventCaseTest.test_part_iii_window_clearance_does_not_admit_financial_inputs) ... ok
company-current	Historical selected event scope and record retention	2026-10-10T06:42:09.9790799Z test_predecessor_period_reads_only_its_selected_registrant (tests.vnext.test_historical_event_cases.HistoricalEventCaseTest.test_predecessor_period_reads_only_its_selected_registrant) ... ok
company-current	Historical selected event scope and record retention	2026-10-10T06:42:09.9797279Z test_successor_keeps_wide_measurement_and_pinned_container (tests.vnext.test_historical_event_cases.HistoricalEventCaseTest.test_successor_keeps_wide_measurement_and_pinned_container) ... ok
company-current	Historical selected event scope and record retention	2026-10-10T06:42:09.9919242Z test_unknown_program_error_is_not_mislabeled_as_disclosure_absence (tests.vnext.test_historical_event_cases.HistoricalEventCaseTest.test_unknown_program_error_is_not_mislabeled_as_disclosure_absence) ... ok
company-current	Historical selected event scope and record retention	2026-10-10T06:42:09.9922031Z test_complete_body_and_gap_day_use_the_existing_coherence_rule (tests.vnext.test_historical_event_cases.HistoricalEventHistoryStrategyTest.test_complete_body_and_gap_day_use_the_existing_coherence_rule) ... ok
company-current	Historical selected event scope and record retention	2026-10-10T06:42:10.0051587Z test_source_reference_does_not_overwrite_its_raw_blob (tests.vnext.test_historical_event_cases.HistoricalEventRecordRetentionTest.test_source_reference_does_not_overwrite_its_raw_blob) ... ok
company-current	Historical selected event scope and record retention	2026-10-10T06:42:10.0052956Z 
company-current	Historical selected event scope and record retention	2026-10-10T06:42:10.0053246Z ----------------------------------------------------------------------
company-current	Historical selected event scope and record retention	2026-10-10T06:42:10.0053774Z Ran 10 tests in 0.102s
company-current	Historical selected event scope and record retention	2026-10-10T06:42:10.0053988Z 
company-current	Historical selected event scope and record retention	2026-10-10T06:42:10.0054105Z OK
company-current	Historical selected event scope and record retention	2026-10-10T06:42:10.0058801Z {"allowed_skips": 0, "errors": 0, "failures": 0, "run": 10, "skip_reasons": [], "skipped": 0, "tests": ["tests.vnext.test_historical_event_cases.HistoricalEventCaseTest", "tests.vnext.test_historical_event_cases.HistoricalEventHistoryStrategyTest", "tests.vnext.test_historical_event_cases.HistoricalEventRecordRetentionTest"]}
company-current	Explicit D01 successor and ordinary factory admission	﻿2026-10-10T06:42:10.0438112Z ##[group]Run python3 tests/required_unittests.py tests.vnext.test_d01_explicit_running_headers tests.vnext.test_historical_risk_heading_case.HistoricalRiskHeadingCaseTest
company-current	Explicit D01 successor and ordinary factory admission	2026-10-10T06:42:10.0440310Z ^[[36;1mpython3 tests/required_unittests.py tests.vnext.test_d01_explicit_running_headers tests.vnext.test_historical_risk_heading_case.HistoricalRiskHeadingCaseTest^[[0m
company-current	Explicit D01 successor and ordinary factory admission	2026-10-10T06:42:10.0525783Z shell: /usr/bin/bash -e {0}
company-current	Explicit D01 successor and ordinary factory admission	2026-10-10T06:42:10.0526549Z env:
company-current	Explicit D01 successor and ordinary factory admission	2026-10-10T06:42:10.0526823Z   pythonLocation: /opt/hostedtoolcache/Python/3.14.8/x64
company-current	Explicit D01 successor and ordinary factory admission	2026-10-10T06:42:10.0527276Z   PKG_CONFIG_PATH: /opt/hostedtoolcache/Python/3.14.8/x64/lib/pkgconfig
company-current	Explicit D01 successor and ordinary factory admission	2026-10-10T06:42:10.0527710Z   Python_ROOT_DIR: /opt/hostedtoolcache/Python/3.14.8/x64
company-current	Explicit D01 successor and ordinary factory admission	2026-10-10T06:42:10.0528089Z   Python2_ROOT_DIR: /opt/hostedtoolcache/Python/3.14.8/x64
company-current	Explicit D01 successor and ordinary factory admission	2026-10-10T06:42:10.0528468Z   Python3_ROOT_DIR: /opt/hostedtoolcache/Python/3.14.8/x64
company-current	Explicit D01 successor and ordinary factory admission	2026-10-10T06:42:10.0528850Z   LD_LIBRARY_PATH: /opt/hostedtoolcache/Python/3.14.8/x64/lib
company-current	Explicit D01 successor and ordinary factory admission	2026-10-10T06:42:10.0529221Z   PYTHONDONTWRITEBYTECODE: 1
company-current	Explicit D01 successor and ordinary factory admission	2026-10-10T06:42:10.0529464Z ##[endgroup]
company-current	Explicit D01 successor and ordinary factory admission	2026-10-10T06:42:10.4866305Z test_changed_document_and_non_boolean_policy_are_refused (tests.vnext.test_d01_explicit_running_headers.ExplicitD01HeaderTest.test_changed_document_and_non_boolean_policy_are_refused) ... ok
company-current	Explicit D01 successor and ordinary factory admission	2026-10-10T06:42:10.5161514Z test_evidence_rebuilds_the_same_explicit_selection_and_rejects_old_candidate (tests.vnext.test_d01_explicit_running_headers.ExplicitD01HeaderTest.test_evidence_rebuilds_the_same_explicit_selection_and_rejects_old_candidate) ... ok
company-current	Explicit D01 successor and ordinary factory admission	2026-10-10T06:42:10.5212800Z test_explicit_company_factory_gate_does_not_open_default_d01 (tests.vnext.test_d01_explicit_running_headers.ExplicitD01HeaderTest.test_explicit_company_factory_gate_does_not_open_default_d01) ... ok
company-current	Explicit D01 successor and ordinary factory admission	2026-10-10T06:42:10.5597732Z test_explicit_successor_excludes_complete_header_default_and_v2_unchanged (tests.vnext.test_d01_explicit_running_headers.ExplicitD01HeaderTest.test_explicit_successor_excludes_complete_header_default_and_v2_unchanged) ... ok
company-current	Explicit D01 successor and ordinary factory admission	2026-10-10T06:42:10.5674532Z test_risk_sentence_with_the_same_prefix_is_kept_and_exact_span_preserved (tests.vnext.test_d01_explicit_running_headers.ExplicitD01HeaderTest.test_risk_sentence_with_the_same_prefix_is_kept_and_exact_span_preserved) ... ok
company-current	Explicit D01 successor and ordinary factory admission	2026-10-10T06:42:10.5829807Z test_underlined_heading_survives_while_repeated_combined_headers_do_not (tests.vnext.test_d01_explicit_running_headers.ExplicitD01HeaderTest.test_underlined_heading_survives_while_repeated_combined_headers_do_not) ... ok
company-current	Explicit D01 successor and ordinary factory admission	2026-10-10T06:42:10.5849541Z test_unknown_or_wrong_metric_successor_policy_is_rejected (tests.vnext.test_d01_explicit_running_headers.ExplicitD01HeaderTest.test_unknown_or_wrong_metric_successor_policy_is_rejected) ... ok
company-current	Explicit D01 successor and ordinary factory admission	2026-10-10T06:42:10.5953773Z test_wrong_entity_period_missing_section_and_changed_raw_still_refuse (tests.vnext.test_d01_explicit_running_headers.ExplicitD01HeaderTest.test_wrong_entity_period_missing_section_and_changed_raw_still_refuse) ... ok
company-current	Explicit D01 successor and ordinary factory admission	2026-10-10T06:42:11.6015723Z test_capacity_successor_keeps_the_complete_source_set_only_above_old_count (tests.vnext.test_historical_risk_heading_case.HistoricalRiskHeadingCaseTest.test_capacity_successor_keeps_the_complete_source_set_only_above_old_count) ... ok
company-current	Explicit D01 successor and ordinary factory admission	2026-10-10T06:42:11.6019127Z test_consumed_shared_functions_are_actual_declared_processing_dependencies (tests.vnext.test_historical_risk_heading_case.HistoricalRiskHeadingCaseTest.test_consumed_shared_functions_are_actual_declared_processing_dependencies) ... ok
company-current	Explicit D01 successor and ordinary factory admission	2026-10-10T06:42:11.6048696Z test_explicit_historical_namespace_view_cannot_admit_fake_dei_uri (tests.vnext.test_historical_risk_heading_case.HistoricalRiskHeadingCaseTest.test_explicit_historical_namespace_view_cannot_admit_fake_dei_uri) ... ok
company-current	Explicit D01 successor and ordinary factory admission	2026-10-10T06:42:11.6057879Z test_original_and_resolved_annual_dates_cannot_diverge (tests.vnext.test_historical_risk_heading_case.HistoricalRiskHeadingCaseTest.test_original_and_resolved_annual_dates_cannot_diverge) ... ok
company-current	Explicit D01 successor and ordinary factory admission	2026-10-10T06:42:11.6337509Z test_shared_d01_keeps_all_emphasized_excerpts_and_source_locators (tests.vnext.test_historical_risk_heading_case.HistoricalRiskHeadingCaseTest.test_shared_d01_keeps_all_emphasized_excerpts_and_source_locators) ... ok
company-current	Explicit D01 successor and ordinary factory admission	2026-10-10T06:42:11.6460182Z test_source_and_character_failures_are_not_capacity_fallback (tests.vnext.test_historical_risk_heading_case.HistoricalRiskHeadingCaseTest.test_source_and_character_failures_are_not_capacity_fallback) ... ok
company-current	Explicit D01 successor and ordinary factory admission	2026-10-10T06:42:11.6470149Z test_unreceived_amendment_and_successor_refuse_before_source_extraction (tests.vnext.test_historical_risk_heading_case.HistoricalRiskHeadingCaseTest.test_unreceived_amendment_and_successor_refuse_before_source_extraction) ... ok
company-current	Explicit D01 successor and ordinary factory admission	2026-10-10T06:42:11.6473051Z test_unsupported_metric_does_not_prepare_an_annual_source (tests.vnext.test_historical_risk_heading_case.HistoricalRiskHeadingCaseTest.test_unsupported_metric_does_not_prepare_an_annual_source) ... ok
company-current	Explicit D01 successor and ordinary factory admission	2026-10-10T06:42:11.6565160Z test_wrong_original_entity_and_missing_item1a_do_not_create_text (tests.vnext.test_historical_risk_heading_case.HistoricalRiskHeadingCaseTest.test_wrong_original_entity_and_missing_item1a_do_not_create_text) ... ok
company-current	Explicit D01 successor and ordinary factory admission	2026-10-10T06:42:11.6566970Z 
company-current	Explicit D01 successor and ordinary factory admission	2026-10-10T06:42:11.6567266Z ----------------------------------------------------------------------
company-current	Explicit D01 successor and ordinary factory admission	2026-10-10T06:42:11.6567862Z Ran 17 tests in 1.176s
company-current	Explicit D01 successor and ordinary factory admission	2026-10-10T06:42:11.6568098Z 
company-current	Explicit D01 successor and ordinary factory admission	2026-10-10T06:42:11.6568215Z OK
company-current	Explicit D01 successor and ordinary factory admission	2026-10-10T06:42:11.6569490Z {"allowed_skips": 0, "errors": 0, "failures": 0, "run": 17, "skip_reasons": [], "skipped": 0, "tests": ["tests.vnext.test_d01_explicit_running_headers", "tests.vnext.test_historical_risk_heading_case.HistoricalRiskHeadingCaseTest"]}
company-current	Existing historical SEC count and recorded capture compatibility	﻿2026-10-10T06:42:11.6926460Z ##[group]Run python3 tests/required_unittests.py tests.vnext.test_existing_historical_sec_state tests.vnext.test_historical_sec_capture_adapter tests.vnext.test_company_online
company-current	Existing historical SEC count and recorded capture compatibility	2026-10-10T06:42:11.6927793Z ^[[36;1mpython3 tests/required_unittests.py tests.vnext.test_existing_historical_sec_state tests.vnext.test_historical_sec_capture_adapter tests.vnext.test_company_online^[[0m
company-current	Existing historical SEC count and recorded capture compatibility	2026-10-10T06:42:11.6990013Z shell: /usr/bin/bash -e {0}
company-current	Existing historical SEC count and recorded capture compatibility	2026-10-10T06:42:11.6990470Z env:
company-current	Existing historical SEC count and recorded capture compatibility	2026-10-10T06:42:11.6990921Z   pythonLocation: /opt/hostedtoolcache/Python/3.14.8/x64
company-current	Existing historical SEC count and recorded capture compatibility	2026-10-10T06:42:11.6991678Z   PKG_CONFIG_PATH: /opt/hostedtoolcache/Python/3.14.8/x64/lib/pkgconfig
company-current	Existing historical SEC count and recorded capture compatibility	2026-10-10T06:42:11.6992408Z   Python_ROOT_DIR: /opt/hostedtoolcache/Python/3.14.8/x64
company-current	Existing historical SEC count and recorded capture compatibility	2026-10-10T06:42:11.6992883Z   Python2_ROOT_DIR: /opt/hostedtoolcache/Python/3.14.8/x64
company-current	Existing historical SEC count and recorded capture compatibility	2026-10-10T06:42:11.6993301Z   Python3_ROOT_DIR: /opt/hostedtoolcache/Python/3.14.8/x64
company-current	Existing historical SEC count and recorded capture compatibility	2026-10-10T06:42:11.6993720Z   LD_LIBRARY_PATH: /opt/hostedtoolcache/Python/3.14.8/x64/lib
company-current	Existing historical SEC count and recorded capture compatibility	2026-10-10T06:42:11.6994101Z   PYTHONDONTWRITEBYTECODE: 1
company-current	Existing historical SEC count and recorded capture compatibility	2026-10-10T06:42:11.6994343Z ##[endgroup]
company-current	Existing historical SEC count and recorded capture compatibility	2026-10-10T06:42:11.9900765Z test_additive_limit_and_conservative_count_are_separate_from_binding (tests.vnext.test_existing_historical_sec_state.ExistingHistoricalSecStateTest.test_additive_limit_and_conservative_count_are_separate_from_binding) ... ok
company-current	Existing historical SEC count and recorded capture compatibility	2026-10-10T06:42:11.9958151Z test_known_failure_is_charged_and_wrong_logged_row_is_rejected (tests.vnext.test_existing_historical_sec_state.ExistingHistoricalSecStateTest.test_known_failure_is_charged_and_wrong_logged_row_is_rejected) ... ok
company-current	Existing historical SEC count and recorded capture compatibility	2026-10-10T06:42:11.9990805Z test_missing_terminal_is_counted_and_blocks (tests.vnext.test_existing_historical_sec_state.ExistingHistoricalSecStateTest.test_missing_terminal_is_counted_and_blocks) ... ok
company-current	Existing historical SEC count and recorded capture compatibility	2026-10-10T06:42:12.0025978Z test_unknown_outcome_is_not_free_or_resolved (tests.vnext.test_existing_historical_sec_state.ExistingHistoricalSecStateTest.test_unknown_outcome_is_not_free_or_resolved) ... ok
company-current	Existing historical SEC count and recorded capture compatibility	2026-10-10T06:42:12.0069951Z test_wrong_intent_binding_or_extension_prefix_is_rejected (tests.vnext.test_existing_historical_sec_state.ExistingHistoricalSecStateTest.test_wrong_intent_binding_or_extension_prefix_is_rejected) ... ok
company-current	Existing historical SEC count and recorded capture compatibility	2026-10-10T06:42:12.0269409Z test_new_403_is_persisted_as_a_stop (tests.vnext.test_historical_sec_capture_adapter.HistoricalSecCaptureAdapterTest.test_new_403_is_persisted_as_a_stop) ... SEC retry exhausted for https://data.sec.gov/submissions/CIK0001048286-attachments-001.json; status=403; error=
company-current	Existing historical SEC count and recorded capture compatibility	2026-10-10T06:42:12.0369216Z ok
company-current	Existing historical SEC count and recorded capture compatibility	2026-10-10T06:42:13.0390574Z test_original_historical_context_without_closure_hash_can_capture (tests.vnext.test_historical_sec_capture_adapter.HistoricalSecCaptureAdapterTest.test_original_historical_context_without_closure_hash_can_capture) ... ok
company-current	Existing historical SEC count and recorded capture compatibility	2026-10-10T06:42:13.0549051Z test_plan_interrupt_consumes_opportunity_without_http_or_fake_terminal (tests.vnext.test_historical_sec_capture_adapter.HistoricalSecCaptureAdapterTest.test_plan_interrupt_consumes_opportunity_without_http_or_fake_terminal) ... ok
company-current	Existing historical SEC count and recorded capture compatibility	2026-10-10T06:42:14.0551568Z test_recorded_capture_preserves_prior_rows_and_uses_next_old_format_slot (tests.vnext.test_historical_sec_capture_adapter.HistoricalSecCaptureAdapterTest.test_recorded_capture_preserves_prior_rows_and_uses_next_old_format_slot) ... ok
company-current	Existing historical SEC count and recorded capture compatibility	2026-10-10T06:42:14.0624863Z test_unclaimed_new_log_row_is_not_treated_as_old_imported_history (tests.vnext.test_historical_sec_capture_adapter.HistoricalSecCaptureAdapterTest.test_unclaimed_new_log_row_is_not_treated_as_old_imported_history) ... ok
company-current	Existing historical SEC count and recorded capture compatibility	2026-10-10T06:42:15.0324383Z test_unknown_and_new_rate_refusal_remain_charged_and_stopped (tests.vnext.test_historical_sec_capture_adapter.HistoricalSecCaptureAdapterTest.test_unknown_and_new_rate_refusal_remain_charged_and_stopped) ... ok
company-current	Existing historical SEC count and recorded capture compatibility	2026-10-10T06:42:15.0430504Z test_wrong_url_root_refresh_and_limit_refuse_before_transport (tests.vnext.test_historical_sec_capture_adapter.HistoricalSecCaptureAdapterTest.test_wrong_url_root_refresh_and_limit_refuse_before_transport) ... ok
company-current	Existing historical SEC count and recorded capture compatibility	2026-10-10T06:42:15.0548652Z test_latest_does_not_silently_ignore_supplied_years (tests.vnext.test_company_online.CompanyCliPeriodRoutingTest.test_latest_does_not_silently_ignore_supplied_years) ... ok
company-current	Existing historical SEC count and recorded capture compatibility	2026-10-10T06:42:15.0574413Z test_latest_saved_source_also_rejects_ignored_year_arguments (tests.vnext.test_company_online.CompanyCliPeriodRoutingTest.test_latest_saved_source_also_rejects_ignored_year_arguments) ... ok
company-current	Existing historical SEC count and recorded capture compatibility	2026-10-10T06:42:15.0602294Z test_online_historical_range_rejected_before_context_or_writer (tests.vnext.test_company_online.CompanyCliPeriodRoutingTest.test_online_historical_range_rejected_before_context_or_writer) ... ok
company-current	Existing historical SEC count and recorded capture compatibility	2026-10-10T06:42:15.0632253Z test_saved_history_range_forwarded_to_existing_public_consumer (tests.vnext.test_company_online.CompanyCliPeriodRoutingTest.test_saved_history_range_forwarded_to_existing_public_consumer) ... ok
company-current	Existing historical SEC count and recorded capture compatibility	2026-10-10T06:42:15.0657288Z test_supported_current_online_dispatch_unchanged (tests.vnext.test_company_online.CompanyCliPeriodRoutingTest.test_supported_current_online_dispatch_unchanged) ... ok
company-current	Existing historical SEC count and recorded capture compatibility	2026-10-10T06:42:15.1216915Z test_claim_is_reported_pending_before_plan_persistence (tests.vnext.test_company_online.CompanyOnlineTest.test_claim_is_reported_pending_before_plan_persistence) ... ok
company-current	Existing historical SEC count and recorded capture compatibility	2026-10-10T06:42:15.1269871Z test_existing_real_ledger_never_created (tests.vnext.test_company_online.CompanyOnlineTest.test_existing_real_ledger_never_created) ... ok
company-current	Existing historical SEC count and recorded capture compatibility	2026-10-10T06:42:16.0393909Z test_new_task_source_directory_does_not_reset_immutable_capture (tests.vnext.test_company_online.CompanyOnlineTest.test_new_task_source_directory_does_not_reset_immutable_capture) ... ok
company-current	Existing historical SEC count and recorded capture compatibility	2026-10-10T06:42:17.0377452Z test_one_native_http_attempt_uses_existing_count_and_no_retry (tests.vnext.test_company_online.CompanyOnlineTest.test_one_native_http_attempt_uses_existing_count_and_no_retry) ... ok
company-current	Existing historical SEC count and recorded capture compatibility	2026-10-10T06:42:17.0457413Z test_persistence_interrupt_leaves_counted_pending_no_second_transport (tests.vnext.test_company_online.CompanyOnlineTest.test_persistence_interrupt_leaves_counted_pending_no_second_transport) ... ok
company-current	Existing historical SEC count and recorded capture compatibility	2026-10-10T06:42:17.0532683Z test_prior_metadata_missing_does_not_prevent_current_sources (tests.vnext.test_company_online.CompanyOnlineTest.test_prior_metadata_missing_does_not_prevent_current_sources) ... ok
company-current	Existing historical SEC count and recorded capture compatibility	2026-10-10T06:42:17.0596888Z test_recorded_context_without_replies_cannot_use_network (tests.vnext.test_company_online.CompanyOnlineTest.test_recorded_context_without_replies_cannot_use_network) ... ok
company-current	Existing historical SEC count and recorded capture compatibility	2026-10-10T06:42:17.0648694Z test_scope_or_limits_cannot_be_changed_by_call_context (tests.vnext.test_company_online.CompanyOnlineTest.test_scope_or_limits_cannot_be_changed_by_call_context) ... ok
company-current	Existing historical SEC count and recorded capture compatibility	2026-10-10T06:42:18.0328845Z test_unknown_remote_blocks_next_claim_and_is_not_zero (tests.vnext.test_company_online.CompanyOnlineTest.test_unknown_remote_blocks_next_claim_and_is_not_zero) ... ok
company-current	Existing historical SEC count and recorded capture compatibility	2026-10-10T06:42:18.0382052Z test_unsupported_metric_rejected_before_sources_or_claim (tests.vnext.test_company_online.CompanyOnlineTest.test_unsupported_metric_rejected_before_sources_or_claim) ... ok
company-current	Existing historical SEC count and recorded capture compatibility	2026-10-10T06:42:18.0382921Z 
company-current	Existing historical SEC count and recorded capture compatibility	2026-10-10T06:42:18.0383099Z ----------------------------------------------------------------------
company-current	Existing historical SEC count and recorded capture compatibility	2026-10-10T06:42:18.0383498Z Ran 27 tests in 6.053s
company-current	Existing historical SEC count and recorded capture compatibility	2026-10-10T06:42:18.0383650Z 
company-current	Existing historical SEC count and recorded capture compatibility	2026-10-10T06:42:18.0383743Z OK
company-current	Existing historical SEC count and recorded capture compatibility	2026-10-10T06:42:18.0384681Z {"allowed_skips": 0, "errors": 0, "failures": 0, "run": 27, "skip_reasons": [], "skipped": 0, "tests": ["tests.vnext.test_existing_historical_sec_state", "tests.vnext.test_historical_sec_capture_adapter", "tests.vnext.test_company_online"]}
company-current	Existing historical SEC count and recorded capture compatibility	2026-10-10T06:42:18.0828195Z ##[error]The operation was canceled.
company-current	Post Run actions/checkout@de0fac2e4500dabe0009e67214ff5f5447ce83dd	﻿2026-10-10T06:42:18.0971345Z Post job cleanup.
company-current	Post Run actions/checkout@de0fac2e4500dabe0009e67214ff5f5447ce83dd	2026-10-10T06:42:18.1801456Z [command]/usr/bin/git version
company-current	Post Run actions/checkout@de0fac2e4500dabe0009e67214ff5f5447ce83dd	2026-10-10T06:42:18.1843941Z git version 2.55.0
company-current	Post Run actions/checkout@de0fac2e4500dabe0009e67214ff5f5447ce83dd	2026-10-10T06:42:18.1882943Z Temporarily overriding HOME='/home/runner/work/_temp/d5b72728-fb85-4183-af71-7591134f02ca' before making global git config changes
company-current	Post Run actions/checkout@de0fac2e4500dabe0009e67214ff5f5447ce83dd	2026-10-10T06:42:18.1884444Z Adding repository directory to the temporary git global config as a safe directory
company-current	Post Run actions/checkout@de0fac2e4500dabe0009e67214ff5f5447ce83dd	2026-10-10T06:42:18.1888611Z [command]/usr/bin/git config --global --add safe.directory /home/runner/work/SEC_metrics/SEC_metrics
company-current	Post Run actions/checkout@de0fac2e4500dabe0009e67214ff5f5447ce83dd	2026-10-10T06:42:18.1921469Z Removing SSH command configuration
company-current	Post Run actions/checkout@de0fac2e4500dabe0009e67214ff5f5447ce83dd	2026-10-10T06:42:18.1928606Z [command]/usr/bin/git config --local --name-only --get-regexp core\.sshCommand
company-current	Post Run actions/checkout@de0fac2e4500dabe0009e67214ff5f5447ce83dd	2026-10-10T06:42:18.1964850Z [command]/usr/bin/git submodule foreach --recursive sh -c "git config --local --name-only --get-regexp 'core\.sshCommand' && git config --local --unset-all 'core.sshCommand' || :"
company-current	Post Run actions/checkout@de0fac2e4500dabe0009e67214ff5f5447ce83dd	2026-10-10T06:42:18.2241401Z Removing HTTP extra header
company-current	Post Run actions/checkout@de0fac2e4500dabe0009e67214ff5f5447ce83dd	2026-10-10T06:42:18.2242369Z [command]/usr/bin/git config --local --name-only --get-regexp http\.https\:\/\/github\.com\/\.extraheader
company-current	Post Run actions/checkout@de0fac2e4500dabe0009e67214ff5f5447ce83dd	2026-10-10T06:42:18.2273697Z [command]/usr/bin/git submodule foreach --recursive sh -c "git config --local --name-only --get-regexp 'http\.https\:\/\/github\.com\/\.extraheader' && git config --local --unset-all 'http.https://github.com/.extraheader' || :"
company-current	Post Run actions/checkout@de0fac2e4500dabe0009e67214ff5f5447ce83dd	2026-10-10T06:42:18.2544734Z Removing includeIf entries pointing to credentials config files
company-current	Post Run actions/checkout@de0fac2e4500dabe0009e67214ff5f5447ce83dd	2026-10-10T06:42:18.2553518Z [command]/usr/bin/git config --local --name-only --get-regexp ^includeIf\.gitdir:
company-current	Post Run actions/checkout@de0fac2e4500dabe0009e67214ff5f5447ce83dd	2026-10-10T06:42:18.2593783Z [command]/usr/bin/git submodule foreach --recursive git config --local --show-origin --name-only --get-regexp remote.origin.url
company-current	Complete job	﻿2026-10-10T06:42:18.3011192Z Cleaning up orphan processes
