company-current	Set up job	﻿2026-10-10T11:29:28.9898090Z Current runner version: '2.337.0'
company-current	Set up job	2026-10-10T11:29:28.9948443Z ##[group]Runner Image Provisioner
company-current	Set up job	2026-10-10T11:29:28.9949352Z Hosted Compute Agent
company-current	Set up job	2026-10-10T11:29:28.9949999Z Version: 20261002.596
company-current	Set up job	2026-10-10T11:29:28.9950640Z Commit: c3d12f3313a95f25162a1503be624f3b0617f8c0
company-current	Set up job	2026-10-10T11:29:28.9951395Z Build Date: 2026-10-02T22:28:27Z
company-current	Set up job	2026-10-10T11:29:28.9952123Z Worker ID: {7dc0ddfd-40a5-4e50-bd38-89ffc13290ea}
company-current	Set up job	2026-10-10T11:29:28.9952850Z Region: westcentralus
company-current	Set up job	2026-10-10T11:29:28.9953644Z Cloud: Azure
company-current	Set up job	2026-10-10T11:29:28.9954247Z ##[endgroup]
company-current	Set up job	2026-10-10T11:29:28.9955740Z ##[group]Operating System
company-current	Set up job	2026-10-10T11:29:28.9956484Z Ubuntu
company-current	Set up job	2026-10-10T11:29:28.9956997Z 24.04.5
company-current	Set up job	2026-10-10T11:29:28.9957479Z LTS
company-current	Set up job	2026-10-10T11:29:28.9958042Z ##[endgroup]
company-current	Set up job	2026-10-10T11:29:28.9958624Z ##[group]Runner Image
company-current	Set up job	2026-10-10T11:29:28.9959265Z Image: ubuntu-24.04
company-current	Set up job	2026-10-10T11:29:28.9959891Z Version: 20261004.327.1
company-current	Set up job	2026-10-10T11:29:28.9960952Z Included Software: https://github.com/actions/runner-images/blob/ubuntu24/20261004.327/images/ubuntu/Ubuntu2404-Readme.md
company-current	Set up job	2026-10-10T11:29:28.9962780Z Image Release: https://github.com/actions/runner-images/releases/tag/ubuntu24%2F20261004.327
company-current	Set up job	2026-10-10T11:29:28.9964003Z ##[endgroup]
company-current	Set up job	2026-10-10T11:29:28.9965112Z ##[group]GITHUB_TOKEN Permissions
company-current	Set up job	2026-10-10T11:29:28.9967251Z Contents: read
company-current	Set up job	2026-10-10T11:29:28.9967913Z Metadata: read
company-current	Set up job	2026-10-10T11:29:28.9968470Z ##[endgroup]
company-current	Set up job	2026-10-10T11:29:28.9970608Z Secret source: Actions
company-current	Set up job	2026-10-10T11:29:28.9972211Z Cache mode: write
company-current	Set up job	2026-10-10T11:29:28.9973733Z Prepare workflow directory
company-current	Set up job	2026-10-10T11:29:29.0359515Z Prepare all required actions
company-current	Set up job	2026-10-10T11:29:29.0405618Z Getting action download info
company-current	Set up job	2026-10-10T11:29:29.3362347Z Download action repository 'actions/checkout@de0fac2e4500dabe0009e67214ff5f5447ce83dd' (SHA:de0fac2e4500dabe0009e67214ff5f5447ce83dd)
company-current	Set up job	2026-10-10T11:29:29.4711166Z Download action repository 'actions/setup-python@a309ff8b426b58ec0e2a45f0f869d46889d02405' (SHA:a309ff8b426b58ec0e2a45f0f869d46889d02405)
company-current	Set up job	2026-10-10T11:29:29.6801897Z Complete job name: company-current
company-current	Run actions/checkout@de0fac2e4500dabe0009e67214ff5f5447ce83dd	﻿2026-10-10T11:29:29.7589424Z ##[group]Run actions/checkout@de0fac2e4500dabe0009e67214ff5f5447ce83dd
company-current	Run actions/checkout@de0fac2e4500dabe0009e67214ff5f5447ce83dd	2026-10-10T11:29:29.7590503Z with:
company-current	Run actions/checkout@de0fac2e4500dabe0009e67214ff5f5447ce83dd	2026-10-10T11:29:29.7590949Z   persist-credentials: false
company-current	Run actions/checkout@de0fac2e4500dabe0009e67214ff5f5447ce83dd	2026-10-10T11:29:29.7591462Z   repository: wlvh/SEC_metrics
company-current	Run actions/checkout@de0fac2e4500dabe0009e67214ff5f5447ce83dd	2026-10-10T11:29:29.7595728Z   token: ***
company-current	Run actions/checkout@de0fac2e4500dabe0009e67214ff5f5447ce83dd	2026-10-10T11:29:29.7596161Z   ssh-strict: true
company-current	Run actions/checkout@de0fac2e4500dabe0009e67214ff5f5447ce83dd	2026-10-10T11:29:29.7596598Z   ssh-user: git
company-current	Run actions/checkout@de0fac2e4500dabe0009e67214ff5f5447ce83dd	2026-10-10T11:29:29.7597012Z   clean: true
company-current	Run actions/checkout@de0fac2e4500dabe0009e67214ff5f5447ce83dd	2026-10-10T11:29:29.7597448Z   sparse-checkout-cone-mode: true
company-current	Run actions/checkout@de0fac2e4500dabe0009e67214ff5f5447ce83dd	2026-10-10T11:29:29.7597964Z   fetch-depth: 1
company-current	Run actions/checkout@de0fac2e4500dabe0009e67214ff5f5447ce83dd	2026-10-10T11:29:29.7598387Z   fetch-tags: false
company-current	Run actions/checkout@de0fac2e4500dabe0009e67214ff5f5447ce83dd	2026-10-10T11:29:29.7598819Z   show-progress: true
company-current	Run actions/checkout@de0fac2e4500dabe0009e67214ff5f5447ce83dd	2026-10-10T11:29:29.7599253Z   lfs: false
company-current	Run actions/checkout@de0fac2e4500dabe0009e67214ff5f5447ce83dd	2026-10-10T11:29:29.7599660Z   submodules: false
company-current	Run actions/checkout@de0fac2e4500dabe0009e67214ff5f5447ce83dd	2026-10-10T11:29:29.7600141Z   set-safe-directory: true
company-current	Run actions/checkout@de0fac2e4500dabe0009e67214ff5f5447ce83dd	2026-10-10T11:29:29.7600891Z ##[endgroup]
company-current	Run actions/checkout@de0fac2e4500dabe0009e67214ff5f5447ce83dd	2026-10-10T11:29:29.8599174Z Syncing repository: wlvh/SEC_metrics
company-current	Run actions/checkout@de0fac2e4500dabe0009e67214ff5f5447ce83dd	2026-10-10T11:29:29.8602025Z ##[group]Getting Git version info
company-current	Run actions/checkout@de0fac2e4500dabe0009e67214ff5f5447ce83dd	2026-10-10T11:29:29.8603468Z Working directory is '/home/runner/work/SEC_metrics/SEC_metrics'
company-current	Run actions/checkout@de0fac2e4500dabe0009e67214ff5f5447ce83dd	2026-10-10T11:29:29.8605250Z [command]/usr/bin/git version
company-current	Run actions/checkout@de0fac2e4500dabe0009e67214ff5f5447ce83dd	2026-10-10T11:29:29.8661251Z git version 2.55.0
company-current	Run actions/checkout@de0fac2e4500dabe0009e67214ff5f5447ce83dd	2026-10-10T11:29:29.8686922Z ##[endgroup]
company-current	Run actions/checkout@de0fac2e4500dabe0009e67214ff5f5447ce83dd	2026-10-10T11:29:29.8702677Z Temporarily overriding HOME='/home/runner/work/_temp/5253762a-57f4-4093-9251-caf2d00279ef' before making global git config changes
company-current	Run actions/checkout@de0fac2e4500dabe0009e67214ff5f5447ce83dd	2026-10-10T11:29:29.8705491Z Adding repository directory to the temporary git global config as a safe directory
company-current	Run actions/checkout@de0fac2e4500dabe0009e67214ff5f5447ce83dd	2026-10-10T11:29:29.8709592Z [command]/usr/bin/git config --global --add safe.directory /home/runner/work/SEC_metrics/SEC_metrics
company-current	Run actions/checkout@de0fac2e4500dabe0009e67214ff5f5447ce83dd	2026-10-10T11:29:29.8786273Z Deleting the contents of '/home/runner/work/SEC_metrics/SEC_metrics'
company-current	Run actions/checkout@de0fac2e4500dabe0009e67214ff5f5447ce83dd	2026-10-10T11:29:29.8791135Z ##[group]Initializing the repository
company-current	Run actions/checkout@de0fac2e4500dabe0009e67214ff5f5447ce83dd	2026-10-10T11:29:29.8796662Z [command]/usr/bin/git init /home/runner/work/SEC_metrics/SEC_metrics
company-current	Run actions/checkout@de0fac2e4500dabe0009e67214ff5f5447ce83dd	2026-10-10T11:29:29.8925058Z hint: Using 'master' as the name for the initial branch. This default branch name
company-current	Run actions/checkout@de0fac2e4500dabe0009e67214ff5f5447ce83dd	2026-10-10T11:29:29.8929058Z hint: will change to "main" in Git 3.0. To configure the initial branch name
company-current	Run actions/checkout@de0fac2e4500dabe0009e67214ff5f5447ce83dd	2026-10-10T11:29:29.8931259Z hint: to use in all of your new repositories, which will suppress this warning,
company-current	Run actions/checkout@de0fac2e4500dabe0009e67214ff5f5447ce83dd	2026-10-10T11:29:29.8932597Z hint: call:
company-current	Run actions/checkout@de0fac2e4500dabe0009e67214ff5f5447ce83dd	2026-10-10T11:29:29.8933673Z hint:
company-current	Run actions/checkout@de0fac2e4500dabe0009e67214ff5f5447ce83dd	2026-10-10T11:29:29.8934611Z hint: 	git config --global init.defaultBranch <name>
company-current	Run actions/checkout@de0fac2e4500dabe0009e67214ff5f5447ce83dd	2026-10-10T11:29:29.8935644Z hint:
company-current	Run actions/checkout@de0fac2e4500dabe0009e67214ff5f5447ce83dd	2026-10-10T11:29:29.8936613Z hint: Names commonly chosen instead of 'master' are 'main', 'trunk' and
company-current	Run actions/checkout@de0fac2e4500dabe0009e67214ff5f5447ce83dd	2026-10-10T11:29:29.8938218Z hint: 'development'. The just-created branch can be renamed via this command:
company-current	Run actions/checkout@de0fac2e4500dabe0009e67214ff5f5447ce83dd	2026-10-10T11:29:29.8939614Z hint:
company-current	Run actions/checkout@de0fac2e4500dabe0009e67214ff5f5447ce83dd	2026-10-10T11:29:29.8940411Z hint: 	git branch -m <name>
company-current	Run actions/checkout@de0fac2e4500dabe0009e67214ff5f5447ce83dd	2026-10-10T11:29:29.8941252Z hint:
company-current	Run actions/checkout@de0fac2e4500dabe0009e67214ff5f5447ce83dd	2026-10-10T11:29:29.8942358Z hint: Disable this message with "git config set advice.defaultBranchName false"
company-current	Run actions/checkout@de0fac2e4500dabe0009e67214ff5f5447ce83dd	2026-10-10T11:29:29.8944740Z Initialized empty Git repository in /home/runner/work/SEC_metrics/SEC_metrics/.git/
company-current	Run actions/checkout@de0fac2e4500dabe0009e67214ff5f5447ce83dd	2026-10-10T11:29:29.8947842Z [command]/usr/bin/git remote add origin https://github.com/wlvh/SEC_metrics
company-current	Run actions/checkout@de0fac2e4500dabe0009e67214ff5f5447ce83dd	2026-10-10T11:29:29.8993982Z ##[endgroup]
company-current	Run actions/checkout@de0fac2e4500dabe0009e67214ff5f5447ce83dd	2026-10-10T11:29:29.8995109Z ##[group]Disabling automatic garbage collection
company-current	Run actions/checkout@de0fac2e4500dabe0009e67214ff5f5447ce83dd	2026-10-10T11:29:29.8997568Z [command]/usr/bin/git config --local gc.auto 0
company-current	Run actions/checkout@de0fac2e4500dabe0009e67214ff5f5447ce83dd	2026-10-10T11:29:29.9031142Z ##[endgroup]
company-current	Run actions/checkout@de0fac2e4500dabe0009e67214ff5f5447ce83dd	2026-10-10T11:29:29.9032293Z ##[group]Setting up auth
company-current	Run actions/checkout@de0fac2e4500dabe0009e67214ff5f5447ce83dd	2026-10-10T11:29:29.9033321Z Removing SSH command configuration
company-current	Run actions/checkout@de0fac2e4500dabe0009e67214ff5f5447ce83dd	2026-10-10T11:29:29.9040649Z [command]/usr/bin/git config --local --name-only --get-regexp core\.sshCommand
company-current	Run actions/checkout@de0fac2e4500dabe0009e67214ff5f5447ce83dd	2026-10-10T11:29:29.9077687Z [command]/usr/bin/git submodule foreach --recursive sh -c "git config --local --name-only --get-regexp 'core\.sshCommand' && git config --local --unset-all 'core.sshCommand' || :"
company-current	Run actions/checkout@de0fac2e4500dabe0009e67214ff5f5447ce83dd	2026-10-10T11:29:29.9472305Z Removing HTTP extra header
company-current	Run actions/checkout@de0fac2e4500dabe0009e67214ff5f5447ce83dd	2026-10-10T11:29:29.9474666Z [command]/usr/bin/git config --local --name-only --get-regexp http\.https\:\/\/github\.com\/\.extraheader
company-current	Run actions/checkout@de0fac2e4500dabe0009e67214ff5f5447ce83dd	2026-10-10T11:29:29.9514777Z [command]/usr/bin/git submodule foreach --recursive sh -c "git config --local --name-only --get-regexp 'http\.https\:\/\/github\.com\/\.extraheader' && git config --local --unset-all 'http.https://github.com/.extraheader' || :"
company-current	Run actions/checkout@de0fac2e4500dabe0009e67214ff5f5447ce83dd	2026-10-10T11:29:29.9757564Z Removing includeIf entries pointing to credentials config files
company-current	Run actions/checkout@de0fac2e4500dabe0009e67214ff5f5447ce83dd	2026-10-10T11:29:29.9766506Z [command]/usr/bin/git config --local --name-only --get-regexp ^includeIf\.gitdir:
company-current	Run actions/checkout@de0fac2e4500dabe0009e67214ff5f5447ce83dd	2026-10-10T11:29:29.9804668Z [command]/usr/bin/git submodule foreach --recursive git config --local --show-origin --name-only --get-regexp remote.origin.url
company-current	Run actions/checkout@de0fac2e4500dabe0009e67214ff5f5447ce83dd	2026-10-10T11:29:30.0030351Z [command]/usr/bin/git config --file /home/runner/work/_temp/git-credentials-d845c8e5-048a-4d32-97e4-8fcb3133af83.config http.https://github.com/.extraheader AUTHORIZATION: basic ***
company-current	Run actions/checkout@de0fac2e4500dabe0009e67214ff5f5447ce83dd	2026-10-10T11:29:30.0071273Z [command]/usr/bin/git config --local includeIf.gitdir:/home/runner/work/SEC_metrics/SEC_metrics/.git.path /home/runner/work/_temp/git-credentials-d845c8e5-048a-4d32-97e4-8fcb3133af83.config
company-current	Run actions/checkout@de0fac2e4500dabe0009e67214ff5f5447ce83dd	2026-10-10T11:29:30.0105614Z [command]/usr/bin/git config --local includeIf.gitdir:/home/runner/work/SEC_metrics/SEC_metrics/.git/worktrees/*.path /home/runner/work/_temp/git-credentials-d845c8e5-048a-4d32-97e4-8fcb3133af83.config
company-current	Run actions/checkout@de0fac2e4500dabe0009e67214ff5f5447ce83dd	2026-10-10T11:29:30.0142636Z [command]/usr/bin/git config --local includeIf.gitdir:/github/workspace/.git.path /github/runner_temp/git-credentials-d845c8e5-048a-4d32-97e4-8fcb3133af83.config
company-current	Run actions/checkout@de0fac2e4500dabe0009e67214ff5f5447ce83dd	2026-10-10T11:29:30.0175428Z [command]/usr/bin/git config --local includeIf.gitdir:/github/workspace/.git/worktrees/*.path /github/runner_temp/git-credentials-d845c8e5-048a-4d32-97e4-8fcb3133af83.config
company-current	Run actions/checkout@de0fac2e4500dabe0009e67214ff5f5447ce83dd	2026-10-10T11:29:30.0205177Z ##[endgroup]
company-current	Run actions/checkout@de0fac2e4500dabe0009e67214ff5f5447ce83dd	2026-10-10T11:29:30.0205944Z ##[group]Fetching the repository
company-current	Run actions/checkout@de0fac2e4500dabe0009e67214ff5f5447ce83dd	2026-10-10T11:29:30.0213947Z [command]/usr/bin/git -c protocol.version=2 fetch --no-tags --prune --no-recurse-submodules --depth=1 origin +3f5180758a1b2f3f43ad1a95192b9778e670b764:refs/remotes/pull/116/merge
company-current	Run actions/checkout@de0fac2e4500dabe0009e67214ff5f5447ce83dd	2026-10-10T11:29:38.4981331Z From https://github.com/wlvh/SEC_metrics
company-current	Run actions/checkout@de0fac2e4500dabe0009e67214ff5f5447ce83dd	2026-10-10T11:29:38.4987687Z  * [new ref]         3f5180758a1b2f3f43ad1a95192b9778e670b764 -> pull/116/merge
company-current	Run actions/checkout@de0fac2e4500dabe0009e67214ff5f5447ce83dd	2026-10-10T11:29:38.4991013Z ##[endgroup]
company-current	Run actions/checkout@de0fac2e4500dabe0009e67214ff5f5447ce83dd	2026-10-10T11:29:38.4993272Z ##[group]Determining the checkout info
company-current	Run actions/checkout@de0fac2e4500dabe0009e67214ff5f5447ce83dd	2026-10-10T11:29:38.4994844Z ##[endgroup]
company-current	Run actions/checkout@de0fac2e4500dabe0009e67214ff5f5447ce83dd	2026-10-10T11:29:38.4995626Z [command]/usr/bin/git sparse-checkout disable
company-current	Run actions/checkout@de0fac2e4500dabe0009e67214ff5f5447ce83dd	2026-10-10T11:29:38.5047304Z [command]/usr/bin/git config --local --unset-all extensions.worktreeConfig
company-current	Run actions/checkout@de0fac2e4500dabe0009e67214ff5f5447ce83dd	2026-10-10T11:29:38.5077710Z ##[group]Checking out the ref
company-current	Run actions/checkout@de0fac2e4500dabe0009e67214ff5f5447ce83dd	2026-10-10T11:29:38.5080533Z [command]/usr/bin/git checkout --progress --force refs/remotes/pull/116/merge
company-current	Run actions/checkout@de0fac2e4500dabe0009e67214ff5f5447ce83dd	2026-10-10T11:29:39.6148183Z Updating files:  63% (5808/9137)
company-current	Run actions/checkout@de0fac2e4500dabe0009e67214ff5f5447ce83dd	2026-10-10T11:29:39.6946218Z Updating files:  64% (5848/9137)
company-current	Run actions/checkout@de0fac2e4500dabe0009e67214ff5f5447ce83dd	2026-10-10T11:29:39.7431911Z Updating files:  65% (5940/9137)
company-current	Run actions/checkout@de0fac2e4500dabe0009e67214ff5f5447ce83dd	2026-10-10T11:29:39.8246396Z Updating files:  66% (6031/9137)
company-current	Run actions/checkout@de0fac2e4500dabe0009e67214ff5f5447ce83dd	2026-10-10T11:29:39.8669772Z Updating files:  67% (6122/9137)
company-current	Run actions/checkout@de0fac2e4500dabe0009e67214ff5f5447ce83dd	2026-10-10T11:29:39.8997704Z Updating files:  68% (6214/9137)
company-current	Run actions/checkout@de0fac2e4500dabe0009e67214ff5f5447ce83dd	2026-10-10T11:29:40.0168655Z Updating files:  69% (6305/9137)
company-current	Run actions/checkout@de0fac2e4500dabe0009e67214ff5f5447ce83dd	2026-10-10T11:29:40.1279696Z Updating files:  70% (6396/9137)
company-current	Run actions/checkout@de0fac2e4500dabe0009e67214ff5f5447ce83dd	2026-10-10T11:29:40.1425217Z Updating files:  71% (6488/9137)
company-current	Run actions/checkout@de0fac2e4500dabe0009e67214ff5f5447ce83dd	2026-10-10T11:29:40.1559458Z Updating files:  72% (6579/9137)
company-current	Run actions/checkout@de0fac2e4500dabe0009e67214ff5f5447ce83dd	2026-10-10T11:29:40.1752622Z Updating files:  73% (6671/9137)
company-current	Run actions/checkout@de0fac2e4500dabe0009e67214ff5f5447ce83dd	2026-10-10T11:29:40.1855074Z Updating files:  74% (6762/9137)
company-current	Run actions/checkout@de0fac2e4500dabe0009e67214ff5f5447ce83dd	2026-10-10T11:29:40.2056319Z Updating files:  75% (6853/9137)
company-current	Run actions/checkout@de0fac2e4500dabe0009e67214ff5f5447ce83dd	2026-10-10T11:29:40.2227977Z Updating files:  76% (6945/9137)
company-current	Run actions/checkout@de0fac2e4500dabe0009e67214ff5f5447ce83dd	2026-10-10T11:29:40.2363735Z Updating files:  77% (7036/9137)
company-current	Run actions/checkout@de0fac2e4500dabe0009e67214ff5f5447ce83dd	2026-10-10T11:29:40.2569988Z Updating files:  78% (7127/9137)
company-current	Run actions/checkout@de0fac2e4500dabe0009e67214ff5f5447ce83dd	2026-10-10T11:29:40.2974313Z Updating files:  79% (7219/9137)
company-current	Run actions/checkout@de0fac2e4500dabe0009e67214ff5f5447ce83dd	2026-10-10T11:29:40.3244489Z Updating files:  80% (7310/9137)
company-current	Run actions/checkout@de0fac2e4500dabe0009e67214ff5f5447ce83dd	2026-10-10T11:29:40.3311918Z Updating files:  81% (7401/9137)
company-current	Run actions/checkout@de0fac2e4500dabe0009e67214ff5f5447ce83dd	2026-10-10T11:29:40.3568087Z Updating files:  82% (7493/9137)
company-current	Run actions/checkout@de0fac2e4500dabe0009e67214ff5f5447ce83dd	2026-10-10T11:29:40.3836896Z Updating files:  83% (7584/9137)
company-current	Run actions/checkout@de0fac2e4500dabe0009e67214ff5f5447ce83dd	2026-10-10T11:29:40.3927216Z Updating files:  84% (7676/9137)
company-current	Run actions/checkout@de0fac2e4500dabe0009e67214ff5f5447ce83dd	2026-10-10T11:29:40.3995824Z Updating files:  85% (7767/9137)
company-current	Run actions/checkout@de0fac2e4500dabe0009e67214ff5f5447ce83dd	2026-10-10T11:29:40.4052356Z Updating files:  86% (7858/9137)
company-current	Run actions/checkout@de0fac2e4500dabe0009e67214ff5f5447ce83dd	2026-10-10T11:29:40.4144300Z Updating files:  87% (7950/9137)
company-current	Run actions/checkout@de0fac2e4500dabe0009e67214ff5f5447ce83dd	2026-10-10T11:29:40.4439400Z Updating files:  88% (8041/9137)
company-current	Run actions/checkout@de0fac2e4500dabe0009e67214ff5f5447ce83dd	2026-10-10T11:29:40.4697453Z Updating files:  89% (8132/9137)
company-current	Run actions/checkout@de0fac2e4500dabe0009e67214ff5f5447ce83dd	2026-10-10T11:29:40.4767013Z Updating files:  90% (8224/9137)
company-current	Run actions/checkout@de0fac2e4500dabe0009e67214ff5f5447ce83dd	2026-10-10T11:29:40.4902513Z Updating files:  91% (8315/9137)
company-current	Run actions/checkout@de0fac2e4500dabe0009e67214ff5f5447ce83dd	2026-10-10T11:29:40.4994302Z Updating files:  92% (8407/9137)
company-current	Run actions/checkout@de0fac2e4500dabe0009e67214ff5f5447ce83dd	2026-10-10T11:29:40.5100537Z Updating files:  93% (8498/9137)
company-current	Run actions/checkout@de0fac2e4500dabe0009e67214ff5f5447ce83dd	2026-10-10T11:29:40.5222939Z Updating files:  94% (8589/9137)
company-current	Run actions/checkout@de0fac2e4500dabe0009e67214ff5f5447ce83dd	2026-10-10T11:29:40.5236922Z Updating files:  94% (8669/9137)
company-current	Run actions/checkout@de0fac2e4500dabe0009e67214ff5f5447ce83dd	2026-10-10T11:29:40.5332208Z Updating files:  95% (8681/9137)
company-current	Run actions/checkout@de0fac2e4500dabe0009e67214ff5f5447ce83dd	2026-10-10T11:29:40.5429972Z Updating files:  96% (8772/9137)
company-current	Run actions/checkout@de0fac2e4500dabe0009e67214ff5f5447ce83dd	2026-10-10T11:29:40.5518187Z Updating files:  97% (8863/9137)
company-current	Run actions/checkout@de0fac2e4500dabe0009e67214ff5f5447ce83dd	2026-10-10T11:29:40.5593237Z Updating files:  98% (8955/9137)
company-current	Run actions/checkout@de0fac2e4500dabe0009e67214ff5f5447ce83dd	2026-10-10T11:29:40.5691663Z Updating files:  99% (9046/9137)
company-current	Run actions/checkout@de0fac2e4500dabe0009e67214ff5f5447ce83dd	2026-10-10T11:29:40.5692351Z Updating files: 100% (9137/9137)
company-current	Run actions/checkout@de0fac2e4500dabe0009e67214ff5f5447ce83dd	2026-10-10T11:29:40.5692842Z Updating files: 100% (9137/9137), done.
company-current	Run actions/checkout@de0fac2e4500dabe0009e67214ff5f5447ce83dd	2026-10-10T11:29:40.7667414Z Note: switching to 'refs/remotes/pull/116/merge'.
company-current	Run actions/checkout@de0fac2e4500dabe0009e67214ff5f5447ce83dd	2026-10-10T11:29:40.7667898Z 
company-current	Run actions/checkout@de0fac2e4500dabe0009e67214ff5f5447ce83dd	2026-10-10T11:29:40.7668262Z You are in 'detached HEAD' state. You can look around, make experimental
company-current	Run actions/checkout@de0fac2e4500dabe0009e67214ff5f5447ce83dd	2026-10-10T11:29:40.7668805Z changes and commit them, and you can discard any commits you make in this
company-current	Run actions/checkout@de0fac2e4500dabe0009e67214ff5f5447ce83dd	2026-10-10T11:29:40.7669605Z state without impacting any branches by switching back to a branch.
company-current	Run actions/checkout@de0fac2e4500dabe0009e67214ff5f5447ce83dd	2026-10-10T11:29:40.7670083Z 
company-current	Run actions/checkout@de0fac2e4500dabe0009e67214ff5f5447ce83dd	2026-10-10T11:29:40.7670403Z If you want to create a new branch to retain commits you create, you may
company-current	Run actions/checkout@de0fac2e4500dabe0009e67214ff5f5447ce83dd	2026-10-10T11:29:40.7671073Z do so (now or later) by using -c with the switch command. Example:
company-current	Run actions/checkout@de0fac2e4500dabe0009e67214ff5f5447ce83dd	2026-10-10T11:29:40.7671344Z 
company-current	Run actions/checkout@de0fac2e4500dabe0009e67214ff5f5447ce83dd	2026-10-10T11:29:40.7671459Z   git switch -c <new-branch-name>
company-current	Run actions/checkout@de0fac2e4500dabe0009e67214ff5f5447ce83dd	2026-10-10T11:29:40.7671675Z 
company-current	Run actions/checkout@de0fac2e4500dabe0009e67214ff5f5447ce83dd	2026-10-10T11:29:40.7671795Z Or undo this operation with:
company-current	Run actions/checkout@de0fac2e4500dabe0009e67214ff5f5447ce83dd	2026-10-10T11:29:40.7671965Z 
company-current	Run actions/checkout@de0fac2e4500dabe0009e67214ff5f5447ce83dd	2026-10-10T11:29:40.7672059Z   git switch -
company-current	Run actions/checkout@de0fac2e4500dabe0009e67214ff5f5447ce83dd	2026-10-10T11:29:40.7672237Z 
company-current	Run actions/checkout@de0fac2e4500dabe0009e67214ff5f5447ce83dd	2026-10-10T11:29:40.7672457Z Turn off this advice by setting config variable advice.detachedHead to false
company-current	Run actions/checkout@de0fac2e4500dabe0009e67214ff5f5447ce83dd	2026-10-10T11:29:40.7672776Z 
company-current	Run actions/checkout@de0fac2e4500dabe0009e67214ff5f5447ce83dd	2026-10-10T11:29:40.7673413Z HEAD is now at 3f51807 Merge aa105142db9d218f30aab980f2876dc755d7d5a7 into f51d8c3d27f3169b9cdb3a246295830882240c1f
company-current	Run actions/checkout@de0fac2e4500dabe0009e67214ff5f5447ce83dd	2026-10-10T11:29:40.8196658Z ##[endgroup]
company-current	Run actions/checkout@de0fac2e4500dabe0009e67214ff5f5447ce83dd	2026-10-10T11:29:40.8597060Z [command]/usr/bin/git log -1 --format=%H
company-current	Run actions/checkout@de0fac2e4500dabe0009e67214ff5f5447ce83dd	2026-10-10T11:29:40.8634328Z 3f5180758a1b2f3f43ad1a95192b9778e670b764
company-current	Run actions/checkout@de0fac2e4500dabe0009e67214ff5f5447ce83dd	2026-10-10T11:29:40.8645552Z ##[group]Removing auth
company-current	Run actions/checkout@de0fac2e4500dabe0009e67214ff5f5447ce83dd	2026-10-10T11:29:40.8645895Z Removing SSH command configuration
company-current	Run actions/checkout@de0fac2e4500dabe0009e67214ff5f5447ce83dd	2026-10-10T11:29:40.8649449Z [command]/usr/bin/git config --local --name-only --get-regexp core\.sshCommand
company-current	Run actions/checkout@de0fac2e4500dabe0009e67214ff5f5447ce83dd	2026-10-10T11:29:40.8763769Z [command]/usr/bin/git submodule foreach --recursive sh -c "git config --local --name-only --get-regexp 'core\.sshCommand' && git config --local --unset-all 'core.sshCommand' || :"
company-current	Run actions/checkout@de0fac2e4500dabe0009e67214ff5f5447ce83dd	2026-10-10T11:29:40.8934893Z Removing HTTP extra header
company-current	Run actions/checkout@de0fac2e4500dabe0009e67214ff5f5447ce83dd	2026-10-10T11:29:40.8940355Z [command]/usr/bin/git config --local --name-only --get-regexp http\.https\:\/\/github\.com\/\.extraheader
company-current	Run actions/checkout@de0fac2e4500dabe0009e67214ff5f5447ce83dd	2026-10-10T11:29:40.8976000Z [command]/usr/bin/git submodule foreach --recursive sh -c "git config --local --name-only --get-regexp 'http\.https\:\/\/github\.com\/\.extraheader' && git config --local --unset-all 'http.https://github.com/.extraheader' || :"
company-current	Run actions/checkout@de0fac2e4500dabe0009e67214ff5f5447ce83dd	2026-10-10T11:29:40.9213361Z Removing includeIf entries pointing to credentials config files
company-current	Run actions/checkout@de0fac2e4500dabe0009e67214ff5f5447ce83dd	2026-10-10T11:29:40.9217454Z [command]/usr/bin/git config --local --name-only --get-regexp ^includeIf\.gitdir:
company-current	Run actions/checkout@de0fac2e4500dabe0009e67214ff5f5447ce83dd	2026-10-10T11:29:40.9249270Z includeif.gitdir:/home/runner/work/SEC_metrics/SEC_metrics/.git.path
company-current	Run actions/checkout@de0fac2e4500dabe0009e67214ff5f5447ce83dd	2026-10-10T11:29:40.9250222Z includeif.gitdir:/home/runner/work/SEC_metrics/SEC_metrics/.git/worktrees/*.path
company-current	Run actions/checkout@de0fac2e4500dabe0009e67214ff5f5447ce83dd	2026-10-10T11:29:40.9251056Z includeif.gitdir:/github/workspace/.git.path
company-current	Run actions/checkout@de0fac2e4500dabe0009e67214ff5f5447ce83dd	2026-10-10T11:29:40.9251723Z includeif.gitdir:/github/workspace/.git/worktrees/*.path
company-current	Run actions/checkout@de0fac2e4500dabe0009e67214ff5f5447ce83dd	2026-10-10T11:29:40.9261675Z [command]/usr/bin/git config --local --get-all includeif.gitdir:/home/runner/work/SEC_metrics/SEC_metrics/.git.path
company-current	Run actions/checkout@de0fac2e4500dabe0009e67214ff5f5447ce83dd	2026-10-10T11:29:40.9287161Z /home/runner/work/_temp/git-credentials-d845c8e5-048a-4d32-97e4-8fcb3133af83.config
company-current	Run actions/checkout@de0fac2e4500dabe0009e67214ff5f5447ce83dd	2026-10-10T11:29:40.9297800Z [command]/usr/bin/git config --local --unset includeif.gitdir:/home/runner/work/SEC_metrics/SEC_metrics/.git.path /home/runner/work/_temp/git-credentials-d845c8e5-048a-4d32-97e4-8fcb3133af83.config
company-current	Run actions/checkout@de0fac2e4500dabe0009e67214ff5f5447ce83dd	2026-10-10T11:29:40.9335507Z [command]/usr/bin/git config --local --get-all includeif.gitdir:/home/runner/work/SEC_metrics/SEC_metrics/.git/worktrees/*.path
company-current	Run actions/checkout@de0fac2e4500dabe0009e67214ff5f5447ce83dd	2026-10-10T11:29:40.9360152Z /home/runner/work/_temp/git-credentials-d845c8e5-048a-4d32-97e4-8fcb3133af83.config
company-current	Run actions/checkout@de0fac2e4500dabe0009e67214ff5f5447ce83dd	2026-10-10T11:29:40.9369597Z [command]/usr/bin/git config --local --unset includeif.gitdir:/home/runner/work/SEC_metrics/SEC_metrics/.git/worktrees/*.path /home/runner/work/_temp/git-credentials-d845c8e5-048a-4d32-97e4-8fcb3133af83.config
company-current	Run actions/checkout@de0fac2e4500dabe0009e67214ff5f5447ce83dd	2026-10-10T11:29:40.9410394Z [command]/usr/bin/git config --local --get-all includeif.gitdir:/github/workspace/.git.path
company-current	Run actions/checkout@de0fac2e4500dabe0009e67214ff5f5447ce83dd	2026-10-10T11:29:40.9442290Z /github/runner_temp/git-credentials-d845c8e5-048a-4d32-97e4-8fcb3133af83.config
company-current	Run actions/checkout@de0fac2e4500dabe0009e67214ff5f5447ce83dd	2026-10-10T11:29:40.9458457Z [command]/usr/bin/git config --local --unset includeif.gitdir:/github/workspace/.git.path /github/runner_temp/git-credentials-d845c8e5-048a-4d32-97e4-8fcb3133af83.config
company-current	Run actions/checkout@de0fac2e4500dabe0009e67214ff5f5447ce83dd	2026-10-10T11:29:40.9492240Z [command]/usr/bin/git config --local --get-all includeif.gitdir:/github/workspace/.git/worktrees/*.path
company-current	Run actions/checkout@de0fac2e4500dabe0009e67214ff5f5447ce83dd	2026-10-10T11:29:40.9518243Z /github/runner_temp/git-credentials-d845c8e5-048a-4d32-97e4-8fcb3133af83.config
company-current	Run actions/checkout@de0fac2e4500dabe0009e67214ff5f5447ce83dd	2026-10-10T11:29:40.9527768Z [command]/usr/bin/git config --local --unset includeif.gitdir:/github/workspace/.git/worktrees/*.path /github/runner_temp/git-credentials-d845c8e5-048a-4d32-97e4-8fcb3133af83.config
company-current	Run actions/checkout@de0fac2e4500dabe0009e67214ff5f5447ce83dd	2026-10-10T11:29:40.9564071Z [command]/usr/bin/git submodule foreach --recursive git config --local --show-origin --name-only --get-regexp remote.origin.url
company-current	Run actions/checkout@de0fac2e4500dabe0009e67214ff5f5447ce83dd	2026-10-10T11:29:40.9800074Z Removing credentials config '/home/runner/work/_temp/git-credentials-d845c8e5-048a-4d32-97e4-8fcb3133af83.config'
company-current	Run actions/checkout@de0fac2e4500dabe0009e67214ff5f5447ce83dd	2026-10-10T11:29:40.9809144Z ##[endgroup]
company-current	Run actions/setup-python@a309ff8b426b58ec0e2a45f0f869d46889d02405	﻿2026-10-10T11:29:41.0063651Z ##[group]Run actions/setup-python@a309ff8b426b58ec0e2a45f0f869d46889d02405
company-current	Run actions/setup-python@a309ff8b426b58ec0e2a45f0f869d46889d02405	2026-10-10T11:29:41.0064100Z with:
company-current	Run actions/setup-python@a309ff8b426b58ec0e2a45f0f869d46889d02405	2026-10-10T11:29:41.0064309Z   python-version: 3.14
company-current	Run actions/setup-python@a309ff8b426b58ec0e2a45f0f869d46889d02405	2026-10-10T11:29:41.0064803Z   check-latest: false
company-current	Run actions/setup-python@a309ff8b426b58ec0e2a45f0f869d46889d02405	2026-10-10T11:29:41.0067506Z   token: ***
company-current	Run actions/setup-python@a309ff8b426b58ec0e2a45f0f869d46889d02405	2026-10-10T11:29:41.0067732Z   update-environment: true
company-current	Run actions/setup-python@a309ff8b426b58ec0e2a45f0f869d46889d02405	2026-10-10T11:29:41.0067987Z   allow-prereleases: false
company-current	Run actions/setup-python@a309ff8b426b58ec0e2a45f0f869d46889d02405	2026-10-10T11:29:41.0068223Z   freethreaded: false
company-current	Run actions/setup-python@a309ff8b426b58ec0e2a45f0f869d46889d02405	2026-10-10T11:29:41.0068445Z ##[endgroup]
company-current	Run actions/setup-python@a309ff8b426b58ec0e2a45f0f869d46889d02405	2026-10-10T11:29:41.1354494Z ##[group]Installed versions
company-current	Run actions/setup-python@a309ff8b426b58ec0e2a45f0f869d46889d02405	2026-10-10T11:29:41.1893187Z Successfully set up CPython (3.14.8)
company-current	Run actions/setup-python@a309ff8b426b58ec0e2a45f0f869d46889d02405	2026-10-10T11:29:41.1894353Z ##[endgroup]
company-current	Saved source through calculation, records, CSV and reading	﻿2026-10-10T11:29:41.2058243Z ##[group]Run python3 -m unittest tests.vnext.test_saved_source_checks tests.vnext.test_separate_rule_root tests.vnext.test_company_current_records tests.vnext.test_ordinary_current_update tests.vnext.test_company_parse_reuse tests.vnext.test_precalculated_case tests.vnext.test_selected_lodging_calculation tests.vnext.test_selected_lodging_source tests.vnext.test_deterministic_router.DeterministicRouterTest.test_five_adapters_emit_deterministic_verified_claims tests.vnext.test_deterministic_router.DeterministicRouterTest.test_source_set_tamper_and_metric_specific_branch_fail tests.vnext.test_runtime_tools tests.vnext.test_b03_current_input_scope tests.vnext.test_xbrl_namespace_policy tests.vnext.test_dei_release_selection tests.vnext.test_successor_income_projection tests.vnext.test_event_rule_root tests.vnext.test_financial_dei_release tests.vnext.test_reported_average_period tests.vnext.test_bank_scope_dei_release tests.vnext.test_reporting_company_projection tests.vnext.test_selected_revenue_scope_v1 tests.vnext.test_selected_reported_revenue_v2 tests.vnext.test_current_reported_revenue -v
company-current	Saved source through calculation, records, CSV and reading	2026-10-10T11:29:41.2066512Z ^[[36;1mpython3 -m unittest tests.vnext.test_saved_source_checks tests.vnext.test_separate_rule_root tests.vnext.test_company_current_records tests.vnext.test_ordinary_current_update tests.vnext.test_company_parse_reuse tests.vnext.test_precalculated_case tests.vnext.test_selected_lodging_calculation tests.vnext.test_selected_lodging_source tests.vnext.test_deterministic_router.DeterministicRouterTest.test_five_adapters_emit_deterministic_verified_claims tests.vnext.test_deterministic_router.DeterministicRouterTest.test_source_set_tamper_and_metric_specific_branch_fail tests.vnext.test_runtime_tools tests.vnext.test_b03_current_input_scope tests.vnext.test_xbrl_namespace_policy tests.vnext.test_dei_release_selection tests.vnext.test_successor_income_projection tests.vnext.test_event_rule_root tests.vnext.test_financial_dei_release tests.vnext.test_reported_average_period tests.vnext.test_bank_scope_dei_release tests.vnext.test_reporting_company_projection tests.vnext.test_selected_revenue_scope_v1 tests.vnext.test_selected_reported_revenue_v2 tests.vnext.test_current_reported_revenue -v^[[0m
company-current	Saved source through calculation, records, CSV and reading	2026-10-10T11:29:41.2442312Z shell: /usr/bin/bash -e {0}
company-current	Saved source through calculation, records, CSV and reading	2026-10-10T11:29:41.2442630Z env:
company-current	Saved source through calculation, records, CSV and reading	2026-10-10T11:29:41.2442912Z   pythonLocation: /opt/hostedtoolcache/Python/3.14.8/x64
company-current	Saved source through calculation, records, CSV and reading	2026-10-10T11:29:41.2443774Z   PKG_CONFIG_PATH: /opt/hostedtoolcache/Python/3.14.8/x64/lib/pkgconfig
company-current	Saved source through calculation, records, CSV and reading	2026-10-10T11:29:41.2444229Z   Python_ROOT_DIR: /opt/hostedtoolcache/Python/3.14.8/x64
company-current	Saved source through calculation, records, CSV and reading	2026-10-10T11:29:41.2444635Z   Python2_ROOT_DIR: /opt/hostedtoolcache/Python/3.14.8/x64
company-current	Saved source through calculation, records, CSV and reading	2026-10-10T11:29:41.2445020Z   Python3_ROOT_DIR: /opt/hostedtoolcache/Python/3.14.8/x64
company-current	Saved source through calculation, records, CSV and reading	2026-10-10T11:29:41.2445420Z   LD_LIBRARY_PATH: /opt/hostedtoolcache/Python/3.14.8/x64/lib
company-current	Saved source through calculation, records, CSV and reading	2026-10-10T11:29:41.2445775Z   PYTHONDONTWRITEBYTECODE: 1
company-current	Saved source through calculation, records, CSV and reading	2026-10-10T11:29:41.2446018Z ##[endgroup]
company-current	Saved source through calculation, records, CSV and reading	2026-10-10T11:29:46.3627049Z test_helper_import_does_not_load_release_or_requirement (tests.vnext.test_saved_source_checks.RequestBindingsCompatibilityTest.test_helper_import_does_not_load_release_or_requirement) ... ok
company-current	Saved source through calculation, records, CSV and reading	2026-10-10T11:29:46.3629573Z test_original_imports_keep_same_exception_and_helpers (tests.vnext.test_saved_source_checks.RequestBindingsCompatibilityTest.test_original_imports_keep_same_exception_and_helpers) ... ok
company-current	Saved source through calculation, records, CSV and reading	2026-10-10T11:29:47.5983087Z test_complete_saved_package_without_git_journal_checks_actual_bytes (tests.vnext.test_saved_source_checks.SavedSourceChecksTest.test_complete_saved_package_without_git_journal_checks_actual_bytes) ... ok
company-current	Saved source through calculation, records, CSV and reading	2026-10-10T11:29:47.6916716Z test_corrupted_body_or_headers_are_rejected (tests.vnext.test_saved_source_checks.SavedSourceChecksTest.test_corrupted_body_or_headers_are_rejected) ... ok
company-current	Saved source through calculation, records, CSV and reading	2026-10-10T11:29:47.6958436Z test_empty_scope_is_not_complete (tests.vnext.test_saved_source_checks.SavedSourceChecksTest.test_empty_scope_is_not_complete) ... ok
company-current	Saved source through calculation, records, CSV and reading	2026-10-10T11:29:47.7444272Z test_later_failed_request_cannot_be_hidden_by_old_success (tests.vnext.test_saved_source_checks.SavedSourceChecksTest.test_later_failed_request_cannot_be_hidden_by_old_success) ... ok
company-current	Saved source through calculation, records, CSV and reading	2026-10-10T11:29:47.8365407Z test_missing_or_changed_attempt_identity_is_rejected (tests.vnext.test_saved_source_checks.SavedSourceChecksTest.test_missing_or_changed_attempt_identity_is_rejected) ... ok
company-current	Saved source through calculation, records, CSV and reading	2026-10-10T11:29:47.8843046Z test_missing_selected_body_is_rejected (tests.vnext.test_saved_source_checks.SavedSourceChecksTest.test_missing_selected_body_is_rejected) ... ok
company-current	Saved source through calculation, records, CSV and reading	2026-10-10T11:29:47.9594311Z test_wrong_filing_or_document_identity_is_rejected (tests.vnext.test_saved_source_checks.SavedSourceChecksTest.test_wrong_filing_or_document_identity_is_rejected) ... ok
company-current	Saved source through calculation, records, CSV and reading	2026-10-10T11:30:24.7673893Z test_noncalendar_rpo_and_bank_ratios_complete_without_rules_in_source (tests.vnext.test_separate_rule_root.NativeRuleRootTest.test_noncalendar_rpo_and_bank_ratios_complete_without_rules_in_source) ... ok
company-current	Saved source through calculation, records, CSV and reading	2026-10-10T11:30:24.7838907Z test_wrong_native_subject_is_rejected_before_completion (tests.vnext.test_separate_rule_root.NativeRuleRootTest.test_wrong_native_subject_is_rejected_before_completion) ... ok
company-current	Saved source through calculation, records, CSV and reading	2026-10-10T11:30:50.0794508Z test_b02_uses_actual_comparative_original_without_calculation_rules_in_source (tests.vnext.test_separate_rule_root.SeparateRuleRootTest.test_b02_uses_actual_comparative_original_without_calculation_rules_in_source) ... ok
company-current	Saved source through calculation, records, CSV and reading	2026-10-10T11:30:50.0797068Z test_existing_shared_lodging_calculation_uses_program_rules_and_keeps_source_only (tests.vnext.test_separate_rule_root.SeparateRuleRootTest.test_existing_shared_lodging_calculation_uses_program_rules_and_keeps_source_only) ... ok
company-current	Saved source through calculation, records, CSV and reading	2026-10-10T11:30:50.0799556Z test_no_catalog_rules_code_or_answers_required_in_source_root (tests.vnext.test_separate_rule_root.SeparateRuleRootTest.test_no_catalog_rules_code_or_answers_required_in_source_root) ... ok
company-current	Saved source through calculation, records, CSV and reading	2026-10-10T11:30:50.0978285Z test_registry_subject_change_is_not_hidden_by_program_rules (tests.vnext.test_separate_rule_root.SeparateRuleRootTest.test_registry_subject_change_is_not_hidden_by_program_rules) ... ok
company-current	Saved source through calculation, records, CSV and reading	2026-10-10T11:30:50.1001487Z test_saved_result_read_retains_value_unit_period_and_source_rows (tests.vnext.test_separate_rule_root.SeparateRuleRootTest.test_saved_result_read_retains_value_unit_period_and_source_rows) ... ok
company-current	Saved source through calculation, records, CSV and reading	2026-10-10T11:30:50.1270424Z test_common_company_reader_keeps_other_metric_after_subset_run (tests.vnext.test_company_current_records.CurrentCompanyTest.test_common_company_reader_keeps_other_metric_after_subset_run) ... ok
company-current	Saved source through calculation, records, CSV and reading	2026-10-10T11:30:50.1436358Z test_common_read_exports_csv_and_honours_supplied_defects_without_update (tests.vnext.test_company_current_records.CurrentCompanyTest.test_common_read_exports_csv_and_honours_supplied_defects_without_update) ... ok
company-current	Saved source through calculation, records, CSV and reading	2026-10-10T11:30:50.1465451Z test_competing_writer_does_not_enter_calculation (tests.vnext.test_company_current_records.CurrentCompanyTest.test_competing_writer_does_not_enter_calculation) ... ok
company-current	Saved source through calculation, records, CSV and reading	2026-10-10T11:30:50.1629369Z test_completed_pointer_cannot_label_a_success_record_as_withheld (tests.vnext.test_company_current_records.CurrentCompanyTest.test_completed_pointer_cannot_label_a_success_record_as_withheld) ... ok
company-current	Saved source through calculation, records, CSV and reading	2026-10-10T11:30:50.1794194Z test_completed_withheld_survives_a_later_different_metric_request (tests.vnext.test_company_current_records.CurrentCompanyTest.test_completed_withheld_survives_a_later_different_metric_request) ... ok
company-current	Saved source through calculation, records, CSV and reading	2026-10-10T11:30:50.1975549Z test_current_failure_does_not_hide_an_existing_exact_known_defect (tests.vnext.test_company_current_records.CurrentCompanyTest.test_current_failure_does_not_hide_an_existing_exact_known_defect) ... ok
company-current	Saved source through calculation, records, CSV and reading	2026-10-10T11:30:50.2085313Z test_daily_read_does_not_select_sources_or_run_update (tests.vnext.test_company_current_records.CurrentCompanyTest.test_daily_read_does_not_select_sources_or_run_update) ... ok
company-current	Saved source through calculation, records, CSV and reading	2026-10-10T11:30:50.2163484Z test_existing_local_entry_selects_saved_branch_without_configure_task (tests.vnext.test_company_current_records.CurrentCompanyTest.test_existing_local_entry_selects_saved_branch_without_configure_task) ... ok
company-current	Saved source through calculation, records, CSV and reading	2026-10-10T11:30:50.2288002Z test_failed_check_remains_visible_after_requesting_another_metric (tests.vnext.test_company_current_records.CurrentCompanyTest.test_failed_check_remains_visible_after_requesting_another_metric) ... ok
company-current	Saved source through calculation, records, CSV and reading	2026-10-10T11:30:50.2454935Z test_failure_detail_does_not_relabel_a_previous_success_as_current (tests.vnext.test_company_current_records.CurrentCompanyTest.test_failure_detail_does_not_relabel_a_previous_success_as_current) ... ok
company-current	Saved source through calculation, records, CSV and reading	2026-10-10T11:30:50.2555267Z test_independent_read_keeps_failed_input_reason_without_a_result (tests.vnext.test_company_current_records.CurrentCompanyTest.test_independent_read_keeps_failed_input_reason_without_a_result) ... ok
company-current	Saved source through calculation, records, CSV and reading	2026-10-10T11:30:50.2636431Z test_known_bad_exact_result_is_removed_from_numeric_csv (tests.vnext.test_company_current_records.CurrentCompanyTest.test_known_bad_exact_result_is_removed_from_numeric_csv) ... ok
company-current	Saved source through calculation, records, CSV and reading	2026-10-10T11:30:50.2701174Z test_metric_exception_is_local_not_batch_failure (tests.vnext.test_company_current_records.CurrentCompanyTest.test_metric_exception_is_local_not_batch_failure) ... ok
company-current	Saved source through calculation, records, CSV and reading	2026-10-10T11:30:50.2767460Z test_missing_ai_and_deprecated_e01_do_not_manufacture_results (tests.vnext.test_company_current_records.CurrentCompanyTest.test_missing_ai_and_deprecated_e01_do_not_manufacture_results) ... ok
company-current	Saved source through calculation, records, CSV and reading	2026-10-10T11:30:50.2953503Z test_new_withheld_result_is_shown_instead_of_old_success (tests.vnext.test_company_current_records.CurrentCompanyTest.test_new_withheld_result_is_shown_instead_of_old_success) ... ok
company-current	Saved source through calculation, records, CSV and reading	2026-10-10T11:30:50.3087316Z test_range_public_entry_isolates_missing_year_and_exports_actual_success_period (tests.vnext.test_company_current_records.CurrentCompanyTest.test_range_public_entry_isolates_missing_year_and_exports_actual_success_period) ... ok
company-current	Saved source through calculation, records, CSV and reading	2026-10-10T11:30:50.3127019Z test_range_requires_unique_bounded_years_and_existing_factory (tests.vnext.test_company_current_records.CurrentCompanyTest.test_range_requires_unique_bounded_years_and_existing_factory) ... ok
company-current	Saved source through calculation, records, CSV and reading	2026-10-10T11:30:50.3227825Z test_same_metric_two_period_pointers_are_both_visible (tests.vnext.test_company_current_records.CurrentCompanyTest.test_same_metric_two_period_pointers_are_both_visible) ... ok
company-current	Saved source through calculation, records, CSV and reading	2026-10-10T11:30:50.3348959Z test_source_binding_and_old_task_are_not_reset (tests.vnext.test_company_current_records.CurrentCompanyTest.test_source_binding_and_old_task_are_not_reset) ... ok
company-current	Saved source through calculation, records, CSV and reading	2026-10-10T11:30:50.3480612Z test_source_failure_preserves_old_period_and_other_metric_continues (tests.vnext.test_company_current_records.CurrentCompanyTest.test_source_failure_preserves_old_period_and_other_metric_continues) ... ok
company-current	Saved source through calculation, records, CSV and reading	2026-10-10T11:30:50.3603380Z test_two_metrics_share_source_and_program_without_installer (tests.vnext.test_company_current_records.CurrentCompanyTest.test_two_metrics_share_source_and_program_without_installer) ... ok
company-current	Saved source through calculation, records, CSV and reading	2026-10-10T11:30:50.3733629Z test_unrelated_source_discovery_failure_still_shows_limitation (tests.vnext.test_company_current_records.CurrentCompanyTest.test_unrelated_source_discovery_failure_still_shows_limitation) ... ok
company-current	Saved source through calculation, records, CSV and reading	2026-10-10T11:30:50.3742810Z test_writable_state_cannot_overlap_source_or_code (tests.vnext.test_company_current_records.CurrentCompanyTest.test_writable_state_cannot_overlap_source_or_code) ... ok
company-current	Saved source through calculation, records, CSV and reading	2026-10-10T11:30:50.3873958Z test_wrong_metric_saved_record_is_not_exported (tests.vnext.test_company_current_records.CurrentCompanyTest.test_wrong_metric_saved_record_is_not_exported) ... ok
company-current	Saved source through calculation, records, CSV and reading	2026-10-10T11:31:00.9907836Z test_actual_scope_withheld_preserves_two_successful_numeric_results (tests.vnext.test_company_current_records.MixedSavedBusinessOutcomeTest.test_actual_scope_withheld_preserves_two_successful_numeric_results) ... ok
company-current	Saved source through calculation, records, CSV and reading	2026-10-10T11:31:01.4964931Z test_repeated_mixed_inputs_reuse_success_and_hold_without_factory (tests.vnext.test_company_current_records.MixedSavedBusinessOutcomeTest.test_repeated_mixed_inputs_reuse_success_and_hold_without_factory) ... ok
company-current	Saved source through calculation, records, CSV and reading	2026-10-10T11:31:01.5368978Z test_adding_another_metric_reuses_completed_input_in_the_actual_controller (tests.vnext.test_company_current_records.PerMetricProducerTest.test_adding_another_metric_reuses_completed_input_in_the_actual_controller) ... ok
company-current	Saved source through calculation, records, CSV and reading	2026-10-10T11:31:01.5409299Z test_bad_or_ambiguous_metric_mapping_is_rejected_before_writes (tests.vnext.test_company_current_records.PerMetricProducerTest.test_bad_or_ambiguous_metric_mapping_is_rejected_before_writes) ... ok
company-current	Saved source through calculation, records, CSV and reading	2026-10-10T11:31:01.5480338Z test_default_a13_stays_unimplemented_and_unknown_explicit_core_rejects (tests.vnext.test_company_current_records.PerMetricProducerTest.test_default_a13_stays_unimplemented_and_unknown_explicit_core_rejects) ... ok
company-current	Saved source through calculation, records, CSV and reading	2026-10-10T11:31:01.5541917Z test_each_selected_metric_keeps_its_factory_and_exact_dependencies (tests.vnext.test_company_current_records.PerMetricProducerTest.test_each_selected_metric_keeps_its_factory_and_exact_dependencies) ... ok
company-current	Saved source through calculation, records, CSV and reading	2026-10-10T11:31:01.5607883Z test_explicit_a13_factory_reaches_same_update_boundary (tests.vnext.test_company_current_records.PerMetricProducerTest.test_explicit_a13_factory_reaches_same_update_boundary) ... ok
company-current	Saved source through calculation, records, CSV and reading	2026-10-10T11:31:01.5701427Z test_explicit_a13_saved_reading_keeps_value_and_content_unaccepted (tests.vnext.test_company_current_records.PerMetricProducerTest.test_explicit_a13_saved_reading_keeps_value_and_content_unaccepted) ... ok
company-current	Saved source through calculation, records, CSV and reading	2026-10-10T11:31:01.5762154Z test_single_factory_and_dependency_tuple_are_passed_unchanged (tests.vnext.test_company_current_records.PerMetricProducerTest.test_single_factory_and_dependency_tuple_are_passed_unchanged) ... ok
company-current	Saved source through calculation, records, CSV and reading	2026-10-10T11:31:08.2784262Z test_real_marriott_values_periods_and_source_links_reach_company_csv (tests.vnext.test_company_current_records.SavedSourceCompanyEntryTest.test_real_marriott_values_periods_and_source_links_reach_company_csv) ... ok
company-current	Saved source through calculation, records, CSV and reading	2026-10-10T11:31:08.2881254Z test_real_read_does_not_parse_or_update (tests.vnext.test_company_current_records.SavedSourceCompanyEntryTest.test_real_read_does_not_parse_or_update) ... ok
company-current	Saved source through calculation, records, CSV and reading	2026-10-10T11:31:08.6628468Z test_real_reentry_never_invokes_calculation_factory (tests.vnext.test_company_current_records.SavedSourceCompanyEntryTest.test_real_reentry_never_invokes_calculation_factory) ... ok
company-current	Saved source through calculation, records, CSV and reading	2026-10-10T11:31:08.6809244Z test_completed_withheld_recovers_interrupted_pointer_write (tests.vnext.test_ordinary_current_update.CompletedWithheldUpdateTest.test_completed_withheld_recovers_interrupted_pointer_write) ... ok
company-current	Saved source through calculation, records, CSV and reading	2026-10-10T11:31:08.6881254Z test_first_withheld_repeats_without_factory_or_another_result (tests.vnext.test_ordinary_current_update.CompletedWithheldUpdateTest.test_first_withheld_repeats_without_factory_or_another_result) ... ok
company-current	Saved source through calculation, records, CSV and reading	2026-10-10T11:31:08.6962954Z test_program_exception_does_not_become_reusable_withheld (tests.vnext.test_ordinary_current_update.CompletedWithheldUpdateTest.test_program_exception_does_not_become_reusable_withheld) ... ok
company-current	Saved source through calculation, records, CSV and reading	2026-10-10T11:31:08.7083857Z test_source_and_configuration_changes_reprocess_stable_withheld (tests.vnext.test_ordinary_current_update.CompletedWithheldUpdateTest.test_source_and_configuration_changes_reprocess_stable_withheld) ... ok
company-current	Saved source through calculation, records, CSV and reading	2026-10-10T11:31:08.7208052Z test_withheld_replaces_current_conclusion_but_preserves_success_history (tests.vnext.test_ordinary_current_update.CompletedWithheldUpdateTest.test_withheld_replaces_current_conclusion_but_preserves_success_history) ... ok
company-current	Saved source through calculation, records, CSV and reading	2026-10-10T11:31:08.7454095Z test_b02_paired_scope_changes_invalidate_only_its_processing_identity (tests.vnext.test_ordinary_current_update.CurrentProcessingConfigurationTest.test_b02_paired_scope_changes_invalidate_only_its_processing_identity) ... ok
company-current	Saved source through calculation, records, CSV and reading	2026-10-10T11:31:08.7673069Z test_changed_annual_selection_and_saved_input_checks_are_not_cached (tests.vnext.test_ordinary_current_update.CurrentProcessingConfigurationTest.test_changed_annual_selection_and_saved_input_checks_are_not_cached) ... ok
company-current	Saved source through calculation, records, CSV and reading	2026-10-10T11:31:08.7984340Z test_changed_graph_reprocesses_same_input_instead_of_reusing_old_result (tests.vnext.test_ordinary_current_update.CurrentProcessingConfigurationTest.test_changed_graph_reprocesses_same_input_instead_of_reusing_old_result) ... ok
company-current	Saved source through calculation, records, CSV and reading	2026-10-10T11:31:08.8278751Z test_changed_paired_scope_rechecks_then_reuses_a_withheld_conclusion (tests.vnext.test_ordinary_current_update.CurrentProcessingConfigurationTest.test_changed_paired_scope_rechecks_then_reuses_a_withheld_conclusion) ... ok
company-current	Saved source through calculation, records, CSV and reading	2026-10-10T11:31:08.8624819Z test_consumed_deterministic_graph_is_part_of_processing_identity (tests.vnext.test_ordinary_current_update.CurrentProcessingConfigurationTest.test_consumed_deterministic_graph_is_part_of_processing_identity) ... ok
company-current	Saved source through calculation, records, CSV and reading	2026-10-10T11:31:08.8750564Z test_consumed_parser_changes_still_change_processing_identity (tests.vnext.test_ordinary_current_update.CurrentProcessingConfigurationTest.test_consumed_parser_changes_still_change_processing_identity) ... ok
company-current	Saved source through calculation, records, CSV and reading	2026-10-10T11:31:08.8876028Z test_lodging_only_changes_do_not_change_b01_processing_identity (tests.vnext.test_ordinary_current_update.CurrentProcessingConfigurationTest.test_lodging_only_changes_do_not_change_b01_processing_identity) ... ok
company-current	Saved source through calculation, records, CSV and reading	2026-10-10T11:31:08.9014900Z test_unused_legacy_source_authority_does_not_invalidate_current_input (tests.vnext.test_ordinary_current_update.CurrentProcessingConfigurationTest.test_unused_legacy_source_authority_does_not_invalidate_current_input) ... ok
company-current	Saved source through calculation, records, CSV and reading	2026-10-10T11:31:08.9536920Z test_unused_recorded_source_session_does_not_change_current_configuration (tests.vnext.test_ordinary_current_update.CurrentProcessingConfigurationTest.test_unused_recorded_source_session_does_not_change_current_configuration) ... ok
company-current	Saved source through calculation, records, CSV and reading	2026-10-10T11:31:08.9959308Z test_used_source_dependency_change_reprocesses_once_then_reuses (tests.vnext.test_ordinary_current_update.CurrentProcessingConfigurationTest.test_used_source_dependency_change_reprocesses_once_then_reuses) ... ok
company-current	Saved source through calculation, records, CSV and reading	2026-10-10T11:31:08.9972638Z test_census_uses_company_latest_bodies_not_request_identity_or_other_company (tests.vnext.test_ordinary_current_update.CurrentUpdateTest.test_census_uses_company_latest_bodies_not_request_identity_or_other_company) ... ok
company-current	Saved source through calculation, records, CSV and reading	2026-10-10T11:31:09.0057269Z test_configuration_failure_is_persisted (tests.vnext.test_ordinary_current_update.CurrentUpdateTest.test_configuration_failure_is_persisted) ... ok
company-current	Saved source through calculation, records, CSV and reading	2026-10-10T11:31:09.0185990Z test_existing_update_entry_selects_current_record_storage_explicitly (tests.vnext.test_ordinary_current_update.CurrentUpdateTest.test_existing_update_entry_selects_current_record_storage_explicitly) ... ok
company-current	Saved source through calculation, records, CSV and reading	2026-10-10T11:31:09.0275037Z test_identical_raw_and_config_never_enters_calculation (tests.vnext.test_ordinary_current_update.CurrentUpdateTest.test_identical_raw_and_config_never_enters_calculation) ... ok
company-current	Saved source through calculation, records, CSV and reading	2026-10-10T11:31:09.0359481Z test_latest_get_failure_does_not_claim_no_change_or_overwrite_success (tests.vnext.test_ordinary_current_update.CurrentUpdateTest.test_latest_get_failure_does_not_claim_no_change_or_overwrite_success) ... ok
company-current	Saved source through calculation, records, CSV and reading	2026-10-10T11:31:09.0512361Z test_new_company_file_or_processing_change_makes_new_version (tests.vnext.test_ordinary_current_update.CurrentUpdateTest.test_new_company_file_or_processing_change_makes_new_version) ... ok
company-current	Saved source through calculation, records, CSV and reading	2026-10-10T11:31:09.0524579Z test_old_native_history_requires_its_old_controller (tests.vnext.test_ordinary_current_update.CurrentUpdateTest.test_old_native_history_requires_its_old_controller) ... ok
company-current	Saved source through calculation, records, CSV and reading	2026-10-10T11:31:09.0666438Z test_saved_completion_recovers_pointer_before_next_check (tests.vnext.test_ordinary_current_update.CurrentUpdateTest.test_saved_completion_recovers_pointer_before_next_check) ... ok
company-current	Saved source through calculation, records, CSV and reading	2026-10-10T11:31:09.0804172Z test_unfinished_intent_is_interrupted_not_success (tests.vnext.test_ordinary_current_update.CurrentUpdateTest.test_unfinished_intent_is_interrupted_not_success) ... ok
company-current	Saved source through calculation, records, CSV and reading	2026-10-10T11:31:09.0813656Z test_a13_without_explicit_year_and_other_unsupported_family_stay_closed (tests.vnext.test_ordinary_current_update.SelectedPeriodUpdateTest.test_a13_without_explicit_year_and_other_unsupported_family_stay_closed) ... ok
company-current	Saved source through calculation, records, CSV and reading	2026-10-10T11:31:09.0981748Z test_completed_withheld_periods_do_not_override_current_or_each_other (tests.vnext.test_ordinary_current_update.SelectedPeriodUpdateTest.test_completed_withheld_periods_do_not_override_current_or_each_other) ... ok
company-current	Saved source through calculation, records, CSV and reading	2026-10-10T11:31:09.1140999Z test_declared_dependency_change_recalculates_but_unrelated_change_does_not (tests.vnext.test_ordinary_current_update.SelectedPeriodUpdateTest.test_declared_dependency_change_recalculates_but_unrelated_change_does_not) ... ok
company-current	Saved source through calculation, records, CSV and reading	2026-10-10T11:31:09.1180464Z test_explicit_a13_selected_case_reaches_factory_without_default_expansion (tests.vnext.test_ordinary_current_update.SelectedPeriodUpdateTest.test_explicit_a13_selected_case_reaches_factory_without_default_expansion) ... ok
company-current	Saved source through calculation, records, CSV and reading	2026-10-10T11:31:09.1341384Z test_explicit_recorded_session_dependency_still_reprocesses (tests.vnext.test_ordinary_current_update.SelectedPeriodUpdateTest.test_explicit_recorded_session_dependency_still_reprocesses) ... ok
company-current	Saved source through calculation, records, CSV and reading	2026-10-10T11:31:09.1381529Z test_period_selection_failure_retains_year_and_category (tests.vnext.test_ordinary_current_update.SelectedPeriodUpdateTest.test_period_selection_failure_retains_year_and_category) ... ok
company-current	Saved source through calculation, records, CSV and reading	2026-10-10T11:31:09.1472410Z test_processing_dependency_path_error_preserves_previous_result (tests.vnext.test_ordinary_current_update.SelectedPeriodUpdateTest.test_processing_dependency_path_error_preserves_previous_result) ... ok
company-current	Saved source through calculation, records, CSV and reading	2026-10-10T11:31:09.1481298Z test_selected_period_without_factory_never_selects_latest (tests.vnext.test_ordinary_current_update.SelectedPeriodUpdateTest.test_selected_period_without_factory_never_selects_latest) ... ok
company-current	Saved source through calculation, records, CSV and reading	2026-10-10T11:31:09.1591506Z test_two_selected_periods_have_separate_pointers_and_current_layout_stays (tests.vnext.test_ordinary_current_update.SelectedPeriodUpdateTest.test_two_selected_periods_have_separate_pointers_and_current_layout_stays) ... ok
company-current	Saved source through calculation, records, CSV and reading	2026-10-10T11:31:09.1683620Z test_unchanged_selected_period_does_not_invoke_case_factory (tests.vnext.test_ordinary_current_update.SelectedPeriodUpdateTest.test_unchanged_selected_period_does_not_invoke_case_factory) ... ok
company-current	Saved source through calculation, records, CSV and reading	2026-10-10T11:31:09.1772677Z test_wrong_selected_year_preserves_previous_pointer (tests.vnext.test_ordinary_current_update.SelectedPeriodUpdateTest.test_wrong_selected_year_preserves_previous_pointer) ... ok
company-current	Saved source through calculation, records, CSV and reading	2026-10-10T11:31:09.1804319Z test_byte_changes_are_not_cache_hits_or_identity_equivalence (tests.vnext.test_company_parse_reuse.CompanyParseReuseTest.test_byte_changes_are_not_cache_hits_or_identity_equivalence) ... ok
company-current	Saved source through calculation, records, CSV and reading	2026-10-10T11:31:09.1932911Z test_cache_is_bounded_without_omitting_later_sources (tests.vnext.test_company_parse_reuse.CompanyParseReuseTest.test_cache_is_bounded_without_omitting_later_sources) ... ok
company-current	Saved source through calculation, records, CSV and reading	2026-10-10T11:31:09.1957705Z test_nested_operations_and_failures_restore_previous_scope (tests.vnext.test_company_parse_reuse.CompanyParseReuseTest.test_nested_operations_and_failures_restore_previous_scope) ... ok
company-current	Saved source through calculation, records, CSV and reading	2026-10-10T11:31:09.1981990Z test_one_operation_parses_same_bytes_once_with_same_immutable_content (tests.vnext.test_company_parse_reuse.CompanyParseReuseTest.test_one_operation_parses_same_bytes_once_with_same_immutable_content) ... ok
company-current	Saved source through calculation, records, CSV and reading	2026-10-10T11:31:09.2006455Z test_reused_parse_does_not_bypass_consumer_company_or_period_checks (tests.vnext.test_company_parse_reuse.CompanyParseReuseTest.test_reused_parse_does_not_bypass_consumer_company_or_period_checks) ... ok
company-current	Saved source through calculation, records, CSV and reading	2026-10-10T11:31:15.5716878Z test_current_metric_and_evidence_rows_keep_the_actual_reporter (tests.vnext.test_precalculated_case.PrecalculatedCaseTest.test_current_metric_and_evidence_rows_keep_the_actual_reporter) ... ok
company-current	Saved source through calculation, records, CSV and reading	2026-10-10T11:31:15.7518565Z test_independent_read_checks_changed_or_missing_shared_material (tests.vnext.test_precalculated_case.PrecalculatedCaseTest.test_independent_read_checks_changed_or_missing_shared_material) ... ok
company-current	Saved source through calculation, records, CSV and reading	2026-10-10T11:31:15.7583547Z test_modified_trace_is_rejected_before_completion (tests.vnext.test_precalculated_case.PrecalculatedCaseTest.test_modified_trace_is_rejected_before_completion) ... ok
company-current	Saved source through calculation, records, CSV and reading	2026-10-10T11:31:15.9306838Z test_projection_consumes_selected_annual_input_without_latest_reselection (tests.vnext.test_precalculated_case.PrecalculatedCaseTest.test_projection_consumes_selected_annual_input_without_latest_reselection) ... ok
company-current	Saved source through calculation, records, CSV and reading	2026-10-10T11:31:16.1041110Z test_real_precalculated_case_reaches_rows_without_selector_or_calculator (tests.vnext.test_precalculated_case.PrecalculatedCaseTest.test_real_precalculated_case_reaches_rows_without_selector_or_calculator) ... ok
company-current	Saved source through calculation, records, CSV and reading	2026-10-10T11:31:16.4537766Z test_shared_asset_is_stored_once_and_both_records_remain_readable (tests.vnext.test_precalculated_case.PrecalculatedCaseTest.test_shared_asset_is_stored_once_and_both_records_remain_readable) ... ok
company-current	Saved source through calculation, records, CSV and reading	2026-10-10T11:31:16.6271428Z test_shared_material_cannot_be_written_into_readonly_source (tests.vnext.test_precalculated_case.PrecalculatedCaseTest.test_shared_material_cannot_be_written_into_readonly_source) ... ok
company-current	Saved source through calculation, records, CSV and reading	2026-10-10T11:31:16.7897554Z test_wrong_prepared_fiscal_label_is_rejected_without_latest_fallback (tests.vnext.test_precalculated_case.PrecalculatedCaseTest.test_wrong_prepared_fiscal_label_is_rejected_without_latest_fallback) ... ok
company-current	Saved source through calculation, records, CSV and reading	2026-10-10T11:31:16.9542651Z test_wrong_prepared_subject_is_rejected_before_completion (tests.vnext.test_precalculated_case.PrecalculatedCaseTest.test_wrong_prepared_subject_is_rejected_before_completion) ... ok
company-current	Saved source through calculation, records, CSV and reading	2026-10-10T11:31:16.9609070Z test_wrong_spec_has_no_completion_manifest (tests.vnext.test_precalculated_case.PrecalculatedCaseTest.test_wrong_spec_has_no_completion_manifest) ... ok
company-current	Saved source through calculation, records, CSV and reading	2026-10-10T11:31:16.9672351Z test_wrong_target_period_has_no_completion_manifest (tests.vnext.test_precalculated_case.PrecalculatedCaseTest.test_wrong_target_period_has_no_completion_manifest) ... ok
company-current	Saved source through calculation, records, CSV and reading	2026-10-10T11:31:19.8725976Z test_rpo_saved_csv_is_explicitly_not_arr_or_churn (tests.vnext.test_precalculated_case.RpoDisplayTest.test_rpo_saved_csv_is_explicitly_not_arr_or_churn) ... ok
company-current	Saved source through calculation, records, CSV and reading	2026-10-10T11:31:19.8952153Z test_both_metrics_reach_calculator_without_selecting_or_reading_again (tests.vnext.test_selected_lodging_calculation.SelectedLodgingCalculationTest.test_both_metrics_reach_calculator_without_selecting_or_reading_again) ... ok
company-current	Saved source through calculation, records, CSV and reading	2026-10-10T11:31:19.8971624Z test_changed_period_or_scope_is_rejected_before_calculation (tests.vnext.test_selected_lodging_calculation.SelectedLodgingCalculationTest.test_changed_period_or_scope_is_rejected_before_calculation) ... ok
company-current	Saved source through calculation, records, CSV and reading	2026-10-10T11:31:19.8991586Z test_company_accession_reference_and_metric_conflicts_are_rejected (tests.vnext.test_selected_lodging_calculation.SelectedLodgingCalculationTest.test_company_accession_reference_and_metric_conflicts_are_rejected) ... ok
company-current	Saved source through calculation, records, CSV and reading	2026-10-10T11:31:19.9156203Z test_selected_noncalendar_interval_is_preserved_through_calculation (tests.vnext.test_selected_lodging_calculation.SelectedLodgingCalculationTest.test_selected_noncalendar_interval_is_preserved_through_calculation) ... ok
company-current	Saved source through calculation, records, CSV and reading	2026-10-10T11:31:19.9175692Z test_wrong_unit_cannot_become_an_exact_result (tests.vnext.test_selected_lodging_calculation.SelectedLodgingCalculationTest.test_wrong_unit_cannot_become_an_exact_result) ... ok
company-current	Saved source through calculation, records, CSV and reading	2026-10-10T11:31:19.9196370Z test_context_and_reported_cik_cannot_change_the_selected_subject (tests.vnext.test_selected_lodging_source.PreparedPeriodBusinessTest.test_context_and_reported_cik_cannot_change_the_selected_subject) ... ok
company-current	Saved source through calculation, records, CSV and reading	2026-10-10T11:31:19.9214963Z test_invalid_label_is_an_integrity_failure (tests.vnext.test_selected_lodging_source.PreparedPeriodBusinessTest.test_invalid_label_is_an_integrity_failure) ... ok
company-current	Saved source through calculation, records, CSV and reading	2026-10-10T11:31:19.9233022Z test_quarter_and_amendment_are_not_an_ordinary_annual_selection (tests.vnext.test_selected_lodging_source.PreparedPeriodBusinessTest.test_quarter_and_amendment_are_not_an_ordinary_annual_selection) ... ok
company-current	Saved source through calculation, records, CSV and reading	2026-10-10T11:31:19.9243668Z test_short_interval_is_a_named_implementation_gap (tests.vnext.test_selected_lodging_source.PreparedPeriodBusinessTest.test_short_interval_is_a_named_implementation_gap) ... ok
company-current	Saved source through calculation, records, CSV and reading	2026-10-10T11:31:19.9254383Z test_source_label_and_52_week_interval_are_kept (tests.vnext.test_selected_lodging_source.PreparedPeriodBusinessTest.test_source_label_and_52_week_interval_are_kept) ... ok
company-current	Saved source through calculation, records, CSV and reading	2026-10-10T11:31:19.9411222Z test_both_metrics_keep_units_scope_period_and_raw_cell_positions (tests.vnext.test_selected_lodging_source.SelectedLodgingSourceTest.test_both_metrics_keep_units_scope_period_and_raw_cell_positions) ... ok
company-current	Saved source through calculation, records, CSV and reading	2026-10-10T11:31:19.9414989Z test_company_accession_raw_bytes_and_period_must_match_selected_source (tests.vnext.test_selected_lodging_source.SelectedLodgingSourceTest.test_company_accession_raw_bytes_and_period_must_match_selected_source) ... ok
company-current	Saved source through calculation, records, CSV and reading	2026-10-10T11:31:19.9592576Z test_competing_target_and_truncated_html_are_not_a_success (tests.vnext.test_selected_lodging_source.SelectedLodgingSourceTest.test_competing_target_and_truncated_html_are_not_a_success) ... ok
company-current	Saved source through calculation, records, CSV and reading	2026-10-10T11:31:19.9850592Z test_local_period_currency_and_footnote_conflicts_are_not_ignored (tests.vnext.test_selected_lodging_source.SelectedLodgingSourceTest.test_local_period_currency_and_footnote_conflicts_are_not_ignored) ... ok
company-current	Saved source through calculation, records, CSV and reading	2026-10-10T11:31:19.9996900Z test_non_calendar_prepared_period_is_not_inferred_from_end_year (tests.vnext.test_selected_lodging_source.SelectedLodgingSourceTest.test_non_calendar_prepared_period_is_not_inferred_from_end_year) ... ok
company-current	Saved source through calculation, records, CSV and reading	2026-10-10T11:31:20.0316589Z test_policy_is_explicit_and_never_changes_module_globals (tests.vnext.test_selected_lodging_source.SelectedLodgingSourceTest.test_policy_is_explicit_and_never_changes_module_globals) ... ok
company-current	Saved source through calculation, records, CSV and reading	2026-10-10T11:31:20.0582620Z test_scope_and_unit_cannot_be_borrowed_or_guessed (tests.vnext.test_selected_lodging_source.SelectedLodgingSourceTest.test_scope_and_unit_cannot_be_borrowed_or_guessed) ... ok
company-current	Saved source through calculation, records, CSV and reading	2026-10-10T11:31:20.0732067Z test_selected_reader_does_not_prepare_or_parse_dei_again (tests.vnext.test_selected_lodging_source.SelectedLodgingSourceTest.test_selected_reader_does_not_prepare_or_parse_dei_again) ... ok
company-current	Saved source through calculation, records, CSV and reading	2026-10-10T11:31:20.0902892Z test_year_column_and_introduction_are_independent_checks (tests.vnext.test_selected_lodging_source.SelectedLodgingSourceTest.test_year_column_and_introduction_are_independent_checks) ... ok
company-current	Saved source through calculation, records, CSV and reading	2026-10-10T11:31:20.0906024Z test_five_adapters_emit_deterministic_verified_claims (tests.vnext.test_deterministic_router.DeterministicRouterTest.test_five_adapters_emit_deterministic_verified_claims)
company-current	Saved source through calculation, records, CSV and reading	2026-10-10T11:31:20.1001848Z Run all five adapters with a socket-open canary fixed at zero. ... ok
company-current	Saved source through calculation, records, CSV and reading	2026-10-10T11:31:20.1003590Z test_source_set_tamper_and_metric_specific_branch_fail (tests.vnext.test_deterministic_router.DeterministicRouterTest.test_source_set_tamper_and_metric_specific_branch_fail)
company-current	Saved source through calculation, records, CSV and reading	2026-10-10T11:31:20.1301557Z Reject manifest drift and ban a shared E01 identity branch. ... ok
company-current	Saved source through calculation, records, CSV and reading	2026-10-10T11:31:20.1349184Z test_catalog_compile_keeps_metric_formula_unit_and_dimension_rules (tests.vnext.test_runtime_tools.RuntimeToolsTest.test_catalog_compile_keeps_metric_formula_unit_and_dimension_rules) ... ok
company-current	Saved source through calculation, records, CSV and reading	2026-10-10T11:31:20.1351015Z test_csv_columns_quotes_newlines_and_unicode_are_preserved (tests.vnext.test_runtime_tools.RuntimeToolsTest.test_csv_columns_quotes_newlines_and_unicode_are_preserved) ... ok
company-current	Saved source through calculation, records, CSV and reading	2026-10-10T11:31:20.1367013Z test_invalid_formula_arity_unit_and_dimensions_not_silently_accepted (tests.vnext.test_runtime_tools.RuntimeToolsTest.test_invalid_formula_arity_unit_and_dimensions_not_silently_accepted) ... ok
company-current	Saved source through calculation, records, CSV and reading	2026-10-10T11:31:20.1368688Z test_legacy_null_result_constructor_remains_the_same_callable (tests.vnext.test_runtime_tools.RuntimeToolsTest.test_legacy_null_result_constructor_remains_the_same_callable) ... ok
company-current	Saved source through calculation, records, CSV and reading	2026-10-10T11:31:20.6366106Z test_lodging_source_and_result_entry_do_not_import_publication_or_qualification (tests.vnext.test_runtime_tools.RuntimeToolsTest.test_lodging_source_and_result_entry_do_not_import_publication_or_qualification) ... ok
company-current	Saved source through calculation, records, CSV and reading	2026-10-10T11:31:20.6369002Z test_missing_or_extra_csv_field_is_a_real_failure (tests.vnext.test_runtime_tools.RuntimeToolsTest.test_missing_or_extra_csv_field_is_a_real_failure) ... ok
company-current	Saved source through calculation, records, CSV and reading	2026-10-10T11:31:21.0520903Z test_small_source_and_spec_tools_do_not_import_release_workflows (tests.vnext.test_runtime_tools.RuntimeToolsTest.test_small_source_and_spec_tools_do_not_import_release_workflows) ... ok
company-current	Saved source through calculation, records, CSV and reading	2026-10-10T11:31:21.0550461Z test_aggregate_preserves_all_proofs_without_double_counting (tests.vnext.test_b03_current_input_scope.ContractAggregateTest.test_aggregate_preserves_all_proofs_without_double_counting) ... ok
company-current	Saved source through calculation, records, CSV and reading	2026-10-10T11:31:21.0572649Z test_aggregate_still_requires_original_gross_to_net_relation (tests.vnext.test_b03_current_input_scope.ContractAggregateTest.test_aggregate_still_requires_original_gross_to_net_relation) ... ok
company-current	Saved source through calculation, records, CSV and reading	2026-10-10T11:31:21.0660710Z test_conflicting_or_commented_display_does_not_erase_visible_spacer (tests.vnext.test_b03_current_input_scope.ContractAggregateTest.test_conflicting_or_commented_display_does_not_erase_visible_spacer) ... ok
company-current	Saved source through calculation, records, CSV and reading	2026-10-10T11:31:21.0663646Z test_duplicate_aggregate_or_segment_does_not_gain_credit (tests.vnext.test_b03_current_input_scope.ContractAggregateTest.test_duplicate_aggregate_or_segment_does_not_gain_credit) ... ok
company-current	Saved source through calculation, records, CSV and reading	2026-10-10T11:31:21.0708863Z test_hidden_self_closing_empty_cells_do_not_shift_visible_year_columns (tests.vnext.test_b03_current_input_scope.ContractAggregateTest.test_hidden_self_closing_empty_cells_do_not_shift_visible_year_columns) ... ok
company-current	Saved source through calculation, records, CSV and reading	2026-10-10T11:31:21.0711618Z test_unreconciled_aggregate_or_unknown_scope_stays_unproved (tests.vnext.test_b03_current_input_scope.ContractAggregateTest.test_unreconciled_aggregate_or_unknown_scope_stays_unproved) ... ok
company-current	Saved source through calculation, records, CSV and reading	2026-10-10T11:31:21.0755991Z test_visible_spacers_and_nonempty_hidden_cells_are_not_erased (tests.vnext.test_b03_current_input_scope.ContractAggregateTest.test_visible_spacers_and_nonempty_hidden_cells_are_not_erased) ... ok
company-current	Saved source through calculation, records, CSV and reading	2026-10-10T11:31:34.2686154Z test_amendment_input_uses_program_policy_without_sources_containing_it (tests.vnext.test_b03_current_input_scope.CurrentB03SourceOnlyTest.test_amendment_input_uses_program_policy_without_sources_containing_it) ... ok
company-current	Saved source through calculation, records, CSV and reading	2026-10-10T11:31:35.3792855Z test_contract_revenue_deduction_keeps_relationship_under_legal_prefix_alias (tests.vnext.test_b03_current_input_scope.CurrentB03SourceOnlyTest.test_contract_revenue_deduction_keeps_relationship_under_legal_prefix_alias) ... ok
company-current	Saved source through calculation, records, CSV and reading	2026-10-10T11:31:35.3796310Z test_marriott_composition_458m_and_135m_revenue_deduction_excluded (tests.vnext.test_b03_current_input_scope.CurrentB03SourceOnlyTest.test_marriott_composition_458m_and_135m_revenue_deduction_excluded) ... ok
company-current	Saved source through calculation, records, CSV and reading	2026-10-10T11:31:35.3903654Z test_salesforce_named_withheld_does_not_consume_bad_subtotal_and_carries_b01 (tests.vnext.test_b03_current_input_scope.CurrentB03SourceOnlyTest.test_salesforce_named_withheld_does_not_consume_bad_subtotal_and_carries_b01) ... ok
company-current	Saved source through calculation, records, CSV and reading	2026-10-10T11:31:35.3915480Z test_saved_input_assessment_is_read_without_recalculation_and_damage_is_visible (tests.vnext.test_b03_current_input_scope.CurrentB03SourceOnlyTest.test_saved_input_assessment_is_read_without_recalculation_and_damage_is_visible) ... ok
company-current	Saved source through calculation, records, CSV and reading	2026-10-10T11:31:35.3976833Z test_company_custom_same_local_name_cannot_displace_legitimate_gaap_composition (tests.vnext.test_b03_current_input_scope.CurrentDaScopeTest.test_company_custom_same_local_name_cannot_displace_legitimate_gaap_composition) ... ok
company-current	Saved source through calculation, records, CSV and reading	2026-10-10T11:31:35.3990026Z test_conflicting_subtotal_is_withheld_and_larger_total_not_automatically_taken (tests.vnext.test_b03_current_input_scope.CurrentDaScopeTest.test_conflicting_subtotal_is_withheld_and_larger_total_not_automatically_taken) ... ok
company-current	Saved source through calculation, records, CSV and reading	2026-10-10T11:31:35.4455567Z test_context_policy_alone_changes_update_configuration_and_requires_calculation (tests.vnext.test_b03_current_input_scope.CurrentDaScopeTest.test_context_policy_alone_changes_update_configuration_and_requires_calculation) ... ok
company-current	Saved source through calculation, records, CSV and reading	2026-10-10T11:31:35.4472193Z test_currency_alias_is_resolved_and_foreign_identifier_scheme_is_not_accepted (tests.vnext.test_b03_current_input_scope.CurrentDaScopeTest.test_currency_alias_is_resolved_and_foreign_identifier_scheme_is_not_accepted) ... ok
company-current	Saved source through calculation, records, CSV and reading	2026-10-10T11:31:35.4481724Z test_declared_numeric_transform_remains_supported (tests.vnext.test_b03_current_input_scope.CurrentDaScopeTest.test_declared_numeric_transform_remains_supported) ... ok
company-current	Saved source through calculation, records, CSV and reading	2026-10-10T11:31:35.4511688Z test_existing_direct_scope_uses_namespace_alias_and_retains_usd_check (tests.vnext.test_b03_current_input_scope.CurrentDaScopeTest.test_existing_direct_scope_uses_namespace_alias_and_retains_usd_check) ... ok
company-current	Saved source through calculation, records, CSV and reading	2026-10-10T11:31:35.4570489Z test_foreign_entity_period_unit_segment_or_namespace_does_not_create_own_total_conflict (tests.vnext.test_b03_current_input_scope.CurrentDaScopeTest.test_foreign_entity_period_unit_segment_or_namespace_does_not_create_own_total_conflict) ... ok
company-current	Saved source through calculation, records, CSV and reading	2026-10-10T11:31:35.4595060Z test_legal_gaap_prefix_alias_composition_keeps_same_quantity (tests.vnext.test_b03_current_input_scope.CurrentDaScopeTest.test_legal_gaap_prefix_alias_composition_keeps_same_quantity) ... ok
company-current	Saved source through calculation, records, CSV and reading	2026-10-10T11:31:35.4609615Z test_nil_keeps_other_evidence_and_gives_a_named_withhold (tests.vnext.test_b03_current_input_scope.CurrentDaScopeTest.test_nil_keeps_other_evidence_and_gives_a_named_withhold) ... ok
company-current	Saved source through calculation, records, CSV and reading	2026-10-10T11:31:35.4880578Z test_numeric_helper_change_affects_b03_configuration_but_not_b01 (tests.vnext.test_b03_current_input_scope.CurrentDaScopeTest.test_numeric_helper_change_affects_b03_configuration_but_not_b01) ... ok
company-current	Saved source through calculation, records, CSV and reading	2026-10-10T11:31:35.4901404Z test_only_unique_original_composition_can_retake_a_later_direct_candidate (tests.vnext.test_b03_current_input_scope.CurrentDaScopeTest.test_only_unique_original_composition_can_retake_a_later_direct_candidate) ... ok
company-current	Saved source through calculation, records, CSV and reading	2026-10-10T11:31:35.4914513Z test_reported_precision_agreement_keeps_chain_not_exact_numeric_equality (tests.vnext.test_b03_current_input_scope.CurrentDaScopeTest.test_reported_precision_agreement_keeps_chain_not_exact_numeric_equality) ... ok
company-current	Saved source through calculation, records, CSV and reading	2026-10-10T11:31:35.4923535Z test_unformatted_comma_is_not_silently_removed_to_confirm_chain (tests.vnext.test_b03_current_input_scope.CurrentDaScopeTest.test_unformatted_comma_is_not_silently_removed_to_confirm_chain) ... ok
company-current	Saved source through calculation, records, CSV and reading	2026-10-10T11:31:35.4931220Z test_unsupported_numeric_tag_cannot_confirm_chain_amount (tests.vnext.test_b03_current_input_scope.CurrentDaScopeTest.test_unsupported_numeric_tag_cannot_confirm_chain_amount) ... ok
company-current	Saved source through calculation, records, CSV and reading	2026-10-10T11:31:35.4957258Z test_composition_passes_same_explicit_policy_to_original_component_lookup (tests.vnext.test_xbrl_namespace_policy.NamespacePolicyTest.test_composition_passes_same_explicit_policy_to_original_component_lookup) ... ok
company-current	Saved source through calculation, records, CSV and reading	2026-10-10T11:31:35.4959484Z test_default_year_only_and_explicit_date_release (tests.vnext.test_xbrl_namespace_policy.NamespacePolicyTest.test_default_year_only_and_explicit_date_release) ... ok
company-current	Saved source through calculation, records, CSV and reading	2026-10-10T11:31:35.4972154Z test_direct_scope_requires_explicit_release_policy (tests.vnext.test_xbrl_namespace_policy.NamespacePolicyTest.test_direct_scope_requires_explicit_release_policy) ... ok
company-current	Saved source through calculation, records, CSV and reading	2026-10-10T11:31:35.4992285Z test_conflicting_facts_and_short_context_remain_rejected (tests.vnext.test_dei_release_selection.DeiReleaseSelectionTest.test_conflicting_facts_and_short_context_remain_rejected) ... ok
company-current	Saved source through calculation, records, CSV and reading	2026-10-10T11:31:35.5032092Z test_foreign_extension_invalid_quarter_and_extra_suffix_rejected (tests.vnext.test_dei_release_selection.DeiReleaseSelectionTest.test_foreign_extension_invalid_quarter_and_extra_suffix_rejected) ... ok
company-current	Saved source through calculation, records, CSV and reading	2026-10-10T11:31:35.5048623Z test_historical_annual_and_remaining_views_use_the_explicit_adapter (tests.vnext.test_dei_release_selection.DeiReleaseSelectionTest.test_historical_annual_and_remaining_views_use_the_explicit_adapter) ... ok
company-current	Saved source through calculation, records, CSV and reading	2026-10-10T11:31:35.5114991Z test_historical_fiscal_labels_still_reject_changed_source_bytes (tests.vnext.test_dei_release_selection.DeiReleaseSelectionTest.test_historical_fiscal_labels_still_reject_changed_source_bytes) ... ok
company-current	Saved source through calculation, records, CSV and reading	2026-10-10T11:31:35.5117295Z test_no_arbitrary_regex_or_boolean_selection (tests.vnext.test_dei_release_selection.DeiReleaseSelectionTest.test_no_arbitrary_regex_or_boolean_selection) ... ok
company-current	Saved source through calculation, records, CSV and reading	2026-10-10T11:31:35.5208416Z test_old_release_requires_explicit_successor (tests.vnext.test_dei_release_selection.DeiReleaseSelectionTest.test_old_release_requires_explicit_successor) ... ok
company-current	Saved source through calculation, records, CSV and reading	2026-10-10T11:31:35.5233267Z test_original_default_and_explicit_year_have_identical_return (tests.vnext.test_dei_release_selection.DeiReleaseSelectionTest.test_original_default_and_explicit_year_have_identical_return) ... ok
company-current	Saved source through calculation, records, CSV and reading	2026-10-10T11:31:35.5281819Z test_successor_does_not_relax_entity_or_annual_identity (tests.vnext.test_dei_release_selection.DeiReleaseSelectionTest.test_successor_does_not_relax_entity_or_annual_identity) ... ok
company-current	Saved source through calculation, records, CSV and reading	2026-10-10T11:32:31.1803848Z test_actual_original_header_context_conflict_is_named_withheld (tests.vnext.test_successor_income_projection.SuccessorIncomeProjectionTest.test_actual_original_header_context_conflict_is_named_withheld) ... ok
company-current	Saved source through calculation, records, CSV and reading	2026-10-10T11:32:31.2635273Z test_missing_proof_does_not_allow_an_arbitrary_shorter_period (tests.vnext.test_successor_income_projection.SuccessorIncomeProjectionTest.test_missing_proof_does_not_allow_an_arbitrary_shorter_period) ... ok
company-current	Saved source through calculation, records, CSV and reading	2026-10-10T11:32:31.3277455Z test_numeric_result_requires_checked_source_observations (tests.vnext.test_successor_income_projection.SuccessorIncomeProjectionTest.test_numeric_result_requires_checked_source_observations) ... ok
company-current	Saved source through calculation, records, CSV and reading	2026-10-10T11:32:31.3905201Z test_result_cannot_claim_a_different_short_period (tests.vnext.test_successor_income_projection.SuccessorIncomeProjectionTest.test_result_cannot_claim_a_different_short_period) ... ok
company-current	Saved source through calculation, records, CSV and reading	2026-10-10T11:32:31.5089758Z test_short_period_state_has_actual_dates_and_preserves_annual_guard (tests.vnext.test_successor_income_projection.SuccessorIncomeProjectionTest.test_short_period_state_has_actual_dates_and_preserves_annual_guard) ... ok
company-current	Saved source through calculation, records, CSV and reading	2026-10-10T11:32:31.7041906Z test_wrong_subject_or_statement_period_still_rejected (tests.vnext.test_successor_income_projection.SuccessorIncomeProjectionTest.test_wrong_subject_or_statement_period_still_rejected) ... ok
company-current	Saved source through calculation, records, CSV and reading	2026-10-10T11:32:31.7064466Z test_conflict_and_consistent_short_period (tests.vnext.test_successor_income_projection.VisibleIncomePeriodTest.test_conflict_and_consistent_short_period) ... ok
company-current	Saved source through calculation, records, CSV and reading	2026-10-10T11:32:31.7069910Z test_missing_range_remains_unresolved (tests.vnext.test_successor_income_projection.VisibleIncomePeriodTest.test_missing_range_remains_unresolved) ... ok
company-current	Saved source through calculation, records, CSV and reading	2026-10-10T11:32:31.7075859Z test_other_column_date_cannot_prove_this_fact (tests.vnext.test_successor_income_projection.VisibleIncomePeriodTest.test_other_column_date_cannot_prove_this_fact) ... ok
company-current	Saved source through calculation, records, CSV and reading	2026-10-10T11:32:53.9108928Z test_existing_item_contract_counts_match_independent_original_headers (tests.vnext.test_event_rule_root.EventRuleRootTest.test_existing_item_contract_counts_match_independent_original_headers) ... ok
company-current	Saved source through calculation, records, CSV and reading	2026-10-10T11:32:53.9110863Z test_explicit_current_rules_cannot_grant_old_e01_item_count_new_credit (tests.vnext.test_event_rule_root.EventRuleRootTest.test_explicit_current_rules_cannot_grant_old_e01_item_count_new_credit) ... ok
company-current	Saved source through calculation, records, CSV and reading	2026-10-10T11:32:53.9244396Z test_independent_read_has_no_selection_or_calculation (tests.vnext.test_event_rule_root.EventRuleRootTest.test_independent_read_has_no_selection_or_calculation) ... ok
company-current	Saved source through calculation, records, CSV and reading	2026-10-10T11:32:55.8428379Z test_missing_event_body_cannot_turn_into_smaller_complete_count (tests.vnext.test_event_rule_root.EventRuleRootTest.test_missing_event_body_cannot_turn_into_smaller_complete_count) ... ok
company-current	Saved source through calculation, records, CSV and reading	2026-10-10T11:33:00.9044837Z test_normal_company_entry_and_reentry_use_saved_source_without_install (tests.vnext.test_event_rule_root.EventRuleRootTest.test_normal_company_entry_and_reentry_use_saved_source_without_install) ... ok
company-current	Saved source through calculation, records, CSV and reading	2026-10-10T11:33:05.7288520Z test_unused_session_change_reuses_real_company_result_without_calculation (tests.vnext.test_event_rule_root.EventRuleRootTest.test_unused_session_change_reuses_real_company_result_without_calculation) ... ok
company-current	Saved source through calculation, records, CSV and reading	2026-10-10T11:33:05.7384616Z test_arbitrary_release_never_enters_shared_issuer_rules (tests.vnext.test_financial_dei_release.FinancialDeiReleaseTest.test_arbitrary_release_never_enters_shared_issuer_rules) ... ok
company-current	Saved source through calculation, records, CSV and reading	2026-10-10T11:33:05.7419238Z test_issuer_successor_and_default_keep_exact_identity_checks (tests.vnext.test_financial_dei_release.FinancialDeiReleaseTest.test_issuer_successor_and_default_keep_exact_identity_checks) ... ok
company-current	Saved source through calculation, records, CSV and reading	2026-10-10T11:33:05.7422946Z test_lcr_checks_source_hash_before_any_release_or_facts (tests.vnext.test_financial_dei_release.FinancialDeiReleaseTest.test_lcr_checks_source_hash_before_any_release_or_facts) ... ok
company-current	Saved source through calculation, records, CSV and reading	2026-10-10T11:33:05.7514517Z test_var_prepare_uses_controlled_release_and_original_period (tests.vnext.test_financial_dei_release.FinancialDeiReleaseTest.test_var_prepare_uses_controlled_release_and_original_period) ... ok
company-current	Saved source through calculation, records, CSV and reading	2026-10-10T11:33:05.7535515Z test_year_only_default_is_identical_to_explicit_on_ordinary_source (tests.vnext.test_financial_dei_release.FinancialDeiReleaseTest.test_year_only_default_is_identical_to_explicit_on_ordinary_source) ... ok
company-current	Saved source through calculation, records, CSV and reading	2026-10-10T11:33:05.7541553Z test_another_metric_cannot_borrow_the_quarter_exception (tests.vnext.test_reported_average_period.ReportedAveragePeriodTest.test_another_metric_cannot_borrow_the_quarter_exception) ... ok
company-current	Saved source through calculation, records, CSV and reading	2026-10-10T11:33:05.7549093Z test_quarter_stays_quarter_with_annual_filing_group (tests.vnext.test_reported_average_period.ReportedAveragePeriodTest.test_quarter_stays_quarter_with_annual_filing_group) ... ok
company-current	Saved source through calculation, records, CSV and reading	2026-10-10T11:33:05.7558991Z test_reference_period_entity_value_and_uncertainty_do_not_disappear (tests.vnext.test_reported_average_period.ReportedAveragePeriodTest.test_reference_period_entity_value_and_uncertainty_do_not_disappear) ... ok
company-current	Saved source through calculation, records, CSV and reading	2026-10-10T11:33:05.7565479Z test_year_label_cannot_annualize_the_measurement (tests.vnext.test_reported_average_period.ReportedAveragePeriodTest.test_year_label_cannot_annualize_the_measurement) ... ok
company-current	Saved source through calculation, records, CSV and reading	2026-10-10T11:33:05.7576772Z test_a09_only_complete_ambiguity_enters_html_with_same_option (tests.vnext.test_bank_scope_dei_release.BankScopeDeiReleaseTest.test_a09_only_complete_ambiguity_enters_html_with_same_option) ... ok
company-current	Saved source through calculation, records, CSV and reading	2026-10-10T11:33:05.7580605Z test_a09_primary_has_priority_and_forwards_selection (tests.vnext.test_bank_scope_dei_release.BankScopeDeiReleaseTest.test_a09_primary_has_priority_and_forwards_selection) ... ok
company-current	Saved source through calculation, records, CSV and reading	2026-10-10T11:33:05.7583772Z test_a09_source_failure_cannot_become_ambiguity (tests.vnext.test_bank_scope_dei_release.BankScopeDeiReleaseTest.test_a09_source_failure_cannot_become_ambiguity) ... ok
company-current	Saved source through calculation, records, CSV and reading	2026-10-10T11:33:05.7861692Z test_all_three_real_parsers_require_explicit_old_release (tests.vnext.test_bank_scope_dei_release.BankScopeDeiReleaseTest.test_all_three_real_parsers_require_explicit_old_release) ... ok
company-current	Saved source through calculation, records, CSV and reading	2026-10-10T11:33:05.8363893Z test_original_year_default_returns_same_components (tests.vnext.test_bank_scope_dei_release.BankScopeDeiReleaseTest.test_original_year_default_returns_same_components) ... ok
company-current	Saved source through calculation, records, CSV and reading	2026-10-10T11:33:05.8370705Z test_selected_case_set_does_not_expand_default_or_bypass_factory (tests.vnext.test_bank_scope_dei_release.BankScopeDeiReleaseTest.test_selected_case_set_does_not_expand_default_or_bypass_factory) ... ok
company-current	Saved source through calculation, records, CSV and reading	2026-10-10T11:33:05.8425640Z test_wrong_source_subject_period_and_option_still_reject (tests.vnext.test_bank_scope_dei_release.BankScopeDeiReleaseTest.test_wrong_source_subject_period_and_option_still_reject) ... ok
company-current	Saved source through calculation, records, CSV and reading	2026-10-10T11:33:17.0647403Z test_constructed_withheld_native_trace_keeps_state_without_filled_issuer (tests.vnext.test_reporting_company_projection.CurrentNullableTraceProjectionTest.test_constructed_withheld_native_trace_keeps_state_without_filled_issuer) ... ok
company-current	Saved source through calculation, records, CSV and reading	2026-10-10T11:33:19.9331665Z test_current_reported_rpo_with_nullable_trace_keeps_value_and_issuer (tests.vnext.test_reporting_company_projection.CurrentNullableTraceProjectionTest.test_current_reported_rpo_with_nullable_trace_keeps_value_and_issuer) ... ok
company-current	Saved source through calculation, records, CSV and reading	2026-10-10T11:33:24.8059513Z test_current_structural_and_both_hotel_numbers_save_with_nullable_trace (tests.vnext.test_reporting_company_projection.CurrentNullableTraceProjectionTest.test_current_structural_and_both_hotel_numbers_save_with_nullable_trace) ... ok
company-current	Saved source through calculation, records, CSV and reading	2026-10-10T11:33:24.8066262Z test_combined_or_unproven_subject_policy_does_not_get_single_reporter_view (tests.vnext.test_reporting_company_projection.ReportingCompanyProjectionTest.test_combined_or_unproven_subject_policy_does_not_get_single_reporter_view) ... ok
company-current	Saved source through calculation, records, CSV and reading	2026-10-10T11:33:24.8069599Z test_current_reporter_preserves_current_view (tests.vnext.test_reporting_company_projection.ReportingCompanyProjectionTest.test_current_reporter_preserves_current_view) ... ok
company-current	Saved source through calculation, records, CSV and reading	2026-10-10T11:33:24.8074954Z test_different_filing_or_bad_entity_does_not_gain_display_identity (tests.vnext.test_reporting_company_projection.ReportingCompanyProjectionTest.test_different_filing_or_bad_entity_does_not_gain_display_identity) ... ok
company-current	Saved source through calculation, records, CSV and reading	2026-10-10T11:33:24.8078818Z test_explicit_null_issuer_fields_use_verified_annual_without_modifying_trace (tests.vnext.test_reporting_company_projection.ReportingCompanyProjectionTest.test_explicit_null_issuer_fields_use_verified_annual_without_modifying_trace) ... ok
company-current	Saved source through calculation, records, CSV and reading	2026-10-10T11:33:24.8084554Z test_metadata_only_outcome_can_keep_inventory_issuer_without_claiming_amount (tests.vnext.test_reporting_company_projection.ReportingCompanyProjectionTest.test_metadata_only_outcome_can_keep_inventory_issuer_without_claiming_amount) ... ok
company-current	Saved source through calculation, records, CSV and reading	2026-10-10T11:33:24.8089578Z test_null_target_requires_matching_source_not_another_registered_issuer (tests.vnext.test_reporting_company_projection.ReportingCompanyProjectionTest.test_null_target_requires_matching_source_not_another_registered_issuer) ... ok
company-current	Saved source through calculation, records, CSV and reading	2026-10-10T11:33:24.8096727Z test_nullable_contract_does_not_hide_filled_conflicts_or_missing_fields (tests.vnext.test_reporting_company_projection.ReportingCompanyProjectionTest.test_nullable_contract_does_not_hide_filled_conflicts_or_missing_fields) ... ok
company-current	Saved source through calculation, records, CSV and reading	2026-10-10T11:33:24.8100455Z test_predecessor_reporting_cik_changes_only_presentation_view (tests.vnext.test_reporting_company_projection.ReportingCompanyProjectionTest.test_predecessor_reporting_cik_changes_only_presentation_view) ... ok
company-current	Saved source through calculation, records, CSV and reading	2026-10-10T11:33:24.8156689Z test_registered_union_still_requires_its_existing_period_proof (tests.vnext.test_reporting_company_projection.ReportingCompanyProjectionTest.test_registered_union_still_requires_its_existing_period_proof) ... ok
company-current	Saved source through calculation, records, CSV and reading	2026-10-10T11:33:24.8163429Z test_unregistered_reporter_or_cross_subject_trace_is_rejected (tests.vnext.test_reporting_company_projection.ReportingCompanyProjectionTest.test_unregistered_reporter_or_cross_subject_trace_is_rejected) ... ok
company-current	Saved source through calculation, records, CSV and reading	2026-10-10T11:33:24.8182222Z test_valued_historical_event_uses_selected_inventory_and_source_set (tests.vnext.test_reporting_company_projection.ReportingCompanyProjectionTest.test_valued_historical_event_uses_selected_inventory_and_source_set) ... ok
company-current	Saved source through calculation, records, CSV and reading	2026-10-10T11:33:24.8332093Z test_accounting_cost_exclusion_does_not_change_revenue_entity_scope (tests.vnext.test_selected_revenue_scope_v1.SelectedRevenueScopeTest.test_accounting_cost_exclusion_does_not_change_revenue_entity_scope) ... ok
company-current	Saved source through calculation, records, CSV and reading	2026-10-10T11:33:24.8772580Z test_approved_legacy_calculator_selects_total_after_component_admission (tests.vnext.test_selected_revenue_scope_v1.SelectedRevenueScopeTest.test_approved_legacy_calculator_selects_total_after_component_admission) ... ok
company-current	Saved source through calculation, records, CSV and reading	2026-10-10T11:33:24.8900569Z test_conflicting_part_total_not_fixed_by_larger_value (tests.vnext.test_selected_revenue_scope_v1.SelectedRevenueScopeTest.test_conflicting_part_total_not_fixed_by_larger_value) ... ok
company-current	Saved source through calculation, records, CSV and reading	2026-10-10T11:33:24.9031097Z test_explicit_local_exclusion_is_not_overruled_by_same_context (tests.vnext.test_selected_revenue_scope_v1.SelectedRevenueScopeTest.test_explicit_local_exclusion_is_not_overruled_by_same_context) ... ok
company-current	Saved source through calculation, records, CSV and reading	2026-10-10T11:33:24.9158150Z test_explicit_scope_after_consolidated_title_is_not_ignored (tests.vnext.test_selected_revenue_scope_v1.SelectedRevenueScopeTest.test_explicit_scope_after_consolidated_title_is_not_ignored) ... ok
company-current	Saved source through calculation, records, CSV and reading	2026-10-10T11:33:24.9285510Z test_income_items_alone_do_not_prove_consolidated_statement (tests.vnext.test_selected_revenue_scope_v1.SelectedRevenueScopeTest.test_income_items_alone_do_not_prove_consolidated_statement) ... ok
company-current	Saved source through calculation, records, CSV and reading	2026-10-10T11:33:24.9396208Z test_missing_revenue_component_is_not_an_empty_success (tests.vnext.test_selected_revenue_scope_v1.SelectedRevenueScopeTest.test_missing_revenue_component_is_not_an_empty_success) ... ok
company-current	Saved source through calculation, records, CSV and reading	2026-10-10T11:33:24.9522548Z test_native_fact_row_does_not_hide_unmarked_scope_clause (tests.vnext.test_selected_revenue_scope_v1.SelectedRevenueScopeTest.test_native_fact_row_does_not_hide_unmarked_scope_clause) ... ok
company-current	Saved source through calculation, records, CSV and reading	2026-10-10T11:33:24.9685002Z test_old_visible_header_parser_default_is_retained (tests.vnext.test_selected_revenue_scope_v1.SelectedRevenueScopeTest.test_old_visible_header_parser_default_is_retained) ... ok
company-current	Saved source through calculation, records, CSV and reading	2026-10-10T11:33:24.9825506Z test_other_filing_facts_and_prior_periods_not_rewritten_or_substituted (tests.vnext.test_selected_revenue_scope_v1.SelectedRevenueScopeTest.test_other_filing_facts_and_prior_periods_not_rewritten_or_substituted) ... ok
company-current	Saved source through calculation, records, CSV and reading	2026-10-10T11:33:24.9915703Z test_primary_only_statement_check_is_explicit_not_faked_xml_check (tests.vnext.test_selected_revenue_scope_v1.SelectedRevenueScopeTest.test_primary_only_statement_check_is_explicit_not_faked_xml_check) ... ok
company-current	Saved source through calculation, records, CSV and reading	2026-10-10T11:33:25.0042848Z test_primary_xml_conflict_rejected (tests.vnext.test_selected_revenue_scope_v1.SelectedRevenueScopeTest.test_primary_xml_conflict_rejected) ... ok
company-current	Saved source through calculation, records, CSV and reading	2026-10-10T11:33:25.0161760Z test_quarter_caption_does_not_accept_annual_native_context (tests.vnext.test_selected_revenue_scope_v1.SelectedRevenueScopeTest.test_quarter_caption_does_not_accept_annual_native_context) ... ok
company-current	Saved source through calculation, records, CSV and reading	2026-10-10T11:33:25.0290294Z test_restricted_caption_does_not_become_no_split_success (tests.vnext.test_selected_revenue_scope_v1.SelectedRevenueScopeTest.test_restricted_caption_does_not_become_no_split_success) ... ok
company-current	Saved source through calculation, records, CSV and reading	2026-10-10T11:33:25.0395363Z test_revenue_note_total_without_full_statement_not_treated_as_company_total (tests.vnext.test_selected_revenue_scope_v1.SelectedRevenueScopeTest.test_revenue_note_total_without_full_statement_not_treated_as_company_total) ... ok
company-current	Saved source through calculation, records, CSV and reading	2026-10-10T11:33:25.0535552Z test_same_total_value_must_exist_in_selected_companyfacts (tests.vnext.test_selected_revenue_scope_v1.SelectedRevenueScopeTest.test_same_total_value_must_exist_in_selected_companyfacts) ... ok
company-current	Saved source through calculation, records, CSV and reading	2026-10-10T11:33:25.0544463Z test_saved_producer_opts_in_for_b01_and_b03_but_not_neighbours (tests.vnext.test_selected_revenue_scope_v1.SelectedRevenueScopeTest.test_saved_producer_opts_in_for_b01_and_b03_but_not_neighbours) ... ok
company-current	Saved source through calculation, records, CSV and reading	2026-10-10T11:33:25.0686201Z test_scope_cannot_borrow_later_filing_total_when_original_is_missing (tests.vnext.test_selected_revenue_scope_v1.SelectedRevenueScopeTest.test_scope_cannot_borrow_later_filing_total_when_original_is_missing) ... ok
company-current	Saved source through calculation, records, CSV and reading	2026-10-10T11:33:25.0726134Z test_single_full_revenue_keeps_contract_label_and_no_false_complete_credit (tests.vnext.test_selected_revenue_scope_v1.SelectedRevenueScopeTest.test_single_full_revenue_keeps_contract_label_and_no_false_complete_credit) ... ok
company-current	Saved source through calculation, records, CSV and reading	2026-10-10T11:33:25.0865557Z test_source_bound_cells_year_and_primary_xml_retained (tests.vnext.test_selected_revenue_scope_v1.SelectedRevenueScopeTest.test_source_bound_cells_year_and_primary_xml_retained) ... ok
company-current	Saved source through calculation, records, CSV and reading	2026-10-10T11:33:25.0972818Z test_update_configuration_names_actual_scope_and_header_dependencies (tests.vnext.test_selected_revenue_scope_v1.SelectedRevenueScopeTest.test_update_configuration_names_actual_scope_and_header_dependencies) ... ok
company-current	Saved source through calculation, records, CSV and reading	2026-10-10T11:33:25.1089512Z test_visible_column_year_conflict_rejected (tests.vnext.test_selected_revenue_scope_v1.SelectedRevenueScopeTest.test_visible_column_year_conflict_rejected) ... ok
company-current	Saved source through calculation, records, CSV and reading	2026-10-10T11:33:25.1216411Z test_visible_scale_cannot_be_overruled_by_native_amounts (tests.vnext.test_selected_revenue_scope_v1.SelectedRevenueScopeTest.test_visible_scale_cannot_be_overruled_by_native_amounts) ... ok
company-current	Saved source through calculation, records, CSV and reading	2026-10-10T11:33:25.1347633Z test_explicit_total_admits_existing_fact_without_calculating_component_sum (tests.vnext.test_selected_reported_revenue_v2.SelectedReportedRevenueTest.test_explicit_total_admits_existing_fact_without_calculating_component_sum) ... ok
company-current	Saved source through calculation, records, CSV and reading	2026-10-10T11:33:25.1595091Z test_fiscal_year_column_matches_full_selected_native_period_not_calendar_year (tests.vnext.test_selected_reported_revenue_v2.SelectedReportedRevenueTest.test_fiscal_year_column_matches_full_selected_native_period_not_calendar_year) ... ok
company-current	Saved source through calculation, records, CSV and reading	2026-10-10T11:33:25.1752126Z test_later_year_header_cannot_hide_an_earlier_associated_full_date (tests.vnext.test_selected_reported_revenue_v2.SelectedReportedRevenueTest.test_later_year_header_cannot_hide_an_earlier_associated_full_date) ... ok
company-current	Saved source through calculation, records, CSV and reading	2026-10-10T11:33:25.2161354Z test_limited_scope_wrong_scale_and_xml_disagreement_remain_errors (tests.vnext.test_selected_reported_revenue_v2.SelectedReportedRevenueTest.test_limited_scope_wrong_scale_and_xml_disagreement_remain_errors) ... ok
company-current	Saved source through calculation, records, CSV and reading	2026-10-10T11:33:25.2330057Z test_note_total_or_wrong_companyfacts_filing_does_not_supply_company_total (tests.vnext.test_selected_reported_revenue_v2.SelectedReportedRevenueTest.test_note_total_or_wrong_companyfacts_filing_does_not_supply_company_total) ... ok
company-current	Saved source through calculation, records, CSV and reading	2026-10-10T11:33:25.2929734Z test_resolved_label_keeps_raw_year_and_cannot_borrow_another_source (tests.vnext.test_selected_reported_revenue_v2.SelectedReportedRevenueTest.test_resolved_label_keeps_raw_year_and_cannot_borrow_another_source) ... ok
company-current	Saved source through calculation, records, CSV and reading	2026-10-10T11:33:25.3283611Z test_separate_heading_table_is_bound_and_not_borrowed_from_other_statement (tests.vnext.test_selected_reported_revenue_v2.SelectedReportedRevenueTest.test_separate_heading_table_is_bound_and_not_borrowed_from_other_statement) ... ok
company-current	Saved source through calculation, records, CSV and reading	2026-10-10T11:33:25.3582037Z test_visible_end_day_and_complete_date_agree_before_full_scope_credit (tests.vnext.test_selected_reported_revenue_v2.SelectedReportedRevenueTest.test_visible_end_day_and_complete_date_agree_before_full_scope_credit) ... ok
company-current	Saved source through calculation, records, CSV and reading	2026-10-10T11:33:25.3804389Z test_absent_direct_total_reuses_existing_component_path_without_new_credit (tests.vnext.test_current_reported_revenue.CurrentReportedRevenueTest.test_absent_direct_total_reuses_existing_component_path_without_new_credit) ... ok
company-current	Saved source through calculation, records, CSV and reading	2026-10-10T11:33:25.3974558Z test_cost_group_non_numeric_parenthesis_is_not_an_invented_footnote (tests.vnext.test_current_reported_revenue.CurrentReportedRevenueTest.test_cost_group_non_numeric_parenthesis_is_not_an_invented_footnote) ... ok
company-current	Saved source through calculation, records, CSV and reading	2026-10-10T11:33:25.4061902Z test_explicit_total_uses_v2_admission_and_matching_observation_check (tests.vnext.test_current_reported_revenue.CurrentReportedRevenueTest.test_explicit_total_uses_v2_admission_and_matching_observation_check) ... ok
company-current	Saved source through calculation, records, CSV and reading	2026-10-10T11:33:25.4241963Z test_fiscal_header_and_standard_cost_groups_do_not_relax_scope_annotations (tests.vnext.test_current_reported_revenue.CurrentReportedRevenueTest.test_fiscal_header_and_standard_cost_groups_do_not_relax_scope_annotations) ... ok
company-current	Saved source through calculation, records, CSV and reading	2026-10-10T11:33:25.4411858Z test_late_fiscal_header_before_amounts_is_checked_against_native_interval (tests.vnext.test_current_reported_revenue.CurrentReportedRevenueTest.test_late_fiscal_header_before_amounts_is_checked_against_native_interval) ... ok
company-current	Saved source through calculation, records, CSV and reading	2026-10-10T11:33:25.5223823Z test_new_proof_dependencies_invalidate_only_consuming_metrics (tests.vnext.test_current_reported_revenue.CurrentReportedRevenueTest.test_new_proof_dependencies_invalidate_only_consuming_metrics) ... ok
company-current	Saved source through calculation, records, CSV and reading	2026-10-10T11:33:25.5833314Z test_public_preparer_forwards_only_explicit_opt_in (tests.vnext.test_current_reported_revenue.CurrentReportedRevenueTest.test_public_preparer_forwards_only_explicit_opt_in) ... ok
company-current	Saved source through calculation, records, CSV and reading	2026-10-10T11:33:25.6017259Z test_shared_default_still_returns_exact_v1_proof (tests.vnext.test_current_reported_revenue.CurrentReportedRevenueTest.test_shared_default_still_returns_exact_v1_proof) ... ok
company-current	Saved source through calculation, records, CSV and reading	2026-10-10T11:33:25.6277641Z test_standard_preceding_navigation_is_preserved_without_admitting_scope_prose (tests.vnext.test_current_reported_revenue.CurrentReportedRevenueTest.test_standard_preceding_navigation_is_preserved_without_admitting_scope_prose) ... ok
company-current	Saved source through calculation, records, CSV and reading	2026-10-10T11:33:25.6580294Z test_unknown_contract_or_disabled_validation_cannot_opt_in (tests.vnext.test_current_reported_revenue.CurrentReportedRevenueTest.test_unknown_contract_or_disabled_validation_cannot_opt_in) ... ok
company-current	Saved source through calculation, records, CSV and reading	2026-10-10T11:33:25.6654515Z test_v2_period_error_cannot_fall_back_to_a_component (tests.vnext.test_current_reported_revenue.CurrentReportedRevenueTest.test_v2_period_error_cannot_fall_back_to_a_component) ... ok
company-current	Saved source through calculation, records, CSV and reading	2026-10-10T11:33:25.6657549Z test_public_row_context_names_revenue_scope_by_identity_not_source_rows (tests.vnext.test_current_reported_revenue.PublicRowRevenueScopeContextTest.test_public_row_context_names_revenue_scope_by_identity_not_source_rows) ... ok
company-current	Saved source through calculation, records, CSV and reading	2026-10-10T11:33:25.6659867Z 
company-current	Saved source through calculation, records, CSV and reading	2026-10-10T11:33:25.6660223Z ----------------------------------------------------------------------
company-current	Saved source through calculation, records, CSV and reading	2026-10-10T11:33:25.6660961Z Ran 257 tests in 219.469s
company-current	Saved source through calculation, records, CSV and reading	2026-10-10T11:33:25.6661265Z 
company-current	Saved source through calculation, records, CSV and reading	2026-10-10T11:33:25.6661439Z OK
company-current	Saved source through calculation, records, CSV and reading	2026-10-10T11:33:25.6664169Z {'scenario': 'saved Marriott FY2025 C01 unused-session edit', 'first_seconds': 4.106249805999994, 'repeat_seconds': 0.7096745610000141, 'read_seconds': 0.0068587079999815614, 'result_id': 'sha256:724b92ab35202cc6c9e26099e8d8710f1b4321b5370e7c3b3e086a1d2a895a95', 'value': '3', 'unit': 'count', 'result_files': 6, 'new_calls': [0, 0, 0]}
company-current	Historical dispatch and saved result states	﻿2026-10-10T11:33:25.8247893Z ##[group]Run python3 -m unittest tests.vnext.test_history_company_dispatch tests.vnext.test_selected_history_result_state tests.vnext.test_historical_geography_cases tests.vnext.test_historical_average_risk_cases tests.vnext.test_historical_bank_scope_cases tests.vnext.test_historical_statement_cases.HistoricalRevenueScopeConsumerTest tests.vnext.test_historical_statement_cases -v
company-current	Historical dispatch and saved result states	2026-10-10T11:33:25.8250625Z ^[[36;1mpython3 -m unittest tests.vnext.test_history_company_dispatch tests.vnext.test_selected_history_result_state tests.vnext.test_historical_geography_cases tests.vnext.test_historical_average_risk_cases tests.vnext.test_historical_bank_scope_cases tests.vnext.test_historical_statement_cases.HistoricalRevenueScopeConsumerTest tests.vnext.test_historical_statement_cases -v^[[0m
company-current	Historical dispatch and saved result states	2026-10-10T11:33:25.8317395Z shell: /usr/bin/bash -e {0}
company-current	Historical dispatch and saved result states	2026-10-10T11:33:25.8317657Z env:
company-current	Historical dispatch and saved result states	2026-10-10T11:33:25.8317935Z   pythonLocation: /opt/hostedtoolcache/Python/3.14.8/x64
company-current	Historical dispatch and saved result states	2026-10-10T11:33:25.8318386Z   PKG_CONFIG_PATH: /opt/hostedtoolcache/Python/3.14.8/x64/lib/pkgconfig
company-current	Historical dispatch and saved result states	2026-10-10T11:33:25.8318854Z   Python_ROOT_DIR: /opt/hostedtoolcache/Python/3.14.8/x64
company-current	Historical dispatch and saved result states	2026-10-10T11:33:25.8319232Z   Python2_ROOT_DIR: /opt/hostedtoolcache/Python/3.14.8/x64
company-current	Historical dispatch and saved result states	2026-10-10T11:33:25.8319624Z   Python3_ROOT_DIR: /opt/hostedtoolcache/Python/3.14.8/x64
company-current	Historical dispatch and saved result states	2026-10-10T11:33:25.8320038Z   LD_LIBRARY_PATH: /opt/hostedtoolcache/Python/3.14.8/x64/lib
company-current	Historical dispatch and saved result states	2026-10-10T11:33:25.8320384Z   PYTHONDONTWRITEBYTECODE: 1
company-current	Historical dispatch and saved result states	2026-10-10T11:33:25.8320626Z ##[endgroup]
company-current	Historical dispatch and saved result states	2026-10-10T11:33:28.0840995Z test_average_risk_family_preserves_existing_metric_factories (tests.vnext.test_history_company_dispatch.HistoryCompanyDispatchTest.test_average_risk_family_preserves_existing_metric_factories) ... ok
company-current	Historical dispatch and saved result states	2026-10-10T11:33:28.0846101Z test_bank_performance_family_uses_original_factories_for_other_families (tests.vnext.test_history_company_dispatch.HistoryCompanyDispatchTest.test_bank_performance_family_uses_original_factories_for_other_families) ... ok
company-current	Historical dispatch and saved result states	2026-10-10T11:33:28.0850181Z test_bank_scope_family_preserves_existing_metric_factories (tests.vnext.test_history_company_dispatch.HistoryCompanyDispatchTest.test_bank_scope_family_preserves_existing_metric_factories) ... ok
company-current	Historical dispatch and saved result states	2026-10-10T11:33:28.0853056Z test_capital_family_preserves_each_existing_metric_factory (tests.vnext.test_history_company_dispatch.HistoryCompanyDispatchTest.test_capital_family_preserves_each_existing_metric_factory) ... ok
company-current	Historical dispatch and saved result states	2026-10-10T11:33:28.0900815Z test_cli_passes_period_arguments_to_the_same_company_entry (tests.vnext.test_history_company_dispatch.HistoryCompanyDispatchTest.test_cli_passes_period_arguments_to_the_same_company_entry) ... ok
company-current	Historical dispatch and saved result states	2026-10-10T11:33:28.0903515Z test_completed_withheld_survives_read_after_another_metric_subset (tests.vnext.test_history_company_dispatch.HistoryCompanyDispatchTest.test_completed_withheld_survives_read_after_another_metric_subset)
company-current	Historical dispatch and saved result states	2026-10-10T11:33:28.1227800Z Constructed history control: a later subset cannot revive old success. ... ok
company-current	Historical dispatch and saved result states	2026-10-10T11:33:28.1233462Z test_current_mode_keeps_the_existing_public_route (tests.vnext.test_history_company_dispatch.HistoryCompanyDispatchTest.test_current_mode_keeps_the_existing_public_route) ... ok
company-current	Historical dispatch and saved result states	2026-10-10T11:33:28.1238085Z test_event_family_keeps_existing_income_balance_and_hotel_factories (tests.vnext.test_history_company_dispatch.HistoryCompanyDispatchTest.test_event_family_keeps_existing_income_balance_and_hotel_factories) ... ok
company-current	Historical dispatch and saved result states	2026-10-10T11:33:28.1241893Z test_geography_keeps_existing_factories_and_declares_its_source_dependencies (tests.vnext.test_history_company_dispatch.HistoryCompanyDispatchTest.test_geography_keeps_existing_factories_and_declares_its_source_dependencies) ... ok
company-current	Historical dispatch and saved result states	2026-10-10T11:33:28.1246132Z test_interest_coverage_adds_only_its_current_annual_case (tests.vnext.test_history_company_dispatch.HistoryCompanyDispatchTest.test_interest_coverage_adds_only_its_current_annual_case) ... ok
company-current	Historical dispatch and saved result states	2026-10-10T11:33:28.1250084Z test_invalid_range_rejects_before_source_or_writes (tests.vnext.test_history_company_dispatch.HistoryCompanyDispatchTest.test_invalid_range_rejects_before_source_or_writes) ... ok
company-current	Historical dispatch and saved result states	2026-10-10T11:33:28.1254338Z test_liquidity_keeps_the_statement_and_lodging_original_factories (tests.vnext.test_history_company_dispatch.HistoryCompanyDispatchTest.test_liquidity_keeps_the_statement_and_lodging_original_factories) ... ok
company-current	Historical dispatch and saved result states	2026-10-10T11:33:28.1258187Z test_missing_source_is_explicit_and_does_not_acquire (tests.vnext.test_history_company_dispatch.HistoryCompanyDispatchTest.test_missing_source_is_explicit_and_does_not_acquire) ... ok
company-current	Historical dispatch and saved result states	2026-10-10T11:33:28.1262394Z test_mixed_lodging_keeps_its_previous_factory_and_tuple (tests.vnext.test_history_company_dispatch.HistoryCompanyDispatchTest.test_mixed_lodging_keeps_its_previous_factory_and_tuple) ... ok
company-current	Historical dispatch and saved result states	2026-10-10T11:33:28.1268006Z test_range_uses_one_public_company_controller_and_existing_case (tests.vnext.test_history_company_dispatch.HistoryCompanyDispatchTest.test_range_uses_one_public_company_controller_and_existing_case) ... ok
company-current	Historical dispatch and saved result states	2026-10-10T11:33:28.1271912Z test_rpo_uses_native_case_without_changing_statement_or_capital_factories (tests.vnext.test_history_company_dispatch.HistoryCompanyDispatchTest.test_rpo_uses_native_case_without_changing_statement_or_capital_factories) ... ok
company-current	Historical dispatch and saved result states	2026-10-10T11:33:28.1279494Z test_statement_pilot_uses_original_per_metric_factories_and_dependencies (tests.vnext.test_history_company_dispatch.HistoryCompanyDispatchTest.test_statement_pilot_uses_original_per_metric_factories_and_dependencies) ... ok
company-current	Historical dispatch and saved result states	2026-10-10T11:33:28.1283671Z test_unsupported_family_uses_no_fabricated_historical_case (tests.vnext.test_history_company_dispatch.HistoryCompanyDispatchTest.test_unsupported_family_uses_no_fabricated_historical_case) ... ok
company-current	Historical dispatch and saved result states	2026-10-10T11:33:28.1286300Z test_actual_selected_year_dependencies_ignore_unused_admission_code (tests.vnext.test_selected_history_result_state.SelectedHistoryResultStateTest.test_actual_selected_year_dependencies_ignore_unused_admission_code)
company-current	Historical dispatch and saved result states	2026-10-10T11:33:28.2436338Z Constructed state control with the actual processing configuration. ... ok
company-current	Historical dispatch and saved result states	2026-10-10T11:33:28.2530128Z test_completed_withheld_recovers_pointer_without_recalculation (tests.vnext.test_selected_history_result_state.SelectedHistoryResultStateTest.test_completed_withheld_recovers_pointer_without_recalculation) ... ok
company-current	Historical dispatch and saved result states	2026-10-10T11:33:28.2681902Z test_current_withheld_replaces_same_year_success_but_retains_old_version (tests.vnext.test_selected_history_result_state.SelectedHistoryResultStateTest.test_current_withheld_replaces_same_year_success_but_retains_old_version) ... ok
company-current	Historical dispatch and saved result states	2026-10-10T11:33:28.2896765Z test_dependency_source_and_processing_changes_reprocess_withheld_once (tests.vnext.test_selected_history_result_state.SelectedHistoryResultStateTest.test_dependency_source_and_processing_changes_reprocess_withheld_once) ... ok
company-current	Historical dispatch and saved result states	2026-10-10T11:33:28.3067456Z test_missing_year_and_one_metric_failure_preserve_other_periods (tests.vnext.test_selected_history_result_state.SelectedHistoryResultStateTest.test_missing_year_and_one_metric_failure_preserve_other_periods) ... ok
company-current	Historical dispatch and saved result states	2026-10-10T11:33:28.3274374Z test_success_and_stable_withheld_reuse_in_distinct_historical_coordinates (tests.vnext.test_selected_history_result_state.SelectedHistoryResultStateTest.test_success_and_stable_withheld_reuse_in_distinct_historical_coordinates) ... ok
company-current	Historical dispatch and saved result states	2026-10-10T11:33:28.3334429Z test_amendment_and_successor_remain_named_withheld_before_inspection (tests.vnext.test_historical_geography_cases.HistoricalGeographyCaseTest.test_amendment_and_successor_remain_named_withheld_before_inspection) ... ok
company-current	Historical dispatch and saved result states	2026-10-10T11:33:28.3363295Z test_source_failure_propagates_without_inventing_disclosure_absence (tests.vnext.test_historical_geography_cases.HistoricalGeographyCaseTest.test_source_failure_propagates_without_inventing_disclosure_absence) ... ok
company-current	Historical dispatch and saved result states	2026-10-10T11:33:28.3392242Z test_structural_not_applicable_never_reads_financial_amount (tests.vnext.test_historical_geography_cases.HistoricalGeographyCaseTest.test_structural_not_applicable_never_reads_financial_amount) ... ok
company-current	Historical dispatch and saved result states	2026-10-10T11:33:28.3421853Z test_unresolved_source_is_not_a_partial_geography_sum (tests.vnext.test_historical_geography_cases.HistoricalGeographyCaseTest.test_unresolved_source_is_not_a_partial_geography_sum) ... ok
company-current	Historical dispatch and saved result states	2026-10-10T11:33:28.3424758Z test_wrong_family_refuses_before_selecting_any_sources (tests.vnext.test_historical_geography_cases.HistoricalGeographyCaseTest.test_wrong_family_refuses_before_selecting_any_sources) ... ok
company-current	Historical dispatch and saved result states	2026-10-10T11:33:28.3545295Z test_amendment_or_successor_remains_withheld_before_inspection (tests.vnext.test_historical_average_risk_cases.HistoricalAverageRiskCaseTest.test_amendment_or_successor_remains_withheld_before_inspection) ... ok
company-current	Historical dispatch and saved result states	2026-10-10T11:33:28.3580904Z test_lcr_quarter_is_measurement_while_fiscal_year_remains_annual_group (tests.vnext.test_historical_average_risk_cases.HistoricalAverageRiskCaseTest.test_lcr_quarter_is_measurement_while_fiscal_year_remains_annual_group) ... ok
company-current	Historical dispatch and saved result states	2026-10-10T11:33:28.3582902Z test_measurement_rejects_unknown_family_instead_of_treating_as_var (tests.vnext.test_historical_average_risk_cases.HistoricalAverageRiskCaseTest.test_measurement_rejects_unknown_family_instead_of_treating_as_var) ... ok
company-current	Historical dispatch and saved result states	2026-10-10T11:33:28.3642822Z test_structural_not_applicable_skips_amount_inspection (tests.vnext.test_historical_average_risk_cases.HistoricalAverageRiskCaseTest.test_structural_not_applicable_skips_amount_inspection) ... ok
company-current	Historical dispatch and saved result states	2026-10-10T11:33:28.3704854Z test_unresolved_component_cannot_reuse_candidate_value (tests.vnext.test_historical_average_risk_cases.HistoricalAverageRiskCaseTest.test_unresolved_component_cannot_reuse_candidate_value) ... ok
company-current	Historical dispatch and saved result states	2026-10-10T11:33:28.3738884Z test_var_annual_average_keeps_annual_period_and_usd_value (tests.vnext.test_historical_average_risk_cases.HistoricalAverageRiskCaseTest.test_var_annual_average_keeps_annual_period_and_usd_value) ... ok
company-current	Historical dispatch and saved result states	2026-10-10T11:33:28.3741317Z test_wrong_family_refuses_before_any_source_selection (tests.vnext.test_historical_average_risk_cases.HistoricalAverageRiskCaseTest.test_wrong_family_refuses_before_any_source_selection) ... ok
company-current	Historical dispatch and saved result states	2026-10-10T11:33:28.3769331Z test_wrong_source_error_is_not_disclosure_absence (tests.vnext.test_historical_average_risk_cases.HistoricalAverageRiskCaseTest.test_wrong_source_error_is_not_disclosure_absence) ... ok
company-current	Historical dispatch and saved result states	2026-10-10T11:33:28.3781140Z test_general_note_only_before_lettered_notes_and_never_across_heading (tests.vnext.test_historical_average_risk_cases.HistoricalAverageRiskWordingTest.test_general_note_only_before_lettered_notes_and_never_across_heading) ... ok
company-current	Historical dispatch and saved result states	2026-10-10T11:33:28.3873600Z test_known_forms_compile_without_mutating_shared_functions (tests.vnext.test_historical_average_risk_cases.HistoricalAverageRiskWordingTest.test_known_forms_compile_without_mutating_shared_functions) ... ok
company-current	Historical dispatch and saved result states	2026-10-10T11:33:28.3964580Z test_old_lcr_note_grammar_preserves_unit_and_duration_rejections (tests.vnext.test_historical_average_risk_cases.HistoricalAverageRiskWordingTest.test_old_lcr_note_grammar_preserves_unit_and_duration_rejections) ... ok
company-current	Historical dispatch and saved result states	2026-10-10T11:33:28.3969926Z test_original_resolved_answer_is_kept_without_fallback (tests.vnext.test_historical_average_risk_cases.HistoricalAverageRiskWordingTest.test_original_resolved_answer_is_kept_without_fallback) ... ok
company-current	Historical dispatch and saved result states	2026-10-10T11:33:28.3972879Z test_resolved_known_form_retains_original_status_and_provenance (tests.vnext.test_historical_average_risk_cases.HistoricalAverageRiskWordingTest.test_resolved_known_form_retains_original_status_and_provenance) ... ok
company-current	Historical dispatch and saved result states	2026-10-10T11:33:28.3975651Z test_unresolved_fallback_keeps_original_competitors (tests.vnext.test_historical_average_risk_cases.HistoricalAverageRiskWordingTest.test_unresolved_fallback_keeps_original_competitors) ... ok
company-current	Historical dispatch and saved result states	2026-10-10T11:33:28.3977821Z test_history_passes_shared_release_option_without_recursive_view (tests.vnext.test_historical_average_risk_cases.HistoricalExplicitAnnualInterfaceTest.test_history_passes_shared_release_option_without_recursive_view) ... ok
company-current	Historical dispatch and saved result states	2026-10-10T11:33:28.4044810Z test_remaining_fiscal_label_view_uses_explicit_annual_adapter (tests.vnext.test_historical_average_risk_cases.HistoricalExplicitAnnualInterfaceTest.test_remaining_fiscal_label_view_uses_explicit_annual_adapter) ... ok
company-current	Historical dispatch and saved result states	2026-10-10T11:33:28.4047713Z test_shared_source_failure_propagates_as_failure (tests.vnext.test_historical_average_risk_cases.HistoricalExplicitAnnualInterfaceTest.test_shared_source_failure_propagates_as_failure) ... ok
company-current	Historical dispatch and saved result states	2026-10-10T11:33:28.4131334Z test_amendment_and_successor_remain_named_withheld_before_inspection (tests.vnext.test_historical_bank_scope_cases.HistoricalBankScopeCaseTest.test_amendment_and_successor_remain_named_withheld_before_inspection) ... ok
company-current	Historical dispatch and saved result states	2026-10-10T11:33:28.4199713Z test_resolved_aum_and_nonaccrual_keep_filing_end_instant (tests.vnext.test_historical_bank_scope_cases.HistoricalBankScopeCaseTest.test_resolved_aum_and_nonaccrual_keep_filing_end_instant) ... ok
company-current	Historical dispatch and saved result states	2026-10-10T11:33:28.4232744Z test_resolved_nim_is_annual_and_uses_managed_rate (tests.vnext.test_historical_bank_scope_cases.HistoricalBankScopeCaseTest.test_resolved_nim_is_annual_and_uses_managed_rate) ... ok
company-current	Historical dispatch and saved result states	2026-10-10T11:33:28.4257820Z test_source_failure_propagates_without_inventing_disclosure_absence (tests.vnext.test_historical_bank_scope_cases.HistoricalBankScopeCaseTest.test_source_failure_propagates_without_inventing_disclosure_absence) ... ok
company-current	Historical dispatch and saved result states	2026-10-10T11:33:28.4288681Z test_structural_not_applicable_never_reads_financial_amount (tests.vnext.test_historical_bank_scope_cases.HistoricalBankScopeCaseTest.test_structural_not_applicable_never_reads_financial_amount) ... ok
company-current	Historical dispatch and saved result states	2026-10-10T11:33:28.4317023Z test_unresolved_source_is_not_a_partial_bank_sum (tests.vnext.test_historical_bank_scope_cases.HistoricalBankScopeCaseTest.test_unresolved_source_is_not_a_partial_bank_sum) ... ok
company-current	Historical dispatch and saved result states	2026-10-10T11:33:28.4319376Z test_wrong_family_refuses_before_selecting_any_sources (tests.vnext.test_historical_bank_scope_cases.HistoricalBankScopeCaseTest.test_wrong_family_refuses_before_selecting_any_sources) ... ok
company-current	Historical dispatch and saved result states	2026-10-10T11:33:28.4378058Z test_source_conflict_remains_distinct_from_implementation_gap (tests.vnext.test_historical_bank_scope_cases.HistoricalBankScopeClassificationTest.test_source_conflict_remains_distinct_from_implementation_gap) ... ok
company-current	Historical dispatch and saved result states	2026-10-10T11:33:28.4429927Z test_a09_local_import_rebinding_retains_native_ambiguity_gate (tests.vnext.test_historical_bank_scope_cases.HistoricalBankScopeWordingTest.test_a09_local_import_rebinding_retains_native_ambiguity_gate) ... ok
company-current	Historical dispatch and saved result states	2026-10-10T11:33:28.4530085Z test_compilation_keeps_shared_functions_and_known_forms_are_finite (tests.vnext.test_historical_bank_scope_cases.HistoricalBankScopeWordingTest.test_compilation_keeps_shared_functions_and_known_forms_are_finite) ... ok
company-current	Historical dispatch and saved result states	2026-10-10T11:33:28.4542752Z test_missing_native_source_propagates_and_never_reaches_html (tests.vnext.test_historical_bank_scope_cases.HistoricalBankScopeWordingTest.test_missing_native_source_propagates_and_never_reaches_html) ... ok
company-current	Historical dispatch and saved result states	2026-10-10T11:33:28.4557150Z test_old_glossary_accepts_one_colon_and_preserves_subset_text (tests.vnext.test_historical_bank_scope_cases.HistoricalBankScopeWordingTest.test_old_glossary_accepts_one_colon_and_preserves_subset_text) ... ok
company-current	Historical dispatch and saved result states	2026-10-10T11:33:28.4590874Z test_old_segment_list_cannot_hide_conflicting_or_noncorporate_remainder (tests.vnext.test_historical_bank_scope_cases.HistoricalBankScopeWordingTest.test_old_segment_list_cannot_hide_conflicting_or_noncorporate_remainder) ... ok
company-current	Historical dispatch and saved result states	2026-10-10T11:33:28.4593769Z test_original_native_success_is_kept_without_old_form (tests.vnext.test_historical_bank_scope_cases.HistoricalBankScopeWordingTest.test_original_native_success_is_kept_without_old_form) ... ok
company-current	Historical dispatch and saved result states	2026-10-10T11:33:28.5139372Z test_display_is_bounded_while_complete_scope_evidence_is_retained (tests.vnext.test_historical_statement_cases.HistoricalRevenueScopeConsumerTest.test_display_is_bounded_while_complete_scope_evidence_is_retained) ... ok
company-current	Historical dispatch and saved result states	2026-10-10T11:33:28.5161207Z test_literal_original_and_resolved_period_must_have_same_dates (tests.vnext.test_historical_statement_cases.HistoricalRevenueScopeConsumerTest.test_literal_original_and_resolved_period_must_have_same_dates) ... ok
company-current	Historical dispatch and saved result states	2026-10-10T11:33:28.5329109Z test_no_reported_total_retains_the_existing_component_scope_path (tests.vnext.test_historical_statement_cases.HistoricalRevenueScopeConsumerTest.test_no_reported_total_retains_the_existing_component_scope_path) ... ok
company-current	Historical dispatch and saved result states	2026-10-10T11:33:28.5331240Z test_processing_configuration_includes_shared_scope_dependency (tests.vnext.test_historical_statement_cases.HistoricalRevenueScopeConsumerTest.test_processing_configuration_includes_shared_scope_dependency) ... ok
company-current	Historical dispatch and saved result states	2026-10-10T11:33:28.5966709Z test_reported_late_date_and_cost_group_qualifiers_are_not_hidden (tests.vnext.test_historical_statement_cases.HistoricalRevenueScopeConsumerTest.test_reported_late_date_and_cost_group_qualifiers_are_not_hidden) ... ok
company-current	Historical dispatch and saved result states	2026-10-10T11:33:28.6317298Z test_reported_navigation_keeps_source_spans_without_accepting_subject_restrictions (tests.vnext.test_historical_statement_cases.HistoricalRevenueScopeConsumerTest.test_reported_navigation_keeps_source_spans_without_accepting_subject_restrictions) ... ok
company-current	Historical dispatch and saved result states	2026-10-10T11:33:28.6337413Z test_reported_total_conflict_cannot_fall_back_to_the_old_component (tests.vnext.test_historical_statement_cases.HistoricalRevenueScopeConsumerTest.test_reported_total_conflict_cannot_fall_back_to_the_old_component) ... ok
company-current	Historical dispatch and saved result states	2026-10-10T11:33:28.6538762Z test_reported_total_is_admitted_before_actual_calculator (tests.vnext.test_historical_statement_cases.HistoricalRevenueScopeConsumerTest.test_reported_total_is_admitted_before_actual_calculator) ... ok
company-current	Historical dispatch and saved result states	2026-10-10T11:33:28.6721072Z test_source_bound_resolved_label_reaches_the_shared_reader_without_raw_year_rewrite (tests.vnext.test_historical_statement_cases.HistoricalRevenueScopeConsumerTest.test_source_bound_resolved_label_reaches_the_shared_reader_without_raw_year_rewrite) ... ok
company-current	Historical dispatch and saved result states	2026-10-10T11:33:28.6911546Z test_total_cannot_be_borrowed_from_a_later_filing (tests.vnext.test_historical_statement_cases.HistoricalRevenueScopeConsumerTest.test_total_cannot_be_borrowed_from_a_later_filing) ... ok
company-current	Historical dispatch and saved result states	2026-10-10T11:33:28.6938142Z test_amendment_and_successor_keep_the_existing_rejection (tests.vnext.test_historical_statement_cases.HistoricalCurrentAnnualScopeTest.test_amendment_and_successor_keep_the_existing_rejection) ... ok
company-current	Historical dispatch and saved result states	2026-10-10T11:33:28.6950600Z test_declared_wrong_source_period_cannot_select_a_filing (tests.vnext.test_historical_statement_cases.HistoricalCurrentAnnualScopeTest.test_declared_wrong_source_period_cannot_select_a_filing) ... ok
company-current	Historical dispatch and saved result states	2026-10-10T11:33:28.6952919Z test_existing_entry_does_not_silently_expand_to_b07 (tests.vnext.test_historical_statement_cases.HistoricalCurrentAnnualScopeTest.test_existing_entry_does_not_silently_expand_to_b07) ... ok
company-current	Historical dispatch and saved result states	2026-10-10T11:33:28.6955738Z test_prior_year_or_instant_metrics_do_not_enter_the_annual_family (tests.vnext.test_historical_statement_cases.HistoricalCurrentAnnualScopeTest.test_prior_year_or_instant_metrics_do_not_enter_the_annual_family) ... ok
company-current	Historical dispatch and saved result states	2026-10-10T11:33:28.7207406Z test_fixed_single_line_consumer_keeps_total_and_rejects_appended_cell_amount (tests.vnext.test_historical_statement_cases.HistoricalPairedRevenueAdmissionTest.test_fixed_single_line_consumer_keeps_total_and_rejects_appended_cell_amount) ... ok
company-current	Historical dispatch and saved result states	2026-10-10T11:33:28.7261113Z test_missing_scope_and_conflicting_original_dates_are_not_complete_revenue (tests.vnext.test_historical_statement_cases.HistoricalPairedRevenueAdmissionTest.test_missing_scope_and_conflicting_original_dates_are_not_complete_revenue) ... ok
company-current	Historical dispatch and saved result states	2026-10-10T11:33:28.7424602Z test_prior_period_comparisons_stay_for_the_shared_comparability_guard (tests.vnext.test_historical_statement_cases.HistoricalPairedRevenueAdmissionTest.test_prior_period_comparisons_stay_for_the_shared_comparability_guard) ... ok
company-current	Historical dispatch and saved result states	2026-10-10T11:33:28.7738228Z test_stopped_single_line_does_not_gain_new_scope_while_explicit_total_keeps_working (tests.vnext.test_historical_statement_cases.HistoricalPairedRevenueAdmissionTest.test_stopped_single_line_does_not_gain_new_scope_while_explicit_total_keeps_working) ... ok
company-current	Historical dispatch and saved result states	2026-10-10T11:33:28.7897630Z test_total_admission_keeps_original_claim_id_and_never_retags_its_locator (tests.vnext.test_historical_statement_cases.HistoricalPairedRevenueAdmissionTest.test_total_admission_keeps_original_claim_id_and_never_retags_its_locator) ... ok
company-current	Historical dispatch and saved result states	2026-10-10T11:33:28.8852618Z test_wrong_unit_entity_accession_or_amount_cannot_supply_the_original_total (tests.vnext.test_historical_statement_cases.HistoricalPairedRevenueAdmissionTest.test_wrong_unit_entity_accession_or_amount_cannot_supply_the_original_total) ... ok
company-current	Historical dispatch and saved result states	2026-10-10T11:33:28.8895998Z test_both_original_scopes_reach_the_one_graph_and_daily_summary_is_bounded (tests.vnext.test_historical_statement_cases.HistoricalPairedRevenueCaseTest.test_both_original_scopes_reach_the_one_graph_and_daily_summary_is_bounded) ... ok
company-current	Historical dispatch and saved result states	2026-10-10T11:33:28.8941249Z test_graph_cannot_select_an_operand_outside_the_admitted_original_claims (tests.vnext.test_historical_statement_cases.HistoricalPairedRevenueCaseTest.test_graph_cannot_select_an_operand_outside_the_admitted_original_claims) ... ok
company-current	Historical dispatch and saved result states	2026-10-10T11:33:28.9032687Z test_link_only_amendment_proof_and_both_revenue_scopes_survive_together (tests.vnext.test_historical_statement_cases.HistoricalPairedRevenueCaseTest.test_link_only_amendment_proof_and_both_revenue_scopes_survive_together) ... ok
company-current	Historical dispatch and saved result states	2026-10-10T11:33:28.9124886Z test_one_unproved_role_withholds_whole_growth_before_graph (tests.vnext.test_historical_statement_cases.HistoricalPairedRevenueCaseTest.test_one_unproved_role_withholds_whole_growth_before_graph) ... ok
company-current	Historical dispatch and saved result states	2026-10-10T11:33:28.9127605Z test_continuous_company_keeps_original_registry_object (tests.vnext.test_historical_statement_cases.HistoricalPeriodSubjectTest.test_continuous_company_keeps_original_registry_object) ... ok
company-current	Historical dispatch and saved result states	2026-10-10T11:33:28.9130136Z test_mismatched_reporter_successor_or_cross_entity_does_not_get_override (tests.vnext.test_historical_statement_cases.HistoricalPeriodSubjectTest.test_mismatched_reporter_successor_or_cross_entity_does_not_get_override) ... ok
company-current	Historical dispatch and saved result states	2026-10-10T11:33:28.9132371Z test_predecessor_context_uses_its_own_cik_without_mutating_registry (tests.vnext.test_historical_statement_cases.HistoricalPeriodSubjectTest.test_predecessor_context_uses_its_own_cik_without_mutating_registry) ... ok
company-current	Historical dispatch and saved result states	2026-10-10T11:33:28.9134689Z test_successor_context_keeps_its_existing_noncomparability (tests.vnext.test_historical_statement_cases.HistoricalPeriodSubjectTest.test_successor_context_keeps_its_existing_noncomparability) ... ok
company-current	Historical dispatch and saved result states	2026-10-10T11:33:28.9332564Z test_display_is_bounded_while_complete_scope_evidence_is_retained (tests.vnext.test_historical_statement_cases.HistoricalRevenueScopeConsumerTest.test_display_is_bounded_while_complete_scope_evidence_is_retained) ... ok
company-current	Historical dispatch and saved result states	2026-10-10T11:33:28.9350221Z test_literal_original_and_resolved_period_must_have_same_dates (tests.vnext.test_historical_statement_cases.HistoricalRevenueScopeConsumerTest.test_literal_original_and_resolved_period_must_have_same_dates) ... ok
company-current	Historical dispatch and saved result states	2026-10-10T11:33:28.9607009Z test_no_reported_total_retains_the_existing_component_scope_path (tests.vnext.test_historical_statement_cases.HistoricalRevenueScopeConsumerTest.test_no_reported_total_retains_the_existing_component_scope_path) ... ok
company-current	Historical dispatch and saved result states	2026-10-10T11:33:28.9610013Z test_processing_configuration_includes_shared_scope_dependency (tests.vnext.test_historical_statement_cases.HistoricalRevenueScopeConsumerTest.test_processing_configuration_includes_shared_scope_dependency) ... ok
company-current	Historical dispatch and saved result states	2026-10-10T11:33:29.0250271Z test_reported_late_date_and_cost_group_qualifiers_are_not_hidden (tests.vnext.test_historical_statement_cases.HistoricalRevenueScopeConsumerTest.test_reported_late_date_and_cost_group_qualifiers_are_not_hidden) ... ok
company-current	Historical dispatch and saved result states	2026-10-10T11:33:29.0620421Z test_reported_navigation_keeps_source_spans_without_accepting_subject_restrictions (tests.vnext.test_historical_statement_cases.HistoricalRevenueScopeConsumerTest.test_reported_navigation_keeps_source_spans_without_accepting_subject_restrictions) ... ok
company-current	Historical dispatch and saved result states	2026-10-10T11:33:29.0641756Z test_reported_total_conflict_cannot_fall_back_to_the_old_component (tests.vnext.test_historical_statement_cases.HistoricalRevenueScopeConsumerTest.test_reported_total_conflict_cannot_fall_back_to_the_old_component) ... ok
company-current	Historical dispatch and saved result states	2026-10-10T11:33:29.0848029Z test_reported_total_is_admitted_before_actual_calculator (tests.vnext.test_historical_statement_cases.HistoricalRevenueScopeConsumerTest.test_reported_total_is_admitted_before_actual_calculator) ... ok
company-current	Historical dispatch and saved result states	2026-10-10T11:33:29.1015872Z test_source_bound_resolved_label_reaches_the_shared_reader_without_raw_year_rewrite (tests.vnext.test_historical_statement_cases.HistoricalRevenueScopeConsumerTest.test_source_bound_resolved_label_reaches_the_shared_reader_without_raw_year_rewrite) ... ok
company-current	Historical dispatch and saved result states	2026-10-10T11:33:29.1208065Z test_total_cannot_be_borrowed_from_a_later_filing (tests.vnext.test_historical_statement_cases.HistoricalRevenueScopeConsumerTest.test_total_cannot_be_borrowed_from_a_later_filing) ... ok
company-current	Historical dispatch and saved result states	2026-10-10T11:33:29.1213852Z test_all_amendments_must_pass_not_just_the_first (tests.vnext.test_historical_statement_cases.HistoricalStatementAmendmentTest.test_all_amendments_must_pass_not_just_the_first) ... ok
company-current	Historical dispatch and saved result states	2026-10-10T11:33:29.1229613Z test_event_only_part3_period_change_issue_or_pending_review_cannot_admit_values (tests.vnext.test_historical_statement_cases.HistoricalStatementAmendmentTest.test_event_only_part3_period_change_issue_or_pending_review_cannot_admit_values) ... ok
company-current	Historical dispatch and saved result states	2026-10-10T11:33:29.1232546Z test_no_amendment_does_not_read_or_classify_sources (tests.vnext.test_historical_statement_cases.HistoricalStatementAmendmentTest.test_no_amendment_does_not_read_or_classify_sources) ... ok
company-current	Historical dispatch and saved result states	2026-10-10T11:33:29.1235371Z test_only_explicit_original_statement_proof_is_received (tests.vnext.test_historical_statement_cases.HistoricalStatementAmendmentTest.test_only_explicit_original_statement_proof_is_received) ... ok
company-current	Historical dispatch and saved result states	2026-10-10T11:33:29.1249231Z test_amended_target_and_successor_require_explicit_adaptation (tests.vnext.test_historical_statement_cases.HistoricalStatementScopeTest.test_amended_target_and_successor_require_explicit_adaptation) ... ok
company-current	Historical dispatch and saved result states	2026-10-10T11:33:29.1396645Z test_companyfacts_amount_must_match_the_selected_original (tests.vnext.test_historical_statement_cases.HistoricalStatementScopeTest.test_companyfacts_amount_must_match_the_selected_original) ... ok
company-current	Historical dispatch and saved result states	2026-10-10T11:33:29.1399093Z test_other_metric_does_not_select_sources (tests.vnext.test_historical_statement_cases.HistoricalStatementScopeTest.test_other_metric_does_not_select_sources) ... ok
company-current	Historical dispatch and saved result states	2026-10-10T11:33:29.1528966Z test_applicable_company_does_not_skip_its_source_requirements (tests.vnext.test_historical_statement_cases.HistoricalStructuralApplicabilityTest.test_applicable_company_does_not_skip_its_source_requirements) ... ok
company-current	Historical dispatch and saved result states	2026-10-10T11:33:29.1664298Z test_bank_trait_is_na_before_any_amount_selection (tests.vnext.test_historical_statement_cases.HistoricalStructuralApplicabilityTest.test_bank_trait_is_na_before_any_amount_selection) ... ok
company-current	Historical dispatch and saved result states	2026-10-10T11:33:29.1674993Z test_noncontinuous_rule_cannot_be_replaced_by_current_instant_permission (tests.vnext.test_historical_statement_cases.HistoricalSuccessorComparabilityTest.test_noncontinuous_rule_cannot_be_replaced_by_current_instant_permission) ... ok
company-current	Historical dispatch and saved result states	2026-10-10T11:33:29.1680050Z test_revenue_still_requires_statement_scope (tests.vnext.test_historical_statement_cases.HistoricalSuccessorComparabilityTest.test_revenue_still_requires_statement_scope) ... ok
company-current	Historical dispatch and saved result states	2026-10-10T11:33:29.1730509Z test_wrong_subject_or_cross_entity_cannot_use_the_metadata_guard (tests.vnext.test_historical_statement_cases.HistoricalSuccessorComparabilityTest.test_wrong_subject_or_cross_entity_cannot_use_the_metadata_guard) ... ok
company-current	Historical dispatch and saved result states	2026-10-10T11:33:29.1731949Z 
company-current	Historical dispatch and saved result states	2026-10-10T11:33:29.1732382Z ----------------------------------------------------------------------
company-current	Historical dispatch and saved result states	2026-10-10T11:33:29.1732904Z Ran 110 tests in 1.159s
company-current	Historical dispatch and saved result states	2026-10-10T11:33:29.1733340Z 
company-current	Historical dispatch and saved result states	2026-10-10T11:33:29.1733472Z OK
company-current	Paired reported comparisons and exact revenue defect	﻿2026-10-10T11:33:29.2319070Z ##[group]Run python3 tests/required_unittests.py tests.vnext.test_paired_measure_contradiction
company-current	Paired reported comparisons and exact revenue defect	2026-10-10T11:33:29.2319803Z ^[[36;1mpython3 tests/required_unittests.py tests.vnext.test_paired_measure_contradiction^[[0m
company-current	Paired reported comparisons and exact revenue defect	2026-10-10T11:33:29.2382736Z shell: /usr/bin/bash -e {0}
company-current	Paired reported comparisons and exact revenue defect	2026-10-10T11:33:29.2382999Z env:
company-current	Paired reported comparisons and exact revenue defect	2026-10-10T11:33:29.2383519Z   pythonLocation: /opt/hostedtoolcache/Python/3.14.8/x64
company-current	Paired reported comparisons and exact revenue defect	2026-10-10T11:33:29.2383979Z   PKG_CONFIG_PATH: /opt/hostedtoolcache/Python/3.14.8/x64/lib/pkgconfig
company-current	Paired reported comparisons and exact revenue defect	2026-10-10T11:33:29.2384415Z   Python_ROOT_DIR: /opt/hostedtoolcache/Python/3.14.8/x64
company-current	Paired reported comparisons and exact revenue defect	2026-10-10T11:33:29.2384807Z   Python2_ROOT_DIR: /opt/hostedtoolcache/Python/3.14.8/x64
company-current	Paired reported comparisons and exact revenue defect	2026-10-10T11:33:29.2385185Z   Python3_ROOT_DIR: /opt/hostedtoolcache/Python/3.14.8/x64
company-current	Paired reported comparisons and exact revenue defect	2026-10-10T11:33:29.2385559Z   LD_LIBRARY_PATH: /opt/hostedtoolcache/Python/3.14.8/x64/lib
company-current	Paired reported comparisons and exact revenue defect	2026-10-10T11:33:29.2385898Z   PYTHONDONTWRITEBYTECODE: 1
company-current	Paired reported comparisons and exact revenue defect	2026-10-10T11:33:29.2386151Z ##[endgroup]
company-current	Paired reported comparisons and exact revenue defect	2026-10-10T11:33:30.3454662Z test_default_register_holds_exact_subtotal_result_only (tests.vnext.test_paired_measure_contradiction.DefaultRevenueScopeDefectTest.test_default_register_holds_exact_subtotal_result_only) ... ok
company-current	Paired reported comparisons and exact revenue defect	2026-10-10T11:33:30.3457566Z test_conflicting_comparisons_cannot_choose_the_matching_one (tests.vnext.test_paired_measure_contradiction.PairedReportedComparisonTest.test_conflicting_comparisons_cannot_choose_the_matching_one) ... ok
company-current	Paired reported comparisons and exact revenue defect	2026-10-10T11:33:30.3460250Z test_other_period_unit_or_accession_is_not_a_prior_comparison (tests.vnext.test_paired_measure_contradiction.PairedReportedComparisonTest.test_other_period_unit_or_accession_is_not_a_prior_comparison) ... ok
company-current	Paired reported comparisons and exact revenue defect	2026-10-10T11:33:30.3462798Z test_same_label_matching_or_no_comparison_keeps_existing_behavior (tests.vnext.test_paired_measure_contradiction.PairedReportedComparisonTest.test_same_label_matching_or_no_comparison_keeps_existing_behavior) ... ok
company-current	Paired reported comparisons and exact revenue defect	2026-10-10T11:33:30.3465486Z test_same_label_prior_comparison_difference_is_not_accepted (tests.vnext.test_paired_measure_contradiction.PairedReportedComparisonTest.test_same_label_prior_comparison_difference_is_not_accepted) ... ok
company-current	Paired reported comparisons and exact revenue defect	2026-10-10T11:33:30.3467796Z test_supported_label_change_requires_the_original_prior_value (tests.vnext.test_paired_measure_contradiction.PairedReportedComparisonTest.test_supported_label_change_requires_the_original_prior_value) ... ok
company-current	Paired reported comparisons and exact revenue defect	2026-10-10T11:33:30.3469054Z 
company-current	Paired reported comparisons and exact revenue defect	2026-10-10T11:33:30.3469287Z ----------------------------------------------------------------------
company-current	Paired reported comparisons and exact revenue defect	2026-10-10T11:33:30.3469797Z Ran 6 tests in 0.986s
company-current	Paired reported comparisons and exact revenue defect	2026-10-10T11:33:30.3470001Z 
company-current	Paired reported comparisons and exact revenue defect	2026-10-10T11:33:30.3470112Z OK
company-current	Paired reported comparisons and exact revenue defect	2026-10-10T11:33:30.3470877Z {"allowed_skips": 0, "errors": 0, "failures": 0, "run": 6, "skip_reasons": [], "skipped": 0, "tests": ["tests.vnext.test_paired_measure_contradiction"]}
company-current	Explicit single revenue source and unchanged period defaults	﻿2026-10-10T11:33:30.3812357Z ##[group]Run python3 tests/required_unittests.py tests.vnext.test_single_revenue_line tests.vnext.test_selected_reported_revenue_v2 tests.vnext.test_financial_duration tests.vnext.test_selected_income_source_v1
company-current	Explicit single revenue source and unchanged period defaults	2026-10-10T11:33:30.3814283Z ^[[36;1mpython3 tests/required_unittests.py tests.vnext.test_single_revenue_line tests.vnext.test_selected_reported_revenue_v2 tests.vnext.test_financial_duration tests.vnext.test_selected_income_source_v1^[[0m
company-current	Explicit single revenue source and unchanged period defaults	2026-10-10T11:33:30.3877155Z shell: /usr/bin/bash -e {0}
company-current	Explicit single revenue source and unchanged period defaults	2026-10-10T11:33:30.3877416Z env:
company-current	Explicit single revenue source and unchanged period defaults	2026-10-10T11:33:30.3877684Z   pythonLocation: /opt/hostedtoolcache/Python/3.14.8/x64
company-current	Explicit single revenue source and unchanged period defaults	2026-10-10T11:33:30.3878131Z   PKG_CONFIG_PATH: /opt/hostedtoolcache/Python/3.14.8/x64/lib/pkgconfig
company-current	Explicit single revenue source and unchanged period defaults	2026-10-10T11:33:30.3878552Z   Python_ROOT_DIR: /opt/hostedtoolcache/Python/3.14.8/x64
company-current	Explicit single revenue source and unchanged period defaults	2026-10-10T11:33:30.3878931Z   Python2_ROOT_DIR: /opt/hostedtoolcache/Python/3.14.8/x64
company-current	Explicit single revenue source and unchanged period defaults	2026-10-10T11:33:30.3879322Z   Python3_ROOT_DIR: /opt/hostedtoolcache/Python/3.14.8/x64
company-current	Explicit single revenue source and unchanged period defaults	2026-10-10T11:33:30.3879701Z   LD_LIBRARY_PATH: /opt/hostedtoolcache/Python/3.14.8/x64/lib
company-current	Explicit single revenue source and unchanged period defaults	2026-10-10T11:33:30.3880084Z   PYTHONDONTWRITEBYTECODE: 1
company-current	Explicit single revenue source and unchanged period defaults	2026-10-10T11:33:30.3880325Z ##[endgroup]
company-current	Explicit single revenue source and unchanged period defaults	2026-10-10T11:33:31.8064636Z test_actual_current_consumers_bind_fixed_fiscal_assertion_only_when_used (tests.vnext.test_single_revenue_line.SingleRevenueLineTest.test_actual_current_consumers_bind_fixed_fiscal_assertion_only_when_used) ... ok
company-current	Explicit single revenue source and unchanged period defaults	2026-10-10T11:33:31.8935802Z test_common_share_unit_header_and_split_currency_use_spanned_year (tests.vnext.test_single_revenue_line.SingleRevenueLineTest.test_common_share_unit_header_and_split_currency_use_spanned_year) ... ok
company-current	Explicit single revenue source and unchanged period defaults	2026-10-10T11:33:31.9012536Z test_component_rows_cannot_be_relabelled_as_single_revenue (tests.vnext.test_single_revenue_line.SingleRevenueLineTest.test_component_rows_cannot_be_relabelled_as_single_revenue) ... ok
company-current	Explicit single revenue source and unchanged period defaults	2026-10-10T11:33:31.9363020Z test_existing_entity_period_unit_scope_and_xml_checks_still_apply (tests.vnext.test_single_revenue_line.SingleRevenueLineTest.test_existing_entity_period_unit_scope_and_xml_checks_still_apply) ... ok
company-current	Explicit single revenue source and unchanged period defaults	2026-10-10T11:33:31.9506297Z test_explicit_single_line_keeps_original_fact_and_default_contract (tests.vnext.test_single_revenue_line.SingleRevenueLineTest.test_explicit_single_line_keeps_original_fact_and_default_contract) ... ok
company-current	Explicit single revenue source and unchanged period defaults	2026-10-10T11:33:31.9748916Z test_legitimate_repeated_header_and_currency_symbol_keep_the_single_amount (tests.vnext.test_single_revenue_line.SingleRevenueLineTest.test_legitimate_repeated_header_and_currency_symbol_keep_the_single_amount) ... ok
company-current	Explicit single revenue source and unchanged period defaults	2026-10-10T11:33:31.9943943Z test_no_statement_title_no_cost_or_no_income_does_not_prove_total (tests.vnext.test_single_revenue_line.SingleRevenueLineTest.test_no_statement_title_no_cost_or_no_income_does_not_prove_total) ... ok
company-current	Explicit single revenue source and unchanged period defaults	2026-10-10T11:33:32.0009473Z test_only_explicit_boolean_option_and_exact_plain_label (tests.vnext.test_single_revenue_line.SingleRevenueLineTest.test_only_explicit_boolean_option_and_exact_plain_label) ... ok
company-current	Explicit single revenue source and unchanged period defaults	2026-10-10T11:33:32.0285940Z test_remaining_tagged_and_untagged_revenue_parts_are_not_sole_line (tests.vnext.test_single_revenue_line.SingleRevenueLineTest.test_remaining_tagged_and_untagged_revenue_parts_are_not_sole_line) ... ok
company-current	Explicit single revenue source and unchanged period defaults	2026-10-10T11:33:32.0509775Z test_repeated_year_header_does_not_hide_an_earlier_amount (tests.vnext.test_single_revenue_line.SingleRevenueLineTest.test_repeated_year_header_does_not_hide_an_earlier_amount) ... ok
company-current	Explicit single revenue source and unchanged period defaults	2026-10-10T11:33:32.0721568Z test_selected_cell_extra_untagged_amount_cannot_hide_behind_xml_match (tests.vnext.test_single_revenue_line.SingleRevenueLineTest.test_selected_cell_extra_untagged_amount_cannot_hide_behind_xml_match) ... ok
company-current	Explicit single revenue source and unchanged period defaults	2026-10-10T11:33:32.0876528Z test_selected_fact_ordinal_is_not_a_python_list_offset (tests.vnext.test_single_revenue_line.SingleRevenueLineTest.test_selected_fact_ordinal_is_not_a_python_list_offset) ... ok
company-current	Explicit single revenue source and unchanged period defaults	2026-10-10T11:33:32.1012430Z test_explicit_total_admits_existing_fact_without_calculating_component_sum (tests.vnext.test_selected_reported_revenue_v2.SelectedReportedRevenueTest.test_explicit_total_admits_existing_fact_without_calculating_component_sum) ... ok
company-current	Explicit single revenue source and unchanged period defaults	2026-10-10T11:33:32.1268937Z test_fiscal_year_column_matches_full_selected_native_period_not_calendar_year (tests.vnext.test_selected_reported_revenue_v2.SelectedReportedRevenueTest.test_fiscal_year_column_matches_full_selected_native_period_not_calendar_year) ... ok
company-current	Explicit single revenue source and unchanged period defaults	2026-10-10T11:33:32.1431288Z test_later_year_header_cannot_hide_an_earlier_associated_full_date (tests.vnext.test_selected_reported_revenue_v2.SelectedReportedRevenueTest.test_later_year_header_cannot_hide_an_earlier_associated_full_date) ... ok
company-current	Explicit single revenue source and unchanged period defaults	2026-10-10T11:33:32.1810365Z test_limited_scope_wrong_scale_and_xml_disagreement_remain_errors (tests.vnext.test_selected_reported_revenue_v2.SelectedReportedRevenueTest.test_limited_scope_wrong_scale_and_xml_disagreement_remain_errors) ... ok
company-current	Explicit single revenue source and unchanged period defaults	2026-10-10T11:33:32.1965418Z test_note_total_or_wrong_companyfacts_filing_does_not_supply_company_total (tests.vnext.test_selected_reported_revenue_v2.SelectedReportedRevenueTest.test_note_total_or_wrong_companyfacts_filing_does_not_supply_company_total) ... ok
company-current	Explicit single revenue source and unchanged period defaults	2026-10-10T11:33:32.2733500Z test_resolved_label_keeps_raw_year_and_cannot_borrow_another_source (tests.vnext.test_selected_reported_revenue_v2.SelectedReportedRevenueTest.test_resolved_label_keeps_raw_year_and_cannot_borrow_another_source) ... ok
company-current	Explicit single revenue source and unchanged period defaults	2026-10-10T11:33:32.3091385Z test_separate_heading_table_is_bound_and_not_borrowed_from_other_statement (tests.vnext.test_selected_reported_revenue_v2.SelectedReportedRevenueTest.test_separate_heading_table_is_bound_and_not_borrowed_from_other_statement) ... ok
company-current	Explicit single revenue source and unchanged period defaults	2026-10-10T11:33:32.3396624Z test_visible_end_day_and_complete_date_agree_before_full_scope_credit (tests.vnext.test_selected_reported_revenue_v2.SelectedReportedRevenueTest.test_visible_end_day_and_complete_date_agree_before_full_scope_credit) ... ok
company-current	Explicit single revenue source and unchanged period defaults	2026-10-10T11:33:41.0102896Z test_actual_quarter_header_and_full_column_date_define_the_lcr_interval (tests.vnext.test_financial_duration.FinancialDurationTest.test_actual_quarter_header_and_full_column_date_define_the_lcr_interval) ... ok
company-current	Explicit single revenue source and unchanged period defaults	2026-10-10T11:33:41.0588964Z test_changed_duration_is_recomputed_with_new_source_hash (tests.vnext.test_financial_duration.FinancialDurationTest.test_changed_duration_is_recomputed_with_new_source_hash) ... ok
company-current	Explicit single revenue source and unchanged period defaults	2026-10-10T11:33:41.0606914Z test_duplicate_and_conflicting_footnotes_do_not_choose_a_convenient_period (tests.vnext.test_financial_duration.FinancialDurationTest.test_duplicate_and_conflicting_footnotes_do_not_choose_a_convenient_period) ... ok
company-current	Explicit single revenue source and unchanged period defaults	2026-10-10T11:33:41.1231694Z test_merged_interior_coordinate_and_nonnumeric_cell_are_not_selection_proof (tests.vnext.test_financial_duration.FinancialDurationTest.test_merged_interior_coordinate_and_nonnumeric_cell_are_not_selection_proof) ... ok
company-current	Explicit single revenue source and unchanged period defaults	2026-10-10T11:33:41.1710651Z test_missing_or_unlinked_footnote_never_falls_back_to_filing_year (tests.vnext.test_financial_duration.FinancialDurationTest.test_missing_or_unlinked_footnote_never_falls_back_to_filing_year) ... ok
company-current	Explicit single revenue source and unchanged period defaults	2026-10-10T11:33:41.1728582Z test_non_month_end_sources_need_explicit_dates_not_calendar_inference (tests.vnext.test_financial_duration.FinancialDurationTest.test_non_month_end_sources_need_explicit_dates_not_calendar_inference) ... ok
company-current	Explicit single revenue source and unchanged period defaults	2026-10-10T11:33:41.1738551Z test_noncalendar_annual_header_and_bad_claim_dates (tests.vnext.test_financial_duration.FinancialDurationTest.test_noncalendar_annual_header_and_bad_claim_dates) ... ok
company-current	Explicit single revenue source and unchanged period defaults	2026-10-10T11:33:45.5052987Z test_original_date_and_average_do_not_invent_a_quarter (tests.vnext.test_financial_duration.FinancialDurationTest.test_original_date_and_average_do_not_invent_a_quarter) ... ok
company-current	Explicit single revenue source and unchanged period defaults	2026-10-10T11:33:49.4180794Z test_original_explicit_annual_header_completes_without_recipe (tests.vnext.test_financial_duration.FinancialDurationTest.test_original_explicit_annual_header_completes_without_recipe) ... ok
company-current	Explicit single revenue source and unchanged period defaults	2026-10-10T11:33:53.3711801Z test_original_quarter_is_positive_and_annual_claim_is_rejected (tests.vnext.test_financial_duration.FinancialDurationTest.test_original_quarter_is_positive_and_annual_claim_is_rejected) ... ok
company-current	Explicit single revenue source and unchanged period defaults	2026-10-10T11:33:53.3728823Z test_point_in_time_row_or_linked_note_does_not_inherit_annual_duration (tests.vnext.test_financial_duration.FinancialDurationTest.test_point_in_time_row_or_linked_note_does_not_inherit_annual_duration) ... ok
company-current	Explicit single revenue source and unchanged period defaults	2026-10-10T11:33:53.4671569Z test_prior_year_header_requires_the_prior_year_measurement_interval (tests.vnext.test_financial_duration.FinancialDurationTest.test_prior_year_header_requires_the_prior_year_measurement_interval) ... ok
company-current	Explicit single revenue source and unchanged period defaults	2026-10-10T11:33:53.4679372Z test_quarter_header_cannot_be_overridden_by_a_second_annual_header (tests.vnext.test_financial_duration.FinancialDurationTest.test_quarter_header_cannot_be_overridden_by_a_second_annual_header) ... ok
company-current	Explicit single revenue source and unchanged period defaults	2026-10-10T11:33:53.6100770Z test_source_and_receipt_tampering_are_rejected_independently (tests.vnext.test_financial_duration.FinancialDurationTest.test_source_and_receipt_tampering_are_rejected_independently) ... ok
company-current	Explicit single revenue source and unchanged period defaults	2026-10-10T11:33:53.6146881Z test_source_month_end_intervals_cover_quarter_half_year_and_leap_boundaries (tests.vnext.test_financial_duration.FinancialDurationTest.test_source_month_end_intervals_cover_quarter_half_year_and_leap_boundaries) ... ok
company-current	Explicit single revenue source and unchanged period defaults	2026-10-10T11:33:53.7101145Z test_subject_and_unit_changes_do_not_keep_prior_acceptance (tests.vnext.test_financial_duration.FinancialDurationTest.test_subject_and_unit_changes_do_not_keep_prior_acceptance) ... ok
company-current	Explicit single revenue source and unchanged period defaults	2026-10-10T11:33:53.7125181Z test_unrelated_table_footnote_and_unknown_duration_stay_unresolved (tests.vnext.test_financial_duration.FinancialDurationTest.test_unrelated_table_footnote_and_unknown_duration_stay_unresolved) ... ok
company-current	Explicit single revenue source and unchanged period defaults	2026-10-10T11:33:53.7167302Z test_explicit_period_reader_inspects_exact_bytes_and_must_match_target (tests.vnext.test_selected_income_source_v1.SelectedIncomeSourceTest.test_explicit_period_reader_inspects_exact_bytes_and_must_match_target) ... ok
company-current	Explicit single revenue source and unchanged period defaults	2026-10-10T11:33:53.7220125Z test_non_usd_and_fake_namespace_rejected (tests.vnext.test_selected_income_source_v1.SelectedIncomeSourceTest.test_non_usd_and_fake_namespace_rejected) ... ok
company-current	Explicit single revenue source and unchanged period defaults	2026-10-10T11:33:53.7274600Z test_release_date_requires_explicit_policy_and_old_default_unchanged (tests.vnext.test_selected_income_source_v1.SelectedIncomeSourceTest.test_release_date_requires_explicit_policy_and_old_default_unchanged) ... ok
company-current	Explicit single revenue source and unchanged period defaults	2026-10-10T11:33:53.7747118Z test_selected_original_default_matches_retained_reader_without_current_preparation (tests.vnext.test_selected_income_source_v1.SelectedIncomeSourceTest.test_selected_original_default_matches_retained_reader_without_current_preparation) ... ok
company-current	Explicit single revenue source and unchanged period defaults	2026-10-10T11:33:53.7833991Z test_short_visible_period_conflict_and_missing_header_remain_explicit (tests.vnext.test_selected_income_source_v1.SelectedIncomeSourceTest.test_short_visible_period_conflict_and_missing_header_remain_explicit) ... ok
company-current	Explicit single revenue source and unchanged period defaults	2026-10-10T11:33:53.7836688Z test_source_byte_company_and_accession_binding_rejected (tests.vnext.test_selected_income_source_v1.SelectedIncomeSourceTest.test_source_byte_company_and_accession_binding_rejected) ... ok
company-current	Explicit single revenue source and unchanged period defaults	2026-10-10T11:33:53.7864603Z test_wrong_annual_period_and_dei_subject_rejected (tests.vnext.test_selected_income_source_v1.SelectedIncomeSourceTest.test_wrong_annual_period_and_dei_subject_rejected) ... ok
company-current	Explicit single revenue source and unchanged period defaults	2026-10-10T11:33:53.7865848Z 
company-current	Explicit single revenue source and unchanged period defaults	2026-10-10T11:33:53.7866100Z ----------------------------------------------------------------------
company-current	Explicit single revenue source and unchanged period defaults	2026-10-10T11:33:53.7866629Z Ran 44 tests in 22.588s
company-current	Explicit single revenue source and unchanged period defaults	2026-10-10T11:33:53.7866850Z 
company-current	Explicit single revenue source and unchanged period defaults	2026-10-10T11:33:53.7866968Z OK
company-current	Explicit single revenue source and unchanged period defaults	2026-10-10T11:33:53.7868452Z {"allowed_skips": 0, "errors": 0, "failures": 0, "run": 44, "skip_reasons": [], "skipped": 0, "tests": ["tests.vnext.test_single_revenue_line", "tests.vnext.test_selected_reported_revenue_v2", "tests.vnext.test_financial_duration", "tests.vnext.test_selected_income_source_v1"]}
company-current	Complete D04 company model input gates	﻿2026-10-10T11:33:53.8291750Z ##[group]Run python3 tests/required_unittests.py tests.vnext.test_current_d04_company
company-current	Complete D04 company model input gates	2026-10-10T11:33:53.8292389Z ^[[36;1mpython3 tests/required_unittests.py tests.vnext.test_current_d04_company^[[0m
company-current	Complete D04 company model input gates	2026-10-10T11:33:53.8354077Z shell: /usr/bin/bash -e {0}
company-current	Complete D04 company model input gates	2026-10-10T11:33:53.8354336Z env:
company-current	Complete D04 company model input gates	2026-10-10T11:33:53.8354601Z   pythonLocation: /opt/hostedtoolcache/Python/3.14.8/x64
company-current	Complete D04 company model input gates	2026-10-10T11:33:53.8355046Z   PKG_CONFIG_PATH: /opt/hostedtoolcache/Python/3.14.8/x64/lib/pkgconfig
company-current	Complete D04 company model input gates	2026-10-10T11:33:53.8355644Z   Python_ROOT_DIR: /opt/hostedtoolcache/Python/3.14.8/x64
company-current	Complete D04 company model input gates	2026-10-10T11:33:53.8356030Z   Python2_ROOT_DIR: /opt/hostedtoolcache/Python/3.14.8/x64
company-current	Complete D04 company model input gates	2026-10-10T11:33:53.8356404Z   Python3_ROOT_DIR: /opt/hostedtoolcache/Python/3.14.8/x64
company-current	Complete D04 company model input gates	2026-10-10T11:33:53.8356781Z   LD_LIBRARY_PATH: /opt/hostedtoolcache/Python/3.14.8/x64/lib
company-current	Complete D04 company model input gates	2026-10-10T11:33:53.8357100Z ##[endgroup]
company-current	Complete D04 company model input gates	2026-10-10T11:33:55.1409773Z test_complete_nonempty_findings_are_allowed_without_inventing_doubt (tests.vnext.test_current_d04_company.CurrentD04CompanyGateTest.test_complete_nonempty_findings_are_allowed_without_inventing_doubt) ... ok
company-current	Complete D04 company model input gates	2026-10-10T11:33:55.1412633Z test_missing_failed_and_conflicting_groups_are_rejected (tests.vnext.test_current_d04_company.CurrentD04CompanyGateTest.test_missing_failed_and_conflicting_groups_are_rejected) ... ok
company-current	Complete D04 company model input gates	2026-10-10T11:33:55.1416004Z test_missing_group_cannot_be_complete_even_with_a_stale_true_flag (tests.vnext.test_current_d04_company.CurrentD04CompanyGateTest.test_missing_group_cannot_be_complete_even_with_a_stale_true_flag) ... ok
company-current	Complete D04 company model input gates	2026-10-10T11:33:55.1418783Z test_unresolved_or_failed_evidence_is_never_company_credit (tests.vnext.test_current_d04_company.CurrentD04CompanyGateTest.test_unresolved_or_failed_evidence_is_never_company_credit) ... ok
company-current	Complete D04 company model input gates	2026-10-10T11:33:55.4094536Z test_source_or_interpretation_change_rechecks_once_then_reuses (tests.vnext.test_current_d04_company.CurrentD04DependencyUpdateTest.test_source_or_interpretation_change_rechecks_once_then_reuses) ... ok
company-current	Complete D04 company model input gates	2026-10-10T11:33:55.4096159Z 
company-current	Complete D04 company model input gates	2026-10-10T11:33:55.4096854Z {"allowed_skips": 0, "errors": 0, "failures": 0, "run": 5, "skip_reasons": [], "skipped": 0, "tests": ["tests.vnext.test_current_d04_company"]}
company-current	Complete D04 company model input gates	2026-10-10T11:33:55.4097858Z ----------------------------------------------------------------------
company-current	Complete D04 company model input gates	2026-10-10T11:33:55.4098359Z Ran 5 tests in 0.269s
company-current	Complete D04 company model input gates	2026-10-10T11:33:55.4098564Z 
company-current	Complete D04 company model input gates	2026-10-10T11:33:55.4098687Z OK
company-current	Selected event sources and explicit history validation	﻿2026-10-10T11:33:55.4626379Z ##[group]Run python3 tests/required_unittests.py tests.vnext.test_selected_event_source_v1 tests.vnext.test_registered_event_projection
company-current	Selected event sources and explicit history validation	2026-10-10T11:33:55.4627356Z ^[[36;1mpython3 tests/required_unittests.py tests.vnext.test_selected_event_source_v1 tests.vnext.test_registered_event_projection^[[0m
company-current	Selected event sources and explicit history validation	2026-10-10T11:33:55.4689138Z shell: /usr/bin/bash -e {0}
company-current	Selected event sources and explicit history validation	2026-10-10T11:33:55.4689399Z env:
company-current	Selected event sources and explicit history validation	2026-10-10T11:33:55.4689669Z   pythonLocation: /opt/hostedtoolcache/Python/3.14.8/x64
company-current	Selected event sources and explicit history validation	2026-10-10T11:33:55.4690111Z   PKG_CONFIG_PATH: /opt/hostedtoolcache/Python/3.14.8/x64/lib/pkgconfig
company-current	Selected event sources and explicit history validation	2026-10-10T11:33:55.4690533Z   Python_ROOT_DIR: /opt/hostedtoolcache/Python/3.14.8/x64
company-current	Selected event sources and explicit history validation	2026-10-10T11:33:55.4690910Z   Python2_ROOT_DIR: /opt/hostedtoolcache/Python/3.14.8/x64
company-current	Selected event sources and explicit history validation	2026-10-10T11:33:55.4691305Z   Python3_ROOT_DIR: /opt/hostedtoolcache/Python/3.14.8/x64
company-current	Selected event sources and explicit history validation	2026-10-10T11:33:55.4691686Z   LD_LIBRARY_PATH: /opt/hostedtoolcache/Python/3.14.8/x64/lib
company-current	Selected event sources and explicit history validation	2026-10-10T11:33:55.4692026Z   PYTHONDONTWRITEBYTECODE: 1
company-current	Selected event sources and explicit history validation	2026-10-10T11:33:55.4692267Z ##[endgroup]
company-current	Selected event sources and explicit history validation	2026-10-10T11:33:55.7859591Z test_explicit_history_check_receives_full_body_and_conflict_is_not_empty_success (tests.vnext.test_selected_event_source_v1.SelectedEventSourceTest.test_explicit_history_check_receives_full_body_and_conflict_is_not_empty_success) ... ok
company-current	Selected event sources and explicit history validation	2026-10-10T11:33:55.8212137Z test_gap_day_block_is_selected_and_validated_using_same_effective_last_day (tests.vnext.test_selected_event_source_v1.SelectedEventSourceTest.test_gap_day_block_is_selected_and_validated_using_same_effective_last_day) ... ok
company-current	Selected event sources and explicit history validation	2026-10-10T11:33:55.8400630Z test_missing_header_and_header_date_conflict_remain_failures (tests.vnext.test_selected_event_source_v1.SelectedEventSourceTest.test_missing_header_and_header_date_conflict_remain_failures) ... ok
company-current	Selected event sources and explicit history validation	2026-10-10T11:33:55.8674839Z test_registered_union_reads_both_issuers_and_rules_from_code_root (tests.vnext.test_selected_event_source_v1.SelectedEventSourceTest.test_registered_union_reads_both_issuers_and_rules_from_code_root) ... ok
company-current	Selected event sources and explicit history validation	2026-10-10T11:33:55.9077157Z test_repeated_legacy_gets_are_bound_but_latest_failure_is_visible (tests.vnext.test_selected_event_source_v1.SelectedEventSourceTest.test_repeated_legacy_gets_are_bound_but_latest_failure_is_visible) ... ok
company-current	Selected event sources and explicit history validation	2026-10-10T11:33:55.9300681Z test_same_blob_key_does_not_hide_a_conflicting_media_record (tests.vnext.test_selected_event_source_v1.SelectedEventSourceTest.test_same_blob_key_does_not_hide_a_conflicting_media_record) ... ok
company-current	Selected event sources and explicit history validation	2026-10-10T11:33:55.9455155Z test_source_only_nonempty_claims_keep_real_requests_and_no_results (tests.vnext.test_selected_event_source_v1.SelectedEventSourceTest.test_source_only_nonempty_claims_keep_real_requests_and_no_results) ... ok
company-current	Selected event sources and explicit history validation	2026-10-10T11:33:55.9474719Z test_wrong_registry_selected_entity_or_window_is_rejected (tests.vnext.test_selected_event_source_v1.SelectedEventSourceTest.test_wrong_registry_selected_entity_or_window_is_rejected) ... ok
company-current	Selected event sources and explicit history validation	2026-10-10T11:33:55.9497306Z test_approved_wide_window_retains_the_original_annual_period (tests.vnext.test_registered_event_projection.RegisteredEventProjectionTest.test_approved_wide_window_retains_the_original_annual_period) ... ok
company-current	Selected event sources and explicit history validation	2026-10-10T11:33:55.9515114Z test_arbitrary_wider_period_or_wrong_label_is_rejected (tests.vnext.test_registered_event_projection.RegisteredEventProjectionTest.test_arbitrary_wider_period_or_wrong_label_is_rejected) ... ok
company-current	Selected event sources and explicit history validation	2026-10-10T11:33:55.9517129Z test_financial_and_unreceived_e01_do_not_receive_wide_period_exception (tests.vnext.test_registered_event_projection.RegisteredEventProjectionTest.test_financial_and_unreceived_e01_do_not_receive_wide_period_exception) ... ok
company-current	Selected event sources and explicit history validation	2026-10-10T11:33:55.9560024Z test_missing_registrant_or_wrong_inventory_cannot_complete_union (tests.vnext.test_registered_event_projection.RegisteredEventProjectionTest.test_missing_registrant_or_wrong_inventory_cannot_complete_union) ... ok
company-current	Selected event sources and explicit history validation	2026-10-10T11:33:55.9589782Z test_wrong_registry_catalog_or_financial_combination_is_rejected (tests.vnext.test_registered_event_projection.RegisteredEventProjectionTest.test_wrong_registry_catalog_or_financial_combination_is_rejected) ... ok
company-current	Selected event sources and explicit history validation	2026-10-10T11:33:55.9591548Z 
company-current	Selected event sources and explicit history validation	2026-10-10T11:33:55.9591815Z ----------------------------------------------------------------------
company-current	Selected event sources and explicit history validation	2026-10-10T11:33:55.9592348Z Ran 13 tests in 0.199s
company-current	Selected event sources and explicit history validation	2026-10-10T11:33:55.9592571Z 
company-current	Selected event sources and explicit history validation	2026-10-10T11:33:55.9593897Z {"allowed_skips": 0, "errors": 0, "failures": 0, "run": 13, "skip_reasons": [], "skipped": 0, "tests": ["tests.vnext.test_selected_event_source_v1", "tests.vnext.test_registered_event_projection"]}
company-current	Selected event sources and explicit history validation	2026-10-10T11:33:55.9614133Z OK
company-current	Historical selected event scope and record retention	﻿2026-10-10T11:33:56.0002579Z ##[group]Run python3 tests/required_unittests.py tests.vnext.test_historical_event_cases.HistoricalEventCaseTest tests.vnext.test_historical_event_cases.HistoricalEventHistoryStrategyTest tests.vnext.test_historical_event_cases.HistoricalEventRecordRetentionTest
company-current	Historical selected event scope and record retention	2026-10-10T11:33:56.0004851Z ^[[36;1mpython3 tests/required_unittests.py tests.vnext.test_historical_event_cases.HistoricalEventCaseTest tests.vnext.test_historical_event_cases.HistoricalEventHistoryStrategyTest tests.vnext.test_historical_event_cases.HistoricalEventRecordRetentionTest^[[0m
company-current	Historical selected event scope and record retention	2026-10-10T11:33:56.0067045Z shell: /usr/bin/bash -e {0}
company-current	Historical selected event scope and record retention	2026-10-10T11:33:56.0067302Z env:
company-current	Historical selected event scope and record retention	2026-10-10T11:33:56.0067570Z   pythonLocation: /opt/hostedtoolcache/Python/3.14.8/x64
company-current	Historical selected event scope and record retention	2026-10-10T11:33:56.0068008Z   PKG_CONFIG_PATH: /opt/hostedtoolcache/Python/3.14.8/x64/lib/pkgconfig
company-current	Historical selected event scope and record retention	2026-10-10T11:33:56.0068442Z   Python_ROOT_DIR: /opt/hostedtoolcache/Python/3.14.8/x64
company-current	Historical selected event scope and record retention	2026-10-10T11:33:56.0068825Z   Python2_ROOT_DIR: /opt/hostedtoolcache/Python/3.14.8/x64
company-current	Historical selected event scope and record retention	2026-10-10T11:33:56.0069224Z   Python3_ROOT_DIR: /opt/hostedtoolcache/Python/3.14.8/x64
company-current	Historical selected event scope and record retention	2026-10-10T11:33:56.0069596Z   LD_LIBRARY_PATH: /opt/hostedtoolcache/Python/3.14.8/x64/lib
company-current	Historical selected event scope and record retention	2026-10-10T11:33:56.0069933Z   PYTHONDONTWRITEBYTECODE: 1
company-current	Historical selected event scope and record retention	2026-10-10T11:33:56.0070173Z ##[endgroup]
company-current	Historical selected event scope and record retention	2026-10-10T11:33:56.4124595Z test_catalog_change_to_content_method_is_an_explicit_gap (tests.vnext.test_historical_event_cases.HistoricalEventCaseTest.test_catalog_change_to_content_method_is_an_explicit_gap) ... ok
company-current	Historical selected event scope and record retention	2026-10-10T11:33:56.4127637Z test_content_confirmation_route_is_not_silently_counted (tests.vnext.test_historical_event_cases.HistoricalEventCaseTest.test_content_confirmation_route_is_not_silently_counted) ... ok
company-current	Historical selected event scope and record retention	2026-10-10T11:33:56.4252164Z test_incoherent_history_block_is_not_read_around (tests.vnext.test_historical_event_cases.HistoricalEventCaseTest.test_incoherent_history_block_is_not_read_around) ... ok
company-current	Historical selected event scope and record retention	2026-10-10T11:33:56.4380625Z test_missing_event_header_is_withheld_not_a_correct_zero (tests.vnext.test_historical_event_cases.HistoricalEventCaseTest.test_missing_event_header_is_withheld_not_a_correct_zero) ... ok
company-current	Historical selected event scope and record retention	2026-10-10T11:33:56.4743738Z test_part_iii_window_clearance_does_not_admit_financial_inputs (tests.vnext.test_historical_event_cases.HistoricalEventCaseTest.test_part_iii_window_clearance_does_not_admit_financial_inputs) ... ok
company-current	Historical selected event scope and record retention	2026-10-10T11:33:56.4745542Z test_predecessor_period_reads_only_its_selected_registrant (tests.vnext.test_historical_event_cases.HistoricalEventCaseTest.test_predecessor_period_reads_only_its_selected_registrant) ... ok
company-current	Historical selected event scope and record retention	2026-10-10T11:33:56.4750324Z test_successor_keeps_wide_measurement_and_pinned_container (tests.vnext.test_historical_event_cases.HistoricalEventCaseTest.test_successor_keeps_wide_measurement_and_pinned_container) ... ok
company-current	Historical selected event scope and record retention	2026-10-10T11:33:56.4873862Z test_unknown_program_error_is_not_mislabeled_as_disclosure_absence (tests.vnext.test_historical_event_cases.HistoricalEventCaseTest.test_unknown_program_error_is_not_mislabeled_as_disclosure_absence) ... ok
company-current	Historical selected event scope and record retention	2026-10-10T11:33:56.4875895Z test_complete_body_and_gap_day_use_the_existing_coherence_rule (tests.vnext.test_historical_event_cases.HistoricalEventHistoryStrategyTest.test_complete_body_and_gap_day_use_the_existing_coherence_rule) ... ok
company-current	Historical selected event scope and record retention	2026-10-10T11:33:56.5004799Z test_source_reference_does_not_overwrite_its_raw_blob (tests.vnext.test_historical_event_cases.HistoricalEventRecordRetentionTest.test_source_reference_does_not_overwrite_its_raw_blob) ... ok
company-current	Historical selected event scope and record retention	2026-10-10T11:33:56.5005808Z 
company-current	Historical selected event scope and record retention	2026-10-10T11:33:56.5006028Z ----------------------------------------------------------------------
company-current	Historical selected event scope and record retention	2026-10-10T11:33:56.5006485Z Ran 10 tests in 0.101s
company-current	Historical selected event scope and record retention	2026-10-10T11:33:56.5006661Z 
company-current	Historical selected event scope and record retention	2026-10-10T11:33:56.5006767Z OK
company-current	Historical selected event scope and record retention	2026-10-10T11:33:56.5008243Z {"allowed_skips": 0, "errors": 0, "failures": 0, "run": 10, "skip_reasons": [], "skipped": 0, "tests": ["tests.vnext.test_historical_event_cases.HistoricalEventCaseTest", "tests.vnext.test_historical_event_cases.HistoricalEventHistoryStrategyTest", "tests.vnext.test_historical_event_cases.HistoricalEventRecordRetentionTest"]}
company-current	Existing historical SEC count and recorded capture compatibility	﻿2026-10-10T11:33:56.5409353Z ##[group]Run python3 tests/required_unittests.py tests.vnext.test_existing_historical_sec_state tests.vnext.test_historical_sec_capture_adapter tests.vnext.test_company_online
company-current	Existing historical SEC count and recorded capture compatibility	2026-10-10T11:33:56.5410633Z ^[[36;1mpython3 tests/required_unittests.py tests.vnext.test_existing_historical_sec_state tests.vnext.test_historical_sec_capture_adapter tests.vnext.test_company_online^[[0m
company-current	Existing historical SEC count and recorded capture compatibility	2026-10-10T11:33:56.5473949Z shell: /usr/bin/bash -e {0}
company-current	Existing historical SEC count and recorded capture compatibility	2026-10-10T11:33:56.5474212Z env:
company-current	Existing historical SEC count and recorded capture compatibility	2026-10-10T11:33:56.5474495Z   pythonLocation: /opt/hostedtoolcache/Python/3.14.8/x64
company-current	Existing historical SEC count and recorded capture compatibility	2026-10-10T11:33:56.5474943Z   PKG_CONFIG_PATH: /opt/hostedtoolcache/Python/3.14.8/x64/lib/pkgconfig
company-current	Existing historical SEC count and recorded capture compatibility	2026-10-10T11:33:56.5475363Z   Python_ROOT_DIR: /opt/hostedtoolcache/Python/3.14.8/x64
company-current	Existing historical SEC count and recorded capture compatibility	2026-10-10T11:33:56.5475746Z   Python2_ROOT_DIR: /opt/hostedtoolcache/Python/3.14.8/x64
company-current	Existing historical SEC count and recorded capture compatibility	2026-10-10T11:33:56.5476139Z   Python3_ROOT_DIR: /opt/hostedtoolcache/Python/3.14.8/x64
company-current	Existing historical SEC count and recorded capture compatibility	2026-10-10T11:33:56.5476541Z   LD_LIBRARY_PATH: /opt/hostedtoolcache/Python/3.14.8/x64/lib
company-current	Existing historical SEC count and recorded capture compatibility	2026-10-10T11:33:56.5476934Z   PYTHONDONTWRITEBYTECODE: 1
company-current	Existing historical SEC count and recorded capture compatibility	2026-10-10T11:33:56.5477176Z ##[endgroup]
company-current	Existing historical SEC count and recorded capture compatibility	2026-10-10T11:33:56.8540350Z test_additive_limit_and_conservative_count_are_separate_from_binding (tests.vnext.test_existing_historical_sec_state.ExistingHistoricalSecStateTest.test_additive_limit_and_conservative_count_are_separate_from_binding) ... ok
company-current	Existing historical SEC count and recorded capture compatibility	2026-10-10T11:33:56.8576893Z test_known_failure_is_charged_and_wrong_logged_row_is_rejected (tests.vnext.test_existing_historical_sec_state.ExistingHistoricalSecStateTest.test_known_failure_is_charged_and_wrong_logged_row_is_rejected) ... ok
company-current	Existing historical SEC count and recorded capture compatibility	2026-10-10T11:33:56.8609323Z test_missing_terminal_is_counted_and_blocks (tests.vnext.test_existing_historical_sec_state.ExistingHistoricalSecStateTest.test_missing_terminal_is_counted_and_blocks) ... ok
company-current	Existing historical SEC count and recorded capture compatibility	2026-10-10T11:33:56.8651138Z test_unknown_outcome_is_not_free_or_resolved (tests.vnext.test_existing_historical_sec_state.ExistingHistoricalSecStateTest.test_unknown_outcome_is_not_free_or_resolved) ... ok
company-current	Existing historical SEC count and recorded capture compatibility	2026-10-10T11:33:56.8696078Z test_wrong_intent_binding_or_extension_prefix_is_rejected (tests.vnext.test_existing_historical_sec_state.ExistingHistoricalSecStateTest.test_wrong_intent_binding_or_extension_prefix_is_rejected) ... ok
company-current	Existing historical SEC count and recorded capture compatibility	2026-10-10T11:33:56.8892453Z test_new_403_is_persisted_as_a_stop (tests.vnext.test_historical_sec_capture_adapter.HistoricalSecCaptureAdapterTest.test_new_403_is_persisted_as_a_stop) ... SEC retry exhausted for https://data.sec.gov/submissions/CIK0001048286-attachments-001.json; status=403; error=
company-current	Existing historical SEC count and recorded capture compatibility	2026-10-10T11:33:56.8989759Z ok
company-current	Existing historical SEC count and recorded capture compatibility	2026-10-10T11:33:57.9020576Z test_original_historical_context_without_closure_hash_can_capture (tests.vnext.test_historical_sec_capture_adapter.HistoricalSecCaptureAdapterTest.test_original_historical_context_without_closure_hash_can_capture) ... ok
company-current	Existing historical SEC count and recorded capture compatibility	2026-10-10T11:33:57.9174638Z test_plan_interrupt_consumes_opportunity_without_http_or_fake_terminal (tests.vnext.test_historical_sec_capture_adapter.HistoricalSecCaptureAdapterTest.test_plan_interrupt_consumes_opportunity_without_http_or_fake_terminal) ... ok
company-current	Existing historical SEC count and recorded capture compatibility	2026-10-10T11:33:58.9165189Z test_recorded_capture_preserves_prior_rows_and_uses_next_old_format_slot (tests.vnext.test_historical_sec_capture_adapter.HistoricalSecCaptureAdapterTest.test_recorded_capture_preserves_prior_rows_and_uses_next_old_format_slot) ... ok
company-current	Existing historical SEC count and recorded capture compatibility	2026-10-10T11:33:58.9234226Z test_unclaimed_new_log_row_is_not_treated_as_old_imported_history (tests.vnext.test_historical_sec_capture_adapter.HistoricalSecCaptureAdapterTest.test_unclaimed_new_log_row_is_not_treated_as_old_imported_history) ... ok
company-current	Existing historical SEC count and recorded capture compatibility	2026-10-10T11:33:59.8947231Z test_unknown_and_new_rate_refusal_remain_charged_and_stopped (tests.vnext.test_historical_sec_capture_adapter.HistoricalSecCaptureAdapterTest.test_unknown_and_new_rate_refusal_remain_charged_and_stopped) ... ok
company-current	Existing historical SEC count and recorded capture compatibility	2026-10-10T11:33:59.9049243Z test_wrong_url_root_refresh_and_limit_refuse_before_transport (tests.vnext.test_historical_sec_capture_adapter.HistoricalSecCaptureAdapterTest.test_wrong_url_root_refresh_and_limit_refuse_before_transport) ... ok
company-current	Existing historical SEC count and recorded capture compatibility	2026-10-10T11:33:59.9164393Z test_latest_does_not_silently_ignore_supplied_years (tests.vnext.test_company_online.CompanyCliPeriodRoutingTest.test_latest_does_not_silently_ignore_supplied_years) ... ok
company-current	Existing historical SEC count and recorded capture compatibility	2026-10-10T11:33:59.9189960Z test_latest_saved_source_also_rejects_ignored_year_arguments (tests.vnext.test_company_online.CompanyCliPeriodRoutingTest.test_latest_saved_source_also_rejects_ignored_year_arguments) ... ok
company-current	Existing historical SEC count and recorded capture compatibility	2026-10-10T11:33:59.9216648Z test_online_historical_range_rejected_before_context_or_writer (tests.vnext.test_company_online.CompanyCliPeriodRoutingTest.test_online_historical_range_rejected_before_context_or_writer) ... ok
company-current	Existing historical SEC count and recorded capture compatibility	2026-10-10T11:33:59.9244807Z test_saved_history_range_forwarded_to_existing_public_consumer (tests.vnext.test_company_online.CompanyCliPeriodRoutingTest.test_saved_history_range_forwarded_to_existing_public_consumer) ... ok
company-current	Existing historical SEC count and recorded capture compatibility	2026-10-10T11:33:59.9269241Z test_supported_current_online_dispatch_unchanged (tests.vnext.test_company_online.CompanyCliPeriodRoutingTest.test_supported_current_online_dispatch_unchanged) ... ok
company-current	Existing historical SEC count and recorded capture compatibility	2026-10-10T11:33:59.9772238Z test_claim_is_reported_pending_before_plan_persistence (tests.vnext.test_company_online.CompanyOnlineTest.test_claim_is_reported_pending_before_plan_persistence) ... ok
company-current	Existing historical SEC count and recorded capture compatibility	2026-10-10T11:33:59.9821087Z test_existing_real_ledger_never_created (tests.vnext.test_company_online.CompanyOnlineTest.test_existing_real_ledger_never_created) ... ok
company-current	Existing historical SEC count and recorded capture compatibility	2026-10-10T11:34:00.9010827Z test_new_task_source_directory_does_not_reset_immutable_capture (tests.vnext.test_company_online.CompanyOnlineTest.test_new_task_source_directory_does_not_reset_immutable_capture) ... ok
company-current	Existing historical SEC count and recorded capture compatibility	2026-10-10T11:34:01.8994537Z test_one_native_http_attempt_uses_existing_count_and_no_retry (tests.vnext.test_company_online.CompanyOnlineTest.test_one_native_http_attempt_uses_existing_count_and_no_retry) ... ok
company-current	Existing historical SEC count and recorded capture compatibility	2026-10-10T11:34:01.9071030Z test_persistence_interrupt_leaves_counted_pending_no_second_transport (tests.vnext.test_company_online.CompanyOnlineTest.test_persistence_interrupt_leaves_counted_pending_no_second_transport) ... ok
company-current	Existing historical SEC count and recorded capture compatibility	2026-10-10T11:34:01.9130311Z test_prior_metadata_missing_does_not_prevent_current_sources (tests.vnext.test_company_online.CompanyOnlineTest.test_prior_metadata_missing_does_not_prevent_current_sources) ... ok
company-current	Existing historical SEC count and recorded capture compatibility	2026-10-10T11:34:01.9186778Z test_recorded_context_without_replies_cannot_use_network (tests.vnext.test_company_online.CompanyOnlineTest.test_recorded_context_without_replies_cannot_use_network) ... ok
company-current	Existing historical SEC count and recorded capture compatibility	2026-10-10T11:34:01.9236791Z test_scope_or_limits_cannot_be_changed_by_call_context (tests.vnext.test_company_online.CompanyOnlineTest.test_scope_or_limits_cannot_be_changed_by_call_context) ... ok
company-current	Existing historical SEC count and recorded capture compatibility	2026-10-10T11:34:02.8919562Z test_unknown_remote_blocks_next_claim_and_is_not_zero (tests.vnext.test_company_online.CompanyOnlineTest.test_unknown_remote_blocks_next_claim_and_is_not_zero) ... ok
company-current	Existing historical SEC count and recorded capture compatibility	2026-10-10T11:34:02.8971058Z test_unsupported_metric_rejected_before_sources_or_claim (tests.vnext.test_company_online.CompanyOnlineTest.test_unsupported_metric_rejected_before_sources_or_claim) ... ok
company-current	Existing historical SEC count and recorded capture compatibility	2026-10-10T11:34:02.8972644Z 
company-current	Existing historical SEC count and recorded capture compatibility	2026-10-10T11:34:02.8972938Z ----------------------------------------------------------------------
company-current	Existing historical SEC count and recorded capture compatibility	2026-10-10T11:34:02.8973769Z Ran 27 tests in 6.048s
company-current	Existing historical SEC count and recorded capture compatibility	2026-10-10T11:34:02.8974017Z 
company-current	Existing historical SEC count and recorded capture compatibility	2026-10-10T11:34:02.8975392Z {"allowed_skips": 0, "errors": 0, "failures": 0, "run": 27, "skip_reasons": [], "skipped": 0, "tests": ["tests.vnext.test_existing_historical_sec_state", "tests.vnext.test_historical_sec_capture_adapter", "tests.vnext.test_company_online"]}
company-current	Existing historical SEC count and recorded capture compatibility	2026-10-10T11:34:02.8977076Z OK
company-current	Post Run actions/setup-python@a309ff8b426b58ec0e2a45f0f869d46889d02405	﻿2026-10-10T11:34:02.9400826Z Post job cleanup.
company-current	Post Run actions/checkout@de0fac2e4500dabe0009e67214ff5f5447ce83dd	﻿2026-10-10T11:34:03.0739882Z Post job cleanup.
company-current	Post Run actions/checkout@de0fac2e4500dabe0009e67214ff5f5447ce83dd	2026-10-10T11:34:03.1607929Z [command]/usr/bin/git version
company-current	Post Run actions/checkout@de0fac2e4500dabe0009e67214ff5f5447ce83dd	2026-10-10T11:34:03.1649785Z git version 2.55.0
company-current	Post Run actions/checkout@de0fac2e4500dabe0009e67214ff5f5447ce83dd	2026-10-10T11:34:03.1695286Z Temporarily overriding HOME='/home/runner/work/_temp/b94fce23-2b36-4491-8f9d-dfd5d0c93aab' before making global git config changes
company-current	Post Run actions/checkout@de0fac2e4500dabe0009e67214ff5f5447ce83dd	2026-10-10T11:34:03.1696673Z Adding repository directory to the temporary git global config as a safe directory
company-current	Post Run actions/checkout@de0fac2e4500dabe0009e67214ff5f5447ce83dd	2026-10-10T11:34:03.1702428Z [command]/usr/bin/git config --global --add safe.directory /home/runner/work/SEC_metrics/SEC_metrics
company-current	Post Run actions/checkout@de0fac2e4500dabe0009e67214ff5f5447ce83dd	2026-10-10T11:34:03.1734969Z Removing SSH command configuration
company-current	Post Run actions/checkout@de0fac2e4500dabe0009e67214ff5f5447ce83dd	2026-10-10T11:34:03.1742030Z [command]/usr/bin/git config --local --name-only --get-regexp core\.sshCommand
company-current	Post Run actions/checkout@de0fac2e4500dabe0009e67214ff5f5447ce83dd	2026-10-10T11:34:03.1777847Z [command]/usr/bin/git submodule foreach --recursive sh -c "git config --local --name-only --get-regexp 'core\.sshCommand' && git config --local --unset-all 'core.sshCommand' || :"
company-current	Post Run actions/checkout@de0fac2e4500dabe0009e67214ff5f5447ce83dd	2026-10-10T11:34:03.2037001Z Removing HTTP extra header
company-current	Post Run actions/checkout@de0fac2e4500dabe0009e67214ff5f5447ce83dd	2026-10-10T11:34:03.2044012Z [command]/usr/bin/git config --local --name-only --get-regexp http\.https\:\/\/github\.com\/\.extraheader
company-current	Post Run actions/checkout@de0fac2e4500dabe0009e67214ff5f5447ce83dd	2026-10-10T11:34:03.2083666Z [command]/usr/bin/git submodule foreach --recursive sh -c "git config --local --name-only --get-regexp 'http\.https\:\/\/github\.com\/\.extraheader' && git config --local --unset-all 'http.https://github.com/.extraheader' || :"
company-current	Post Run actions/checkout@de0fac2e4500dabe0009e67214ff5f5447ce83dd	2026-10-10T11:34:03.2358392Z Removing includeIf entries pointing to credentials config files
company-current	Post Run actions/checkout@de0fac2e4500dabe0009e67214ff5f5447ce83dd	2026-10-10T11:34:03.2366670Z [command]/usr/bin/git config --local --name-only --get-regexp ^includeIf\.gitdir:
company-current	Post Run actions/checkout@de0fac2e4500dabe0009e67214ff5f5447ce83dd	2026-10-10T11:34:03.2406920Z [command]/usr/bin/git submodule foreach --recursive git config --local --show-origin --name-only --get-regexp remote.origin.url
company-current	Complete job	﻿2026-10-10T11:34:03.2840179Z Cleaning up orphan processes
