company,cik,metric_id,source_url,repo_relative_path,content_sha256,accession,document_name,concept_or_section,context_or_dimension,unit,period_start,period_end,value_raw,value_normalized,evidence_quote,extraction_method,parser_version
Marriott International,1048286,D01,https://www.sec.gov/Archives/edgar/data/1048286/000104828626000007/mar-20251231.htm,evidence/request_attempts/c3/c372495ac4ad3e62399040675f490315db137e17cd9a9a4a8c10cb1d09312547/mar-20251231.htm,c372495ac4ad3e62399040675f490315db137e17cd9a9a4a8c10cb1d09312547,0001048286-26-000007,mar-20251231.htm,Item 1A,ITEM_1A:bytes:423629-423659:sha256:dcc3056d8bd47ca0ebe0573e8c74d4af134e3a55c90542427c802d00853635a8,text,2025-01-01,2025-12-31,Risks Relating to Our Industry,Risks Relating to Our Industry,Risks Relating to Our Industry,verbatim_source_excerpt,TEXT_V1
Marriott International,1048286,D01,https://www.sec.gov/Archives/edgar/data/1048286/000104828626000007/mar-20251231.htm,evidence/request_attempts/c3/c372495ac4ad3e62399040675f490315db137e17cd9a9a4a8c10cb1d09312547/mar-20251231.htm,c372495ac4ad3e62399040675f490315db137e17cd9a9a4a8c10cb1d09312547,0001048286-26-000007,mar-20251231.htm,Item 1A,ITEM_1A:bytes:423849-423948:sha256:17bbcc68ea906a630b7416e1ee5f27bffba384a68925daf8dea26c8ff847a1b4,text,2025-01-01,2025-12-31,"Our industry is highly competitive, which may impact our ability to compete successfully for guests","Our industry is highly competitive, which may impact our ability to compete successfully for guests","Our industry is highly competitive, which may impact our ability to compete successfully for guests",verbatim_source_excerpt,TEXT_V1
Marriott International,1048286,D01,https://www.sec.gov/Archives/edgar/data/1048286/000104828626000007/mar-20251231.htm,evidence/request_attempts/c3/c372495ac4ad3e62399040675f490315db137e17cd9a9a4a8c10cb1d09312547/mar-20251231.htm,c372495ac4ad3e62399040675f490315db137e17cd9a9a4a8c10cb1d09312547,0001048286-26-000007,mar-20251231.htm,Item 1A,ITEM_1A:bytes:425580-425788:sha256:08d66c616c0cd0aaaa610bfef9a31357cc8bd78d5c03122ef5e11f6f6c4e01fe,text,2025-01-01,2025-12-31,"Economic and other global, national, and regional conditions and events have in the past materially impacted, and could in the future materially impact, our business, operations, financial results, and growth","Economic and other global, national, and regional conditions and events have in the past materially impacted, and could in the future materially impact, our business, operations, financial results, and growth","Economic and other global, national, and regional conditions and events have in the past materially impacted, and could in the future materially impact, our business, operations, financial results, and growth",verbatim_source_excerpt,TEXT_V1
Marriott International,1048286,D01,https://www.sec.gov/Archives/edgar/data/1048286/000104828626000007/mar-20251231.htm,evidence/request_attempts/c3/c372495ac4ad3e62399040675f490315db137e17cd9a9a4a8c10cb1d09312547/mar-20251231.htm,c372495ac4ad3e62399040675f490315db137e17cd9a9a4a8c10cb1d09312547,0001048286-26-000007,mar-20251231.htm,Item 1A,ITEM_1A:bytes:432587-432617:sha256:0054f721713a7a57f1acfe6e4c99a81823dcd87f6e736cc713085c1475108d58,text,2025-01-01,2025-12-31,Risks Relating to Our Business,Risks Relating to Our Business,Risks Relating to Our Business,verbatim_source_excerpt,TEXT_V1
Marriott International,1048286,D01,https://www.sec.gov/Archives/edgar/data/1048286/000104828626000007/mar-20251231.htm,evidence/request_attempts/c3/c372495ac4ad3e62399040675f490315db137e17cd9a9a4a8c10cb1d09312547/mar-20251231.htm,c372495ac4ad3e62399040675f490315db137e17cd9a9a4a8c10cb1d09312547,0001048286-26-000007,mar-20251231.htm,Item 1A,ITEM_1A:bytes:433022-433127:sha256:3edee5180b9f193e59ed9704a3283f9e5a5d36cd3449ac7ce9c6b58e12d119a2,text,2025-01-01,2025-12-31,Premature termination of our agreements with hotel owners could materially hurt our financial performance,Premature termination of our agreements with hotel owners could materially hurt our financial performance,Premature termination of our agreements with hotel owners could materially hurt our financial performance,verbatim_source_excerpt,TEXT_V1
Marriott International,1048286,D01,https://www.sec.gov/Archives/edgar/data/1048286/000104828626000007/mar-20251231.htm,evidence/request_attempts/c3/c372495ac4ad3e62399040675f490315db137e17cd9a9a4a8c10cb1d09312547/mar-20251231.htm,c372495ac4ad3e62399040675f490315db137e17cd9a9a4a8c10cb1d09312547,0001048286-26-000007,mar-20251231.htm,Item 1A,ITEM_1A:bytes:436048-436185:sha256:d51635e1427d34928d23d817f24813f2faff745539b66b74d46d43029f8913b8,text,2025-01-01,2025-12-31,"Disagreements with hotel owners and other counterparties could materially impact our business, operations, financial results, and growth.","Disagreements with hotel owners and other counterparties could materially impact our business, operations, financial results, and growth.","Disagreements with hotel owners and other counterparties could materially impact our business, operations, financial results, and growth.",verbatim_source_excerpt,TEXT_V1
Marriott International,1048286,D01,https://www.sec.gov/Archives/edgar/data/1048286/000104828626000007/mar-20251231.htm,evidence/request_attempts/c3/c372495ac4ad3e62399040675f490315db137e17cd9a9a4a8c10cb1d09312547/mar-20251231.htm,c372495ac4ad3e62399040675f490315db137e17cd9a9a4a8c10cb1d09312547,0001048286-26-000007,mar-20251231.htm,Item 1A,ITEM_1A:bytes:437537-437614:sha256:2466b81260e65502c909d702f83ec5a867631832561e85489608e6496db5846d,text,2025-01-01,2025-12-31,Changes in the way hotel rooms are booked could adversely impact our business,Changes in the way hotel rooms are booked could adversely impact our business,Changes in the way hotel rooms are booked could adversely impact our business,verbatim_source_excerpt,TEXT_V1
Marriott International,1048286,D01,https://www.sec.gov/Archives/edgar/data/1048286/000104828626000007/mar-20251231.htm,evidence/request_attempts/c3/c372495ac4ad3e62399040675f490315db137e17cd9a9a4a8c10cb1d09312547/mar-20251231.htm,c372495ac4ad3e62399040675f490315db137e17cd9a9a4a8c10cb1d09312547,0001048286-26-000007,mar-20251231.htm,Item 1A,ITEM_1A:bytes:440132-440333:sha256:690f3e34cec6863c64e5eb6ada1dd481ca3831ee70274044f91da3c5b01705d9,text,2025-01-01,2025-12-31,"Our growth strategy depends upon attracting hotel owners to our platform, and future arrangements with these third parties may be less favorable to us, depending on the terms offered by our competitors","Our growth strategy depends upon attracting hotel owners to our platform, and future arrangements with these third parties may be less favorable to us, depending on the terms offered by our competitors","Our growth strategy depends upon attracting hotel owners to our platform, and future arrangements with these third parties may be less favorable to us, depending on the terms offered by our competitors",verbatim_source_excerpt,TEXT_V1
Marriott International,1048286,D01,https://www.sec.gov/Archives/edgar/data/1048286/000104828626000007/mar-20251231.htm,evidence/request_attempts/c3/c372495ac4ad3e62399040675f490315db137e17cd9a9a4a8c10cb1d09312547/mar-20251231.htm,c372495ac4ad3e62399040675f490315db137e17cd9a9a4a8c10cb1d09312547,0001048286-26-000007,mar-20251231.htm,Item 1A,ITEM_1A:bytes:441469-441700:sha256:f05f97815828f911bc5ecb12eff634fa16deb607a0326bdd0b6b4eae7f6f7c83,text,2025-01-01,2025-12-31,"The effects of, or our failure to comply with, applicable laws, regulations, and government policies may disrupt our business, lower our revenues, increase our costs, reduce our profits, limit our growth, or damage our reputation.","The effects of, or our failure to comply with, applicable laws, regulations, and government policies may disrupt our business, lower our revenues, increase our costs, reduce our profits, limit our growth, or damage our reputation.","The effects of, or our failure to comply with, applicable laws, regulations, and government policies may disrupt our business, lower our revenues, increase our costs, reduce our profits, limit our growth, or damage our reputation.",verbatim_source_excerpt,TEXT_V1
Marriott International,1048286,D01,https://www.sec.gov/Archives/edgar/data/1048286/000104828626000007/mar-20251231.htm,evidence/request_attempts/c3/c372495ac4ad3e62399040675f490315db137e17cd9a9a4a8c10cb1d09312547/mar-20251231.htm,c372495ac4ad3e62399040675f490315db137e17cd9a9a4a8c10cb1d09312547,0001048286-26-000007,mar-20251231.htm,Item 1A,ITEM_1A:bytes:445128-445435:sha256:3135a037e4ed899f8f169b63d577f93b1514ef7cdea5cbe7d156cdc150d441af,text,2025-01-01,2025-12-31,Third-party claims that we infringe the intellectual property rights of others or our failure to defend our own intellectual property rights could materially adversely affect our business.,Third-party claims that we infringe the intellectual property rights of others or our failure to defend our own intellectual property rights could materially adversely affect our business.,Third-party claims that we infringe the intellectual property rights of others or our failure to defend our own intellectual property rights could materially adversely affect our business.,verbatim_source_excerpt,TEXT_V1
Marriott International,1048286,D01,https://www.sec.gov/Archives/edgar/data/1048286/000104828626000007/mar-20251231.htm,evidence/request_attempts/c3/c372495ac4ad3e62399040675f490315db137e17cd9a9a4a8c10cb1d09312547/mar-20251231.htm,c372495ac4ad3e62399040675f490315db137e17cd9a9a4a8c10cb1d09312547,0001048286-26-000007,mar-20251231.htm,Item 1A,ITEM_1A:bytes:449363-449503:sha256:1bb3c6ecfafed69da817211eb8b6b407fffaa6ba90fc43b243eb6da02e206837,text,2025-01-01,2025-12-31,"If our brands, goodwill, or other intangible assets become impaired, we may be required to record significant non-cash charges to earnings.","If our brands, goodwill, or other intangible assets become impaired, we may be required to record significant non-cash charges to earnings.","If our brands, goodwill, or other intangible assets become impaired, we may be required to record significant non-cash charges to earnings.",verbatim_source_excerpt,TEXT_V1
Marriott International,1048286,D01,https://www.sec.gov/Archives/edgar/data/1048286/000104828626000007/mar-20251231.htm,evidence/request_attempts/c3/c372495ac4ad3e62399040675f490315db137e17cd9a9a4a8c10cb1d09312547/mar-20251231.htm,c372495ac4ad3e62399040675f490315db137e17cd9a9a4a8c10cb1d09312547,0001048286-26-000007,mar-20251231.htm,Item 1A,ITEM_1A:bytes:450738-450950:sha256:87b7027586769a7a43bf0009bc22cb967e1ddce372c4ac28be4ba8fb2a98bea6,text,2025-01-01,2025-12-31,"Our business depends on the quality and reputation of our Company and our brands, and any deterioration could adversely impact our market share, reputation, business, financial condition, or results of operations","Our business depends on the quality and reputation of our Company and our brands, and any deterioration could adversely impact our market share, reputation, business, financial condition, or results of operations","Our business depends on the quality and reputation of our Company and our brands, and any deterioration could adversely impact our market share, reputation, business, financial condition, or results of operations",verbatim_source_excerpt,TEXT_V1
Marriott International,1048286,D01,https://www.sec.gov/Archives/edgar/data/1048286/000104828626000007/mar-20251231.htm,evidence/request_attempts/c3/c372495ac4ad3e62399040675f490315db137e17cd9a9a4a8c10cb1d09312547/mar-20251231.htm,c372495ac4ad3e62399040675f490315db137e17cd9a9a4a8c10cb1d09312547,0001048286-26-000007,mar-20251231.htm,Item 1A,ITEM_1A:bytes:453294-453390:sha256:cf563fcab18bc95087d59d7d1806fd049889b4524b629e5df6cce25fe001359e,text,2025-01-01,2025-12-31,Actions by our hotel owners or others could materially adversely affect our image and reputation,Actions by our hotel owners or others could materially adversely affect our image and reputation,Actions by our hotel owners or others could materially adversely affect our image and reputation,verbatim_source_excerpt,TEXT_V1
Marriott International,1048286,D01,https://www.sec.gov/Archives/edgar/data/1048286/000104828626000007/mar-20251231.htm,evidence/request_attempts/c3/c372495ac4ad3e62399040675f490315db137e17cd9a9a4a8c10cb1d09312547/mar-20251231.htm,c372495ac4ad3e62399040675f490315db137e17cd9a9a4a8c10cb1d09312547,0001048286-26-000007,mar-20251231.htm,Item 1A,ITEM_1A:bytes:456568-456770:sha256:6026f85ce052edca8e43b0547bebd1c7bab9ca4c687b1c7e3e93f418438049de,text,2025-01-01,2025-12-31,"Collective bargaining activity and strikes could materially disrupt hotel operations, increase labor costs, and interfere with the ability of our management to focus on executing our business strategies","Collective bargaining activity and strikes could materially disrupt hotel operations, increase labor costs, and interfere with the ability of our management to focus on executing our business strategies","Collective bargaining activity and strikes could materially disrupt hotel operations, increase labor costs, and interfere with the ability of our management to focus on executing our business strategies",verbatim_source_excerpt,TEXT_V1
Marriott International,1048286,D01,https://www.sec.gov/Archives/edgar/data/1048286/000104828626000007/mar-20251231.htm,evidence/request_attempts/c3/c372495ac4ad3e62399040675f490315db137e17cd9a9a4a8c10cb1d09312547/mar-20251231.htm,c372495ac4ad3e62399040675f490315db137e17cd9a9a4a8c10cb1d09312547,0001048286-26-000007,mar-20251231.htm,Item 1A,ITEM_1A:bytes:459475-459641:sha256:62d4b186ac3e8de130e0bf2b858c69b961f781bfadd06e5851b8662bf3c6c99b,text,2025-01-01,2025-12-31,Our business could suffer if we or the hotels in our system cannot attract and retain associates or as the result of the loss of the services of our senior executives,Our business could suffer if we or the hotels in our system cannot attract and retain associates or as the result of the loss of the services of our senior executives,Our business could suffer if we or the hotels in our system cannot attract and retain associates or as the result of the loss of the services of our senior executives,verbatim_source_excerpt,TEXT_V1
Marriott International,1048286,D01,https://www.sec.gov/Archives/edgar/data/1048286/000104828626000007/mar-20251231.htm,evidence/request_attempts/c3/c372495ac4ad3e62399040675f490315db137e17cd9a9a4a8c10cb1d09312547/mar-20251231.htm,c372495ac4ad3e62399040675f490315db137e17cd9a9a4a8c10cb1d09312547,0001048286-26-000007,mar-20251231.htm,Item 1A,ITEM_1A:bytes:461357-461701:sha256:0de8b8501fd0e1ea48fc85c8a6588a3bf0e9292d79dc27ecc6900a1b0a91ceef,text,2025-01-01,2025-12-31,"Extreme weather, natural disasters, climate change, and sustainability-related concerns have impacted our business in the past and could in the future have a material adverse effect on our business and results of operations.","Extreme weather, natural disasters, climate change, and sustainability-related concerns have impacted our business in the past and could in the future have a material adverse effect on our business and results of operations.","Extreme weather, natural disasters, climate change, and sustainability-related concerns have impacted our business in the past and could in the future have a material adverse effect on our business and results of operations.",verbatim_source_excerpt,TEXT_V1
Marriott International,1048286,D01,https://www.sec.gov/Archives/edgar/data/1048286/000104828626000007/mar-20251231.htm,evidence/request_attempts/c3/c372495ac4ad3e62399040675f490315db137e17cd9a9a4a8c10cb1d09312547/mar-20251231.htm,c372495ac4ad3e62399040675f490315db137e17cd9a9a4a8c10cb1d09312547,0001048286-26-000007,mar-20251231.htm,Item 1A,ITEM_1A:bytes:465071-465227:sha256:c26628f73980544ff83b14f29b179c4001ba747fb1a7321a72958837138a6b24,text,2025-01-01,2025-12-31,"Insurance may not cover damage to, or losses involving, hotels in our system or other aspects of our business, and the cost of such insurance could increase","Insurance may not cover damage to, or losses involving, hotels in our system or other aspects of our business, and the cost of such insurance could increase","Insurance may not cover damage to, or losses involving, hotels in our system or other aspects of our business, and the cost of such insurance could increase",verbatim_source_excerpt,TEXT_V1
Marriott International,1048286,D01,https://www.sec.gov/Archives/edgar/data/1048286/000104828626000007/mar-20251231.htm,evidence/request_attempts/c3/c372495ac4ad3e62399040675f490315db137e17cd9a9a4a8c10cb1d09312547/mar-20251231.htm,c372495ac4ad3e62399040675f490315db137e17cd9a9a4a8c10cb1d09312547,0001048286-26-000007,mar-20251231.htm,Item 1A,ITEM_1A:bytes:467223-467399:sha256:6b383bd4e7447ac19635108b9e409e9cb4cb1d535e4c3e40582a6f56bba916eb,text,2025-01-01,2025-12-31,"Our Loyalty Program plays a significant role in our business, and unfavorable developments affecting the program could adversely affect our business and results of operations.","Our Loyalty Program plays a significant role in our business, and unfavorable developments affecting the program could adversely affect our business and results of operations.","Our Loyalty Program plays a significant role in our business, and unfavorable developments affecting the program could adversely affect our business and results of operations.",verbatim_source_excerpt,TEXT_V1
Marriott International,1048286,D01,https://www.sec.gov/Archives/edgar/data/1048286/000104828626000007/mar-20251231.htm,evidence/request_attempts/c3/c372495ac4ad3e62399040675f490315db137e17cd9a9a4a8c10cb1d09312547/mar-20251231.htm,c372495ac4ad3e62399040675f490315db137e17cd9a9a4a8c10cb1d09312547,0001048286-26-000007,mar-20251231.htm,Item 1A,ITEM_1A:bytes:469054-469174:sha256:4629bcc85d877abda6c69fea4f5ce31beca225cdcc5cfca80903e8965c9392d7,text,2025-01-01,2025-12-31,Exchange rate fluctuations could result in significant foreign currency gains and losses and affect our business results,Exchange rate fluctuations could result in significant foreign currency gains and losses and affect our business results,Exchange rate fluctuations could result in significant foreign currency gains and losses and affect our business results,verbatim_source_excerpt,TEXT_V1
Marriott International,1048286,D01,https://www.sec.gov/Archives/edgar/data/1048286/000104828626000007/mar-20251231.htm,evidence/request_attempts/c3/c372495ac4ad3e62399040675f490315db137e17cd9a9a4a8c10cb1d09312547/mar-20251231.htm,c372495ac4ad3e62399040675f490315db137e17cd9a9a4a8c10cb1d09312547,0001048286-26-000007,mar-20251231.htm,Item 1A,ITEM_1A:bytes:471042-471169:sha256:d86237f960bc334c48fc5a68f73eb13acb9b270ba7b4134db21bb343f82252d3,text,2025-01-01,2025-12-31,"Our hotel owners depend on capital to buy, develop, and improve hotels, and they may be unable to access capital when necessary","Our hotel owners depend on capital to buy, develop, and improve hotels, and they may be unable to access capital when necessary","Our hotel owners depend on capital to buy, develop, and improve hotels, and they may be unable to access capital when necessary",verbatim_source_excerpt,TEXT_V1
Marriott International,1048286,D01,https://www.sec.gov/Archives/edgar/data/1048286/000104828626000007/mar-20251231.htm,evidence/request_attempts/c3/c372495ac4ad3e62399040675f490315db137e17cd9a9a4a8c10cb1d09312547/mar-20251231.htm,c372495ac4ad3e62399040675f490315db137e17cd9a9a4a8c10cb1d09312547,0001048286-26-000007,mar-20251231.htm,Item 1A,ITEM_1A:bytes:471982-472085:sha256:8f7b681dc18966253778d3ef131d4345d82833026b5f7c9717af4bf9233d297d,text,2025-01-01,2025-12-31,Our ability to grow our system is subject to the range of risks associated with real estate investments,Our ability to grow our system is subject to the range of risks associated with real estate investments,Our ability to grow our system is subject to the range of risks associated with real estate investments,verbatim_source_excerpt,TEXT_V1
Marriott International,1048286,D01,https://www.sec.gov/Archives/edgar/data/1048286/000104828626000007/mar-20251231.htm,evidence/request_attempts/c3/c372495ac4ad3e62399040675f490315db137e17cd9a9a4a8c10cb1d09312547/mar-20251231.htm,c372495ac4ad3e62399040675f490315db137e17cd9a9a4a8c10cb1d09312547,0001048286-26-000007,mar-20251231.htm,Item 1A,ITEM_1A:bytes:474331-474414:sha256:223b5ff0b914f41786a6d695b3a4c036ae35026b5a3ef1991e669ce029e20c12,text,2025-01-01,2025-12-31,Our owned properties and other real estate investments subject us to numerous risks,Our owned properties and other real estate investments subject us to numerous risks,Our owned properties and other real estate investments subject us to numerous risks,verbatim_source_excerpt,TEXT_V1
Marriott International,1048286,D01,https://www.sec.gov/Archives/edgar/data/1048286/000104828626000007/mar-20251231.htm,evidence/request_attempts/c3/c372495ac4ad3e62399040675f490315db137e17cd9a9a4a8c10cb1d09312547/mar-20251231.htm,c372495ac4ad3e62399040675f490315db137e17cd9a9a4a8c10cb1d09312547,0001048286-26-000007,mar-20251231.htm,Item 1A,ITEM_1A:bytes:476150-476290:sha256:d0cbbb14748a69a32c2458b1eab7e7edbb21e73de603d75ffe78ea1756d94f44,text,2025-01-01,2025-12-31,Risks associated with development and sale of residential properties associated with our lodging properties or brands may reduce our profits,Risks associated with development and sale of residential properties associated with our lodging properties or brands may reduce our profits,Risks associated with development and sale of residential properties associated with our lodging properties or brands may reduce our profits,verbatim_source_excerpt,TEXT_V1
Marriott International,1048286,D01,https://www.sec.gov/Archives/edgar/data/1048286/000104828626000007/mar-20251231.htm,evidence/request_attempts/c3/c372495ac4ad3e62399040675f490315db137e17cd9a9a4a8c10cb1d09312547/mar-20251231.htm,c372495ac4ad3e62399040675f490315db137e17cd9a9a4a8c10cb1d09312547,0001048286-26-000007,mar-20251231.htm,Item 1A,ITEM_1A:bytes:477385-477522:sha256:874479f21ce6749b6af09866b47d54360c4442e46ba5251d51ee179a16eb4619,text,2025-01-01,2025-12-31,"More hotel projects in our development pipeline may be cancelled or delayed in opening, which could adversely affect our growth prospects","More hotel projects in our development pipeline may be cancelled or delayed in opening, which could adversely affect our growth prospects","More hotel projects in our development pipeline may be cancelled or delayed in opening, which could adversely affect our growth prospects",verbatim_source_excerpt,TEXT_V1
Marriott International,1048286,D01,https://www.sec.gov/Archives/edgar/data/1048286/000104828626000007/mar-20251231.htm,evidence/request_attempts/c3/c372495ac4ad3e62399040675f490315db137e17cd9a9a4a8c10cb1d09312547/mar-20251231.htm,c372495ac4ad3e62399040675f490315db137e17cd9a9a4a8c10cb1d09312547,0001048286-26-000007,mar-20251231.htm,Item 1A,ITEM_1A:bytes:478658-478741:sha256:4ad3d137e5d5e1a0d5c967bef5e02ffcfa171cba091814a21e5fa133602c8290,text,2025-01-01,2025-12-31,Losses on loans or guarantees that we have made to third parties impact our profits,Losses on loans or guarantees that we have made to third parties impact our profits,Losses on loans or guarantees that we have made to third parties impact our profits,verbatim_source_excerpt,TEXT_V1
Marriott International,1048286,D01,https://www.sec.gov/Archives/edgar/data/1048286/000104828626000007/mar-20251231.htm,evidence/request_attempts/c3/c372495ac4ad3e62399040675f490315db137e17cd9a9a4a8c10cb1d09312547/mar-20251231.htm,c372495ac4ad3e62399040675f490315db137e17cd9a9a4a8c10cb1d09312547,0001048286-26-000007,mar-20251231.htm,Item 1A,ITEM_1A:bytes:479417-479675:sha256:e6f4d230a0ffca5f902b164f521162c60c908824234d8d9ea071d1c81d3b7c82,text,2025-01-01,2025-12-31,"If hotel owners cannot repay or refinance mortgage loans secured by their properties, default under property leases, or experience other financial difficulties, our revenues and profits could materially decrease and our business could be significantly harmed","If hotel owners cannot repay or refinance mortgage loans secured by their properties, default under property leases, or experience other financial difficulties, our revenues and profits could materially decrease and our business could be significantly harmed","If hotel owners cannot repay or refinance mortgage loans secured by their properties, default under property leases, or experience other financial difficulties, our revenues and profits could materially decrease and our business could be significantly harmed",verbatim_source_excerpt,TEXT_V1
Marriott International,1048286,D01,https://www.sec.gov/Archives/edgar/data/1048286/000104828626000007/mar-20251231.htm,evidence/request_attempts/c3/c372495ac4ad3e62399040675f490315db137e17cd9a9a4a8c10cb1d09312547/mar-20251231.htm,c372495ac4ad3e62399040675f490315db137e17cd9a9a4a8c10cb1d09312547,0001048286-26-000007,mar-20251231.htm,Item 1A,ITEM_1A:bytes:481396-481573:sha256:a733e9b0b7d65654c7493f61db5f3ab09d19c1e64fa18e63e34e7d557d1d73d2,text,2025-01-01,2025-12-31,"Disruption in the functioning of our reservation, Loyalty Program, or other core operational systems, or our use of certain new technologies, could adversely affect our business","Disruption in the functioning of our reservation, Loyalty Program, or other core operational systems, or our use of certain new technologies, could adversely affect our business","Disruption in the functioning of our reservation, Loyalty Program, or other core operational systems, or our use of certain new technologies, could adversely affect our business",verbatim_source_excerpt,TEXT_V1
Marriott International,1048286,D01,https://www.sec.gov/Archives/edgar/data/1048286/000104828626000007/mar-20251231.htm,evidence/request_attempts/c3/c372495ac4ad3e62399040675f490315db137e17cd9a9a4a8c10cb1d09312547/mar-20251231.htm,c372495ac4ad3e62399040675f490315db137e17cd9a9a4a8c10cb1d09312547,0001048286-26-000007,mar-20251231.htm,Item 1A,ITEM_1A:bytes:485268-485374:sha256:367520b5376cfaecce5dede8652fb918103b54ca19f0af4552726e62345db085,text,2025-01-01,2025-12-31,A failure to keep pace with developments in technology could impair our operations or competitive position,A failure to keep pace with developments in technology could impair our operations or competitive position,A failure to keep pace with developments in technology could impair our operations or competitive position,verbatim_source_excerpt,TEXT_V1
Marriott International,1048286,D01,https://www.sec.gov/Archives/edgar/data/1048286/000104828626000007/mar-20251231.htm,evidence/request_attempts/c3/c372495ac4ad3e62399040675f490315db137e17cd9a9a4a8c10cb1d09312547/mar-20251231.htm,c372495ac4ad3e62399040675f490315db137e17cd9a9a4a8c10cb1d09312547,0001048286-26-000007,mar-20251231.htm,Item 1A,ITEM_1A:bytes:487191-487286:sha256:96da2058f8067086a31c052ad983cdce978610ddbdbf9d6e4703414bbd41263c,text,2025-01-01,2025-12-31,We are exposed to risks and costs associated with protecting the integrity and security of data,We are exposed to risks and costs associated with protecting the integrity and security of data,We are exposed to risks and costs associated with protecting the integrity and security of data,verbatim_source_excerpt,TEXT_V1
Marriott International,1048286,D01,https://www.sec.gov/Archives/edgar/data/1048286/000104828626000007/mar-20251231.htm,evidence/request_attempts/c3/c372495ac4ad3e62399040675f490315db137e17cd9a9a4a8c10cb1d09312547/mar-20251231.htm,c372495ac4ad3e62399040675f490315db137e17cd9a9a4a8c10cb1d09312547,0001048286-26-000007,mar-20251231.htm,Item 1A,ITEM_1A:bytes:489540-489661:sha256:a55eff13733dcbef2b2898a5a251196af86ad2a7e8ea226f1c4cb857117fddd8,text,2025-01-01,2025-12-31,"The Data Security Incident, and other information security incidents, could have numerous adverse effects on our business","The Data Security Incident, and other information security incidents, could have numerous adverse effects on our business","The Data Security Incident, and other information security incidents, could have numerous adverse effects on our business",verbatim_source_excerpt,TEXT_V1
Marriott International,1048286,D01,https://www.sec.gov/Archives/edgar/data/1048286/000104828626000007/mar-20251231.htm,evidence/request_attempts/c3/c372495ac4ad3e62399040675f490315db137e17cd9a9a4a8c10cb1d09312547/mar-20251231.htm,c372495ac4ad3e62399040675f490315db137e17cd9a9a4a8c10cb1d09312547,0001048286-26-000007,mar-20251231.htm,Item 1A,ITEM_1A:bytes:493537-493615:sha256:e8fcf3db508461602f51192632904f8897a23b2defb3ae8ada159698b7d1ca52,text,2025-01-01,2025-12-31,Additional cybersecurity incidents could have adverse effects on our business.,Additional cybersecurity incidents could have adverse effects on our business.,Additional cybersecurity incidents could have adverse effects on our business.,verbatim_source_excerpt,TEXT_V1
Marriott International,1048286,D01,https://www.sec.gov/Archives/edgar/data/1048286/000104828626000007/mar-20251231.htm,evidence/request_attempts/c3/c372495ac4ad3e62399040675f490315db137e17cd9a9a4a8c10cb1d09312547/mar-20251231.htm,c372495ac4ad3e62399040675f490315db137e17cd9a9a4a8c10cb1d09312547,0001048286-26-000007,mar-20251231.htm,Item 1A,ITEM_1A:bytes:499258-499518:sha256:1f6683cca9c285315955e76e1fc6215341d2902cb78bf4660975ee39b6730bbb,text,2025-01-01,2025-12-31,Changes in privacy and data security laws could increase our operating costs and increase our exposure to payment obligations and litigation.,Changes in privacy and data security laws could increase our operating costs and increase our exposure to payment obligations and litigation.,Changes in privacy and data security laws could increase our operating costs and increase our exposure to payment obligations and litigation.,verbatim_source_excerpt,TEXT_V1
Marriott International,1048286,D01,https://www.sec.gov/Archives/edgar/data/1048286/000104828626000007/mar-20251231.htm,evidence/request_attempts/c3/c372495ac4ad3e62399040675f490315db137e17cd9a9a4a8c10cb1d09312547/mar-20251231.htm,c372495ac4ad3e62399040675f490315db137e17cd9a9a4a8c10cb1d09312547,0001048286-26-000007,mar-20251231.htm,Item 1A,ITEM_1A:bytes:502930-503095:sha256:e5383fc645a9d7abc426876f18a4110dd148d6c7c08db2b80fffb090b52aded1,text,2025-01-01,2025-12-31,"Delaware law and our governing corporate documents contain, and our Board of Directors could implement, anti-takeover provisions that could deter takeover attempts.","Delaware law and our governing corporate documents contain, and our Board of Directors could implement, anti-takeover provisions that could deter takeover attempts.","Delaware law and our governing corporate documents contain, and our Board of Directors could implement, anti-takeover provisions that could deter takeover attempts.",verbatim_source_excerpt,TEXT_V1
Marriott International,1048286,D01,https://www.sec.gov/Archives/edgar/data/1048286/000104828626000007/mar-20251231.htm,evidence/request_attempts/c3/c372495ac4ad3e62399040675f490315db137e17cd9a9a4a8c10cb1d09312547/mar-20251231.htm,c372495ac4ad3e62399040675f490315db137e17cd9a9a4a8c10cb1d09312547,0001048286-26-000007,mar-20251231.htm,Item 1A,ITEM_1A:bytes:503973-504107:sha256:897b610adca09f1e746415592bdcc978d084574970066278b9add7f4cf3538c9,text,2025-01-01,2025-12-31,"Changes in tax law, interpretations of existing tax law, or agreements or disputes with tax authorities could increase our tax costs.","Changes in tax law, interpretations of existing tax law, or agreements or disputes with tax authorities could increase our tax costs.","Changes in tax law, interpretations of existing tax law, or agreements or disputes with tax authorities could increase our tax costs.",verbatim_source_excerpt,TEXT_V1
Southwest Airlines,92380,D01,https://www.sec.gov/Archives/edgar/data/92380/000009238026000004/luv-20251231.htm,evidence/request_attempts/4f/4f68704859e453f23880f5c8866342df7efde9d4670e91633712feeef8f7155e/luv-20251231.htm,4f68704859e453f23880f5c8866342df7efde9d4670e91633712feeef8f7155e,0000092380-26-000004,luv-20251231.htm,Item 1A,ITEM_1A:bytes:486888-486903:sha256:5e93e8a1d232e815c93a6f9abffff7e8d5442ec9545f237c3651ea28ca94d5c3,text,2025-01-01,2025-12-31,Financial Risks,Financial Risks,Financial Risks,verbatim_source_excerpt,TEXT_V1
Southwest Airlines,92380,D01,https://www.sec.gov/Archives/edgar/data/92380/000009238026000004/luv-20251231.htm,evidence/request_attempts/4f/4f68704859e453f23880f5c8866342df7efde9d4670e91633712feeef8f7155e/luv-20251231.htm,4f68704859e453f23880f5c8866342df7efde9d4670e91633712feeef8f7155e,0000092380-26-000004,luv-20251231.htm,Item 1A,ITEM_1A:bytes:491156-491173:sha256:6283b349df9ccf3d130afc8b6176585ab28a995d5de4a49990c0662acabd2c2e,text,2025-01-01,2025-12-31,Operational Risks,Operational Risks,Operational Risks,verbatim_source_excerpt,TEXT_V1
Southwest Airlines,92380,D01,https://www.sec.gov/Archives/edgar/data/92380/000009238026000004/luv-20251231.htm,evidence/request_attempts/4f/4f68704859e453f23880f5c8866342df7efde9d4670e91633712feeef8f7155e/luv-20251231.htm,4f68704859e453f23880f5c8866342df7efde9d4670e91633712feeef8f7155e,0000092380-26-000004,luv-20251231.htm,Item 1A,ITEM_1A:bytes:496950-497011:sha256:c4fa83000674a5e509696b1c666d3ac564d529622bc2dd4983ff56eaabb3bc8f,text,2025-01-01,2025-12-31,"Information Technology, Cybersecurity, and Data Privacy Risks","Information Technology, Cybersecurity, and Data Privacy Risks","Information Technology, Cybersecurity, and Data Privacy Risks",verbatim_source_excerpt,TEXT_V1
Southwest Airlines,92380,D01,https://www.sec.gov/Archives/edgar/data/92380/000009238026000004/luv-20251231.htm,evidence/request_attempts/4f/4f68704859e453f23880f5c8866342df7efde9d4670e91633712feeef8f7155e/luv-20251231.htm,4f68704859e453f23880f5c8866342df7efde9d4670e91633712feeef8f7155e,0000092380-26-000004,luv-20251231.htm,Item 1A,ITEM_1A:bytes:499162-499215:sha256:2296c2c0342d7d0313e0353777a1edf6fcf6dadb98b5f6b996bd765e9ccd5d92,text,2025-01-01,2025-12-31,"Legal, Regulatory, Compliance, and Reputational Risks","Legal, Regulatory, Compliance, and Reputational Risks","Legal, Regulatory, Compliance, and Reputational Risks",verbatim_source_excerpt,TEXT_V1
Southwest Airlines,92380,D01,https://www.sec.gov/Archives/edgar/data/92380/000009238026000004/luv-20251231.htm,evidence/request_attempts/4f/4f68704859e453f23880f5c8866342df7efde9d4670e91633712feeef8f7155e/luv-20251231.htm,4f68704859e453f23880f5c8866342df7efde9d4670e91633712feeef8f7155e,0000092380-26-000004,luv-20251231.htm,Item 1A,ITEM_1A:bytes:507135-507458:sha256:4d9766e9f0c6699c585bf7a7f18fc023160ce25e750541bcdf3280fa7c08921c,text,2025-01-01,2025-12-31,"The airline industry is particularly sensitive to changes in economic conditions; in the event of continued or future unfavorable economic conditions or economic uncertainty, the Company's results of operations could be further negatively affected, which could require the Company to further adjust its business strategies.","The airline industry is particularly sensitive to changes in economic conditions; in the event of continued or future unfavorable economic conditions or economic uncertainty, the Company's results of operations could be further negatively affected, which could require the Company to further adjust its business strategies.","The airline industry is particularly sensitive to changes in economic conditions; in the event of continued or future unfavorable economic conditions or economic uncertainty, the Company's results of operations could be further negatively affected, which could require the Company to further adjust its business strategies.",verbatim_source_excerpt,TEXT_V1
Southwest Airlines,92380,D01,https://www.sec.gov/Archives/edgar/data/92380/000009238026000004/luv-20251231.htm,evidence/request_attempts/4f/4f68704859e453f23880f5c8866342df7efde9d4670e91633712feeef8f7155e/luv-20251231.htm,4f68704859e453f23880f5c8866342df7efde9d4670e91633712feeef8f7155e,0000092380-26-000004,luv-20251231.htm,Item 1A,ITEM_1A:bytes:510813-511198:sha256:8cb7f03e59f0d3f94c48d8a5ce0cc2cacc84acddd1982bf0aa658c740e26e7ed,text,2025-01-01,2025-12-31,"The Company's business can be significantly affected by the availability of jet fuel, fuel prices, and volatility of fuel prices and the Company's operations are subject to disruption in the event of any delayed supply of fuel; therefore, the Company's strategic plans and future profitability are likely to be affected by fuel availability, price increases, and fuel price volatility.","The Company's business can be significantly affected by the availability of jet fuel, fuel prices, and volatility of fuel prices and the Company's operations are subject to disruption in the event of any delayed supply of fuel; therefore, the Company's strategic plans and future profitability are likely to be affected by fuel availability, price increases, and fuel price volatility.","The Company's business can be significantly affected by the availability of jet fuel, fuel prices, and volatility of fuel prices and the Company's operations are subject to disruption in the event of any delayed supply of fuel; therefore, the Company's strategic plans and future profitability are likely to be affected by fuel availability, price increases, and fuel price volatility.",verbatim_source_excerpt,TEXT_V1
Southwest Airlines,92380,D01,https://www.sec.gov/Archives/edgar/data/92380/000009238026000004/luv-20251231.htm,evidence/request_attempts/4f/4f68704859e453f23880f5c8866342df7efde9d4670e91633712feeef8f7155e/luv-20251231.htm,4f68704859e453f23880f5c8866342df7efde9d4670e91633712feeef8f7155e,0000092380-26-000004,luv-20251231.htm,Item 1A,ITEM_1A:bytes:518151-518372:sha256:a97228a320570d8bb38d4e8565f9341259906a2ff4b475e538a9107224470f8a,text,2025-01-01,2025-12-31,"The Company's low-cost structure has historically been one of its primary competitive advantages, and many factors have adversely affected and could continue to adversely affect the Company's ability to control its costs.","The Company's low-cost structure has historically been one of its primary competitive advantages, and many factors have adversely affected and could continue to adversely affect the Company's ability to control its costs.","The Company's low-cost structure has historically been one of its primary competitive advantages, and many factors have adversely affected and could continue to adversely affect the Company's ability to control its costs.",verbatim_source_excerpt,TEXT_V1
Southwest Airlines,92380,D01,https://www.sec.gov/Archives/edgar/data/92380/000009238026000004/luv-20251231.htm,evidence/request_attempts/4f/4f68704859e453f23880f5c8866342df7efde9d4670e91633712feeef8f7155e/luv-20251231.htm,4f68704859e453f23880f5c8866342df7efde9d4670e91633712feeef8f7155e,0000092380-26-000004,luv-20251231.htm,Item 1A,ITEM_1A:bytes:524667-524807:sha256:83dc35b37185ef891fbf444a2fcccd759feaf13d46505635511e890e81a8852a,text,2025-01-01,2025-12-31,Increases in insurance costs or reductions in insurance coverage may adversely impact the Company’s operations and financial results.,Increases in insurance costs or reductions in insurance coverage may adversely impact the Company’s operations and financial results.,Increases in insurance costs or reductions in insurance coverage may adversely impact the Company’s operations and financial results.,verbatim_source_excerpt,TEXT_V1
Southwest Airlines,92380,D01,https://www.sec.gov/Archives/edgar/data/92380/000009238026000004/luv-20251231.htm,evidence/request_attempts/4f/4f68704859e453f23880f5c8866342df7efde9d4670e91633712feeef8f7155e/luv-20251231.htm,4f68704859e453f23880f5c8866342df7efde9d4670e91633712feeef8f7155e,0000092380-26-000004,luv-20251231.htm,Item 1A,ITEM_1A:bytes:528056-528216:sha256:a97b7472e58a4805201dd3487a781aa0c52f97a66fa3d2933358433b7d1a257e,text,2025-01-01,2025-12-31,"The Company’s business, operating results, and financial condition could be adversely impacted if it is unable to effectively execute its strategic plans.","The Company’s business, operating results, and financial condition could be adversely impacted if it is unable to effectively execute its strategic plans.","The Company’s business, operating results, and financial condition could be adversely impacted if it is unable to effectively execute its strategic plans.",verbatim_source_excerpt,TEXT_V1
Southwest Airlines,92380,D01,https://www.sec.gov/Archives/edgar/data/92380/000009238026000004/luv-20251231.htm,evidence/request_attempts/4f/4f68704859e453f23880f5c8866342df7efde9d4670e91633712feeef8f7155e/luv-20251231.htm,4f68704859e453f23880f5c8866342df7efde9d4670e91633712feeef8f7155e,0000092380-26-000004,luv-20251231.htm,Item 1A,ITEM_1A:bytes:532222-532268:sha256:c18b007e7d135b0b586ef5d8495e5a21f752c6de97d43780925375cdee72eecc,text,2025-01-01,2025-12-31,The airline industry is intensely competitive.,The airline industry is intensely competitive.,The airline industry is intensely competitive.,verbatim_source_excerpt,TEXT_V1
Southwest Airlines,92380,D01,https://www.sec.gov/Archives/edgar/data/92380/000009238026000004/luv-20251231.htm,evidence/request_attempts/4f/4f68704859e453f23880f5c8866342df7efde9d4670e91633712feeef8f7155e/luv-20251231.htm,4f68704859e453f23880f5c8866342df7efde9d4670e91633712feeef8f7155e,0000092380-26-000004,luv-20251231.htm,Item 1A,ITEM_1A:bytes:537608-537985:sha256:5199ced5446ea9fa17fc9d21891b84b9ca3e3d7d30998d4a73e6305157fa7fbf,text,2025-01-01,2025-12-31,"The Company is currently dependent on Boeing as the sole manufacturer of the Company's aircraft. If the MAX aircraft were to become unavailable for the Company's operations, or if the Company were to continue to experience prolonged delivery delays of MAX aircraft, the Company's business plans, strategies, and results of operations could be materially and adversely affected.","The Company is currently dependent on Boeing as the sole manufacturer of the Company's aircraft. If the MAX aircraft were to become unavailable for the Company's operations, or if the Company were to continue to experience prolonged delivery delays of MAX aircraft, the Company's business plans, strategies, and results of operations could be materially and adversely affected.","The Company is currently dependent on Boeing as the sole manufacturer of the Company's aircraft. If the MAX aircraft were to become unavailable for the Company's operations, or if the Company were to continue to experience prolonged delivery delays of MAX aircraft, the Company's business plans, strategies, and results of operations could be materially and adversely affected.",verbatim_source_excerpt,TEXT_V1
Southwest Airlines,92380,D01,https://www.sec.gov/Archives/edgar/data/92380/000009238026000004/luv-20251231.htm,evidence/request_attempts/4f/4f68704859e453f23880f5c8866342df7efde9d4670e91633712feeef8f7155e/luv-20251231.htm,4f68704859e453f23880f5c8866342df7efde9d4670e91633712feeef8f7155e,0000092380-26-000004,luv-20251231.htm,Item 1A,ITEM_1A:bytes:540457-540698:sha256:8fe62cab5b6e1e345029c1b9782725908c42bed25fb9b022184ab4cf27f1eb35,text,2025-01-01,2025-12-31,"The Company may not be able to procure aircraft in the future in a timely manner or on favorable commercial terms, which could limit the Company’s growth or negatively affect the Company’s cost structure and competitive position.","The Company may not be able to procure aircraft in the future in a timely manner or on favorable commercial terms, which could limit the Company’s growth or negatively affect the Company’s cost structure and competitive position.","The Company may not be able to procure aircraft in the future in a timely manner or on favorable commercial terms, which could limit the Company’s growth or negatively affect the Company’s cost structure and competitive position.",verbatim_source_excerpt,TEXT_V1
Southwest Airlines,92380,D01,https://www.sec.gov/Archives/edgar/data/92380/000009238026000004/luv-20251231.htm,evidence/request_attempts/4f/4f68704859e453f23880f5c8866342df7efde9d4670e91633712feeef8f7155e/luv-20251231.htm,4f68704859e453f23880f5c8866342df7efde9d4670e91633712feeef8f7155e,0000092380-26-000004,luv-20251231.htm,Item 1A,ITEM_1A:bytes:543187-543342:sha256:618ac3d84df0cac12ec1cbb9222e7902130f66abe33cfafe91d386f0e5353121,text,2025-01-01,2025-12-31,"Introducing a new aircraft manufacturer or fleet type could impose significant operational complexities, regulatory requirements, and costs on the Company.","Introducing a new aircraft manufacturer or fleet type could impose significant operational complexities, regulatory requirements, and costs on the Company.","Introducing a new aircraft manufacturer or fleet type could impose significant operational complexities, regulatory requirements, and costs on the Company.",verbatim_source_excerpt,TEXT_V1
Southwest Airlines,92380,D01,https://www.sec.gov/Archives/edgar/data/92380/000009238026000004/luv-20251231.htm,evidence/request_attempts/4f/4f68704859e453f23880f5c8866342df7efde9d4670e91633712feeef8f7155e/luv-20251231.htm,4f68704859e453f23880f5c8866342df7efde9d4670e91633712feeef8f7155e,0000092380-26-000004,luv-20251231.htm,Item 1A,ITEM_1A:bytes:545029-545261:sha256:cd196ba56eeea96e4535ae2a4ceede6c19178bb0607e6522db5dbb99ebd030b6,text,2025-01-01,2025-12-31,"The Company's business is labor intensive, with most Employees represented by labor unions; therefore, the Company could be materially adversely affected in the event of conflict with its Employees or its Employees' representatives.","The Company's business is labor intensive, with most Employees represented by labor unions; therefore, the Company could be materially adversely affected in the event of conflict with its Employees or its Employees' representatives.","The Company's business is labor intensive, with most Employees represented by labor unions; therefore, the Company could be materially adversely affected in the event of conflict with its Employees or its Employees' representatives.",verbatim_source_excerpt,TEXT_V1
Southwest Airlines,92380,D01,https://www.sec.gov/Archives/edgar/data/92380/000009238026000004/luv-20251231.htm,evidence/request_attempts/4f/4f68704859e453f23880f5c8866342df7efde9d4670e91633712feeef8f7155e/luv-20251231.htm,4f68704859e453f23880f5c8866342df7efde9d4670e91633712feeef8f7155e,0000092380-26-000004,luv-20251231.htm,Item 1A,ITEM_1A:bytes:547054-547292:sha256:7b9c9b79677f110207526e8d3b3d2586cd85f916b9ce02a06c782ce30f0a381a,text,2025-01-01,2025-12-31,"The Company’s business is labor intensive; therefore, the Company has been, and could in the future be, adversely affected if it were unable to employ and retain appropriate numbers of qualified Employees to maintain its operations.","The Company’s business is labor intensive; therefore, the Company has been, and could in the future be, adversely affected if it were unable to employ and retain appropriate numbers of qualified Employees to maintain its operations.","The Company’s business is labor intensive; therefore, the Company has been, and could in the future be, adversely affected if it were unable to employ and retain appropriate numbers of qualified Employees to maintain its operations.",verbatim_source_excerpt,TEXT_V1
Southwest Airlines,92380,D01,https://www.sec.gov/Archives/edgar/data/92380/000009238026000004/luv-20251231.htm,evidence/request_attempts/4f/4f68704859e453f23880f5c8866342df7efde9d4670e91633712feeef8f7155e/luv-20251231.htm,4f68704859e453f23880f5c8866342df7efde9d4670e91633712feeef8f7155e,0000092380-26-000004,luv-20251231.htm,Item 1A,ITEM_1A:bytes:549730-550430:sha256:7e4f2929d5c977db72e7f08411382645ef9639db33ff7a3fecc0893dc94bc684,text,2025-01-01,2025-12-31,"The Company is currently dependent on a single engine supplier, as well as single suppliers of certain other aircraft parts and equipment; therefore, the Company could be materially adversely affected (i) if it were unable to obtain timely or sufficient delivery of aircraft parts or equipment from Boeing or other suppliers or adequate maintenance or other support from any of these suppliers at commercially reasonable terms, (ii) if Boeing or other suppliers were unable to achieve and/or maintain required regulatory certifications or approvals of their parts or equipment, or (iii) in the event of a mechanical or regulatory issue associated with the Company’s aircraft parts or equipment.","The Company is currently dependent on a single engine supplier, as well as single suppliers of certain other aircraft parts and equipment; therefore, the Company could be materially adversely affected (i) if it were unable to obtain timely or sufficient delivery of aircraft parts or equipment from Boeing or other suppliers or adequate maintenance or other support from any of these suppliers at commercially reasonable terms, (ii) if Boeing or other suppliers were unable to achieve and/or maintain required regulatory certifications or approvals of their parts or equipment, or (iii) in the event of a mechanical or regulatory issue associated with the Company’s aircraft parts or equipment.","The Company is currently dependent on a single engine supplier, as well as single suppliers of certain other aircraft parts and equipment; therefore, the Company could be materially adversely affected (i) if it were unable to obtain timely or sufficient delivery of aircraft parts or equipment from Boeing or other suppliers or adequate maintenance or other support from any of these suppliers at commercially reasonable terms, (ii) if Boeing or other suppliers were unable to achieve and/or maintain required regulatory certifications or approvals of their parts or equipment, or (iii) in the event of a mechanical or regulatory issue associated with the Company’s aircraft parts or equipment.",verbatim_source_excerpt,TEXT_V1
Southwest Airlines,92380,D01,https://www.sec.gov/Archives/edgar/data/92380/000009238026000004/luv-20251231.htm,evidence/request_attempts/4f/4f68704859e453f23880f5c8866342df7efde9d4670e91633712feeef8f7155e/luv-20251231.htm,4f68704859e453f23880f5c8866342df7efde9d4670e91633712feeef8f7155e,0000092380-26-000004,luv-20251231.htm,Item 1A,ITEM_1A:bytes:552751-553036:sha256:ea1ae9c7c33f297fd2ec9bc7aad38f2e28427d7cdb066d4221d6af2b6eb6f5f3,text,2025-01-01,2025-12-31,"The airline industry has faced on-going security concerns and related cost burdens; further threatened or actual terrorist attacks, war, or other hostilities, even if not made directly on the airline industry, could significantly harm the airline industry and the Company's operations.","The airline industry has faced on-going security concerns and related cost burdens; further threatened or actual terrorist attacks, war, or other hostilities, even if not made directly on the airline industry, could significantly harm the airline industry and the Company's operations.","The airline industry has faced on-going security concerns and related cost burdens; further threatened or actual terrorist attacks, war, or other hostilities, even if not made directly on the airline industry, could significantly harm the airline industry and the Company's operations.",verbatim_source_excerpt,TEXT_V1
Southwest Airlines,92380,D01,https://www.sec.gov/Archives/edgar/data/92380/000009238026000004/luv-20251231.htm,evidence/request_attempts/4f/4f68704859e453f23880f5c8866342df7efde9d4670e91633712feeef8f7155e/luv-20251231.htm,4f68704859e453f23880f5c8866342df7efde9d4670e91633712feeef8f7155e,0000092380-26-000004,luv-20251231.htm,Item 1A,ITEM_1A:bytes:554535-554703:sha256:a4c5ca262b62da488cbef1a05041db329a425eac20b7ad6568405b37ae2f999e,text,2025-01-01,2025-12-31,"Interruptions or disruptions in service at one of the Company’s core stations have had, and could in the future have, a material adverse impact on its operations.","Interruptions or disruptions in service at one of the Company’s core stations have had, and could in the future have, a material adverse impact on its operations.","Interruptions or disruptions in service at one of the Company’s core stations have had, and could in the future have, a material adverse impact on its operations.",verbatim_source_excerpt,TEXT_V1
Southwest Airlines,92380,D01,https://www.sec.gov/Archives/edgar/data/92380/000009238026000004/luv-20251231.htm,evidence/request_attempts/4f/4f68704859e453f23880f5c8866342df7efde9d4670e91633712feeef8f7155e/luv-20251231.htm,4f68704859e453f23880f5c8866342df7efde9d4670e91633712feeef8f7155e,0000092380-26-000004,luv-20251231.htm,Item 1A,ITEM_1A:bytes:556805-557263:sha256:821a7f095a02792a1d543e067e0ae52c793c878b909de406c90196c22932e945,text,2025-01-01,2025-12-31,"The Company’s operations have been, and in the future may again be, materially and adversely disrupted by extreme weather events. An inability to quickly and effectively restore operations following adverse weather, a localized disaster, or disturbance in a key geography has adversely and materially impacted, and in the future could again adversely and materially impact, the Company’s business, results of operations, and financial condition.","The Company’s operations have been, and in the future may again be, materially and adversely disrupted by extreme weather events. An inability to quickly and effectively restore operations following adverse weather, a localized disaster, or disturbance in a key geography has adversely and materially impacted, and in the future could again adversely and materially impact, the Company’s business, results of operations, and financial condition.","The Company’s operations have been, and in the future may again be, materially and adversely disrupted by extreme weather events. An inability to quickly and effectively restore operations following adverse weather, a localized disaster, or disturbance in a key geography has adversely and materially impacted, and in the future could again adversely and materially impact, the Company’s business, results of operations, and financial condition.",verbatim_source_excerpt,TEXT_V1
Southwest Airlines,92380,D01,https://www.sec.gov/Archives/edgar/data/92380/000009238026000004/luv-20251231.htm,evidence/request_attempts/4f/4f68704859e453f23880f5c8866342df7efde9d4670e91633712feeef8f7155e/luv-20251231.htm,4f68704859e453f23880f5c8866342df7efde9d4670e91633712feeef8f7155e,0000092380-26-000004,luv-20251231.htm,Item 1A,ITEM_1A:bytes:560097-560300:sha256:94419fb84c5862c83aa8310cdf64cb4463775ad77600021ba6308da92a501ad6,text,2025-01-01,2025-12-31,"The airline industry is made up of inherently complex systems and is affected by many conditions that are beyond its control, which can impact the Company's business strategies and results of operations.","The airline industry is made up of inherently complex systems and is affected by many conditions that are beyond its control, which can impact the Company's business strategies and results of operations.","The airline industry is made up of inherently complex systems and is affected by many conditions that are beyond its control, which can impact the Company's business strategies and results of operations.",verbatim_source_excerpt,TEXT_V1
Southwest Airlines,92380,D01,https://www.sec.gov/Archives/edgar/data/92380/000009238026000004/luv-20251231.htm,evidence/request_attempts/4f/4f68704859e453f23880f5c8866342df7efde9d4670e91633712feeef8f7155e/luv-20251231.htm,4f68704859e453f23880f5c8866342df7efde9d4670e91633712feeef8f7155e,0000092380-26-000004,luv-20251231.htm,Item 1A,ITEM_1A:bytes:569116-569438:sha256:44003db65024a20f08d33be35b4234589e52f22e0d04c78b6fd97822bc6ad191,text,2025-01-01,2025-12-31,"The Company is heavily dependent on technology to operate its business and continues to implement substantial changes to its information systems; any failure, disruption, breach, or delay in the Company’s information systems or in implementation of necessary changes could materially adversely affect its operations.","The Company is heavily dependent on technology to operate its business and continues to implement substantial changes to its information systems; any failure, disruption, breach, or delay in the Company’s information systems or in implementation of necessary changes could materially adversely affect its operations.","The Company is heavily dependent on technology to operate its business and continues to implement substantial changes to its information systems; any failure, disruption, breach, or delay in the Company’s information systems or in implementation of necessary changes could materially adversely affect its operations.",verbatim_source_excerpt,TEXT_V1
Southwest Airlines,92380,D01,https://www.sec.gov/Archives/edgar/data/92380/000009238026000004/luv-20251231.htm,evidence/request_attempts/4f/4f68704859e453f23880f5c8866342df7efde9d4670e91633712feeef8f7155e/luv-20251231.htm,4f68704859e453f23880f5c8866342df7efde9d4670e91633712feeef8f7155e,0000092380-26-000004,luv-20251231.htm,Item 1A,ITEM_1A:bytes:576129-576475:sha256:def9a901eac3c9748eba931056fac54b8f0ba40a19f646c8cee7d3619c6f8b28,text,2025-01-01,2025-12-31,"The Company is increasingly exposed to cybersecurity attacks and data incidents impacting its IT Systems, or those of the Company’s vendors or service providers. Such cybersecurity incidents or data incidents could have a disruptive and material adverse effect on the Company’s business, financial position, or results of operations.","The Company is increasingly exposed to cybersecurity attacks and data incidents impacting its IT Systems, or those of the Company’s vendors or service providers. Such cybersecurity incidents or data incidents could have a disruptive and material adverse effect on the Company’s business, financial position, or results of operations.","The Company is increasingly exposed to cybersecurity attacks and data incidents impacting its IT Systems, or those of the Company’s vendors or service providers. Such cybersecurity incidents or data incidents could have a disruptive and material adverse effect on the Company’s business, financial position, or results of operations.",verbatim_source_excerpt,TEXT_V1
Southwest Airlines,92380,D01,https://www.sec.gov/Archives/edgar/data/92380/000009238026000004/luv-20251231.htm,evidence/request_attempts/4f/4f68704859e453f23880f5c8866342df7efde9d4670e91633712feeef8f7155e/luv-20251231.htm,4f68704859e453f23880f5c8866342df7efde9d4670e91633712feeef8f7155e,0000092380-26-000004,luv-20251231.htm,Item 1A,ITEM_1A:bytes:584893-585214:sha256:92d1f7b03639228904286bcc1902ba4ebde51ec54c99125a026c32afbbb4b810,text,2025-01-01,2025-12-31,"The Company is expanding its use of AI and machine-learning. Any failure in the Company’s AI implementation strategy, compliance with regulations, or failure to otherwise manage the risks related to AI technologies effectively could materially adversely affect its operations, reputation, and/or financial position.","The Company is expanding its use of AI and machine-learning. Any failure in the Company’s AI implementation strategy, compliance with regulations, or failure to otherwise manage the risks related to AI technologies effectively could materially adversely affect its operations, reputation, and/or financial position.","The Company is expanding its use of AI and machine-learning. Any failure in the Company’s AI implementation strategy, compliance with regulations, or failure to otherwise manage the risks related to AI technologies effectively could materially adversely affect its operations, reputation, and/or financial position.",verbatim_source_excerpt,TEXT_V1
Southwest Airlines,92380,D01,https://www.sec.gov/Archives/edgar/data/92380/000009238026000004/luv-20251231.htm,evidence/request_attempts/4f/4f68704859e453f23880f5c8866342df7efde9d4670e91633712feeef8f7155e/luv-20251231.htm,4f68704859e453f23880f5c8866342df7efde9d4670e91633712feeef8f7155e,0000092380-26-000004,luv-20251231.htm,Item 1A,ITEM_1A:bytes:588661-588945:sha256:d84bfa0921c8c3359004eb2e00028ae05916dcc2ca6375c20af17b7d4e86f3d9,text,2025-01-01,2025-12-31,"The Company is subject to extensive government regulation that may disrupt or necessitate modifications to the Company’s operations, business plans, and strategies, increase the Company’s operating costs, or otherwise limit the Company’s ability to conduct business.","The Company is subject to extensive government regulation that may disrupt or necessitate modifications to the Company’s operations, business plans, and strategies, increase the Company’s operating costs, or otherwise limit the Company’s ability to conduct business.","The Company is subject to extensive government regulation that may disrupt or necessitate modifications to the Company’s operations, business plans, and strategies, increase the Company’s operating costs, or otherwise limit the Company’s ability to conduct business.",verbatim_source_excerpt,TEXT_V1
Southwest Airlines,92380,D01,https://www.sec.gov/Archives/edgar/data/92380/000009238026000004/luv-20251231.htm,evidence/request_attempts/4f/4f68704859e453f23880f5c8866342df7efde9d4670e91633712feeef8f7155e/luv-20251231.htm,4f68704859e453f23880f5c8866342df7efde9d4670e91633712feeef8f7155e,0000092380-26-000004,luv-20251231.htm,Item 1A,ITEM_1A:bytes:599271-599401:sha256:64bf6118563fc276e28d1f7fe218aba0b1571c1333d7b1329d10bc0445cb394c,text,2025-01-01,2025-12-31,Airport capacity constraints and air traffic control inefficiencies have limited and could continue to limit the Company's growth.,Airport capacity constraints and air traffic control inefficiencies have limited and could continue to limit the Company's growth.,Airport capacity constraints and air traffic control inefficiencies have limited and could continue to limit the Company's growth.,verbatim_source_excerpt,TEXT_V1
Southwest Airlines,92380,D01,https://www.sec.gov/Archives/edgar/data/92380/000009238026000004/luv-20251231.htm,evidence/request_attempts/4f/4f68704859e453f23880f5c8866342df7efde9d4670e91633712feeef8f7155e/luv-20251231.htm,4f68704859e453f23880f5c8866342df7efde9d4670e91633712feeef8f7155e,0000092380-26-000004,luv-20251231.htm,Item 1A,ITEM_1A:bytes:603307-603801:sha256:d3f65e3b49264513feb76d7897051d7d7344ee1684180508e0dd592143e534fc,text,2025-01-01,2025-12-31,"The Company is subject to various environmental requirements and risks, including increased regulation, changing consumer preferences, physical, environmental, and climate risks, and risks associated with climate change; the cost of compliance with more stringent environmental regulations, failure to comply with environmental regulations, or failure to otherwise manage the risks of climate change effectively could have a material adverse effect on the Company’s results of operations.","The Company is subject to various environmental requirements and risks, including increased regulation, changing consumer preferences, physical, environmental, and climate risks, and risks associated with climate change; the cost of compliance with more stringent environmental regulations, failure to comply with environmental regulations, or failure to otherwise manage the risks of climate change effectively could have a material adverse effect on the Company’s results of operations.","The Company is subject to various environmental requirements and risks, including increased regulation, changing consumer preferences, physical, environmental, and climate risks, and risks associated with climate change; the cost of compliance with more stringent environmental regulations, failure to comply with environmental regulations, or failure to otherwise manage the risks of climate change effectively could have a material adverse effect on the Company’s results of operations.",verbatim_source_excerpt,TEXT_V1
Southwest Airlines,92380,D01,https://www.sec.gov/Archives/edgar/data/92380/000009238026000004/luv-20251231.htm,evidence/request_attempts/4f/4f68704859e453f23880f5c8866342df7efde9d4670e91633712feeef8f7155e/luv-20251231.htm,4f68704859e453f23880f5c8866342df7efde9d4670e91633712feeef8f7155e,0000092380-26-000004,luv-20251231.htm,Item 1A,ITEM_1A:bytes:608900-609069:sha256:1a450ff45f00bbb8bdabc8da270cd3d1845606a1d50fb78edcaeabe030e8a20e,text,2025-01-01,2025-12-31,"The Company is subject to risks related to its sustainability goals and disclosures, which may affect stakeholder sentiment and the Company’s reputation and brand.","The Company is subject to risks related to its sustainability goals and disclosures, which may affect stakeholder sentiment and the Company’s reputation and brand.","The Company is subject to risks related to its sustainability goals and disclosures, which may affect stakeholder sentiment and the Company’s reputation and brand.",verbatim_source_excerpt,TEXT_V1
Southwest Airlines,92380,D01,https://www.sec.gov/Archives/edgar/data/92380/000009238026000004/luv-20251231.htm,evidence/request_attempts/4f/4f68704859e453f23880f5c8866342df7efde9d4670e91633712feeef8f7155e/luv-20251231.htm,4f68704859e453f23880f5c8866342df7efde9d4670e91633712feeef8f7155e,0000092380-26-000004,luv-20251231.htm,Item 1A,ITEM_1A:bytes:616037-616220:sha256:8b6b621c00e94177e8ff152dfd8078240dfc79a77b47357e8cde0a6e05e45ba1,text,2025-01-01,2025-12-31,The Company’s future results may suffer if it is unable to effectively manage its current and contemplated international operations or Extended Operations (“ETOPS”).,The Company’s future results may suffer if it is unable to effectively manage its current and contemplated international operations or Extended Operations (“ETOPS”).,The Company’s future results may suffer if it is unable to effectively manage its current and contemplated international operations or Extended Operations (“ETOPS”).,verbatim_source_excerpt,TEXT_V1
Southwest Airlines,92380,D01,https://www.sec.gov/Archives/edgar/data/92380/000009238026000004/luv-20251231.htm,evidence/request_attempts/4f/4f68704859e453f23880f5c8866342df7efde9d4670e91633712feeef8f7155e/luv-20251231.htm,4f68704859e453f23880f5c8866342df7efde9d4670e91633712feeef8f7155e,0000092380-26-000004,luv-20251231.htm,Item 1A,ITEM_1A:bytes:622527-622681:sha256:efc98b7301cf0932eda4e85722ed40efd896b081f126b65cecfc5190cb6aef42,text,2025-01-01,2025-12-31,The Company’s plans to develop commercial relationships with airlines in other parts of the world may not produce the results or returns it expects.,The Company’s plans to develop commercial relationships with airlines in other parts of the world may not produce the results or returns it expects.,The Company’s plans to develop commercial relationships with airlines in other parts of the world may not produce the results or returns it expects.,verbatim_source_excerpt,TEXT_V1
Southwest Airlines,92380,D01,https://www.sec.gov/Archives/edgar/data/92380/000009238026000004/luv-20251231.htm,evidence/request_attempts/4f/4f68704859e453f23880f5c8866342df7efde9d4670e91633712feeef8f7155e/luv-20251231.htm,4f68704859e453f23880f5c8866342df7efde9d4670e91633712feeef8f7155e,0000092380-26-000004,luv-20251231.htm,Item 1A,ITEM_1A:bytes:624848-625095:sha256:0518a6c01722ccd41b59c68b6f6d5e18db1d265f14c3a6ca20408de909b44ab7,text,2025-01-01,2025-12-31,"The Company is currently subject to regulatory actions and pending litigation, and if judgment, penalties, or fines were to be rendered against the Company, such judgment, penalties, or fines could adversely affect the Company's operating results.","The Company is currently subject to regulatory actions and pending litigation, and if judgment, penalties, or fines were to be rendered against the Company, such judgment, penalties, or fines could adversely affect the Company's operating results.","The Company is currently subject to regulatory actions and pending litigation, and if judgment, penalties, or fines were to be rendered against the Company, such judgment, penalties, or fines could adversely affect the Company's operating results.",verbatim_source_excerpt,TEXT_V1
Southwest Airlines,92380,D01,https://www.sec.gov/Archives/edgar/data/92380/000009238026000004/luv-20251231.htm,evidence/request_attempts/4f/4f68704859e453f23880f5c8866342df7efde9d4670e91633712feeef8f7155e/luv-20251231.htm,4f68704859e453f23880f5c8866342df7efde9d4670e91633712feeef8f7155e,0000092380-26-000004,luv-20251231.htm,Item 1A,ITEM_1A:bytes:626245-626509:sha256:faf3f69c8658ef79b9b62efe3d46205bd12fa4becfe597a0226d93b1896430f1,text,2025-01-01,2025-12-31,"Conflicting federal, state, and local laws and regulations may impose additional requirements and restrictions on the Company’s operations, which could increase the Company’s operating costs, result in service disruptions, and increase litigation risk.","Conflicting federal, state, and local laws and regulations may impose additional requirements and restrictions on the Company’s operations, which could increase the Company’s operating costs, result in service disruptions, and increase litigation risk.","Conflicting federal, state, and local laws and regulations may impose additional requirements and restrictions on the Company’s operations, which could increase the Company’s operating costs, result in service disruptions, and increase litigation risk.",verbatim_source_excerpt,TEXT_V1
Southwest Airlines,92380,D01,https://www.sec.gov/Archives/edgar/data/92380/000009238026000004/luv-20251231.htm,evidence/request_attempts/4f/4f68704859e453f23880f5c8866342df7efde9d4670e91633712feeef8f7155e/luv-20251231.htm,4f68704859e453f23880f5c8866342df7efde9d4670e91633712feeef8f7155e,0000092380-26-000004,luv-20251231.htm,Item 1A,ITEM_1A:bytes:628856-629003:sha256:76c4e9fbec25b2299641228ea9cf1dc7c886bf3b47eae7141068b332ed74b0a6,text,2025-01-01,2025-12-31,The Company’s reputation and brand could be harmed if it were to experience significant negative publicity through social media or otherwise.,The Company’s reputation and brand could be harmed if it were to experience significant negative publicity through social media or otherwise.,The Company’s reputation and brand could be harmed if it were to experience significant negative publicity through social media or otherwise.,verbatim_source_excerpt,TEXT_V1
Southwest Airlines,92380,D01,https://www.sec.gov/Archives/edgar/data/92380/000009238026000004/luv-20251231.htm,evidence/request_attempts/4f/4f68704859e453f23880f5c8866342df7efde9d4670e91633712feeef8f7155e/luv-20251231.htm,4f68704859e453f23880f5c8866342df7efde9d4670e91633712feeef8f7155e,0000092380-26-000004,luv-20251231.htm,Item 1A,ITEM_1A:bytes:631038-631275:sha256:59bf532595bdc7ddd9c34aa42b4a1e1acc976b6a381dc0ded9cef8cac253997b,text,2025-01-01,2025-12-31,"The Company’s business has been, and could in the future be, negatively affected as a result of actions of activist shareholders, and such activism could adversely affect the strategic direction and business results of the Company.","The Company’s business has been, and could in the future be, negatively affected as a result of actions of activist shareholders, and such activism could adversely affect the strategic direction and business results of the Company.","The Company’s business has been, and could in the future be, negatively affected as a result of actions of activist shareholders, and such activism could adversely affect the strategic direction and business results of the Company.",verbatim_source_excerpt,TEXT_V1
Southwest Airlines,92380,D01,https://www.sec.gov/Archives/edgar/data/92380/000009238026000004/luv-20251231.htm,evidence/request_attempts/4f/4f68704859e453f23880f5c8866342df7efde9d4670e91633712feeef8f7155e/luv-20251231.htm,4f68704859e453f23880f5c8866342df7efde9d4670e91633712feeef8f7155e,0000092380-26-000004,luv-20251231.htm,Item 1A,ITEM_1A:bytes:636621-637045:sha256:ae222568eeb6c55f9a95386e37f81cb0b5c3075d83a5a73eb3376f811745a001,text,2025-01-01,2025-12-31,"The Company has adopted certain provisions in its Bylaws that could increase costs to bring a claim, discourage claims, limit the ability of the Company’s Shareholders to bring a claim, or limit the ability of the Company’s Shareholders to bring a claim in a judicial forum viewed by the Shareholders as more favorable for disputes with the Company or the Company’s directors, officers, or other Employees.","The Company has adopted certain provisions in its Bylaws that could increase costs to bring a claim, discourage claims, limit the ability of the Company’s Shareholders to bring a claim, or limit the ability of the Company’s Shareholders to bring a claim in a judicial forum viewed by the Shareholders as more favorable for disputes with the Company or the Company’s directors, officers, or other Employees.","The Company has adopted certain provisions in its Bylaws that could increase costs to bring a claim, discourage claims, limit the ability of the Company’s Shareholders to bring a claim, or limit the ability of the Company’s Shareholders to bring a claim in a judicial forum viewed by the Shareholders as more favorable for disputes with the Company or the Company’s directors, officers, or other Employees.",verbatim_source_excerpt,TEXT_V1
Ford Motor Company,37996,D01,https://www.sec.gov/Archives/edgar/data/37996/000003799626000015/f-20251231.htm,evidence/request_attempts/3b/3bbda349b5831cfb9a2686dbdb7d87614bcdbe2d195aa8ecd9b39215945361f9/f-20251231.htm,3bbda349b5831cfb9a2686dbdb7d87614bcdbe2d195aa8ecd9b39215945361f9,0000037996-26-000015,f-20251231.htm,Item 1A,ITEM_1A:bytes:908640-908657:sha256:6283b349df9ccf3d130afc8b6176585ab28a995d5de4a49990c0662acabd2c2e,text,2025-01-01,2025-12-31,Operational Risks,Operational Risks,Operational Risks,verbatim_source_excerpt,TEXT_V1
Ford Motor Company,37996,D01,https://www.sec.gov/Archives/edgar/data/37996/000003799626000015/f-20251231.htm,evidence/request_attempts/3b/3bbda349b5831cfb9a2686dbdb7d87614bcdbe2d195aa8ecd9b39215945361f9/f-20251231.htm,3bbda349b5831cfb9a2686dbdb7d87614bcdbe2d195aa8ecd9b39215945361f9,0000037996-26-000015,f-20251231.htm,Item 1A,ITEM_1A:bytes:908879-908989:sha256:f7930be12b39a79f89243ab1cc89dfe609d15ca273e26b78569e85c5feff20bb,text,2025-01-01,2025-12-31,"Ford’s long-term success depends on delivering the Ford+ plan, including improving cost competitiveness.","Ford’s long-term success depends on delivering the Ford+ plan, including improving cost competitiveness.","Ford’s long-term success depends on delivering the Ford+ plan, including improving cost competitiveness.",verbatim_source_excerpt,TEXT_V1
Ford Motor Company,37996,D01,https://www.sec.gov/Archives/edgar/data/37996/000003799626000015/f-20251231.htm,evidence/request_attempts/3b/3bbda349b5831cfb9a2686dbdb7d87614bcdbe2d195aa8ecd9b39215945361f9/f-20251231.htm,3bbda349b5831cfb9a2686dbdb7d87614bcdbe2d195aa8ecd9b39215945361f9,0000037996-26-000015,f-20251231.htm,Item 1A,ITEM_1A:bytes:911739-912082:sha256:290780ee2915c4b8ff5956bbb206d8cc4556e87ee8bb57524171b940c39213fa,text,2025-01-01,2025-12-31,"Ford’s products have been and could continue to be affected by defects that result in recall campaigns, increased warranty costs, or delays in new model launches, and the time it takes to improve the quality of our products and services and reduce the costs associated therewith could continue to have an adverse effect on our business.","Ford’s products have been and could continue to be affected by defects that result in recall campaigns, increased warranty costs, or delays in new model launches, and the time it takes to improve the quality of our products and services and reduce the costs associated therewith could continue to have an adverse effect on our business.","Ford’s products have been and could continue to be affected by defects that result in recall campaigns, increased warranty costs, or delays in new model launches, and the time it takes to improve the quality of our products and services and reduce the costs associated therewith could continue to have an adverse effect on our business.",verbatim_source_excerpt,TEXT_V1
Ford Motor Company,37996,D01,https://www.sec.gov/Archives/edgar/data/37996/000003799626000015/f-20251231.htm,evidence/request_attempts/3b/3bbda349b5831cfb9a2686dbdb7d87614bcdbe2d195aa8ecd9b39215945361f9/f-20251231.htm,3bbda349b5831cfb9a2686dbdb7d87614bcdbe2d195aa8ecd9b39215945361f9,0000037996-26-000015,f-20251231.htm,Item 1A,ITEM_1A:bytes:918695-918993:sha256:f00f6bc768d44c950f895e9f3864e20386b8213268e13fad350d1ebbfea6fb5c,text,2025-01-01,2025-12-31,"Ford is highly dependent on its suppliers to deliver components in accordance with Ford’s production schedule and specifications, and a shortage of or inability to timely acquire key components or raw materials has previously disrupted and may, in the future, disrupt Ford’s operations.","Ford is highly dependent on its suppliers to deliver components in accordance with Ford’s production schedule and specifications, and a shortage of or inability to timely acquire key components or raw materials has previously disrupted and may, in the future, disrupt Ford’s operations.","Ford is highly dependent on its suppliers to deliver components in accordance with Ford’s production schedule and specifications, and a shortage of or inability to timely acquire key components or raw materials has previously disrupted and may, in the future, disrupt Ford’s operations.",verbatim_source_excerpt,TEXT_V1
Ford Motor Company,37996,D01,https://www.sec.gov/Archives/edgar/data/37996/000003799626000015/f-20251231.htm,evidence/request_attempts/3b/3bbda349b5831cfb9a2686dbdb7d87614bcdbe2d195aa8ecd9b39215945361f9/f-20251231.htm,3bbda349b5831cfb9a2686dbdb7d87614bcdbe2d195aa8ecd9b39215945361f9,0000037996-26-000015,f-20251231.htm,Item 1A,ITEM_1A:bytes:924390-924730:sha256:1089a30c093e82913827467aad3a4ff4e6cf3eb7a1aa15f3779f4e0d4ed2d0e6,text,2025-01-01,2025-12-31,"Ford’s production, as well as Ford’s suppliers’ production, and/or the ability to deliver products to consumers could be disrupted by labor issues, public health issues, natural or man-made disasters, adverse effects of climate change, financial distress, production difficulties, capacity limitations, or other factors.","Ford’s production, as well as Ford’s suppliers’ production, and/or the ability to deliver products to consumers could be disrupted by labor issues, public health issues, natural or man-made disasters, adverse effects of climate change, financial distress, production difficulties, capacity limitations, or other factors.","Ford’s production, as well as Ford’s suppliers’ production, and/or the ability to deliver products to consumers could be disrupted by labor issues, public health issues, natural or man-made disasters, adverse effects of climate change, financial distress, production difficulties, capacity limitations, or other factors.",verbatim_source_excerpt,TEXT_V1
Ford Motor Company,37996,D01,https://www.sec.gov/Archives/edgar/data/37996/000003799626000015/f-20251231.htm,evidence/request_attempts/3b/3bbda349b5831cfb9a2686dbdb7d87614bcdbe2d195aa8ecd9b39215945361f9/f-20251231.htm,3bbda349b5831cfb9a2686dbdb7d87614bcdbe2d195aa8ecd9b39215945361f9,0000037996-26-000015,f-20251231.htm,Item 1A,ITEM_1A:bytes:931247-931491:sha256:c96695acb575bc0c53755521c3b30fb37eb7d507f95032064216e6a4fa95d454,text,2025-01-01,2025-12-31,"Ford may not realize the anticipated benefits of existing or pending strategic alliances, joint ventures, acquisitions, divestitures, commercial relationships, or business strategies or the benefits may take longer than expected to materialize.","Ford may not realize the anticipated benefits of existing or pending strategic alliances, joint ventures, acquisitions, divestitures, commercial relationships, or business strategies or the benefits may take longer than expected to materialize.","Ford may not realize the anticipated benefits of existing or pending strategic alliances, joint ventures, acquisitions, divestitures, commercial relationships, or business strategies or the benefits may take longer than expected to materialize.",verbatim_source_excerpt,TEXT_V1
Ford Motor Company,37996,D01,https://www.sec.gov/Archives/edgar/data/37996/000003799626000015/f-20251231.htm,evidence/request_attempts/3b/3bbda349b5831cfb9a2686dbdb7d87614bcdbe2d195aa8ecd9b39215945361f9/f-20251231.htm,3bbda349b5831cfb9a2686dbdb7d87614bcdbe2d195aa8ecd9b39215945361f9,0000037996-26-000015,f-20251231.htm,Item 1A,ITEM_1A:bytes:937205-937387:sha256:607139839eb57675c34491c354cfa2045957027278495d55f2357deb7534b273,text,2025-01-01,2025-12-31,"Ford may not realize the anticipated benefits of restructuring actions and such actions may cause Ford to incur significant charges, disrupt our operations, or harm our reputation.","Ford may not realize the anticipated benefits of restructuring actions and such actions may cause Ford to incur significant charges, disrupt our operations, or harm our reputation.","Ford may not realize the anticipated benefits of restructuring actions and such actions may cause Ford to incur significant charges, disrupt our operations, or harm our reputation.",verbatim_source_excerpt,TEXT_V1
Ford Motor Company,37996,D01,https://www.sec.gov/Archives/edgar/data/37996/000003799626000015/f-20251231.htm,evidence/request_attempts/3b/3bbda349b5831cfb9a2686dbdb7d87614bcdbe2d195aa8ecd9b39215945361f9/f-20251231.htm,3bbda349b5831cfb9a2686dbdb7d87614bcdbe2d195aa8ecd9b39215945361f9,0000037996-26-000015,f-20251231.htm,Item 1A,ITEM_1A:bytes:940014-940209:sha256:cc5cf13911cca92239d372c4e660f88371ed3e886c81475290846fa944a7ca73,text,2025-01-01,2025-12-31,"Failure to develop and deploy secure digital services that appeal to customers, retain existing subscribers, and grow our subscription rates could have a negative impact on Ford’s business.","Failure to develop and deploy secure digital services that appeal to customers, retain existing subscribers, and grow our subscription rates could have a negative impact on Ford’s business.","Failure to develop and deploy secure digital services that appeal to customers, retain existing subscribers, and grow our subscription rates could have a negative impact on Ford’s business.",verbatim_source_excerpt,TEXT_V1
Ford Motor Company,37996,D01,https://www.sec.gov/Archives/edgar/data/37996/000003799626000015/f-20251231.htm,evidence/request_attempts/3b/3bbda349b5831cfb9a2686dbdb7d87614bcdbe2d195aa8ecd9b39215945361f9/f-20251231.htm,3bbda349b5831cfb9a2686dbdb7d87614bcdbe2d195aa8ecd9b39215945361f9,0000037996-26-000015,f-20251231.htm,Item 1A,ITEM_1A:bytes:949030-949142:sha256:50cb7935f2a0ff628690798561a3bd0b3e076b74c8fe8ecbe1fe2ca59b217a63,text,2025-01-01,2025-12-31,Ford’s ability to maintain a competitive cost structure could be affected by labor or other constraints.,Ford’s ability to maintain a competitive cost structure could be affected by labor or other constraints.,Ford’s ability to maintain a competitive cost structure could be affected by labor or other constraints.,verbatim_source_excerpt,TEXT_V1
Ford Motor Company,37996,D01,https://www.sec.gov/Archives/edgar/data/37996/000003799626000015/f-20251231.htm,evidence/request_attempts/3b/3bbda349b5831cfb9a2686dbdb7d87614bcdbe2d195aa8ecd9b39215945361f9/f-20251231.htm,3bbda349b5831cfb9a2686dbdb7d87614bcdbe2d195aa8ecd9b39215945361f9,0000037996-26-000015,f-20251231.htm,Item 1A,ITEM_1A:bytes:951089-951212:sha256:debf65c47b7799a1932a4abd2e6103716aedb8e944ef0bf26c98d6c70a8d2dff,text,2025-01-01,2025-12-31,"Ford’s ability to attract, develop, grow, support, and reward talent is critical to its success and competitiveness.","Ford’s ability to attract, develop, grow, support, and reward talent is critical to its success and competitiveness.","Ford’s ability to attract, develop, grow, support, and reward talent is critical to its success and competitiveness.",verbatim_source_excerpt,TEXT_V1
Ford Motor Company,37996,D01,https://www.sec.gov/Archives/edgar/data/37996/000003799626000015/f-20251231.htm,evidence/request_attempts/3b/3bbda349b5831cfb9a2686dbdb7d87614bcdbe2d195aa8ecd9b39215945361f9/f-20251231.htm,3bbda349b5831cfb9a2686dbdb7d87614bcdbe2d195aa8ecd9b39215945361f9,0000037996-26-000015,f-20251231.htm,Item 1A,ITEM_1A:bytes:952672-953009:sha256:42596ae4351649708a1e22af9cc1eb18a5fe5588e5632dd2be2baf909e487024,text,2025-01-01,2025-12-31,"Operational information systems, security systems, products, and services could be affected by cybersecurity incidents, ransomware attacks, and other disruptions and impact Ford, Ford Credit, their suppliers, and dealers.","Operational information systems, security systems, products, and services could be affected by cybersecurity incidents, ransomware attacks, and other disruptions and impact Ford, Ford Credit, their suppliers, and dealers.","Operational information systems, security systems, products, and services could be affected by cybersecurity incidents, ransomware attacks, and other disruptions and impact Ford, Ford Credit, their suppliers, and dealers.",verbatim_source_excerpt,TEXT_V1
Ford Motor Company,37996,D01,https://www.sec.gov/Archives/edgar/data/37996/000003799626000015/f-20251231.htm,evidence/request_attempts/3b/3bbda349b5831cfb9a2686dbdb7d87614bcdbe2d195aa8ecd9b39215945361f9/f-20251231.htm,3bbda349b5831cfb9a2686dbdb7d87614bcdbe2d195aa8ecd9b39215945361f9,0000037996-26-000015,f-20251231.htm,Item 1A,ITEM_1A:bytes:959639-960026:sha256:2c989bdb25c19ea02fc657a3471d177ed8de596d7438370ad557cd13b6521d92,text,2025-01-01,2025-12-31,"To facilitate access to the raw materials and other components necessary for the manufacture of electrified products, Ford has entered into and may, in the future, enter into multi-year commitments to raw material and other suppliers that subject Ford to risks associated with lower future demand for such items as well as costs that fluctuate and are difficult to accurately forecast.","To facilitate access to the raw materials and other components necessary for the manufacture of electrified products, Ford has entered into and may, in the future, enter into multi-year commitments to raw material and other suppliers that subject Ford to risks associated with lower future demand for such items as well as costs that fluctuate and are difficult to accurately forecast.","To facilitate access to the raw materials and other components necessary for the manufacture of electrified products, Ford has entered into and may, in the future, enter into multi-year commitments to raw material and other suppliers that subject Ford to risks associated with lower future demand for such items as well as costs that fluctuate and are difficult to accurately forecast.",verbatim_source_excerpt,TEXT_V1
Ford Motor Company,37996,D01,https://www.sec.gov/Archives/edgar/data/37996/000003799626000015/f-20251231.htm,evidence/request_attempts/3b/3bbda349b5831cfb9a2686dbdb7d87614bcdbe2d195aa8ecd9b39215945361f9/f-20251231.htm,3bbda349b5831cfb9a2686dbdb7d87614bcdbe2d195aa8ecd9b39215945361f9,0000037996-26-000015,f-20251231.htm,Item 1A,ITEM_1A:bytes:963217-963259:sha256:0c08c5f0dac998bdd5458c3d50a58e71768ce2fb6e12e48839da60da27e2cc8e,text,2025-01-01,2025-12-31,"Macroeconomic, Market, and Strategic Risks","Macroeconomic, Market, and Strategic Risks","Macroeconomic, Market, and Strategic Risks",verbatim_source_excerpt,TEXT_V1
Ford Motor Company,37996,D01,https://www.sec.gov/Archives/edgar/data/37996/000003799626000015/f-20251231.htm,evidence/request_attempts/3b/3bbda349b5831cfb9a2686dbdb7d87614bcdbe2d195aa8ecd9b39215945361f9/f-20251231.htm,3bbda349b5831cfb9a2686dbdb7d87614bcdbe2d195aa8ecd9b39215945361f9,0000037996-26-000015,f-20251231.htm,Item 1A,ITEM_1A:bytes:963481-963729:sha256:55d068fde84c1c4b1dd23e90afdfe7949d5781cf8b230cf0433f0673704532bd,text,2025-01-01,2025-12-31,"With a global footprint and supply chain, Ford’s results and operations have been and could continue to be adversely affected by economic or geopolitical developments, including protectionist trade policies such as tariffs, or other events.","With a global footprint and supply chain, Ford’s results and operations have been and could continue to be adversely affected by economic or geopolitical developments, including protectionist trade policies such as tariffs, or other events.","With a global footprint and supply chain, Ford’s results and operations have been and could continue to be adversely affected by economic or geopolitical developments, including protectionist trade policies such as tariffs, or other events.",verbatim_source_excerpt,TEXT_V1
Ford Motor Company,37996,D01,https://www.sec.gov/Archives/edgar/data/37996/000003799626000015/f-20251231.htm,evidence/request_attempts/3b/3bbda349b5831cfb9a2686dbdb7d87614bcdbe2d195aa8ecd9b39215945361f9/f-20251231.htm,3bbda349b5831cfb9a2686dbdb7d87614bcdbe2d195aa8ecd9b39215945361f9,0000037996-26-000015,f-20251231.htm,Item 1A,ITEM_1A:bytes:970850-971228:sha256:b2d9d2833ba9c688881c8e40106317128490c9391b69f91496c4a59bc80e8b60,text,2025-01-01,2025-12-31,"Ford’s new and existing products and digital, software, and physical services are subject to market acceptance and face significant competition from existing and new entrants in the automotive and digital and software services industries, and Ford’s reputation may be harmed based on positions it takes or if it is unable to achieve the initiatives it has announced.","Ford’s new and existing products and digital, software, and physical services are subject to market acceptance and face significant competition from existing and new entrants in the automotive and digital and software services industries, and Ford’s reputation may be harmed based on positions it takes or if it is unable to achieve the initiatives it has announced.","Ford’s new and existing products and digital, software, and physical services are subject to market acceptance and face significant competition from existing and new entrants in the automotive and digital and software services industries, and Ford’s reputation may be harmed based on positions it takes or if it is unable to achieve the initiatives it has announced.",verbatim_source_excerpt,TEXT_V1
Ford Motor Company,37996,D01,https://www.sec.gov/Archives/edgar/data/37996/000003799626000015/f-20251231.htm,evidence/request_attempts/3b/3bbda349b5831cfb9a2686dbdb7d87614bcdbe2d195aa8ecd9b39215945361f9/f-20251231.htm,3bbda349b5831cfb9a2686dbdb7d87614bcdbe2d195aa8ecd9b39215945361f9,0000037996-26-000015,f-20251231.htm,Item 1A,ITEM_1A:bytes:982113-982392:sha256:e9b1750e70ab9223b83d8b5657a23c2cd2b35227fcc042301728ecc307fb4398,text,2025-01-01,2025-12-31,"Ford may face increased price competition for its products and services, including pricing pressure resulting from industry excess capacity, currency fluctuations, competitive actions, legal and policy changes, or economic or other factors, particularly for electrified vehicles.","Ford may face increased price competition for its products and services, including pricing pressure resulting from industry excess capacity, currency fluctuations, competitive actions, legal and policy changes, or economic or other factors, particularly for electrified vehicles.","Ford may face increased price competition for its products and services, including pricing pressure resulting from industry excess capacity, currency fluctuations, competitive actions, legal and policy changes, or economic or other factors, particularly for electrified vehicles.",verbatim_source_excerpt,TEXT_V1
Ford Motor Company,37996,D01,https://www.sec.gov/Archives/edgar/data/37996/000003799626000015/f-20251231.htm,evidence/request_attempts/3b/3bbda349b5831cfb9a2686dbdb7d87614bcdbe2d195aa8ecd9b39215945361f9/f-20251231.htm,3bbda349b5831cfb9a2686dbdb7d87614bcdbe2d195aa8ecd9b39215945361f9,0000037996-26-000015,f-20251231.htm,Item 1A,ITEM_1A:bytes:986160-986417:sha256:b78d0f6c917f3dc7c50810aebb1dbe98d727ef6f1f19bb20d815b802001d0aaf,text,2025-01-01,2025-12-31,"Inflationary pressure and fluctuations in commodity and energy prices, foreign currency exchange rates, interest rates, and market value of Ford or Ford Credit’s investments, including marketable securities, can have a significant effect on results.","Inflationary pressure and fluctuations in commodity and energy prices, foreign currency exchange rates, interest rates, and market value of Ford or Ford Credit’s investments, including marketable securities, can have a significant effect on results.","Inflationary pressure and fluctuations in commodity and energy prices, foreign currency exchange rates, interest rates, and market value of Ford or Ford Credit’s investments, including marketable securities, can have a significant effect on results.",verbatim_source_excerpt,TEXT_V1
Ford Motor Company,37996,D01,https://www.sec.gov/Archives/edgar/data/37996/000003799626000015/f-20251231.htm,evidence/request_attempts/3b/3bbda349b5831cfb9a2686dbdb7d87614bcdbe2d195aa8ecd9b39215945361f9/f-20251231.htm,3bbda349b5831cfb9a2686dbdb7d87614bcdbe2d195aa8ecd9b39215945361f9,0000037996-26-000015,f-20251231.htm,Item 1A,ITEM_1A:bytes:989799-989914:sha256:8359af7ead8b4c4d2590a888f45d88f69e2036ede85e00b9a28be7bb19b54aac,text,2025-01-01,2025-12-31,"Ford’s results are dependent on sales of larger, more profitable vehicles, particularly in the United States.","Ford’s results are dependent on sales of larger, more profitable vehicles, particularly in the United States.","Ford’s results are dependent on sales of larger, more profitable vehicles, particularly in the United States.",verbatim_source_excerpt,TEXT_V1
Ford Motor Company,37996,D01,https://www.sec.gov/Archives/edgar/data/37996/000003799626000015/f-20251231.htm,evidence/request_attempts/3b/3bbda349b5831cfb9a2686dbdb7d87614bcdbe2d195aa8ecd9b39215945361f9/f-20251231.htm,3bbda349b5831cfb9a2686dbdb7d87614bcdbe2d195aa8ecd9b39215945361f9,0000037996-26-000015,f-20251231.htm,Item 1A,ITEM_1A:bytes:992050-992328:sha256:bfb18b772821a2bd9117f29f90f71df658bd793dae49c3c8eebe1ef04ec1889e,text,2025-01-01,2025-12-31,"Industry sales volume can be volatile and could decline if there is a financial crisis, recession, public health emergency, or significant geopolitical event.","Industry sales volume can be volatile and could decline if there is a financial crisis, recession, public health emergency, or significant geopolitical event.","Industry sales volume can be volatile and could decline if there is a financial crisis, recession, public health emergency, or significant geopolitical event.",verbatim_source_excerpt,TEXT_V1
Ford Motor Company,37996,D01,https://www.sec.gov/Archives/edgar/data/37996/000003799626000015/f-20251231.htm,evidence/request_attempts/3b/3bbda349b5831cfb9a2686dbdb7d87614bcdbe2d195aa8ecd9b39215945361f9/f-20251231.htm,3bbda349b5831cfb9a2686dbdb7d87614bcdbe2d195aa8ecd9b39215945361f9,0000037996-26-000015,f-20251231.htm,Item 1A,ITEM_1A:bytes:993294-993309:sha256:5e93e8a1d232e815c93a6f9abffff7e8d5442ec9545f237c3651ea28ca94d5c3,text,2025-01-01,2025-12-31,Financial Risks,Financial Risks,Financial Risks,verbatim_source_excerpt,TEXT_V1
Ford Motor Company,37996,D01,https://www.sec.gov/Archives/edgar/data/37996/000003799626000015/f-20251231.htm,evidence/request_attempts/3b/3bbda349b5831cfb9a2686dbdb7d87614bcdbe2d195aa8ecd9b39215945361f9/f-20251231.htm,3bbda349b5831cfb9a2686dbdb7d87614bcdbe2d195aa8ecd9b39215945361f9,0000037996-26-000015,f-20251231.htm,Item 1A,ITEM_1A:bytes:993531-993747:sha256:fcdbdca4f7665b9933f5d704e4865875d79d3913995472f0fd9b65f84eeef533,text,2025-01-01,2025-12-31,"The impact of government incentives on Ford’s business has been and could continue to be significant, and Ford’s receipt of government incentives could be subject to reduction, termination, or clawback.","The impact of government incentives on Ford’s business has been and could continue to be significant, and Ford’s receipt of government incentives could be subject to reduction, termination, or clawback.","The impact of government incentives on Ford’s business has been and could continue to be significant, and Ford’s receipt of government incentives could be subject to reduction, termination, or clawback.",verbatim_source_excerpt,TEXT_V1
Ford Motor Company,37996,D01,https://www.sec.gov/Archives/edgar/data/37996/000003799626000015/f-20251231.htm,evidence/request_attempts/3b/3bbda349b5831cfb9a2686dbdb7d87614bcdbe2d195aa8ecd9b39215945361f9/f-20251231.htm,3bbda349b5831cfb9a2686dbdb7d87614bcdbe2d195aa8ecd9b39215945361f9,0000037996-26-000015,f-20251231.htm,Item 1A,ITEM_1A:bytes:999235-999526:sha256:d393771baa1dd0ba4a31fe3803766f485d60f8c75737874883da1d2025f11723,text,2025-01-01,2025-12-31,"Ford and Ford Credit’s access to debt, securitization, or derivative markets around the world at competitive rates or in sufficient amounts could be affected by credit rating downgrades, market volatility, market disruption, regulatory requirements, asset portfolios, or other factors.","Ford and Ford Credit’s access to debt, securitization, or derivative markets around the world at competitive rates or in sufficient amounts could be affected by credit rating downgrades, market volatility, market disruption, regulatory requirements, asset portfolios, or other factors.","Ford and Ford Credit’s access to debt, securitization, or derivative markets around the world at competitive rates or in sufficient amounts could be affected by credit rating downgrades, market volatility, market disruption, regulatory requirements, asset portfolios, or other factors.",verbatim_source_excerpt,TEXT_V1
Ford Motor Company,37996,D01,https://www.sec.gov/Archives/edgar/data/37996/000003799626000015/f-20251231.htm,evidence/request_attempts/3b/3bbda349b5831cfb9a2686dbdb7d87614bcdbe2d195aa8ecd9b39215945361f9/f-20251231.htm,3bbda349b5831cfb9a2686dbdb7d87614bcdbe2d195aa8ecd9b39215945361f9,0000037996-26-000015,f-20251231.htm,Item 1A,ITEM_1A:bytes:1001668-1001965:sha256:5b11e221c364c5b41d62a9c5ceb95a67cc029484f396762ab3d9753042cce242,text,2025-01-01,2025-12-31,"Ford Credit could experience higher-than-expected credit losses, lower-than-anticipated residual values, or higher-than-expected return volumes for leased vehicles.","Ford Credit could experience higher-than-expected credit losses, lower-than-anticipated residual values, or higher-than-expected return volumes for leased vehicles.","Ford Credit could experience higher-than-expected credit losses, lower-than-anticipated residual values, or higher-than-expected return volumes for leased vehicles.",verbatim_source_excerpt,TEXT_V1
Ford Motor Company,37996,D01,https://www.sec.gov/Archives/edgar/data/37996/000003799626000015/f-20251231.htm,evidence/request_attempts/3b/3bbda349b5831cfb9a2686dbdb7d87614bcdbe2d195aa8ecd9b39215945361f9/f-20251231.htm,3bbda349b5831cfb9a2686dbdb7d87614bcdbe2d195aa8ecd9b39215945361f9,0000037996-26-000015,f-20251231.htm,Item 1A,ITEM_1A:bytes:1004110-1004371:sha256:8fb5d2466d9ace39896e5f2f44e21d4e783e2876583b47752a9cf1d910c80000,text,2025-01-01,2025-12-31,"Economic and demographic experience for pension and OPEB plans (e.g., discount rates or investment returns) could be worse than Ford has assumed.","Economic and demographic experience for pension and OPEB plans (e.g., discount rates or investment returns) could be worse than Ford has assumed.","Economic and demographic experience for pension and OPEB plans (e.g., discount rates or investment returns) could be worse than Ford has assumed.",verbatim_source_excerpt,TEXT_V1
Ford Motor Company,37996,D01,https://www.sec.gov/Archives/edgar/data/37996/000003799626000015/f-20251231.htm,evidence/request_attempts/3b/3bbda349b5831cfb9a2686dbdb7d87614bcdbe2d195aa8ecd9b39215945361f9/f-20251231.htm,3bbda349b5831cfb9a2686dbdb7d87614bcdbe2d195aa8ecd9b39215945361f9,0000037996-26-000015,f-20251231.htm,Item 1A,ITEM_1A:bytes:1006222-1006337:sha256:2de6b3b9bc5d7a90874f547cedff84657523edab7866f445121b0259601c70e0,text,2025-01-01,2025-12-31,Pension and other postretirement liabilities could adversely affect Ford’s liquidity and financial condition.,Pension and other postretirement liabilities could adversely affect Ford’s liquidity and financial condition.,Pension and other postretirement liabilities could adversely affect Ford’s liquidity and financial condition.,verbatim_source_excerpt,TEXT_V1
Ford Motor Company,37996,D01,https://www.sec.gov/Archives/edgar/data/37996/000003799626000015/f-20251231.htm,evidence/request_attempts/3b/3bbda349b5831cfb9a2686dbdb7d87614bcdbe2d195aa8ecd9b39215945361f9/f-20251231.htm,3bbda349b5831cfb9a2686dbdb7d87614bcdbe2d195aa8ecd9b39215945361f9,0000037996-26-000015,f-20251231.htm,Item 1A,ITEM_1A:bytes:1007484-1007510:sha256:2308d95138e5636d2d5589f54e55b81fab6ebffaabdc1e8311e08c1348e8d7a6,text,2025-01-01,2025-12-31,Legal and Regulatory Risks,Legal and Regulatory Risks,Legal and Regulatory Risks,verbatim_source_excerpt,TEXT_V1
Ford Motor Company,37996,D01,https://www.sec.gov/Archives/edgar/data/37996/000003799626000015/f-20251231.htm,evidence/request_attempts/3b/3bbda349b5831cfb9a2686dbdb7d87614bcdbe2d195aa8ecd9b39215945361f9/f-20251231.htm,3bbda349b5831cfb9a2686dbdb7d87614bcdbe2d195aa8ecd9b39215945361f9,0000037996-26-000015,f-20251231.htm,Item 1A,ITEM_1A:bytes:1007732-1007988:sha256:2a15185853b42332bc61f4fce19bc162c303f83e78a58876442b7117753e43ca,text,2025-01-01,2025-12-31,"Ford and Ford Credit have experienced and could continue to experience unusual or significant litigation, governmental investigations, or adverse publicity arising out of alleged defects in products, services, perceived environmental impacts, or otherwise.","Ford and Ford Credit have experienced and could continue to experience unusual or significant litigation, governmental investigations, or adverse publicity arising out of alleged defects in products, services, perceived environmental impacts, or otherwise.","Ford and Ford Credit have experienced and could continue to experience unusual or significant litigation, governmental investigations, or adverse publicity arising out of alleged defects in products, services, perceived environmental impacts, or otherwise.",verbatim_source_excerpt,TEXT_V1
Ford Motor Company,37996,D01,https://www.sec.gov/Archives/edgar/data/37996/000003799626000015/f-20251231.htm,evidence/request_attempts/3b/3bbda349b5831cfb9a2686dbdb7d87614bcdbe2d195aa8ecd9b39215945361f9/f-20251231.htm,3bbda349b5831cfb9a2686dbdb7d87614bcdbe2d195aa8ecd9b39215945361f9,0000037996-26-000015,f-20251231.htm,Item 1A,ITEM_1A:bytes:1012707-1013018:sha256:085d0bab25403206e34eac54618d76628c1f21e77857f9972d1970a1c613b309,text,2025-01-01,2025-12-31,"Ford may need to substantially modify its product plans and facilities to respond to shifting consumer sentiment and competitive dynamics as a result of policy changes affecting, or otherwise to comply with, safety, emissions, fuel economy, autonomous driving technology, environmental, and other regulations.","Ford may need to substantially modify its product plans and facilities to respond to shifting consumer sentiment and competitive dynamics as a result of policy changes affecting, or otherwise to comply with, safety, emissions, fuel economy, autonomous driving technology, environmental, and other regulations.","Ford may need to substantially modify its product plans and facilities to respond to shifting consumer sentiment and competitive dynamics as a result of policy changes affecting, or otherwise to comply with, safety, emissions, fuel economy, autonomous driving technology, environmental, and other regulations.",verbatim_source_excerpt,TEXT_V1
Ford Motor Company,37996,D01,https://www.sec.gov/Archives/edgar/data/37996/000003799626000015/f-20251231.htm,evidence/request_attempts/3b/3bbda349b5831cfb9a2686dbdb7d87614bcdbe2d195aa8ecd9b39215945361f9/f-20251231.htm,3bbda349b5831cfb9a2686dbdb7d87614bcdbe2d195aa8ecd9b39215945361f9,0000037996-26-000015,f-20251231.htm,Item 1A,ITEM_1A:bytes:1025043-1025321:sha256:ea44c836d56e7a3996a3d7362ff4a4da97552d13fcab12a364a7157be3460674,text,2025-01-01,2025-12-31,"Ford and Ford Credit could be affected by the continued development of more stringent privacy, data use, data protection, data access, and artificial intelligence laws and regulations as well as consumers’ heightened expectations to safeguard their personal information.","Ford and Ford Credit could be affected by the continued development of more stringent privacy, data use, data protection, data access, and artificial intelligence laws and regulations as well as consumers’ heightened expectations to safeguard their personal information.","Ford and Ford Credit could be affected by the continued development of more stringent privacy, data use, data protection, data access, and artificial intelligence laws and regulations as well as consumers’ heightened expectations to safeguard their personal information.",verbatim_source_excerpt,TEXT_V1
Ford Motor Company,37996,D01,https://www.sec.gov/Archives/edgar/data/37996/000003799626000015/f-20251231.htm,evidence/request_attempts/3b/3bbda349b5831cfb9a2686dbdb7d87614bcdbe2d195aa8ecd9b39215945361f9/f-20251231.htm,3bbda349b5831cfb9a2686dbdb7d87614bcdbe2d195aa8ecd9b39215945361f9,0000037996-26-000015,f-20251231.htm,Item 1A,ITEM_1A:bytes:1027445-1027702:sha256:6d0595f46fa5f66212b82986a9eefb0575b5a094bd94d80b5b636475ecb60f58,text,2025-01-01,2025-12-31,"Ford Credit could be subject to new or increased credit regulations, consumer protection regulations, or other regulations.","Ford Credit could be subject to new or increased credit regulations, consumer protection regulations, or other regulations.","Ford Credit could be subject to new or increased credit regulations, consumer protection regulations, or other regulations.",verbatim_source_excerpt,TEXT_V1
Pfizer,78003,D01,https://www.sec.gov/Archives/edgar/data/78003/000007800326000026/pfe-20251231.htm,evidence/request_attempts/17/175e07c21ee258eddd9952e443d34df2a297d0c38e2d1312dff0a64a31c401ab/pfe-20251231.htm,175e07c21ee258eddd9952e443d34df2a297d0c38e2d1312dff0a64a31c401ab,0000078003-26-000026,pfe-20251231.htm,Item 1A,ITEM_1A:bytes:1073496-1073551:sha256:2194ebb19d6a00de171e8946ba14fc27b6413b119f98851bf9d3ef8a5c3f4d11,text,2025-01-01,2025-12-31,"RISKS RELATED TO OUR BUSINESS, INDUSTRY AND OPERATIONS:","RISKS RELATED TO OUR BUSINESS, INDUSTRY AND OPERATIONS:","RISKS RELATED TO OUR BUSINESS, INDUSTRY AND OPERATIONS:",verbatim_source_excerpt,TEXT_V1
Pfizer,78003,D01,https://www.sec.gov/Archives/edgar/data/78003/000007800326000026/pfe-20251231.htm,evidence/request_attempts/17/175e07c21ee258eddd9952e443d34df2a297d0c38e2d1312dff0a64a31c401ab/pfe-20251231.htm,175e07c21ee258eddd9952e443d34df2a297d0c38e2d1312dff0a64a31c401ab,0000078003-26-000026,pfe-20251231.htm,Item 1A,ITEM_1A:bytes:1073716-1073735:sha256:2e97c8a3a7478444343de320c841946fdc87c0269b1c560f0a4084f6c1559005,text,2025-01-01,2025-12-31,MANAGED CARE TRENDS,MANAGED CARE TRENDS,MANAGED CARE TRENDS,verbatim_source_excerpt,TEXT_V1
Pfizer,78003,D01,https://www.sec.gov/Archives/edgar/data/78003/000007800326000026/pfe-20251231.htm,evidence/request_attempts/17/175e07c21ee258eddd9952e443d34df2a297d0c38e2d1312dff0a64a31c401ab/pfe-20251231.htm,175e07c21ee258eddd9952e443d34df2a297d0c38e2d1312dff0a64a31c401ab,0000078003-26-000026,pfe-20251231.htm,Item 1A,ITEM_1A:bytes:1080742-1080762:sha256:75f0ddb03f8b5f0c098cd04894fce14c9f97831f827dbb749ad2b65d7e6aaa6c,text,2025-01-01,2025-12-31,COMPETITIVE PRODUCTS,COMPETITIVE PRODUCTS,COMPETITIVE PRODUCTS,verbatim_source_excerpt,TEXT_V1
Pfizer,78003,D01,https://www.sec.gov/Archives/edgar/data/78003/000007800326000026/pfe-20251231.htm,evidence/request_attempts/17/175e07c21ee258eddd9952e443d34df2a297d0c38e2d1312dff0a64a31c401ab/pfe-20251231.htm,175e07c21ee258eddd9952e443d34df2a297d0c38e2d1312dff0a64a31c401ab,0000078003-26-000026,pfe-20251231.htm,Item 1A,ITEM_1A:bytes:1091233-1091246:sha256:374357e5e77d88b9dc4e3144bb11fb2d889aa310663ffea1157efec2ccd8e2b5,text,2025-01-01,2025-12-31,CONCENTRATION,CONCENTRATION,CONCENTRATION,verbatim_source_excerpt,TEXT_V1
Pfizer,78003,D01,https://www.sec.gov/Archives/edgar/data/78003/000007800326000026/pfe-20251231.htm,evidence/request_attempts/17/175e07c21ee258eddd9952e443d34df2a297d0c38e2d1312dff0a64a31c401ab/pfe-20251231.htm,175e07c21ee258eddd9952e443d34df2a297d0c38e2d1312dff0a64a31c401ab,0000078003-26-000026,pfe-20251231.htm,Item 1A,ITEM_1A:bytes:1098660-1098685:sha256:a7aa7e1dfbb81400ff53b745e67e73678ea5990a91ccceed7e419a073fbeb441,text,2025-01-01,2025-12-31,RESEARCH AND DEVELOPMENT,RESEARCH AND DEVELOPMENT,RESEARCH AND DEVELOPMENT,verbatim_source_excerpt,TEXT_V1
Pfizer,78003,D01,https://www.sec.gov/Archives/edgar/data/78003/000007800326000026/pfe-20251231.htm,evidence/request_attempts/17/175e07c21ee258eddd9952e443d34df2a297d0c38e2d1312dff0a64a31c401ab/pfe-20251231.htm,175e07c21ee258eddd9952e443d34df2a297d0c38e2d1312dff0a64a31c401ab,0000078003-26-000026,pfe-20251231.htm,Item 1A,ITEM_1A:bytes:1103775-1103792:sha256:4bdb6553a0e9d5778a5788c8ae5d14d6245054086d9c97d0a2c5caf425dad859,text,2025-01-01,2025-12-31,GLOBAL OPERATIONS,GLOBAL OPERATIONS,GLOBAL OPERATIONS,verbatim_source_excerpt,TEXT_V1
Pfizer,78003,D01,https://www.sec.gov/Archives/edgar/data/78003/000007800326000026/pfe-20251231.htm,evidence/request_attempts/17/175e07c21ee258eddd9952e443d34df2a297d0c38e2d1312dff0a64a31c401ab/pfe-20251231.htm,175e07c21ee258eddd9952e443d34df2a297d0c38e2d1312dff0a64a31c401ab,0000078003-26-000026,pfe-20251231.htm,Item 1A,ITEM_1A:bytes:1113446-1113494:sha256:9e3995e6ea8ac2e5b8f253ab6bf936a8efb5ae7a8dce4574fe3622c88fa7ee5e,text,2025-01-01,2025-12-31,"PRODUCT MANUFACTURING, SALES AND MARKETING RISKS","PRODUCT MANUFACTURING, SALES AND MARKETING RISKS","PRODUCT MANUFACTURING, SALES AND MARKETING RISKS",verbatim_source_excerpt,TEXT_V1
Pfizer,78003,D01,https://www.sec.gov/Archives/edgar/data/78003/000007800326000026/pfe-20251231.htm,evidence/request_attempts/17/175e07c21ee258eddd9952e443d34df2a297d0c38e2d1312dff0a64a31c401ab/pfe-20251231.htm,175e07c21ee258eddd9952e443d34df2a297d0c38e2d1312dff0a64a31c401ab,0000078003-26-000026,pfe-20251231.htm,Item 1A,ITEM_1A:bytes:1120187-1120245:sha256:fd54beb6faa7879d03930aa15f364b260b0aca1fb3889ced70113c4cadd267dd,text,2025-01-01,2025-12-31,COLLABORATIONS AND OTHER RELATIONSHIPS WITH THIRD PARTIES,COLLABORATIONS AND OTHER RELATIONSHIPS WITH THIRD PARTIES,COLLABORATIONS AND OTHER RELATIONSHIPS WITH THIRD PARTIES,verbatim_source_excerpt,TEXT_V1
Pfizer,78003,D01,https://www.sec.gov/Archives/edgar/data/78003/000007800326000026/pfe-20251231.htm,evidence/request_attempts/17/175e07c21ee258eddd9952e443d34df2a297d0c38e2d1312dff0a64a31c401ab/pfe-20251231.htm,175e07c21ee258eddd9952e443d34df2a297d0c38e2d1312dff0a64a31c401ab,0000078003-26-000026,pfe-20251231.htm,Item 1A,ITEM_1A:bytes:1123067-1123087:sha256:289a5f3867ca134cedd3e0474b7655b72e3a1db89ebb688dcae7adda75d30677,text,2025-01-01,2025-12-31,COUNTERFEIT PRODUCTS,COUNTERFEIT PRODUCTS,COUNTERFEIT PRODUCTS,verbatim_source_excerpt,TEXT_V1
Pfizer,78003,D01,https://www.sec.gov/Archives/edgar/data/78003/000007800326000026/pfe-20251231.htm,evidence/request_attempts/17/175e07c21ee258eddd9952e443d34df2a297d0c38e2d1312dff0a64a31c401ab/pfe-20251231.htm,175e07c21ee258eddd9952e443d34df2a297d0c38e2d1312dff0a64a31c401ab,0000078003-26-000026,pfe-20251231.htm,Item 1A,ITEM_1A:bytes:1126009-1126070:sha256:d27e601dfb6f3c97b32a0ef0008547ed798cc8e44d96910b331c95d9d88d5ae5,text,2025-01-01,2025-12-31,RISKS RELATED TO GOVERNMENT REGULATION AND LEGAL PROCEEDINGS:,RISKS RELATED TO GOVERNMENT REGULATION AND LEGAL PROCEEDINGS:,RISKS RELATED TO GOVERNMENT REGULATION AND LEGAL PROCEEDINGS:,verbatim_source_excerpt,TEXT_V1
Pfizer,78003,D01,https://www.sec.gov/Archives/edgar/data/78003/000007800326000026/pfe-20251231.htm,evidence/request_attempts/17/175e07c21ee258eddd9952e443d34df2a297d0c38e2d1312dff0a64a31c401ab/pfe-20251231.htm,175e07c21ee258eddd9952e443d34df2a297d0c38e2d1312dff0a64a31c401ab,0000078003-26-000026,pfe-20251231.htm,Item 1A,ITEM_1A:bytes:1126235-1126260:sha256:464fcefe685ab82f082165e7abe1cbd85df7a96c7d21c35482c82088a2d8473c,text,2025-01-01,2025-12-31,PRICING AND REIMBURSEMENT,PRICING AND REIMBURSEMENT,PRICING AND REIMBURSEMENT,verbatim_source_excerpt,TEXT_V1
Pfizer,78003,D01,https://www.sec.gov/Archives/edgar/data/78003/000007800326000026/pfe-20251231.htm,evidence/request_attempts/17/175e07c21ee258eddd9952e443d34df2a297d0c38e2d1312dff0a64a31c401ab/pfe-20251231.htm,175e07c21ee258eddd9952e443d34df2a297d0c38e2d1312dff0a64a31c401ab,0000078003-26-000026,pfe-20251231.htm,Item 1A,ITEM_1A:bytes:1140730-1140756:sha256:44f74e84cd63c26d015371cda2807588b86ec15a1d537ee9f1b00aa310a39267,text,2025-01-01,2025-12-31,U.S. HEALTHCARE REGULATION,U.S. HEALTHCARE REGULATION,U.S. HEALTHCARE REGULATION,verbatim_source_excerpt,TEXT_V1
Pfizer,78003,D01,https://www.sec.gov/Archives/edgar/data/78003/000007800326000026/pfe-20251231.htm,evidence/request_attempts/17/175e07c21ee258eddd9952e443d34df2a297d0c38e2d1312dff0a64a31c401ab/pfe-20251231.htm,175e07c21ee258eddd9952e443d34df2a297d0c38e2d1312dff0a64a31c401ab,0000078003-26-000026,pfe-20251231.htm,Item 1A,ITEM_1A:bytes:1146192-1146250:sha256:35f42bfed846dfc4a82eb0cd6de56dbc7e277872e84ea15d959a9f9cf25d39aa,text,2025-01-01,2025-12-31,"DEVELOPMENT, REGULATORY APPROVAL AND MARKETING OF PRODUCTS","DEVELOPMENT, REGULATORY APPROVAL AND MARKETING OF PRODUCTS","DEVELOPMENT, REGULATORY APPROVAL AND MARKETING OF PRODUCTS",verbatim_source_excerpt,TEXT_V1
Pfizer,78003,D01,https://www.sec.gov/Archives/edgar/data/78003/000007800326000026/pfe-20251231.htm,evidence/request_attempts/17/175e07c21ee258eddd9952e443d34df2a297d0c38e2d1312dff0a64a31c401ab/pfe-20251231.htm,175e07c21ee258eddd9952e443d34df2a297d0c38e2d1312dff0a64a31c401ab,0000078003-26-000026,pfe-20251231.htm,Item 1A,ITEM_1A:bytes:1155992-1156024:sha256:31d080c4844f16faff313cc9eda54417568ab4892e4c559e907ed3e37fc45dc4,text,2025-01-01,2025-12-31,POST-AUTHORIZATION/APPROVAL DATA,POST-AUTHORIZATION/APPROVAL DATA,POST-AUTHORIZATION/APPROVAL DATA,verbatim_source_excerpt,TEXT_V1
Pfizer,78003,D01,https://www.sec.gov/Archives/edgar/data/78003/000007800326000026/pfe-20251231.htm,evidence/request_attempts/17/175e07c21ee258eddd9952e443d34df2a297d0c38e2d1312dff0a64a31c401ab/pfe-20251231.htm,175e07c21ee258eddd9952e443d34df2a297d0c38e2d1312dff0a64a31c401ab,0000078003-26-000026,pfe-20251231.htm,Item 1A,ITEM_1A:bytes:1159115-1159128:sha256:60537d68a4832edb9979b33ac60a7223f481a78e2fd2046dd6d7da061b53e8fb,text,2025-01-01,2025-12-31,LEGAL MATTERS,LEGAL MATTERS,LEGAL MATTERS,verbatim_source_excerpt,TEXT_V1
Pfizer,78003,D01,https://www.sec.gov/Archives/edgar/data/78003/000007800326000026/pfe-20251231.htm,evidence/request_attempts/17/175e07c21ee258eddd9952e443d34df2a297d0c38e2d1312dff0a64a31c401ab/pfe-20251231.htm,175e07c21ee258eddd9952e443d34df2a297d0c38e2d1312dff0a64a31c401ab,0000078003-26-000026,pfe-20251231.htm,Item 1A,ITEM_1A:bytes:1167637-1167701:sha256:b9485dd74f606f79e15275dc76ea2646995151ac3d2c35dd2fb3498d17040d89,text,2025-01-01,2025-12-31,"RISKS RELATED TO INTELLECTUAL PROPERTY, TECHNOLOGY AND SECURITY:","RISKS RELATED TO INTELLECTUAL PROPERTY, TECHNOLOGY AND SECURITY:","RISKS RELATED TO INTELLECTUAL PROPERTY, TECHNOLOGY AND SECURITY:",verbatim_source_excerpt,TEXT_V1
Pfizer,78003,D01,https://www.sec.gov/Archives/edgar/data/78003/000007800326000026/pfe-20251231.htm,evidence/request_attempts/17/175e07c21ee258eddd9952e443d34df2a297d0c38e2d1312dff0a64a31c401ab/pfe-20251231.htm,175e07c21ee258eddd9952e443d34df2a297d0c38e2d1312dff0a64a31c401ab,0000078003-26-000026,pfe-20251231.htm,Item 1A,ITEM_1A:bytes:1167848-1167880:sha256:b222ad9387e9ec3d80a96ccfc77a71ad2394e5635d462df4e3c7355a0d7642f6,text,2025-01-01,2025-12-31,INTELLECTUAL PROPERTY PROTECTION,INTELLECTUAL PROPERTY PROTECTION,INTELLECTUAL PROPERTY PROTECTION,verbatim_source_excerpt,TEXT_V1
Pfizer,78003,D01,https://www.sec.gov/Archives/edgar/data/78003/000007800326000026/pfe-20251231.htm,evidence/request_attempts/17/175e07c21ee258eddd9952e443d34df2a297d0c38e2d1312dff0a64a31c401ab/pfe-20251231.htm,175e07c21ee258eddd9952e443d34df2a297d0c38e2d1312dff0a64a31c401ab,0000078003-26-000026,pfe-20251231.htm,Item 1A,ITEM_1A:bytes:1176524-1176564:sha256:901a20eb0d92205f0bbf7295ea1212829a2eaa9491a63b096821f84835318c1f,text,2025-01-01,2025-12-31,THIRD-PARTY INTELLECTUAL PROPERTY CLAIMS,THIRD-PARTY INTELLECTUAL PROPERTY CLAIMS,THIRD-PARTY INTELLECTUAL PROPERTY CLAIMS,verbatim_source_excerpt,TEXT_V1
Pfizer,78003,D01,https://www.sec.gov/Archives/edgar/data/78003/000007800326000026/pfe-20251231.htm,evidence/request_attempts/17/175e07c21ee258eddd9952e443d34df2a297d0c38e2d1312dff0a64a31c401ab/pfe-20251231.htm,175e07c21ee258eddd9952e443d34df2a297d0c38e2d1312dff0a64a31c401ab,0000078003-26-000026,pfe-20251231.htm,Item 1A,ITEM_1A:bytes:1180368-1180409:sha256:ed76d7942b71e19f369b1ce643578f90d85b3fdafce8f04fd9cf8a1a7ed86287,text,2025-01-01,2025-12-31,INFORMATION TECHNOLOGY AND CYBERSECURITY,INFORMATION TECHNOLOGY AND CYBERSECURITY,INFORMATION TECHNOLOGY AND CYBERSECURITY,verbatim_source_excerpt,TEXT_V1
Pfizer,78003,D01,https://www.sec.gov/Archives/edgar/data/78003/000007800326000026/pfe-20251231.htm,evidence/request_attempts/17/175e07c21ee258eddd9952e443d34df2a297d0c38e2d1312dff0a64a31c401ab/pfe-20251231.htm,175e07c21ee258eddd9952e443d34df2a297d0c38e2d1312dff0a64a31c401ab,0000078003-26-000026,pfe-20251231.htm,Item 1A,ITEM_1A:bytes:1188936-1188949:sha256:8733fb2ab7e0a72a37e62b7e39933ebb093171df47c300faa1b43e5adeb16cfa,text,2025-01-01,2025-12-31,GENERAL RISKS,GENERAL RISKS,GENERAL RISKS,verbatim_source_excerpt,TEXT_V1
Pfizer,78003,D01,https://www.sec.gov/Archives/edgar/data/78003/000007800326000026/pfe-20251231.htm,evidence/request_attempts/17/175e07c21ee258eddd9952e443d34df2a297d0c38e2d1312dff0a64a31c401ab/pfe-20251231.htm,175e07c21ee258eddd9952e443d34df2a297d0c38e2d1312dff0a64a31c401ab,0000078003-26-000026,pfe-20251231.htm,Item 1A,ITEM_1A:bytes:1189096-1189147:sha256:6d1e6b7194dc27c65db9a7d9f41ce479ae7cda31a67d7473bb82eaee2b6be59e,text,2025-01-01,2025-12-31,BUSINESS DEVELOPMENT ACTIVITIES AND STRATEGIC GOALS,BUSINESS DEVELOPMENT ACTIVITIES AND STRATEGIC GOALS,BUSINESS DEVELOPMENT ACTIVITIES AND STRATEGIC GOALS,verbatim_source_excerpt,TEXT_V1
Pfizer,78003,D01,https://www.sec.gov/Archives/edgar/data/78003/000007800326000026/pfe-20251231.htm,evidence/request_attempts/17/175e07c21ee258eddd9952e443d34df2a297d0c38e2d1312dff0a64a31c401ab/pfe-20251231.htm,175e07c21ee258eddd9952e443d34df2a297d0c38e2d1312dff0a64a31c401ab,0000078003-26-000026,pfe-20251231.htm,Item 1A,ITEM_1A:bytes:1194841-1194850:sha256:ccdbaca3622b6337a4d051adb5c851281e5bce3c94a6ee79b2949161c4307f37,text,2025-01-01,2025-12-31,PANDEMICS,PANDEMICS,PANDEMICS,verbatim_source_excerpt,TEXT_V1
Pfizer,78003,D01,https://www.sec.gov/Archives/edgar/data/78003/000007800326000026/pfe-20251231.htm,evidence/request_attempts/17/175e07c21ee258eddd9952e443d34df2a297d0c38e2d1312dff0a64a31c401ab/pfe-20251231.htm,175e07c21ee258eddd9952e443d34df2a297d0c38e2d1312dff0a64a31c401ab,0000078003-26-000026,pfe-20251231.htm,Item 1A,ITEM_1A:bytes:1196482-1196490:sha256:caf96d0a55decaa41cdbfb2e0376cf8a290aeb30989f8494a1f2b4f87eb72630,text,2025-01-01,2025-12-31,COVID-19,COVID-19,COVID-19,verbatim_source_excerpt,TEXT_V1
Pfizer,78003,D01,https://www.sec.gov/Archives/edgar/data/78003/000007800326000026/pfe-20251231.htm,evidence/request_attempts/17/175e07c21ee258eddd9952e443d34df2a297d0c38e2d1312dff0a64a31c401ab/pfe-20251231.htm,175e07c21ee258eddd9952e443d34df2a297d0c38e2d1312dff0a64a31c401ab,0000078003-26-000026,pfe-20251231.htm,Item 1A,ITEM_1A:bytes:1200072-1200102:sha256:6e47440f0d0138adf5544facb270da0ecb323e71aadd0fb1bdcb9b282e94505c,text,2025-01-01,2025-12-31,RESPONSIBLE BUSINESS PRACTICES,RESPONSIBLE BUSINESS PRACTICES,RESPONSIBLE BUSINESS PRACTICES,verbatim_source_excerpt,TEXT_V1
Pfizer,78003,D01,https://www.sec.gov/Archives/edgar/data/78003/000007800326000026/pfe-20251231.htm,evidence/request_attempts/17/175e07c21ee258eddd9952e443d34df2a297d0c38e2d1312dff0a64a31c401ab/pfe-20251231.htm,175e07c21ee258eddd9952e443d34df2a297d0c38e2d1312dff0a64a31c401ab,0000078003-26-000026,pfe-20251231.htm,Item 1A,ITEM_1A:bytes:1204031-1204086:sha256:f22d038e814722d667bb1edb23619fae2d2a6d30d9aeb02d78aebba6b1fd31d8,text,2025-01-01,2025-12-31,MARKET FLUCTUATIONS IN OUR EQUITY AND OTHER INVESTMENTS,MARKET FLUCTUATIONS IN OUR EQUITY AND OTHER INVESTMENTS,MARKET FLUCTUATIONS IN OUR EQUITY AND OTHER INVESTMENTS,verbatim_source_excerpt,TEXT_V1
Pfizer,78003,D01,https://www.sec.gov/Archives/edgar/data/78003/000007800326000026/pfe-20251231.htm,evidence/request_attempts/17/175e07c21ee258eddd9952e443d34df2a297d0c38e2d1312dff0a64a31c401ab/pfe-20251231.htm,175e07c21ee258eddd9952e443d34df2a297d0c38e2d1312dff0a64a31c401ab,0000078003-26-000026,pfe-20251231.htm,Item 1A,ITEM_1A:bytes:1208171-1208214:sha256:c87196c794b14e96ea183a4df6e48647f23cc111d3ad131cd39ac364445ec59b,text,2025-01-01,2025-12-31,COST AND EXPENSE CONTROL AND UNUSUAL EVENTS,COST AND EXPENSE CONTROL AND UNUSUAL EVENTS,COST AND EXPENSE CONTROL AND UNUSUAL EVENTS,verbatim_source_excerpt,TEXT_V1
Pfizer,78003,D01,https://www.sec.gov/Archives/edgar/data/78003/000007800326000026/pfe-20251231.htm,evidence/request_attempts/17/175e07c21ee258eddd9952e443d34df2a297d0c38e2d1312dff0a64a31c401ab/pfe-20251231.htm,175e07c21ee258eddd9952e443d34df2a297d0c38e2d1312dff0a64a31c401ab,0000078003-26-000026,pfe-20251231.htm,Item 1A,ITEM_1A:bytes:1209997-1210054:sha256:9adfda485f8419c7f2d148d32c454499a229c86d39e83925940f3b5f89767241,text,2025-01-01,2025-12-31,"INTANGIBLE ASSETS, GOODWILL AND EQUITY-METHOD INVESTMENTS","INTANGIBLE ASSETS, GOODWILL AND EQUITY-METHOD INVESTMENTS","INTANGIBLE ASSETS, GOODWILL AND EQUITY-METHOD INVESTMENTS",verbatim_source_excerpt,TEXT_V1
Pfizer,78003,D01,https://www.sec.gov/Archives/edgar/data/78003/000007800326000026/pfe-20251231.htm,evidence/request_attempts/17/175e07c21ee258eddd9952e443d34df2a297d0c38e2d1312dff0a64a31c401ab/pfe-20251231.htm,175e07c21ee258eddd9952e443d34df2a297d0c38e2d1312dff0a64a31c401ab,0000078003-26-000026,pfe-20251231.htm,Item 1A,ITEM_1A:bytes:1214431-1214471:sha256:61384a786eb20c8039d79aae7cc5657703b2b9491013c61b05a1f9d62b9f347b,text,2025-01-01,2025-12-31,CHANGES IN LAWS AND ACCOUNTING STANDARDS,CHANGES IN LAWS AND ACCOUNTING STANDARDS,CHANGES IN LAWS AND ACCOUNTING STANDARDS,verbatim_source_excerpt,TEXT_V1
JPMorgan Chase,19617,D01,https://www.sec.gov/Archives/edgar/data/19617/000162828026008131/jpm-20251231.htm,evidence/request_attempts/4d/4d9febdbc2038dcdca8726053286df4cbbfd48885051cbd781efcc3becb66a23/jpm-20251231.htm,4d9febdbc2038dcdca8726053286df4cbbfd48885051cbd781efcc3becb66a23,0001628280-26-008131,jpm-20251231.htm,Item 1A,ITEM_1A:bytes:1386740-1386747:sha256:8e76a94ac8320d515375e625bef1829238b097ecbd33611b59eeefd4ffefebfb,text,2025-01-01,2025-12-31,Summary,Summary,Summary,verbatim_source_excerpt,TEXT_V1
JPMorgan Chase,19617,D01,https://www.sec.gov/Archives/edgar/data/19617/000162828026008131/jpm-20251231.htm,evidence/request_attempts/4d/4d9febdbc2038dcdca8726053286df4cbbfd48885051cbd781efcc3becb66a23/jpm-20251231.htm,4d9febdbc2038dcdca8726053286df4cbbfd48885051cbd781efcc3becb66a23,0001628280-26-008131,jpm-20251231.htm,Item 1A,ITEM_1A:bytes:1400705-1400725:sha256:ebae5e08017757e0a624f73abc0554c7e89b9def80f03cea263c6f38b313a1a4,text,2025-01-01,2025-12-31,Legal and Regulatory,Legal and Regulatory,Legal and Regulatory,verbatim_source_excerpt,TEXT_V1
JPMorgan Chase,19617,D01,https://www.sec.gov/Archives/edgar/data/19617/000162828026008131/jpm-20251231.htm,evidence/request_attempts/4d/4d9febdbc2038dcdca8726053286df4cbbfd48885051cbd781efcc3becb66a23/jpm-20251231.htm,4d9febdbc2038dcdca8726053286df4cbbfd48885051cbd781efcc3becb66a23,0001628280-26-008131,jpm-20251231.htm,Item 1A,ITEM_1A:bytes:1400876-1401008:sha256:2eaa6fc357fb325bc9ff6c9ab728695ac77c107f58bf48849f3039c7bad0ae17,text,2025-01-01,2025-12-31,JPMorganChase’s businesses are highly regulated and are significantly affected by applicable law and supervisory expectations.,JPMorganChase’s businesses are highly regulated and are significantly affected by applicable law and supervisory expectations.,JPMorganChase’s businesses are highly regulated and are significantly affected by applicable law and supervisory expectations.,verbatim_source_excerpt,TEXT_V1
JPMorgan Chase,19617,D01,https://www.sec.gov/Archives/edgar/data/19617/000162828026008131/jpm-20251231.htm,evidence/request_attempts/4d/4d9febdbc2038dcdca8726053286df4cbbfd48885051cbd781efcc3becb66a23/jpm-20251231.htm,4d9febdbc2038dcdca8726053286df4cbbfd48885051cbd781efcc3becb66a23,0001628280-26-008131,jpm-20251231.htm,Item 1A,ITEM_1A:bytes:1408606-1408783:sha256:515ecb3ee38a1f7cd6399bfc74db82e788e8a59d2e8be2415aac2cbf77c15028,text,2025-01-01,2025-12-31,Differences in the supervision and regulation of financial services firms could require JPMorganChase to modify its operations and incur higher operational and compliance costs.,Differences in the supervision and regulation of financial services firms could require JPMorganChase to modify its operations and incur higher operational and compliance costs.,Differences in the supervision and regulation of financial services firms could require JPMorganChase to modify its operations and incur higher operational and compliance costs.,verbatim_source_excerpt,TEXT_V1
JPMorgan Chase,19617,D01,https://www.sec.gov/Archives/edgar/data/19617/000162828026008131/jpm-20251231.htm,evidence/request_attempts/4d/4d9febdbc2038dcdca8726053286df4cbbfd48885051cbd781efcc3becb66a23/jpm-20251231.htm,4d9febdbc2038dcdca8726053286df4cbbfd48885051cbd781efcc3becb66a23,0001628280-26-008131,jpm-20251231.htm,Item 1A,ITEM_1A:bytes:1418765-1418911:sha256:c44ebebd47a90fb0bb832f97fbf700ed41a5ad74053cfe0cb3039da253327c6f,text,2025-01-01,2025-12-31,"JPMorganChase faces significant legal risks from civil and governmental proceedings, including litigation, investigations and enforcement actions.","JPMorganChase faces significant legal risks from civil and governmental proceedings, including litigation, investigations and enforcement actions.","JPMorganChase faces significant legal risks from civil and governmental proceedings, including litigation, investigations and enforcement actions.",verbatim_source_excerpt,TEXT_V1
JPMorgan Chase,19617,D01,https://www.sec.gov/Archives/edgar/data/19617/000162828026008131/jpm-20251231.htm,evidence/request_attempts/4d/4d9febdbc2038dcdca8726053286df4cbbfd48885051cbd781efcc3becb66a23/jpm-20251231.htm,4d9febdbc2038dcdca8726053286df4cbbfd48885051cbd781efcc3becb66a23,0001628280-26-008131,jpm-20251231.htm,Item 1A,ITEM_1A:bytes:1420393-1420525:sha256:2450d9d829bac75e3f481cd20443646e274f3ae9eccd0ff5e18b10602efa185f,text,2025-01-01,2025-12-31,Resolving an investigation by a governmental authority could subject JPMorganChase to significant penalties and other repercussions.,Resolving an investigation by a governmental authority could subject JPMorganChase to significant penalties and other repercussions.,Resolving an investigation by a governmental authority could subject JPMorganChase to significant penalties and other repercussions.,verbatim_source_excerpt,TEXT_V1
JPMorgan Chase,19617,D01,https://www.sec.gov/Archives/edgar/data/19617/000162828026008131/jpm-20251231.htm,evidence/request_attempts/4d/4d9febdbc2038dcdca8726053286df4cbbfd48885051cbd781efcc3becb66a23/jpm-20251231.htm,4d9febdbc2038dcdca8726053286df4cbbfd48885051cbd781efcc3becb66a23,0001628280-26-008131,jpm-20251231.htm,Item 1A,ITEM_1A:bytes:1432768-1432923:sha256:e3a044b76424629fba920cd091a14e5cef3e0da5c546bbb22edd1019aef28000,text,2025-01-01,2025-12-31,"JPMorganChase’s compliance risk and operating costs could be higher in jurisdictions with less predictable legal, regulatory and judicial frameworks.","JPMorganChase’s compliance risk and operating costs could be higher in jurisdictions with less predictable legal, regulatory and judicial frameworks.","JPMorganChase’s compliance risk and operating costs could be higher in jurisdictions with less predictable legal, regulatory and judicial frameworks.",verbatim_source_excerpt,TEXT_V1
JPMorgan Chase,19617,D01,https://www.sec.gov/Archives/edgar/data/19617/000162828026008131/jpm-20251231.htm,evidence/request_attempts/4d/4d9febdbc2038dcdca8726053286df4cbbfd48885051cbd781efcc3becb66a23/jpm-20251231.htm,4d9febdbc2038dcdca8726053286df4cbbfd48885051cbd781efcc3becb66a23,0001628280-26-008131,jpm-20251231.htm,Item 1A,ITEM_1A:bytes:1438603-1438808:sha256:65494fab8b685dc8d94a3e2dff4e14890df1f3aef0e06270e9dba00860020ab6,text,2025-01-01,2025-12-31,JPMorganChase's business and operations could be negatively affected by governmental policies that discourage or penalize doing business with certain industries or that require specific business practices.,JPMorganChase's business and operations could be negatively affected by governmental policies that discourage or penalize doing business with certain industries or that require specific business practices.,JPMorganChase's business and operations could be negatively affected by governmental policies that discourage or penalize doing business with certain industries or that require specific business practices.,verbatim_source_excerpt,TEXT_V1
JPMorgan Chase,19617,D01,https://www.sec.gov/Archives/edgar/data/19617/000162828026008131/jpm-20251231.htm,evidence/request_attempts/4d/4d9febdbc2038dcdca8726053286df4cbbfd48885051cbd781efcc3becb66a23/jpm-20251231.htm,4d9febdbc2038dcdca8726053286df4cbbfd48885051cbd781efcc3becb66a23,0001628280-26-008131,jpm-20251231.htm,Item 1A,ITEM_1A:bytes:1441787-1441992:sha256:5bf0254cb8ee814c5951820ab3d29e7039c9744b3110cdfc95921de945c5e645,text,2025-01-01,2025-12-31,Changes in the requirements for the regulatory evaluation of JPMorganChase’s resolution plan could increase its funding or operational costs or require restructuring or curtailment of its businesses.,Changes in the requirements for the regulatory evaluation of JPMorganChase’s resolution plan could increase its funding or operational costs or require restructuring or curtailment of its businesses.,Changes in the requirements for the regulatory evaluation of JPMorganChase’s resolution plan could increase its funding or operational costs or require restructuring or curtailment of its businesses.,verbatim_source_excerpt,TEXT_V1
JPMorgan Chase,19617,D01,https://www.sec.gov/Archives/edgar/data/19617/000162828026008131/jpm-20251231.htm,evidence/request_attempts/4d/4d9febdbc2038dcdca8726053286df4cbbfd48885051cbd781efcc3becb66a23/jpm-20251231.htm,4d9febdbc2038dcdca8726053286df4cbbfd48885051cbd781efcc3becb66a23,0001628280-26-008131,jpm-20251231.htm,Item 1A,ITEM_1A:bytes:1443934-1444062:sha256:2ada2402a074d43e8c6824a5a25c4bdc7a8eea139c3965081eb236e666a121ca,text,2025-01-01,2025-12-31,Holders of JPMorgan Chase & Co.’s debt and equity securities will absorb losses if it were to enter into a resolution.,Holders of JPMorgan Chase & Co.’s debt and equity securities will absorb losses if it were to enter into a resolution.,Holders of JPMorgan Chase & Co.’s debt and equity securities will absorb losses if it were to enter into a resolution.,verbatim_source_excerpt,TEXT_V1
JPMorgan Chase,19617,D01,https://www.sec.gov/Archives/edgar/data/19617/000162828026008131/jpm-20251231.htm,evidence/request_attempts/4d/4d9febdbc2038dcdca8726053286df4cbbfd48885051cbd781efcc3becb66a23/jpm-20251231.htm,4d9febdbc2038dcdca8726053286df4cbbfd48885051cbd781efcc3becb66a23,0001628280-26-008131,jpm-20251231.htm,Item 1A,ITEM_1A:bytes:1449156-1449165:sha256:bc261a00ef7fe70749eae118d7054671d9776e87261dd3eb61fedecd3590ae50,text,2025-01-01,2025-12-31,Political,Political,Political,verbatim_source_excerpt,TEXT_V1
JPMorgan Chase,19617,D01,https://www.sec.gov/Archives/edgar/data/19617/000162828026008131/jpm-20251231.htm,evidence/request_attempts/4d/4d9febdbc2038dcdca8726053286df4cbbfd48885051cbd781efcc3becb66a23/jpm-20251231.htm,4d9febdbc2038dcdca8726053286df4cbbfd48885051cbd781efcc3becb66a23,0001628280-26-008131,jpm-20251231.htm,Item 1A,ITEM_1A:bytes:1449316-1449457:sha256:4e344ab5e0086519aa5c6c7b859281c2999859595f43d108d9f502ebfec7c409,text,2025-01-01,2025-12-31,JPMorganChase’s businesses could be negatively affected by economic uncertainty resulting from political and geopolitical developments.,JPMorganChase’s businesses could be negatively affected by economic uncertainty resulting from political and geopolitical developments.,JPMorganChase’s businesses could be negatively affected by economic uncertainty resulting from political and geopolitical developments.,verbatim_source_excerpt,TEXT_V1
JPMorgan Chase,19617,D01,https://www.sec.gov/Archives/edgar/data/19617/000162828026008131/jpm-20251231.htm,evidence/request_attempts/4d/4d9febdbc2038dcdca8726053286df4cbbfd48885051cbd781efcc3becb66a23/jpm-20251231.htm,4d9febdbc2038dcdca8726053286df4cbbfd48885051cbd781efcc3becb66a23,0001628280-26-008131,jpm-20251231.htm,Item 1A,ITEM_1A:bytes:1464381-1464387:sha256:5238d9bd03d543e62fff76cbea6a2392a95f42110e36c282e4c919991f607daf,text,2025-01-01,2025-12-31,Market,Market,Market,verbatim_source_excerpt,TEXT_V1
JPMorgan Chase,19617,D01,https://www.sec.gov/Archives/edgar/data/19617/000162828026008131/jpm-20251231.htm,evidence/request_attempts/4d/4d9febdbc2038dcdca8726053286df4cbbfd48885051cbd781efcc3becb66a23/jpm-20251231.htm,4d9febdbc2038dcdca8726053286df4cbbfd48885051cbd781efcc3becb66a23,0001628280-26-008131,jpm-20251231.htm,Item 1A,ITEM_1A:bytes:1464538-1464699:sha256:4afc6efee134f2c7f5bd63d246bccda6d9ced8672b314501bd04467cb7d26bf8,text,2025-01-01,2025-12-31,Adverse economic and market events and conditions could negatively affect JPMorganChase’s results of operations and investment and market-making positions.,Adverse economic and market events and conditions could negatively affect JPMorganChase’s results of operations and investment and market-making positions.,Adverse economic and market events and conditions could negatively affect JPMorganChase’s results of operations and investment and market-making positions.,verbatim_source_excerpt,TEXT_V1
JPMorgan Chase,19617,D01,https://www.sec.gov/Archives/edgar/data/19617/000162828026008131/jpm-20251231.htm,evidence/request_attempts/4d/4d9febdbc2038dcdca8726053286df4cbbfd48885051cbd781efcc3becb66a23/jpm-20251231.htm,4d9febdbc2038dcdca8726053286df4cbbfd48885051cbd781efcc3becb66a23,0001628280-26-008131,jpm-20251231.htm,Item 1A,ITEM_1A:bytes:1472249-1472396:sha256:b012db8d65f33ea451d1bccaf9541619fdd46cfc9b9a84a08ecf51c3bee28fbd,text,2025-01-01,2025-12-31,JPMorganChase’s consumer businesses could be negatively affected by adverse economic conditions and adverse impacts of governmental policies.,JPMorganChase’s consumer businesses could be negatively affected by adverse economic conditions and adverse impacts of governmental policies.,JPMorganChase’s consumer businesses could be negatively affected by adverse economic conditions and adverse impacts of governmental policies.,verbatim_source_excerpt,TEXT_V1
JPMorgan Chase,19617,D01,https://www.sec.gov/Archives/edgar/data/19617/000162828026008131/jpm-20251231.htm,evidence/request_attempts/4d/4d9febdbc2038dcdca8726053286df4cbbfd48885051cbd781efcc3becb66a23/jpm-20251231.htm,4d9febdbc2038dcdca8726053286df4cbbfd48885051cbd781efcc3becb66a23,0001628280-26-008131,jpm-20251231.htm,Item 1A,ITEM_1A:bytes:1477661-1477770:sha256:e979770881b464f9cef40c92c1f14665cb8424b82c82a77210b34cd0d09715a9,text,2025-01-01,2025-12-31,Unfavorable market and economic conditions could adversely affect JPMorganChase’s wholesale businesses.,Unfavorable market and economic conditions could adversely affect JPMorganChase’s wholesale businesses.,Unfavorable market and economic conditions could adversely affect JPMorganChase’s wholesale businesses.,verbatim_source_excerpt,TEXT_V1
JPMorgan Chase,19617,D01,https://www.sec.gov/Archives/edgar/data/19617/000162828026008131/jpm-20251231.htm,evidence/request_attempts/4d/4d9febdbc2038dcdca8726053286df4cbbfd48885051cbd781efcc3becb66a23/jpm-20251231.htm,4d9febdbc2038dcdca8726053286df4cbbfd48885051cbd781efcc3becb66a23,0001628280-26-008131,jpm-20251231.htm,Item 1A,ITEM_1A:bytes:1483637-1483773:sha256:baaf97769d78d7bc66f022a417f9eb3c520883031ab2bdc5938a18120969bf6c,text,2025-01-01,2025-12-31,Changes in interest rates and credit spreads could adversely affect JPMorganChase’s earnings or its liquidity and capital levels.,Changes in interest rates and credit spreads could adversely affect JPMorganChase’s earnings or its liquidity and capital levels.,Changes in interest rates and credit spreads could adversely affect JPMorganChase’s earnings or its liquidity and capital levels.,verbatim_source_excerpt,TEXT_V1
JPMorgan Chase,19617,D01,https://www.sec.gov/Archives/edgar/data/19617/000162828026008131/jpm-20251231.htm,evidence/request_attempts/4d/4d9febdbc2038dcdca8726053286df4cbbfd48885051cbd781efcc3becb66a23/jpm-20251231.htm,4d9febdbc2038dcdca8726053286df4cbbfd48885051cbd781efcc3becb66a23,0001628280-26-008131,jpm-20251231.htm,Item 1A,ITEM_1A:bytes:1490333-1490481:sha256:3bd39680913488dac6e0f08f586fa5d4590d014ea135ddb75d747cc74972f777,text,2025-01-01,2025-12-31,JPMorganChase’s results could be materially affected by market fluctuations and significant changes in the valuation of financial instruments.,JPMorganChase’s results could be materially affected by market fluctuations and significant changes in the valuation of financial instruments.,JPMorganChase’s results could be materially affected by market fluctuations and significant changes in the valuation of financial instruments.,verbatim_source_excerpt,TEXT_V1
JPMorgan Chase,19617,D01,https://www.sec.gov/Archives/edgar/data/19617/000162828026008131/jpm-20251231.htm,evidence/request_attempts/4d/4d9febdbc2038dcdca8726053286df4cbbfd48885051cbd781efcc3becb66a23/jpm-20251231.htm,4d9febdbc2038dcdca8726053286df4cbbfd48885051cbd781efcc3becb66a23,0001628280-26-008131,jpm-20251231.htm,Item 1A,ITEM_1A:bytes:1493108-1493114:sha256:fb1875d0a5e85f29f239c293e5837e234fa07068b040fd11c2078c28df7d72d4,text,2025-01-01,2025-12-31,Credit,Credit,Credit,verbatim_source_excerpt,TEXT_V1
JPMorgan Chase,19617,D01,https://www.sec.gov/Archives/edgar/data/19617/000162828026008131/jpm-20251231.htm,evidence/request_attempts/4d/4d9febdbc2038dcdca8726053286df4cbbfd48885051cbd781efcc3becb66a23/jpm-20251231.htm,4d9febdbc2038dcdca8726053286df4cbbfd48885051cbd781efcc3becb66a23,0001628280-26-008131,jpm-20251231.htm,Item 1A,ITEM_1A:bytes:1493265-1493417:sha256:97a436ae9edb71dc284e91d4716b1f14bf85f32c5908090ae00b3b59beff2e4a,text,2025-01-01,2025-12-31,"JPMorganChase could be negatively affected by adverse changes in the financial condition of clients, counterparties, CCPs and other market participants.","JPMorganChase could be negatively affected by adverse changes in the financial condition of clients, counterparties, CCPs and other market participants.","JPMorganChase could be negatively affected by adverse changes in the financial condition of clients, counterparties, CCPs and other market participants.",verbatim_source_excerpt,TEXT_V1
JPMorgan Chase,19617,D01,https://www.sec.gov/Archives/edgar/data/19617/000162828026008131/jpm-20251231.htm,evidence/request_attempts/4d/4d9febdbc2038dcdca8726053286df4cbbfd48885051cbd781efcc3becb66a23/jpm-20251231.htm,4d9febdbc2038dcdca8726053286df4cbbfd48885051cbd781efcc3becb66a23,0001628280-26-008131,jpm-20251231.htm,Item 1A,ITEM_1A:bytes:1500654-1500724:sha256:c4ea7b1be07af0821e2bff4ee2a31b1db5f735d5436dd35316eb0b8fbc2081f7,text,2025-01-01,2025-12-31,JPMorganChase could suffer losses if the value of collateral declines.,JPMorganChase could suffer losses if the value of collateral declines.,JPMorganChase could suffer losses if the value of collateral declines.,verbatim_source_excerpt,TEXT_V1
JPMorgan Chase,19617,D01,https://www.sec.gov/Archives/edgar/data/19617/000162828026008131/jpm-20251231.htm,evidence/request_attempts/4d/4d9febdbc2038dcdca8726053286df4cbbfd48885051cbd781efcc3becb66a23/jpm-20251231.htm,4d9febdbc2038dcdca8726053286df4cbbfd48885051cbd781efcc3becb66a23,0001628280-26-008131,jpm-20251231.htm,Item 1A,ITEM_1A:bytes:1504193-1504292:sha256:0610b6201b991145e2d951ac54e1dd77179e2a9aa83c06ee761722c967018044,text,2025-01-01,2025-12-31,JPMorganChase could incur significant losses arising from concentrations of credit and market risk.,JPMorganChase could incur significant losses arising from concentrations of credit and market risk.,JPMorganChase could incur significant losses arising from concentrations of credit and market risk.,verbatim_source_excerpt,TEXT_V1
JPMorgan Chase,19617,D01,https://www.sec.gov/Archives/edgar/data/19617/000162828026008131/jpm-20251231.htm,evidence/request_attempts/4d/4d9febdbc2038dcdca8726053286df4cbbfd48885051cbd781efcc3becb66a23/jpm-20251231.htm,4d9febdbc2038dcdca8726053286df4cbbfd48885051cbd781efcc3becb66a23,0001628280-26-008131,jpm-20251231.htm,Item 1A,ITEM_1A:bytes:1509980-1509989:sha256:04864c05049e9d2e7a2ed9d58db8c07dbbfde8eb2f2b20406554fbff867bd17b,text,2025-01-01,2025-12-31,Liquidity,Liquidity,Liquidity,verbatim_source_excerpt,TEXT_V1
JPMorgan Chase,19617,D01,https://www.sec.gov/Archives/edgar/data/19617/000162828026008131/jpm-20251231.htm,evidence/request_attempts/4d/4d9febdbc2038dcdca8726053286df4cbbfd48885051cbd781efcc3becb66a23/jpm-20251231.htm,4d9febdbc2038dcdca8726053286df4cbbfd48885051cbd781efcc3becb66a23,0001628280-26-008131,jpm-20251231.htm,Item 1A,ITEM_1A:bytes:1510140-1510247:sha256:f5b0e3f79ee08e983dd6713b36316dd110281c40f0271b2ed3747d7d0f7302f4,text,2025-01-01,2025-12-31,JPMorganChase’s ability to operate its businesses could be impaired if its liquidity is constrained.,JPMorganChase’s ability to operate its businesses could be impaired if its liquidity is constrained.,JPMorganChase’s ability to operate its businesses could be impaired if its liquidity is constrained.,verbatim_source_excerpt,TEXT_V1
JPMorgan Chase,19617,D01,https://www.sec.gov/Archives/edgar/data/19617/000162828026008131/jpm-20251231.htm,evidence/request_attempts/4d/4d9febdbc2038dcdca8726053286df4cbbfd48885051cbd781efcc3becb66a23/jpm-20251231.htm,4d9febdbc2038dcdca8726053286df4cbbfd48885051cbd781efcc3becb66a23,0001628280-26-008131,jpm-20251231.htm,Item 1A,ITEM_1A:bytes:1517896-1518033:sha256:c1092b5e40a6a98215225abc9084b16b21876e86dd9e6e41fb667ab61314a11c,text,2025-01-01,2025-12-31,JPMorgan Chase & Co. is a holding company and depends on its subsidiaries for funding to make payments on its outstanding securities.,JPMorgan Chase & Co. is a holding company and depends on its subsidiaries for funding to make payments on its outstanding securities.,JPMorgan Chase & Co. is a holding company and depends on its subsidiaries for funding to make payments on its outstanding securities.,verbatim_source_excerpt,TEXT_V1
JPMorgan Chase,19617,D01,https://www.sec.gov/Archives/edgar/data/19617/000162828026008131/jpm-20251231.htm,evidence/request_attempts/4d/4d9febdbc2038dcdca8726053286df4cbbfd48885051cbd781efcc3becb66a23/jpm-20251231.htm,4d9febdbc2038dcdca8726053286df4cbbfd48885051cbd781efcc3becb66a23,0001628280-26-008131,jpm-20251231.htm,Item 1A,ITEM_1A:bytes:1521988-1522104:sha256:b9b7bf1a1c4997fa9092aaea650621dc36091caa883fb8e43aec8571aa697e4b,text,2025-01-01,2025-12-31,JPMorganChase’s liquidity and cost of funding could be adversely affected by downgrades in its credit ratings.,JPMorganChase’s liquidity and cost of funding could be adversely affected by downgrades in its credit ratings.,JPMorganChase’s liquidity and cost of funding could be adversely affected by downgrades in its credit ratings.,verbatim_source_excerpt,TEXT_V1
JPMorgan Chase,19617,D01,https://www.sec.gov/Archives/edgar/data/19617/000162828026008131/jpm-20251231.htm,evidence/request_attempts/4d/4d9febdbc2038dcdca8726053286df4cbbfd48885051cbd781efcc3becb66a23/jpm-20251231.htm,4d9febdbc2038dcdca8726053286df4cbbfd48885051cbd781efcc3becb66a23,0001628280-26-008131,jpm-20251231.htm,Item 1A,ITEM_1A:bytes:1527917-1527924:sha256:1a1cf792579989ad4b56922351cf24bc54f15f45fd04e92347394e73a66d0bd7,text,2025-01-01,2025-12-31,Capital,Capital,Capital,verbatim_source_excerpt,TEXT_V1
JPMorgan Chase,19617,D01,https://www.sec.gov/Archives/edgar/data/19617/000162828026008131/jpm-20251231.htm,evidence/request_attempts/4d/4d9febdbc2038dcdca8726053286df4cbbfd48885051cbd781efcc3becb66a23/jpm-20251231.htm,4d9febdbc2038dcdca8726053286df4cbbfd48885051cbd781efcc3becb66a23,0001628280-26-008131,jpm-20251231.htm,Item 1A,ITEM_1A:bytes:1528075-1528266:sha256:b022ed4593aea310a0e7aead88556308073c4d096ecc7cf8f74eabc5694577eb,text,2025-01-01,2025-12-31,"JPMorganChase’s ability to distribute capital to shareholders, and to support its business activities could be limited if it does not satisfy applicable regulatory capital requirements.","JPMorganChase’s ability to distribute capital to shareholders, and to support its business activities could be limited if it does not satisfy applicable regulatory capital requirements.","JPMorganChase’s ability to distribute capital to shareholders, and to support its business activities could be limited if it does not satisfy applicable regulatory capital requirements.",verbatim_source_excerpt,TEXT_V1
JPMorgan Chase,19617,D01,https://www.sec.gov/Archives/edgar/data/19617/000162828026008131/jpm-20251231.htm,evidence/request_attempts/4d/4d9febdbc2038dcdca8726053286df4cbbfd48885051cbd781efcc3becb66a23/jpm-20251231.htm,4d9febdbc2038dcdca8726053286df4cbbfd48885051cbd781efcc3becb66a23,0001628280-26-008131,jpm-20251231.htm,Item 1A,ITEM_1A:bytes:1533983-1533994:sha256:996bf57d15be4ec3dc244c7cfed0fd8da07e3e55fb2028c92d6905605101cf49,text,2025-01-01,2025-12-31,Operational,Operational,Operational,verbatim_source_excerpt,TEXT_V1
JPMorgan Chase,19617,D01,https://www.sec.gov/Archives/edgar/data/19617/000162828026008131/jpm-20251231.htm,evidence/request_attempts/4d/4d9febdbc2038dcdca8726053286df4cbbfd48885051cbd781efcc3becb66a23/jpm-20251231.htm,4d9febdbc2038dcdca8726053286df4cbbfd48885051cbd781efcc3becb66a23,0001628280-26-008131,jpm-20251231.htm,Item 1A,ITEM_1A:bytes:1534145-1534279:sha256:63916953b698c885380efd6fec25c6f295b872ba988e00a907bb953e1fa03ba6,text,2025-01-01,2025-12-31,JPMorganChase’s businesses could be adversely affected by the failure or disruption of operational systems on which they depend.,JPMorganChase’s businesses could be adversely affected by the failure or disruption of operational systems on which they depend.,JPMorganChase’s businesses could be adversely affected by the failure or disruption of operational systems on which they depend.,verbatim_source_excerpt,TEXT_V1
JPMorgan Chase,19617,D01,https://www.sec.gov/Archives/edgar/data/19617/000162828026008131/jpm-20251231.htm,evidence/request_attempts/4d/4d9febdbc2038dcdca8726053286df4cbbfd48885051cbd781efcc3becb66a23/jpm-20251231.htm,4d9febdbc2038dcdca8726053286df4cbbfd48885051cbd781efcc3becb66a23,0001628280-26-008131,jpm-20251231.htm,Item 1A,ITEM_1A:bytes:1553579-1553721:sha256:f7b65061a0c56b87786aaf3f636d8683f42a491070c7d99b0acf31dc6a0e7e2a,text,2025-01-01,2025-12-31,"JPMorganChase’s interconnectedness with clients, customers and other external parties could be a source of significant operational risk.","JPMorganChase’s interconnectedness with clients, customers and other external parties could be a source of significant operational risk.","JPMorganChase’s interconnectedness with clients, customers and other external parties could be a source of significant operational risk.",verbatim_source_excerpt,TEXT_V1
JPMorgan Chase,19617,D01,https://www.sec.gov/Archives/edgar/data/19617/000162828026008131/jpm-20251231.htm,evidence/request_attempts/4d/4d9febdbc2038dcdca8726053286df4cbbfd48885051cbd781efcc3becb66a23/jpm-20251231.htm,4d9febdbc2038dcdca8726053286df4cbbfd48885051cbd781efcc3becb66a23,0001628280-26-008131,jpm-20251231.htm,Item 1A,ITEM_1A:bytes:1556347-1556449:sha256:1334b33d15cf6cac9266cd250d8bbe8b9e5b4cc17d271d4adc171184ce9ce204,text,2025-01-01,2025-12-31,A successful cyber attack could cause significant harm to JPMorganChase and its clients and customers.,A successful cyber attack could cause significant harm to JPMorganChase and its clients and customers.,A successful cyber attack could cause significant harm to JPMorganChase and its clients and customers.,verbatim_source_excerpt,TEXT_V1
JPMorgan Chase,19617,D01,https://www.sec.gov/Archives/edgar/data/19617/000162828026008131/jpm-20251231.htm,evidence/request_attempts/4d/4d9febdbc2038dcdca8726053286df4cbbfd48885051cbd781efcc3becb66a23/jpm-20251231.htm,4d9febdbc2038dcdca8726053286df4cbbfd48885051cbd781efcc3becb66a23,0001628280-26-008131,jpm-20251231.htm,Item 1A,ITEM_1A:bytes:1580434-1580654:sha256:b89ad0e3ad0590a81b128e27529c82f9d4a16cbcdb663e00e1b402b893abfb56,text,2025-01-01,2025-12-31,"JPMorganChase’s businesses could be adversely affected if it fails to identify and address operational risks associated with the introduction of or changes to products, services, delivery platforms or technologies.","JPMorganChase’s businesses could be adversely affected if it fails to identify and address operational risks associated with the introduction of or changes to products, services, delivery platforms or technologies.","JPMorganChase’s businesses could be adversely affected if it fails to identify and address operational risks associated with the introduction of or changes to products, services, delivery platforms or technologies.",verbatim_source_excerpt,TEXT_V1
JPMorgan Chase,19617,D01,https://www.sec.gov/Archives/edgar/data/19617/000162828026008131/jpm-20251231.htm,evidence/request_attempts/4d/4d9febdbc2038dcdca8726053286df4cbbfd48885051cbd781efcc3becb66a23/jpm-20251231.htm,4d9febdbc2038dcdca8726053286df4cbbfd48885051cbd781efcc3becb66a23,0001628280-26-008131,jpm-20251231.htm,Item 1A,ITEM_1A:bytes:1586699-1586845:sha256:c111bfff5f7a0c74ebb0286f4a111e795017409970260de6bff81d5946559d6c,text,2025-01-01,2025-12-31,"JPMorganChase’s business and operations rely on appropriate staffing and on the competence, trustworthiness, health and safety of employees.","JPMorganChase’s business and operations rely on appropriate staffing and on the competence, trustworthiness, health and safety of employees.","JPMorganChase’s business and operations rely on appropriate staffing and on the competence, trustworthiness, health and safety of employees.",verbatim_source_excerpt,TEXT_V1
JPMorgan Chase,19617,D01,https://www.sec.gov/Archives/edgar/data/19617/000162828026008131/jpm-20251231.htm,evidence/request_attempts/4d/4d9febdbc2038dcdca8726053286df4cbbfd48885051cbd781efcc3becb66a23/jpm-20251231.htm,4d9febdbc2038dcdca8726053286df4cbbfd48885051cbd781efcc3becb66a23,0001628280-26-008131,jpm-20251231.htm,Item 1A,ITEM_1A:bytes:1591763-1591890:sha256:da066ea571721aa3b265e1b20470037de3292d531131c19dedd86a6d03b69879,text,2025-01-01,2025-12-31,JPMorganChase faces substantial legal and operational risks related to the processing and safeguarding of personal information.,JPMorganChase faces substantial legal and operational risks related to the processing and safeguarding of personal information.,JPMorganChase faces substantial legal and operational risks related to the processing and safeguarding of personal information.,verbatim_source_excerpt,TEXT_V1
JPMorgan Chase,19617,D01,https://www.sec.gov/Archives/edgar/data/19617/000162828026008131/jpm-20251231.htm,evidence/request_attempts/4d/4d9febdbc2038dcdca8726053286df4cbbfd48885051cbd781efcc3becb66a23/jpm-20251231.htm,4d9febdbc2038dcdca8726053286df4cbbfd48885051cbd781efcc3becb66a23,0001628280-26-008131,jpm-20251231.htm,Item 1A,ITEM_1A:bytes:1596616-1596747:sha256:b9407a6ad5c2567ff5f8544db3305dde2103e00a788f95c8c144dc7b0bfc156f,text,2025-01-01,2025-12-31,"JPMorganChase’s operations, results and reputation could be harmed by occurrences of extraordinary events beyond its control.","JPMorganChase’s operations, results and reputation could be harmed by occurrences of extraordinary events beyond its control.","JPMorganChase’s operations, results and reputation could be harmed by occurrences of extraordinary events beyond its control.",verbatim_source_excerpt,TEXT_V1
JPMorgan Chase,19617,D01,https://www.sec.gov/Archives/edgar/data/19617/000162828026008131/jpm-20251231.htm,evidence/request_attempts/4d/4d9febdbc2038dcdca8726053286df4cbbfd48885051cbd781efcc3becb66a23/jpm-20251231.htm,4d9febdbc2038dcdca8726053286df4cbbfd48885051cbd781efcc3becb66a23,0001628280-26-008131,jpm-20251231.htm,Item 1A,ITEM_1A:bytes:1607866-1608079:sha256:d37af60bd79ff319e2289a016c135477d4a469ffd801b968823b013bf0414a9a,text,2025-01-01,2025-12-31,"Any failure to maintain adequate data management processes could adversely affect JPMorganChase’s ability to effectively manage its businesses, comply with applicable law or make informed business decisions.","Any failure to maintain adequate data management processes could adversely affect JPMorganChase’s ability to effectively manage its businesses, comply with applicable law or make informed business decisions.","Any failure to maintain adequate data management processes could adversely affect JPMorganChase’s ability to effectively manage its businesses, comply with applicable law or make informed business decisions.",verbatim_source_excerpt,TEXT_V1
JPMorgan Chase,19617,D01,https://www.sec.gov/Archives/edgar/data/19617/000162828026008131/jpm-20251231.htm,evidence/request_attempts/4d/4d9febdbc2038dcdca8726053286df4cbbfd48885051cbd781efcc3becb66a23/jpm-20251231.htm,4d9febdbc2038dcdca8726053286df4cbbfd48885051cbd781efcc3becb66a23,0001628280-26-008131,jpm-20251231.htm,Item 1A,ITEM_1A:bytes:1615605-1615783:sha256:c0108718a38642587fb36c44c439441e6bacb756a000bd4878ff7d272ad38bad,text,2025-01-01,2025-12-31,Enhanced regulatory and other standards for the oversight of JPMorganChase’s vendors and other service providers could result in higher costs and other potential exposures.,Enhanced regulatory and other standards for the oversight of JPMorganChase’s vendors and other service providers could result in higher costs and other potential exposures.,Enhanced regulatory and other standards for the oversight of JPMorganChase’s vendors and other service providers could result in higher costs and other potential exposures.,verbatim_source_excerpt,TEXT_V1
JPMorgan Chase,19617,D01,https://www.sec.gov/Archives/edgar/data/19617/000162828026008131/jpm-20251231.htm,evidence/request_attempts/4d/4d9febdbc2038dcdca8726053286df4cbbfd48885051cbd781efcc3becb66a23/jpm-20251231.htm,4d9febdbc2038dcdca8726053286df4cbbfd48885051cbd781efcc3becb66a23,0001628280-26-008131,jpm-20251231.htm,Item 1A,ITEM_1A:bytes:1618486-1618625:sha256:fd098d4413223c074d986b7440d1b4cc94fa73c2a6f0b447958d901fd1008bd2,text,2025-01-01,2025-12-31,JPMorganChase could incur losses arising from any significant inadequacy or lapse in its risk management framework and control environment.,JPMorganChase could incur losses arising from any significant inadequacy or lapse in its risk management framework and control environment.,JPMorganChase could incur losses arising from any significant inadequacy or lapse in its risk management framework and control environment.,verbatim_source_excerpt,TEXT_V1
JPMorgan Chase,19617,D01,https://www.sec.gov/Archives/edgar/data/19617/000162828026008131/jpm-20251231.htm,evidence/request_attempts/4d/4d9febdbc2038dcdca8726053286df4cbbfd48885051cbd781efcc3becb66a23/jpm-20251231.htm,4d9febdbc2038dcdca8726053286df4cbbfd48885051cbd781efcc3becb66a23,0001628280-26-008131,jpm-20251231.htm,Item 1A,ITEM_1A:bytes:1622364-1622614:sha256:74791389f9140c25fdae71250bd0ca0015ec827abea0798e8d07fafb64f0cb85,text,2025-01-01,2025-12-31,"JPMorganChase could recognize unexpected losses, its capital levels could be reduced and it could face greater regulatory scrutiny if its models, estimations or judgments, including those used in its financial statements, are inadequate or incorrect.","JPMorganChase could recognize unexpected losses, its capital levels could be reduced and it could face greater regulatory scrutiny if its models, estimations or judgments, including those used in its financial statements, are inadequate or incorrect.","JPMorganChase could recognize unexpected losses, its capital levels could be reduced and it could face greater regulatory scrutiny if its models, estimations or judgments, including those used in its financial statements, are inadequate or incorrect.",verbatim_source_excerpt,TEXT_V1
JPMorgan Chase,19617,D01,https://www.sec.gov/Archives/edgar/data/19617/000162828026008131/jpm-20251231.htm,evidence/request_attempts/4d/4d9febdbc2038dcdca8726053286df4cbbfd48885051cbd781efcc3becb66a23/jpm-20251231.htm,4d9febdbc2038dcdca8726053286df4cbbfd48885051cbd781efcc3becb66a23,0001628280-26-008131,jpm-20251231.htm,Item 1A,ITEM_1A:bytes:1630993-1631146:sha256:d65a970fc630128b3105ba2523e43b964845a9d58a5e466479fdf371cf5520a9,text,2025-01-01,2025-12-31,"A significant inadequacy in disclosure or financial reporting controls could negatively affect JPMorganChase’s business, operations and reputation.","A significant inadequacy in disclosure or financial reporting controls could negatively affect JPMorganChase’s business, operations and reputation.","A significant inadequacy in disclosure or financial reporting controls could negatively affect JPMorganChase’s business, operations and reputation.",verbatim_source_excerpt,TEXT_V1
JPMorgan Chase,19617,D01,https://www.sec.gov/Archives/edgar/data/19617/000162828026008131/jpm-20251231.htm,evidence/request_attempts/4d/4d9febdbc2038dcdca8726053286df4cbbfd48885051cbd781efcc3becb66a23/jpm-20251231.htm,4d9febdbc2038dcdca8726053286df4cbbfd48885051cbd781efcc3becb66a23,0001628280-26-008131,jpm-20251231.htm,Item 1A,ITEM_1A:bytes:1633880-1633889:sha256:9d23452a421797d6fd4b2a7f0d61fd2876723ce927b8d64a870533dd85d89f06,text,2025-01-01,2025-12-31,Strategic,Strategic,Strategic,verbatim_source_excerpt,TEXT_V1
JPMorgan Chase,19617,D01,https://www.sec.gov/Archives/edgar/data/19617/000162828026008131/jpm-20251231.htm,evidence/request_attempts/4d/4d9febdbc2038dcdca8726053286df4cbbfd48885051cbd781efcc3becb66a23/jpm-20251231.htm,4d9febdbc2038dcdca8726053286df4cbbfd48885051cbd781efcc3becb66a23,0001628280-26-008131,jpm-20251231.htm,Item 1A,ITEM_1A:bytes:1634040-1634237:sha256:f95850a3d4962ddcc86be7ca9f0d5595aaa90bf6e9c0795549af5b9ea87255ad,text,2025-01-01,2025-12-31,JPMorganChase’s results or competitive standing could suffer if its management fails to develop and execute effective business strategies and to anticipate changes affecting those strategies.,JPMorganChase’s results or competitive standing could suffer if its management fails to develop and execute effective business strategies and to anticipate changes affecting those strategies.,JPMorganChase’s results or competitive standing could suffer if its management fails to develop and execute effective business strategies and to anticipate changes affecting those strategies.,verbatim_source_excerpt,TEXT_V1
JPMorgan Chase,19617,D01,https://www.sec.gov/Archives/edgar/data/19617/000162828026008131/jpm-20251231.htm,evidence/request_attempts/4d/4d9febdbc2038dcdca8726053286df4cbbfd48885051cbd781efcc3becb66a23/jpm-20251231.htm,4d9febdbc2038dcdca8726053286df4cbbfd48885051cbd781efcc3becb66a23,0001628280-26-008131,jpm-20251231.htm,Item 1A,ITEM_1A:bytes:1644600-1644725:sha256:cf5d1b14b76b0a549dc46d88b41906e3a8bd1244191a98a5524a035bb1e490ab,text,2025-01-01,2025-12-31,Competition in the financial services industry could lead to negative effects on JPMorganChase’s results of operations.,Competition in the financial services industry could lead to negative effects on JPMorganChase’s results of operations.,Competition in the financial services industry could lead to negative effects on JPMorganChase’s results of operations.,verbatim_source_excerpt,TEXT_V1
JPMorgan Chase,19617,D01,https://www.sec.gov/Archives/edgar/data/19617/000162828026008131/jpm-20251231.htm,evidence/request_attempts/4d/4d9febdbc2038dcdca8726053286df4cbbfd48885051cbd781efcc3becb66a23/jpm-20251231.htm,4d9febdbc2038dcdca8726053286df4cbbfd48885051cbd781efcc3becb66a23,0001628280-26-008131,jpm-20251231.htm,Item 1A,ITEM_1A:bytes:1650766-1650917:sha256:c30c9ab265164b1577821773e2fd6cdf235bf808f73cef5895dd433519944d89,text,2025-01-01,2025-12-31,"JPMorganChase’s operations, results, and competitive standing could be adversely affected by the development of advanced technologies such as AI.","JPMorganChase’s operations, results, and competitive standing could be adversely affected by the development of advanced technologies such as AI.","JPMorganChase’s operations, results, and competitive standing could be adversely affected by the development of advanced technologies such as AI.",verbatim_source_excerpt,TEXT_V1
JPMorgan Chase,19617,D01,https://www.sec.gov/Archives/edgar/data/19617/000162828026008131/jpm-20251231.htm,evidence/request_attempts/4d/4d9febdbc2038dcdca8726053286df4cbbfd48885051cbd781efcc3becb66a23/jpm-20251231.htm,4d9febdbc2038dcdca8726053286df4cbbfd48885051cbd781efcc3becb66a23,0001628280-26-008131,jpm-20251231.htm,Item 1A,ITEM_1A:bytes:1657466-1657636:sha256:4fecf92d62f1020bae3f1d82bcda182de6751f522fbd98f094c75d26441e1200,text,2025-01-01,2025-12-31,"The effects of climate change could adversely affect JPMorganChase’s business and operations, both directly and as a result of impacts on its clients and customers.","The effects of climate change could adversely affect JPMorganChase’s business and operations, both directly and as a result of impacts on its clients and customers.","The effects of climate change could adversely affect JPMorganChase’s business and operations, both directly and as a result of impacts on its clients and customers.",verbatim_source_excerpt,TEXT_V1
JPMorgan Chase,19617,D01,https://www.sec.gov/Archives/edgar/data/19617/000162828026008131/jpm-20251231.htm,evidence/request_attempts/4d/4d9febdbc2038dcdca8726053286df4cbbfd48885051cbd781efcc3becb66a23/jpm-20251231.htm,4d9febdbc2038dcdca8726053286df4cbbfd48885051cbd781efcc3becb66a23,0001628280-26-008131,jpm-20251231.htm,Item 1A,ITEM_1A:bytes:1659126-1659133:sha256:d54f78557a7ecba3f9d752e249a2d804c742c29582006f357b4d365f4eb08e35,text,2025-01-01,2025-12-31,Conduct,Conduct,Conduct,verbatim_source_excerpt,TEXT_V1
JPMorgan Chase,19617,D01,https://www.sec.gov/Archives/edgar/data/19617/000162828026008131/jpm-20251231.htm,evidence/request_attempts/4d/4d9febdbc2038dcdca8726053286df4cbbfd48885051cbd781efcc3becb66a23/jpm-20251231.htm,4d9febdbc2038dcdca8726053286df4cbbfd48885051cbd781efcc3becb66a23,0001628280-26-008131,jpm-20251231.htm,Item 1A,ITEM_1A:bytes:1659284-1659417:sha256:6bdb6adb9b82b209c77d14d7ab8e9fb4f6f4ba51c6620ec480729c543ad59b0b,text,2025-01-01,2025-12-31,Conduct failure by JPMorganChase employees could trigger litigation and regulatory actions and harm JPMorganChase’s reputation.,Conduct failure by JPMorganChase employees could trigger litigation and regulatory actions and harm JPMorganChase’s reputation.,Conduct failure by JPMorganChase employees could trigger litigation and regulatory actions and harm JPMorganChase’s reputation.,verbatim_source_excerpt,TEXT_V1
JPMorgan Chase,19617,D01,https://www.sec.gov/Archives/edgar/data/19617/000162828026008131/jpm-20251231.htm,evidence/request_attempts/4d/4d9febdbc2038dcdca8726053286df4cbbfd48885051cbd781efcc3becb66a23/jpm-20251231.htm,4d9febdbc2038dcdca8726053286df4cbbfd48885051cbd781efcc3becb66a23,0001628280-26-008131,jpm-20251231.htm,Item 1A,ITEM_1A:bytes:1660789-1660799:sha256:d11e6e7899feb37dd572b3bd214066850068043c031965d14694993dd7d7364c,text,2025-01-01,2025-12-31,Reputation,Reputation,Reputation,verbatim_source_excerpt,TEXT_V1
JPMorgan Chase,19617,D01,https://www.sec.gov/Archives/edgar/data/19617/000162828026008131/jpm-20251231.htm,evidence/request_attempts/4d/4d9febdbc2038dcdca8726053286df4cbbfd48885051cbd781efcc3becb66a23/jpm-20251231.htm,4d9febdbc2038dcdca8726053286df4cbbfd48885051cbd781efcc3becb66a23,0001628280-26-008131,jpm-20251231.htm,Item 1A,ITEM_1A:bytes:1660950-1661053:sha256:cf7fb43d2b4f714e6d81cc1c3d6a15fe0a6ce46256e2d5dfe045e47e92c17ede,text,2025-01-01,2025-12-31,"Damage to JPMorganChase’s reputation could negatively affect its business, results and prospects.","Damage to JPMorganChase’s reputation could negatively affect its business, results and prospects.","Damage to JPMorganChase’s reputation could negatively affect its business, results and prospects.",verbatim_source_excerpt,TEXT_V1
JPMorgan Chase,19617,D01,https://www.sec.gov/Archives/edgar/data/19617/000162828026008131/jpm-20251231.htm,evidence/request_attempts/4d/4d9febdbc2038dcdca8726053286df4cbbfd48885051cbd781efcc3becb66a23/jpm-20251231.htm,4d9febdbc2038dcdca8726053286df4cbbfd48885051cbd781efcc3becb66a23,0001628280-26-008131,jpm-20251231.htm,Item 1A,ITEM_1A:bytes:1666376-1666553:sha256:33396fdaf6ede2f64133388088ffa314dd72d9d807b9be6a5cdcbd4fcd77fa2b,text,2025-01-01,2025-12-31,Failure to effectively manage potential conflicts of interest or to satisfy fiduciary obligations could result in litigation and enforcement actions and cause reputational harm.,Failure to effectively manage potential conflicts of interest or to satisfy fiduciary obligations could result in litigation and enforcement actions and cause reputational harm.,Failure to effectively manage potential conflicts of interest or to satisfy fiduciary obligations could result in litigation and enforcement actions and cause reputational harm.,verbatim_source_excerpt,TEXT_V1
JPMorgan Chase,19617,D01,https://www.sec.gov/Archives/edgar/data/19617/000162828026008131/jpm-20251231.htm,evidence/request_attempts/4d/4d9febdbc2038dcdca8726053286df4cbbfd48885051cbd781efcc3becb66a23/jpm-20251231.htm,4d9febdbc2038dcdca8726053286df4cbbfd48885051cbd781efcc3becb66a23,0001628280-26-008131,jpm-20251231.htm,Item 1A,ITEM_1A:bytes:1670067-1670074:sha256:701d021d08c54579f23343581e45b65ffb1150b2c99f94352fdac4b7036dbbd5,text,2025-01-01,2025-12-31,Country,Country,Country,verbatim_source_excerpt,TEXT_V1
JPMorgan Chase,19617,D01,https://www.sec.gov/Archives/edgar/data/19617/000162828026008131/jpm-20251231.htm,evidence/request_attempts/4d/4d9febdbc2038dcdca8726053286df4cbbfd48885051cbd781efcc3becb66a23/jpm-20251231.htm,4d9febdbc2038dcdca8726053286df4cbbfd48885051cbd781efcc3becb66a23,0001628280-26-008131,jpm-20251231.htm,Item 1A,ITEM_1A:bytes:1670225-1670453:sha256:1d44cd11547a68fb667bc3f312bffc064c07de4a69409286bfb89f5b365089ae,text,2025-01-01,2025-12-31,An outbreak or escalation of hostilities between countries or within a country or region could have a material adverse effect on the global economy and on JPMorganChase’s businesses within the affected region or globally.,An outbreak or escalation of hostilities between countries or within a country or region could have a material adverse effect on the global economy and on JPMorganChase’s businesses within the affected region or globally.,An outbreak or escalation of hostilities between countries or within a country or region could have a material adverse effect on the global economy and on JPMorganChase’s businesses within the affected region or globally.,verbatim_source_excerpt,TEXT_V1
JPMorgan Chase,19617,D01,https://www.sec.gov/Archives/edgar/data/19617/000162828026008131/jpm-20251231.htm,evidence/request_attempts/4d/4d9febdbc2038dcdca8726053286df4cbbfd48885051cbd781efcc3becb66a23/jpm-20251231.htm,4d9febdbc2038dcdca8726053286df4cbbfd48885051cbd781efcc3becb66a23,0001628280-26-008131,jpm-20251231.htm,Item 1A,ITEM_1A:bytes:1677938-1678093:sha256:06e395bf1d65375aa8bff249162a2b2941a5c9c93094071fe3d34baf0bd6b33c,text,2025-01-01,2025-12-31,"JPMorganChase’s business and operations in certain countries could be adversely affected by local economic, political, regulatory and social factors.","JPMorganChase’s business and operations in certain countries could be adversely affected by local economic, political, regulatory and social factors.","JPMorganChase’s business and operations in certain countries could be adversely affected by local economic, political, regulatory and social factors.",verbatim_source_excerpt,TEXT_V1
JPMorgan Chase,19617,D01,https://www.sec.gov/Archives/edgar/data/19617/000162828026008131/jpm-20251231.htm,evidence/request_attempts/4d/4d9febdbc2038dcdca8726053286df4cbbfd48885051cbd781efcc3becb66a23/jpm-20251231.htm,4d9febdbc2038dcdca8726053286df4cbbfd48885051cbd781efcc3becb66a23,0001628280-26-008131,jpm-20251231.htm,Item 1A,ITEM_1A:bytes:1687433-1687439:sha256:7db20897053bb2780b9b706e5505227b005de80c236e4a4836aab37a3a7bb298,text,2025-01-01,2025-12-31,People,People,People,verbatim_source_excerpt,TEXT_V1
JPMorgan Chase,19617,D01,https://www.sec.gov/Archives/edgar/data/19617/000162828026008131/jpm-20251231.htm,evidence/request_attempts/4d/4d9febdbc2038dcdca8726053286df4cbbfd48885051cbd781efcc3becb66a23/jpm-20251231.htm,4d9febdbc2038dcdca8726053286df4cbbfd48885051cbd781efcc3becb66a23,0001628280-26-008131,jpm-20251231.htm,Item 1A,ITEM_1A:bytes:1687590-1687651:sha256:95ca9cc10c3df382328717c04bb4573a53d1b832b88177a70f17d92befe54be6,text,2025-01-01,2025-12-31,Various factors could impact JPMorganChase’s workforce.,Various factors could impact JPMorganChase’s workforce.,Various factors could impact JPMorganChase’s workforce.,verbatim_source_excerpt,TEXT_V1
JPMorgan Chase,19617,D01,https://www.sec.gov/Archives/edgar/data/19617/000162828026008131/jpm-20251231.htm,evidence/request_attempts/4d/4d9febdbc2038dcdca8726053286df4cbbfd48885051cbd781efcc3becb66a23/jpm-20251231.htm,4d9febdbc2038dcdca8726053286df4cbbfd48885051cbd781efcc3becb66a23,0001628280-26-008131,jpm-20251231.htm,Item 1A,ITEM_1A:bytes:1691112-1691126:sha256:b4709e1905da39a94d1e427cc8c03f0f80ffdd94432aedcc9b5fb902a1eacf18,text,2025-01-01,2025-12-31,Parts I and II,Parts I and II,Parts I and II,verbatim_source_excerpt,TEXT_V1
Salesforce,1108524,D01,https://www.sec.gov/Archives/edgar/data/1108524/000110852426000060/crm-20260131.htm,evidence/request_attempts/d6/d606b8cc64176cbfa8c75355a9c935ec83f6b8374a87f94f3747941633fa8d25/crm-20260131.htm,d606b8cc64176cbfa8c75355a9c935ec83f6b8374a87f94f3747941633fa8d25,0001108524-26-000060,crm-20260131.htm,Item 1A,ITEM_1A:bytes:329020-329039:sha256:f784c385e96c0d16dcc75b45d561c196e1ffbe86d7fe9cf24457caf46fc671c1,text,2025-02-01,2026-01-31,Risk Factor Summary,Risk Factor Summary,Risk Factor Summary,verbatim_source_excerpt,TEXT_V1
Salesforce,1108524,D01,https://www.sec.gov/Archives/edgar/data/1108524/000110852426000060/crm-20260131.htm,evidence/request_attempts/d6/d606b8cc64176cbfa8c75355a9c935ec83f6b8374a87f94f3747941633fa8d25/crm-20260131.htm,d606b8cc64176cbfa8c75355a9c935ec83f6b8374a87f94f3747941633fa8d25,0001108524-26-000060,crm-20260131.htm,Item 1A,ITEM_1A:bytes:329210-329241:sha256:7969a2092c89ed83a9e416e07d9a0f6cb8869626c12c8a67582bfa7db96441f3,text,2025-02-01,2026-01-31,Operational and Execution Risks,Operational and Execution Risks,Operational and Execution Risks,verbatim_source_excerpt,TEXT_V1
Salesforce,1108524,D01,https://www.sec.gov/Archives/edgar/data/1108524/000110852426000060/crm-20260131.htm,evidence/request_attempts/d6/d606b8cc64176cbfa8c75355a9c935ec83f6b8374a87f94f3747941633fa8d25/crm-20260131.htm,d606b8cc64176cbfa8c75355a9c935ec83f6b8374a87f94f3747941633fa8d25,0001108524-26-000060,crm-20260131.htm,Item 1A,ITEM_1A:bytes:335700-335728:sha256:c67f0399f5fda28e9d063c7c9939edea1f7f69866c534745cfe31922a61d4f15,text,2025-02-01,2026-01-31,Strategic and Industry Risks,Strategic and Industry Risks,Strategic and Industry Risks,verbatim_source_excerpt,TEXT_V1
Salesforce,1108524,D01,https://www.sec.gov/Archives/edgar/data/1108524/000110852426000060/crm-20260131.htm,evidence/request_attempts/d6/d606b8cc64176cbfa8c75355a9c935ec83f6b8374a87f94f3747941633fa8d25/crm-20260131.htm,d606b8cc64176cbfa8c75355a9c935ec83f6b8374a87f94f3747941633fa8d25,0001108524-26-000060,crm-20260131.htm,Item 1A,ITEM_1A:bytes:339118-339144:sha256:2308d95138e5636d2d5589f54e55b81fab6ebffaabdc1e8311e08c1348e8d7a6,text,2025-02-01,2026-01-31,Legal and Regulatory Risks,Legal and Regulatory Risks,Legal and Regulatory Risks,verbatim_source_excerpt,TEXT_V1
Salesforce,1108524,D01,https://www.sec.gov/Archives/edgar/data/1108524/000110852426000060/crm-20260131.htm,evidence/request_attempts/d6/d606b8cc64176cbfa8c75355a9c935ec83f6b8374a87f94f3747941633fa8d25/crm-20260131.htm,d606b8cc64176cbfa8c75355a9c935ec83f6b8374a87f94f3747941633fa8d25,0001108524-26-000060,crm-20260131.htm,Item 1A,ITEM_1A:bytes:342046-342061:sha256:5e93e8a1d232e815c93a6f9abffff7e8d5442ec9545f237c3651ea28ca94d5c3,text,2025-02-01,2026-01-31,Financial Risks,Financial Risks,Financial Risks,verbatim_source_excerpt,TEXT_V1
Salesforce,1108524,D01,https://www.sec.gov/Archives/edgar/data/1108524/000110852426000060/crm-20260131.htm,evidence/request_attempts/d6/d606b8cc64176cbfa8c75355a9c935ec83f6b8374a87f94f3747941633fa8d25/crm-20260131.htm,d606b8cc64176cbfa8c75355a9c935ec83f6b8374a87f94f3747941633fa8d25,0001108524-26-000060,crm-20260131.htm,Item 1A,ITEM_1A:bytes:344527-344567:sha256:27443e05d97604a297a0ec8af65c45262cfbdbbe949a689c0a20ced9f5ce06cb,text,2025-02-01,2026-01-31,Risks Related to Owning Our Common Stock,Risks Related to Owning Our Common Stock,Risks Related to Owning Our Common Stock,verbatim_source_excerpt,TEXT_V1
Salesforce,1108524,D01,https://www.sec.gov/Archives/edgar/data/1108524/000110852426000060/crm-20260131.htm,evidence/request_attempts/d6/d606b8cc64176cbfa8c75355a9c935ec83f6b8374a87f94f3747941633fa8d25/crm-20260131.htm,d606b8cc64176cbfa8c75355a9c935ec83f6b8374a87f94f3747941633fa8d25,0001108524-26-000060,crm-20260131.htm,Item 1A,ITEM_1A:bytes:346748-346761:sha256:4fa472228ea631f99419be7d515e131a70bb92dbd712b038ddc3f77ddb8f2527,text,2025-02-01,2026-01-31,General Risks,General Risks,General Risks,verbatim_source_excerpt,TEXT_V1
Salesforce,1108524,D01,https://www.sec.gov/Archives/edgar/data/1108524/000110852426000060/crm-20260131.htm,evidence/request_attempts/d6/d606b8cc64176cbfa8c75355a9c935ec83f6b8374a87f94f3747941633fa8d25/crm-20260131.htm,d606b8cc64176cbfa8c75355a9c935ec83f6b8374a87f94f3747941633fa8d25,0001108524-26-000060,crm-20260131.htm,Item 1A,ITEM_1A:bytes:348352-349001:sha256:ad3ca212fd36f72ab707d3f4a30192cab0f8bd4536816792ca57b570d0699f5c,text,2025-02-01,2026-01-31,"If our security measures, or those of our third-party data center providers, cloud computing platform providers, customers, partners, other third-party vendors or the underlying Internet infrastructure, are breached or otherwise compromised, resulting in the unauthorized access to, disclosure, alteration, corruption, destruction or loss of customer data, our data or our IT systems, or disruption of authorized access thereto, our services may be perceived as insecure, customers may reduce or terminate their use of our services, and we may incur significant reputational harm, legal liability, regulatory scrutiny or a negative financial impact.","If our security measures, or those of our third-party data center providers, cloud computing platform providers, customers, partners, other third-party vendors or the underlying Internet infrastructure, are breached or otherwise compromised, resulting in the unauthorized access to, disclosure, alteration, corruption, destruction or loss of customer data, our data or our IT systems, or disruption of authorized access thereto, our services may be perceived as insecure, customers may reduce or terminate their use of our services, and we may incur significant reputational harm, legal liability, regulatory scrutiny or a negative financial impact.","If our security measures, or those of our third-party data center providers, cloud computing platform providers, customers, partners, other third-party vendors or the underlying Internet infrastructure, are breached or otherwise compromised, resulting in the unauthorized access to, disclosure, alteration, corruption, destruction or loss of customer data, our data or our IT systems, or disruption of authorized access thereto, our services may be perceived as insecure, customers may reduce or terminate their use of our services, and we may incur significant reputational harm, legal liability, regulatory scrutiny or a negative financial impact.",verbatim_source_excerpt,TEXT_V1
Salesforce,1108524,D01,https://www.sec.gov/Archives/edgar/data/1108524/000110852426000060/crm-20260131.htm,evidence/request_attempts/d6/d606b8cc64176cbfa8c75355a9c935ec83f6b8374a87f94f3747941633fa8d25/crm-20260131.htm,d606b8cc64176cbfa8c75355a9c935ec83f6b8374a87f94f3747941633fa8d25,0001108524-26-000060,crm-20260131.htm,Item 1A,ITEM_1A:bytes:360118-360236:sha256:db20c10502b357e2529d805de54e40dd3f1299fb4c5e840291d621458aacac81,text,2025-02-01,2026-01-31,Defects or disruptions in our services could diminish demand for our services and subject us to substantial liability.,Defects or disruptions in our services could diminish demand for our services and subject us to substantial liability.,Defects or disruptions in our services could diminish demand for our services and subject us to substantial liability.,verbatim_source_excerpt,TEXT_V1
Salesforce,1108524,D01,https://www.sec.gov/Archives/edgar/data/1108524/000110852426000060/crm-20260131.htm,evidence/request_attempts/d6/d606b8cc64176cbfa8c75355a9c935ec83f6b8374a87f94f3747941633fa8d25/crm-20260131.htm,d606b8cc64176cbfa8c75355a9c935ec83f6b8374a87f94f3747941633fa8d25,0001108524-26-000060,crm-20260131.htm,Item 1A,ITEM_1A:bytes:362945-363342:sha256:d547c44181710fec90df674779085d31dbde81fc9322862047c57056ed5988bc,text,2025-02-01,2026-01-31,"Any interruptions or delays in services from third parties, including data center hosting facilities, cloud computing platform providers and other hardware and software vendors, as well as Internet infrastructure, or from our inability to adequately plan for and manage service interruptions or infrastructure capacity requirements, could impair the delivery of our services and harm our business.","Any interruptions or delays in services from third parties, including data center hosting facilities, cloud computing platform providers and other hardware and software vendors, as well as Internet infrastructure, or from our inability to adequately plan for and manage service interruptions or infrastructure capacity requirements, could impair the delivery of our services and harm our business.","Any interruptions or delays in services from third parties, including data center hosting facilities, cloud computing platform providers and other hardware and software vendors, as well as Internet infrastructure, or from our inability to adequately plan for and manage service interruptions or infrastructure capacity requirements, could impair the delivery of our services and harm our business.",verbatim_source_excerpt,TEXT_V1
Salesforce,1108524,D01,https://www.sec.gov/Archives/edgar/data/1108524/000110852426000060/crm-20260131.htm,evidence/request_attempts/d6/d606b8cc64176cbfa8c75355a9c935ec83f6b8374a87f94f3747941633fa8d25/crm-20260131.htm,d606b8cc64176cbfa8c75355a9c935ec83f6b8374a87f94f3747941633fa8d25,0001108524-26-000060,crm-20260131.htm,Item 1A,ITEM_1A:bytes:369319-369611:sha256:e2515d2ee0bd224e65b82e62625f53bc3f252c9688aa33b21380e0c676d63516,text,2025-02-01,2026-01-31,"As we acquire companies or technologies, we may not realize the expected business or financial benefits and the acquisitions could prove difficult to integrate, disrupt our business, dilute stockholder value and adversely affect our operating results and the market value of our common stock.","As we acquire companies or technologies, we may not realize the expected business or financial benefits and the acquisitions could prove difficult to integrate, disrupt our business, dilute stockholder value and adversely affect our operating results and the market value of our common stock.","As we acquire companies or technologies, we may not realize the expected business or financial benefits and the acquisitions could prove difficult to integrate, disrupt our business, dilute stockholder value and adversely affect our operating results and the market value of our common stock.",verbatim_source_excerpt,TEXT_V1
Salesforce,1108524,D01,https://www.sec.gov/Archives/edgar/data/1108524/000110852426000060/crm-20260131.htm,evidence/request_attempts/d6/d606b8cc64176cbfa8c75355a9c935ec83f6b8374a87f94f3747941633fa8d25/crm-20260131.htm,d606b8cc64176cbfa8c75355a9c935ec83f6b8374a87f94f3747941633fa8d25,0001108524-26-000060,crm-20260131.htm,Item 1A,ITEM_1A:bytes:380555-380797:sha256:adb8905df8a7d65359ed7b18143da38bb0505c9a224bc16c51e7ff4fdc851d5e,text,2025-02-01,2026-01-31,"Supporting our existing and growing customer base could strain our personnel resources and infrastructure, and if we are unable to scale our operations and increase productivity, we may not be able to successfully implement our business plan.","Supporting our existing and growing customer base could strain our personnel resources and infrastructure, and if we are unable to scale our operations and increase productivity, we may not be able to successfully implement our business plan.","Supporting our existing and growing customer base could strain our personnel resources and infrastructure, and if we are unable to scale our operations and increase productivity, we may not be able to successfully implement our business plan.",verbatim_source_excerpt,TEXT_V1
Salesforce,1108524,D01,https://www.sec.gov/Archives/edgar/data/1108524/000110852426000060/crm-20260131.htm,evidence/request_attempts/d6/d606b8cc64176cbfa8c75355a9c935ec83f6b8374a87f94f3747941633fa8d25/crm-20260131.htm,d606b8cc64176cbfa8c75355a9c935ec83f6b8374a87f94f3747941633fa8d25,0001108524-26-000060,crm-20260131.htm,Item 1A,ITEM_1A:bytes:384148-384648:sha256:0612db3395db3dcbe21191d95d504a5e8de913acc42b2154f71622348e70615b,text,2025-02-01,2026-01-31,"If our customers do not renew their subscriptions or if they reduce subscriptions at renewal, our revenue and current remaining performance obligation could decline and our business may suffer. If customer usage of consumption-based offerings is below expected levels, our revenue could decline. If we cannot accurately predict subscription renewals or upgrade rates or optimal pricing for consumption-based contracts, we may not meet our revenue targets, which may adversely affect our stock price.","If our customers do not renew their subscriptions or if they reduce subscriptions at renewal, our revenue and current remaining performance obligation could decline and our business may suffer. If customer usage of consumption-based offerings is below expected levels, our revenue could decline. If we cannot accurately predict subscription renewals or upgrade rates or optimal pricing for consumption-based contracts, we may not meet our revenue targets, which may adversely affect our stock price.","If our customers do not renew their subscriptions or if they reduce subscriptions at renewal, our revenue and current remaining performance obligation could decline and our business may suffer. If customer usage of consumption-based offerings is below expected levels, our revenue could decline. If we cannot accurately predict subscription renewals or upgrade rates or optimal pricing for consumption-based contracts, we may not meet our revenue targets, which may adversely affect our stock price.",verbatim_source_excerpt,TEXT_V1
Salesforce,1108524,D01,https://www.sec.gov/Archives/edgar/data/1108524/000110852426000060/crm-20260131.htm,evidence/request_attempts/d6/d606b8cc64176cbfa8c75355a9c935ec83f6b8374a87f94f3747941633fa8d25/crm-20260131.htm,d606b8cc64176cbfa8c75355a9c935ec83f6b8374a87f94f3747941633fa8d25,0001108524-26-000060,crm-20260131.htm,Item 1A,ITEM_1A:bytes:387664-387759:sha256:3457937c73f28b386ba962cf99d79ad534810ff342c605bcb8615e4bacd69a44,text,2025-02-01,2026-01-31,Periodic changes to our sales organization can be disruptive and may reduce our rate of growth.,Periodic changes to our sales organization can be disruptive and may reduce our rate of growth.,Periodic changes to our sales organization can be disruptive and may reduce our rate of growth.,verbatim_source_excerpt,TEXT_V1
Salesforce,1108524,D01,https://www.sec.gov/Archives/edgar/data/1108524/000110852426000060/crm-20260131.htm,evidence/request_attempts/d6/d606b8cc64176cbfa8c75355a9c935ec83f6b8374a87f94f3747941633fa8d25/crm-20260131.htm,d606b8cc64176cbfa8c75355a9c935ec83f6b8374a87f94f3747941633fa8d25,0001108524-26-000060,crm-20260131.htm,Item 1A,ITEM_1A:bytes:388745-388846:sha256:7572aae6058464a4eb103286a326785a69921f9adf64a1a30fe5d84f2cf210b2,text,2025-02-01,2026-01-31,Sales to customers outside the United States expose us to risks inherent in international operations.,Sales to customers outside the United States expose us to risks inherent in international operations.,Sales to customers outside the United States expose us to risks inherent in international operations.,verbatim_source_excerpt,TEXT_V1
Salesforce,1108524,D01,https://www.sec.gov/Archives/edgar/data/1108524/000110852426000060/crm-20260131.htm,evidence/request_attempts/d6/d606b8cc64176cbfa8c75355a9c935ec83f6b8374a87f94f3747941633fa8d25/crm-20260131.htm,d606b8cc64176cbfa8c75355a9c935ec83f6b8374a87f94f3747941633fa8d25,0001108524-26-000060,crm-20260131.htm,Item 1A,ITEM_1A:bytes:397993-398280:sha256:11b57613749aec3819fdfc7cd651a6b7d9fd3f00d924410c91b620c69f6754e1,text,2025-02-01,2026-01-31,"Sales to larger enterprise customers may involve more time-consuming and expensive sales cycles, pricing pressure and implementation and configuration challenges, and, for some complex transactions, delayed revenue recognition, all of which could harm our business and operating results.","Sales to larger enterprise customers may involve more time-consuming and expensive sales cycles, pricing pressure and implementation and configuration challenges, and, for some complex transactions, delayed revenue recognition, all of which could harm our business and operating results.","Sales to larger enterprise customers may involve more time-consuming and expensive sales cycles, pricing pressure and implementation and configuration challenges, and, for some complex transactions, delayed revenue recognition, all of which could harm our business and operating results.",verbatim_source_excerpt,TEXT_V1
Salesforce,1108524,D01,https://www.sec.gov/Archives/edgar/data/1108524/000110852426000060/crm-20260131.htm,evidence/request_attempts/d6/d606b8cc64176cbfa8c75355a9c935ec83f6b8374a87f94f3747941633fa8d25/crm-20260131.htm,d606b8cc64176cbfa8c75355a9c935ec83f6b8374a87f94f3747941633fa8d25,0001108524-26-000060,crm-20260131.htm,Item 1A,ITEM_1A:bytes:401232-401415:sha256:968a1846ce0ab9e7837b273bad1b7f1904c95ae685cc61d904449e6827eb6ecd,text,2025-02-01,2026-01-31,"We may lose key members of our management team or development and operations personnel, and may be unable to attract and retain employees we need to support our operations and growth.","We may lose key members of our management team or development and operations personnel, and may be unable to attract and retain employees we need to support our operations and growth.","We may lose key members of our management team or development and operations personnel, and may be unable to attract and retain employees we need to support our operations and growth.",verbatim_source_excerpt,TEXT_V1
Salesforce,1108524,D01,https://www.sec.gov/Archives/edgar/data/1108524/000110852426000060/crm-20260131.htm,evidence/request_attempts/d6/d606b8cc64176cbfa8c75355a9c935ec83f6b8374a87f94f3747941633fa8d25/crm-20260131.htm,d606b8cc64176cbfa8c75355a9c935ec83f6b8374a87f94f3747941633fa8d25,0001108524-26-000060,crm-20260131.htm,Item 1A,ITEM_1A:bytes:405235-405442:sha256:8e06e92f8e886f717ab20e7c069943719bce9023e9d517ff8db6ebde5d38f670,text,2025-02-01,2026-01-31,Any failure in the delivery of high-quality professional and technical support services related to our online applications may adversely affect our relationships with our customers and our financial results.,Any failure in the delivery of high-quality professional and technical support services related to our online applications may adversely affect our relationships with our customers and our financial results.,Any failure in the delivery of high-quality professional and technical support services related to our online applications may adversely affect our relationships with our customers and our financial results.,verbatim_source_excerpt,TEXT_V1
Salesforce,1108524,D01,https://www.sec.gov/Archives/edgar/data/1108524/000110852426000060/crm-20260131.htm,evidence/request_attempts/d6/d606b8cc64176cbfa8c75355a9c935ec83f6b8374a87f94f3747941633fa8d25/crm-20260131.htm,d606b8cc64176cbfa8c75355a9c935ec83f6b8374a87f94f3747941633fa8d25,0001108524-26-000060,crm-20260131.htm,Item 1A,ITEM_1A:bytes:408629-408768:sha256:135f18269d4c0db926b4abd1a088bc5651e223b2c437803f15231ace12ae4f34,text,2025-02-01,2026-01-31,"The markets in which we participate are intensely competitive, and if we do not compete effectively, our operating results could be harmed.","The markets in which we participate are intensely competitive, and if we do not compete effectively, our operating results could be harmed.","The markets in which we participate are intensely competitive, and if we do not compete effectively, our operating results could be harmed.",verbatim_source_excerpt,TEXT_V1
Salesforce,1108524,D01,https://www.sec.gov/Archives/edgar/data/1108524/000110852426000060/crm-20260131.htm,evidence/request_attempts/d6/d606b8cc64176cbfa8c75355a9c935ec83f6b8374a87f94f3747941633fa8d25/crm-20260131.htm,d606b8cc64176cbfa8c75355a9c935ec83f6b8374a87f94f3747941633fa8d25,0001108524-26-000060,crm-20260131.htm,Item 1A,ITEM_1A:bytes:415953-416179:sha256:6bd4d42626a0e7278f1c47dc721ba45babb6c8afaf1b86c500e1f7f17b5d2cd8,text,2025-02-01,2026-01-31,Our efforts to expand our service offerings and to develop and integrate our existing services in order to keep pace with technological developments may not succeed and may reduce our revenue growth rate and harm our business.,Our efforts to expand our service offerings and to develop and integrate our existing services in order to keep pace with technological developments may not succeed and may reduce our revenue growth rate and harm our business.,Our efforts to expand our service offerings and to develop and integrate our existing services in order to keep pace with technological developments may not succeed and may reduce our revenue growth rate and harm our business.,verbatim_source_excerpt,TEXT_V1
Salesforce,1108524,D01,https://www.sec.gov/Archives/edgar/data/1108524/000110852426000060/crm-20260131.htm,evidence/request_attempts/d6/d606b8cc64176cbfa8c75355a9c935ec83f6b8374a87f94f3747941633fa8d25/crm-20260131.htm,d606b8cc64176cbfa8c75355a9c935ec83f6b8374a87f94f3747941633fa8d25,0001108524-26-000060,crm-20260131.htm,Item 1A,ITEM_1A:bytes:420584-420664:sha256:b1a3741e1f2d7559d905465e3a9daddc52f28a343e9bbf4052d7272d65847e2d,text,2025-02-01,2026-01-31,Our continued success depends on our ability to maintain and enhance our brands.,Our continued success depends on our ability to maintain and enhance our brands.,Our continued success depends on our ability to maintain and enhance our brands.,verbatim_source_excerpt,TEXT_V1
Salesforce,1108524,D01,https://www.sec.gov/Archives/edgar/data/1108524/000110852426000060/crm-20260131.htm,evidence/request_attempts/d6/d606b8cc64176cbfa8c75355a9c935ec83f6b8374a87f94f3747941633fa8d25/crm-20260131.htm,d606b8cc64176cbfa8c75355a9c935ec83f6b8374a87f94f3747941633fa8d25,0001108524-26-000060,crm-20260131.htm,Item 1A,ITEM_1A:bytes:422541-422767:sha256:26a76b64d3102f7df0192b184cd52382f361579825706d615a1b1c4cc8ca196c,text,2025-02-01,2026-01-31,"We are subject to risks associated with our strategic investments, including partial or complete loss of invested capital. Significant changes in the fair value of this portfolio could negatively impact our financial results.","We are subject to risks associated with our strategic investments, including partial or complete loss of invested capital. Significant changes in the fair value of this portfolio could negatively impact our financial results.","We are subject to risks associated with our strategic investments, including partial or complete loss of invested capital. Significant changes in the fair value of this portfolio could negatively impact our financial results.",verbatim_source_excerpt,TEXT_V1
Salesforce,1108524,D01,https://www.sec.gov/Archives/edgar/data/1108524/000110852426000060/crm-20260131.htm,evidence/request_attempts/d6/d606b8cc64176cbfa8c75355a9c935ec83f6b8374a87f94f3747941633fa8d25/crm-20260131.htm,d606b8cc64176cbfa8c75355a9c935ec83f6b8374a87f94f3747941633fa8d25,0001108524-26-000060,crm-20260131.htm,Item 1A,ITEM_1A:bytes:426180-426451:sha256:97af99451a1ae8e60557c512ca31c0f4aeff06e6d8b93d00f65771792969ebed,text,2025-02-01,2026-01-31,"If third-party developers and vendors do not continue to embrace our technology delivery model and enterprise cloud computing services, or if our customers seek warranties from us for third-party applications, integrations, data and content, our business could be harmed.","If third-party developers and vendors do not continue to embrace our technology delivery model and enterprise cloud computing services, or if our customers seek warranties from us for third-party applications, integrations, data and content, our business could be harmed.","If third-party developers and vendors do not continue to embrace our technology delivery model and enterprise cloud computing services, or if our customers seek warranties from us for third-party applications, integrations, data and content, our business could be harmed.",verbatim_source_excerpt,TEXT_V1
Salesforce,1108524,D01,https://www.sec.gov/Archives/edgar/data/1108524/000110852426000060/crm-20260131.htm,evidence/request_attempts/d6/d606b8cc64176cbfa8c75355a9c935ec83f6b8374a87f94f3747941633fa8d25/crm-20260131.htm,d606b8cc64176cbfa8c75355a9c935ec83f6b8374a87f94f3747941633fa8d25,0001108524-26-000060,crm-20260131.htm,Item 1A,ITEM_1A:bytes:427817-428020:sha256:2b0e7559c42786c91db92b29df98a8ece0eaf90f4925a16dd9a927d6453feed6,text,2025-02-01,2026-01-31,"Social, ethical, and regulatory issues, including the development, deployment, use or capabilities of AI in our offerings, may result in reputational harm, legal liability and increased compliance costs.","Social, ethical, and regulatory issues, including the development, deployment, use or capabilities of AI in our offerings, may result in reputational harm, legal liability and increased compliance costs.","Social, ethical, and regulatory issues, including the development, deployment, use or capabilities of AI in our offerings, may result in reputational harm, legal liability and increased compliance costs.",verbatim_source_excerpt,TEXT_V1
Salesforce,1108524,D01,https://www.sec.gov/Archives/edgar/data/1108524/000110852426000060/crm-20260131.htm,evidence/request_attempts/d6/d606b8cc64176cbfa8c75355a9c935ec83f6b8374a87f94f3747941633fa8d25/crm-20260131.htm,d606b8cc64176cbfa8c75355a9c935ec83f6b8374a87f94f3747941633fa8d25,0001108524-26-000060,crm-20260131.htm,Item 1A,ITEM_1A:bytes:436082-436243:sha256:683d7367349f0da9ed99c13af5e358fc5ca9b248c816bfcdaf7d0a4e287637f7,text,2025-02-01,2026-01-31,"The evolving landscape related to environmental, social and governance matters may expose us to risks that could adversely affect our reputation and performance.","The evolving landscape related to environmental, social and governance matters may expose us to risks that could adversely affect our reputation and performance.","The evolving landscape related to environmental, social and governance matters may expose us to risks that could adversely affect our reputation and performance.",verbatim_source_excerpt,TEXT_V1
Salesforce,1108524,D01,https://www.sec.gov/Archives/edgar/data/1108524/000110852426000060/crm-20260131.htm,evidence/request_attempts/d6/d606b8cc64176cbfa8c75355a9c935ec83f6b8374a87f94f3747941633fa8d25/crm-20260131.htm,d606b8cc64176cbfa8c75355a9c935ec83f6b8374a87f94f3747941633fa8d25,0001108524-26-000060,crm-20260131.htm,Item 1A,ITEM_1A:bytes:438966-439207:sha256:46ae2e770049d847464bcd36908bbefd11070a7a7e45ec6e3a62c34ed1709ec4,text,2025-02-01,2026-01-31,"Privacy concerns and laws as well as evolving regulation of cloud computing, AI services, cross-border data transfers and other domestic or foreign regulations may limit the use and adoption of our services and adversely affect our business.","Privacy concerns and laws as well as evolving regulation of cloud computing, AI services, cross-border data transfers and other domestic or foreign regulations may limit the use and adoption of our services and adversely affect our business.","Privacy concerns and laws as well as evolving regulation of cloud computing, AI services, cross-border data transfers and other domestic or foreign regulations may limit the use and adoption of our services and adversely affect our business.",verbatim_source_excerpt,TEXT_V1
Salesforce,1108524,D01,https://www.sec.gov/Archives/edgar/data/1108524/000110852426000060/crm-20260131.htm,evidence/request_attempts/d6/d606b8cc64176cbfa8c75355a9c935ec83f6b8374a87f94f3747941633fa8d25/crm-20260131.htm,d606b8cc64176cbfa8c75355a9c935ec83f6b8374a87f94f3747941633fa8d25,0001108524-26-000060,crm-20260131.htm,Item 1A,ITEM_1A:bytes:449626-449807:sha256:8aaa28268d884ef0824c0d365d8436d8549bd197b883303055ec7434b080bd3c,text,2025-02-01,2026-01-31,"Industry-specific regulations and other requirements and standards are evolving and industry-specific laws, regulations, interpretive positions or standards could harm our business.","Industry-specific regulations and other requirements and standards are evolving and industry-specific laws, regulations, interpretive positions or standards could harm our business.","Industry-specific regulations and other requirements and standards are evolving and industry-specific laws, regulations, interpretive positions or standards could harm our business.",verbatim_source_excerpt,TEXT_V1
Salesforce,1108524,D01,https://www.sec.gov/Archives/edgar/data/1108524/000110852426000060/crm-20260131.htm,evidence/request_attempts/d6/d606b8cc64176cbfa8c75355a9c935ec83f6b8374a87f94f3747941633fa8d25/crm-20260131.htm,d606b8cc64176cbfa8c75355a9c935ec83f6b8374a87f94f3747941633fa8d25,0001108524-26-000060,crm-20260131.htm,Item 1A,ITEM_1A:bytes:456704-456837:sha256:c9680d2a7fcd3beba9c18b14e85efa2c8a03382e1486a1c77b076c10265309ab,text,2025-02-01,2026-01-31,"We have been and may in the future be sued by third parties for various claims, including alleged infringement of proprietary rights.","We have been and may in the future be sued by third parties for various claims, including alleged infringement of proprietary rights.","We have been and may in the future be sued by third parties for various claims, including alleged infringement of proprietary rights.",verbatim_source_excerpt,TEXT_V1
Salesforce,1108524,D01,https://www.sec.gov/Archives/edgar/data/1108524/000110852426000060/crm-20260131.htm,evidence/request_attempts/d6/d606b8cc64176cbfa8c75355a9c935ec83f6b8374a87f94f3747941633fa8d25/crm-20260131.htm,d606b8cc64176cbfa8c75355a9c935ec83f6b8374a87f94f3747941633fa8d25,0001108524-26-000060,crm-20260131.htm,Item 1A,ITEM_1A:bytes:462625-462851:sha256:e5b9a5a16042c6ee5c8677a8db7e84322a61e9dbae8dd6fd3f26835bbb28e8a6,text,2025-02-01,2026-01-31,"Any failure to obtain registration or protection of our intellectual property rights could impair our ability to protect our proprietary technology and our brand, causing us to incur significant expenses and harm our business.","Any failure to obtain registration or protection of our intellectual property rights could impair our ability to protect our proprietary technology and our brand, causing us to incur significant expenses and harm our business.","Any failure to obtain registration or protection of our intellectual property rights could impair our ability to protect our proprietary technology and our brand, causing us to incur significant expenses and harm our business.",verbatim_source_excerpt,TEXT_V1
Salesforce,1108524,D01,https://www.sec.gov/Archives/edgar/data/1108524/000110852426000060/crm-20260131.htm,evidence/request_attempts/d6/d606b8cc64176cbfa8c75355a9c935ec83f6b8374a87f94f3747941633fa8d25/crm-20260131.htm,d606b8cc64176cbfa8c75355a9c935ec83f6b8374a87f94f3747941633fa8d25,0001108524-26-000060,crm-20260131.htm,Item 1A,ITEM_1A:bytes:466973-467068:sha256:73e5254d642bc8529a97e4313b692551ff2b8bf30d030b1f3483390f439a1e95,text,2025-02-01,2026-01-31,We may be subject to risks related to government contracts and related procurement regulations.,We may be subject to risks related to government contracts and related procurement regulations.,We may be subject to risks related to government contracts and related procurement regulations.,verbatim_source_excerpt,TEXT_V1
Salesforce,1108524,D01,https://www.sec.gov/Archives/edgar/data/1108524/000110852426000060/crm-20260131.htm,evidence/request_attempts/d6/d606b8cc64176cbfa8c75355a9c935ec83f6b8374a87f94f3747941633fa8d25/crm-20260131.htm,d606b8cc64176cbfa8c75355a9c935ec83f6b8374a87f94f3747941633fa8d25,0001108524-26-000060,crm-20260131.htm,Item 1A,ITEM_1A:bytes:469985-470220:sha256:2cb271bf6b97072c50dbe3b8f8cd4ce2efb16542ca4916f8f89dfaccd787a9d2,text,2025-02-01,2026-01-31,We may be subject to risks from governmental sanctions and export and import controls that could impair our ability to compete in international markets and subject us to liability if we are not in full compliance with applicable laws.,We may be subject to risks from governmental sanctions and export and import controls that could impair our ability to compete in international markets and subject us to liability if we are not in full compliance with applicable laws.,We may be subject to risks from governmental sanctions and export and import controls that could impair our ability to compete in international markets and subject us to liability if we are not in full compliance with applicable laws.,verbatim_source_excerpt,TEXT_V1
Salesforce,1108524,D01,https://www.sec.gov/Archives/edgar/data/1108524/000110852426000060/crm-20260131.htm,evidence/request_attempts/d6/d606b8cc64176cbfa8c75355a9c935ec83f6b8374a87f94f3747941633fa8d25/crm-20260131.htm,d606b8cc64176cbfa8c75355a9c935ec83f6b8374a87f94f3747941633fa8d25,0001108524-26-000060,crm-20260131.htm,Item 1A,ITEM_1A:bytes:473819-474024:sha256:cb0861763dca4508ec35309aecfe6d8f726b54cc72f9057e093bab6f509c4e7a,text,2025-02-01,2026-01-31,"Because we generally recognize revenue from subscriptions for our services over the term of the subscription, downturns or upturns in new business may not be immediately reflected in our operating results.","Because we generally recognize revenue from subscriptions for our services over the term of the subscription, downturns or upturns in new business may not be immediately reflected in our operating results.","Because we generally recognize revenue from subscriptions for our services over the term of the subscription, downturns or upturns in new business may not be immediately reflected in our operating results.",verbatim_source_excerpt,TEXT_V1
Salesforce,1108524,D01,https://www.sec.gov/Archives/edgar/data/1108524/000110852426000060/crm-20260131.htm,evidence/request_attempts/d6/d606b8cc64176cbfa8c75355a9c935ec83f6b8374a87f94f3747941633fa8d25/crm-20260131.htm,d606b8cc64176cbfa8c75355a9c935ec83f6b8374a87f94f3747941633fa8d25,0001108524-26-000060,crm-20260131.htm,Item 1A,ITEM_1A:bytes:475319-475519:sha256:8c7f355072eebda1a6af9b3b62f20edca642789931b8b3ff652092be9f6c3ed7,text,2025-02-01,2026-01-31,"If we experience significant fluctuations in our rate of anticipated growth and fail to balance our expenses with our revenue forecasts, our business could be harmed and our stock price could decline.","If we experience significant fluctuations in our rate of anticipated growth and fail to balance our expenses with our revenue forecasts, our business could be harmed and our stock price could decline.","If we experience significant fluctuations in our rate of anticipated growth and fail to balance our expenses with our revenue forecasts, our business could be harmed and our stock price could decline.",verbatim_source_excerpt,TEXT_V1
Salesforce,1108524,D01,https://www.sec.gov/Archives/edgar/data/1108524/000110852426000060/crm-20260131.htm,evidence/request_attempts/d6/d606b8cc64176cbfa8c75355a9c935ec83f6b8374a87f94f3747941633fa8d25/crm-20260131.htm,d606b8cc64176cbfa8c75355a9c935ec83f6b8374a87f94f3747941633fa8d25,0001108524-26-000060,crm-20260131.htm,Item 1A,ITEM_1A:bytes:478162-478302:sha256:53434881d04db02362065eacd8f7a36d58d197b8806a5af5ce3fa76cacfd6914,text,2025-02-01,2026-01-31,Unanticipated changes in our effective tax rate and additional tax liabilities and global tax developments may impact our financial results.,Unanticipated changes in our effective tax rate and additional tax liabilities and global tax developments may impact our financial results.,Unanticipated changes in our effective tax rate and additional tax liabilities and global tax developments may impact our financial results.,verbatim_source_excerpt,TEXT_V1
Salesforce,1108524,D01,https://www.sec.gov/Archives/edgar/data/1108524/000110852426000060/crm-20260131.htm,evidence/request_attempts/d6/d606b8cc64176cbfa8c75355a9c935ec83f6b8374a87f94f3747941633fa8d25/crm-20260131.htm,d606b8cc64176cbfa8c75355a9c935ec83f6b8374a87f94f3747941633fa8d25,0001108524-26-000060,crm-20260131.htm,Item 1A,ITEM_1A:bytes:482868-483097:sha256:3367aac55f7dcd778fed9ba4a17110c12da0320f01bb4eb96eb3f9e1e97e3a73,text,2025-02-01,2026-01-31,We are exposed to fluctuations in currency exchange rates that have in the past and could in the future negatively impact our financial results and cash flows from changes in the value of the U.S. Dollar versus local currencies.,We are exposed to fluctuations in currency exchange rates that have in the past and could in the future negatively impact our financial results and cash flows from changes in the value of the U.S. Dollar versus local currencies.,We are exposed to fluctuations in currency exchange rates that have in the past and could in the future negatively impact our financial results and cash flows from changes in the value of the U.S. Dollar versus local currencies.,verbatim_source_excerpt,TEXT_V1
Salesforce,1108524,D01,https://www.sec.gov/Archives/edgar/data/1108524/000110852426000060/crm-20260131.htm,evidence/request_attempts/d6/d606b8cc64176cbfa8c75355a9c935ec83f6b8374a87f94f3747941633fa8d25/crm-20260131.htm,d606b8cc64176cbfa8c75355a9c935ec83f6b8374a87f94f3747941633fa8d25,0001108524-26-000060,crm-20260131.htm,Item 1A,ITEM_1A:bytes:486380-486545:sha256:bcb9c9c29ff436f42e9fc0d581a4cb917d9932dee7a7aa4733fcd6ef22d00398,text,2025-02-01,2026-01-31,"Our debt service obligations, lease commitments and other contractual obligations may adversely affect our financial condition, results of operations and cash flows.","Our debt service obligations, lease commitments and other contractual obligations may adversely affect our financial condition, results of operations and cash flows.","Our debt service obligations, lease commitments and other contractual obligations may adversely affect our financial condition, results of operations and cash flows.",verbatim_source_excerpt,TEXT_V1
Salesforce,1108524,D01,https://www.sec.gov/Archives/edgar/data/1108524/000110852426000060/crm-20260131.htm,evidence/request_attempts/d6/d606b8cc64176cbfa8c75355a9c935ec83f6b8374a87f94f3747941633fa8d25/crm-20260131.htm,d606b8cc64176cbfa8c75355a9c935ec83f6b8374a87f94f3747941633fa8d25,0001108524-26-000060,crm-20260131.htm,Item 1A,ITEM_1A:bytes:494002-494120:sha256:a3f8afbd68d130eb33b24df13f90ad6da321c881b765174f714691a266082ad9,text,2025-02-01,2026-01-31,"Our quarterly results are likely to fluctuate, which may cause the value of our common stock to decline substantially.","Our quarterly results are likely to fluctuate, which may cause the value of our common stock to decline substantially.","Our quarterly results are likely to fluctuate, which may cause the value of our common stock to decline substantially.",verbatim_source_excerpt,TEXT_V1
Salesforce,1108524,D01,https://www.sec.gov/Archives/edgar/data/1108524/000110852426000060/crm-20260131.htm,evidence/request_attempts/d6/d606b8cc64176cbfa8c75355a9c935ec83f6b8374a87f94f3747941633fa8d25/crm-20260131.htm,d606b8cc64176cbfa8c75355a9c935ec83f6b8374a87f94f3747941633fa8d25,0001108524-26-000060,crm-20260131.htm,Item 1A,ITEM_1A:bytes:497255-497331:sha256:b36ed674e1f307d6f92655f22dced98e220ae6d4cff1c0f25ef665f014025b87,text,2025-02-01,2026-01-31,Our stock price is likely to be volatile and could subject us to litigation.,Our stock price is likely to be volatile and could subject us to litigation.,Our stock price is likely to be volatile and could subject us to litigation.,verbatim_source_excerpt,TEXT_V1
Salesforce,1108524,D01,https://www.sec.gov/Archives/edgar/data/1108524/000110852426000060/crm-20260131.htm,evidence/request_attempts/d6/d606b8cc64176cbfa8c75355a9c935ec83f6b8374a87f94f3747941633fa8d25/crm-20260131.htm,d606b8cc64176cbfa8c75355a9c935ec83f6b8374a87f94f3747941633fa8d25,0001108524-26-000060,crm-20260131.htm,Item 1A,ITEM_1A:bytes:500318-500512:sha256:dfc16d1b77c9736880e3e9bfe397f212abf82eb1e562825ff13d346d88b33845,text,2025-02-01,2026-01-31,"Provisions in our governing documents and Delaware law might discourage, delay or prevent a change of control of the Company or changes in our management and, therefore, depress our stock price.","Provisions in our governing documents and Delaware law might discourage, delay or prevent a change of control of the Company or changes in our management and, therefore, depress our stock price.","Provisions in our governing documents and Delaware law might discourage, delay or prevent a change of control of the Company or changes in our management and, therefore, depress our stock price.",verbatim_source_excerpt,TEXT_V1
Salesforce,1108524,D01,https://www.sec.gov/Archives/edgar/data/1108524/000110852426000060/crm-20260131.htm,evidence/request_attempts/d6/d606b8cc64176cbfa8c75355a9c935ec83f6b8374a87f94f3747941633fa8d25/crm-20260131.htm,d606b8cc64176cbfa8c75355a9c935ec83f6b8374a87f94f3747941633fa8d25,0001108524-26-000060,crm-20260131.htm,Item 1A,ITEM_1A:bytes:503898-504009:sha256:b7aaa3ba9df5a8fc84f3908b6cfd83cd20f89056b1dd6991b42601c0124753b8,text,2025-02-01,2026-01-31,"There can be no assurance that we will continue to declare cash dividends in any particular amounts, or at all.","There can be no assurance that we will continue to declare cash dividends in any particular amounts, or at all.","There can be no assurance that we will continue to declare cash dividends in any particular amounts, or at all.",verbatim_source_excerpt,TEXT_V1
Salesforce,1108524,D01,https://www.sec.gov/Archives/edgar/data/1108524/000110852426000060/crm-20260131.htm,evidence/request_attempts/d6/d606b8cc64176cbfa8c75355a9c935ec83f6b8374a87f94f3747941633fa8d25/crm-20260131.htm,d606b8cc64176cbfa8c75355a9c935ec83f6b8374a87f94f3747941633fa8d25,0001108524-26-000060,crm-20260131.htm,Item 1A,ITEM_1A:bytes:505872-506040:sha256:14b383d61424c2a4535023198daaaff8eee01b47a600adae6ddaf56bcd2063f4,text,2025-02-01,2026-01-31,"Volatile and significantly weakened global economic conditions have in the past and may in the future adversely affect our industry, business and results of operations.","Volatile and significantly weakened global economic conditions have in the past and may in the future adversely affect our industry, business and results of operations.","Volatile and significantly weakened global economic conditions have in the past and may in the future adversely affect our industry, business and results of operations.",verbatim_source_excerpt,TEXT_V1
Salesforce,1108524,D01,https://www.sec.gov/Archives/edgar/data/1108524/000110852426000060/crm-20260131.htm,evidence/request_attempts/d6/d606b8cc64176cbfa8c75355a9c935ec83f6b8374a87f94f3747941633fa8d25/crm-20260131.htm,d606b8cc64176cbfa8c75355a9c935ec83f6b8374a87f94f3747941633fa8d25,0001108524-26-000060,crm-20260131.htm,Item 1A,ITEM_1A:bytes:508201-508359:sha256:0ca7e270412868210fc07cc70075d9275cd7365b86f7f173e4d8133d12b9afe7,text,2025-02-01,2026-01-31,"Geopolitical crises, natural disasters and other catastrophic events beyond our control have in the past and may in the future materially adversely affect us.","Geopolitical crises, natural disasters and other catastrophic events beyond our control have in the past and may in the future materially adversely affect us.","Geopolitical crises, natural disasters and other catastrophic events beyond our control have in the past and may in the future materially adversely affect us.",verbatim_source_excerpt,TEXT_V1
Salesforce,1108524,D01,https://www.sec.gov/Archives/edgar/data/1108524/000110852426000060/crm-20260131.htm,evidence/request_attempts/d6/d606b8cc64176cbfa8c75355a9c935ec83f6b8374a87f94f3747941633fa8d25/crm-20260131.htm,d606b8cc64176cbfa8c75355a9c935ec83f6b8374a87f94f3747941633fa8d25,0001108524-26-000060,crm-20260131.htm,Item 1A,ITEM_1A:bytes:510014-510064:sha256:267c408dd022bf0e6c316c720dd4285f0c4f4529063dd1f63084bd2f289672ca,text,2025-02-01,2026-01-31,Climate change may have an impact on our business.,Climate change may have an impact on our business.,Climate change may have an impact on our business.,verbatim_source_excerpt,TEXT_V1
Lumen Technologies,18926,D01,https://www.sec.gov/Archives/edgar/data/18926/000001892626000014/lumn-20251231.htm,evidence/request_attempts/87/87569ab70042748bf3d397ae929479b3cf39fce13c7d47fd49e573bfbaba7429/lumn-20251231.htm,87569ab70042748bf3d397ae929479b3cf39fce13c7d47fd49e573bfbaba7429,0000018926-26-000014,lumn-20251231.htm,Item 1A,ITEM_1A:bytes:673478-673492:sha256:2c3938f61f942297efb44b8560e0dbcbdf9f807a2b0e430fbf70d268ee5f857f,text,2025-01-01,2025-12-31,Business Risks,Business Risks,Business Risks,verbatim_source_excerpt,TEXT_V1
Lumen Technologies,18926,D01,https://www.sec.gov/Archives/edgar/data/18926/000001892626000014/lumn-20251231.htm,evidence/request_attempts/87/87569ab70042748bf3d397ae929479b3cf39fce13c7d47fd49e573bfbaba7429/lumn-20251231.htm,87569ab70042748bf3d397ae929479b3cf39fce13c7d47fd49e573bfbaba7429,0000018926-26-000014,lumn-20251231.htm,Item 1A,ITEM_1A:bytes:673714-673853:sha256:d28b22e2b39d615b1d49366b45405f3417f3b4d89b8adae04ce26ed2e72cbc25,text,2025-01-01,2025-12-31,"Challenges with integrating, modernizing, and digitally transforming our systems could adversely affect our business and financial results.","Challenges with integrating, modernizing, and digitally transforming our systems could adversely affect our business and financial results.","Challenges with integrating, modernizing, and digitally transforming our systems could adversely affect our business and financial results.",verbatim_source_excerpt,TEXT_V1
Lumen Technologies,18926,D01,https://www.sec.gov/Archives/edgar/data/18926/000001892626000014/lumn-20251231.htm,evidence/request_attempts/87/87569ab70042748bf3d397ae929479b3cf39fce13c7d47fd49e573bfbaba7429/lumn-20251231.htm,87569ab70042748bf3d397ae929479b3cf39fce13c7d47fd49e573bfbaba7429,0000018926-26-000014,lumn-20251231.htm,Item 1A,ITEM_1A:bytes:675495-675579:sha256:9fb46ae82589a90f74bbe622accbae7e77576964ca0f03e0e7105faed19736c6,text,2025-01-01,2025-12-31,We may not realize the anticipated benefits of our strategic focus on PCF solutions.,We may not realize the anticipated benefits of our strategic focus on PCF solutions.,We may not realize the anticipated benefits of our strategic focus on PCF solutions.,verbatim_source_excerpt,TEXT_V1
Lumen Technologies,18926,D01,https://www.sec.gov/Archives/edgar/data/18926/000001892626000014/lumn-20251231.htm,evidence/request_attempts/87/87569ab70042748bf3d397ae929479b3cf39fce13c7d47fd49e573bfbaba7429/lumn-20251231.htm,87569ab70042748bf3d397ae929479b3cf39fce13c7d47fd49e573bfbaba7429,0000018926-26-000014,lumn-20251231.htm,Item 1A,ITEM_1A:bytes:676546-676651:sha256:496fb62134b78d826bcdab62a29bdd4b242797805751a7fe7f448dd53f4c3224,text,2025-01-01,2025-12-31,Our attempts to capitalize on emerging market opportunities — especially AI — may fall short.,Our attempts to capitalize on emerging market opportunities — especially AI — may fall short.,Our attempts to capitalize on emerging market opportunities — especially AI — may fall short.,verbatim_source_excerpt,TEXT_V1
Lumen Technologies,18926,D01,https://www.sec.gov/Archives/edgar/data/18926/000001892626000014/lumn-20251231.htm,evidence/request_attempts/87/87569ab70042748bf3d397ae929479b3cf39fce13c7d47fd49e573bfbaba7429/lumn-20251231.htm,87569ab70042748bf3d397ae929479b3cf39fce13c7d47fd49e573bfbaba7429,0000018926-26-000014,lumn-20251231.htm,Item 1A,ITEM_1A:bytes:679811-679933:sha256:9afb47c79836e8b75165bdd7f6c952b1e9b32868a3b218604ca74d60b101a808,text,2025-01-01,2025-12-31,"We operate in an intensely competitive industry, and existing and future competitive pressures could harm our performance.","We operate in an intensely competitive industry, and existing and future competitive pressures could harm our performance.","We operate in an intensely competitive industry, and existing and future competitive pressures could harm our performance.",verbatim_source_excerpt,TEXT_V1
Lumen Technologies,18926,D01,https://www.sec.gov/Archives/edgar/data/18926/000001892626000014/lumn-20251231.htm,evidence/request_attempts/87/87569ab70042748bf3d397ae929479b3cf39fce13c7d47fd49e573bfbaba7429/lumn-20251231.htm,87569ab70042748bf3d397ae929479b3cf39fce13c7d47fd49e573bfbaba7429,0000018926-26-000014,lumn-20251231.htm,Item 1A,ITEM_1A:bytes:684845-684949:sha256:0a04d6acf6541f096cf671e1dca3d54f057bbd15a212abc7df47fceb9f77c4f8,text,2025-01-01,2025-12-31,Our ability to compete could be diminished if we fail to innovate and deliver advanced solutions timely.,Our ability to compete could be diminished if we fail to innovate and deliver advanced solutions timely.,Our ability to compete could be diminished if we fail to innovate and deliver advanced solutions timely.,verbatim_source_excerpt,TEXT_V1
Lumen Technologies,18926,D01,https://www.sec.gov/Archives/edgar/data/18926/000001892626000014/lumn-20251231.htm,evidence/request_attempts/87/87569ab70042748bf3d397ae929479b3cf39fce13c7d47fd49e573bfbaba7429/lumn-20251231.htm,87569ab70042748bf3d397ae929479b3cf39fce13c7d47fd49e573bfbaba7429,0000018926-26-000014,lumn-20251231.htm,Item 1A,ITEM_1A:bytes:690466-690673:sha256:cd1676837f1c0f70c96c67c7f86f39c7099076b26149eb24185583b7bbedd152,text,2025-01-01,2025-12-31,"Talent constraints and evolving work models could significantly impede our ability to attract, develop and retain qualified personnel and may impair execution of our transformation and strategic initiatives.","Talent constraints and evolving work models could significantly impede our ability to attract, develop and retain qualified personnel and may impair execution of our transformation and strategic initiatives.","Talent constraints and evolving work models could significantly impede our ability to attract, develop and retain qualified personnel and may impair execution of our transformation and strategic initiatives.",verbatim_source_excerpt,TEXT_V1
Lumen Technologies,18926,D01,https://www.sec.gov/Archives/edgar/data/18926/000001892626000014/lumn-20251231.htm,evidence/request_attempts/87/87569ab70042748bf3d397ae929479b3cf39fce13c7d47fd49e573bfbaba7429/lumn-20251231.htm,87569ab70042748bf3d397ae929479b3cf39fce13c7d47fd49e573bfbaba7429,0000018926-26-000014,lumn-20251231.htm,Item 1A,ITEM_1A:bytes:692055-692136:sha256:e546050b4af0f4feac8ba58e827401f68f8ae2503e8770510cc06b63a37b183b,text,2025-01-01,2025-12-31,Declining revenues and financial uncertainty could adversely affect our business.,Declining revenues and financial uncertainty could adversely affect our business.,Declining revenues and financial uncertainty could adversely affect our business.,verbatim_source_excerpt,TEXT_V1
Lumen Technologies,18926,D01,https://www.sec.gov/Archives/edgar/data/18926/000001892626000014/lumn-20251231.htm,evidence/request_attempts/87/87569ab70042748bf3d397ae929479b3cf39fce13c7d47fd49e573bfbaba7429/lumn-20251231.htm,87569ab70042748bf3d397ae929479b3cf39fce13c7d47fd49e573bfbaba7429,0000018926-26-000014,lumn-20251231.htm,Item 1A,ITEM_1A:bytes:694236-694324:sha256:05653f062aec78bdb2a2f91f1136d1a84d558856fda8bae8405389960d95b9c8,text,2025-01-01,2025-12-31,Damage to our reputation or brands could have a material adverse effect on our business.,Damage to our reputation or brands could have a material adverse effect on our business.,Damage to our reputation or brands could have a material adverse effect on our business.,verbatim_source_excerpt,TEXT_V1
Lumen Technologies,18926,D01,https://www.sec.gov/Archives/edgar/data/18926/000001892626000014/lumn-20251231.htm,evidence/request_attempts/87/87569ab70042748bf3d397ae929479b3cf39fce13c7d47fd49e573bfbaba7429/lumn-20251231.htm,87569ab70042748bf3d397ae929479b3cf39fce13c7d47fd49e573bfbaba7429,0000018926-26-000014,lumn-20251231.htm,Item 1A,ITEM_1A:bytes:697889-697938:sha256:e435bbe3af92d881506e10340346ff94f7b6fc4b134401a875bdf4445fe37240,text,2025-01-01,2025-12-31,We could be materially impacted by cyber-attacks.,We could be materially impacted by cyber-attacks.,We could be materially impacted by cyber-attacks.,verbatim_source_excerpt,TEXT_V1
Lumen Technologies,18926,D01,https://www.sec.gov/Archives/edgar/data/18926/000001892626000014/lumn-20251231.htm,evidence/request_attempts/87/87569ab70042748bf3d397ae929479b3cf39fce13c7d47fd49e573bfbaba7429/lumn-20251231.htm,87569ab70042748bf3d397ae929479b3cf39fce13c7d47fd49e573bfbaba7429,0000018926-26-000014,lumn-20251231.htm,Item 1A,ITEM_1A:bytes:708697-708763:sha256:c6d716ced36870801d59051f1c756c676a3ef837ee9cb9ce26d4d6916abec4da,text,2025-01-01,2025-12-31,"Network, platform, or service failures could materially impact us.","Network, platform, or service failures could materially impact us.","Network, platform, or service failures could materially impact us.",verbatim_source_excerpt,TEXT_V1
Lumen Technologies,18926,D01,https://www.sec.gov/Archives/edgar/data/18926/000001892626000014/lumn-20251231.htm,evidence/request_attempts/87/87569ab70042748bf3d397ae929479b3cf39fce13c7d47fd49e573bfbaba7429/lumn-20251231.htm,87569ab70042748bf3d397ae929479b3cf39fce13c7d47fd49e573bfbaba7429,0000018926-26-000014,lumn-20251231.htm,Item 1A,ITEM_1A:bytes:710395-710517:sha256:a1d720f6b8564048a59a7d797bf3cd644fa6a504d4db3b9c99d8bfdd15c603b4,text,2025-01-01,2025-12-31,"Our ability to conduct our operations is materially reliant on key suppliers, vendors, customers, and other third parties.","Our ability to conduct our operations is materially reliant on key suppliers, vendors, customers, and other third parties.","Our ability to conduct our operations is materially reliant on key suppliers, vendors, customers, and other third parties.",verbatim_source_excerpt,TEXT_V1
Lumen Technologies,18926,D01,https://www.sec.gov/Archives/edgar/data/18926/000001892626000014/lumn-20251231.htm,evidence/request_attempts/87/87569ab70042748bf3d397ae929479b3cf39fce13c7d47fd49e573bfbaba7429/lumn-20251231.htm,87569ab70042748bf3d397ae929479b3cf39fce13c7d47fd49e573bfbaba7429,0000018926-26-000014,lumn-20251231.htm,Item 1A,ITEM_1A:bytes:711197-711239:sha256:d162e625571f72d7c7f792c47a0e58879f7216f5735a70f24de57cbda8d50c87,text,2025-01-01,2025-12-31,Reliance on other communications providers,Reliance on other communications providers,Reliance on other communications providers,verbatim_source_excerpt,TEXT_V1
Lumen Technologies,18926,D01,https://www.sec.gov/Archives/edgar/data/18926/000001892626000014/lumn-20251231.htm,evidence/request_attempts/87/87569ab70042748bf3d397ae929479b3cf39fce13c7d47fd49e573bfbaba7429/lumn-20251231.htm,87569ab70042748bf3d397ae929479b3cf39fce13c7d47fd49e573bfbaba7429,0000018926-26-000014,lumn-20251231.htm,Item 1A,ITEM_1A:bytes:712539-712576:sha256:eed3d1e7e32fd9ef674ab58c9e89d01f718edaa42b9e25946cb6a9e3f32f75a4,text,2025-01-01,2025-12-31,Reliance on key suppliers and vendors,Reliance on key suppliers and vendors,Reliance on key suppliers and vendors,verbatim_source_excerpt,TEXT_V1
Lumen Technologies,18926,D01,https://www.sec.gov/Archives/edgar/data/18926/000001892626000014/lumn-20251231.htm,evidence/request_attempts/87/87569ab70042748bf3d397ae929479b3cf39fce13c7d47fd49e573bfbaba7429/lumn-20251231.htm,87569ab70042748bf3d397ae929479b3cf39fce13c7d47fd49e573bfbaba7429,0000018926-26-000014,lumn-20251231.htm,Item 1A,ITEM_1A:bytes:713528-713553:sha256:49f339619c6e86e19aada006da5560afda14af590208886ddc46020e146a92ef,text,2025-01-01,2025-12-31,Reliance on key licensors,Reliance on key licensors,Reliance on key licensors,verbatim_source_excerpt,TEXT_V1
Lumen Technologies,18926,D01,https://www.sec.gov/Archives/edgar/data/18926/000001892626000014/lumn-20251231.htm,evidence/request_attempts/87/87569ab70042748bf3d397ae929479b3cf39fce13c7d47fd49e573bfbaba7429/lumn-20251231.htm,87569ab70042748bf3d397ae929479b3cf39fce13c7d47fd49e573bfbaba7429,0000018926-26-000014,lumn-20251231.htm,Item 1A,ITEM_1A:bytes:714329-714363:sha256:6fb6f40e6578d75edf31e7f36b6e0ab150c75def6f807ed7bbd12ea642de4d83,text,2025-01-01,2025-12-31,Reliance on key customer contracts,Reliance on key customer contracts,Reliance on key customer contracts,verbatim_source_excerpt,TEXT_V1
Lumen Technologies,18926,D01,https://www.sec.gov/Archives/edgar/data/18926/000001892626000014/lumn-20251231.htm,evidence/request_attempts/87/87569ab70042748bf3d397ae929479b3cf39fce13c7d47fd49e573bfbaba7429/lumn-20251231.htm,87569ab70042748bf3d397ae929479b3cf39fce13c7d47fd49e573bfbaba7429,0000018926-26-000014,lumn-20251231.htm,Item 1A,ITEM_1A:bytes:715995-716017:sha256:0c2ea5e743675262156e2bdb5cd908c11b6fe49a97b573461c75bbc1dad1f9ef,text,2025-01-01,2025-12-31,Reliance on landowners,Reliance on landowners,Reliance on landowners,verbatim_source_excerpt,TEXT_V1
Lumen Technologies,18926,D01,https://www.sec.gov/Archives/edgar/data/18926/000001892626000014/lumn-20251231.htm,evidence/request_attempts/87/87569ab70042748bf3d397ae929479b3cf39fce13c7d47fd49e573bfbaba7429/lumn-20251231.htm,87569ab70042748bf3d397ae929479b3cf39fce13c7d47fd49e573bfbaba7429,0000018926-26-000014,lumn-20251231.htm,Item 1A,ITEM_1A:bytes:717110-717189:sha256:2cdf39c0d723ebd40e11bb9d8cf90e2f8fa5ada22b15c25fcced119e9e5b3f08,text,2025-01-01,2025-12-31,Extreme weather and climate change could disrupt operations and increase costs.,Extreme weather and climate change could disrupt operations and increase costs.,Extreme weather and climate change could disrupt operations and increase costs.,verbatim_source_excerpt,TEXT_V1
Lumen Technologies,18926,D01,https://www.sec.gov/Archives/edgar/data/18926/000001892626000014/lumn-20251231.htm,evidence/request_attempts/87/87569ab70042748bf3d397ae929479b3cf39fce13c7d47fd49e573bfbaba7429/lumn-20251231.htm,87569ab70042748bf3d397ae929479b3cf39fce13c7d47fd49e573bfbaba7429,0000018926-26-000014,lumn-20251231.htm,Item 1A,ITEM_1A:bytes:719066-719193:sha256:bdb4ef410a8a0926a34926b83a0834f4756d09de1ad9ec5782d204992cff9241,text,2025-01-01,2025-12-31,"Our environmental, social, and governance programs and disclosures may expose us to legal, operational, and reputational risks.","Our environmental, social, and governance programs and disclosures may expose us to legal, operational, and reputational risks.","Our environmental, social, and governance programs and disclosures may expose us to legal, operational, and reputational risks.",verbatim_source_excerpt,TEXT_V1
Lumen Technologies,18926,D01,https://www.sec.gov/Archives/edgar/data/18926/000001892626000014/lumn-20251231.htm,evidence/request_attempts/87/87569ab70042748bf3d397ae929479b3cf39fce13c7d47fd49e573bfbaba7429/lumn-20251231.htm,87569ab70042748bf3d397ae929479b3cf39fce13c7d47fd49e573bfbaba7429,0000018926-26-000014,lumn-20251231.htm,Item 1A,ITEM_1A:bytes:720819-720848:sha256:c0e76cdbed8863a2fbf65ede3c2d5badeeded6fcda6036b11334da42d51f2654,text,2025-01-01,2025-12-31,We face other business risks.,We face other business risks.,We face other business risks.,verbatim_source_excerpt,TEXT_V1
Lumen Technologies,18926,D01,https://www.sec.gov/Archives/edgar/data/18926/000001892626000014/lumn-20251231.htm,evidence/request_attempts/87/87569ab70042748bf3d397ae929479b3cf39fce13c7d47fd49e573bfbaba7429/lumn-20251231.htm,87569ab70042748bf3d397ae929479b3cf39fce13c7d47fd49e573bfbaba7429,0000018926-26-000014,lumn-20251231.htm,Item 1A,ITEM_1A:bytes:724274-724300:sha256:2308d95138e5636d2d5589f54e55b81fab6ebffaabdc1e8311e08c1348e8d7a6,text,2025-01-01,2025-12-31,Legal and Regulatory Risks,Legal and Regulatory Risks,Legal and Regulatory Risks,verbatim_source_excerpt,TEXT_V1
Lumen Technologies,18926,D01,https://www.sec.gov/Archives/edgar/data/18926/000001892626000014/lumn-20251231.htm,evidence/request_attempts/87/87569ab70042748bf3d397ae929479b3cf39fce13c7d47fd49e573bfbaba7429/lumn-20251231.htm,87569ab70042748bf3d397ae929479b3cf39fce13c7d47fd49e573bfbaba7429,0000018926-26-000014,lumn-20251231.htm,Item 1A,ITEM_1A:bytes:724522-724603:sha256:e0028f92625fa621e487db82e82bc00327cc498a943870895df7c5a1f13a797f,text,2025-01-01,2025-12-31,Complex and evolving regulations could increase operational and compliance costs.,Complex and evolving regulations could increase operational and compliance costs.,Complex and evolving regulations could increase operational and compliance costs.,verbatim_source_excerpt,TEXT_V1
Lumen Technologies,18926,D01,https://www.sec.gov/Archives/edgar/data/18926/000001892626000014/lumn-20251231.htm,evidence/request_attempts/87/87569ab70042748bf3d397ae929479b3cf39fce13c7d47fd49e573bfbaba7429/lumn-20251231.htm,87569ab70042748bf3d397ae929479b3cf39fce13c7d47fd49e573bfbaba7429,0000018926-26-000014,lumn-20251231.htm,Item 1A,ITEM_1A:bytes:731429-731516:sha256:738c23ac7f4c4701a757e3ae003caca15ea705084149181554a45f98a5371409,text,2025-01-01,2025-12-31,We may face legal and reputational risks related to third-party content on our network.,We may face legal and reputational risks related to third-party content on our network.,We may face legal and reputational risks related to third-party content on our network.,verbatim_source_excerpt,TEXT_V1
Lumen Technologies,18926,D01,https://www.sec.gov/Archives/edgar/data/18926/000001892626000014/lumn-20251231.htm,evidence/request_attempts/87/87569ab70042748bf3d397ae929479b3cf39fce13c7d47fd49e573bfbaba7429/lumn-20251231.htm,87569ab70042748bf3d397ae929479b3cf39fce13c7d47fd49e573bfbaba7429,0000018926-26-000014,lumn-20251231.htm,Item 1A,ITEM_1A:bytes:732703-732776:sha256:77b9e2ec08d358c42895602b57dc4ed5cc02f49545d85775cbc6004d69b0069f,text,2025-01-01,2025-12-31,Our pending legal proceedings could have a material adverse impact on us.,Our pending legal proceedings could have a material adverse impact on us.,Our pending legal proceedings could have a material adverse impact on us.,verbatim_source_excerpt,TEXT_V1
Lumen Technologies,18926,D01,https://www.sec.gov/Archives/edgar/data/18926/000001892626000014/lumn-20251231.htm,evidence/request_attempts/87/87569ab70042748bf3d397ae929479b3cf39fce13c7d47fd49e573bfbaba7429/lumn-20251231.htm,87569ab70042748bf3d397ae929479b3cf39fce13c7d47fd49e573bfbaba7429,0000018926-26-000014,lumn-20251231.htm,Item 1A,ITEM_1A:bytes:733828-733914:sha256:a886f53f57476f6f2f348f042076988f45b9719dbc8b8aa6ac48388d8748aba4,text,2025-01-01,2025-12-31,We may not be successful in protecting and enforcing our intellectual property rights.,We may not be successful in protecting and enforcing our intellectual property rights.,We may not be successful in protecting and enforcing our intellectual property rights.,verbatim_source_excerpt,TEXT_V1
Lumen Technologies,18926,D01,https://www.sec.gov/Archives/edgar/data/18926/000001892626000014/lumn-20251231.htm,evidence/request_attempts/87/87569ab70042748bf3d397ae929479b3cf39fce13c7d47fd49e573bfbaba7429/lumn-20251231.htm,87569ab70042748bf3d397ae929479b3cf39fce13c7d47fd49e573bfbaba7429,0000018926-26-000014,lumn-20251231.htm,Item 1A,ITEM_1A:bytes:734806-734885:sha256:6d14abd0695d8106c74eef58c4c72aa0f7d010ccc55836f2f1c11c20c8dfc143,text,2025-01-01,2025-12-31,"Our use of AI technology may create operational, legal, and reputational risks.","Our use of AI technology may create operational, legal, and reputational risks.","Our use of AI technology may create operational, legal, and reputational risks.",verbatim_source_excerpt,TEXT_V1
Lumen Technologies,18926,D01,https://www.sec.gov/Archives/edgar/data/18926/000001892626000014/lumn-20251231.htm,evidence/request_attempts/87/87569ab70042748bf3d397ae929479b3cf39fce13c7d47fd49e573bfbaba7429/lumn-20251231.htm,87569ab70042748bf3d397ae929479b3cf39fce13c7d47fd49e573bfbaba7429,0000018926-26-000014,lumn-20251231.htm,Item 1A,ITEM_1A:bytes:736132-736223:sha256:1c7a691cb103c682bb832e6b35815d0ef2d880d377d096adf08f1c94017d1cdd,text,2025-01-01,2025-12-31,Intellectual property claims could result in significant costs and operational disruptions.,Intellectual property claims could result in significant costs and operational disruptions.,Intellectual property claims could result in significant costs and operational disruptions.,verbatim_source_excerpt,TEXT_V1
Lumen Technologies,18926,D01,https://www.sec.gov/Archives/edgar/data/18926/000001892626000014/lumn-20251231.htm,evidence/request_attempts/87/87569ab70042748bf3d397ae929479b3cf39fce13c7d47fd49e573bfbaba7429/lumn-20251231.htm,87569ab70042748bf3d397ae929479b3cf39fce13c7d47fd49e573bfbaba7429,0000018926-26-000014,lumn-20251231.htm,Item 1A,ITEM_1A:bytes:737505-737720:sha256:47ca0efdecdb9062b55fb9a435e83c50c0313d6c91d6b65587f7f2b09d362497,text,2025-01-01,2025-12-31,"Any actual or perceived failure to comply with new or existing laws, regulations and other requirements relating to the privacy, security and processing of Personal Information could materially impact our business.","Any actual or perceived failure to comply with new or existing laws, regulations and other requirements relating to the privacy, security and processing of Personal Information could materially impact our business.","Any actual or perceived failure to comply with new or existing laws, regulations and other requirements relating to the privacy, security and processing of Personal Information could materially impact our business.",verbatim_source_excerpt,TEXT_V1
Lumen Technologies,18926,D01,https://www.sec.gov/Archives/edgar/data/18926/000001892626000014/lumn-20251231.htm,evidence/request_attempts/87/87569ab70042748bf3d397ae929479b3cf39fce13c7d47fd49e573bfbaba7429/lumn-20251231.htm,87569ab70042748bf3d397ae929479b3cf39fce13c7d47fd49e573bfbaba7429,0000018926-26-000014,lumn-20251231.htm,Item 1A,ITEM_1A:bytes:741971-742078:sha256:aac7a296426972936e3bb96ede3609ab7efdc4cad03c6fdc1e671d5393b74efe,text,2025-01-01,2025-12-31,Labor disputes or failure to renew collective bargaining agreements could materially affect our operations.,Labor disputes or failure to renew collective bargaining agreements could materially affect our operations.,Labor disputes or failure to renew collective bargaining agreements could materially affect our operations.,verbatim_source_excerpt,TEXT_V1
Lumen Technologies,18926,D01,https://www.sec.gov/Archives/edgar/data/18926/000001892626000014/lumn-20251231.htm,evidence/request_attempts/87/87569ab70042748bf3d397ae929479b3cf39fce13c7d47fd49e573bfbaba7429/lumn-20251231.htm,87569ab70042748bf3d397ae929479b3cf39fce13c7d47fd49e573bfbaba7429,0000018926-26-000014,lumn-20251231.htm,Item 1A,ITEM_1A:bytes:742971-743051:sha256:07e626e8250b95a928058b51bbcac04ed09a47d1f0eab2e441111a93a8d7e4bc,text,2025-01-01,2025-12-31,"International operations expose us to regulatory, economic, and political risks.","International operations expose us to regulatory, economic, and political risks.","International operations expose us to regulatory, economic, and political risks.",verbatim_source_excerpt,TEXT_V1
Lumen Technologies,18926,D01,https://www.sec.gov/Archives/edgar/data/18926/000001892626000014/lumn-20251231.htm,evidence/request_attempts/87/87569ab70042748bf3d397ae929479b3cf39fce13c7d47fd49e573bfbaba7429/lumn-20251231.htm,87569ab70042748bf3d397ae929479b3cf39fce13c7d47fd49e573bfbaba7429,0000018926-26-000014,lumn-20251231.htm,Item 1A,ITEM_1A:bytes:745134-745282:sha256:cb47344fa6a3bba0ffef429ee2f230cc7c1c4676890ab787970c5813090d7832,text,2025-01-01,2025-12-31,"Allegations regarding lead-sheathed cables could result in regulatory or governmental actions, litigation, significant costs, and reputational harm.","Allegations regarding lead-sheathed cables could result in regulatory or governmental actions, litigation, significant costs, and reputational harm.","Allegations regarding lead-sheathed cables could result in regulatory or governmental actions, litigation, significant costs, and reputational harm.",verbatim_source_excerpt,TEXT_V1
Lumen Technologies,18926,D01,https://www.sec.gov/Archives/edgar/data/18926/000001892626000014/lumn-20251231.htm,evidence/request_attempts/87/87569ab70042748bf3d397ae929479b3cf39fce13c7d47fd49e573bfbaba7429/lumn-20251231.htm,87569ab70042748bf3d397ae929479b3cf39fce13c7d47fd49e573bfbaba7429,0000018926-26-000014,lumn-20251231.htm,Item 1A,ITEM_1A:bytes:747490-747505:sha256:5e93e8a1d232e815c93a6f9abffff7e8d5442ec9545f237c3651ea28ca94d5c3,text,2025-01-01,2025-12-31,Financial Risks,Financial Risks,Financial Risks,verbatim_source_excerpt,TEXT_V1
Lumen Technologies,18926,D01,https://www.sec.gov/Archives/edgar/data/18926/000001892626000014/lumn-20251231.htm,evidence/request_attempts/87/87569ab70042748bf3d397ae929479b3cf39fce13c7d47fd49e573bfbaba7429/lumn-20251231.htm,87569ab70042748bf3d397ae929479b3cf39fce13c7d47fd49e573bfbaba7429,0000018926-26-000014,lumn-20251231.htm,Item 1A,ITEM_1A:bytes:747727-747791:sha256:8f22d71c71a0ca8ba91860698ce17f4666d748ca00bb7b0160bacd0fea4b4c15,text,2025-01-01,2025-12-31,Our significant debt levels expose us to a broad range of risks.,Our significant debt levels expose us to a broad range of risks.,Our significant debt levels expose us to a broad range of risks.,verbatim_source_excerpt,TEXT_V1
Lumen Technologies,18926,D01,https://www.sec.gov/Archives/edgar/data/18926/000001892626000014/lumn-20251231.htm,evidence/request_attempts/87/87569ab70042748bf3d397ae929479b3cf39fce13c7d47fd49e573bfbaba7429/lumn-20251231.htm,87569ab70042748bf3d397ae929479b3cf39fce13c7d47fd49e573bfbaba7429,0000018926-26-000014,lumn-20251231.htm,Item 1A,ITEM_1A:bytes:752354-752465:sha256:12d23eb1cbb3bef513d017d47c9fce65558111c0eee1d9e4919df63def93a8ff,text,2025-01-01,2025-12-31,"Our ability to obtain future financing may be limited, and failure to refinance debt could adversely affect us.","Our ability to obtain future financing may be limited, and failure to refinance debt could adversely affect us.","Our ability to obtain future financing may be limited, and failure to refinance debt could adversely affect us.",verbatim_source_excerpt,TEXT_V1
Lumen Technologies,18926,D01,https://www.sec.gov/Archives/edgar/data/18926/000001892626000014/lumn-20251231.htm,evidence/request_attempts/87/87569ab70042748bf3d397ae929479b3cf39fce13c7d47fd49e573bfbaba7429/lumn-20251231.htm,87569ab70042748bf3d397ae929479b3cf39fce13c7d47fd49e573bfbaba7429,0000018926-26-000014,lumn-20251231.htm,Item 1A,ITEM_1A:bytes:754286-754374:sha256:00155dd58543cc25bd6327c0feab34a74c8e331e42ee59524373d8af396f3ba9,text,2025-01-01,2025-12-31,"We have a highly complex debt structure, which could impact the rights of our investors.","We have a highly complex debt structure, which could impact the rights of our investors.","We have a highly complex debt structure, which could impact the rights of our investors.",verbatim_source_excerpt,TEXT_V1
Lumen Technologies,18926,D01,https://www.sec.gov/Archives/edgar/data/18926/000001892626000014/lumn-20251231.htm,evidence/request_attempts/87/87569ab70042748bf3d397ae929479b3cf39fce13c7d47fd49e573bfbaba7429/lumn-20251231.htm,87569ab70042748bf3d397ae929479b3cf39fce13c7d47fd49e573bfbaba7429,0000018926-26-000014,lumn-20251231.htm,Item 1A,ITEM_1A:bytes:757788-757912:sha256:93e4a10d9e916a6a20e090b814ec1f26a0f8cdf5aec811e0ec1b63fb3e74767a,text,2025-01-01,2025-12-31,Restrictive covenants and potential defaults under our debt agreements could materially affect our operations and liquidity.,Restrictive covenants and potential defaults under our debt agreements could materially affect our operations and liquidity.,Restrictive covenants and potential defaults under our debt agreements could materially affect our operations and liquidity.,verbatim_source_excerpt,TEXT_V1
Lumen Technologies,18926,D01,https://www.sec.gov/Archives/edgar/data/18926/000001892626000014/lumn-20251231.htm,evidence/request_attempts/87/87569ab70042748bf3d397ae929479b3cf39fce13c7d47fd49e573bfbaba7429/lumn-20251231.htm,87569ab70042748bf3d397ae929479b3cf39fce13c7d47fd49e573bfbaba7429,0000018926-26-000014,lumn-20251231.htm,Item 1A,ITEM_1A:bytes:760938-761006:sha256:4d88dd1cfeb6b0739689c3bd9e6343f4e5ed869fc5871333e23e754a215a4fa5,text,2025-01-01,2025-12-31,Our cash flows may not adequately fund all of our cash requirements.,Our cash flows may not adequately fund all of our cash requirements.,Our cash flows may not adequately fund all of our cash requirements.,verbatim_source_excerpt,TEXT_V1
Lumen Technologies,18926,D01,https://www.sec.gov/Archives/edgar/data/18926/000001892626000014/lumn-20251231.htm,evidence/request_attempts/87/87569ab70042748bf3d397ae929479b3cf39fce13c7d47fd49e573bfbaba7429/lumn-20251231.htm,87569ab70042748bf3d397ae929479b3cf39fce13c7d47fd49e573bfbaba7429,0000018926-26-000014,lumn-20251231.htm,Item 1A,ITEM_1A:bytes:765217-765298:sha256:91ecec5f7497fcfcf9feb01ecc1bb23aaa668aef9a5cebf3cd55f24071871893,text,2025-01-01,2025-12-31,Our ability to meet our obligations depends on cash flows from our subsidiaries.,Our ability to meet our obligations depends on cash flows from our subsidiaries.,Our ability to meet our obligations depends on cash flows from our subsidiaries.,verbatim_source_excerpt,TEXT_V1
Lumen Technologies,18926,D01,https://www.sec.gov/Archives/edgar/data/18926/000001892626000014/lumn-20251231.htm,evidence/request_attempts/87/87569ab70042748bf3d397ae929479b3cf39fce13c7d47fd49e573bfbaba7429/lumn-20251231.htm,87569ab70042748bf3d397ae929479b3cf39fce13c7d47fd49e573bfbaba7429,0000018926-26-000014,lumn-20251231.htm,Item 1A,ITEM_1A:bytes:767474-767519:sha256:1cb5f8beb6b92ea42e47321e1825c228b81144318e2ca07927adcd30840b32bd,text,2025-01-01,2025-12-31,We may not be able to fully utilize our NOLs.,We may not be able to fully utilize our NOLs.,We may not be able to fully utilize our NOLs.,verbatim_source_excerpt,TEXT_V1
Lumen Technologies,18926,D01,https://www.sec.gov/Archives/edgar/data/18926/000001892626000014/lumn-20251231.htm,evidence/request_attempts/87/87569ab70042748bf3d397ae929479b3cf39fce13c7d47fd49e573bfbaba7429/lumn-20251231.htm,87569ab70042748bf3d397ae929479b3cf39fce13c7d47fd49e573bfbaba7429,0000018926-26-000014,lumn-20251231.htm,Item 1A,ITEM_1A:bytes:769030-769114:sha256:b63b4c6941900da00b3638bcc2687ce341c195ff759828d15464621dc89d2717,text,2025-01-01,2025-12-31,Funding obligations for employee benefit plans could negatively impact profitability,Funding obligations for employee benefit plans could negatively impact profitability,Funding obligations for employee benefit plans could negatively impact profitability,verbatim_source_excerpt,TEXT_V1
Lumen Technologies,18926,D01,https://www.sec.gov/Archives/edgar/data/18926/000001892626000014/lumn-20251231.htm,evidence/request_attempts/87/87569ab70042748bf3d397ae929479b3cf39fce13c7d47fd49e573bfbaba7429/lumn-20251231.htm,87569ab70042748bf3d397ae929479b3cf39fce13c7d47fd49e573bfbaba7429,0000018926-26-000014,lumn-20251231.htm,Item 1A,ITEM_1A:bytes:774779-774914:sha256:4746c9afd958ec21e2e92076867c90fba1536e72fc21455d5fd940aa31358585,text,2025-01-01,2025-12-31,Lapses in our disclosure controls and procedures or internal control over financial reporting could materially and adversely affect us.,Lapses in our disclosure controls and procedures or internal control over financial reporting could materially and adversely affect us.,Lapses in our disclosure controls and procedures or internal control over financial reporting could materially and adversely affect us.,verbatim_source_excerpt,TEXT_V1
Lumen Technologies,18926,D01,https://www.sec.gov/Archives/edgar/data/18926/000001892626000014/lumn-20251231.htm,evidence/request_attempts/87/87569ab70042748bf3d397ae929479b3cf39fce13c7d47fd49e573bfbaba7429/lumn-20251231.htm,87569ab70042748bf3d397ae929479b3cf39fce13c7d47fd49e573bfbaba7429,0000018926-26-000014,lumn-20251231.htm,Item 1A,ITEM_1A:bytes:775949-775979:sha256:2757ff7434a616541d0139a764821fe85a4e7f0f10c280a37ad874e860bf9e0b,text,2025-01-01,2025-12-31,We face other financial risks.,We face other financial risks.,We face other financial risks.,verbatim_source_excerpt,TEXT_V1
Lumen Technologies,18926,D01,https://www.sec.gov/Archives/edgar/data/18926/000001892626000014/lumn-20251231.htm,evidence/request_attempts/87/87569ab70042748bf3d397ae929479b3cf39fce13c7d47fd49e573bfbaba7429/lumn-20251231.htm,87569ab70042748bf3d397ae929479b3cf39fce13c7d47fd49e573bfbaba7429,0000018926-26-000014,lumn-20251231.htm,Item 1A,ITEM_1A:bytes:781084-781101:sha256:4a799a89cda71134fcdffc56148316793941ac284acc76ce53ca0abb79d54111,text,2025-01-01,2025-12-31,Divestiture Risks,Divestiture Risks,Divestiture Risks,verbatim_source_excerpt,TEXT_V1
Lumen Technologies,18926,D01,https://www.sec.gov/Archives/edgar/data/18926/000001892626000014/lumn-20251231.htm,evidence/request_attempts/87/87569ab70042748bf3d397ae929479b3cf39fce13c7d47fd49e573bfbaba7429/lumn-20251231.htm,87569ab70042748bf3d397ae929479b3cf39fce13c7d47fd49e573bfbaba7429,0000018926-26-000014,lumn-20251231.htm,Item 1A,ITEM_1A:bytes:781323-781501:sha256:f87d7230db5cffaacc053c104adbdc84e55ebac4d986700c0ea5c2945e1ddafb,text,2025-01-01,2025-12-31,"We may not realize the anticipated benefits of prior completed divestitures, including the 2026 sale of our Mass Markets Fiber-to-the-Home business and our 2023 EMEA divestiture.","We may not realize the anticipated benefits of prior completed divestitures, including the 2026 sale of our Mass Markets Fiber-to-the-Home business and our 2023 EMEA divestiture.","We may not realize the anticipated benefits of prior completed divestitures, including the 2026 sale of our Mass Markets Fiber-to-the-Home business and our 2023 EMEA divestiture.",verbatim_source_excerpt,TEXT_V1
Lumen Technologies,18926,D01,https://www.sec.gov/Archives/edgar/data/18926/000001892626000014/lumn-20251231.htm,evidence/request_attempts/87/87569ab70042748bf3d397ae929479b3cf39fce13c7d47fd49e573bfbaba7429/lumn-20251231.htm,87569ab70042748bf3d397ae929479b3cf39fce13c7d47fd49e573bfbaba7429,0000018926-26-000014,lumn-20251231.htm,Item 1A,ITEM_1A:bytes:788858-788871:sha256:4fa472228ea631f99419be7d515e131a70bb92dbd712b038ddc3f77ddb8f2527,text,2025-01-01,2025-12-31,General Risks,General Risks,General Risks,verbatim_source_excerpt,TEXT_V1
Lumen Technologies,18926,D01,https://www.sec.gov/Archives/edgar/data/18926/000001892626000014/lumn-20251231.htm,evidence/request_attempts/87/87569ab70042748bf3d397ae929479b3cf39fce13c7d47fd49e573bfbaba7429/lumn-20251231.htm,87569ab70042748bf3d397ae929479b3cf39fce13c7d47fd49e573bfbaba7429,0000018926-26-000014,lumn-20251231.htm,Item 1A,ITEM_1A:bytes:789093-789166:sha256:39209f3fe15e53b7c7a973c8a31d32d309fa79ba62e9d16228d0623008c71981,text,2025-01-01,2025-12-31,Changes in government trade policies could adversely affect our business.,Changes in government trade policies could adversely affect our business.,Changes in government trade policies could adversely affect our business.,verbatim_source_excerpt,TEXT_V1
Lumen Technologies,18926,D01,https://www.sec.gov/Archives/edgar/data/18926/000001892626000014/lumn-20251231.htm,evidence/request_attempts/87/87569ab70042748bf3d397ae929479b3cf39fce13c7d47fd49e573bfbaba7429/lumn-20251231.htm,87569ab70042748bf3d397ae929479b3cf39fce13c7d47fd49e573bfbaba7429,0000018926-26-000014,lumn-20251231.htm,Item 1A,ITEM_1A:bytes:790454-790557:sha256:85a34445ea2495892a6fdbe7270c0a12379c3fad81e705580d7660dbe88fb605,text,2025-01-01,2025-12-31,"Unfavorable general economic, societal, health, or environmental conditions could negatively impact us.","Unfavorable general economic, societal, health, or environmental conditions could negatively impact us.","Unfavorable general economic, societal, health, or environmental conditions could negatively impact us.",verbatim_source_excerpt,TEXT_V1
Lumen Technologies,18926,D01,https://www.sec.gov/Archives/edgar/data/18926/000001892626000014/lumn-20251231.htm,evidence/request_attempts/87/87569ab70042748bf3d397ae929479b3cf39fce13c7d47fd49e573bfbaba7429/lumn-20251231.htm,87569ab70042748bf3d397ae929479b3cf39fce13c7d47fd49e573bfbaba7429,0000018926-26-000014,lumn-20251231.htm,Item 1A,ITEM_1A:bytes:791381-791443:sha256:458e4d1b0928349b2ce09cc1bc52a215e55dc50936a3e901aa80fb2dde525870,text,2025-01-01,2025-12-31,We currently do not pay dividends to our common shareholders.,We currently do not pay dividends to our common shareholders.,We currently do not pay dividends to our common shareholders.,verbatim_source_excerpt,TEXT_V1
Lumen Technologies,18926,D01,https://www.sec.gov/Archives/edgar/data/18926/000001892626000014/lumn-20251231.htm,evidence/request_attempts/87/87569ab70042748bf3d397ae929479b3cf39fce13c7d47fd49e573bfbaba7429/lumn-20251231.htm,87569ab70042748bf3d397ae929479b3cf39fce13c7d47fd49e573bfbaba7429,0000018926-26-000014,lumn-20251231.htm,Item 1A,ITEM_1A:bytes:792118-792211:sha256:b70eeb7b112d12b3db6e6f32ead1129fe3ff3f799238b7cb3b47cfea85873335,text,2025-01-01,2025-12-31,Shareholder or debtholder activism efforts could cause a material disruption to our business.,Shareholder or debtholder activism efforts could cause a material disruption to our business.,Shareholder or debtholder activism efforts could cause a material disruption to our business.,verbatim_source_excerpt,TEXT_V1
Lumen Technologies,18926,D01,https://www.sec.gov/Archives/edgar/data/18926/000001892626000014/lumn-20251231.htm,evidence/request_attempts/87/87569ab70042748bf3d397ae929479b3cf39fce13c7d47fd49e573bfbaba7429/lumn-20251231.htm,87569ab70042748bf3d397ae929479b3cf39fce13c7d47fd49e573bfbaba7429,0000018926-26-000014,lumn-20251231.htm,Item 1A,ITEM_1A:bytes:793245-793365:sha256:e10d15ee646e66397048f09b3ab3158404bb5b6638a6e90718c3639a8d7a4272,text,2025-01-01,2025-12-31,"Our agreements, organizational documents, and applicable law could restrict another party’s ability to acquire us.","Our agreements, organizational documents, and applicable law could restrict another party’s ability to acquire us.","Our agreements, organizational documents, and applicable law could restrict another party’s ability to acquire us.",verbatim_source_excerpt,TEXT_V1
Macy's,794367,D01,https://www.sec.gov/Archives/edgar/data/794367/000162828026021721/m-20260131.htm,evidence/request_attempts/47/47e1df1c9e94a3e0de3def3d714f16496c25f6461504899e4476b203bb91f4c7/m-20260131.htm,47e1df1c9e94a3e0de3def3d714f16496c25f6461504899e4476b203bb91f4c7,0001628280-26-021721,m-20260131.htm,Item 1A,ITEM_1A:bytes:300968-301012:sha256:99d30f5e8affc0d28ab74826f3575e93abd4d14fd2c4218845a2405dc3c6a9a8,text,2025-02-02,2026-01-31,"Strategic, Operational and Competitive Risks","Strategic, Operational and Competitive Risks","Strategic, Operational and Competitive Risks",verbatim_source_excerpt,TEXT_V1
Macy's,794367,D01,https://www.sec.gov/Archives/edgar/data/794367/000162828026021721/m-20260131.htm,evidence/request_attempts/47/47e1df1c9e94a3e0de3def3d714f16496c25f6461504899e4476b203bb91f4c7/m-20260131.htm,47e1df1c9e94a3e0de3def3d714f16496c25f6461504899e4476b203bb91f4c7,0001628280-26-021721,m-20260131.htm,Item 1A,ITEM_1A:bytes:301177-301295:sha256:0678883d332c551b244e5ebb0c00e8ada4ce0d2d2beda3d2fa72104d4aba09bf,text,2025-02-02,2026-01-31,"Our strategic plans and initiatives may not be successful, which could negatively affect our profitability and growth.","Our strategic plans and initiatives may not be successful, which could negatively affect our profitability and growth.","Our strategic plans and initiatives may not be successful, which could negatively affect our profitability and growth.",verbatim_source_excerpt,TEXT_V1
Macy's,794367,D01,https://www.sec.gov/Archives/edgar/data/794367/000162828026021721/m-20260131.htm,evidence/request_attempts/47/47e1df1c9e94a3e0de3def3d714f16496c25f6461504899e4476b203bb91f4c7/m-20260131.htm,47e1df1c9e94a3e0de3def3d714f16496c25f6461504899e4476b203bb91f4c7,0001628280-26-021721,m-20260131.htm,Item 1A,ITEM_1A:bytes:305687-305905:sha256:c06300e17088c9a24245a8f9f6fbeb61a80e9d926d1f4010ef75c66bee32b928,text,2025-02-02,2026-01-31,"We may not timely identify or effectively respond to consumer needs, expectations, or trends, which could adversely affect our relationship with customers, the demand for our products and services and our market share.","We may not timely identify or effectively respond to consumer needs, expectations, or trends, which could adversely affect our relationship with customers, the demand for our products and services and our market share.","We may not timely identify or effectively respond to consumer needs, expectations, or trends, which could adversely affect our relationship with customers, the demand for our products and services and our market share.",verbatim_source_excerpt,TEXT_V1
Macy's,794367,D01,https://www.sec.gov/Archives/edgar/data/794367/000162828026021721/m-20260131.htm,evidence/request_attempts/47/47e1df1c9e94a3e0de3def3d714f16496c25f6461504899e4476b203bb91f4c7/m-20260131.htm,47e1df1c9e94a3e0de3def3d714f16496c25f6461504899e4476b203bb91f4c7,0001628280-26-021721,m-20260131.htm,Item 1A,ITEM_1A:bytes:307101-307171:sha256:34a25e688e1258e2df6bd47c85381964cad53a3bd2cbfe7c693aadb1ca346d4d,text,2025-02-02,2026-01-31,"Our advertising, marketing and loyalty programs may not be successful.","Our advertising, marketing and loyalty programs may not be successful.","Our advertising, marketing and loyalty programs may not be successful.",verbatim_source_excerpt,TEXT_V1
Macy's,794367,D01,https://www.sec.gov/Archives/edgar/data/794367/000162828026021721/m-20260131.htm,evidence/request_attempts/47/47e1df1c9e94a3e0de3def3d714f16496c25f6461504899e4476b203bb91f4c7/m-20260131.htm,47e1df1c9e94a3e0de3def3d714f16496c25f6461504899e4476b203bb91f4c7,0001628280-26-021721,m-20260131.htm,Item 1A,ITEM_1A:bytes:307728-307868:sha256:8fcc9345ab84a5b8ab20a025ef0c110148d70e6662ec84e40c2f9d8dab91b5d9,text,2025-02-02,2026-01-31,"Our sales and operating results depend on our ability to manage our inventory, merchandise selection and protect against inventory shortage.","Our sales and operating results depend on our ability to manage our inventory, merchandise selection and protect against inventory shortage.","Our sales and operating results depend on our ability to manage our inventory, merchandise selection and protect against inventory shortage.",verbatim_source_excerpt,TEXT_V1
Macy's,794367,D01,https://www.sec.gov/Archives/edgar/data/794367/000162828026021721/m-20260131.htm,evidence/request_attempts/47/47e1df1c9e94a3e0de3def3d714f16496c25f6461504899e4476b203bb91f4c7/m-20260131.htm,47e1df1c9e94a3e0de3def3d714f16496c25f6461504899e4476b203bb91f4c7,0001628280-26-021721,m-20260131.htm,Item 1A,ITEM_1A:bytes:308820-309195:sha256:15be5f65102b852faef5df913f4a370d4328459bcf769ed78085bd48702abcd3,text,2025-02-02,2026-01-31,The Company faces significant competition and depends on its ability to differentiate itself in retail's ever-changing environment.,The Company faces significant competition and depends on its ability to differentiate itself in retail's ever-changing environment.,The Company faces significant competition and depends on its ability to differentiate itself in retail's ever-changing environment.,verbatim_source_excerpt,TEXT_V1
Macy's,794367,D01,https://www.sec.gov/Archives/edgar/data/794367/000162828026021721/m-20260131.htm,evidence/request_attempts/47/47e1df1c9e94a3e0de3def3d714f16496c25f6461504899e4476b203bb91f4c7/m-20260131.htm,47e1df1c9e94a3e0de3def3d714f16496c25f6461504899e4476b203bb91f4c7,0001628280-26-021721,m-20260131.htm,Item 1A,ITEM_1A:bytes:312750-312847:sha256:6a92effe03f71d92d7e8f062fad0dd1cd382721bc85ce23c4caeba85fec58d43,text,2025-02-02,2026-01-31,Our ability to grow depends in part on our stores remaining relevant and attractive to customers.,Our ability to grow depends in part on our stores remaining relevant and attractive to customers.,Our ability to grow depends in part on our stores remaining relevant and attractive to customers.,verbatim_source_excerpt,TEXT_V1
Macy's,794367,D01,https://www.sec.gov/Archives/edgar/data/794367/000162828026021721/m-20260131.htm,evidence/request_attempts/47/47e1df1c9e94a3e0de3def3d714f16496c25f6461504899e4476b203bb91f4c7/m-20260131.htm,47e1df1c9e94a3e0de3def3d714f16496c25f6461504899e4476b203bb91f4c7,0001628280-26-021721,m-20260131.htm,Item 1A,ITEM_1A:bytes:314756-314824:sha256:6c99f47c5883907b1fecb280540423ad9ceaf27e59ce93d1e49806c158866e68,text,2025-02-02,2026-01-31,We may not be able to successfully execute our real estate strategy.,We may not be able to successfully execute our real estate strategy.,We may not be able to successfully execute our real estate strategy.,verbatim_source_excerpt,TEXT_V1
Macy's,794367,D01,https://www.sec.gov/Archives/edgar/data/794367/000162828026021721/m-20260131.htm,evidence/request_attempts/47/47e1df1c9e94a3e0de3def3d714f16496c25f6461504899e4476b203bb91f4c7/m-20260131.htm,47e1df1c9e94a3e0de3def3d714f16496c25f6461504899e4476b203bb91f4c7,0001628280-26-021721,m-20260131.htm,Item 1A,ITEM_1A:bytes:316225-316312:sha256:d733d855dfc98b3ea44e3f92b2d01f1186cffaef5133ea09e3eaf59ed3c2ec15,text,2025-02-02,2026-01-31,Our revenues and cash requirements are affected by the seasonal nature of our business.,Our revenues and cash requirements are affected by the seasonal nature of our business.,Our revenues and cash requirements are affected by the seasonal nature of our business.,verbatim_source_excerpt,TEXT_V1
Macy's,794367,D01,https://www.sec.gov/Archives/edgar/data/794367/000162828026021721/m-20260131.htm,evidence/request_attempts/47/47e1df1c9e94a3e0de3def3d714f16496c25f6461504899e4476b203bb91f4c7/m-20260131.htm,47e1df1c9e94a3e0de3def3d714f16496c25f6461504899e4476b203bb91f4c7,0001628280-26-021721,m-20260131.htm,Item 1A,ITEM_1A:bytes:317735-317817:sha256:0fb096c746debd702810b76a683925f30dfa7d4b5342006e91dff72318e8c60d,text,2025-02-02,2026-01-31,"We depend on our ability to attract, train, develop and retain quality colleagues.","We depend on our ability to attract, train, develop and retain quality colleagues.","We depend on our ability to attract, train, develop and retain quality colleagues.",verbatim_source_excerpt,TEXT_V1
Macy's,794367,D01,https://www.sec.gov/Archives/edgar/data/794367/000162828026021721/m-20260131.htm,evidence/request_attempts/47/47e1df1c9e94a3e0de3def3d714f16496c25f6461504899e4476b203bb91f4c7/m-20260131.htm,47e1df1c9e94a3e0de3def3d714f16496c25f6461504899e4476b203bb91f4c7,0001628280-26-021721,m-20260131.htm,Item 1A,ITEM_1A:bytes:318919-319027:sha256:d8eb7ab453223400ebd9448eb253ea052dfbb96c80543435d854ce7fb994985c,text,2025-02-02,2026-01-31,Increases in labor costs and the cost of employee benefits could impact our financial results and cash flow.,Increases in labor costs and the cost of employee benefits could impact our financial results and cash flow.,Increases in labor costs and the cost of employee benefits could impact our financial results and cash flow.,verbatim_source_excerpt,TEXT_V1
Macy's,794367,D01,https://www.sec.gov/Archives/edgar/data/794367/000162828026021721/m-20260131.htm,evidence/request_attempts/47/47e1df1c9e94a3e0de3def3d714f16496c25f6461504899e4476b203bb91f4c7/m-20260131.htm,47e1df1c9e94a3e0de3def3d714f16496c25f6461504899e4476b203bb91f4c7,0001628280-26-021721,m-20260131.htm,Item 1A,ITEM_1A:bytes:320139-320275:sha256:ea3c369690b04fbff7bf6770d40cf535466c4c1738b3a90016678e36efd5ac34,text,2025-02-02,2026-01-31,"If revenue from our private label and co-branded credit cards decline, our financial and operational results may be negatively impacted.","If revenue from our private label and co-branded credit cards decline, our financial and operational results may be negatively impacted.","If revenue from our private label and co-branded credit cards decline, our financial and operational results may be negatively impacted.",verbatim_source_excerpt,TEXT_V1
Macy's,794367,D01,https://www.sec.gov/Archives/edgar/data/794367/000162828026021721/m-20260131.htm,evidence/request_attempts/47/47e1df1c9e94a3e0de3def3d714f16496c25f6461504899e4476b203bb91f4c7/m-20260131.htm,47e1df1c9e94a3e0de3def3d714f16496c25f6461504899e4476b203bb91f4c7,0001628280-26-021721,m-20260131.htm,Item 1A,ITEM_1A:bytes:324317-324439:sha256:d6d6afb88a776c97beb5d0af0afcec3f80b8047a90a52a6a67ccd27fcb443c12,text,2025-02-02,2026-01-31,Our defined benefit plan funding requirements or plan settlement expense could impact our financial results and cash flow.,Our defined benefit plan funding requirements or plan settlement expense could impact our financial results and cash flow.,Our defined benefit plan funding requirements or plan settlement expense could impact our financial results and cash flow.,verbatim_source_excerpt,TEXT_V1
Macy's,794367,D01,https://www.sec.gov/Archives/edgar/data/794367/000162828026021721/m-20260131.htm,evidence/request_attempts/47/47e1df1c9e94a3e0de3def3d714f16496c25f6461504899e4476b203bb91f4c7/m-20260131.htm,47e1df1c9e94a3e0de3def3d714f16496c25f6461504899e4476b203bb91f4c7,0001628280-26-021721,m-20260131.htm,Item 1A,ITEM_1A:bytes:325744-325872:sha256:ea3f49133f77da042dfb7e5c6089aad04204279f7aa91f3fa54877f6cfaf0038,text,2025-02-02,2026-01-31,"If our Company's reputation and brand image are not maintained at a high level, our operations and financial results may suffer.","If our Company's reputation and brand image are not maintained at a high level, our operations and financial results may suffer.","If our Company's reputation and brand image are not maintained at a high level, our operations and financial results may suffer.",verbatim_source_excerpt,TEXT_V1
Macy's,794367,D01,https://www.sec.gov/Archives/edgar/data/794367/000162828026021721/m-20260131.htm,evidence/request_attempts/47/47e1df1c9e94a3e0de3def3d714f16496c25f6461504899e4476b203bb91f4c7/m-20260131.htm,47e1df1c9e94a3e0de3def3d714f16496c25f6461504899e4476b203bb91f4c7,0001628280-26-021721,m-20260131.htm,Item 1A,ITEM_1A:bytes:327298-327394:sha256:c1e7c9b032cf82777fc4b1ac03d73639a2f6417240bb7acebaa9c802f89dbd43,text,2025-02-02,2026-01-31,"If we are unable to protect our intellectual property, our brands and business could be damaged.","If we are unable to protect our intellectual property, our brands and business could be damaged.","If we are unable to protect our intellectual property, our brands and business could be damaged.",verbatim_source_excerpt,TEXT_V1
Macy's,794367,D01,https://www.sec.gov/Archives/edgar/data/794367/000162828026021721/m-20260131.htm,evidence/request_attempts/47/47e1df1c9e94a3e0de3def3d714f16496c25f6461504899e4476b203bb91f4c7/m-20260131.htm,47e1df1c9e94a3e0de3def3d714f16496c25f6461504899e4476b203bb91f4c7,0001628280-26-021721,m-20260131.htm,Item 1A,ITEM_1A:bytes:328393-328413:sha256:b61061e2052c3e3abcc11aee3186e24137b062e63075260e367a08d66c0fd7ec,text,2025-02-02,2026-01-31,Infrastructure Risks,Infrastructure Risks,Infrastructure Risks,verbatim_source_excerpt,TEXT_V1
Macy's,794367,D01,https://www.sec.gov/Archives/edgar/data/794367/000162828026021721/m-20260131.htm,evidence/request_attempts/47/47e1df1c9e94a3e0de3def3d714f16496c25f6461504899e4476b203bb91f4c7/m-20260131.htm,47e1df1c9e94a3e0de3def3d714f16496c25f6461504899e4476b203bb91f4c7,0001628280-26-021721,m-20260131.htm,Item 1A,ITEM_1A:bytes:328578-328705:sha256:b134c61cffc6f7ea4563df7544422b65b5949784683e642e843504b68fced8b1,text,2025-02-02,2026-01-31,Unforeseen disruptions in our distribution and fulfillment centers could have an adverse impact on our business and operations.,Unforeseen disruptions in our distribution and fulfillment centers could have an adverse impact on our business and operations.,Unforeseen disruptions in our distribution and fulfillment centers could have an adverse impact on our business and operations.,verbatim_source_excerpt,TEXT_V1
Macy's,794367,D01,https://www.sec.gov/Archives/edgar/data/794367/000162828026021721/m-20260131.htm,evidence/request_attempts/47/47e1df1c9e94a3e0de3def3d714f16496c25f6461504899e4476b203bb91f4c7/m-20260131.htm,47e1df1c9e94a3e0de3def3d714f16496c25f6461504899e4476b203bb91f4c7,0001628280-26-021721,m-20260131.htm,Item 1A,ITEM_1A:bytes:329557-329651:sha256:8c64bd8ce7cc6adeac6f20e7b99dda1effa46648a6a43490e5638ee12132772f,text,2025-02-02,2026-01-31,Failure of a key information technology system or process could adversely affect our business.,Failure of a key information technology system or process could adversely affect our business.,Failure of a key information technology system or process could adversely affect our business.,verbatim_source_excerpt,TEXT_V1
Macy's,794367,D01,https://www.sec.gov/Archives/edgar/data/794367/000162828026021721/m-20260131.htm,evidence/request_attempts/47/47e1df1c9e94a3e0de3def3d714f16496c25f6461504899e4476b203bb91f4c7/m-20260131.htm,47e1df1c9e94a3e0de3def3d714f16496c25f6461504899e4476b203bb91f4c7,0001628280-26-021721,m-20260131.htm,Item 1A,ITEM_1A:bytes:335287-335337:sha256:3c910364d5ef9aadf63eb28736926996b3ffca5c31efeebffe33c0699ba438a1,text,2025-02-02,2026-01-31,"AI creates business, legal and ethical challenges.","AI creates business, legal and ethical challenges.","AI creates business, legal and ethical challenges.",verbatim_source_excerpt,TEXT_V1
Macy's,794367,D01,https://www.sec.gov/Archives/edgar/data/794367/000162828026021721/m-20260131.htm,evidence/request_attempts/47/47e1df1c9e94a3e0de3def3d714f16496c25f6461504899e4476b203bb91f4c7/m-20260131.htm,47e1df1c9e94a3e0de3def3d714f16496c25f6461504899e4476b203bb91f4c7,0001628280-26-021721,m-20260131.htm,Item 1A,ITEM_1A:bytes:336723-336865:sha256:2982df1dba74ab50cc8a45d142920b73dd2e5cdecee0de76fb211206cff0feb7,text,2025-02-02,2026-01-31,Disruptions in our customer-facing technology systems could impair our digital retail strategy and give rise to negative customer experiences.,Disruptions in our customer-facing technology systems could impair our digital retail strategy and give rise to negative customer experiences.,Disruptions in our customer-facing technology systems could impair our digital retail strategy and give rise to negative customer experiences.,verbatim_source_excerpt,TEXT_V1
Macy's,794367,D01,https://www.sec.gov/Archives/edgar/data/794367/000162828026021721/m-20260131.htm,evidence/request_attempts/47/47e1df1c9e94a3e0de3def3d714f16496c25f6461504899e4476b203bb91f4c7/m-20260131.htm,47e1df1c9e94a3e0de3def3d714f16496c25f6461504899e4476b203bb91f4c7,0001628280-26-021721,m-20260131.htm,Item 1A,ITEM_1A:bytes:338587-338657:sha256:59e13f2d193c9257b4b1dd7fb2e4443fabb61093654d879ac5d9910705bca147,text,2025-02-02,2026-01-31,"Information Security, Cybersecurity, Privacy and Data Management Risks","Information Security, Cybersecurity, Privacy and Data Management Risks","Information Security, Cybersecurity, Privacy and Data Management Risks",verbatim_source_excerpt,TEXT_V1
Macy's,794367,D01,https://www.sec.gov/Archives/edgar/data/794367/000162828026021721/m-20260131.htm,evidence/request_attempts/47/47e1df1c9e94a3e0de3def3d714f16496c25f6461504899e4476b203bb91f4c7/m-20260131.htm,47e1df1c9e94a3e0de3def3d714f16496c25f6461504899e4476b203bb91f4c7,0001628280-26-021721,m-20260131.htm,Item 1A,ITEM_1A:bytes:338822-338994:sha256:430db15a1dbdc65ca6fafd2e409d27d7ff621958119c2569a9e87c4336d873d5,text,2025-02-02,2026-01-31,"A breach of our information technology systems could adversely affect our reputation, business partner and customer relationships and operations and result in higher costs.","A breach of our information technology systems could adversely affect our reputation, business partner and customer relationships and operations and result in higher costs.","A breach of our information technology systems could adversely affect our reputation, business partner and customer relationships and operations and result in higher costs.",verbatim_source_excerpt,TEXT_V1
Macy's,794367,D01,https://www.sec.gov/Archives/edgar/data/794367/000162828026021721/m-20260131.htm,evidence/request_attempts/47/47e1df1c9e94a3e0de3def3d714f16496c25f6461504899e4476b203bb91f4c7/m-20260131.htm,47e1df1c9e94a3e0de3def3d714f16496c25f6461504899e4476b203bb91f4c7,0001628280-26-021721,m-20260131.htm,Item 1A,ITEM_1A:bytes:346914-346948:sha256:4d16c89dc18a83fcc80631e45c16c794a1605401c7429787f3b2701f856037bd,text,2025-02-02,2026-01-31,Supply Chain and Third-Party Risks,Supply Chain and Third-Party Risks,Supply Chain and Third-Party Risks,verbatim_source_excerpt,TEXT_V1
Macy's,794367,D01,https://www.sec.gov/Archives/edgar/data/794367/000162828026021721/m-20260131.htm,evidence/request_attempts/47/47e1df1c9e94a3e0de3def3d714f16496c25f6461504899e4476b203bb91f4c7/m-20260131.htm,47e1df1c9e94a3e0de3def3d714f16496c25f6461504899e4476b203bb91f4c7,0001628280-26-021721,m-20260131.htm,Item 1A,ITEM_1A:bytes:347113-347401:sha256:84470209567d856953baec731f44dd62cdb2bc9aa38d4b2279105dac6544c829,text,2025-02-02,2026-01-31,"We depend on vendors and other sources of merchandise, goods and services outside the U.S. Our business has been and could in the future continue to be affected by disruptions in, or other legal, regulatory, political, economic or public health issues associated with, our supply network.","We depend on vendors and other sources of merchandise, goods and services outside the U.S. Our business has been and could in the future continue to be affected by disruptions in, or other legal, regulatory, political, economic or public health issues associated with, our supply network.","We depend on vendors and other sources of merchandise, goods and services outside the U.S. Our business has been and could in the future continue to be affected by disruptions in, or other legal, regulatory, political, economic or public health issues associated with, our supply network.",verbatim_source_excerpt,TEXT_V1
Macy's,794367,D01,https://www.sec.gov/Archives/edgar/data/794367/000162828026021721/m-20260131.htm,evidence/request_attempts/47/47e1df1c9e94a3e0de3def3d714f16496c25f6461504899e4476b203bb91f4c7/m-20260131.htm,47e1df1c9e94a3e0de3def3d714f16496c25f6461504899e4476b203bb91f4c7,0001628280-26-021721,m-20260131.htm,Item 1A,ITEM_1A:bytes:354849-354995:sha256:bc7ca86fb0fcf372444c4102e1d6504e39ac7160d1990f372d35402a3828dff0,text,2025-02-02,2026-01-31,Disruption of global sourcing activities and quality and other concerns over our own brands could negatively impact brand reputation and earnings.,Disruption of global sourcing activities and quality and other concerns over our own brands could negatively impact brand reputation and earnings.,Disruption of global sourcing activities and quality and other concerns over our own brands could negatively impact brand reputation and earnings.,verbatim_source_excerpt,TEXT_V1
Macy's,794367,D01,https://www.sec.gov/Archives/edgar/data/794367/000162828026021721/m-20260131.htm,evidence/request_attempts/47/47e1df1c9e94a3e0de3def3d714f16496c25f6461504899e4476b203bb91f4c7/m-20260131.htm,47e1df1c9e94a3e0de3def3d714f16496c25f6461504899e4476b203bb91f4c7,0001628280-26-021721,m-20260131.htm,Item 1A,ITEM_1A:bytes:357632-357763:sha256:47d3e155a8294e9d03f8f3de0566017c9a336cf95a84609185329b97c13360dd,text,2025-02-02,2026-01-31,Material disruptions in relationships with third-parties with whom the Company does business could adversely affect its operations.,Material disruptions in relationships with third-parties with whom the Company does business could adversely affect its operations.,Material disruptions in relationships with third-parties with whom the Company does business could adversely affect its operations.,verbatim_source_excerpt,TEXT_V1
Macy's,794367,D01,https://www.sec.gov/Archives/edgar/data/794367/000162828026021721/m-20260131.htm,evidence/request_attempts/47/47e1df1c9e94a3e0de3def3d714f16496c25f6461504899e4476b203bb91f4c7/m-20260131.htm,47e1df1c9e94a3e0de3def3d714f16496c25f6461504899e4476b203bb91f4c7,0001628280-26-021721,m-20260131.htm,Item 1A,ITEM_1A:bytes:359235-359277:sha256:ce9feb8dc98e93e277f0fa5908dc0dce7d5bd2669f7748a9382ca20772ec184d,text,2025-02-02,2026-01-31,"Economic, Global, Legal and External Risks","Economic, Global, Legal and External Risks","Economic, Global, Legal and External Risks",verbatim_source_excerpt,TEXT_V1
Macy's,794367,D01,https://www.sec.gov/Archives/edgar/data/794367/000162828026021721/m-20260131.htm,evidence/request_attempts/47/47e1df1c9e94a3e0de3def3d714f16496c25f6461504899e4476b203bb91f4c7/m-20260131.htm,47e1df1c9e94a3e0de3def3d714f16496c25f6461504899e4476b203bb91f4c7,0001628280-26-021721,m-20260131.htm,Item 1A,ITEM_1A:bytes:359442-359582:sha256:72efa649ad1ed08464dbf845e54dae7bb396bd23e5b2d219718478c6eeb7d720,text,2025-02-02,2026-01-31,"The Company's business is subject to discretionary consumer spending, unfavorable economic and political conditions and other related risks.","The Company's business is subject to discretionary consumer spending, unfavorable economic and political conditions and other related risks.","The Company's business is subject to discretionary consumer spending, unfavorable economic and political conditions and other related risks.",verbatim_source_excerpt,TEXT_V1
Macy's,794367,D01,https://www.sec.gov/Archives/edgar/data/794367/000162828026021721/m-20260131.htm,evidence/request_attempts/47/47e1df1c9e94a3e0de3def3d714f16496c25f6461504899e4476b203bb91f4c7/m-20260131.htm,47e1df1c9e94a3e0de3def3d714f16496c25f6461504899e4476b203bb91f4c7,0001628280-26-021721,m-20260131.htm,Item 1A,ITEM_1A:bytes:362534-362674:sha256:4f25c381e133516b659049e0396efa12a8438f5a26751922382dd9d1b3b9e3e7,text,2025-02-02,2026-01-31,"Our business could be materially adversely affected by extreme weather conditions, natural disasters or regional or global health pandemics.","Our business could be materially adversely affected by extreme weather conditions, natural disasters or regional or global health pandemics.","Our business could be materially adversely affected by extreme weather conditions, natural disasters or regional or global health pandemics.",verbatim_source_excerpt,TEXT_V1
Macy's,794367,D01,https://www.sec.gov/Archives/edgar/data/794367/000162828026021721/m-20260131.htm,evidence/request_attempts/47/47e1df1c9e94a3e0de3def3d714f16496c25f6461504899e4476b203bb91f4c7/m-20260131.htm,47e1df1c9e94a3e0de3def3d714f16496c25f6461504899e4476b203bb91f4c7,0001628280-26-021721,m-20260131.htm,Item 1A,ITEM_1A:bytes:364923-365052:sha256:9b9ccbaefbe9194f8ee6640188f7f9bc2002dd231a4290f7139a48ae4f29707f,text,2025-02-02,2026-01-31,"Legislation, litigation, regulatory requirements or non-compliance could adversely affect our business and results of operations.","Legislation, litigation, regulatory requirements or non-compliance could adversely affect our business and results of operations.","Legislation, litigation, regulatory requirements or non-compliance could adversely affect our business and results of operations.",verbatim_source_excerpt,TEXT_V1
Macy's,794367,D01,https://www.sec.gov/Archives/edgar/data/794367/000162828026021721/m-20260131.htm,evidence/request_attempts/47/47e1df1c9e94a3e0de3def3d714f16496c25f6461504899e4476b203bb91f4c7/m-20260131.htm,47e1df1c9e94a3e0de3def3d714f16496c25f6461504899e4476b203bb91f4c7,0001628280-26-021721,m-20260131.htm,Item 1A,ITEM_1A:bytes:371208-371236:sha256:2a4c2b81c7606a36c5c0506a702f84f783aa49917a3df4e4ff32906f2cef544f,text,2025-02-02,2026-01-31,Climate Change-Related Risks,Climate Change-Related Risks,Climate Change-Related Risks,verbatim_source_excerpt,TEXT_V1
Macy's,794367,D01,https://www.sec.gov/Archives/edgar/data/794367/000162828026021721/m-20260131.htm,evidence/request_attempts/47/47e1df1c9e94a3e0de3def3d714f16496c25f6461504899e4476b203bb91f4c7/m-20260131.htm,47e1df1c9e94a3e0de3def3d714f16496c25f6461504899e4476b203bb91f4c7,0001628280-26-021721,m-20260131.htm,Item 1A,ITEM_1A:bytes:371401-371547:sha256:605c9aa7d38400e72ac8854157a5a51b396f41959e7d990a955a87bd239c339b,text,2025-02-02,2026-01-31,"Climate change, or legal, regulatory, or market measures to address climate change, could adversely affect our business and results of operations.","Climate change, or legal, regulatory, or market measures to address climate change, could adversely affect our business and results of operations.","Climate change, or legal, regulatory, or market measures to address climate change, could adversely affect our business and results of operations.",verbatim_source_excerpt,TEXT_V1
Macy's,794367,D01,https://www.sec.gov/Archives/edgar/data/794367/000162828026021721/m-20260131.htm,evidence/request_attempts/47/47e1df1c9e94a3e0de3def3d714f16496c25f6461504899e4476b203bb91f4c7/m-20260131.htm,47e1df1c9e94a3e0de3def3d714f16496c25f6461504899e4476b203bb91f4c7,0001628280-26-021721,m-20260131.htm,Item 1A,ITEM_1A:bytes:378892-378907:sha256:5e93e8a1d232e815c93a6f9abffff7e8d5442ec9545f237c3651ea28ca94d5c3,text,2025-02-02,2026-01-31,Financial Risks,Financial Risks,Financial Risks,verbatim_source_excerpt,TEXT_V1
Macy's,794367,D01,https://www.sec.gov/Archives/edgar/data/794367/000162828026021721/m-20260131.htm,evidence/request_attempts/47/47e1df1c9e94a3e0de3def3d714f16496c25f6461504899e4476b203bb91f4c7/m-20260131.htm,47e1df1c9e94a3e0de3def3d714f16496c25f6461504899e4476b203bb91f4c7,0001628280-26-021721,m-20260131.htm,Item 1A,ITEM_1A:bytes:379072-379159:sha256:d15d37a552b1b80db7ac7d3fcfeb89d9bf168dfcb0b99d054ccbd6db3e39760e,text,2025-02-02,2026-01-31,We have incurred losses due to impairment of tangible and intangible long-lived assets.,We have incurred losses due to impairment of tangible and intangible long-lived assets.,We have incurred losses due to impairment of tangible and intangible long-lived assets.,verbatim_source_excerpt,TEXT_V1
Macy's,794367,D01,https://www.sec.gov/Archives/edgar/data/794367/000162828026021721/m-20260131.htm,evidence/request_attempts/47/47e1df1c9e94a3e0de3def3d714f16496c25f6461504899e4476b203bb91f4c7/m-20260131.htm,47e1df1c9e94a3e0de3def3d714f16496c25f6461504899e4476b203bb91f4c7,0001628280-26-021721,m-20260131.htm,Item 1A,ITEM_1A:bytes:381742-381837:sha256:a8a8a146384185495fe1dc71d1886170e68252ce80aa36e617c5d7e29bf5729b,text,2025-02-02,2026-01-31,Inability to access capital markets could adversely affect our business or financial condition.,Inability to access capital markets could adversely affect our business or financial condition.,Inability to access capital markets could adversely affect our business or financial condition.,verbatim_source_excerpt,TEXT_V1
Macy's,794367,D01,https://www.sec.gov/Archives/edgar/data/794367/000162828026021721/m-20260131.htm,evidence/request_attempts/47/47e1df1c9e94a3e0de3def3d714f16496c25f6461504899e4476b203bb91f4c7/m-20260131.htm,47e1df1c9e94a3e0de3def3d714f16496c25f6461504899e4476b203bb91f4c7,0001628280-26-021721,m-20260131.htm,Item 1A,ITEM_1A:bytes:383477-383728:sha256:ec1a76f388e9660684252fb7a178acbcf80c11e51d380fc8e1d7229d03759157,text,2025-02-02,2026-01-31,"Our level of indebtedness may adversely affect our ability to operate our business, remain in compliance with debt covenants, react to changes in our business or the industry in which we operate, or prevent us from making payments on our indebtedness.","Our level of indebtedness may adversely affect our ability to operate our business, remain in compliance with debt covenants, react to changes in our business or the industry in which we operate, or prevent us from making payments on our indebtedness.","Our level of indebtedness may adversely affect our ability to operate our business, remain in compliance with debt covenants, react to changes in our business or the industry in which we operate, or prevent us from making payments on our indebtedness.",verbatim_source_excerpt,TEXT_V1
Paramount Skydance / Paramount Global,2041610,D01,https://www.sec.gov/Archives/edgar/data/2041610/000204161026000011/psky-20251231.htm,evidence/request_attempts/4c/4cf3d42c0ba1129dadd58d9c1ffdc4f35e2a81cec7bab3763e2a3bbecfea135d/psky-20251231.htm,4cf3d42c0ba1129dadd58d9c1ffdc4f35e2a81cec7bab3763e2a3bbecfea135d,0002041610-26-000011,psky-20251231.htm,Item 1A,ITEM_1A:bytes:542366-542409:sha256:17d7405cfb780b51bd0f4326664b1c991d964fccd57a858215fbf0a6f66a54af,text,2025-01-01,2025-12-31,Risks Relating to Our Business and Industry,Risks Relating to Our Business and Industry,Risks Relating to Our Business and Industry,verbatim_source_excerpt,TEXT_V1
Paramount Skydance / Paramount Global,2041610,D01,https://www.sec.gov/Archives/edgar/data/2041610/000204161026000011/psky-20251231.htm,evidence/request_attempts/4c/4cf3d42c0ba1129dadd58d9c1ffdc4f35e2a81cec7bab3763e2a3bbecfea135d/psky-20251231.htm,4cf3d42c0ba1129dadd58d9c1ffdc4f35e2a81cec7bab3763e2a3bbecfea135d,0002041610-26-000011,psky-20251231.htm,Item 1A,ITEM_1A:bytes:542603-542853:sha256:7b066858ffde60a4b96ba462c9772f8656b0b6f8a6901e24e2877ccfc312e2e9,text,2025-01-01,2025-12-31,"If our streaming business is unsuccessful, our business, financial condition or results of operations could be adversely affected.","If our streaming business is unsuccessful, our business, financial condition or results of operations could be adversely affected.","If our streaming business is unsuccessful, our business, financial condition or results of operations could be adversely affected.",verbatim_source_excerpt,TEXT_V1
Paramount Skydance / Paramount Global,2041610,D01,https://www.sec.gov/Archives/edgar/data/2041610/000204161026000011/psky-20251231.htm,evidence/request_attempts/4c/4cf3d42c0ba1129dadd58d9c1ffdc4f35e2a81cec7bab3763e2a3bbecfea135d/psky-20251231.htm,4cf3d42c0ba1129dadd58d9c1ffdc4f35e2a81cec7bab3763e2a3bbecfea135d,0002041610-26-000011,psky-20251231.htm,Item 1A,ITEM_1A:bytes:546100-546270:sha256:c8b68032b19cea6bbc6d5e63606898e1d6c0d3b8f8b015bc54b48e9a61016f29,text,2025-01-01,2025-12-31,"Our advertising revenues have been and may continue to be adversely impacted by several factors, including changes in consumer behavior and advertising market conditions.","Our advertising revenues have been and may continue to be adversely impacted by several factors, including changes in consumer behavior and advertising market conditions.","Our advertising revenues have been and may continue to be adversely impacted by several factors, including changes in consumer behavior and advertising market conditions.",verbatim_source_excerpt,TEXT_V1
Paramount Skydance / Paramount Global,2041610,D01,https://www.sec.gov/Archives/edgar/data/2041610/000204161026000011/psky-20251231.htm,evidence/request_attempts/4c/4cf3d42c0ba1129dadd58d9c1ffdc4f35e2a81cec7bab3763e2a3bbecfea135d/psky-20251231.htm,4cf3d42c0ba1129dadd58d9c1ffdc4f35e2a81cec7bab3763e2a3bbecfea135d,0002041610-26-000011,psky-20251231.htm,Item 1A,ITEM_1A:bytes:552902-553082:sha256:74754635e998d61c90d1bf9c2215c25a5e3aaa1c78d7bbf77fc5c54c3103bfa0,text,2025-01-01,2025-12-31,"We operate in highly competitive and dynamic industries and our business, financial condition or results of operations could be adversely affected if we do not compete effectively.","We operate in highly competitive and dynamic industries and our business, financial condition or results of operations could be adversely affected if we do not compete effectively.","We operate in highly competitive and dynamic industries and our business, financial condition or results of operations could be adversely affected if we do not compete effectively.",verbatim_source_excerpt,TEXT_V1
Paramount Skydance / Paramount Global,2041610,D01,https://www.sec.gov/Archives/edgar/data/2041610/000204161026000011/psky-20251231.htm,evidence/request_attempts/4c/4cf3d42c0ba1129dadd58d9c1ffdc4f35e2a81cec7bab3763e2a3bbecfea135d/psky-20251231.htm,4cf3d42c0ba1129dadd58d9c1ffdc4f35e2a81cec7bab3763e2a3bbecfea135d,0002041610-26-000011,psky-20251231.htm,Item 1A,ITEM_1A:bytes:557454-557697:sha256:a67a54c7fada4e10f14eedba8fda5e7761a18df1a3611f8150b3a59b20ec22cd,text,2025-01-01,2025-12-31,"The unpredictable and constantly shifting nature of consumer behavior, as well as evolving technologies and distribution models, have affected, and could continue to adversely affect, our business, financial condition or results of operations.","The unpredictable and constantly shifting nature of consumer behavior, as well as evolving technologies and distribution models, have affected, and could continue to adversely affect, our business, financial condition or results of operations.","The unpredictable and constantly shifting nature of consumer behavior, as well as evolving technologies and distribution models, have affected, and could continue to adversely affect, our business, financial condition or results of operations.",verbatim_source_excerpt,TEXT_V1
Paramount Skydance / Paramount Global,2041610,D01,https://www.sec.gov/Archives/edgar/data/2041610/000204161026000011/psky-20251231.htm,evidence/request_attempts/4c/4cf3d42c0ba1129dadd58d9c1ffdc4f35e2a81cec7bab3763e2a3bbecfea135d/psky-20251231.htm,4cf3d42c0ba1129dadd58d9c1ffdc4f35e2a81cec7bab3763e2a3bbecfea135d,0002041610-26-000011,psky-20251231.htm,Item 1A,ITEM_1A:bytes:562066-562268:sha256:283b5810f1a8e457f30752ade533d7ab3031fd5143bc19b9be12d33760aa3537,text,2025-01-01,2025-12-31,"Decisions to invest in new businesses, products, services and technologies, and the evolution of our business strategy, could adversely affect our business, financial condition or results of operations.","Decisions to invest in new businesses, products, services and technologies, and the evolution of our business strategy, could adversely affect our business, financial condition or results of operations.","Decisions to invest in new businesses, products, services and technologies, and the evolution of our business strategy, could adversely affect our business, financial condition or results of operations.",verbatim_source_excerpt,TEXT_V1
Paramount Skydance / Paramount Global,2041610,D01,https://www.sec.gov/Archives/edgar/data/2041610/000204161026000011/psky-20251231.htm,evidence/request_attempts/4c/4cf3d42c0ba1129dadd58d9c1ffdc4f35e2a81cec7bab3763e2a3bbecfea135d/psky-20251231.htm,4cf3d42c0ba1129dadd58d9c1ffdc4f35e2a81cec7bab3763e2a3bbecfea135d,0002041610-26-000011,psky-20251231.htm,Item 1A,ITEM_1A:bytes:564674-564886:sha256:eca90916ce0ab14ab11f5baaf1a7767dca0d3d146c8f5a08fb0f7027d1f89f34,text,2025-01-01,2025-12-31,"The loss of affiliation and distribution agreements, renewals on less favorable terms or adverse interpretations thereof could have an adverse effect on our business, financial condition or results of operations.","The loss of affiliation and distribution agreements, renewals on less favorable terms or adverse interpretations thereof could have an adverse effect on our business, financial condition or results of operations.","The loss of affiliation and distribution agreements, renewals on less favorable terms or adverse interpretations thereof could have an adverse effect on our business, financial condition or results of operations.",verbatim_source_excerpt,TEXT_V1
Paramount Skydance / Paramount Global,2041610,D01,https://www.sec.gov/Archives/edgar/data/2041610/000204161026000011/psky-20251231.htm,evidence/request_attempts/4c/4cf3d42c0ba1129dadd58d9c1ffdc4f35e2a81cec7bab3763e2a3bbecfea135d/psky-20251231.htm,4cf3d42c0ba1129dadd58d9c1ffdc4f35e2a81cec7bab3763e2a3bbecfea135d,0002041610-26-000011,psky-20251231.htm,Item 1A,ITEM_1A:bytes:568910-569027:sha256:c92332e233b7bbb139f45036a33a8d39421944643e2ecfce5cb8d3b6639fc91a,text,2025-01-01,2025-12-31,"Damage to our reputation or brands could adversely affect our business, financial condition or results of operations.","Damage to our reputation or brands could adversely affect our business, financial condition or results of operations.","Damage to our reputation or brands could adversely affect our business, financial condition or results of operations.",verbatim_source_excerpt,TEXT_V1
Paramount Skydance / Paramount Global,2041610,D01,https://www.sec.gov/Archives/edgar/data/2041610/000204161026000011/psky-20251231.htm,evidence/request_attempts/4c/4cf3d42c0ba1129dadd58d9c1ffdc4f35e2a81cec7bab3763e2a3bbecfea135d/psky-20251231.htm,4cf3d42c0ba1129dadd58d9c1ffdc4f35e2a81cec7bab3763e2a3bbecfea135d,0002041610-26-000011,psky-20251231.htm,Item 1A,ITEM_1A:bytes:570776-570993:sha256:9c87771ff4f7210fecb6792b0b5fc8e831a2512de1c6b17bb6880f79d8bf618d,text,2025-01-01,2025-12-31,"Losses due to asset impairment charges for goodwill, content and long-lived assets, including finite-lived intangible assets, could have an adverse effect on our business, financial condition or results of operations.","Losses due to asset impairment charges for goodwill, content and long-lived assets, including finite-lived intangible assets, could have an adverse effect on our business, financial condition or results of operations.","Losses due to asset impairment charges for goodwill, content and long-lived assets, including finite-lived intangible assets, could have an adverse effect on our business, financial condition or results of operations.",verbatim_source_excerpt,TEXT_V1
Paramount Skydance / Paramount Global,2041610,D01,https://www.sec.gov/Archives/edgar/data/2041610/000204161026000011/psky-20251231.htm,evidence/request_attempts/4c/4cf3d42c0ba1129dadd58d9c1ffdc4f35e2a81cec7bab3763e2a3bbecfea135d/psky-20251231.htm,4cf3d42c0ba1129dadd58d9c1ffdc4f35e2a81cec7bab3763e2a3bbecfea135d,0002041610-26-000011,psky-20251231.htm,Item 1A,ITEM_1A:bytes:572635-572790:sha256:6b78ae14e159def82ea282dbb0c2ce421d5ec44e399483d0b1f12962da6f3408,text,2025-01-01,2025-12-31,"Our liabilities related to discontinued operations and former businesses could adversely affect our business, financial condition or results of operations.","Our liabilities related to discontinued operations and former businesses could adversely affect our business, financial condition or results of operations.","Our liabilities related to discontinued operations and former businesses could adversely affect our business, financial condition or results of operations.",verbatim_source_excerpt,TEXT_V1
Paramount Skydance / Paramount Global,2041610,D01,https://www.sec.gov/Archives/edgar/data/2041610/000204161026000011/psky-20251231.htm,evidence/request_attempts/4c/4cf3d42c0ba1129dadd58d9c1ffdc4f35e2a81cec7bab3763e2a3bbecfea135d/psky-20251231.htm,4cf3d42c0ba1129dadd58d9c1ffdc4f35e2a81cec7bab3763e2a3bbecfea135d,0002041610-26-000011,psky-20251231.htm,Item 1A,ITEM_1A:bytes:573836-574049:sha256:999aa2cf528255bcd129e0829ab90da478faf5e25f987397f2be2163e256921d,text,2025-01-01,2025-12-31,"Increasing scrutiny of, and evolving expectations for, sustainability initiatives could increase costs, harm our reputation or otherwise adversely impact our business, financial condition or results of operations.","Increasing scrutiny of, and evolving expectations for, sustainability initiatives could increase costs, harm our reputation or otherwise adversely impact our business, financial condition or results of operations.","Increasing scrutiny of, and evolving expectations for, sustainability initiatives could increase costs, harm our reputation or otherwise adversely impact our business, financial condition or results of operations.",verbatim_source_excerpt,TEXT_V1
Paramount Skydance / Paramount Global,2041610,D01,https://www.sec.gov/Archives/edgar/data/2041610/000204161026000011/psky-20251231.htm,evidence/request_attempts/4c/4cf3d42c0ba1129dadd58d9c1ffdc4f35e2a81cec7bab3763e2a3bbecfea135d/psky-20251231.htm,4cf3d42c0ba1129dadd58d9c1ffdc4f35e2a81cec7bab3763e2a3bbecfea135d,0002041610-26-000011,psky-20251231.htm,Item 1A,ITEM_1A:bytes:577203-577287:sha256:7611b7d24657ec5ad26b8c69eab5c374d1bd4cf1c7f03ed74d7eb736ef94e26a,text,2025-01-01,2025-12-31,"Risks Relating to Business Continuity, Cybersecurity and Privacy and Data Protection","Risks Relating to Business Continuity, Cybersecurity and Privacy and Data Protection","Risks Relating to Business Continuity, Cybersecurity and Privacy and Data Protection",verbatim_source_excerpt,TEXT_V1
Paramount Skydance / Paramount Global,2041610,D01,https://www.sec.gov/Archives/edgar/data/2041610/000204161026000011/psky-20251231.htm,evidence/request_attempts/4c/4cf3d42c0ba1129dadd58d9c1ffdc4f35e2a81cec7bab3763e2a3bbecfea135d/psky-20251231.htm,4cf3d42c0ba1129dadd58d9c1ffdc4f35e2a81cec7bab3763e2a3bbecfea135d,0002041610-26-000011,psky-20251231.htm,Item 1A,ITEM_1A:bytes:577481-577908:sha256:2072c029dde26f469e14572e71027d2a1856ae697252526525467ee5e3245035,text,2025-01-01,2025-12-31,"Disruptions or failures of, or attacks on, our or our service providers’ networks, information systems and other technologies could result in the disclosure of business or personal information, disruption of our businesses, damage to our brands and reputation, and legal exposure and financial losses.","Disruptions or failures of, or attacks on, our or our service providers’ networks, information systems and other technologies could result in the disclosure of business or personal information, disruption of our businesses, damage to our brands and reputation, and legal exposure and financial losses.","Disruptions or failures of, or attacks on, our or our service providers’ networks, information systems and other technologies could result in the disclosure of business or personal information, disruption of our businesses, damage to our brands and reputation, and legal exposure and financial losses.",verbatim_source_excerpt,TEXT_V1
Paramount Skydance / Paramount Global,2041610,D01,https://www.sec.gov/Archives/edgar/data/2041610/000204161026000011/psky-20251231.htm,evidence/request_attempts/4c/4cf3d42c0ba1129dadd58d9c1ffdc4f35e2a81cec7bab3763e2a3bbecfea135d/psky-20251231.htm,4cf3d42c0ba1129dadd58d9c1ffdc4f35e2a81cec7bab3763e2a3bbecfea135d,0002041610-26-000011,psky-20251231.htm,Item 1A,ITEM_1A:bytes:584203-584242:sha256:414c97c317537ad8a73d83232ed2cc6bbecb570f8094f3dd93f575709bedc8e0,text,2025-01-01,2025-12-31,Risks Relating to Intellectual Property,Risks Relating to Intellectual Property,Risks Relating to Intellectual Property,verbatim_source_excerpt,TEXT_V1
Paramount Skydance / Paramount Global,2041610,D01,https://www.sec.gov/Archives/edgar/data/2041610/000204161026000011/psky-20251231.htm,evidence/request_attempts/4c/4cf3d42c0ba1129dadd58d9c1ffdc4f35e2a81cec7bab3763e2a3bbecfea135d/psky-20251231.htm,4cf3d42c0ba1129dadd58d9c1ffdc4f35e2a81cec7bab3763e2a3bbecfea135d,0002041610-26-000011,psky-20251231.htm,Item 1A,ITEM_1A:bytes:584436-584601:sha256:bc79d4642eb9867057ae625c478433e60e30943bcb7b1bd305ab7a97ee79c337,text,2025-01-01,2025-12-31,"Challenges in protecting and maintaining our intellectual property rights could have an adverse effect on our business, financial condition or results of operations.","Challenges in protecting and maintaining our intellectual property rights could have an adverse effect on our business, financial condition or results of operations.","Challenges in protecting and maintaining our intellectual property rights could have an adverse effect on our business, financial condition or results of operations.",verbatim_source_excerpt,TEXT_V1
Paramount Skydance / Paramount Global,2041610,D01,https://www.sec.gov/Archives/edgar/data/2041610/000204161026000011/psky-20251231.htm,evidence/request_attempts/4c/4cf3d42c0ba1129dadd58d9c1ffdc4f35e2a81cec7bab3763e2a3bbecfea135d/psky-20251231.htm,4cf3d42c0ba1129dadd58d9c1ffdc4f35e2a81cec7bab3763e2a3bbecfea135d,0002041610-26-000011,psky-20251231.htm,Item 1A,ITEM_1A:bytes:589526-589582:sha256:f415b08215e2cb32c3dc81b626b4e8d01d076c560fb17cdc1c1dbffde94e4947,text,2025-01-01,2025-12-31,Risks Relating to Macroeconomic and Political Conditions,Risks Relating to Macroeconomic and Political Conditions,Risks Relating to Macroeconomic and Political Conditions,verbatim_source_excerpt,TEXT_V1
Paramount Skydance / Paramount Global,2041610,D01,https://www.sec.gov/Archives/edgar/data/2041610/000204161026000011/psky-20251231.htm,evidence/request_attempts/4c/4cf3d42c0ba1129dadd58d9c1ffdc4f35e2a81cec7bab3763e2a3bbecfea135d/psky-20251231.htm,4cf3d42c0ba1129dadd58d9c1ffdc4f35e2a81cec7bab3763e2a3bbecfea135d,0002041610-26-000011,psky-20251231.htm,Item 1A,ITEM_1A:bytes:589776-589934:sha256:89654bc6859a97d4de4ac0922d808150b47ff342fcd24e4c8c325e0893a5e395,text,2025-01-01,2025-12-31,"Economic and political conditions in the U.S. and around the world could have an adverse effect on our business, financial condition or results of operations.","Economic and political conditions in the U.S. and around the world could have an adverse effect on our business, financial condition or results of operations.","Economic and political conditions in the U.S. and around the world could have an adverse effect on our business, financial condition or results of operations.",verbatim_source_excerpt,TEXT_V1
Paramount Skydance / Paramount Global,2041610,D01,https://www.sec.gov/Archives/edgar/data/2041610/000204161026000011/psky-20251231.htm,evidence/request_attempts/4c/4cf3d42c0ba1129dadd58d9c1ffdc4f35e2a81cec7bab3763e2a3bbecfea135d/psky-20251231.htm,4cf3d42c0ba1129dadd58d9c1ffdc4f35e2a81cec7bab3763e2a3bbecfea135d,0002041610-26-000011,psky-20251231.htm,Item 1A,ITEM_1A:bytes:593009-593055:sha256:61b1a6e407832c5b7a6064104d1d2c03aabec7f1a2eae6353788fd710a10647d,text,2025-01-01,2025-12-31,Risks Relating to Legal and Regulatory Matters,Risks Relating to Legal and Regulatory Matters,Risks Relating to Legal and Regulatory Matters,verbatim_source_excerpt,TEXT_V1
Paramount Skydance / Paramount Global,2041610,D01,https://www.sec.gov/Archives/edgar/data/2041610/000204161026000011/psky-20251231.htm,evidence/request_attempts/4c/4cf3d42c0ba1129dadd58d9c1ffdc4f35e2a81cec7bab3763e2a3bbecfea135d/psky-20251231.htm,4cf3d42c0ba1129dadd58d9c1ffdc4f35e2a81cec7bab3763e2a3bbecfea135d,0002041610-26-000011,psky-20251231.htm,Item 1A,ITEM_1A:bytes:593249-593288:sha256:93aed129c3a080394864a6a4e33ae79a0aa8a08abeb7942d388be17a5867d720,text,2025-01-01,2025-12-31,Failures to comply with or changes in U,Failures to comply with or changes in U,Failures to comply with or changes in U,verbatim_source_excerpt,TEXT_V1
Paramount Skydance / Paramount Global,2041610,D01,https://www.sec.gov/Archives/edgar/data/2041610/000204161026000011/psky-20251231.htm,evidence/request_attempts/4c/4cf3d42c0ba1129dadd58d9c1ffdc4f35e2a81cec7bab3763e2a3bbecfea135d/psky-20251231.htm,4cf3d42c0ba1129dadd58d9c1ffdc4f35e2a81cec7bab3763e2a3bbecfea135d,0002041610-26-000011,psky-20251231.htm,Item 1A,ITEM_1A:bytes:597585-597760:sha256:5ba0ea8b2c4b13a4aa8b2de997fa9a0742e36d47657f60bf405e9d2dc4d7f6ac,text,2025-01-01,2025-12-31,"We are subject to complex, often inconsistent and potentially costly laws, regulations, industry standards and contractual obligations relating to privacy and data protection.","We are subject to complex, often inconsistent and potentially costly laws, regulations, industry standards and contractual obligations relating to privacy and data protection.","We are subject to complex, often inconsistent and potentially costly laws, regulations, industry standards and contractual obligations relating to privacy and data protection.",verbatim_source_excerpt,TEXT_V1
Paramount Skydance / Paramount Global,2041610,D01,https://www.sec.gov/Archives/edgar/data/2041610/000204161026000011/psky-20251231.htm,evidence/request_attempts/4c/4cf3d42c0ba1129dadd58d9c1ffdc4f35e2a81cec7bab3763e2a3bbecfea135d/psky-20251231.htm,4cf3d42c0ba1129dadd58d9c1ffdc4f35e2a81cec7bab3763e2a3bbecfea135d,0002041610-26-000011,psky-20251231.htm,Item 1A,ITEM_1A:bytes:603423-603601:sha256:4178235b6a5da6471b01df6a4e16bb6fc3c3955b9b93d4e357d786dcee96e190,text,2025-01-01,2025-12-31,"Changes and uncertainties with respect to taxes in the jurisdictions in which we operate may have an adverse effect on our business, financial condition or results of operations.","Changes and uncertainties with respect to taxes in the jurisdictions in which we operate may have an adverse effect on our business, financial condition or results of operations.","Changes and uncertainties with respect to taxes in the jurisdictions in which we operate may have an adverse effect on our business, financial condition or results of operations.",verbatim_source_excerpt,TEXT_V1
Paramount Skydance / Paramount Global,2041610,D01,https://www.sec.gov/Archives/edgar/data/2041610/000204161026000011/psky-20251231.htm,evidence/request_attempts/4c/4cf3d42c0ba1129dadd58d9c1ffdc4f35e2a81cec7bab3763e2a3bbecfea135d/psky-20251231.htm,4cf3d42c0ba1129dadd58d9c1ffdc4f35e2a81cec7bab3763e2a3bbecfea135d,0002041610-26-000011,psky-20251231.htm,Item 1A,ITEM_1A:bytes:605266-605297:sha256:152e09c3d76cc88c626938a5802189fd91c1e5c55a192a9bae963189cc126e10,text,2025-01-01,2025-12-31,Risks Relating to Human Capital,Risks Relating to Human Capital,Risks Relating to Human Capital,verbatim_source_excerpt,TEXT_V1
Paramount Skydance / Paramount Global,2041610,D01,https://www.sec.gov/Archives/edgar/data/2041610/000204161026000011/psky-20251231.htm,evidence/request_attempts/4c/4cf3d42c0ba1129dadd58d9c1ffdc4f35e2a81cec7bab3763e2a3bbecfea135d/psky-20251231.htm,4cf3d42c0ba1129dadd58d9c1ffdc4f35e2a81cec7bab3763e2a3bbecfea135d,0002041610-26-000011,psky-20251231.htm,Item 1A,ITEM_1A:bytes:605491-605645:sha256:ac28bb51c3af1be56ffe7841a26f2b6822d2957d98c6ddb5e8b54746389c3733,text,2025-01-01,2025-12-31,"The inability to hire or retain key employees or secure creative talent could adversely affect our business, financial condition or results of operations.","The inability to hire or retain key employees or secure creative talent could adversely affect our business, financial condition or results of operations.","The inability to hire or retain key employees or secure creative talent could adversely affect our business, financial condition or results of operations.",verbatim_source_excerpt,TEXT_V1
Paramount Skydance / Paramount Global,2041610,D01,https://www.sec.gov/Archives/edgar/data/2041610/000204161026000011/psky-20251231.htm,evidence/request_attempts/4c/4cf3d42c0ba1129dadd58d9c1ffdc4f35e2a81cec7bab3763e2a3bbecfea135d/psky-20251231.htm,4cf3d42c0ba1129dadd58d9c1ffdc4f35e2a81cec7bab3763e2a3bbecfea135d,0002041610-26-000011,psky-20251231.htm,Item 1A,ITEM_1A:bytes:607449-607573:sha256:dace1d785783d21482cc881ebc97865189b6d2b488bd8d7078f56b8eb070c330,text,2025-01-01,2025-12-31,"Labor disputes could disrupt our operations and adversely affect our business, financial condition or results of operations.","Labor disputes could disrupt our operations and adversely affect our business, financial condition or results of operations.","Labor disputes could disrupt our operations and adversely affect our business, financial condition or results of operations.",verbatim_source_excerpt,TEXT_V1
Paramount Skydance / Paramount Global,2041610,D01,https://www.sec.gov/Archives/edgar/data/2041610/000204161026000011/psky-20251231.htm,evidence/request_attempts/4c/4cf3d42c0ba1129dadd58d9c1ffdc4f35e2a81cec7bab3763e2a3bbecfea135d/psky-20251231.htm,4cf3d42c0ba1129dadd58d9c1ffdc4f35e2a81cec7bab3763e2a3bbecfea135d,0002041610-26-000011,psky-20251231.htm,Item 1A,ITEM_1A:bytes:609855-609889:sha256:fce651ca7fad0b70b643a892c1ff73f4aa018adf0dbc06dd669a247a84cd68e1,text,2025-01-01,2025-12-31,Risks Relating to the Transactions,Risks Relating to the Transactions,Risks Relating to the Transactions,verbatim_source_excerpt,TEXT_V1
Paramount Skydance / Paramount Global,2041610,D01,https://www.sec.gov/Archives/edgar/data/2041610/000204161026000011/psky-20251231.htm,evidence/request_attempts/4c/4cf3d42c0ba1129dadd58d9c1ffdc4f35e2a81cec7bab3763e2a3bbecfea135d/psky-20251231.htm,4cf3d42c0ba1129dadd58d9c1ffdc4f35e2a81cec7bab3763e2a3bbecfea135d,0002041610-26-000011,psky-20251231.htm,Item 1A,ITEM_1A:bytes:610083-610346:sha256:e7094be8aa70cbfbaeb6bf9fc4d52e0b8e927234ce8c455fd74a7e8731fafc13,text,2025-01-01,2025-12-31,"Combining Paramount Global’s and Skydance’s businesses may be more difficult, time-consuming or costly than expected and the actual benefits of the combination may be less than expected, either or both of which may adversely affect our future results.","Combining Paramount Global’s and Skydance’s businesses may be more difficult, time-consuming or costly than expected and the actual benefits of the combination may be less than expected, either or both of which may adversely affect our future results.","Combining Paramount Global’s and Skydance’s businesses may be more difficult, time-consuming or costly than expected and the actual benefits of the combination may be less than expected, either or both of which may adversely affect our future results.",verbatim_source_excerpt,TEXT_V1
Paramount Skydance / Paramount Global,2041610,D01,https://www.sec.gov/Archives/edgar/data/2041610/000204161026000011/psky-20251231.htm,evidence/request_attempts/4c/4cf3d42c0ba1129dadd58d9c1ffdc4f35e2a81cec7bab3763e2a3bbecfea135d/psky-20251231.htm,4cf3d42c0ba1129dadd58d9c1ffdc4f35e2a81cec7bab3763e2a3bbecfea135d,0002041610-26-000011,psky-20251231.htm,Item 1A,ITEM_1A:bytes:619336-619649:sha256:91d133c7e49bb7220184d6ca7c775a319d094478b2a8fd6b65d13cf662b8f9eb,text,2025-01-01,2025-12-31,"Several lawsuits have been filed in connection with the Transactions and additional lawsuits may be filed in the future challenging the Transactions. An adverse ruling in any such lawsuit could result in substantial costs and otherwise adversely affect our business, financial condition or results of operations.","Several lawsuits have been filed in connection with the Transactions and additional lawsuits may be filed in the future challenging the Transactions. An adverse ruling in any such lawsuit could result in substantial costs and otherwise adversely affect our business, financial condition or results of operations.","Several lawsuits have been filed in connection with the Transactions and additional lawsuits may be filed in the future challenging the Transactions. An adverse ruling in any such lawsuit could result in substantial costs and otherwise adversely affect our business, financial condition or results of operations.",verbatim_source_excerpt,TEXT_V1
Paramount Skydance / Paramount Global,2041610,D01,https://www.sec.gov/Archives/edgar/data/2041610/000204161026000011/psky-20251231.htm,evidence/request_attempts/4c/4cf3d42c0ba1129dadd58d9c1ffdc4f35e2a81cec7bab3763e2a3bbecfea135d/psky-20251231.htm,4cf3d42c0ba1129dadd58d9c1ffdc4f35e2a81cec7bab3763e2a3bbecfea135d,0002041610-26-000011,psky-20251231.htm,Item 1A,ITEM_1A:bytes:621066-621113:sha256:19b4133bb6f0f8b0b49d68016d5683c4e049f656002d755d147cd2ac1f121638,text,2025-01-01,2025-12-31,Risks Relating to Ownership of Our Common Stock,Risks Relating to Ownership of Our Common Stock,Risks Relating to Ownership of Our Common Stock,verbatim_source_excerpt,TEXT_V1
Paramount Skydance / Paramount Global,2041610,D01,https://www.sec.gov/Archives/edgar/data/2041610/000204161026000011/psky-20251231.htm,evidence/request_attempts/4c/4cf3d42c0ba1129dadd58d9c1ffdc4f35e2a81cec7bab3763e2a3bbecfea135d/psky-20251231.htm,4cf3d42c0ba1129dadd58d9c1ffdc4f35e2a81cec7bab3763e2a3bbecfea135d,0002041610-26-000011,psky-20251231.htm,Item 1A,ITEM_1A:bytes:621307-621412:sha256:e5030bfe38e6876a6331c32fd227de98cc3a9e5621f444960547ce4a4c166d33,text,2025-01-01,2025-12-31,"We have experienced, and may continue to experience, volatility in the price of our Class B Common Stock.","We have experienced, and may continue to experience, volatility in the price of our Class B Common Stock.","We have experienced, and may continue to experience, volatility in the price of our Class B Common Stock.",verbatim_source_excerpt,TEXT_V1
Paramount Skydance / Paramount Global,2041610,D01,https://www.sec.gov/Archives/edgar/data/2041610/000204161026000011/psky-20251231.htm,evidence/request_attempts/4c/4cf3d42c0ba1129dadd58d9c1ffdc4f35e2a81cec7bab3763e2a3bbecfea135d/psky-20251231.htm,4cf3d42c0ba1129dadd58d9c1ffdc4f35e2a81cec7bab3763e2a3bbecfea135d,0002041610-26-000011,psky-20251231.htm,Item 1A,ITEM_1A:bytes:622974-623134:sha256:ec46006dabc29207b4dad5889b160aa7d8151d6340e2f3bb3f427b8ac352a8fe,text,2025-01-01,2025-12-31,Our dual class capital structure and the concentrated control by the entities controlled by the Ellison Family may adversely affect our stock price or business.,Our dual class capital structure and the concentrated control by the entities controlled by the Ellison Family may adversely affect our stock price or business.,Our dual class capital structure and the concentrated control by the entities controlled by the Ellison Family may adversely affect our stock price or business.,verbatim_source_excerpt,TEXT_V1
Paramount Skydance / Paramount Global,2041610,D01,https://www.sec.gov/Archives/edgar/data/2041610/000204161026000011/psky-20251231.htm,evidence/request_attempts/4c/4cf3d42c0ba1129dadd58d9c1ffdc4f35e2a81cec7bab3763e2a3bbecfea135d/psky-20251231.htm,4cf3d42c0ba1129dadd58d9c1ffdc4f35e2a81cec7bab3763e2a3bbecfea135d,0002041610-26-000011,psky-20251231.htm,Item 1A,ITEM_1A:bytes:625192-625504:sha256:c0d3be24118f87506d49d3ee4c1044b669eccfe8234493eae3350a4f5a7d6479,text,2025-01-01,2025-12-31,"If the entities controlled by the Ellison Family sell a controlling interest in our Company to a third party in a private transaction, our stockholders may not realize any change of control premium on shares of our Class B Common Stock and we may become subject to the control of a presently unknown third party.","If the entities controlled by the Ellison Family sell a controlling interest in our Company to a third party in a private transaction, our stockholders may not realize any change of control premium on shares of our Class B Common Stock and we may become subject to the control of a presently unknown third party.","If the entities controlled by the Ellison Family sell a controlling interest in our Company to a third party in a private transaction, our stockholders may not realize any change of control premium on shares of our Class B Common Stock and we may become subject to the control of a presently unknown third party.",verbatim_source_excerpt,TEXT_V1
Paramount Skydance / Paramount Global,2041610,D01,https://www.sec.gov/Archives/edgar/data/2041610/000204161026000011/psky-20251231.htm,evidence/request_attempts/4c/4cf3d42c0ba1129dadd58d9c1ffdc4f35e2a81cec7bab3763e2a3bbecfea135d/psky-20251231.htm,4cf3d42c0ba1129dadd58d9c1ffdc4f35e2a81cec7bab3763e2a3bbecfea135d,0002041610-26-000011,psky-20251231.htm,Item 1A,ITEM_1A:bytes:626592-626647:sha256:c1cae9c4e1ea52099389dc0147b8bc243a1277e0beb919cc1140147174880263,text,2025-01-01,2025-12-31,Risk Factors Relating to Our Organization and Structure,Risk Factors Relating to Our Organization and Structure,Risk Factors Relating to Our Organization and Structure,verbatim_source_excerpt,TEXT_V1
Paramount Skydance / Paramount Global,2041610,D01,https://www.sec.gov/Archives/edgar/data/2041610/000204161026000011/psky-20251231.htm,evidence/request_attempts/4c/4cf3d42c0ba1129dadd58d9c1ffdc4f35e2a81cec7bab3763e2a3bbecfea135d/psky-20251231.htm,4cf3d42c0ba1129dadd58d9c1ffdc4f35e2a81cec7bab3763e2a3bbecfea135d,0002041610-26-000011,psky-20251231.htm,Item 1A,ITEM_1A:bytes:626841-627101:sha256:fe097b05a369d2265bfa9df931d5c445e0611d2e7325b84662bf14faa440c842,text,2025-01-01,2025-12-31,"We are exempt from certain corporate governance requirements because we are a “controlled company” within the meaning of Nasdaq rules, and as a result our stockholders do not have the protections afforded by these corporate governance requirements.","We are exempt from certain corporate governance requirements because we are a “controlled company” within the meaning of Nasdaq rules, and as a result our stockholders do not have the protections afforded by these corporate governance requirements.","We are exempt from certain corporate governance requirements because we are a “controlled company” within the meaning of Nasdaq rules, and as a result our stockholders do not have the protections afforded by these corporate governance requirements.",verbatim_source_excerpt,TEXT_V1
Paramount Skydance / Paramount Global,2041610,D01,https://www.sec.gov/Archives/edgar/data/2041610/000204161026000011/psky-20251231.htm,evidence/request_attempts/4c/4cf3d42c0ba1129dadd58d9c1ffdc4f35e2a81cec7bab3763e2a3bbecfea135d/psky-20251231.htm,4cf3d42c0ba1129dadd58d9c1ffdc4f35e2a81cec7bab3763e2a3bbecfea135d,0002041610-26-000011,psky-20251231.htm,Item 1A,ITEM_1A:bytes:629219-629354:sha256:2f86af0672047ec11a2ee3382020ba81dac95ce7f67cf5342887c624d5f21db9,text,2025-01-01,2025-12-31,"Holders of our Class B Common Stock have no voting rights and, as a result, do not have any ability to influence stockholder decisions.","Holders of our Class B Common Stock have no voting rights and, as a result, do not have any ability to influence stockholder decisions.","Holders of our Class B Common Stock have no voting rights and, as a result, do not have any ability to influence stockholder decisions.",verbatim_source_excerpt,TEXT_V1
Paramount Skydance / Paramount Global,2041610,D01,https://www.sec.gov/Archives/edgar/data/2041610/000204161026000011/psky-20251231.htm,evidence/request_attempts/4c/4cf3d42c0ba1129dadd58d9c1ffdc4f35e2a81cec7bab3763e2a3bbecfea135d/psky-20251231.htm,4cf3d42c0ba1129dadd58d9c1ffdc4f35e2a81cec7bab3763e2a3bbecfea135d,0002041610-26-000011,psky-20251231.htm,Item 1A,ITEM_1A:bytes:630975-631108:sha256:f627b6410ac97163973c5689d965a164d3b5f973e54f6ff5d0752da821694aa2,text,2025-01-01,2025-12-31,"Anti-takeover provisions contained in our Charter and Bylaws, as well as provisions of Delaware law, could impair a takeover attempt.","Anti-takeover provisions contained in our Charter and Bylaws, as well as provisions of Delaware law, could impair a takeover attempt.","Anti-takeover provisions contained in our Charter and Bylaws, as well as provisions of Delaware law, could impair a takeover attempt.",verbatim_source_excerpt,TEXT_V1
Paramount Skydance / Paramount Global,2041610,D01,https://www.sec.gov/Archives/edgar/data/2041610/000204161026000011/psky-20251231.htm,evidence/request_attempts/4c/4cf3d42c0ba1129dadd58d9c1ffdc4f35e2a81cec7bab3763e2a3bbecfea135d/psky-20251231.htm,4cf3d42c0ba1129dadd58d9c1ffdc4f35e2a81cec7bab3763e2a3bbecfea135d,0002041610-26-000011,psky-20251231.htm,Item 1A,ITEM_1A:bytes:636356-636705:sha256:7cf6168b0a5caa2108632fbadad57f1b0b5ac5f8242b1cf20dad3fe79e8e397a,text,2025-01-01,2025-12-31,The provisions of our Charter requiring exclusive venue in the Court of Chancery of the State of Delaware for certain types of lawsuits and the federal district courts of the U.S. for the resolution of any complaint asserting a cause of action under the Securities Act may have the effect of discouraging lawsuits against our directors and officers.,The provisions of our Charter requiring exclusive venue in the Court of Chancery of the State of Delaware for certain types of lawsuits and the federal district courts of the U.S. for the resolution of any complaint asserting a cause of action under the Securities Act may have the effect of discouraging lawsuits against our directors and officers.,The provisions of our Charter requiring exclusive venue in the Court of Chancery of the State of Delaware for certain types of lawsuits and the federal district courts of the U.S. for the resolution of any complaint asserting a cause of action under the Securities Act may have the effect of discouraging lawsuits against our directors and officers.,verbatim_source_excerpt,TEXT_V1
Paramount Skydance / Paramount Global,2041610,D01,https://www.sec.gov/Archives/edgar/data/2041610/000204161026000011/psky-20251231.htm,evidence/request_attempts/4c/4cf3d42c0ba1129dadd58d9c1ffdc4f35e2a81cec7bab3763e2a3bbecfea135d/psky-20251231.htm,4cf3d42c0ba1129dadd58d9c1ffdc4f35e2a81cec7bab3763e2a3bbecfea135d,0002041610-26-000011,psky-20251231.htm,Item 1A,ITEM_1A:bytes:639804-640066:sha256:81f7ce05263e69ccd809443e1c5a930767bf231af6f6612b0103ef5d0700517d,text,2025-01-01,2025-12-31,"The competitive opportunity provisions in our Charter could enable certain directors, principals, officers, employees, members and/or equity holders or their respective affiliates to benefit from competitive opportunities that might otherwise be available to us.","The competitive opportunity provisions in our Charter could enable certain directors, principals, officers, employees, members and/or equity holders or their respective affiliates to benefit from competitive opportunities that might otherwise be available to us.","The competitive opportunity provisions in our Charter could enable certain directors, principals, officers, employees, members and/or equity holders or their respective affiliates to benefit from competitive opportunities that might otherwise be available to us.",verbatim_source_excerpt,TEXT_V1
Paramount Skydance / Paramount Global,2041610,D01,https://www.sec.gov/Archives/edgar/data/2041610/000204161026000011/psky-20251231.htm,evidence/request_attempts/4c/4cf3d42c0ba1129dadd58d9c1ffdc4f35e2a81cec7bab3763e2a3bbecfea135d/psky-20251231.htm,4cf3d42c0ba1129dadd58d9c1ffdc4f35e2a81cec7bab3763e2a3bbecfea135d,0002041610-26-000011,psky-20251231.htm,Item 1A,ITEM_1A:bytes:641725-641925:sha256:4b31b55ae595c9c874f199d3a0251543081054f67ec37bee932e6b789c1f27de,text,2025-01-01,2025-12-31,"We are a holding company, and our principal assets are equity interests in our subsidiaries and, accordingly, we are dependent upon distributions from our subsidiaries to pay taxes and other expenses.","We are a holding company, and our principal assets are equity interests in our subsidiaries and, accordingly, we are dependent upon distributions from our subsidiaries to pay taxes and other expenses.","We are a holding company, and our principal assets are equity interests in our subsidiaries and, accordingly, we are dependent upon distributions from our subsidiaries to pay taxes and other expenses.",verbatim_source_excerpt,TEXT_V1
Enphase Energy,1463101,D01,https://www.sec.gov/Archives/edgar/data/1463101/000146310126000013/enph-20251231.htm,evidence/request_attempts/7b/7b6a735451e98e6b91d14e37eff330ad255ba6a237a579c29331eeb35c26d112/enph-20251231.htm,7b6a735451e98e6b91d14e37eff330ad255ba6a237a579c29331eeb35c26d112,0001463101-26-000013,enph-20251231.htm,Item 1A,ITEM_1A:bytes:444567-444625:sha256:3f4b1f5c8a80fbb9988645337aeab0d34e81ee6f471376a50564a1c49e4fad54,text,2025-01-01,2025-12-31,"Risks Related to our Business, Operations and Our Industry","Risks Related to our Business, Operations and Our Industry","Risks Related to our Business, Operations and Our Industry",verbatim_source_excerpt,TEXT_V1
Enphase Energy,1463101,D01,https://www.sec.gov/Archives/edgar/data/1463101/000146310126000013/enph-20251231.htm,evidence/request_attempts/7b/7b6a735451e98e6b91d14e37eff330ad255ba6a237a579c29331eeb35c26d112/enph-20251231.htm,7b6a735451e98e6b91d14e37eff330ad255ba6a237a579c29331eeb35c26d112,0001463101-26-000013,enph-20251231.htm,Item 1A,ITEM_1A:bytes:444795-444990:sha256:9c94e798bbc01cd88ce3d3760d136b9d782f68c086603242177456123642b59d,text,2025-01-01,2025-12-31,"The reduction, elimination or expiration of government subsidies and economic incentives for on-grid solar electricity applications could reduce demand for solar PV systems and harm our business.","The reduction, elimination or expiration of government subsidies and economic incentives for on-grid solar electricity applications could reduce demand for solar PV systems and harm our business.","The reduction, elimination or expiration of government subsidies and economic incentives for on-grid solar electricity applications could reduce demand for solar PV systems and harm our business.",verbatim_source_excerpt,TEXT_V1
Enphase Energy,1463101,D01,https://www.sec.gov/Archives/edgar/data/1463101/000146310126000013/enph-20251231.htm,evidence/request_attempts/7b/7b6a735451e98e6b91d14e37eff330ad255ba6a237a579c29331eeb35c26d112/enph-20251231.htm,7b6a735451e98e6b91d14e37eff330ad255ba6a237a579c29331eeb35c26d112,0001463101-26-000013,enph-20251231.htm,Item 1A,ITEM_1A:bytes:450775-450987:sha256:3a29e31a14e2a86caacd4f24de3c695de713a0d1f49a2da89b5d48ec653dad4d,text,2025-01-01,2025-12-31,"The inability of our products to comply with the minimum domestic content tax credit thresholds, inclusive of FEOC regulations, could negatively impact our business, financial condition and results of operations.","The inability of our products to comply with the minimum domestic content tax credit thresholds, inclusive of FEOC regulations, could negatively impact our business, financial condition and results of operations.","The inability of our products to comply with the minimum domestic content tax credit thresholds, inclusive of FEOC regulations, could negatively impact our business, financial condition and results of operations.",verbatim_source_excerpt,TEXT_V1
Enphase Energy,1463101,D01,https://www.sec.gov/Archives/edgar/data/1463101/000146310126000013/enph-20251231.htm,evidence/request_attempts/7b/7b6a735451e98e6b91d14e37eff330ad255ba6a237a579c29331eeb35c26d112/enph-20251231.htm,7b6a735451e98e6b91d14e37eff330ad255ba6a237a579c29331eeb35c26d112,0001463101-26-000013,enph-20251231.htm,Item 1A,ITEM_1A:bytes:454346-454460:sha256:c6d0dc081f8e59cd5641acd80b411ee4930af5ea9abb166c3baf9774e27e85ad,text,2025-01-01,2025-12-31,"Unfavorable macroeconomic and market conditions may adversely affect our industry, business and financial results.","Unfavorable macroeconomic and market conditions may adversely affect our industry, business and financial results.","Unfavorable macroeconomic and market conditions may adversely affect our industry, business and financial results.",verbatim_source_excerpt,TEXT_V1
Enphase Energy,1463101,D01,https://www.sec.gov/Archives/edgar/data/1463101/000146310126000013/enph-20251231.htm,evidence/request_attempts/7b/7b6a735451e98e6b91d14e37eff330ad255ba6a237a579c29331eeb35c26d112/enph-20251231.htm,7b6a735451e98e6b91d14e37eff330ad255ba6a237a579c29331eeb35c26d112,0001463101-26-000013,enph-20251231.htm,Item 1A,ITEM_1A:bytes:459609-459731:sha256:9e4c33216f0dbfa81cec0dc97bee8e593e9c10e61e4a053a40695e9f8e3d37b9,text,2025-01-01,2025-12-31,"If demand for solar energy solutions does not grow or grows at a slower rate than we anticipate, our business will suffer.","If demand for solar energy solutions does not grow or grows at a slower rate than we anticipate, our business will suffer.","If demand for solar energy solutions does not grow or grows at a slower rate than we anticipate, our business will suffer.",verbatim_source_excerpt,TEXT_V1
Enphase Energy,1463101,D01,https://www.sec.gov/Archives/edgar/data/1463101/000146310126000013/enph-20251231.htm,evidence/request_attempts/7b/7b6a735451e98e6b91d14e37eff330ad255ba6a237a579c29331eeb35c26d112/enph-20251231.htm,7b6a735451e98e6b91d14e37eff330ad255ba6a237a579c29331eeb35c26d112,0001463101-26-000013,enph-20251231.htm,Item 1A,ITEM_1A:bytes:469514-469778:sha256:c5b5139092e488a90876aae5493aee8ec5e6e95c6b8c6ce34583279c8a394107,text,2025-01-01,2025-12-31,"The solar industry is highly competitive, and we expect to face increased competition as new and existing competitors introduce products or develop alternative technologies, which could negatively impact our business, financial condition and results of operations.","The solar industry is highly competitive, and we expect to face increased competition as new and existing competitors introduce products or develop alternative technologies, which could negatively impact our business, financial condition and results of operations.","The solar industry is highly competitive, and we expect to face increased competition as new and existing competitors introduce products or develop alternative technologies, which could negatively impact our business, financial condition and results of operations.",verbatim_source_excerpt,TEXT_V1
Enphase Energy,1463101,D01,https://www.sec.gov/Archives/edgar/data/1463101/000146310126000013/enph-20251231.htm,evidence/request_attempts/7b/7b6a735451e98e6b91d14e37eff330ad255ba6a237a579c29331eeb35c26d112/enph-20251231.htm,7b6a735451e98e6b91d14e37eff330ad255ba6a237a579c29331eeb35c26d112,0001463101-26-000013,enph-20251231.htm,Item 1A,ITEM_1A:bytes:476345-476541:sha256:af198e1b9e4cb8acc3761be672872b21938e2afefe32044c8ef0b228d62beb92,text,2025-01-01,2025-12-31,"Changes in the United States trade environment, including the imposition of import tariffs, has and could adversely affect the amount or timing of our revenue, results of operations or cash flows.","Changes in the United States trade environment, including the imposition of import tariffs, has and could adversely affect the amount or timing of our revenue, results of operations or cash flows.","Changes in the United States trade environment, including the imposition of import tariffs, has and could adversely affect the amount or timing of our revenue, results of operations or cash flows.",verbatim_source_excerpt,TEXT_V1
Enphase Energy,1463101,D01,https://www.sec.gov/Archives/edgar/data/1463101/000146310126000013/enph-20251231.htm,evidence/request_attempts/7b/7b6a735451e98e6b91d14e37eff330ad255ba6a237a579c29331eeb35c26d112/enph-20251231.htm,7b6a735451e98e6b91d14e37eff330ad255ba6a237a579c29331eeb35c26d112,0001463101-26-000013,enph-20251231.htm,Item 1A,ITEM_1A:bytes:483208-483308:sha256:cdc388ae09f572cb43d9167d0b933b8e45d8829432e8a496e88f13a70a13da63,text,2025-01-01,2025-12-31,We may fail to capture customers as we design and develop new products and update existing products.,We may fail to capture customers as we design and develop new products and update existing products.,We may fail to capture customers as we design and develop new products and update existing products.,verbatim_source_excerpt,TEXT_V1
Enphase Energy,1463101,D01,https://www.sec.gov/Archives/edgar/data/1463101/000146310126000013/enph-20251231.htm,evidence/request_attempts/7b/7b6a735451e98e6b91d14e37eff330ad255ba6a237a579c29331eeb35c26d112/enph-20251231.htm,7b6a735451e98e6b91d14e37eff330ad255ba6a237a579c29331eeb35c26d112,0001463101-26-000013,enph-20251231.htm,Item 1A,ITEM_1A:bytes:485810-485985:sha256:3499479c807bedd6a211db213f9cc95627cf0d6e600dbfb5ea48a3103a8c6f44,text,2025-01-01,2025-12-31,"We depend upon a small number of outside contract manufacturers, and our business and operations could be disrupted if we encounter problems with these contract manufacturers.","We depend upon a small number of outside contract manufacturers, and our business and operations could be disrupted if we encounter problems with these contract manufacturers.","We depend upon a small number of outside contract manufacturers, and our business and operations could be disrupted if we encounter problems with these contract manufacturers.",verbatim_source_excerpt,TEXT_V1
Enphase Energy,1463101,D01,https://www.sec.gov/Archives/edgar/data/1463101/000146310126000013/enph-20251231.htm,evidence/request_attempts/7b/7b6a735451e98e6b91d14e37eff330ad255ba6a237a579c29331eeb35c26d112/enph-20251231.htm,7b6a735451e98e6b91d14e37eff330ad255ba6a237a579c29331eeb35c26d112,0001463101-26-000013,enph-20251231.htm,Item 1A,ITEM_1A:bytes:491246-491513:sha256:7ef4e2adf448a6e71e750732d8738f8186c5a429f36e19a65624a9bf9cb01e8d,text,2025-01-01,2025-12-31,"We depend on solar distributors, installers and providers of solar financing to assist in selling our products to customers, and if they fail to perform at the expected level, or at all, our business, financial condition and results of our operations could be harmed.","We depend on solar distributors, installers and providers of solar financing to assist in selling our products to customers, and if they fail to perform at the expected level, or at all, our business, financial condition and results of our operations could be harmed.","We depend on solar distributors, installers and providers of solar financing to assist in selling our products to customers, and if they fail to perform at the expected level, or at all, our business, financial condition and results of our operations could be harmed.",verbatim_source_excerpt,TEXT_V1
Enphase Energy,1463101,D01,https://www.sec.gov/Archives/edgar/data/1463101/000146310126000013/enph-20251231.htm,evidence/request_attempts/7b/7b6a735451e98e6b91d14e37eff330ad255ba6a237a579c29331eeb35c26d112/enph-20251231.htm,7b6a735451e98e6b91d14e37eff330ad255ba6a237a579c29331eeb35c26d112,0001463101-26-000013,enph-20251231.htm,Item 1A,ITEM_1A:bytes:495465-495673:sha256:ff2c27c7c6df841f6e3902ba507d5ea01ff939536039a3f4272ef3f9062470e0,text,2025-01-01,2025-12-31,"We depend on limited-source suppliers for key components and products. If we are unable to source these components and products on a timely basis, we will not be able to deliver our products to our customers.","We depend on limited-source suppliers for key components and products. If we are unable to source these components and products on a timely basis, we will not be able to deliver our products to our customers.","We depend on limited-source suppliers for key components and products. If we are unable to source these components and products on a timely basis, we will not be able to deliver our products to our customers.",verbatim_source_excerpt,TEXT_V1
Enphase Energy,1463101,D01,https://www.sec.gov/Archives/edgar/data/1463101/000146310126000013/enph-20251231.htm,evidence/request_attempts/7b/7b6a735451e98e6b91d14e37eff330ad255ba6a237a579c29331eeb35c26d112/enph-20251231.htm,7b6a735451e98e6b91d14e37eff330ad255ba6a237a579c29331eeb35c26d112,0001463101-26-000013,enph-20251231.htm,Item 1A,ITEM_1A:bytes:498837-499075:sha256:2babcc3698114c0349626fd2a8b2a2b3ce4f5acc9d3f17e058ed164df2f509fd,text,2025-01-01,2025-12-31,"If we or our contract manufacturers are unable to obtain raw materials in a timely manner or if the price of raw materials increases significantly, production time and product costs could increase, which may adversely affect our business.","If we or our contract manufacturers are unable to obtain raw materials in a timely manner or if the price of raw materials increases significantly, production time and product costs could increase, which may adversely affect our business.","If we or our contract manufacturers are unable to obtain raw materials in a timely manner or if the price of raw materials increases significantly, production time and product costs could increase, which may adversely affect our business.",verbatim_source_excerpt,TEXT_V1
Enphase Energy,1463101,D01,https://www.sec.gov/Archives/edgar/data/1463101/000146310126000013/enph-20251231.htm,evidence/request_attempts/7b/7b6a735451e98e6b91d14e37eff330ad255ba6a237a579c29331eeb35c26d112/enph-20251231.htm,7b6a735451e98e6b91d14e37eff330ad255ba6a237a579c29331eeb35c26d112,0001463101-26-000013,enph-20251231.htm,Item 1A,ITEM_1A:bytes:501090-501226:sha256:dd66baee37f56022d3823ba3a5b7cc0a135d6efb8a8cf0b5db76f02a6fb4b941,text,2025-01-01,2025-12-31,"Our recent and planned expansion into existing and new markets could subject us to additional business, financial and competitive risks.","Our recent and planned expansion into existing and new markets could subject us to additional business, financial and competitive risks.","Our recent and planned expansion into existing and new markets could subject us to additional business, financial and competitive risks.",verbatim_source_excerpt,TEXT_V1
Enphase Energy,1463101,D01,https://www.sec.gov/Archives/edgar/data/1463101/000146310126000013/enph-20251231.htm,evidence/request_attempts/7b/7b6a735451e98e6b91d14e37eff330ad255ba6a237a579c29331eeb35c26d112/enph-20251231.htm,7b6a735451e98e6b91d14e37eff330ad255ba6a237a579c29331eeb35c26d112,0001463101-26-000013,enph-20251231.htm,Item 1A,ITEM_1A:bytes:507050-507196:sha256:d017f7486863b4c5de7320f4614be287633ebfa9f59e051f1ff33fae10bc5418,text,2025-01-01,2025-12-31,"Manufacturing problems could result in delays in product shipments, which would adversely affect our revenue, competitive position and reputation.","Manufacturing problems could result in delays in product shipments, which would adversely affect our revenue, competitive position and reputation.","Manufacturing problems could result in delays in product shipments, which would adversely affect our revenue, competitive position and reputation.",verbatim_source_excerpt,TEXT_V1
Enphase Energy,1463101,D01,https://www.sec.gov/Archives/edgar/data/1463101/000146310126000013/enph-20251231.htm,evidence/request_attempts/7b/7b6a735451e98e6b91d14e37eff330ad255ba6a237a579c29331eeb35c26d112/enph-20251231.htm,7b6a735451e98e6b91d14e37eff330ad255ba6a237a579c29331eeb35c26d112,0001463101-26-000013,enph-20251231.htm,Item 1A,ITEM_1A:bytes:513214-513388:sha256:cc6bf7a7ee749d70fbf60ab5d3af669e16ead44de4ac1e959930e4d39c3ef402,text,2025-01-01,2025-12-31,"The loss of, or events affecting, one of our major customers could reduce our sales and have an adverse effect on our business, financial condition and results of operations.","The loss of, or events affecting, one of our major customers could reduce our sales and have an adverse effect on our business, financial condition and results of operations.","The loss of, or events affecting, one of our major customers could reduce our sales and have an adverse effect on our business, financial condition and results of operations.",verbatim_source_excerpt,TEXT_V1
Enphase Energy,1463101,D01,https://www.sec.gov/Archives/edgar/data/1463101/000146310126000013/enph-20251231.htm,evidence/request_attempts/7b/7b6a735451e98e6b91d14e37eff330ad255ba6a237a579c29331eeb35c26d112/enph-20251231.htm,7b6a735451e98e6b91d14e37eff330ad255ba6a237a579c29331eeb35c26d112,0001463101-26-000013,enph-20251231.htm,Item 1A,ITEM_1A:bytes:517679-517789:sha256:4888fec5113bf035807da900e807f291db31e01fe0a9924dbf1e79a233311dd5,text,2025-01-01,2025-12-31,"If our products contain manufacturing or software defects, our business and financial results could be harmed.","If our products contain manufacturing or software defects, our business and financial results could be harmed.","If our products contain manufacturing or software defects, our business and financial results could be harmed.",verbatim_source_excerpt,TEXT_V1
Enphase Energy,1463101,D01,https://www.sec.gov/Archives/edgar/data/1463101/000146310126000013/enph-20251231.htm,evidence/request_attempts/7b/7b6a735451e98e6b91d14e37eff330ad255ba6a237a579c29331eeb35c26d112/enph-20251231.htm,7b6a735451e98e6b91d14e37eff330ad255ba6a237a579c29331eeb35c26d112,0001463101-26-000013,enph-20251231.htm,Item 1A,ITEM_1A:bytes:521465-521665:sha256:492ec59ddbaed1ab2460a8cb4df4378066ae1bef62189b74577f2d309845e386,text,2025-01-01,2025-12-31,"If we fail to retain our key personnel or if we fail to attract additional qualified personnel, we may not be able to maintain or achieve our anticipated level of growth and our business could suffer.","If we fail to retain our key personnel or if we fail to attract additional qualified personnel, we may not be able to maintain or achieve our anticipated level of growth and our business could suffer.","If we fail to retain our key personnel or if we fail to attract additional qualified personnel, we may not be able to maintain or achieve our anticipated level of growth and our business could suffer.",verbatim_source_excerpt,TEXT_V1
Enphase Energy,1463101,D01,https://www.sec.gov/Archives/edgar/data/1463101/000146310126000013/enph-20251231.htm,evidence/request_attempts/7b/7b6a735451e98e6b91d14e37eff330ad255ba6a237a579c29331eeb35c26d112/enph-20251231.htm,7b6a735451e98e6b91d14e37eff330ad255ba6a237a579c29331eeb35c26d112,0001463101-26-000013,enph-20251231.htm,Item 1A,ITEM_1A:bytes:527104-527203:sha256:99694c730299287292eff5e0c4b62828c9a693a64720a74607c99050f086441a,text,2025-01-01,2025-12-31,Restructuring activities could disrupt our business and adversely affect our results of operations.,Restructuring activities could disrupt our business and adversely affect our results of operations.,Restructuring activities could disrupt our business and adversely affect our results of operations.,verbatim_source_excerpt,TEXT_V1
Enphase Energy,1463101,D01,https://www.sec.gov/Archives/edgar/data/1463101/000146310126000013/enph-20251231.htm,evidence/request_attempts/7b/7b6a735451e98e6b91d14e37eff330ad255ba6a237a579c29331eeb35c26d112/enph-20251231.htm,7b6a735451e98e6b91d14e37eff330ad255ba6a237a579c29331eeb35c26d112,0001463101-26-000013,enph-20251231.htm,Item 1A,ITEM_1A:bytes:528579-528727:sha256:a219209621603e40a25406cc6da83c016d5dbde0dcab811a040e83f9ac763521,text,2025-01-01,2025-12-31,"Any failure by management to properly manage growth could have a material adverse effect on our business, operating results and financial condition.","Any failure by management to properly manage growth could have a material adverse effect on our business, operating results and financial condition.","Any failure by management to properly manage growth could have a material adverse effect on our business, operating results and financial condition.",verbatim_source_excerpt,TEXT_V1
Enphase Energy,1463101,D01,https://www.sec.gov/Archives/edgar/data/1463101/000146310126000013/enph-20251231.htm,evidence/request_attempts/7b/7b6a735451e98e6b91d14e37eff330ad255ba6a237a579c29331eeb35c26d112/enph-20251231.htm,7b6a735451e98e6b91d14e37eff330ad255ba6a237a579c29331eeb35c26d112,0001463101-26-000013,enph-20251231.htm,Item 1A,ITEM_1A:bytes:529824-529922:sha256:5ab9f2b44d35f081dae1a19267a605f47e7f45cefe916597d48a398d608fb34b,text,2025-01-01,2025-12-31,Our business has been and could continue to be affected by seasonal trends and construction cycles,Our business has been and could continue to be affected by seasonal trends and construction cycles,Our business has been and could continue to be affected by seasonal trends and construction cycles,verbatim_source_excerpt,TEXT_V1
Enphase Energy,1463101,D01,https://www.sec.gov/Archives/edgar/data/1463101/000146310126000013/enph-20251231.htm,evidence/request_attempts/7b/7b6a735451e98e6b91d14e37eff330ad255ba6a237a579c29331eeb35c26d112/enph-20251231.htm,7b6a735451e98e6b91d14e37eff330ad255ba6a237a579c29331eeb35c26d112,0001463101-26-000013,enph-20251231.htm,Item 1A,ITEM_1A:bytes:531571-531775:sha256:08156aabbd3c5791ad433eb429116c448b71f8d48d27f81ee936fa2a96b32424,text,2025-01-01,2025-12-31,"If we are unsuccessful in continuing to expand our direct-to-consumer sales channel by driving purchases through our website or third-party websites, our business and results of operation could be harmed.","If we are unsuccessful in continuing to expand our direct-to-consumer sales channel by driving purchases through our website or third-party websites, our business and results of operation could be harmed.","If we are unsuccessful in continuing to expand our direct-to-consumer sales channel by driving purchases through our website or third-party websites, our business and results of operation could be harmed.",verbatim_source_excerpt,TEXT_V1
Enphase Energy,1463101,D01,https://www.sec.gov/Archives/edgar/data/1463101/000146310126000013/enph-20251231.htm,evidence/request_attempts/7b/7b6a735451e98e6b91d14e37eff330ad255ba6a237a579c29331eeb35c26d112/enph-20251231.htm,7b6a735451e98e6b91d14e37eff330ad255ba6a237a579c29331eeb35c26d112,0001463101-26-000013,enph-20251231.htm,Item 1A,ITEM_1A:bytes:536130-536187:sha256:86a7ba76ba488f075bae48c63e23e54f667ba2f07a40bc8ba958de6c353d5241,text,2025-01-01,2025-12-31,Risks Related to our Intellectual Property and Technology,Risks Related to our Intellectual Property and Technology,Risks Related to our Intellectual Property and Technology,verbatim_source_excerpt,TEXT_V1
Enphase Energy,1463101,D01,https://www.sec.gov/Archives/edgar/data/1463101/000146310126000013/enph-20251231.htm,evidence/request_attempts/7b/7b6a735451e98e6b91d14e37eff330ad255ba6a237a579c29331eeb35c26d112/enph-20251231.htm,7b6a735451e98e6b91d14e37eff330ad255ba6a237a579c29331eeb35c26d112,0001463101-26-000013,enph-20251231.htm,Item 1A,ITEM_1A:bytes:536390-536801:sha256:fc785899fe28645fcd596059a6368b818752e8cc5d6b214a074d0ab122033fd5,text,2025-01-01,2025-12-31,"We are dependent on information technology systems, infrastructure and data. We or third parties whom we interact with could be subject to breaches of information technology systems caused by system security risks, failure of data protection, cyber-attacks and erroneous or non-malicious actions or failures to act by employees or others, which could cause significant reputational, legal and financial damages.","We are dependent on information technology systems, infrastructure and data. We or third parties whom we interact with could be subject to breaches of information technology systems caused by system security risks, failure of data protection, cyber-attacks and erroneous or non-malicious actions or failures to act by employees or others, which could cause significant reputational, legal and financial damages.","We are dependent on information technology systems, infrastructure and data. We or third parties whom we interact with could be subject to breaches of information technology systems caused by system security risks, failure of data protection, cyber-attacks and erroneous or non-malicious actions or failures to act by employees or others, which could cause significant reputational, legal and financial damages.",verbatim_source_excerpt,TEXT_V1
Enphase Energy,1463101,D01,https://www.sec.gov/Archives/edgar/data/1463101/000146310126000013/enph-20251231.htm,evidence/request_attempts/7b/7b6a735451e98e6b91d14e37eff330ad255ba6a237a579c29331eeb35c26d112/enph-20251231.htm,7b6a735451e98e6b91d14e37eff330ad255ba6a237a579c29331eeb35c26d112,0001463101-26-000013,enph-20251231.htm,Item 1A,ITEM_1A:bytes:547240-547627:sha256:0dc544679bdfac2ca88df06dcd0b202e14b8e9945221967847b405e657ba738d,text,2025-01-01,2025-12-31,"We are subject to stringent and evolving data privacy and security laws, contractual obligations, information security policies and other obligations governing the use, processing and transfer of personal information, and any unauthorized access to, or disclosure or theft of, personal information we gather, store or use could harm our reputation and subject us to claims or litigation.","We are subject to stringent and evolving data privacy and security laws, contractual obligations, information security policies and other obligations governing the use, processing and transfer of personal information, and any unauthorized access to, or disclosure or theft of, personal information we gather, store or use could harm our reputation and subject us to claims or litigation.","We are subject to stringent and evolving data privacy and security laws, contractual obligations, information security policies and other obligations governing the use, processing and transfer of personal information, and any unauthorized access to, or disclosure or theft of, personal information we gather, store or use could harm our reputation and subject us to claims or litigation.",verbatim_source_excerpt,TEXT_V1
Enphase Energy,1463101,D01,https://www.sec.gov/Archives/edgar/data/1463101/000146310126000013/enph-20251231.htm,evidence/request_attempts/7b/7b6a735451e98e6b91d14e37eff330ad255ba6a237a579c29331eeb35c26d112/enph-20251231.htm,7b6a735451e98e6b91d14e37eff330ad255ba6a237a579c29331eeb35c26d112,0001463101-26-000013,enph-20251231.htm,Item 1A,ITEM_1A:bytes:552354-552543:sha256:608004e168a3d534810d53425b41b630321a8e7a00a0fcf0de7656342c6284c8,text,2025-01-01,2025-12-31,We may be subject to disruptions or failures in information technology systems and network infrastructures that could have a material adverse effect on our business and financial condition.,We may be subject to disruptions or failures in information technology systems and network infrastructures that could have a material adverse effect on our business and financial condition.,We may be subject to disruptions or failures in information technology systems and network infrastructures that could have a material adverse effect on our business and financial condition.,verbatim_source_excerpt,TEXT_V1
Enphase Energy,1463101,D01,https://www.sec.gov/Archives/edgar/data/1463101/000146310126000013/enph-20251231.htm,evidence/request_attempts/7b/7b6a735451e98e6b91d14e37eff330ad255ba6a237a579c29331eeb35c26d112/enph-20251231.htm,7b6a735451e98e6b91d14e37eff330ad255ba6a237a579c29331eeb35c26d112,0001463101-26-000013,enph-20251231.htm,Item 1A,ITEM_1A:bytes:555105-555291:sha256:86d297d54b155369cc3c5c4512e21d8311b796029cb5ec42d64960ff54f846a4,text,2025-01-01,2025-12-31,"If we fail to protect, or incur significant costs in enforcing, our intellectual property and other proprietary rights, our business and results of operations could be materially harmed.","If we fail to protect, or incur significant costs in enforcing, our intellectual property and other proprietary rights, our business and results of operations could be materially harmed.","If we fail to protect, or incur significant costs in enforcing, our intellectual property and other proprietary rights, our business and results of operations could be materially harmed.",verbatim_source_excerpt,TEXT_V1
Enphase Energy,1463101,D01,https://www.sec.gov/Archives/edgar/data/1463101/000146310126000013/enph-20251231.htm,evidence/request_attempts/7b/7b6a735451e98e6b91d14e37eff330ad255ba6a237a579c29331eeb35c26d112/enph-20251231.htm,7b6a735451e98e6b91d14e37eff330ad255ba6a237a579c29331eeb35c26d112,0001463101-26-000013,enph-20251231.htm,Item 1A,ITEM_1A:bytes:561784-562039:sha256:8cbd02a7244b3e71c5848cd58b6d3f34b0074d22186967c5fbcace864546b6b9,text,2025-01-01,2025-12-31,"Third parties may assert that we are infringing upon their intellectual property rights, which could divert management’s attention, cause us to incur significant costs, and prevent us from selling or using the technology to which such rights relate.","Third parties may assert that we are infringing upon their intellectual property rights, which could divert management’s attention, cause us to incur significant costs, and prevent us from selling or using the technology to which such rights relate.","Third parties may assert that we are infringing upon their intellectual property rights, which could divert management’s attention, cause us to incur significant costs, and prevent us from selling or using the technology to which such rights relate.",verbatim_source_excerpt,TEXT_V1
Enphase Energy,1463101,D01,https://www.sec.gov/Archives/edgar/data/1463101/000146310126000013/enph-20251231.htm,evidence/request_attempts/7b/7b6a735451e98e6b91d14e37eff330ad255ba6a237a579c29331eeb35c26d112/enph-20251231.htm,7b6a735451e98e6b91d14e37eff330ad255ba6a237a579c29331eeb35c26d112,0001463101-26-000013,enph-20251231.htm,Item 1A,ITEM_1A:bytes:566260-566505:sha256:958f97d8e7dbacebb053d538a724cac779d4445d1bf3d4894f8961aaa08e18be,text,2025-01-01,2025-12-31,"Our failure to obtain the right to use necessary third-party intellectual property rights on reasonable terms, or our failure to maintain and comply with the terms and conditions applicable to these rights, could harm our business and prospects.","Our failure to obtain the right to use necessary third-party intellectual property rights on reasonable terms, or our failure to maintain and comply with the terms and conditions applicable to these rights, could harm our business and prospects.","Our failure to obtain the right to use necessary third-party intellectual property rights on reasonable terms, or our failure to maintain and comply with the terms and conditions applicable to these rights, could harm our business and prospects.",verbatim_source_excerpt,TEXT_V1
Enphase Energy,1463101,D01,https://www.sec.gov/Archives/edgar/data/1463101/000146310126000013/enph-20251231.htm,evidence/request_attempts/7b/7b6a735451e98e6b91d14e37eff330ad255ba6a237a579c29331eeb35c26d112/enph-20251231.htm,7b6a735451e98e6b91d14e37eff330ad255ba6a237a579c29331eeb35c26d112,0001463101-26-000013,enph-20251231.htm,Item 1A,ITEM_1A:bytes:572690-572883:sha256:04e1743af84c533b804232ee88181cd18b279d54e61d135cfe03818a96a657f0,text,2025-01-01,2025-12-31,"Emerging issues related to the development and use of artificial intelligence could give rise to legal or regulatory action, damage our reputation, or otherwise materially harm of our business.","Emerging issues related to the development and use of artificial intelligence could give rise to legal or regulatory action, damage our reputation, or otherwise materially harm of our business.","Emerging issues related to the development and use of artificial intelligence could give rise to legal or regulatory action, damage our reputation, or otherwise materially harm of our business.",verbatim_source_excerpt,TEXT_V1
Enphase Energy,1463101,D01,https://www.sec.gov/Archives/edgar/data/1463101/000146310126000013/enph-20251231.htm,evidence/request_attempts/7b/7b6a735451e98e6b91d14e37eff330ad255ba6a237a579c29331eeb35c26d112/enph-20251231.htm,7b6a735451e98e6b91d14e37eff330ad255ba6a237a579c29331eeb35c26d112,0001463101-26-000013,enph-20251231.htm,Item 1A,ITEM_1A:bytes:574351-574681:sha256:fbfe5720d1d7dc429390eedb8cbb52d636f5060d2eabe2d9a55fa41f4db8256a,text,2025-01-01,2025-12-31,"The software we use in providing system configuration recommendations or potential energy savings estimates to customers relies in part on third-party information that may not be accurate or up-to-date; this may therefore generate inaccurate recommendations or estimates, resulting in a loss of reputation and customer confidence.","The software we use in providing system configuration recommendations or potential energy savings estimates to customers relies in part on third-party information that may not be accurate or up-to-date; this may therefore generate inaccurate recommendations or estimates, resulting in a loss of reputation and customer confidence.","The software we use in providing system configuration recommendations or potential energy savings estimates to customers relies in part on third-party information that may not be accurate or up-to-date; this may therefore generate inaccurate recommendations or estimates, resulting in a loss of reputation and customer confidence.",verbatim_source_excerpt,TEXT_V1
Enphase Energy,1463101,D01,https://www.sec.gov/Archives/edgar/data/1463101/000146310126000013/enph-20251231.htm,evidence/request_attempts/7b/7b6a735451e98e6b91d14e37eff330ad255ba6a237a579c29331eeb35c26d112/enph-20251231.htm,7b6a735451e98e6b91d14e37eff330ad255ba6a237a579c29331eeb35c26d112,0001463101-26-000013,enph-20251231.htm,Item 1A,ITEM_1A:bytes:575772-575822:sha256:18c23d0a6646e43fb7ae9473633d677393d44ac257badf3946502425ed4feccd,text,2025-01-01,2025-12-31,Risks related to Legal Proceedings and Regulations,Risks related to Legal Proceedings and Regulations,Risks related to Legal Proceedings and Regulations,verbatim_source_excerpt,TEXT_V1
Enphase Energy,1463101,D01,https://www.sec.gov/Archives/edgar/data/1463101/000146310126000013/enph-20251231.htm,evidence/request_attempts/7b/7b6a735451e98e6b91d14e37eff330ad255ba6a237a579c29331eeb35c26d112/enph-20251231.htm,7b6a735451e98e6b91d14e37eff330ad255ba6a237a579c29331eeb35c26d112,0001463101-26-000013,enph-20251231.htm,Item 1A,ITEM_1A:bytes:577401-577743:sha256:6171339235b114f6efeaf1ae0c109e81acb34f2ecf6faf5e5ee8bfad0ab9a78d,text,2025-01-01,2025-12-31,"Changes in current laws or regulations or the imposition of new laws or regulations, or new interpretations thereof, in the solar energy sector, by federal or state agencies in the United States or foreign jurisdictions could impair our ability to compete and could materially harm our business, financial condition and results of operations.","Changes in current laws or regulations or the imposition of new laws or regulations, or new interpretations thereof, in the solar energy sector, by federal or state agencies in the United States or foreign jurisdictions could impair our ability to compete and could materially harm our business, financial condition and results of operations.","Changes in current laws or regulations or the imposition of new laws or regulations, or new interpretations thereof, in the solar energy sector, by federal or state agencies in the United States or foreign jurisdictions could impair our ability to compete and could materially harm our business, financial condition and results of operations.",verbatim_source_excerpt,TEXT_V1
Enphase Energy,1463101,D01,https://www.sec.gov/Archives/edgar/data/1463101/000146310126000013/enph-20251231.htm,evidence/request_attempts/7b/7b6a735451e98e6b91d14e37eff330ad255ba6a237a579c29331eeb35c26d112/enph-20251231.htm,7b6a735451e98e6b91d14e37eff330ad255ba6a237a579c29331eeb35c26d112,0001463101-26-000013,enph-20251231.htm,Item 1A,ITEM_1A:bytes:579854-580014:sha256:550cee0fb2b2b65ec3b86095a2ce8a5e0b276419cddf8cd2f1b78d295a22f5b2,text,2025-01-01,2025-12-31,"Our significant international operations subject us to additional risks that could adversely affect our business, results of operations and financial condition.","Our significant international operations subject us to additional risks that could adversely affect our business, results of operations and financial condition.","Our significant international operations subject us to additional risks that could adversely affect our business, results of operations and financial condition.",verbatim_source_excerpt,TEXT_V1
Enphase Energy,1463101,D01,https://www.sec.gov/Archives/edgar/data/1463101/000146310126000013/enph-20251231.htm,evidence/request_attempts/7b/7b6a735451e98e6b91d14e37eff330ad255ba6a237a579c29331eeb35c26d112/enph-20251231.htm,7b6a735451e98e6b91d14e37eff330ad255ba6a237a579c29331eeb35c26d112,0001463101-26-000013,enph-20251231.htm,Item 1A,ITEM_1A:bytes:591713-591965:sha256:b1f1dd4740aea24382299cf9855ba8aa6299a0a74a16f6df35fc621ee312d572,text,2025-01-01,2025-12-31,"From time to time we are involved in a number of legal proceedings and, while we cannot predict the outcomes of such proceedings and other contingencies with certainty, some of these outcomes could adversely affect our business and financial condition.","From time to time we are involved in a number of legal proceedings and, while we cannot predict the outcomes of such proceedings and other contingencies with certainty, some of these outcomes could adversely affect our business and financial condition.","From time to time we are involved in a number of legal proceedings and, while we cannot predict the outcomes of such proceedings and other contingencies with certainty, some of these outcomes could adversely affect our business and financial condition.",verbatim_source_excerpt,TEXT_V1
Enphase Energy,1463101,D01,https://www.sec.gov/Archives/edgar/data/1463101/000146310126000013/enph-20251231.htm,evidence/request_attempts/7b/7b6a735451e98e6b91d14e37eff330ad255ba6a237a579c29331eeb35c26d112/enph-20251231.htm,7b6a735451e98e6b91d14e37eff330ad255ba6a237a579c29331eeb35c26d112,0001463101-26-000013,enph-20251231.htm,Item 1A,ITEM_1A:bytes:593820-593940:sha256:e70da6de72127d1da437780ac5db592569494177718214dda6547e323da19ad7,text,2025-01-01,2025-12-31,"We could be adversely affected by any violations of the FCPA, the U.K. Bribery Act, and other foreign anti-bribery laws.","We could be adversely affected by any violations of the FCPA, the U.K. Bribery Act, and other foreign anti-bribery laws.","We could be adversely affected by any violations of the FCPA, the U.K. Bribery Act, and other foreign anti-bribery laws.",verbatim_source_excerpt,TEXT_V1
Enphase Energy,1463101,D01,https://www.sec.gov/Archives/edgar/data/1463101/000146310126000013/enph-20251231.htm,evidence/request_attempts/7b/7b6a735451e98e6b91d14e37eff330ad255ba6a237a579c29331eeb35c26d112/enph-20251231.htm,7b6a735451e98e6b91d14e37eff330ad255ba6a237a579c29331eeb35c26d112,0001463101-26-000013,enph-20251231.htm,Item 1A,ITEM_1A:bytes:597494-597661:sha256:88cc8e1663d02870bc1c41d7a7d49df33222d0721b1333d582b817ee9cc2b574,text,2025-01-01,2025-12-31,"Expectations relating to ESG considerations and related reporting obligations may expose our business to potential liabilities, increased costs, and reputational harm.","Expectations relating to ESG considerations and related reporting obligations may expose our business to potential liabilities, increased costs, and reputational harm.","Expectations relating to ESG considerations and related reporting obligations may expose our business to potential liabilities, increased costs, and reputational harm.",verbatim_source_excerpt,TEXT_V1
Enphase Energy,1463101,D01,https://www.sec.gov/Archives/edgar/data/1463101/000146310126000013/enph-20251231.htm,evidence/request_attempts/7b/7b6a735451e98e6b91d14e37eff330ad255ba6a237a579c29331eeb35c26d112/enph-20251231.htm,7b6a735451e98e6b91d14e37eff330ad255ba6a237a579c29331eeb35c26d112,0001463101-26-000013,enph-20251231.htm,Item 1A,ITEM_1A:bytes:598792-598846:sha256:cd2372044ee1886b8c0c9a09a723b2f3b89833bd6a07f3cb46327f5d5b4b10f1,text,2025-01-01,2025-12-31,Risks Related to our Financial Condition and Liquidity,Risks Related to our Financial Condition and Liquidity,Risks Related to our Financial Condition and Liquidity,verbatim_source_excerpt,TEXT_V1
Enphase Energy,1463101,D01,https://www.sec.gov/Archives/edgar/data/1463101/000146310126000013/enph-20251231.htm,evidence/request_attempts/7b/7b6a735451e98e6b91d14e37eff330ad255ba6a237a579c29331eeb35c26d112/enph-20251231.htm,7b6a735451e98e6b91d14e37eff330ad255ba6a237a579c29331eeb35c26d112,0001463101-26-000013,enph-20251231.htm,Item 1A,ITEM_1A:bytes:599049-599159:sha256:8b7c5970e383f3c94366728adcd5b275af841ca0f8804c3edea5cffb8ac93ec1,text,2025-01-01,2025-12-31,"Our gross profit may fluctuate over time, which could impair our ability to achieve or maintain profitability.","Our gross profit may fluctuate over time, which could impair our ability to achieve or maintain profitability.","Our gross profit may fluctuate over time, which could impair our ability to achieve or maintain profitability.",verbatim_source_excerpt,TEXT_V1
Enphase Energy,1463101,D01,https://www.sec.gov/Archives/edgar/data/1463101/000146310126000013/enph-20251231.htm,evidence/request_attempts/7b/7b6a735451e98e6b91d14e37eff330ad255ba6a237a579c29331eeb35c26d112/enph-20251231.htm,7b6a735451e98e6b91d14e37eff330ad255ba6a237a579c29331eeb35c26d112,0001463101-26-000013,enph-20251231.htm,Item 1A,ITEM_1A:bytes:608311-608468:sha256:68b82c722aac6b4e032fbf891d57d81dc233141a93a5dc8b3f79c205ec71b271,text,2025-01-01,2025-12-31,"We are under continuous pressure to reduce the prices of our products, which has adversely affected, and may continue to adversely affect, our gross margins.","We are under continuous pressure to reduce the prices of our products, which has adversely affected, and may continue to adversely affect, our gross margins.","We are under continuous pressure to reduce the prices of our products, which has adversely affected, and may continue to adversely affect, our gross margins.",verbatim_source_excerpt,TEXT_V1
Enphase Energy,1463101,D01,https://www.sec.gov/Archives/edgar/data/1463101/000146310126000013/enph-20251231.htm,evidence/request_attempts/7b/7b6a735451e98e6b91d14e37eff330ad255ba6a237a579c29331eeb35c26d112/enph-20251231.htm,7b6a735451e98e6b91d14e37eff330ad255ba6a237a579c29331eeb35c26d112,0001463101-26-000013,enph-20251231.htm,Item 1A,ITEM_1A:bytes:612110-612333:sha256:12e11d04e8f8f6dfd0c4584c68c56b0dca1458393fb8b3ab061606e2e29e19b1,text,2025-01-01,2025-12-31,"If we do not forecast demand for our products accurately, we may experience product shortages, delays in product shipment or excess product inventory, any of which will adversely affect our business and financial condition.","If we do not forecast demand for our products accurately, we may experience product shortages, delays in product shipment or excess product inventory, any of which will adversely affect our business and financial condition.","If we do not forecast demand for our products accurately, we may experience product shortages, delays in product shipment or excess product inventory, any of which will adversely affect our business and financial condition.",verbatim_source_excerpt,TEXT_V1
Enphase Energy,1463101,D01,https://www.sec.gov/Archives/edgar/data/1463101/000146310126000013/enph-20251231.htm,evidence/request_attempts/7b/7b6a735451e98e6b91d14e37eff330ad255ba6a237a579c29331eeb35c26d112/enph-20251231.htm,7b6a735451e98e6b91d14e37eff330ad255ba6a237a579c29331eeb35c26d112,0001463101-26-000013,enph-20251231.htm,Item 1A,ITEM_1A:bytes:617403-617623:sha256:cb740d75fa507e8e0d96a467a411c3e2dadf3d1e8ad7e7a690d1ca29a2731407,text,2025-01-01,2025-12-31,"A drop in the retail price of electricity derived from the utility grid or from alternative energy sources, or a change in utility pricing structures, may harm our business, financial condition and results of operations.","A drop in the retail price of electricity derived from the utility grid or from alternative energy sources, or a change in utility pricing structures, may harm our business, financial condition and results of operations.","A drop in the retail price of electricity derived from the utility grid or from alternative energy sources, or a change in utility pricing structures, may harm our business, financial condition and results of operations.",verbatim_source_excerpt,TEXT_V1
Enphase Energy,1463101,D01,https://www.sec.gov/Archives/edgar/data/1463101/000146310126000013/enph-20251231.htm,evidence/request_attempts/7b/7b6a735451e98e6b91d14e37eff330ad255ba6a237a579c29331eeb35c26d112/enph-20251231.htm,7b6a735451e98e6b91d14e37eff330ad255ba6a237a579c29331eeb35c26d112,0001463101-26-000013,enph-20251231.htm,Item 1A,ITEM_1A:bytes:620514-620626:sha256:2d56eaf5b3311573796e70e1cf2c672002d8cb87d9e563d5fdb2d74f8148a960,text,2025-01-01,2025-12-31,"Our portfolio of marketable securities is subject to market, interest and credit risk that may reduce its value.","Our portfolio of marketable securities is subject to market, interest and credit risk that may reduce its value.","Our portfolio of marketable securities is subject to market, interest and credit risk that may reduce its value.",verbatim_source_excerpt,TEXT_V1
Enphase Energy,1463101,D01,https://www.sec.gov/Archives/edgar/data/1463101/000146310126000013/enph-20251231.htm,evidence/request_attempts/7b/7b6a735451e98e6b91d14e37eff330ad255ba6a237a579c29331eeb35c26d112/enph-20251231.htm,7b6a735451e98e6b91d14e37eff330ad255ba6a237a579c29331eeb35c26d112,0001463101-26-000013,enph-20251231.htm,Item 1A,ITEM_1A:bytes:622028-622069:sha256:8e91c51ed773a310a9d6c191867e9cf8aa2e7da897851f3fe5e1cfe4426d8eae,text,2025-01-01,2025-12-31,Risks Related to our Acquisition Activity,Risks Related to our Acquisition Activity,Risks Related to our Acquisition Activity,verbatim_source_excerpt,TEXT_V1
Enphase Energy,1463101,D01,https://www.sec.gov/Archives/edgar/data/1463101/000146310126000013/enph-20251231.htm,evidence/request_attempts/7b/7b6a735451e98e6b91d14e37eff330ad255ba6a237a579c29331eeb35c26d112/enph-20251231.htm,7b6a735451e98e6b91d14e37eff330ad255ba6a237a579c29331eeb35c26d112,0001463101-26-000013,enph-20251231.htm,Item 1A,ITEM_1A:bytes:622326-622548:sha256:1e8def2abfbf1cb0607c3d231a980c5302b7aa608aa4a3b635533f2ffded6d2f,text,2025-01-01,2025-12-31,"We have made and expect to continue to make acquisitions. If we fail to successfully select, execute or integrate our acquisitions, then our business and operating results could be harmed and our stock price could decline.","We have made and expect to continue to make acquisitions. If we fail to successfully select, execute or integrate our acquisitions, then our business and operating results could be harmed and our stock price could decline.","We have made and expect to continue to make acquisitions. If we fail to successfully select, execute or integrate our acquisitions, then our business and operating results could be harmed and our stock price could decline.",verbatim_source_excerpt,TEXT_V1
Enphase Energy,1463101,D01,https://www.sec.gov/Archives/edgar/data/1463101/000146310126000013/enph-20251231.htm,evidence/request_attempts/7b/7b6a735451e98e6b91d14e37eff330ad255ba6a237a579c29331eeb35c26d112/enph-20251231.htm,7b6a735451e98e6b91d14e37eff330ad255ba6a237a579c29331eeb35c26d112,0001463101-26-000013,enph-20251231.htm,Item 1A,ITEM_1A:bytes:632690-632802:sha256:9eea2a9a194deb1c8267d0acfb033cebf8f182aad60a2fa776de11934b01ba17,text,2025-01-01,2025-12-31,We invest in companies for both strategic and financial reasons but may not realize a return on our investments.,We invest in companies for both strategic and financial reasons but may not realize a return on our investments.,We invest in companies for both strategic and financial reasons but may not realize a return on our investments.,verbatim_source_excerpt,TEXT_V1
Enphase Energy,1463101,D01,https://www.sec.gov/Archives/edgar/data/1463101/000146310126000013/enph-20251231.htm,evidence/request_attempts/7b/7b6a735451e98e6b91d14e37eff330ad255ba6a237a579c29331eeb35c26d112/enph-20251231.htm,7b6a735451e98e6b91d14e37eff330ad255ba6a237a579c29331eeb35c26d112,0001463101-26-000013,enph-20251231.htm,Item 1A,ITEM_1A:bytes:637321-637457:sha256:8ac9f6c81c3918f090dd3df88646dc284ee430dbb9b096ccda73f3d9d11871a6,text,2025-01-01,2025-12-31,An impairment in the carrying value of goodwill or other intangible and long-lived assets could negatively affect our operating results.,An impairment in the carrying value of goodwill or other intangible and long-lived assets could negatively affect our operating results.,An impairment in the carrying value of goodwill or other intangible and long-lived assets could negatively affect our operating results.,verbatim_source_excerpt,TEXT_V1
Enphase Energy,1463101,D01,https://www.sec.gov/Archives/edgar/data/1463101/000146310126000013/enph-20251231.htm,evidence/request_attempts/7b/7b6a735451e98e6b91d14e37eff330ad255ba6a237a579c29331eeb35c26d112/enph-20251231.htm,7b6a735451e98e6b91d14e37eff330ad255ba6a237a579c29331eeb35c26d112,0001463101-26-000013,enph-20251231.htm,Item 1A,ITEM_1A:bytes:639947-639994:sha256:9fd227479316ccd757df6b26502bca225954b4192a4cfd7eb2944f0503dd94e1,text,2025-01-01,2025-12-31,Risks Related to our Debt and Equity Securities,Risks Related to our Debt and Equity Securities,Risks Related to our Debt and Equity Securities,verbatim_source_excerpt,TEXT_V1
Enphase Energy,1463101,D01,https://www.sec.gov/Archives/edgar/data/1463101/000146310126000013/enph-20251231.htm,evidence/request_attempts/7b/7b6a735451e98e6b91d14e37eff330ad255ba6a237a579c29331eeb35c26d112/enph-20251231.htm,7b6a735451e98e6b91d14e37eff330ad255ba6a237a579c29331eeb35c26d112,0001463101-26-000013,enph-20251231.htm,Item 1A,ITEM_1A:bytes:640197-640342:sha256:21698523a8f2390af18e2c7dead6c7c2493ee96259779b5d2014fb93b2cfc916,text,2025-01-01,2025-12-31,"Our financial results may vary significantly from quarter to quarter due to a number of factors, which may lead to volatility in our stock price.","Our financial results may vary significantly from quarter to quarter due to a number of factors, which may lead to volatility in our stock price.","Our financial results may vary significantly from quarter to quarter due to a number of factors, which may lead to volatility in our stock price.",verbatim_source_excerpt,TEXT_V1
Enphase Energy,1463101,D01,https://www.sec.gov/Archives/edgar/data/1463101/000146310126000013/enph-20251231.htm,evidence/request_attempts/7b/7b6a735451e98e6b91d14e37eff330ad255ba6a237a579c29331eeb35c26d112/enph-20251231.htm,7b6a735451e98e6b91d14e37eff330ad255ba6a237a579c29331eeb35c26d112,0001463101-26-000013,enph-20251231.htm,Item 1A,ITEM_1A:bytes:655302-655516:sha256:e272fa54b28c31918252e83baec4c24745b88e0a0f576567a1624086628436dc,text,2025-01-01,2025-12-31,"Conversion of our Convertible Notes may dilute the ownership interest of existing stockholders or may otherwise depress the price of our common stock, adversely affect our financial condition and operating results.","Conversion of our Convertible Notes may dilute the ownership interest of existing stockholders or may otherwise depress the price of our common stock, adversely affect our financial condition and operating results.","Conversion of our Convertible Notes may dilute the ownership interest of existing stockholders or may otherwise depress the price of our common stock, adversely affect our financial condition and operating results.",verbatim_source_excerpt,TEXT_V1
Enphase Energy,1463101,D01,https://www.sec.gov/Archives/edgar/data/1463101/000146310126000013/enph-20251231.htm,evidence/request_attempts/7b/7b6a735451e98e6b91d14e37eff330ad255ba6a237a579c29331eeb35c26d112/enph-20251231.htm,7b6a735451e98e6b91d14e37eff330ad255ba6a237a579c29331eeb35c26d112,0001463101-26-000013,enph-20251231.htm,Item 1A,ITEM_1A:bytes:658404-658539:sha256:06b75f3199939d1f2e6b4b712b981ceb77358c598a0b85b1525aa3785527ae24,text,2025-01-01,2025-12-31,"Servicing our debts requires a significant amount of cash, and we may not have sufficient cash flow from our business to pay our debts.","Servicing our debts requires a significant amount of cash, and we may not have sufficient cash flow from our business to pay our debts.","Servicing our debts requires a significant amount of cash, and we may not have sufficient cash flow from our business to pay our debts.",verbatim_source_excerpt,TEXT_V1
Enphase Energy,1463101,D01,https://www.sec.gov/Archives/edgar/data/1463101/000146310126000013/enph-20251231.htm,evidence/request_attempts/7b/7b6a735451e98e6b91d14e37eff330ad255ba6a237a579c29331eeb35c26d112/enph-20251231.htm,7b6a735451e98e6b91d14e37eff330ad255ba6a237a579c29331eeb35c26d112,0001463101-26-000013,enph-20251231.htm,Item 1A,ITEM_1A:bytes:660000-660292:sha256:3970a87d6484f6aec662599cb2f532ca34d33a0c0ccf7a83d64bb0e55101f646,text,2025-01-01,2025-12-31,"We may not have the ability to raise the funds necessary to settle conversions of the Convertible Notes or repurchase the Convertible Note upon a fundamental change, and our future debt may contain limitations on our ability to pay cash upon conversion or repurchase of the Convertible Notes.","We may not have the ability to raise the funds necessary to settle conversions of the Convertible Notes or repurchase the Convertible Note upon a fundamental change, and our future debt may contain limitations on our ability to pay cash upon conversion or repurchase of the Convertible Notes.","We may not have the ability to raise the funds necessary to settle conversions of the Convertible Notes or repurchase the Convertible Note upon a fundamental change, and our future debt may contain limitations on our ability to pay cash upon conversion or repurchase of the Convertible Notes.",verbatim_source_excerpt,TEXT_V1
Enphase Energy,1463101,D01,https://www.sec.gov/Archives/edgar/data/1463101/000146310126000013/enph-20251231.htm,evidence/request_attempts/7b/7b6a735451e98e6b91d14e37eff330ad255ba6a237a579c29331eeb35c26d112/enph-20251231.htm,7b6a735451e98e6b91d14e37eff330ad255ba6a237a579c29331eeb35c26d112,0001463101-26-000013,enph-20251231.htm,Item 1A,ITEM_1A:bytes:662799-662928:sha256:fb87ed451710081758bb7b634c7ed9d8317a3aaffb0103e2256ec6940cc69ac7,text,2025-01-01,2025-12-31,The convertible note hedge and warrant transactions and/or their early termination may affect the value of our common stock.,The convertible note hedge and warrant transactions and/or their early termination may affect the value of our common stock.,The convertible note hedge and warrant transactions and/or their early termination may affect the value of our common stock.,verbatim_source_excerpt,TEXT_V1
Enphase Energy,1463101,D01,https://www.sec.gov/Archives/edgar/data/1463101/000146310126000013/enph-20251231.htm,evidence/request_attempts/7b/7b6a735451e98e6b91d14e37eff330ad255ba6a237a579c29331eeb35c26d112/enph-20251231.htm,7b6a735451e98e6b91d14e37eff330ad255ba6a237a579c29331eeb35c26d112,0001463101-26-000013,enph-20251231.htm,Item 1A,ITEM_1A:bytes:666739-667246:sha256:b3e191fadc8209736e00a303662bf4fff112dd5ea49da2020ab76dcb7b69ac15,text,2025-01-01,2025-12-31,"Changes in current accounting methods, standards, or regulations applicable to the Convertible Notes due 2028 and Notes due 2026 could have a material impact on our reported financial results, future financial results, future cash flows, and/or our stock price.","Changes in current accounting methods, standards, or regulations applicable to the Convertible Notes due 2028 and Notes due 2026 could have a material impact on our reported financial results, future financial results, future cash flows, and/or our stock price.","Changes in current accounting methods, standards, or regulations applicable to the Convertible Notes due 2028 and Notes due 2026 could have a material impact on our reported financial results, future financial results, future cash flows, and/or our stock price.",verbatim_source_excerpt,TEXT_V1
Enphase Energy,1463101,D01,https://www.sec.gov/Archives/edgar/data/1463101/000146310126000013/enph-20251231.htm,evidence/request_attempts/7b/7b6a735451e98e6b91d14e37eff330ad255ba6a237a579c29331eeb35c26d112/enph-20251231.htm,7b6a735451e98e6b91d14e37eff330ad255ba6a237a579c29331eeb35c26d112,0001463101-26-000013,enph-20251231.htm,Item 1A,ITEM_1A:bytes:668869-669046:sha256:a81dd3b42328c0494361218e8c0f01f917971172d06a1050e4e7974dc506959d,text,2025-01-01,2025-12-31,"We may not be able to raise additional capital to execute on our current or future business opportunities on favorable terms, if at all, or without dilution to our stockholders.","We may not be able to raise additional capital to execute on our current or future business opportunities on favorable terms, if at all, or without dilution to our stockholders.","We may not be able to raise additional capital to execute on our current or future business opportunities on favorable terms, if at all, or without dilution to our stockholders.",verbatim_source_excerpt,TEXT_V1
Enphase Energy,1463101,D01,https://www.sec.gov/Archives/edgar/data/1463101/000146310126000013/enph-20251231.htm,evidence/request_attempts/7b/7b6a735451e98e6b91d14e37eff330ad255ba6a237a579c29331eeb35c26d112/enph-20251231.htm,7b6a735451e98e6b91d14e37eff330ad255ba6a237a579c29331eeb35c26d112,0001463101-26-000013,enph-20251231.htm,Item 1A,ITEM_1A:bytes:673099-673291:sha256:963d6733636cc32c519afb109a19a0048505a32feb4fb750de21e0c231509570,text,2025-01-01,2025-12-31,"We currently do not intend to pay dividends on our common stock and, consequently, your only opportunity to achieve a return on your investment is if the price of our common stock appreciates.","We currently do not intend to pay dividends on our common stock and, consequently, your only opportunity to achieve a return on your investment is if the price of our common stock appreciates.","We currently do not intend to pay dividends on our common stock and, consequently, your only opportunity to achieve a return on your investment is if the price of our common stock appreciates.",verbatim_source_excerpt,TEXT_V1
Enphase Energy,1463101,D01,https://www.sec.gov/Archives/edgar/data/1463101/000146310126000013/enph-20251231.htm,evidence/request_attempts/7b/7b6a735451e98e6b91d14e37eff330ad255ba6a237a579c29331eeb35c26d112/enph-20251231.htm,7b6a735451e98e6b91d14e37eff330ad255ba6a237a579c29331eeb35c26d112,0001463101-26-000013,enph-20251231.htm,Item 1A,ITEM_1A:bytes:674078-674098:sha256:cde1d22a490a307e02203142da435f684665b039ded25664d5612cb503e06771,text,2025-01-01,2025-12-31,General Risk Factors,General Risk Factors,General Risk Factors,verbatim_source_excerpt,TEXT_V1
Enphase Energy,1463101,D01,https://www.sec.gov/Archives/edgar/data/1463101/000146310126000013/enph-20251231.htm,evidence/request_attempts/7b/7b6a735451e98e6b91d14e37eff330ad255ba6a237a579c29331eeb35c26d112/enph-20251231.htm,7b6a735451e98e6b91d14e37eff330ad255ba6a237a579c29331eeb35c26d112,0001463101-26-000013,enph-20251231.htm,Item 1A,ITEM_1A:bytes:674301-674492:sha256:82e86521693c04c766ff52d8ab1e63e613b8b15792a8f14d683cc4372cd61d73,text,2025-01-01,2025-12-31,"Natural disasters, public health events, significant disruptions of information technology systems, data security breaches, or other catastrophic events could adversely affect our operations.","Natural disasters, public health events, significant disruptions of information technology systems, data security breaches, or other catastrophic events could adversely affect our operations.","Natural disasters, public health events, significant disruptions of information technology systems, data security breaches, or other catastrophic events could adversely affect our operations.",verbatim_source_excerpt,TEXT_V1
Enphase Energy,1463101,D01,https://www.sec.gov/Archives/edgar/data/1463101/000146310126000013/enph-20251231.htm,evidence/request_attempts/7b/7b6a735451e98e6b91d14e37eff330ad255ba6a237a579c29331eeb35c26d112/enph-20251231.htm,7b6a735451e98e6b91d14e37eff330ad255ba6a237a579c29331eeb35c26d112,0001463101-26-000013,enph-20251231.htm,Item 1A,ITEM_1A:bytes:678693-679071:sha256:a3c27347c9f11462de7d7795597657aa9b37f721ed86e25130a1623fe1a30120,text,2025-01-01,2025-12-31,"If we fail to maintain an effective system of internal controls or are unable to remediate any deficiencies in our internal controls, we might not be able to report our financial results accurately or prevent fraud; in that case, our stockholders could lose confidence in our financial reporting, which would harm our business and could negatively impact the price of our stock.","If we fail to maintain an effective system of internal controls or are unable to remediate any deficiencies in our internal controls, we might not be able to report our financial results accurately or prevent fraud; in that case, our stockholders could lose confidence in our financial reporting, which would harm our business and could negatively impact the price of our stock.","If we fail to maintain an effective system of internal controls or are unable to remediate any deficiencies in our internal controls, we might not be able to report our financial results accurately or prevent fraud; in that case, our stockholders could lose confidence in our financial reporting, which would harm our business and could negatively impact the price of our stock.",verbatim_source_excerpt,TEXT_V1
Enphase Energy,1463101,D01,https://www.sec.gov/Archives/edgar/data/1463101/000146310126000013/enph-20251231.htm,evidence/request_attempts/7b/7b6a735451e98e6b91d14e37eff330ad255ba6a237a579c29331eeb35c26d112/enph-20251231.htm,7b6a735451e98e6b91d14e37eff330ad255ba6a237a579c29331eeb35c26d112,0001463101-26-000013,enph-20251231.htm,Item 1A,ITEM_1A:bytes:680582-680625:sha256:d0336ad24358a7f3078baca6954b1eec2bb9098fff7d7c1c4ffe9271ab38cc36,text,2025-01-01,2025-12-31,Our business is subject to tax liabilities.,Our business is subject to tax liabilities.,Our business is subject to tax liabilities.,verbatim_source_excerpt,TEXT_V1
Enphase Energy,1463101,D01,https://www.sec.gov/Archives/edgar/data/1463101/000146310126000013/enph-20251231.htm,evidence/request_attempts/7b/7b6a735451e98e6b91d14e37eff330ad255ba6a237a579c29331eeb35c26d112/enph-20251231.htm,7b6a735451e98e6b91d14e37eff330ad255ba6a237a579c29331eeb35c26d112,0001463101-26-000013,enph-20251231.htm,Item 1A,ITEM_1A:bytes:683032-683185:sha256:be31899acf2cb6d02ea08f89a1390b3fadeb61a6b1277352146723a6d6d8570d,text,2025-01-01,2025-12-31,Our charter documents and Delaware law could prevent a takeover that stockholders consider favorable and could also reduce the market price of our stock.,Our charter documents and Delaware law could prevent a takeover that stockholders consider favorable and could also reduce the market price of our stock.,Our charter documents and Delaware law could prevent a takeover that stockholders consider favorable and could also reduce the market price of our stock.,verbatim_source_excerpt,TEXT_V1
