company,cik,metric_id,metric_name,value,unit,status,source_class,formula,period_start,period_end,fiscal_year,fiscal_period,accession,form,filed_date,concept_or_section,context_or_dimension,confidence,notes,company_id,run_id,result_id,requirement_id,requirement_closure_hash,source_checkpoint_id,last_checked_source_checkpoint_id,current_source_checkpoint_id,original_source_checkpoint_id,current_source_equivalence_id,current_input_matches,current_input_status,result_validity,latest_attempt_status,latest_request_status,requested_in_latest_execution,source_credit,saved_processing_mode,native_path,period_role,archive_period_start,archive_period_end,archive_fiscal_year,measurement_period_start,measurement_period_end,measurement_period_status,defect_holds,local_run_id,local_run_status,local_metric_status,requested_in_local_run,local_source_status
Marriott International,1048286,A01,Tier 1 capital ratio,,ratio,N_A_STRUCTURAL,NOT_AVAILABLE,,2025-12-31,2025-12-31,2025,STRUCTURAL,,,,,"{""annual_filing_period"": {""fiscal_year"": 2025, ""period_end"": ""2025-12-31"", ""period_start"": ""2025-01-01""}, ""measurement_kind"": ""STRUCTURAL"", ""scope"": {""coverage"": ""deterministic_source_set"", ""fiscal_year"": 2025}, ""selection"": null, ""source_reference_ids"": [""sha256:5fbed365804130c17c75d2f0c910feb4d114758697e4b327f9c79021c86fe7f9"", ""sha256:43cecd37c71017d106d9d30426fada653a5dc490023ddb67da4339c07c48fc4e"", ""sha256:3109bea68ae11f5e3c6ebd77114cda1d6f17d60e772b2630baffdb2639c483e9""]}",,Trait applicability is structurally false. No financial measurement is asserted; dates retain the filing group. Native state: PUBLISHED; reason: TRAIT_NOT_APPLICABLE. Selected source inputs include new SEC acquisition records; each input retains its own acquisition identity.,marriott_international,run:ordinary-integrated:590e7f5e31fb9405de4dc1e7e59f8b275804a39dee47efba17fd9bcfdd47123d,sha256:a772de77c5a082dfd48a80bc557fea72143014f5a815bf759ea76429be4ec435,issue_54_v4,sha256:7e577402fa98974628bf613a3a82e66d79f55385ccce117ea5d1f0cd11d49fa2,sha256:671a25cd86baceec0cd20a6be08cbb225328ce65bf46e91fb435a80ca39da4d9,sha256:671a25cd86baceec0cd20a6be08cbb225328ce65bf46e91fb435a80ca39da4d9,sha256:671a25cd86baceec0cd20a6be08cbb225328ce65bf46e91fb435a80ca39da4d9,,,True,MATCHED,REPLAY_VERIFIED_CONTENT_NOT_ACCEPTED,CANDIDATE_READY,CANDIDATE_READY,True,VERIFIED_SEC_ACQUISITION,,native/A01/43244a07a50c41f0b338912084f30258,RUN_ARCHIVE_COORDINATE,2025-12-31,2025-12-31,2025,2025-12-31,2025-12-31,NATIVE_REPLAY_VERIFIED,[],20261003T163448Z-f6e42f9b,FLOW_COMPLETED_WITH_LIMITATIONS,CANDIDATE_READY,True,SOURCES_READY
Marriott International,1048286,A02,CET1 ratio,,ratio,N_A_STRUCTURAL,NOT_AVAILABLE,,2025-12-31,2025-12-31,2025,STRUCTURAL,,,,,"{""annual_filing_period"": {""fiscal_year"": 2025, ""period_end"": ""2025-12-31"", ""period_start"": ""2025-01-01""}, ""measurement_kind"": ""STRUCTURAL"", ""scope"": {""coverage"": ""deterministic_source_set"", ""fiscal_year"": 2025}, ""selection"": null, ""source_reference_ids"": [""sha256:5fbed365804130c17c75d2f0c910feb4d114758697e4b327f9c79021c86fe7f9"", ""sha256:43cecd37c71017d106d9d30426fada653a5dc490023ddb67da4339c07c48fc4e"", ""sha256:3109bea68ae11f5e3c6ebd77114cda1d6f17d60e772b2630baffdb2639c483e9""]}",,Trait applicability is structurally false. No financial measurement is asserted; dates retain the filing group. Native state: PUBLISHED; reason: TRAIT_NOT_APPLICABLE. Selected source inputs include new SEC acquisition records; each input retains its own acquisition identity.,marriott_international,run:ordinary-integrated:9df7e36e9fd76b74b7c98f5d4d322dd3c06ba5bc934a8c273337619c992cb595,sha256:339b657ebc1caca9713bff0dc0e985be8078adb66c36c0e44aaa1cce2051fe10,issue_54_v4,sha256:7e577402fa98974628bf613a3a82e66d79f55385ccce117ea5d1f0cd11d49fa2,sha256:671a25cd86baceec0cd20a6be08cbb225328ce65bf46e91fb435a80ca39da4d9,sha256:671a25cd86baceec0cd20a6be08cbb225328ce65bf46e91fb435a80ca39da4d9,sha256:671a25cd86baceec0cd20a6be08cbb225328ce65bf46e91fb435a80ca39da4d9,,,True,MATCHED,REPLAY_VERIFIED_CONTENT_NOT_ACCEPTED,CANDIDATE_READY,CANDIDATE_READY,True,VERIFIED_SEC_ACQUISITION,,native/A02/22aa73d62692454e93fc109d9f65caed,RUN_ARCHIVE_COORDINATE,2025-12-31,2025-12-31,2025,2025-12-31,2025-12-31,NATIVE_REPLAY_VERIFIED,[],20261003T163448Z-f6e42f9b,FLOW_COMPLETED_WITH_LIMITATIONS,CANDIDATE_READY,True,SOURCES_READY
Marriott International,1048286,A03,Liquidity coverage ratio,,ratio,N_A_STRUCTURAL,NOT_AVAILABLE,source-disclosed firm average LCR,2025-01-01,2025-12-31,2025,STRUCTURAL,,,,,"{""annual_filing_period"": {""fiscal_year"": 2025, ""period_end"": ""2025-12-31"", ""period_start"": ""2025-01-01""}, ""measurement_kind"": ""STRUCTURAL"", ""scope"": {""aggregation"": ""average"", ""entity_scope"": ""firm""}, ""selection"": {""classification"": ""STRUCTURAL"", ""reason_code"": ""TRAIT_NOT_APPLICABLE"", ""source_fact"": null, ""source_semantics_passed"": false}, ""source_reference_ids"": [""sha256:ee82f54a18ec332db1596a185fcc94c78ba078b48da3e134b5c2950693c659c6"", ""sha256:43cecd37c71017d106d9d30426fada653a5dc490023ddb67da4339c07c48fc4e"", ""sha256:3109bea68ae11f5e3c6ebd77114cda1d6f17d60e772b2630baffdb2639c483e9""]}",,Trait applicability is structurally false. No financial measurement is asserted; dates retain the filing group. Native state: PUBLISHED; reason: TRAIT_NOT_APPLICABLE. Selected source inputs include new SEC acquisition records; each input retains its own acquisition identity.,marriott_international,run:ordinary-integrated:cb50088996bb79567f5e1367ad853283855cd8dc0465448f3a21871c28d69505,sha256:d8d05e78f1934b6ff44158735758eb992d6e33365b1fb9c625403e4f0590d96a,issue_54_v4,sha256:7e577402fa98974628bf613a3a82e66d79f55385ccce117ea5d1f0cd11d49fa2,sha256:671a25cd86baceec0cd20a6be08cbb225328ce65bf46e91fb435a80ca39da4d9,sha256:671a25cd86baceec0cd20a6be08cbb225328ce65bf46e91fb435a80ca39da4d9,sha256:671a25cd86baceec0cd20a6be08cbb225328ce65bf46e91fb435a80ca39da4d9,,,True,MATCHED,REPLAY_VERIFIED_CONTENT_NOT_ACCEPTED,CANDIDATE_READY,CANDIDATE_READY,True,VERIFIED_SEC_ACQUISITION,,native/A03/59b7fd74fe9745fb9c7f2a9ff3b1af20,RUN_ARCHIVE_COORDINATE,2025-01-01,2025-12-31,2025,2025-01-01,2025-12-31,NATIVE_REPLAY_VERIFIED,[],20261003T163448Z-f6e42f9b,FLOW_COMPLETED_WITH_LIMITATIONS,CANDIDATE_READY,True,SOURCES_READY
Marriott International,1048286,A04,Net interest margin,,ratio,N_A_STRUCTURAL,NOT_AVAILABLE,source-disclosed managed net interest margin,2025-01-01,2025-12-31,2025,STRUCTURAL,,,,,"{""annual_filing_period"": {""fiscal_year"": 2025, ""period_end"": ""2025-12-31"", ""period_start"": ""2025-01-01""}, ""measurement_kind"": ""STRUCTURAL"", ""scope"": {""basis"": ""managed_basis""}, ""selection"": {""classification"": ""STRUCTURAL"", ""reason_code"": ""TRAIT_NOT_APPLICABLE"", ""source_fact"": null, ""source_semantics_passed"": false}, ""source_reference_ids"": [""sha256:ee82f54a18ec332db1596a185fcc94c78ba078b48da3e134b5c2950693c659c6"", ""sha256:43cecd37c71017d106d9d30426fada653a5dc490023ddb67da4339c07c48fc4e"", ""sha256:3109bea68ae11f5e3c6ebd77114cda1d6f17d60e772b2630baffdb2639c483e9""]}",,Trait applicability is structurally false. No financial measurement is asserted; dates retain the filing group. Native state: PUBLISHED; reason: TRAIT_NOT_APPLICABLE. Selected source inputs include new SEC acquisition records; each input retains its own acquisition identity.,marriott_international,run:ordinary-integrated:19bb28b631a2489a454ffca09b1ac576c439a993877207b5bb1c1b8bdce25051,sha256:3a4da99c6d6a909d5504dbbfb2adf52b8cefb78f58c01ae208e466dd06762433,issue_54_v4,sha256:7e577402fa98974628bf613a3a82e66d79f55385ccce117ea5d1f0cd11d49fa2,sha256:671a25cd86baceec0cd20a6be08cbb225328ce65bf46e91fb435a80ca39da4d9,sha256:671a25cd86baceec0cd20a6be08cbb225328ce65bf46e91fb435a80ca39da4d9,sha256:671a25cd86baceec0cd20a6be08cbb225328ce65bf46e91fb435a80ca39da4d9,,,True,MATCHED,REPLAY_VERIFIED_CONTENT_NOT_ACCEPTED,CANDIDATE_READY,CANDIDATE_READY,True,VERIFIED_SEC_ACQUISITION,,native/A04/3b944ccfa4154d24bb92a25d01d1d65f,RUN_ARCHIVE_COORDINATE,2025-01-01,2025-12-31,2025,2025-01-01,2025-12-31,NATIVE_REPLAY_VERIFIED,[],20261003T163448Z-f6e42f9b,FLOW_COMPLETED_WITH_LIMITATIONS,CANDIDATE_READY,True,SOURCES_READY
Marriott International,1048286,A05,ROA,,ratio,N_A_STRUCTURAL,NOT_AVAILABLE,,2025-01-01,2025-12-31,2025,STRUCTURAL,,,,,"{""annual_filing_period"": {""fiscal_year"": 2025, ""period_end"": ""2025-12-31"", ""period_start"": ""2025-01-01""}, ""measurement_kind"": ""STRUCTURAL"", ""scope"": {""coverage"": ""deterministic_source_set"", ""fiscal_year"": 2025}, ""selection"": null, ""source_reference_ids"": [""sha256:5fbed365804130c17c75d2f0c910feb4d114758697e4b327f9c79021c86fe7f9"", ""sha256:43cecd37c71017d106d9d30426fada653a5dc490023ddb67da4339c07c48fc4e"", ""sha256:3109bea68ae11f5e3c6ebd77114cda1d6f17d60e772b2630baffdb2639c483e9"", ""sha256:b65d7d33206dd37c69379af2f27162d38d61b730af1f9346ce5e8b2c9e622368"", ""sha256:63687b69a68ec70135351fc580e0a0d4f4f9d369bfc8a4f087772217b312a630""]}",,Trait applicability is structurally false. No financial measurement is asserted; dates retain the filing group. Native state: PUBLISHED; reason: TRAIT_NOT_APPLICABLE. Selected source inputs include new SEC acquisition records; each input retains its own acquisition identity.,marriott_international,run:ordinary-integrated:27f0124ec34b0359c3c9f925137b21489a4df7cb96eca17c2a04330f946ba4d9,sha256:b603a640f4d5bd519a3738f2f99fb6c170cfa9952cfa16899679eba87b1e65b3,issue_54_v4,sha256:7e577402fa98974628bf613a3a82e66d79f55385ccce117ea5d1f0cd11d49fa2,sha256:671a25cd86baceec0cd20a6be08cbb225328ce65bf46e91fb435a80ca39da4d9,sha256:671a25cd86baceec0cd20a6be08cbb225328ce65bf46e91fb435a80ca39da4d9,sha256:671a25cd86baceec0cd20a6be08cbb225328ce65bf46e91fb435a80ca39da4d9,,,True,MATCHED,REPLAY_VERIFIED_CONTENT_NOT_ACCEPTED,CANDIDATE_READY,CANDIDATE_READY,True,VERIFIED_SEC_ACQUISITION,,native/A05/4dc81e6af0e64a0ba0d4740842a1c44e,RUN_ARCHIVE_COORDINATE,2025-01-01,2025-12-31,2025,2025-01-01,2025-12-31,NATIVE_REPLAY_VERIFIED,[],20261003T163448Z-f6e42f9b,FLOW_COMPLETED_WITH_LIMITATIONS,CANDIDATE_READY,True,SOURCES_READY
Marriott International,1048286,A06,ROE,,ratio,N_A_STRUCTURAL,NOT_AVAILABLE,,2025-01-01,2025-12-31,2025,STRUCTURAL,,,,,"{""annual_filing_period"": {""fiscal_year"": 2025, ""period_end"": ""2025-12-31"", ""period_start"": ""2025-01-01""}, ""measurement_kind"": ""STRUCTURAL"", ""scope"": {""coverage"": ""deterministic_source_set"", ""fiscal_year"": 2025}, ""selection"": null, ""source_reference_ids"": [""sha256:5fbed365804130c17c75d2f0c910feb4d114758697e4b327f9c79021c86fe7f9"", ""sha256:43cecd37c71017d106d9d30426fada653a5dc490023ddb67da4339c07c48fc4e"", ""sha256:3109bea68ae11f5e3c6ebd77114cda1d6f17d60e772b2630baffdb2639c483e9"", ""sha256:b65d7d33206dd37c69379af2f27162d38d61b730af1f9346ce5e8b2c9e622368"", ""sha256:63687b69a68ec70135351fc580e0a0d4f4f9d369bfc8a4f087772217b312a630""]}",,Trait applicability is structurally false. No financial measurement is asserted; dates retain the filing group. Native state: PUBLISHED; reason: TRAIT_NOT_APPLICABLE. Selected source inputs include new SEC acquisition records; each input retains its own acquisition identity.,marriott_international,run:ordinary-integrated:2bab1413abb8e3c74e35800ef4c8ff1e1723c8767b172d61c3d59fb3995a1d6b,sha256:1f306daa289be58d242a1f1d8b1ab1a884e31d95757d0b5d650417533ee9dd4c,issue_54_v4,sha256:7e577402fa98974628bf613a3a82e66d79f55385ccce117ea5d1f0cd11d49fa2,sha256:671a25cd86baceec0cd20a6be08cbb225328ce65bf46e91fb435a80ca39da4d9,sha256:671a25cd86baceec0cd20a6be08cbb225328ce65bf46e91fb435a80ca39da4d9,sha256:671a25cd86baceec0cd20a6be08cbb225328ce65bf46e91fb435a80ca39da4d9,,,True,MATCHED,REPLAY_VERIFIED_CONTENT_NOT_ACCEPTED,CANDIDATE_READY,CANDIDATE_READY,True,VERIFIED_SEC_ACQUISITION,,native/A06/2d418d5a81c649caab9038069c1d5661,RUN_ARCHIVE_COORDINATE,2025-01-01,2025-12-31,2025,2025-01-01,2025-12-31,NATIVE_REPLAY_VERIFIED,[],20261003T163448Z-f6e42f9b,FLOW_COMPLETED_WITH_LIMITATIONS,CANDIDATE_READY,True,SOURCES_READY
Marriott International,1048286,A07,Net income trends,,USD,N_A_STRUCTURAL,NOT_AVAILABLE,,2025-01-01,2025-12-31,2025,STRUCTURAL,,,,,"{""annual_filing_period"": {""fiscal_year"": 2025, ""period_end"": ""2025-12-31"", ""period_start"": ""2025-01-01""}, ""measurement_kind"": ""STRUCTURAL"", ""scope"": {""coverage"": ""deterministic_source_set"", ""fiscal_year"": 2025}, ""selection"": null, ""source_reference_ids"": [""sha256:5fbed365804130c17c75d2f0c910feb4d114758697e4b327f9c79021c86fe7f9"", ""sha256:43cecd37c71017d106d9d30426fada653a5dc490023ddb67da4339c07c48fc4e"", ""sha256:3109bea68ae11f5e3c6ebd77114cda1d6f17d60e772b2630baffdb2639c483e9"", ""sha256:b65d7d33206dd37c69379af2f27162d38d61b730af1f9346ce5e8b2c9e622368"", ""sha256:63687b69a68ec70135351fc580e0a0d4f4f9d369bfc8a4f087772217b312a630""]}",,Trait applicability is structurally false. No financial measurement is asserted; dates retain the filing group. Native state: PUBLISHED; reason: TRAIT_NOT_APPLICABLE. Selected source inputs include new SEC acquisition records; each input retains its own acquisition identity.,marriott_international,run:ordinary-integrated:42f0ae6ce7fcb25f07f99525841f747f790c86fe6a09a7d88262cfdf98277029,sha256:c6df888304616aaf5aae46e0200b030fe50caf5ad83a003abb51517cd17cefab,issue_54_v4,sha256:7e577402fa98974628bf613a3a82e66d79f55385ccce117ea5d1f0cd11d49fa2,sha256:671a25cd86baceec0cd20a6be08cbb225328ce65bf46e91fb435a80ca39da4d9,sha256:671a25cd86baceec0cd20a6be08cbb225328ce65bf46e91fb435a80ca39da4d9,sha256:671a25cd86baceec0cd20a6be08cbb225328ce65bf46e91fb435a80ca39da4d9,,,True,MATCHED,REPLAY_VERIFIED_CONTENT_NOT_ACCEPTED,CANDIDATE_READY,CANDIDATE_READY,True,VERIFIED_SEC_ACQUISITION,,native/A07/46f75d08935a40c89e6faf9917783065,RUN_ARCHIVE_COORDINATE,2025-01-01,2025-12-31,2025,2025-01-01,2025-12-31,NATIVE_REPLAY_VERIFIED,[],20261003T163448Z-f6e42f9b,FLOW_COMPLETED_WITH_LIMITATIONS,CANDIDATE_READY,True,SOURCES_READY
Marriott International,1048286,A08,Fee income vs interest income,,ratio,N_A_STRUCTURAL,NOT_AVAILABLE,,2025-01-01,2025-12-31,2025,STRUCTURAL,,,,,"{""annual_filing_period"": {""fiscal_year"": 2025, ""period_end"": ""2025-12-31"", ""period_start"": ""2025-01-01""}, ""measurement_kind"": ""STRUCTURAL"", ""scope"": {""coverage"": ""deterministic_source_set"", ""fiscal_year"": 2025}, ""selection"": null, ""source_reference_ids"": [""sha256:5fbed365804130c17c75d2f0c910feb4d114758697e4b327f9c79021c86fe7f9"", ""sha256:43cecd37c71017d106d9d30426fada653a5dc490023ddb67da4339c07c48fc4e"", ""sha256:3109bea68ae11f5e3c6ebd77114cda1d6f17d60e772b2630baffdb2639c483e9"", ""sha256:b65d7d33206dd37c69379af2f27162d38d61b730af1f9346ce5e8b2c9e622368"", ""sha256:63687b69a68ec70135351fc580e0a0d4f4f9d369bfc8a4f087772217b312a630""]}",,Trait applicability is structurally false. No financial measurement is asserted; dates retain the filing group. Native state: PUBLISHED; reason: TRAIT_NOT_APPLICABLE. Selected source inputs include new SEC acquisition records; each input retains its own acquisition identity.,marriott_international,run:ordinary-integrated:b64f75a3767dcafa8e6c06f6f72ef05c335a34cc8b67251012088c9e7294026b,sha256:f5e771b7da9a3aadefbcf097e8b09f71ae93df0cf7082c801d9d5de9ca955b53,issue_54_v4,sha256:7e577402fa98974628bf613a3a82e66d79f55385ccce117ea5d1f0cd11d49fa2,sha256:671a25cd86baceec0cd20a6be08cbb225328ce65bf46e91fb435a80ca39da4d9,sha256:671a25cd86baceec0cd20a6be08cbb225328ce65bf46e91fb435a80ca39da4d9,sha256:671a25cd86baceec0cd20a6be08cbb225328ce65bf46e91fb435a80ca39da4d9,,,True,MATCHED,REPLAY_VERIFIED_CONTENT_NOT_ACCEPTED,CANDIDATE_READY,CANDIDATE_READY,True,VERIFIED_SEC_ACQUISITION,,native/A08/6b2a2837194741beb206550e129ab6f0,RUN_ARCHIVE_COORDINATE,2025-01-01,2025-12-31,2025,2025-01-01,2025-12-31,NATIVE_REPLAY_VERIFIED,[],20261003T163448Z-f6e42f9b,FLOW_COMPLETED_WITH_LIMITATIONS,CANDIDATE_READY,True,SOURCES_READY
Marriott International,1048286,A09,Non-performing loan ratio,,ratio,N_A_STRUCTURAL,NOT_AVAILABLE,source-verified firmwide nonperforming loan ratio,2025-01-01,2025-12-31,2025,STRUCTURAL,,,,,"{""annual_filing_period"": {""fiscal_year"": 2025, ""period_end"": ""2025-12-31"", ""period_start"": ""2025-01-01""}, ""measurement_kind"": ""STRUCTURAL"", ""scope"": {""loan_population"": ""firmwide""}, ""selection"": {""classification"": ""STRUCTURAL"", ""reason_code"": ""TRAIT_NOT_APPLICABLE"", ""source_fact"": null, ""source_semantics_passed"": false}, ""source_reference_ids"": [""sha256:ee82f54a18ec332db1596a185fcc94c78ba078b48da3e134b5c2950693c659c6"", ""sha256:43cecd37c71017d106d9d30426fada653a5dc490023ddb67da4339c07c48fc4e"", ""sha256:3109bea68ae11f5e3c6ebd77114cda1d6f17d60e772b2630baffdb2639c483e9""]}",,Trait applicability is structurally false. No financial measurement is asserted; dates retain the filing group. Native state: PUBLISHED; reason: TRAIT_NOT_APPLICABLE. Selected source inputs include new SEC acquisition records; each input retains its own acquisition identity.,marriott_international,run:ordinary-integrated:68b90736ef74bbd3182a819470c492a640d8bf43634d29805c54f3bc81ee5072,sha256:a58f8b649cc623cb4baa5facc4b297ed5fefa7fc53d7d9790cc09f907f2432ed,issue_54_v4,sha256:7e577402fa98974628bf613a3a82e66d79f55385ccce117ea5d1f0cd11d49fa2,sha256:671a25cd86baceec0cd20a6be08cbb225328ce65bf46e91fb435a80ca39da4d9,sha256:671a25cd86baceec0cd20a6be08cbb225328ce65bf46e91fb435a80ca39da4d9,sha256:671a25cd86baceec0cd20a6be08cbb225328ce65bf46e91fb435a80ca39da4d9,,,True,MATCHED,REPLAY_VERIFIED_CONTENT_NOT_ACCEPTED,CANDIDATE_READY,CANDIDATE_READY,True,VERIFIED_SEC_ACQUISITION,,native/A09/8daaf645314948a7b5649fbf72bae418,RUN_ARCHIVE_COORDINATE,2025-01-01,2025-12-31,2025,2025-01-01,2025-12-31,NATIVE_REPLAY_VERIFIED,[],20261003T163448Z-f6e42f9b,FLOW_COMPLETED_WITH_LIMITATIONS,CANDIDATE_READY,True,SOURCES_READY
Marriott International,1048286,A10,Loan loss reserves,,ratio,N_A_STRUCTURAL,NOT_AVAILABLE,,2025-12-31,2025-12-31,2025,STRUCTURAL,,,,,"{""annual_filing_period"": {""fiscal_year"": 2025, ""period_end"": ""2025-12-31"", ""period_start"": ""2025-01-01""}, ""measurement_kind"": ""STRUCTURAL"", ""scope"": {""coverage"": ""deterministic_source_set"", ""fiscal_year"": 2025}, ""selection"": null, ""source_reference_ids"": [""sha256:5fbed365804130c17c75d2f0c910feb4d114758697e4b327f9c79021c86fe7f9"", ""sha256:43cecd37c71017d106d9d30426fada653a5dc490023ddb67da4339c07c48fc4e"", ""sha256:3109bea68ae11f5e3c6ebd77114cda1d6f17d60e772b2630baffdb2639c483e9"", ""sha256:b65d7d33206dd37c69379af2f27162d38d61b730af1f9346ce5e8b2c9e622368"", ""sha256:63687b69a68ec70135351fc580e0a0d4f4f9d369bfc8a4f087772217b312a630""]}",,Trait applicability is structurally false. No financial measurement is asserted; dates retain the filing group. Native state: PUBLISHED; reason: TRAIT_NOT_APPLICABLE. Selected source inputs include new SEC acquisition records; each input retains its own acquisition identity.,marriott_international,run:ordinary-integrated:197879605203ce8ad1c1cc350f617a54282e390831bfdeb9df156282fcb1bda0,sha256:f22503585481b21143efcc9d24d69b2b7b1fec08d13025813059582f08d22437,issue_54_v4,sha256:7e577402fa98974628bf613a3a82e66d79f55385ccce117ea5d1f0cd11d49fa2,sha256:671a25cd86baceec0cd20a6be08cbb225328ce65bf46e91fb435a80ca39da4d9,sha256:671a25cd86baceec0cd20a6be08cbb225328ce65bf46e91fb435a80ca39da4d9,sha256:671a25cd86baceec0cd20a6be08cbb225328ce65bf46e91fb435a80ca39da4d9,,,True,MATCHED,REPLAY_VERIFIED_CONTENT_NOT_ACCEPTED,CANDIDATE_READY,CANDIDATE_READY,True,VERIFIED_SEC_ACQUISITION,,native/A10/04a4698a6fbc4436884f1726710be9fc,RUN_ARCHIVE_COORDINATE,2025-12-31,2025-12-31,2025,2025-12-31,2025-12-31,NATIVE_REPLAY_VERIFIED,[],20261003T163448Z-f6e42f9b,FLOW_COMPLETED_WITH_LIMITATIONS,CANDIDATE_READY,True,SOURCES_READY
Marriott International,1048286,A11,Assets under management,,USD,N_A_STRUCTURAL,NOT_AVAILABLE,source-reported complete AUM balance,2025-01-01,2025-12-31,2025,STRUCTURAL,,,,,"{""annual_filing_period"": {""fiscal_year"": 2025, ""period_end"": ""2025-12-31"", ""period_start"": ""2025-01-01""}, ""measurement_kind"": ""STRUCTURAL"", ""scope"": {""asset_scope"": ""total_assets_under_management""}, ""selection"": {""classification"": ""STRUCTURAL"", ""reason_code"": ""TRAIT_NOT_APPLICABLE"", ""source_fact"": null, ""source_semantics_passed"": false}, ""source_reference_ids"": [""sha256:ee82f54a18ec332db1596a185fcc94c78ba078b48da3e134b5c2950693c659c6"", ""sha256:43cecd37c71017d106d9d30426fada653a5dc490023ddb67da4339c07c48fc4e"", ""sha256:3109bea68ae11f5e3c6ebd77114cda1d6f17d60e772b2630baffdb2639c483e9""]}",,Trait applicability is structurally false. No financial measurement is asserted; dates retain the filing group. Native state: PUBLISHED; reason: TRAIT_NOT_APPLICABLE. Selected source inputs include new SEC acquisition records; each input retains its own acquisition identity.,marriott_international,run:ordinary-integrated:c8bb407733e353e7a442a5cc079d8178d8427d0f47a79e674700d09067207ed9,sha256:7a34f873a53e537074c27705abe8f9007be64d7dbb2e5736b662cc4238d49f47,issue_54_v4,sha256:7e577402fa98974628bf613a3a82e66d79f55385ccce117ea5d1f0cd11d49fa2,sha256:671a25cd86baceec0cd20a6be08cbb225328ce65bf46e91fb435a80ca39da4d9,sha256:671a25cd86baceec0cd20a6be08cbb225328ce65bf46e91fb435a80ca39da4d9,sha256:671a25cd86baceec0cd20a6be08cbb225328ce65bf46e91fb435a80ca39da4d9,,,True,MATCHED,REPLAY_VERIFIED_CONTENT_NOT_ACCEPTED,CANDIDATE_READY,CANDIDATE_READY,True,VERIFIED_SEC_ACQUISITION,,native/A11/769da810a469451ab7994ef7c91d9843,RUN_ARCHIVE_COORDINATE,2025-01-01,2025-12-31,2025,2025-01-01,2025-12-31,NATIVE_REPLAY_VERIFIED,[],20261003T163448Z-f6e42f9b,FLOW_COMPLETED_WITH_LIMITATIONS,CANDIDATE_READY,True,SOURCES_READY
Marriott International,1048286,A12,Trading exposure,,USD,N_A_STRUCTURAL,NOT_AVAILABLE,source-reported annual average total VaR,2025-01-01,2025-12-31,2025,STRUCTURAL,,,,,"{""annual_filing_period"": {""fiscal_year"": 2025, ""period_end"": ""2025-12-31"", ""period_start"": ""2025-01-01""}, ""measurement_kind"": ""STRUCTURAL"", ""scope"": {""confidence_level"": ""ninety_five_percent"", ""holding_period"": ""one_day""}, ""selection"": {""classification"": ""STRUCTURAL"", ""reason_code"": ""TRAIT_NOT_APPLICABLE"", ""source_fact"": null, ""source_semantics_passed"": false}, ""source_reference_ids"": [""sha256:ee82f54a18ec332db1596a185fcc94c78ba078b48da3e134b5c2950693c659c6"", ""sha256:43cecd37c71017d106d9d30426fada653a5dc490023ddb67da4339c07c48fc4e"", ""sha256:3109bea68ae11f5e3c6ebd77114cda1d6f17d60e772b2630baffdb2639c483e9""]}",,Trait applicability is structurally false. No financial measurement is asserted; dates retain the filing group. Native state: PUBLISHED; reason: TRAIT_NOT_APPLICABLE. Selected source inputs include new SEC acquisition records; each input retains its own acquisition identity.,marriott_international,run:ordinary-integrated:369f4b564e4d26a63d8feae5b82660376229cc1f0cde2f79b9ecabb7b5d9b4a9,sha256:863f42a636842798848a3e75b73f33679949c8a5389e9de4409f84bcab328b0f,issue_54_v4,sha256:7e577402fa98974628bf613a3a82e66d79f55385ccce117ea5d1f0cd11d49fa2,sha256:671a25cd86baceec0cd20a6be08cbb225328ce65bf46e91fb435a80ca39da4d9,sha256:671a25cd86baceec0cd20a6be08cbb225328ce65bf46e91fb435a80ca39da4d9,sha256:671a25cd86baceec0cd20a6be08cbb225328ce65bf46e91fb435a80ca39da4d9,,,True,MATCHED,REPLAY_VERIFIED_CONTENT_NOT_ACCEPTED,CANDIDATE_READY,CANDIDATE_READY,True,VERIFIED_SEC_ACQUISITION,,native/A12/1576a89863c54ef7825c971a8d37428b,RUN_ARCHIVE_COORDINATE,2025-01-01,2025-12-31,2025,2025-01-01,2025-12-31,NATIVE_REPLAY_VERIFIED,[],20261003T163448Z-f6e42f9b,FLOW_COMPLETED_WITH_LIMITATIONS,CANDIDATE_READY,True,SOURCES_READY
Marriott International,1048286,A13,International net revenue,,USD,N_A_STRUCTURAL,NOT_AVAILABLE,source-reported international net revenue,2025-01-01,2025-12-31,2025,STRUCTURAL,,,,,"{""annual_filing_period"": {""fiscal_year"": 2025, ""period_end"": ""2025-12-31"", ""period_start"": ""2025-01-01""}, ""measurement_kind"": ""STRUCTURAL"", ""scope"": {""geography_scope"": ""international""}, ""selection"": {""classification"": ""STRUCTURAL"", ""reason_code"": ""TRAIT_NOT_APPLICABLE"", ""source_fact"": null, ""source_semantics_passed"": false}, ""source_reference_ids"": [""sha256:ee82f54a18ec332db1596a185fcc94c78ba078b48da3e134b5c2950693c659c6"", ""sha256:43cecd37c71017d106d9d30426fada653a5dc490023ddb67da4339c07c48fc4e"", ""sha256:3109bea68ae11f5e3c6ebd77114cda1d6f17d60e772b2630baffdb2639c483e9""]}",,Trait applicability is structurally false. No financial measurement is asserted; dates retain the filing group. Native state: PUBLISHED; reason: TRAIT_NOT_APPLICABLE. Selected source inputs include new SEC acquisition records; each input retains its own acquisition identity.,marriott_international,run:ordinary-integrated:c2cdd0bba0f9aa32826b7e757a8f099c80b5933636b82e3fac15d1649df38038,sha256:d4c25b1caed57a386b2b92ff8f7f5c026619ed0c5c6a8167cd12380c24172550,issue_54_v4,sha256:7e577402fa98974628bf613a3a82e66d79f55385ccce117ea5d1f0cd11d49fa2,sha256:671a25cd86baceec0cd20a6be08cbb225328ce65bf46e91fb435a80ca39da4d9,sha256:671a25cd86baceec0cd20a6be08cbb225328ce65bf46e91fb435a80ca39da4d9,sha256:671a25cd86baceec0cd20a6be08cbb225328ce65bf46e91fb435a80ca39da4d9,,,True,MATCHED,REPLAY_VERIFIED_CONTENT_NOT_ACCEPTED,CANDIDATE_READY,CANDIDATE_READY,True,VERIFIED_SEC_ACQUISITION,,native/A13/f4b06272c11b424c85c54e1fa4888809,RUN_ARCHIVE_COORDINATE,2025-01-01,2025-12-31,2025,2025-01-01,2025-12-31,NATIVE_REPLAY_VERIFIED,[],20261003T163448Z-f6e42f9b,FLOW_COMPLETED_WITH_LIMITATIONS,CANDIDATE_READY,True,SOURCES_READY
Marriott International,1048286,B01,Revenue,26186000000,USD,OK,STD_XBRL,direct,2025-01-01,2025-12-31,2025,ANNUAL,0001048286-26-000007,10-K,2026-02-10,Revenues,"{""annual_filing_period"": {""fiscal_year"": 2025, ""period_end"": ""2025-12-31"", ""period_start"": ""2025-01-01""}, ""measurement_kind"": ""ANNUAL"", ""scope"": {""entity_scope"": ""registrant"", ""period_basis"": ""source_annual_duration""}, ""selection"": {""reason_code"": ""PASS"", ""selected_fact_ids"": [""fact:sha256:640d9a21651aece0a442d56ed33584b1de816baa0a4cbeb0b717c112ca0c878a""], ""source_candidate_count"": 3, ""source_reported_periods"": [[""2023-01-01"", ""2023-12-31""], [""2024-01-01"", ""2024-12-31""], [""2025-01-01"", ""2025-12-31""]]}, ""source_reference_ids"": [""sha256:5fbed365804130c17c75d2f0c910feb4d114758697e4b327f9c79021c86fe7f9"", ""sha256:43cecd37c71017d106d9d30426fada653a5dc490023ddb67da4339c07c48fc4e"", ""sha256:3109bea68ae11f5e3c6ebd77114cda1d6f17d60e772b2630baffdb2639c483e9""]}",,Source-rebuilt native result; exact measurement dates are retained. Measurement covers the source fiscal-year interval. Native state: PUBLISHED; reason: PASS. Selected source inputs include new SEC acquisition records; each input retains its own acquisition identity.,marriott_international,run:ordinary-integrated:66b14a9895d9514ae72776ebd5b1e90fa294937904764ff165dbc6a8407eaf6b,sha256:e279b28db1cecf3434d84fb7455717e5f7340a7e64310d84af935c92e55288bc,issue_54_v4,sha256:7e577402fa98974628bf613a3a82e66d79f55385ccce117ea5d1f0cd11d49fa2,sha256:671a25cd86baceec0cd20a6be08cbb225328ce65bf46e91fb435a80ca39da4d9,sha256:671a25cd86baceec0cd20a6be08cbb225328ce65bf46e91fb435a80ca39da4d9,sha256:671a25cd86baceec0cd20a6be08cbb225328ce65bf46e91fb435a80ca39da4d9,,,True,MATCHED,REPLAY_VERIFIED_CONTENT_NOT_ACCEPTED,CANDIDATE_READY,CANDIDATE_READY,True,VERIFIED_SEC_ACQUISITION,,native/B01/561d7b76b1ea4555aac5bf2e2c09aeff,RUN_ARCHIVE_COORDINATE,2025-01-01,2025-12-31,2025,2025-01-01,2025-12-31,NATIVE_REPLAY_VERIFIED,[],20261003T163448Z-f6e42f9b,FLOW_COMPLETED_WITH_LIMITATIONS,CANDIDATE_READY,True,SOURCES_READY
Marriott International,1048286,B02,Revenue YoY growth,0.04326693227091633466135458167,ratio,OK,DERIVED,,2025-01-01,2025-12-31,2025,ANNUAL,0001048286-26-000007;0001628280-25-004818,10-K,2026-02-10;2025-02-11,Revenue YoY growth,"{""annual_filing_period"": {""fiscal_year"": 2025, ""period_end"": ""2025-12-31"", ""period_start"": ""2025-01-01""}, ""measurement_kind"": ""ANNUAL"", ""scope"": {""coverage"": ""deterministic_source_set"", ""fiscal_year"": 2025}, ""selection"": null, ""source_reference_ids"": [""sha256:5fbed365804130c17c75d2f0c910feb4d114758697e4b327f9c79021c86fe7f9"", ""sha256:43cecd37c71017d106d9d30426fada653a5dc490023ddb67da4339c07c48fc4e"", ""sha256:3109bea68ae11f5e3c6ebd77114cda1d6f17d60e772b2630baffdb2639c483e9"", ""sha256:b65d7d33206dd37c69379af2f27162d38d61b730af1f9346ce5e8b2c9e622368"", ""sha256:63687b69a68ec70135351fc580e0a0d4f4f9d369bfc8a4f087772217b312a630""]}",,Source-rebuilt native result; exact measurement dates are retained. Measurement covers the source fiscal-year interval. Native state: PUBLISHED; reason: PASS. Selected source inputs include new SEC acquisition records; each input retains its own acquisition identity.,marriott_international,run:ordinary-integrated:4db8ce1d085257cab2115cc069edda7a7a5b0e2cb332398a195fafe1c427f90b,sha256:deeb79872c6006a9af38c7fd13fd3d03ed783eaef9060501fa8a34ef113866b8,issue_54_v4,sha256:7e577402fa98974628bf613a3a82e66d79f55385ccce117ea5d1f0cd11d49fa2,sha256:671a25cd86baceec0cd20a6be08cbb225328ce65bf46e91fb435a80ca39da4d9,sha256:671a25cd86baceec0cd20a6be08cbb225328ce65bf46e91fb435a80ca39da4d9,sha256:671a25cd86baceec0cd20a6be08cbb225328ce65bf46e91fb435a80ca39da4d9,,,True,MATCHED,REPLAY_VERIFIED_CONTENT_NOT_ACCEPTED,CANDIDATE_READY,CANDIDATE_READY,True,VERIFIED_SEC_ACQUISITION,,native/B02/88a6783d152741dbb7d8bf1cfe0e5c76,RUN_ARCHIVE_COORDINATE,2025-01-01,2025-12-31,2025,2025-01-01,2025-12-31,NATIVE_REPLAY_VERIFIED,[],20261003T163448Z-f6e42f9b,FLOW_COMPLETED_WITH_LIMITATIONS,CANDIDATE_READY,True,SOURCES_READY
Marriott International,1048286,B03,EBITDA margin,0.1756281982738868097456656229,ratio,OK,DERIVED,(Operating income + D&A) / revenue,2025-01-01,2025-12-31,2025,ANNUAL,0001048286-26-000007,10-K,2026-02-10,Revenues+OperatingIncomeLoss+Depreciation+AmortizationOfIntangibleAssets,"{""annual_filing_period"": {""fiscal_year"": 2025, ""period_end"": ""2025-12-31"", ""period_start"": ""2025-01-01""}, ""measurement_kind"": ""ANNUAL"", ""scope"": {""entity_scope"": ""registrant"", ""period_basis"": ""source_annual_duration""}, ""selection"": {""reason_code"": ""PASS"", ""selected_fact_ids"": [""fact:sha256:640d9a21651aece0a442d56ed33584b1de816baa0a4cbeb0b717c112ca0c878a"", ""fact:sha256:79f30d07ac38870a6a9e0311fa4c719f86df495b14dcc8305d482bd0fa95c593"", ""fact:sha256:7f1dae153dae374c696711307891d4411e2e663aecab0535a60afb94f67ff554"", ""fact:sha256:dc2d19d98282f8878b0c781a8e3e0153827301adcc5661a55a943b5999c23b9c""], ""source_candidate_count"": 21, ""source_reported_periods"": [[""2023-01-01"", ""2023-12-31""], [""2024-01-01"", ""2024-12-31""], [""2025-01-01"", ""2025-12-31""]]}, ""source_reference_ids"": [""sha256:5fbed365804130c17c75d2f0c910feb4d114758697e4b327f9c79021c86fe7f9"", ""sha256:43cecd37c71017d106d9d30426fada653a5dc490023ddb67da4339c07c48fc4e"", ""sha256:3109bea68ae11f5e3c6ebd77114cda1d6f17d60e772b2630baffdb2639c483e9""]}",,Source-rebuilt native result; exact measurement dates are retained. Measurement covers the source fiscal-year interval. Native state: PUBLISHED; reason: PASS. Selected source inputs include new SEC acquisition records; each input retains its own acquisition identity.,marriott_international,run:ordinary-integrated:146a8918cc9f7432659c9d97da9c1f06453db2072bb0e3e42fa665d25064c275,sha256:3043aa63cbf7616f9866fb93b8f69200a2246a33dfec8f1d09502a34af39a72a,issue_54_v4,sha256:7e577402fa98974628bf613a3a82e66d79f55385ccce117ea5d1f0cd11d49fa2,sha256:671a25cd86baceec0cd20a6be08cbb225328ce65bf46e91fb435a80ca39da4d9,sha256:671a25cd86baceec0cd20a6be08cbb225328ce65bf46e91fb435a80ca39da4d9,sha256:671a25cd86baceec0cd20a6be08cbb225328ce65bf46e91fb435a80ca39da4d9,,,True,MATCHED,REPLAY_VERIFIED_CONTENT_NOT_ACCEPTED,CANDIDATE_READY,CANDIDATE_READY,True,VERIFIED_SEC_ACQUISITION,,native/B03/198c6f604c4d446f9c24b34d85c36f44,RUN_ARCHIVE_COORDINATE,2025-01-01,2025-12-31,2025,2025-01-01,2025-12-31,NATIVE_REPLAY_VERIFIED,[],20261003T163448Z-f6e42f9b,FLOW_COMPLETED_WITH_LIMITATIONS,CANDIDATE_READY,True,SOURCES_READY
Marriott International,1048286,B04,Net income,2601000000,USD,OK,STD_XBRL,,2025-01-01,2025-12-31,2025,ANNUAL,0001048286-26-000007,10-K,2026-02-10,Net income,"{""annual_filing_period"": {""fiscal_year"": 2025, ""period_end"": ""2025-12-31"", ""period_start"": ""2025-01-01""}, ""measurement_kind"": ""ANNUAL"", ""scope"": {""coverage"": ""deterministic_source_set"", ""fiscal_year"": 2025}, ""selection"": null, ""source_reference_ids"": [""sha256:5fbed365804130c17c75d2f0c910feb4d114758697e4b327f9c79021c86fe7f9"", ""sha256:43cecd37c71017d106d9d30426fada653a5dc490023ddb67da4339c07c48fc4e"", ""sha256:3109bea68ae11f5e3c6ebd77114cda1d6f17d60e772b2630baffdb2639c483e9"", ""sha256:b65d7d33206dd37c69379af2f27162d38d61b730af1f9346ce5e8b2c9e622368"", ""sha256:63687b69a68ec70135351fc580e0a0d4f4f9d369bfc8a4f087772217b312a630""]}",,Source-rebuilt native result; exact measurement dates are retained. Measurement covers the source fiscal-year interval. Native state: PUBLISHED; reason: PASS. Selected source inputs include new SEC acquisition records; each input retains its own acquisition identity.,marriott_international,run:ordinary-integrated:fcc1a1313776e42778caa37d267d47c9f1a743b92cb3fca2ec54f225c621e34a,sha256:d3485438637d57796cdaee8a7b88e4ba91c910e63dbaf0a5c6e00dcc102a592b,issue_54_v4,sha256:7e577402fa98974628bf613a3a82e66d79f55385ccce117ea5d1f0cd11d49fa2,sha256:671a25cd86baceec0cd20a6be08cbb225328ce65bf46e91fb435a80ca39da4d9,sha256:671a25cd86baceec0cd20a6be08cbb225328ce65bf46e91fb435a80ca39da4d9,sha256:671a25cd86baceec0cd20a6be08cbb225328ce65bf46e91fb435a80ca39da4d9,,,True,MATCHED,REPLAY_VERIFIED_CONTENT_NOT_ACCEPTED,CANDIDATE_READY,CANDIDATE_READY,True,VERIFIED_SEC_ACQUISITION,,native/B04/440cf8c238574d13913fb645949e3765,RUN_ARCHIVE_COORDINATE,2025-01-01,2025-12-31,2025,2025-01-01,2025-12-31,NATIVE_REPLAY_VERIFIED,[],20261003T163448Z-f6e42f9b,FLOW_COMPLETED_WITH_LIMITATIONS,CANDIDATE_READY,True,SOURCES_READY
Marriott International,1048286,B05,Free cash flow,2608000000,USD,OK,DERIVED,,2025-01-01,2025-12-31,2025,ANNUAL,0001048286-26-000007,10-K,2026-02-10,Free cash flow,"{""annual_filing_period"": {""fiscal_year"": 2025, ""period_end"": ""2025-12-31"", ""period_start"": ""2025-01-01""}, ""measurement_kind"": ""ANNUAL"", ""scope"": {""coverage"": ""deterministic_source_set"", ""fiscal_year"": 2025}, ""selection"": null, ""source_reference_ids"": [""sha256:5fbed365804130c17c75d2f0c910feb4d114758697e4b327f9c79021c86fe7f9"", ""sha256:43cecd37c71017d106d9d30426fada653a5dc490023ddb67da4339c07c48fc4e"", ""sha256:3109bea68ae11f5e3c6ebd77114cda1d6f17d60e772b2630baffdb2639c483e9"", ""sha256:b65d7d33206dd37c69379af2f27162d38d61b730af1f9346ce5e8b2c9e622368"", ""sha256:63687b69a68ec70135351fc580e0a0d4f4f9d369bfc8a4f087772217b312a630""]}",,Source-rebuilt native result; exact measurement dates are retained. Measurement covers the source fiscal-year interval. Native state: PUBLISHED; reason: PASS. Selected source inputs include new SEC acquisition records; each input retains its own acquisition identity.,marriott_international,run:ordinary-integrated:d6595698087d9d73103b193ee72ecd330a83d5bfea8315bee54b3fb665619c07,sha256:4282aae9758971635d0b8a1cacf3db9e5b756ed0ce77677d65485c78df204b26,issue_54_v4,sha256:7e577402fa98974628bf613a3a82e66d79f55385ccce117ea5d1f0cd11d49fa2,sha256:671a25cd86baceec0cd20a6be08cbb225328ce65bf46e91fb435a80ca39da4d9,sha256:671a25cd86baceec0cd20a6be08cbb225328ce65bf46e91fb435a80ca39da4d9,sha256:671a25cd86baceec0cd20a6be08cbb225328ce65bf46e91fb435a80ca39da4d9,,,True,MATCHED,REPLAY_VERIFIED_CONTENT_NOT_ACCEPTED,CANDIDATE_READY,CANDIDATE_READY,True,VERIFIED_SEC_ACQUISITION,,native/B05/c06dadb0c31c4a1fbb29d88491fb3bd5,RUN_ARCHIVE_COORDINATE,2025-01-01,2025-12-31,2025,2025-01-01,2025-12-31,NATIVE_REPLAY_VERIFIED,[],20261003T163448Z-f6e42f9b,FLOW_COMPLETED_WITH_LIMITATIONS,CANDIDATE_READY,True,SOURCES_READY
Marriott International,1048286,B06,Debt-to-equity,,ratio,NOT_MEANINGFUL,DERIVED,defined carrying debt / shareholders equity,2025-12-31,2025-12-31,2025,INSTANT,0001048286-26-000007,10-K,2026-02-10,,"{""annual_filing_period"": {""fiscal_year"": 2025, ""period_end"": ""2025-12-31"", ""period_start"": ""2025-01-01""}, ""measurement_kind"": ""INSTANT"", ""scope"": {""entity_scope"": ""consolidated""}, ""selection"": {""debt_completeness"": ""NOT_EVALUATED"", ""equity_proof"": {""debt_completeness"": ""NOT_EVALUATED"", ""filing_period"": {""fiscal_year"": 2025, ""period_end"": ""2025-12-31"", ""period_start"": ""2025-01-01""}, ""observation_report"": {""context_ref"": ""c-24"", ""decimals"": ""-6"", ""ordinal"": 219, ""value"": ""-3771000000""}, ""observation_source_kind"": ""xml"", ""primary"": {""chosen"": {""context_ref"": ""c-24"", ""decimals"": ""-6"", ""ordinal"": 219, ""raw_start_byte"": 1012440, ""value"": ""-3771000000"", ""visible_cell"": {""colspan"": 2, ""column_index"": 3, ""grid_sha256"": ""sha256:0309b63a04ddbd750202ece0af3250dac3bf674e267cac2a53c380cf6340a3b4"", ""origin_column_index"": 3, ""origin_row_index"": 41, ""raw_text"": ""(3,771)"", ""row_index"": 41, ""rowspan"": 1, ""table_id"": ""table_000028"", ""text"": ""(3,771)""}}, ""equity_census"": [{""context"": {""context_ref"": ""c-24"", ""dimensions"": {}, ""entity_identifier"": ""0001048286"", ""period_end"": ""2025-12-31"", ""period_start"": ""2025-12-31"", ""typed_dimension_count"": 0}, ""decimals"": ""-6"", ""disposition"": ""CONSOLIDATED_CURRENT_EQUITY"", ""native_unit_definition"": {""divided"": false, ""measures"": [[""http://www.xbrl.org/2003/iso4217"", ""USD""]]}, ""ordinal"": 219, ""value"": ""-3771000000""}, {""context"": {""context_ref"": ""c-25"", ""dimensions"": {}, ""entity_identifier"": ""0001048286"", ""period_end"": ""2024-12-31"", ""period_start"": ""2024-12-31"", ""typed_dimension_count"": 0}, ""disposition"": ""OTHER_SOURCE_PERIOD"", ""ordinal"": 220}, {""context"": {""context_ref"": ""c-38"", ""dimensions"": {}, ""entity_identifier"": ""0001048286"", ""period_end"": ""2022-12-31"", ""period_start"": ""2022-12-31"", ""typed_dimension_count"": 0}, ""disposition"": ""OTHER_SOURCE_PERIOD"", ""ordinal"": 314}, {""context"": {""context_ref"": ""c-39"", ""dimensions"": {""us-gaap:StatementEquityComponentsAxis"": ""us-gaap:CommonStockMember""}, ""entity_identifier"": ""0001048286"", ""period_end"": ""2022-12-31"", ""period_start"": ""2022-12-31"", ""typed_dimension_count"": 0}, ""disposition"": ""OTHER_SOURCE_PERIOD"", ""ordinal"": 315}, {""context"": {""context_ref"": ""c-40"", ""dimensions"": {""us-gaap:StatementEquityComponentsAxis"": ""us-gaap:AdditionalPaidInCapitalMember""}, ""entity_identifier"": ""0001048286"", ""period_end"": ""2022-12-31"", ""period_start"": ""2022-12-31"", ""typed_dimension_count"": 0}, ""disposition"": ""OTHER_SOURCE_PERIOD"", ""ordinal"": 316}, {""context"": {""context_ref"": ""c-41"", ""dimensions"": {""us-gaap:StatementEquityComponentsAxis"": ""us-gaap:RetainedEarningsMember""}, ""entity_identifier"": ""0001048286"", ""period_end"": ""2022-12-31"", ""period_start"": ""2022-12-31"", ""typed_dimension_count"": 0}, ""disposition"": ""OTHER_SOURCE_PERIOD"", ""ordinal"": 317}, {""context"": {""context_ref"": ""c-42"", ""dimensions"": {""us-gaap:StatementEquityComponentsAxis"": ""us-gaap:TreasuryStockCommonMember""}, ""entity_identifier"": ""0001048286"", ""period_end"": ""2022-12-31"", ""period_start"": ""2022-12-31"", ""typed_dimension_count"": 0}, ""disposition"": ""OTHER_SOURCE_PERIOD"", ""ordinal"": 318}, {""context"": {""context_ref"": ""c-43"", ""dimensions"": {""us-gaap:StatementEquityComponentsAxis"": ""us-gaap:AccumulatedOtherComprehensiveIncomeMember""}, ""entity_identifier"": ""0001048286"", ""period_end"": ""2022-12-31"", ""period_start"": ""2022-12-31"", ""typed_dimension_count"": 0}, ""disposition"": ""OTHER_SOURCE_PERIOD"", ""ordinal"": 319}, {""context"": {""context_ref"": ""c-37"", ""dimensions"": {}, ""entity_identifier"": ""0001048286"", ""period_end"": ""2023-12-31"", ""period_start"": ""2023-12-31"", ""typed_dimension_count"": 0}, ""disposition"": ""OTHER_SOURCE_PERIOD"", ""ordinal"": 335}, {""context"": {""context_ref"": ""c-49"", ""dimensions"": {""us-gaap:StatementEquityComponentsAxis"": ""us-gaap:CommonStockMember""}, ""entity_identifier"": ""0001048286"", ""period_end"": ""2023-12-31"", ""period_start"": ""2023-12-31"", ""typed_dimension_count"": 0}, ""disposition"": ""OTHER_SOURCE_PERIOD"", ""ordinal"": 336}, {""context"": {""context_ref"": ""c-50"", ""dimensions"": {""us-gaap:StatementEquityComponentsAxis"": ""us-gaap:AdditionalPaidInCapitalMember""}, ""entity_identifier"": ""0001048286"", ""period_end"": ""2023-12-31"", ""period_start"": ""2023-12-31"", ""typed_dimension_count"": 0}, ""disposition"": ""OTHER_SOURCE_PERIOD"", ""ordinal"": 337}, {""context"": {""context_ref"": ""c-51"", ""dimensions"": {""us-gaap:StatementEquityComponentsAxis"": ""us-gaap:RetainedEarningsMember""}, ""entity_identifier"": ""0001048286"", ""period_end"": ""2023-12-31"", ""period_start"": ""2023-12-31"", ""typed_dimension_count"": 0}, ""disposition"": ""OTHER_SOURCE_PERIOD"", ""ordinal"": 338}, {""context"": {""context_ref"": ""c-52"", ""dimensions"": {""us-gaap:StatementEquityComponentsAxis"": ""us-gaap:TreasuryStockCommonMember""}, ""entity_identifier"": ""0001048286"", ""period_end"": ""2023-12-31"", ""period_start"": ""2023-12-31"", ""typed_dimension_count"": 0}, ""disposition"": ""OTHER_SOURCE_PERIOD"", ""ordinal"": 339}, {""context"": {""context_ref"": ""c-53"", ""dimensions"": {""us-gaap:StatementEquityComponentsAxis"": ""us-gaap:AccumulatedOtherComprehensiveIncomeMember""}, ""entity_identifier"": ""0001048286"", ""period_end"": ""2023-12-31"", ""period_start"": ""2023-12-31"", ""typed_dimension_count"": 0}, ""disposition"": ""OTHER_SOURCE_PERIOD"", ""ordinal"": 340}, {""context"": {""context_ref"": ""c-25"", ""dimensions"": {}, ""entity_identifier"": ""0001048286"", ""period_end"": ""2024-12-31"", ""period_start"": ""2024-12-31"", ""typed_dimension_count"": 0}, ""disposition"": ""OTHER_SOURCE_PERIOD"", ""ordinal"": 356}, {""context"": {""context_ref"": ""c-59"", ""dimensions"": {""us-gaap:StatementEquityComponentsAxis"": ""us-gaap:CommonStockMember""}, ""entity_identifier"": ""0001048286"", ""period_end"": ""2024-12-31"", ""period_start"": ""2024-12-31"", ""typed_dimension_count"": 0}, ""disposition"": ""OTHER_SOURCE_PERIOD"", ""ordinal"": 357}, {""context"": {""context_ref"": ""c-60"", ""dimensions"": {""us-gaap:StatementEquityComponentsAxis"": ""us-gaap:AdditionalPaidInCapitalMember""}, ""entity_identifier"": ""0001048286"", ""period_end"": ""2024-12-31"", ""period_start"": ""2024-12-31"", ""typed_dimension_count"": 0}, ""disposition"": ""OTHER_SOURCE_PERIOD"", ""ordinal"": 358}, {""context"": {""context_ref"": ""c-61"", ""dimensions"": {""us-gaap:StatementEquityComponentsAxis"": ""us-gaap:RetainedEarningsMember""}, ""entity_identifier"": ""0001048286"", ""period_end"": ""2024-12-31"", ""period_start"": ""2024-12-31"", ""typed_dimension_count"": 0}, ""disposition"": ""OTHER_SOURCE_PERIOD"", ""ordinal"": 359}, {""context"": {""context_ref"": ""c-62"", ""dimensions"": {""us-gaap:StatementEquityComponentsAxis"": ""us-gaap:TreasuryStockCommonMember""}, ""entity_identifier"": ""0001048286"", ""period_end"": ""2024-12-31"", ""period_start"": ""2024-12-31"", ""typed_dimension_count"": 0}, ""disposition"": ""OTHER_SOURCE_PERIOD"", ""ordinal"": 360}, {""context"": {""context_ref"": ""c-63"", ""dimensions"": {""us-gaap:StatementEquityComponentsAxis"": ""us-gaap:AccumulatedOtherComprehensiveIncomeMember""}, ""entity_identifier"": ""0001048286"", ""period_end"": ""2024-12-31"", ""period_start"": ""2024-12-31"", ""typed_dimension_count"": 0}, ""disposition"": ""OTHER_SOURCE_PERIOD"", ""ordinal"": 361}, {""context"": {""context_ref"": ""c-24"", ""dimensions"": {}, ""entity_identifier"": ""0001048286"", ""period_end"": ""2025-12-31"", ""period_start"": ""2025-12-31"", ""typed_dimension_count"": 0}, ""decimals"": ""-6"", ""disposition"": ""CONSOLIDATED_CURRENT_EQUITY"", ""native_unit_definition"": {""divided"": false, ""measures"": [[""http://www.xbrl.org/2003/iso4217"", ""USD""]]}, ""ordinal"": 377, ""value"": ""-3771000000""}, {""context"": {""context_ref"": ""c-69"", ""dimensions"": {""us-gaap:StatementEquityComponentsAxis"": ""us-gaap:CommonStockMember""}, ""entity_identifier"": ""0001048286"", ""period_end"": ""2025-12-31"", ""period_start"": ""2025-12-31"", ""typed_dimension_count"": 0}, ""disposition"": ""DIMENSIONED_EQUITY_NOT_CONSOLIDATED_DENOMINATOR"", ""ordinal"": 378}, {""context"": {""context_ref"": ""c-70"", ""dimensions"": {""us-gaap:StatementEquityComponentsAxis"": ""us-gaap:AdditionalPaidInCapitalMember""}, ""entity_identifier"": ""0001048286"", ""period_end"": ""2025-12-31"", ""period_start"": ""2025-12-31"", ""typed_dimension_count"": 0}, ""disposition"": ""DIMENSIONED_EQUITY_NOT_CONSOLIDATED_DENOMINATOR"", ""ordinal"": 379}, {""context"": {""context_ref"": ""c-71"", ""dimensions"": {""us-gaap:StatementEquityComponentsAxis"": ""us-gaap:RetainedEarningsMember""}, ""entity_identifier"": ""0001048286"", ""period_end"": ""2025-12-31"", ""period_start"": ""2025-12-31"", ""typed_dimension_count"": 0}, ""disposition"": ""DIMENSIONED_EQUITY_NOT_CONSOLIDATED_DENOMINATOR"", ""ordinal"": 380}, {""context"": {""context_ref"": ""c-72"", ""dimensions"": {""us-gaap:StatementEquityComponentsAxis"": ""us-gaap:TreasuryStockCommonMember""}, ""entity_identifier"": ""0001048286"", ""period_end"": ""2025-12-31"", ""period_start"": ""2025-12-31"", ""typed_dimension_count"": 0}, ""disposition"": ""DIMENSIONED_EQUITY_NOT_CONSOLIDATED_DENOMINATOR"", ""ordinal"": 381}, {""context"": {""context_ref"": ""c-73"", ""dimensions"": {""us-gaap:StatementEquityComponentsAxis"": ""us-gaap:AccumulatedOtherComprehensiveIncomeMember""}, ""entity_identifier"": ""0001048286"", ""period_end"": ""2025-12-31"", ""period_start"": ""2025-12-31"", ""typed_dimension_count"": 0}, ""disposition"": ""DIMENSIONED_EQUITY_NOT_CONSOLIDATED_DENOMINATOR"", ""ordinal"": 382}, {""context"": {""context_ref"": ""c-205"", ""dimensions"": {""us-gaap:StatementEquityComponentsAxis"": ""us-gaap:AccumulatedTranslationAdjustmentMember""}, ""entity_identifier"": ""0001048286"", ""period_end"": ""2022-12-31"", ""period_start"": ""2022-12-31"", ""typed_dimension_count"": 0}, ""disposition"": ""OTHER_SOURCE_PERIOD"", ""ordinal"": 1005}, {""context"": {""context_ref"": ""c-206"", ""dimensions"": {""us-gaap:StatementEquityComponentsAxis"": ""mar:AccumulatedGainLossOtherAdjustmentsAttributableToParentMember""}, ""entity_identifier"": ""0001048286"", ""period_end"": ""2022-12-31"", ""period_start"": ""2022-12-31"", ""typed_dimension_count"": 0}, ""disposition"": ""OTHER_SOURCE_PERIOD"", ""ordinal"": 1006}, {""context"": {""context_ref"": ""c-43"", ""dimensions"": {""us-gaap:StatementEquityComponentsAxis"": ""us-gaap:AccumulatedOtherComprehensiveIncomeMember""}, ""entity_identifier"": ""0001048286"", ""period_end"": ""2022-12-31"", ""period_start"": ""2022-12-31"", ""typed_dimension_count"": 0}, ""disposition"": ""OTHER_SOURCE_PERIOD"", ""ordinal"": 1007}, {""context"": {""context_ref"": ""c-209"", ""dimensions"": {""us-gaap:StatementEquityComponentsAxis"": ""us-gaap:AccumulatedTranslationAdjustmentMember""}, ""entity_identifier"": ""0001048286"", ""period_end"": ""2023-12-31"", ""period_start"": ""2023-12-31"", ""typed_dimension_count"": 0}, ""disposition"": ""OTHER_SOURCE_PERIOD"", ""ordinal"": 1011}, {""context"": {""context_ref"": ""c-210"", ""dimensions"": {""us-gaap:StatementEquityComponentsAxis"": ""mar:AccumulatedGainLossOtherAdjustmentsAttributableToParentMember""}, ""entity_identifier"": ""0001048286"", ""period_end"": ""2023-12-31"", ""period_start"": ""2023-12-31"", ""typed_dimension_count"": 0}, ""disposition"": ""OTHER_SOURCE_PERIOD"", ""ordinal"": 1012}, {""context"": {""context_ref"": ""c-53"", ""dimensions"": {""us-gaap:StatementEquityComponentsAxis"": ""us-gaap:AccumulatedOtherComprehensiveIncomeMember""}, ""entity_identifier"": ""0001048286"", ""period_end"": ""2023-12-31"", ""period_start"": ""2023-12-31"", ""typed_dimension_count"": 0}, ""disposition"": ""OTHER_SOURCE_PERIOD"", ""ordinal"": 1013}, {""context"": {""context_ref"": ""c-213"", ""dimensions"": {""us-gaap:StatementEquityComponentsAxis"": ""us-gaap:AccumulatedTranslationAdjustmentMember""}, ""entity_identifier"": ""0001048286"", ""period_end"": ""2024-12-31"", ""period_start"": ""2024-12-31"", ""typed_dimension_count"": 0}, ""disposition"": ""OTHER_SOURCE_PERIOD"", ""ordinal"": 1017}, {""context"": {""context_ref"": ""c-214"", ""dimensions"": {""us-gaap:StatementEquityComponentsAxis"": ""mar:AccumulatedGainLossOtherAdjustmentsAttributableToParentMember""}, ""entity_identifier"": ""0001048286"", ""period_end"": ""2024-12-31"", ""period_start"": ""2024-12-31"", ""typed_dimension_count"": 0}, ""disposition"": ""OTHER_SOURCE_PERIOD"", ""ordinal"": 1018}, {""context"": {""context_ref"": ""c-63"", ""dimensions"": {""us-gaap:StatementEquityComponentsAxis"": ""us-gaap:AccumulatedOtherComprehensiveIncomeMember""}, ""entity_identifier"": ""0001048286"", ""period_end"": ""2024-12-31"", ""period_start"": ""2024-12-31"", ""typed_dimension_count"": 0}, ""disposition"": ""OTHER_SOURCE_PERIOD"", ""ordinal"": 1019}, {""context"": {""context_ref"": ""c-217"", ""dimensions"": {""us-gaap:StatementEquityComponentsAxis"": ""us-gaap:AccumulatedTranslationAdjustmentMember""}, ""entity_identifier"": ""0001048286"", ""period_end"": ""2025-12-31"", ""period_start"": ""2025-12-31"", ""typed_dimension_count"": 0}, ""disposition"": ""DIMENSIONED_EQUITY_NOT_CONSOLIDATED_DENOMINATOR"", ""ordinal"": 1023}, {""context"": {""context_ref"": ""c-218"", ""dimensions"": {""us-gaap:StatementEquityComponentsAxis"": ""mar:AccumulatedGainLossOtherAdjustmentsAttributableToParentMember""}, ""entity_identifier"": ""0001048286"", ""period_end"": ""2025-12-31"", ""period_start"": ""2025-12-31"", ""typed_dimension_count"": 0}, ""disposition"": ""DIMENSIONED_EQUITY_NOT_CONSOLIDATED_DENOMINATOR"", ""ordinal"": 1024}, {""context"": {""context_ref"": ""c-73"", ""dimensions"": {""us-gaap:StatementEquityComponentsAxis"": ""us-gaap:AccumulatedOtherComprehensiveIncomeMember""}, ""entity_identifier"": ""0001048286"", ""period_end"": ""2025-12-31"", ""period_start"": ""2025-12-31"", ""typed_dimension_count"": 0}, ""disposition"": ""DIMENSIONED_EQUITY_NOT_CONSOLIDATED_DENOMINATOR"", ""ordinal"": 1025}], ""kind"": ""primary_inline"", ""reports"": [{""context_ref"": ""c-24"", ""decimals"": ""-6"", ""ordinal"": 219, ""raw_start_byte"": 1012440, ""value"": ""-3771000000"", ""visible_cell"": {""colspan"": 2, ""column_index"": 3, ""grid_sha256"": ""sha256:0309b63a04ddbd750202ece0af3250dac3bf674e267cac2a53c380cf6340a3b4"", ""origin_column_index"": 3, ""origin_row_index"": 41, ""raw_text"": ""(3,771)"", ""row_index"": 41, ""rowspan"": 1, ""table_id"": ""table_000028"", ""text"": ""(3,771)""}}, {""context_ref"": ""c-24"", ""decimals"": ""-6"", ""ordinal"": 377, ""raw_start_byte"": 1158645, ""value"": ""-3771000000"", ""visible_cell"": {""colspan"": 1, ""column_index"": 10, ""grid_sha256"": ""sha256:9dc4217ec6c0aff98867ca2966981b0815a25fa3d5fb1ed5960e0a69754b1159"", ""origin_column_index"": 10, ""origin_row_index"": 20, ""raw_text"": ""(3,771)"", ""row_index"": 20, ""rowspan"": 1, ""table_id"": ""table_000030"", ""text"": ""(3,771)""}}], ""source_sha256"": ""06cb3fb91679730cf46c8687bf9a821b6533c4e518a0f9f60d14fa57afb96505""}, ""record_type"": ""B06_DENOMINATOR_SOURCE_PROOF"", ""same_filing_companyfacts"": [{""accession"": ""0001048286-26-000007"", ""concept"": ""us-gaap:StockholdersEquity"", ""duration_days"": 0, ""entity"": ""1048286"", ""fact_id"": ""fact:sha256:e8547dce123ea8c27f973ff31717c51c4b1d98ed91f687d3f862dd0ca69dff57"", ""filed"": ""2026-02-10"", ""fiscal_period"": ""FY"", ""form"": ""10-K"", ""period_end"": ""2025-12-31"", ""period_start"": ""2025-12-31"", ""source_binding"": {""accession"": ""0001048286-26-000007"", ""document_name"": ""CIK0001048286.json"", ""entity"": ""1048286"", ""frame"": """", ""raw_asset_id"": ""sha256:af2fea717f696acfa6f5f2436aa6e4175c3c56ab1628a2e3198964300f32422a"", ""source_reference_id"": ""sha256:3109bea68ae11f5e3c6ebd77114cda1d6f17d60e772b2630baffdb2639c483e9"", ""source_role"": ""companyfacts""}, ""unit"": ""USD"", ""value"": ""-3771000000""}], ""target"": {""accession"": ""0001048286-26-000007"", ""company_id"": ""marriott_international"", ""entity"": ""1048286"", ""period_end"": ""2025-12-31"", ""period_start"": ""2025-12-31"", ""scope"": {""entity_scope"": ""consolidated""}, ""scope_key"": ""sha256:d732d6cd826cf789f4c3df6ffd41b73c7ba682ef5545a4bae1b2f33b50f9477b""}, ""unit"": ""USD"", ""value"": ""-3771000000"", ""xml"": {""chosen"": {""context_ref"": ""c-24"", ""decimals"": ""-6"", ""ordinal"": 219, ""value"": ""-3771000000""}, ""equity_census"": [{""context"": {""context_ref"": ""c-24"", ""dimensions"": {}, ""entity_identifier"": ""0001048286"", ""period_end"": ""2025-12-31"", ""period_start"": ""2025-12-31"", ""typed_dimension_count"": 0}, ""decimals"": ""-6"", ""disposition"": ""CONSOLIDATED_CURRENT_EQUITY"", ""native_unit_definition"": {""divided"": false, ""measures"": [[""http://www.xbrl.org/2003/iso4217"", ""USD""]]}, ""ordinal"": 219, ""value"": ""-3771000000""}, {""context"": {""context_ref"": ""c-25"", ""dimensions"": {}, ""entity_identifier"": ""0001048286"", ""period_end"": ""2024-12-31"", ""period_start"": ""2024-12-31"", ""typed_dimension_count"": 0}, ""disposition"": ""OTHER_SOURCE_PERIOD"", ""ordinal"": 220}, {""context"": {""context_ref"": ""c-38"", ""dimensions"": {}, ""entity_identifier"": ""0001048286"", ""period_end"": ""2022-12-31"", ""period_start"": ""2022-12-31"", ""typed_dimension_count"": 0}, ""disposition"": ""OTHER_SOURCE_PERIOD"", ""ordinal"": 314}, {""context"": {""context_ref"": ""c-39"", ""dimensions"": {""us-gaap:StatementEquityComponentsAxis"": ""us-gaap:CommonStockMember""}, ""entity_identifier"": ""0001048286"", ""period_end"": ""2022-12-31"", ""period_start"": ""2022-12-31"", ""typed_dimension_count"": 0}, ""disposition"": ""OTHER_SOURCE_PERIOD"", ""ordinal"": 315}, {""context"": {""context_ref"": ""c-40"", ""dimensions"": {""us-gaap:StatementEquityComponentsAxis"": ""us-gaap:AdditionalPaidInCapitalMember""}, ""entity_identifier"": ""0001048286"", ""period_end"": ""2022-12-31"", ""period_start"": ""2022-12-31"", ""typed_dimension_count"": 0}, ""disposition"": ""OTHER_SOURCE_PERIOD"", ""ordinal"": 316}, {""context"": {""context_ref"": ""c-41"", ""dimensions"": {""us-gaap:StatementEquityComponentsAxis"": ""us-gaap:RetainedEarningsMember""}, ""entity_identifier"": ""0001048286"", ""period_end"": ""2022-12-31"", ""period_start"": ""2022-12-31"", ""typed_dimension_count"": 0}, ""disposition"": ""OTHER_SOURCE_PERIOD"", ""ordinal"": 317}, {""context"": {""context_ref"": ""c-42"", ""dimensions"": {""us-gaap:StatementEquityComponentsAxis"": ""us-gaap:TreasuryStockCommonMember""}, ""entity_identifier"": ""0001048286"", ""period_end"": ""2022-12-31"", ""period_start"": ""2022-12-31"", ""typed_dimension_count"": 0}, ""disposition"": ""OTHER_SOURCE_PERIOD"", ""ordinal"": 318}, {""context"": {""context_ref"": ""c-43"", ""dimensions"": {""us-gaap:StatementEquityComponentsAxis"": ""us-gaap:AccumulatedOtherComprehensiveIncomeMember""}, ""entity_identifier"": ""0001048286"", ""period_end"": ""2022-12-31"", ""period_start"": ""2022-12-31"", ""typed_dimension_count"": 0}, ""disposition"": ""OTHER_SOURCE_PERIOD"", ""ordinal"": 319}, {""context"": {""context_ref"": ""c-37"", ""dimensions"": {}, ""entity_identifier"": ""0001048286"", ""period_end"": ""2023-12-31"", ""period_start"": ""2023-12-31"", ""typed_dimension_count"": 0}, ""disposition"": ""OTHER_SOURCE_PERIOD"", ""ordinal"": 335}, {""context"": {""context_ref"": ""c-49"", ""dimensions"": {""us-gaap:StatementEquityComponentsAxis"": ""us-gaap:CommonStockMember""}, ""entity_identifier"": ""0001048286"", ""period_end"": ""2023-12-31"", ""period_start"": ""2023-12-31"", ""typed_dimension_count"": 0}, ""disposition"": ""OTHER_SOURCE_PERIOD"", ""ordinal"": 336}, {""context"": {""context_ref"": ""c-50"", ""dimensions"": {""us-gaap:StatementEquityComponentsAxis"": ""us-gaap:AdditionalPaidInCapitalMember""}, ""entity_identifier"": ""0001048286"", ""period_end"": ""2023-12-31"", ""period_start"": ""2023-12-31"", ""typed_dimension_count"": 0}, ""disposition"": ""OTHER_SOURCE_PERIOD"", ""ordinal"": 337}, {""context"": {""context_ref"": ""c-51"", ""dimensions"": {""us-gaap:StatementEquityComponentsAxis"": ""us-gaap:RetainedEarningsMember""}, ""entity_identifier"": ""0001048286"", ""period_end"": ""2023-12-31"", ""period_start"": ""2023-12-31"", ""typed_dimension_count"": 0}, ""disposition"": ""OTHER_SOURCE_PERIOD"", ""ordinal"": 338}, {""context"": {""context_ref"": ""c-52"", ""dimensions"": {""us-gaap:StatementEquityComponentsAxis"": ""us-gaap:TreasuryStockCommonMember""}, ""entity_identifier"": ""0001048286"", ""period_end"": ""2023-12-31"", ""period_start"": ""2023-12-31"", ""typed_dimension_count"": 0}, ""disposition"": ""OTHER_SOURCE_PERIOD"", ""ordinal"": 339}, {""context"": {""context_ref"": ""c-53"", ""dimensions"": {""us-gaap:StatementEquityComponentsAxis"": ""us-gaap:AccumulatedOtherComprehensiveIncomeMember""}, ""entity_identifier"": ""0001048286"", ""period_end"": ""2023-12-31"", ""period_start"": ""2023-12-31"", ""typed_dimension_count"": 0}, ""disposition"": ""OTHER_SOURCE_PERIOD"", ""ordinal"": 340}, {""context"": {""context_ref"": ""c-25"", ""dimensions"": {}, ""entity_identifier"": ""0001048286"", ""period_end"": ""2024-12-31"", ""period_start"": ""2024-12-31"", ""typed_dimension_count"": 0}, ""disposition"": ""OTHER_SOURCE_PERIOD"", ""ordinal"": 356}, {""context"": {""context_ref"": ""c-59"", ""dimensions"": {""us-gaap:StatementEquityComponentsAxis"": ""us-gaap:CommonStockMember""}, ""entity_identifier"": ""0001048286"", ""period_end"": ""2024-12-31"", ""period_start"": ""2024-12-31"", ""typed_dimension_count"": 0}, ""disposition"": ""OTHER_SOURCE_PERIOD"", ""ordinal"": 357}, {""context"": {""context_ref"": ""c-60"", ""dimensions"": {""us-gaap:StatementEquityComponentsAxis"": ""us-gaap:AdditionalPaidInCapitalMember""}, ""entity_identifier"": ""0001048286"", ""period_end"": ""2024-12-31"", ""period_start"": ""2024-12-31"", ""typed_dimension_count"": 0}, ""disposition"": ""OTHER_SOURCE_PERIOD"", ""ordinal"": 358}, {""context"": {""context_ref"": ""c-61"", ""dimensions"": {""us-gaap:StatementEquityComponentsAxis"": ""us-gaap:RetainedEarningsMember""}, ""entity_identifier"": ""0001048286"", ""period_end"": ""2024-12-31"", ""period_start"": ""2024-12-31"", ""typed_dimension_count"": 0}, ""disposition"": ""OTHER_SOURCE_PERIOD"", ""ordinal"": 359}, {""context"": {""context_ref"": ""c-62"", ""dimensions"": {""us-gaap:StatementEquityComponentsAxis"": ""us-gaap:TreasuryStockCommonMember""}, ""entity_identifier"": ""0001048286"", ""period_end"": ""2024-12-31"", ""period_start"": ""2024-12-31"", ""typed_dimension_count"": 0}, ""disposition"": ""OTHER_SOURCE_PERIOD"", ""ordinal"": 360}, {""context"": {""context_ref"": ""c-63"", ""dimensions"": {""us-gaap:StatementEquityComponentsAxis"": ""us-gaap:AccumulatedOtherComprehensiveIncomeMember""}, ""entity_identifier"": ""0001048286"", ""period_end"": ""2024-12-31"", ""period_start"": ""2024-12-31"", ""typed_dimension_count"": 0}, ""disposition"": ""OTHER_SOURCE_PERIOD"", ""ordinal"": 361}, {""context"": {""context_ref"": ""c-24"", ""dimensions"": {}, ""entity_identifier"": ""0001048286"", ""period_end"": ""2025-12-31"", ""period_start"": ""2025-12-31"", ""typed_dimension_count"": 0}, ""decimals"": ""-6"", ""disposition"": ""CONSOLIDATED_CURRENT_EQUITY"", ""native_unit_definition"": {""divided"": false, ""measures"": [[""http://www.xbrl.org/2003/iso4217"", ""USD""]]}, ""ordinal"": 377, ""value"": ""-3771000000""}, {""context"": {""context_ref"": ""c-69"", ""dimensions"": {""us-gaap:StatementEquityComponentsAxis"": ""us-gaap:CommonStockMember""}, ""entity_identifier"": ""0001048286"", ""period_end"": ""2025-12-31"", ""period_start"": ""2025-12-31"", ""typed_dimension_count"": 0}, ""disposition"": ""DIMENSIONED_EQUITY_NOT_CONSOLIDATED_DENOMINATOR"", ""ordinal"": 378}, {""context"": {""context_ref"": ""c-70"", ""dimensions"": {""us-gaap:StatementEquityComponentsAxis"": ""us-gaap:AdditionalPaidInCapitalMember""}, ""entity_identifier"": ""0001048286"", ""period_end"": ""2025-12-31"", ""period_start"": ""2025-12-31"", ""typed_dimension_count"": 0}, ""disposition"": ""DIMENSIONED_EQUITY_NOT_CONSOLIDATED_DENOMINATOR"", ""ordinal"": 379}, {""context"": {""context_ref"": ""c-71"", ""dimensions"": {""us-gaap:StatementEquityComponentsAxis"": ""us-gaap:RetainedEarningsMember""}, ""entity_identifier"": ""0001048286"", ""period_end"": ""2025-12-31"", ""period_start"": ""2025-12-31"", ""typed_dimension_count"": 0}, ""disposition"": ""DIMENSIONED_EQUITY_NOT_CONSOLIDATED_DENOMINATOR"", ""ordinal"": 380}, {""context"": {""context_ref"": ""c-72"", ""dimensions"": {""us-gaap:StatementEquityComponentsAxis"": ""us-gaap:TreasuryStockCommonMember""}, ""entity_identifier"": ""0001048286"", ""period_end"": ""2025-12-31"", ""period_start"": ""2025-12-31"", ""typed_dimension_count"": 0}, ""disposition"": ""DIMENSIONED_EQUITY_NOT_CONSOLIDATED_DENOMINATOR"", ""ordinal"": 381}, {""context"": {""context_ref"": ""c-73"", ""dimensions"": {""us-gaap:StatementEquityComponentsAxis"": ""us-gaap:AccumulatedOtherComprehensiveIncomeMember""}, ""entity_identifier"": ""0001048286"", ""period_end"": ""2025-12-31"", ""period_start"": ""2025-12-31"", ""typed_dimension_count"": 0}, ""disposition"": ""DIMENSIONED_EQUITY_NOT_CONSOLIDATED_DENOMINATOR"", ""ordinal"": 382}, {""context"": {""context_ref"": ""c-205"", ""dimensions"": {""us-gaap:StatementEquityComponentsAxis"": ""us-gaap:AccumulatedTranslationAdjustmentMember""}, ""entity_identifier"": ""0001048286"", ""period_end"": ""2022-12-31"", ""period_start"": ""2022-12-31"", ""typed_dimension_count"": 0}, ""disposition"": ""OTHER_SOURCE_PERIOD"", ""ordinal"": 1005}, {""context"": {""context_ref"": ""c-206"", ""dimensions"": {""us-gaap:StatementEquityComponentsAxis"": ""mar:AccumulatedGainLossOtherAdjustmentsAttributableToParentMember""}, ""entity_identifier"": ""0001048286"", ""period_end"": ""2022-12-31"", ""period_start"": ""2022-12-31"", ""typed_dimension_count"": 0}, ""disposition"": ""OTHER_SOURCE_PERIOD"", ""ordinal"": 1006}, {""context"": {""context_ref"": ""c-43"", ""dimensions"": {""us-gaap:StatementEquityComponentsAxis"": ""us-gaap:AccumulatedOtherComprehensiveIncomeMember""}, ""entity_identifier"": ""0001048286"", ""period_end"": ""2022-12-31"", ""period_start"": ""2022-12-31"", ""typed_dimension_count"": 0}, ""disposition"": ""OTHER_SOURCE_PERIOD"", ""ordinal"": 1007}, {""context"": {""context_ref"": ""c-209"", ""dimensions"": {""us-gaap:StatementEquityComponentsAxis"": ""us-gaap:AccumulatedTranslationAdjustmentMember""}, ""entity_identifier"": ""0001048286"", ""period_end"": ""2023-12-31"", ""period_start"": ""2023-12-31"", ""typed_dimension_count"": 0}, ""disposition"": ""OTHER_SOURCE_PERIOD"", ""ordinal"": 1011}, {""context"": {""context_ref"": ""c-210"", ""dimensions"": {""us-gaap:StatementEquityComponentsAxis"": ""mar:AccumulatedGainLossOtherAdjustmentsAttributableToParentMember""}, ""entity_identifier"": ""0001048286"", ""period_end"": ""2023-12-31"", ""period_start"": ""2023-12-31"", ""typed_dimension_count"": 0}, ""disposition"": ""OTHER_SOURCE_PERIOD"", ""ordinal"": 1012}, {""context"": {""context_ref"": ""c-53"", ""dimensions"": {""us-gaap:StatementEquityComponentsAxis"": ""us-gaap:AccumulatedOtherComprehensiveIncomeMember""}, ""entity_identifier"": ""0001048286"", ""period_end"": ""2023-12-31"", ""period_start"": ""2023-12-31"", ""typed_dimension_count"": 0}, ""disposition"": ""OTHER_SOURCE_PERIOD"", ""ordinal"": 1013}, {""context"": {""context_ref"": ""c-213"", ""dimensions"": {""us-gaap:StatementEquityComponentsAxis"": ""us-gaap:AccumulatedTranslationAdjustmentMember""}, ""entity_identifier"": ""0001048286"", ""period_end"": ""2024-12-31"", ""period_start"": ""2024-12-31"", ""typed_dimension_count"": 0}, ""disposition"": ""OTHER_SOURCE_PERIOD"", ""ordinal"": 1017}, {""context"": {""context_ref"": ""c-214"", ""dimensions"": {""us-gaap:StatementEquityComponentsAxis"": ""mar:AccumulatedGainLossOtherAdjustmentsAttributableToParentMember""}, ""entity_identifier"": ""0001048286"", ""period_end"": ""2024-12-31"", ""period_start"": ""2024-12-31"", ""typed_dimension_count"": 0}, ""disposition"": ""OTHER_SOURCE_PERIOD"", ""ordinal"": 1018}, {""context"": {""context_ref"": ""c-63"", ""dimensions"": {""us-gaap:StatementEquityComponentsAxis"": ""us-gaap:AccumulatedOtherComprehensiveIncomeMember""}, ""entity_identifier"": ""0001048286"", ""period_end"": ""2024-12-31"", ""period_start"": ""2024-12-31"", ""typed_dimension_count"": 0}, ""disposition"": ""OTHER_SOURCE_PERIOD"", ""ordinal"": 1019}, {""context"": {""context_ref"": ""c-217"", ""dimensions"": {""us-gaap:StatementEquityComponentsAxis"": ""us-gaap:AccumulatedTranslationAdjustmentMember""}, ""entity_identifier"": ""0001048286"", ""period_end"": ""2025-12-31"", ""period_start"": ""2025-12-31"", ""typed_dimension_count"": 0}, ""disposition"": ""DIMENSIONED_EQUITY_NOT_CONSOLIDATED_DENOMINATOR"", ""ordinal"": 1023}, {""context"": {""context_ref"": ""c-218"", ""dimensions"": {""us-gaap:StatementEquityComponentsAxis"": ""mar:AccumulatedGainLossOtherAdjustmentsAttributableToParentMember""}, ""entity_identifier"": ""0001048286"", ""period_end"": ""2025-12-31"", ""period_start"": ""2025-12-31"", ""typed_dimension_count"": 0}, ""disposition"": ""DIMENSIONED_EQUITY_NOT_CONSOLIDATED_DENOMINATOR"", ""ordinal"": 1024}, {""context"": {""context_ref"": ""c-73"", ""dimensions"": {""us-gaap:StatementEquityComponentsAxis"": ""us-gaap:AccumulatedOtherComprehensiveIncomeMember""}, ""entity_identifier"": ""0001048286"", ""period_end"": ""2025-12-31"", ""period_start"": ""2025-12-31"", ""typed_dimension_count"": 0}, ""disposition"": ""DIMENSIONED_EQUITY_NOT_CONSOLIDATED_DENOMINATOR"", ""ordinal"": 1025}], ""kind"": ""accession_xml"", ""reports"": [{""context_ref"": ""c-24"", ""decimals"": ""-6"", ""ordinal"": 219, ""value"": ""-3771000000""}, {""context_ref"": ""c-24"", ""decimals"": ""-6"", ""ordinal"": 377, ""value"": ""-3771000000""}], ""source_sha256"": ""39cdb4be609ec4e5e081e68f9be2d83cb8cc29c4ba915afa59a4847a24356150""}}, ""reason_code"": ""DENOMINATOR_NONPOSITIVE""}, ""source_reference_ids"": [""sha256:54beb2e496909a996752ae38dce18ea4aa388cc0a878df7b4f381570a119ebb2"", ""sha256:3109bea68ae11f5e3c6ebd77114cda1d6f17d60e772b2630baffdb2639c483e9"", ""sha256:9865738104c119941af46defc8749d702fd75f24be7b71b35513d89303562dfb"", ""sha256:43cecd37c71017d106d9d30426fada653a5dc490023ddb67da4339c07c48fc4e"", ""sha256:6139c18acde58b3ba5aff86a1debd212c1fade31d2ba8a0ce35a748947694a07"", ""sha256:28d1bcb4c9c4e417652fbee459ca74a07f67598bc1fa08bd3729310b395d0f6c""]}",,"Recognized borrowing, bond and finance lease carrying amounts divided by source-verified shareholders equity. Measurement is as of 2025-12-31. Native state: PUBLISHED; reason: DENOMINATOR_NONPOSITIVE. Selected source inputs include new SEC acquisition records; each input retains its own acquisition identity.",marriott_international,run:ordinary-integrated:f97bb1998555949b6e9c751f807c94b8c01170a95da63b4eceb399c4549186a1,sha256:fcc430e45d29dd0bb8f890709c5abb137ce3c5cd3d780657d4e1a9db23498f1f,issue_54_v4,sha256:7e577402fa98974628bf613a3a82e66d79f55385ccce117ea5d1f0cd11d49fa2,sha256:671a25cd86baceec0cd20a6be08cbb225328ce65bf46e91fb435a80ca39da4d9,sha256:671a25cd86baceec0cd20a6be08cbb225328ce65bf46e91fb435a80ca39da4d9,sha256:671a25cd86baceec0cd20a6be08cbb225328ce65bf46e91fb435a80ca39da4d9,,,True,MATCHED,REPLAY_VERIFIED_CONTENT_NOT_ACCEPTED,CANDIDATE_READY,CANDIDATE_READY,True,VERIFIED_SEC_ACQUISITION,,native/B06/c802a858f62743129654959e5b501caf,RUN_ARCHIVE_COORDINATE,2025-12-31,2025-12-31,2025,2025-12-31,2025-12-31,NATIVE_REPLAY_VERIFIED,[],20261003T163448Z-f6e42f9b,FLOW_COMPLETED_WITH_LIMITATIONS,CANDIDATE_READY,True,SOURCES_READY
Marriott International,1048286,B07,Interest coverage ratio,5.118665018541409147095179234,ratio,OK,DERIVED,,2025-01-01,2025-12-31,2025,ANNUAL,0001048286-26-000007,10-K,2026-02-10,Interest coverage ratio,"{""annual_filing_period"": {""fiscal_year"": 2025, ""period_end"": ""2025-12-31"", ""period_start"": ""2025-01-01""}, ""measurement_kind"": ""ANNUAL"", ""scope"": {""coverage"": ""deterministic_source_set"", ""fiscal_year"": 2025}, ""selection"": null, ""source_reference_ids"": [""sha256:5fbed365804130c17c75d2f0c910feb4d114758697e4b327f9c79021c86fe7f9"", ""sha256:43cecd37c71017d106d9d30426fada653a5dc490023ddb67da4339c07c48fc4e"", ""sha256:3109bea68ae11f5e3c6ebd77114cda1d6f17d60e772b2630baffdb2639c483e9"", ""sha256:b65d7d33206dd37c69379af2f27162d38d61b730af1f9346ce5e8b2c9e622368"", ""sha256:63687b69a68ec70135351fc580e0a0d4f4f9d369bfc8a4f087772217b312a630""]}",,Source-rebuilt native result; exact measurement dates are retained. Measurement covers the source fiscal-year interval. Native state: PUBLISHED; reason: PASS. Selected source inputs include new SEC acquisition records; each input retains its own acquisition identity.,marriott_international,run:ordinary-integrated:2f8abdc651175f939e66d1f36f9156619c47aa31c324844c3872b3a1e22f232a,sha256:ed405c6e15ae7ba817408e210e59295493a13a69ae5fa953d6d653680faf156d,issue_54_v4,sha256:7e577402fa98974628bf613a3a82e66d79f55385ccce117ea5d1f0cd11d49fa2,sha256:671a25cd86baceec0cd20a6be08cbb225328ce65bf46e91fb435a80ca39da4d9,sha256:671a25cd86baceec0cd20a6be08cbb225328ce65bf46e91fb435a80ca39da4d9,sha256:671a25cd86baceec0cd20a6be08cbb225328ce65bf46e91fb435a80ca39da4d9,,,True,MATCHED,REPLAY_VERIFIED_CONTENT_NOT_ACCEPTED,CANDIDATE_READY,CANDIDATE_READY,True,VERIFIED_SEC_ACQUISITION,,native/B07/ac6b1829c6e04f79a59d22250f990ec5,RUN_ARCHIVE_COORDINATE,2025-01-01,2025-12-31,2025,2025-01-01,2025-12-31,NATIVE_REPLAY_VERIFIED,[],20261003T163448Z-f6e42f9b,FLOW_COMPLETED_WITH_LIMITATIONS,CANDIDATE_READY,True,SOURCES_READY
Marriott International,1048286,B08,Current ratio,0.4267682781614670159561800429,ratio,OK,DERIVED,,2025-12-31,2025-12-31,2025,INSTANT,0001048286-26-000007,10-K,2026-02-10,Current ratio,"{""annual_filing_period"": {""fiscal_year"": 2025, ""period_end"": ""2025-12-31"", ""period_start"": ""2025-01-01""}, ""measurement_kind"": ""INSTANT"", ""scope"": {""coverage"": ""deterministic_source_set"", ""fiscal_year"": 2025}, ""selection"": null, ""source_reference_ids"": [""sha256:5fbed365804130c17c75d2f0c910feb4d114758697e4b327f9c79021c86fe7f9"", ""sha256:43cecd37c71017d106d9d30426fada653a5dc490023ddb67da4339c07c48fc4e"", ""sha256:3109bea68ae11f5e3c6ebd77114cda1d6f17d60e772b2630baffdb2639c483e9"", ""sha256:b65d7d33206dd37c69379af2f27162d38d61b730af1f9346ce5e8b2c9e622368"", ""sha256:63687b69a68ec70135351fc580e0a0d4f4f9d369bfc8a4f087772217b312a630""]}",,Source-rebuilt native result; exact measurement dates are retained. Measurement is as of 2025-12-31. Native state: PUBLISHED; reason: PASS. Selected source inputs include new SEC acquisition records; each input retains its own acquisition identity.,marriott_international,run:ordinary-integrated:ad372cee4834ff4c680f0f61fb7635953ff4acaf0b9b4cf60964dc555a59bba9,sha256:3dcbb078f8f175413fa17db5c0e9b49e61ef16a2f5f34e2d5ecc8ff22de344fd,issue_54_v4,sha256:7e577402fa98974628bf613a3a82e66d79f55385ccce117ea5d1f0cd11d49fa2,sha256:671a25cd86baceec0cd20a6be08cbb225328ce65bf46e91fb435a80ca39da4d9,sha256:671a25cd86baceec0cd20a6be08cbb225328ce65bf46e91fb435a80ca39da4d9,sha256:671a25cd86baceec0cd20a6be08cbb225328ce65bf46e91fb435a80ca39da4d9,,,True,MATCHED,REPLAY_VERIFIED_CONTENT_NOT_ACCEPTED,CANDIDATE_READY,CANDIDATE_READY,True,VERIFIED_SEC_ACQUISITION,,native/B08/5757d7ba44514862b7faec0ddbb56535,RUN_ARCHIVE_COORDINATE,2025-12-31,2025-12-31,2025,2025-12-31,2025-12-31,NATIVE_REPLAY_VERIFIED,[],20261003T163448Z-f6e42f9b,FLOW_COMPLETED_WITH_LIMITATIONS,CANDIDATE_READY,True,SOURCES_READY
Marriott International,1048286,B09,Cash reserves,358000000,USD,OK,STD_XBRL,,2025-12-31,2025-12-31,2025,INSTANT,0001048286-26-000007,10-K,2026-02-10,Cash reserves,"{""annual_filing_period"": {""fiscal_year"": 2025, ""period_end"": ""2025-12-31"", ""period_start"": ""2025-01-01""}, ""measurement_kind"": ""INSTANT"", ""scope"": {""coverage"": ""deterministic_source_set"", ""fiscal_year"": 2025}, ""selection"": null, ""source_reference_ids"": [""sha256:5fbed365804130c17c75d2f0c910feb4d114758697e4b327f9c79021c86fe7f9"", ""sha256:43cecd37c71017d106d9d30426fada653a5dc490023ddb67da4339c07c48fc4e"", ""sha256:3109bea68ae11f5e3c6ebd77114cda1d6f17d60e772b2630baffdb2639c483e9"", ""sha256:b65d7d33206dd37c69379af2f27162d38d61b730af1f9346ce5e8b2c9e622368"", ""sha256:63687b69a68ec70135351fc580e0a0d4f4f9d369bfc8a4f087772217b312a630""]}",,Source-rebuilt native result; exact measurement dates are retained. Measurement is as of 2025-12-31. Native state: PUBLISHED; reason: PASS. Selected source inputs include new SEC acquisition records; each input retains its own acquisition identity.,marriott_international,run:ordinary-integrated:d6c2c5fd9738db0c4b04afe7d4ed9a43bbc4fe6d7d8cf44034dbf0336d83d4c9,sha256:32c4b836060f77a9cd2e354d5267b208d6650870aacbb84da8feeac61d0c1d3b,issue_54_v4,sha256:7e577402fa98974628bf613a3a82e66d79f55385ccce117ea5d1f0cd11d49fa2,sha256:671a25cd86baceec0cd20a6be08cbb225328ce65bf46e91fb435a80ca39da4d9,sha256:671a25cd86baceec0cd20a6be08cbb225328ce65bf46e91fb435a80ca39da4d9,sha256:671a25cd86baceec0cd20a6be08cbb225328ce65bf46e91fb435a80ca39da4d9,,,True,MATCHED,REPLAY_VERIFIED_CONTENT_NOT_ACCEPTED,CANDIDATE_READY,CANDIDATE_READY,True,VERIFIED_SEC_ACQUISITION,,native/B09/7c5763da622442dfac2ca1818567add8,RUN_ARCHIVE_COORDINATE,2025-12-31,2025-12-31,2025,2025-12-31,2025-12-31,NATIVE_REPLAY_VERIFIED,[],20261003T163448Z-f6e42f9b,FLOW_COMPLETED_WITH_LIMITATIONS,CANDIDATE_READY,True,SOURCES_READY
Marriott International,1048286,B10,Occupancy rate,69.3,percent,MDA_OK,MDA,source-reported lodging table observation,2025-01-01,2025-12-31,2025,ANNUAL,0001048286-26-000007,10-K,2026-02-10,Occupancy rate,"{""annual_filing_period"": {""fiscal_year"": 2025, ""period_end"": ""2025-12-31"", ""period_start"": ""2025-01-01""}, ""measurement_kind"": ""ANNUAL"", ""scope"": {""geography"": ""worldwide"", ""operating_scope"": ""systemwide"", ""property_population"": ""comparable""}, ""selection"": {""ai_response_used"": false, ""classification"": ""DETERMINISTIC_REPORTED_TABLE"", ""period_basis"": ""EXPLICIT_TABLE_INTRODUCTION_YEAR_AND_COLUMN_WITH_LOCAL_QUALIFIER_CHECK"", ""qualification_credit"": false, ""reason_code"": ""PASS"", ""source_component_id"": ""sha256:bce835c92b6f4392918a62cf590fd5648fb96c03bdef7cf2afebb13127df8041"", ""source_witnesses"": {""amount"": {""grid_sha256"": ""sha256:8e270aaf65de0b1214a11498d00478194f814d1fb686b0638679eb24cb1e23cf"", ""locator"": {""colspan"": 2, ""column_index"": 15, ""derived_asset_id"": ""sha256:59fbd0cb00f2288ceb2724e212b6af48a84c5d221328f1188bfff44f4dab9d19"", ""origin_column_index"": 15, ""origin_row_index"": 26, ""row_index"": 26, ""rowspan"": 1, ""table_id"": ""table_000011""}, ""raw_text"": ""69.3&#160;"", ""text"": ""69.3""}, ""geography"": {""grid_sha256"": ""sha256:8e270aaf65de0b1214a11498d00478194f814d1fb686b0638679eb24cb1e23cf"", ""locator"": {""colspan"": 3, ""column_index"": 0, ""derived_asset_id"": ""sha256:59fbd0cb00f2288ceb2724e212b6af48a84c5d221328f1188bfff44f4dab9d19"", ""origin_column_index"": 0, ""origin_row_index"": 26, ""row_index"": 26, ""rowspan"": 1, ""table_id"": ""table_000011""}, ""raw_text"": ""\nWorldwide (2)"", ""text"": ""Worldwide (2)""}, ""measure"": {""grid_sha256"": ""sha256:8e270aaf65de0b1214a11498d00478194f814d1fb686b0638679eb24cb1e23cf"", ""locator"": {""colspan"": 12, ""column_index"": 15, ""derived_asset_id"": ""sha256:59fbd0cb00f2288ceb2724e212b6af48a84c5d221328f1188bfff44f4dab9d19"", ""origin_column_index"": 15, ""origin_row_index"": 3, ""row_index"": 3, ""rowspan"": 1, ""table_id"": ""table_000011""}, ""raw_text"": ""Occupancy"", ""text"": ""Occupancy""}, ""population_and_operating_scope"": {""grid_sha256"": ""sha256:8e270aaf65de0b1214a11498d00478194f814d1fb686b0638679eb24cb1e23cf"", ""locator"": {""colspan"": 3, ""column_index"": 0, ""derived_asset_id"": ""sha256:59fbd0cb00f2288ceb2724e212b6af48a84c5d221328f1188bfff44f4dab9d19"", ""origin_column_index"": 0, ""origin_row_index"": 18, ""row_index"": 18, ""rowspan"": 1, ""table_id"": ""table_000011""}, ""raw_text"": ""Comparable Systemwide Properties"", ""text"": ""Comparable Systemwide Properties""}, ""unit"": {""grid_sha256"": ""sha256:8e270aaf65de0b1214a11498d00478194f814d1fb686b0638679eb24cb1e23cf"", ""locator"": {""colspan"": 1, ""column_index"": 17, ""derived_asset_id"": ""sha256:59fbd0cb00f2288ceb2724e212b6af48a84c5d221328f1188bfff44f4dab9d19"", ""origin_column_index"": 17, ""origin_row_index"": 26, ""row_index"": 26, ""rowspan"": 1, ""table_id"": ""table_000011""}, ""raw_text"": ""%"", ""text"": ""%""}, ""year"": {""grid_sha256"": ""sha256:8e270aaf65de0b1214a11498d00478194f814d1fb686b0638679eb24cb1e23cf"", ""locator"": {""colspan"": 3, ""column_index"": 15, ""derived_asset_id"": ""sha256:59fbd0cb00f2288ceb2724e212b6af48a84c5d221328f1188bfff44f4dab9d19"", ""origin_column_index"": 15, ""origin_row_index"": 4, ""row_index"": 4, ""rowspan"": 1, ""table_id"": ""table_000011""}, ""raw_text"": ""2025"", ""text"": ""2025""}}, ""table_id"": ""table_000011""}, ""source_reference_ids"": [""sha256:5fbed365804130c17c75d2f0c910feb4d114758697e4b327f9c79021c86fe7f9"", ""sha256:43cecd37c71017d106d9d30426fada653a5dc490023ddb67da4339c07c48fc4e"", ""sha256:3109bea68ae11f5e3c6ebd77114cda1d6f17d60e772b2630baffdb2639c483e9""]}",,Comparable systemwide worldwide statistic from the explicitly stated source year. Measurement covers the source fiscal-year interval. Native state: PUBLISHED; reason: PASS. Selected source inputs include new SEC acquisition records; each input retains its own acquisition identity.,marriott_international,run:ordinary-integrated:70c66ba606835e3f78fc09d63dc1dae06415a783776839863adfdd4cb7eba7e2,sha256:8f30f543fa77894992ea2bc2d0ea63d21b54c4956fa13686b6900f59a59153bf,issue_54_v4,sha256:7e577402fa98974628bf613a3a82e66d79f55385ccce117ea5d1f0cd11d49fa2,sha256:671a25cd86baceec0cd20a6be08cbb225328ce65bf46e91fb435a80ca39da4d9,sha256:671a25cd86baceec0cd20a6be08cbb225328ce65bf46e91fb435a80ca39da4d9,sha256:671a25cd86baceec0cd20a6be08cbb225328ce65bf46e91fb435a80ca39da4d9,,,True,MATCHED,REPLAY_VERIFIED_CONTENT_NOT_ACCEPTED,CANDIDATE_READY,CANDIDATE_READY,True,VERIFIED_SEC_ACQUISITION,,native/B10/4782e8ca19dc49908d9124b9e2b6de15,RUN_ARCHIVE_COORDINATE,2025-01-01,2025-12-31,2025,2025-01-01,2025-12-31,NATIVE_REPLAY_VERIFIED,[],20261003T163448Z-f6e42f9b,FLOW_COMPLETED_WITH_LIMITATIONS,CANDIDATE_READY,True,SOURCES_READY
,,B11,,,,WITHHELD,,,2025-01-01,2025-12-31,2025,,,,,,,,"[('/workspace/work/live-marriott-20261004/company-state/updates/metrics/B11/attempts/9cc2cb31488542fd92ad27affc332398/data/scripts/vnext/zero_ai_release.py', '/workspace/work/live-marriott-20261004/result-exports/.20261003T163448Z-f6e42f9b.preparing-fc002222fafb4badb33160a67801c6a2/native/B11/9cc2cb31488542fd92ad27affc332398/data/scripts/vnext/zero_ai_release.py', ""[Errno 28] No space left on device: '/workspace/work/live-marriott-20261004/result-exports/.20261003T163448Z-f6e42f9b.preparing-fc002222fafb4badb33160a67801c6a2/native/B11/9cc2cb31488542fd92ad27affc332398/data/scripts/vnext/zero_ai_release.py'""), ('/workspace/work/live-marriott-20261004/company-state/updates/metrics/B11/attempts/9cc2cb31488542fd92ad27affc332398/data/scripts/vnext/r4_live_plan.py', '/workspace/work/live-marriott-20261004/result-exports/.20261003T163448Z-f6e42f9b.preparing-fc002222fafb4badb33160a67801c6a2/native/B11/9cc2cb31488542fd92ad27affc332398/data/scripts/vnext/r4_live_plan.py', ""[Errno 28] No space left on device: '/workspace/work/live-marriott-20261004/result-exports/.20261003T163448Z-f6e42f9b.preparing-fc002222fafb4badb33160a67801c6a2/native/B11/9cc2cb31488542fd92ad27affc332398/data/scripts/vnext/r4_live_plan.py'""), ('/workspace/work/live-marriott-20261004/company-state/updates/metrics/B11/attempts/9cc2cb31488542fd92ad27affc332398/data/scripts/vnext/capacity_quantity_scope.py', '/workspace/work/live-marriott-20261004/result-exports/.20261003T163448Z-f6e42f9b.preparing-fc002222fafb4badb33160a67801c6a2/native/B11/9cc2cb31488542fd92ad27affc332398/data/scripts/vnext/capacity_quantity_scope.py', ""[Errno 28] No space left on device: '/workspace/work/live-marriott-20261004/result-exports/.20261003T163448Z-f6e42f9b.preparing-fc002222fafb4badb33160a67801c6a2/native/B11/9cc2cb31488542fd92ad27affc332398/data/scripts/vnext/capacity_quantity_scope.py'""), ('/workspace/work/live-marriott-20261004/company-state/updates/metrics/B11/attempts/9cc2cb31488542fd92ad27affc332398/data/scripts/vnext/d03_native_assessment.py', '/workspace/work/live-marriott-20261004/result-exports/.20261003T163448Z-f6e42f9b.preparing-fc002222fafb4badb33160a67801c6a2/native/B11/9cc2cb31488542fd92ad27affc332398/data/scripts/vnext/d03_native_assessment.py', ""[Errno 28] No space left on device: '/workspace/work/live-marriott-20261004/result-exports/.20261003T163448Z-f6e42f9b.preparing-fc002222fafb4badb33160a67801c6a2/native/B11/9cc2cb31488542fd92ad27affc332398/data/scripts/vnext/d03_native_assessment.py'""), ('/workspace/work/live-marriott-20261004/company-state/updates/metrics/B11/attempts/9cc2cb31488542fd92ad27affc332398/data/scripts/vnext/d02_text_results_v3.py', '/workspace/work/live-marriott-20261004/result-exports/.20261003T163448Z-f6e42f9b.preparing-fc002222fafb4badb33160a67801c6a2/native/B11/9cc2cb31488542fd92ad27affc332398/data/scripts/vnext/d02_text_results_v3.py', ""[Errno 28] No space left on device: '/workspace/work/live-marriott-20261004/result-exports/.20261003T163448Z-f6e42f9b.preparing-fc002222fafb4badb33160a67801c6a2/native/B11/9cc2cb31488542fd92ad27affc332398/data/scripts/vnext/d02_text_results_v3.py'""), ('/workspace/work/live-marriott-20261004/company-state/updates/metrics/B11/attempts/9cc2cb31488542fd92ad27affc332398/data/scripts/vnext/deterministic_router.py', '/workspace/work/live-marriott-20261004/result-exports/.20261003T163448Z-f6e42f9b.preparing-fc002222fafb4badb33160a67801c6a2/native/B11/9cc2cb31488542fd92ad27affc332398/data/scripts/vnext/deterministic_router.py', ""[Errno 28] No space left on device: '/workspace/work/live-marriott-20261004/result-exports/.20261003T163448Z-f6e42f9b.preparing-fc002222fafb4badb33160a67801c6a2/native/B11/9cc2cb31488542fd92ad27affc332398/data/scripts/vnext/deterministic_router.py'""), ('/workspace/work/live-marriott-20261004/company-state/updates/metrics/B11/attempts/9cc2cb31488542fd92ad27affc332398/data/scripts/vnext/ordinary_refresh_cycle.py', '/workspace/work/live-marriott-20261004/result-exports/.20261003T163448Z-f6e42f9b.preparing-fc002222fafb4badb33160a67801c6a2/native/B11/9cc2cb31488542fd92ad27affc332398/data/scripts/vnext/ordinary_refresh_cycle.py', ""[Errno 28] No space left on device: '/workspace/work/live-marriott-20261004/result-exports/.20261003T163448Z-f6e42f9b.preparing-fc002222fafb4badb33160a67801c6a2/native/B11/9cc2cb31488542fd92ad27affc332398/data/scripts/vnext/ordinary_refresh_cycle.py'""), ('/workspace/work/live-marriott-20261004/company-state/updates/metrics/B11/attempts/9cc2cb31488542fd92ad27affc332398/data/scripts/vnext/fiscal_year_labels.py', '/workspace/work/live-marriott-20261004/result-exports/.20261003T163448Z-f6e42f9b.preparing-fc002222fafb4badb33160a67801c6a2/native/B11/9cc2cb31488542fd92ad27affc332398/data/scripts/vnext/fiscal_year_labels.py', ""[Errno 28] No space left on device: '/workspace/work/live-marriott-20261004/result-exports/.20261003T163448Z-f6e42f9b.preparing-fc002222fafb4badb33160a67801c6a2/native/B11/9cc2cb31488542fd92ad27affc332398/data/scripts/vnext/fiscal_year_labels.py'""), ('/workspace/work/live-marriott-20261004/company-state/updates/metrics/B11/attempts/9cc2cb31488542fd92ad27affc332398/data/scripts/vnext/projector.py', '/workspace/work/live-marriott-20261004/result-exports/.20261003T163448Z-f6e42f9b.preparing-fc002222fafb4badb33160a67801c6a2/native/B11/9cc2cb31488542fd92ad27affc332398/data/scripts/vnext/projector.py', ""[Errno 28] No space left on device: '/workspace/work/live-marriott-20261004/result-exports/.20261003T163448Z-f6e42f9b.preparing-fc002222fafb4badb33160a67801c6a2/native/B11/9cc2cb31488542fd92ad27affc332398/data/scripts/vnext/projector.py'""), ('/workspace/work/live-marriott-20261004/company-state/updates/metrics/B11/attempts/9cc2cb31488542fd92ad27affc332398/data/scripts/vnext/run_store.py', '/workspace/work/live-marriott-20261004/result-exports/.20261003T163448Z-f6e42f9b.preparing-fc002222fafb4badb33160a67801c6a2/native/B11/9cc2cb31488542fd92ad27affc332398/data/scripts/vnext/run_store.py', ""[Errno 28] No space left on device: '/workspace/work/live-marriott-20261004/result-exports/.20261003T163448Z-f6e42f9b.preparing-fc002222fafb4badb33160a67801c6a2/native/B11/9cc2cb31488542fd92ad27affc332398/data/scripts/vnext/run_store.py'""), ('/workspace/work/live-marriott-20261004/company-state/updates/metrics/B11/attempts/9cc2cb31488542fd92ad27affc332398/data/scripts/vnext/r5_b06_scope.py', '/workspace/work/live-marriott-20261004/result-exports/.20261003T163448Z-f6e42f9b.preparing-fc002222fafb4badb33160a67801c6a2/native/B11/9cc2cb31488542fd92ad27affc332398/data/scripts/vnext/r5_b06_scope.py', ""[Errno 28] No space left on device: '/workspace/work/live-marriott-20261004/result-exports/.20261003T163448Z-f6e42f9b.preparing-fc002222fafb4badb33160a67801c6a2/native/B11/9cc2cb31488542fd92ad27affc332398/data/scripts/vnext/r5_b06_scope.py'""), ('/workspace/work/live-marriott-20261004/company-state/updates/metrics/B11/attempts/9cc2cb31488542fd92ad27affc332398/data/scripts/vnext/normal_run_inputs.py', '/workspace/work/live-marriott-20261004/result-exports/.20261003T163448Z-f6e42f9b.preparing-fc002222fafb4badb33160a67801c6a2/native/B11/9cc2cb31488542fd92ad27affc332398/data/scripts/vnext/normal_run_inputs.py', ""[Errno 28] No space left on device: '/workspace/work/live-marriott-20261004/result-exports/.20261003T163448Z-f6e42f9b.preparing-fc002222fafb4badb33160a67801c6a2/native/B11/9cc2cb31488542fd92ad27affc332398/data/scripts/vnext/normal_run_inputs.py'""), ('/workspace/work/live-marriott-20261004/company-state/updates/metrics/B11/attempts/9cc2cb31488542fd92ad27affc332398/data/scripts/vnext/r4_label_policy.py', '/workspace/work/live-marriott-20261004/result-exports/.20261003T163448Z-f6e42f9b.preparing-fc002222fafb4badb33160a67801c6a2/native/B11/9cc2cb31488542fd92ad27affc332398/data/scripts/vnext/r4_label_policy.py', ""[Errno 28] No space left on device: '/workspace/work/live-marriott-20261004/result-exports/.20261003T163448Z-f6e42f9b.preparing-fc002222fafb4badb33160a67801c6a2/native/B11/9cc2cb31488542fd92ad27affc332398/data/scripts/vnext/r4_label_policy.py'""), ('/workspace/work/live-marriott-20261004/company-state/updates/metrics/B11/attempts/9cc2cb31488542fd92ad27affc332398/data/scripts/vnext/instant_balance_amendment.py', '/workspace/work/live-marriott-20261004/result-exports/.20261003T163448Z-f6e42f9b.preparing-fc002222fafb4badb33160a67801c6a2/native/B11/9cc2cb31488542fd92ad27affc332398/data/scripts/vnext/instant_balance_amendment.py', ""[Errno 28] No space left on device: '/workspace/work/live-marriott-20261004/result-exports/.20261003T163448Z-f6e42f9b.preparing-fc002222fafb4badb33160a67801c6a2/native/B11/9cc2cb31488542fd92ad27affc332398/data/scripts/vnext/instant_balance_amendment.py'""), ('/workspace/work/live-marriott-20261004/company-state/updates/metrics/B11/attempts/9cc2cb31488542fd92ad27affc332398/data/scripts/vnext/invocation_control.py', '/workspace/work/live-marriott-20261004/result-exports/.20261003T163448Z-f6e42f9b.preparing-fc002222fafb4badb33160a67801c6a2/native/B11/9cc2cb31488542fd92ad27affc332398/data/scripts/vnext/invocation_control.py', ""[Errno 28] No space left on device: '/workspace/work/live-marriott-20261004/result-exports/.20261003T163448Z-f6e42f9b.preparing-fc002222fafb4badb33160a67801c6a2/native/B11/9cc2cb31488542fd92ad27affc332398/data/scripts/vnext/invocation_control.py'""), ('/workspace/work/live-marriott-20261004/company-state/updates/metrics/B11/attempts/9cc2cb31488542fd92ad27affc332398/data/scripts/vnext/publication.py', '/workspace/work/live-marriott-20261004/result-exports/.20261003T163448Z-f6e42f9b.preparing-fc002222fafb4badb33160a67801c6a2/native/B11/9cc2cb31488542fd92ad27affc332398/data/scripts/vnext/publication.py', ""[Errno 28] No space left on device: '/workspace/work/live-marriott-20261004/result-exports/.20261003T163448Z-f6e42f9b.preparing-fc002222fafb4badb33160a67801c6a2/native/B11/9cc2cb31488542fd92ad27affc332398/data/scripts/vnext/publication.py'""), ('/workspace/work/live-marriott-20261004/company-state/updates/metrics/B11/attempts/9cc2cb31488542fd92ad27affc332398/data/scripts/vnext/regulatory_statement_facts.py', '/workspace/work/live-marriott-20261004/result-exports/.20261003T163448Z-f6e42f9b.preparing-fc002222fafb4badb33160a67801c6a2/native/B11/9cc2cb31488542fd92ad27affc332398/data/scripts/vnext/regulatory_statement_facts.py', ""[Errno 28] No space left on device: '/workspace/work/live-marriott-20261004/result-exports/.20261003T163448Z-f6e42f9b.preparing-fc002222fafb4badb33160a67801c6a2/native/B11/9cc2cb31488542fd92ad27affc332398/data/scripts/vnext/regulatory_statement_facts.py'""), ('/workspace/work/live-marriott-20261004/company-state/updates/metrics/B11/attempts/9cc2cb31488542fd92ad27affc332398/data/scripts/vnext/r4_structured_sources.py', '/workspace/work/live-marriott-20261004/result-exports/.20261003T163448Z-f6e42f9b.preparing-fc002222fafb4badb33160a67801c6a2/native/B11/9cc2cb31488542fd92ad27affc332398/data/scripts/vnext/r4_structured_sources.py', ""[Errno 28] No space left on device: '/workspace/work/live-marriott-20261004/result-exports/.20261003T163448Z-f6e42f9b.preparing-fc002222fafb4badb33160a67801c6a2/native/B11/9cc2cb31488542fd92ad27affc332398/data/scripts/vnext/r4_structured_sources.py'""), ('/workspace/work/live-marriott-20261004/company-state/updates/metrics/B11/attempts/9cc2cb31488542fd92ad27affc332398/data/scripts/vnext/table_payload.py', '/workspace/work/live-marriott-20261004/result-exports/.20261003T163448Z-f6e42f9b.preparing-fc002222fafb4badb33160a67801c6a2/native/B11/9cc2cb31488542fd92ad27affc332398/data/scripts/vnext/table_payload.py', ""[Errno 28] No space left on device: '/workspace/work/live-marriott-20261004/result-exports/.20261003T163448Z-f6e42f9b.preparing-fc002222fafb4badb33160a67801c6a2/native/B11/9cc2cb31488542fd92ad27affc332398/data/scripts/vnext/table_payload.py'""), ('/workspace/work/live-marriott-20261004/company-state/updates/metrics/B11/attempts/9cc2cb31488542fd92ad27affc332398/data/scripts/vnext/stage_c_b_packet.py', '/workspace/work/live-marriott-20261004/result-exports/.20261003T163448Z-f6e42f9b.preparing-fc002222fafb4badb33160a67801c6a2/native/B11/9cc2cb31488542fd92ad27affc332398/data/scripts/vnext/stage_c_b_packet.py', ""[Errno 28] No space left on device: '/workspace/work/live-marriott-20261004/result-exports/.20261003T163448Z-f6e42f9b.preparing-fc002222fafb4badb33160a67801c6a2/native/B11/9cc2cb31488542fd92ad27affc332398/data/scripts/vnext/stage_c_b_packet.py'""), ('/workspace/work/live-marriott-20261004/company-state/updates/metrics/B11/attempts/9cc2cb31488542fd92ad27affc332398/data/scripts/vnext/publication_results.py', '/workspace/work/live-marriott-20261004/result-exports/.20261003T163448Z-f6e42f9b.preparing-fc002222fafb4badb33160a67801c6a2/native/B11/9cc2cb31488542fd92ad27affc332398/data/scripts/vnext/publication_results.py', ""[Errno 28] No space left on device: '/workspace/work/live-marriott-20261004/result-exports/.20261003T163448Z-f6e42f9b.preparing-fc002222fafb4badb33160a67801c6a2/native/B11/9cc2cb31488542fd92ad27affc332398/data/scripts/vnext/publication_results.py'""), ('/workspace/work/live-marriott-20261004/company-state/updates/metrics/B11/attempts/9cc2cb31488542fd92ad27affc332398/data/scripts/vnext/capacity_semantic_source.py', '/workspace/work/live-marriott-20261004/result-exports/.20261003T163448Z-f6e42f9b.preparing-fc002222fafb4badb33160a67801c6a2/native/B11/9cc2cb31488542fd92ad27affc332398/data/scripts/vnext/capacity_semantic_source.py', ""[Errno 28] No space left on device: '/workspace/work/live-marriott-20261004/result-exports/.20261003T163448Z-f6e42f9b.preparing-fc002222fafb4badb33160a67801c6a2/native/B11/9cc2cb31488542fd92ad27affc332398/data/scripts/vnext/capacity_semantic_source.py'""), ('/workspace/work/live-marriott-20261004/company-state/updates/metrics/B11/attempts/9cc2cb31488542fd92ad27affc332398/data/scripts/vnext/text_coverage.py', '/workspace/work/live-marriott-20261004/result-exports/.20261003T163448Z-f6e42f9b.preparing-fc002222fafb4badb33160a67801c6a2/native/B11/9cc2cb31488542fd92ad27affc332398/data/scripts/vnext/text_coverage.py', ""[Errno 28] No space left on device: '/workspace/work/live-marriott-20261004/result-exports/.20261003T163448Z-f6e42f9b.preparing-fc002222fafb4badb33160a67801c6a2/native/B11/9cc2cb31488542fd92ad27affc332398/data/scripts/vnext/text_coverage.py'""), ('/workspace/work/live-marriott-20261004/company-state/updates/metrics/B11/attempts/9cc2cb31488542fd92ad27affc332398/data/scripts/vnext/report.py', '/workspace/work/live-marriott-20261004/result-exports/.20261003T163448Z-f6e42f9b.preparing-fc002222fafb4badb33160a67801c6a2/native/B11/9cc2cb31488542fd92ad27affc332398/data/scripts/vnext/report.py', ""[Errno 28] No space left on device: '/workspace/work/live-marriott-20261004/result-exports/.20261003T163448Z-f6e42f9b.preparing-fc002222fafb4badb33160a67801c6a2/native/B11/9cc2cb31488542fd92ad27affc332398/data/scripts/vnext/report.py'""), ('/workspace/work/live-marriott-20261004/company-state/updates/metrics/B11/attempts/9cc2cb31488542fd92ad27affc332398/data/scripts/vnext/b06_bond_leases.py', '/workspace/work/live-marriott-20261004/result-exports/.20261003T163448Z-f6e42f9b.preparing-fc002222fafb4badb33160a67801c6a2/native/B11/9cc2cb31488542fd92ad27affc332398/data/scripts/vnext/b06_bond_leases.py', ""[Errno 28] No space left on device: '/workspace/work/live-marriott-20261004/result-exports/.20261003T163448Z-f6e42f9b.preparing-fc002222fafb4badb33160a67801c6a2/native/B11/9cc2cb31488542fd92ad27affc332398/data/scripts/vnext/b06_bond_leases.py'""), ('/workspace/work/live-marriott-20261004/company-state/updates/metrics/B11/attempts/9cc2cb31488542fd92ad27affc332398/data/scripts/vnext/resource_limits.py', '/workspace/work/live-marriott-20261004/result-exports/.20261003T163448Z-f6e42f9b.preparing-fc002222fafb4badb33160a67801c6a2/native/B11/9cc2cb31488542fd92ad27affc332398/data/scripts/vnext/resource_limits.py', ""[Errno 28] No space left on device: '/workspace/work/live-marriott-20261004/result-exports/.20261003T163448Z-f6e42f9b.preparing-fc002222fafb4badb33160a67801c6a2/native/B11/9cc2cb31488542fd92ad27affc332398/data/scripts/vnext/resource_limits.py'""), ('/workspace/work/live-marriott-20261004/company-state/updates/metrics/B11/attempts/9cc2cb31488542fd92ad27affc332398/data/scripts/vnext/provider_runtime.py', '/workspace/work/live-marriott-20261004/result-exports/.20261003T163448Z-f6e42f9b.preparing-fc002222fafb4badb33160a67801c6a2/native/B11/9cc2cb31488542fd92ad27affc332398/data/scripts/vnext/provider_runtime.py', ""[Errno 28] No space left on device: '/workspace/work/live-marriott-20261004/result-exports/.20261003T163448Z-f6e42f9b.preparing-fc002222fafb4badb33160a67801c6a2/native/B11/9cc2cb31488542fd92ad27affc332398/data/scripts/vnext/provider_runtime.py'""), ('/workspace/work/live-marriott-20261004/company-state/updates/metrics/B11/attempts/9cc2cb31488542fd92ad27affc332398/data/scripts/vnext/risk_signals.py', '/workspace/work/live-marriott-20261004/result-exports/.20261003T163448Z-f6e42f9b.preparing-fc002222fafb4badb33160a67801c6a2/native/B11/9cc2cb31488542fd92ad27affc332398/data/scripts/vnext/risk_signals.py', ""[Errno 28] No space left on device: '/workspace/work/live-marriott-20261004/result-exports/.20261003T163448Z-f6e42f9b.preparing-fc002222fafb4badb33160a67801c6a2/native/B11/9cc2cb31488542fd92ad27affc332398/data/scripts/vnext/risk_signals.py'""), ('/workspace/work/live-marriott-20261004/company-state/updates/metrics/B11/attempts/9cc2cb31488542fd92ad27affc332398/data/scripts/vnext/continuous_batch33_repair189.py', '/workspace/work/live-marriott-20261004/result-exports/.20261003T163448Z-f6e42f9b.preparing-fc002222fafb4badb33160a67801c6a2/native/B11/9cc2cb31488542fd92ad27affc332398/data/scripts/vnext/continuous_batch33_repair189.py', ""[Errno 28] No space left on device: '/workspace/work/live-marriott-20261004/result-exports/.20261003T163448Z-f6e42f9b.preparing-fc002222fafb4badb33160a67801c6a2/native/B11/9cc2cb31488542fd92ad27affc332398/data/scripts/vnext/continuous_batch33_repair189.py'""), ('/workspace/work/live-marriott-20261004/company-state/updates/metrics/B11/attempts/9cc2cb31488542fd92ad27affc332398/data/scripts/vnext/ordinary_income_input.py', '/workspace/work/live-marriott-20261004/result-exports/.20261003T163448Z-f6e42f9b.preparing-fc002222fafb4badb33160a67801c6a2/native/B11/9cc2cb31488542fd92ad27affc332398/data/scripts/vnext/ordinary_income_input.py', ""[Errno 28] No space left on device: '/workspace/work/live-marriott-20261004/result-exports/.20261003T163448Z-f6e42f9b.preparing-fc002222fafb4badb33160a67801c6a2/native/B11/9cc2cb31488542fd92ad27affc332398/data/scripts/vnext/ordinary_income_input.py'""), ('/workspace/work/live-marriott-20261004/company-state/updates/metrics/B11/attempts/9cc2cb31488542fd92ad27affc332398/data/scripts/vnext/capacity_two_stage.py', '/workspace/work/live-marriott-20261004/result-exports/.20261003T163448Z-f6e42f9b.preparing-fc002222fafb4badb33160a67801c6a2/native/B11/9cc2cb31488542fd92ad27affc332398/data/scripts/vnext/capacity_two_stage.py', ""[Errno 28] No space left on device: '/workspace/work/live-marriott-20261004/result-exports/.20261003T163448Z-f6e42f9b.preparing-fc002222fafb4badb33160a67801c6a2/native/B11/9cc2cb31488542fd92ad27affc332398/data/scripts/vnext/capacity_two_stage.py'""), ('/workspace/work/live-marriott-20261004/company-state/updates/metrics/B11/attempts/9cc2cb31488542fd92ad27affc332398/data/scripts/vnext/company_source_authority.py', '/workspace/work/live-marriott-20261004/result-exports/.20261003T163448Z-f6e42f9b.preparing-fc002222fafb4badb33160a67801c6a2/native/B11/9cc2cb31488542fd92ad27affc332398/data/scripts/vnext/company_source_authority.py', ""[Errno 28] No space left on device: '/workspace/work/live-marriott-20261004/result-exports/.20261003T163448Z-f6e42f9b.preparing-fc002222fafb4badb33160a67801c6a2/native/B11/9cc2cb31488542fd92ad27affc332398/data/scripts/vnext/company_source_authority.py'""), ('/workspace/work/live-marriott-20261004/company-state/updates/metrics/B11/attempts/9cc2cb31488542fd92ad27affc332398/data/scripts/vnext/text_run_validation.py', '/workspace/work/live-marriott-20261004/result-exports/.20261003T163448Z-f6e42f9b.preparing-fc002222fafb4badb33160a67801c6a2/native/B11/9cc2cb31488542fd92ad27affc332398/data/scripts/vnext/text_run_validation.py', ""[Errno 28] No space left on device: '/workspace/work/live-marriott-20261004/result-exports/.20261003T163448Z-f6e42f9b.preparing-fc002222fafb4badb33160a67801c6a2/native/B11/9cc2cb31488542fd92ad27affc332398/data/scripts/vnext/text_run_validation.py'""), ('/workspace/work/live-marriott-20261004/company-state/updates/metrics/B11/attempts/9cc2cb31488542fd92ad27affc332398/data/scripts/vnext/requirement_profile_v5.py', '/workspace/work/live-marriott-20261004/result-exports/.20261003T163448Z-f6e42f9b.preparing-fc002222fafb4badb33160a67801c6a2/native/B11/9cc2cb31488542fd92ad27affc332398/data/scripts/vnext/requirement_profile_v5.py', ""[Errno 28] No space left on device: '/workspace/work/live-marriott-20261004/result-exports/.20261003T163448Z-f6e42f9b.preparing-fc002222fafb4badb33160a67801c6a2/native/B11/9cc2cb31488542fd92ad27affc332398/data/scripts/vnext/requirement_profile_v5.py'""), ('/workspace/work/live-marriott-20261004/company-state/updates/metrics/B11/attempts/9cc2cb31488542fd92ad27affc332398/data/scripts/vnext/states.py', '/workspace/work/live-marriott-20261004/result-exports/.20261003T163448Z-f6e42f9b.preparing-fc002222fafb4badb33160a67801c6a2/native/B11/9cc2cb31488542fd92ad27affc332398/data/scripts/vnext/states.py', ""[Errno 28] No space left on device: '/workspace/work/live-marriott-20261004/result-exports/.20261003T163448Z-f6e42f9b.preparing-fc002222fafb4badb33160a67801c6a2/native/B11/9cc2cb31488542fd92ad27affc332398/data/scripts/vnext/states.py'""), ('/workspace/work/live-marriott-20261004/company-state/updates/metrics/B11/attempts/9cc2cb31488542fd92ad27affc332398/data/scripts/vnext/b06_inclusive_table.py', '/workspace/work/live-marriott-20261004/result-exports/.20261003T163448Z-f6e42f9b.preparing-fc002222fafb4badb33160a67801c6a2/native/B11/9cc2cb31488542fd92ad27affc332398/data/scripts/vnext/b06_inclusive_table.py', ""[Errno 28] No space left on device: '/workspace/work/live-marriott-20261004/result-exports/.20261003T163448Z-f6e42f9b.preparing-fc002222fafb4badb33160a67801c6a2/native/B11/9cc2cb31488542fd92ad27affc332398/data/scripts/vnext/b06_inclusive_table.py'""), ('/workspace/work/live-marriott-20261004/company-state/updates/metrics/B11/attempts/9cc2cb31488542fd92ad27affc332398/data/scripts/vnext/paired_measure_v1.py', '/workspace/work/live-marriott-20261004/result-exports/.20261003T163448Z-f6e42f9b.preparing-fc002222fafb4badb33160a67801c6a2/native/B11/9cc2cb31488542fd92ad27affc332398/data/scripts/vnext/paired_measure_v1.py', ""[Errno 28] No space left on device: '/workspace/work/live-marriott-20261004/result-exports/.20261003T163448Z-f6e42f9b.preparing-fc002222fafb4badb33160a67801c6a2/native/B11/9cc2cb31488542fd92ad27affc332398/data/scripts/vnext/paired_measure_v1.py'""), ('/workspace/work/live-marriott-20261004/company-state/updates/metrics/B11/attempts/9cc2cb31488542fd92ad27affc332398/data/scripts/vnext/continuous_recovery_172.py', '/workspace/work/live-marriott-20261004/result-exports/.20261003T163448Z-f6e42f9b.preparing-fc002222fafb4badb33160a67801c6a2/native/B11/9cc2cb31488542fd92ad27affc332398/data/scripts/vnext/continuous_recovery_172.py', ""[Errno 28] No space left on device: '/workspace/work/live-marriott-20261004/result-exports/.20261003T163448Z-f6e42f9b.preparing-fc002222fafb4badb33160a67801c6a2/native/B11/9cc2cb31488542fd92ad27affc332398/data/scripts/vnext/continuous_recovery_172.py'""), ('/workspace/work/live-marriott-20261004/company-state/updates/metrics/B11/attempts/9cc2cb31488542fd92ad27affc332398/data/scripts/vnext/requirement_profile_v13.py', '/workspace/work/live-marriott-20261004/result-exports/.20261003T163448Z-f6e42f9b.preparing-fc002222fafb4badb33160a67801c6a2/native/B11/9cc2cb31488542fd92ad27affc332398/data/scripts/vnext/requirement_profile_v13.py', ""[Errno 28] No space left on device: '/workspace/work/live-marriott-20261004/result-exports/.20261003T163448Z-f6e42f9b.preparing-fc002222fafb4badb33160a67801c6a2/native/B11/9cc2cb31488542fd92ad27affc332398/data/scripts/vnext/requirement_profile_v13.py'""), ('/workspace/work/live-marriott-20261004/company-state/updates/metrics/B11/attempts/9cc2cb31488542fd92ad27affc332398/data/scripts/vnext/constraints.py', '/workspace/work/live-marriott-20261004/result-exports/.20261003T163448Z-f6e42f9b.preparing-fc002222fafb4badb33160a67801c6a2/native/B11/9cc2cb31488542fd92ad27affc332398/data/scripts/vnext/constraints.py', ""[Errno 28] No space left on device: '/workspace/work/live-marriott-20261004/result-exports/.20261003T163448Z-f6e42f9b.preparing-fc002222fafb4badb33160a67801c6a2/native/B11/9cc2cb31488542fd92ad27affc332398/data/scripts/vnext/constraints.py'""), ('/workspace/work/live-marriott-20261004/company-state/updates/metrics/B11/attempts/9cc2cb31488542fd92ad27affc332398/data/scripts/vnext/r4_source_audit.py', '/workspace/work/live-marriott-20261004/result-exports/.20261003T163448Z-f6e42f9b.preparing-fc002222fafb4badb33160a67801c6a2/native/B11/9cc2cb31488542fd92ad27affc332398/data/scripts/vnext/r4_source_audit.py', ""[Errno 28] No space left on device: '/workspace/work/live-marriott-20261004/result-exports/.20261003T163448Z-f6e42f9b.preparing-fc002222fafb4badb33160a67801c6a2/native/B11/9cc2cb31488542fd92ad27affc332398/data/scripts/vnext/r4_source_audit.py'""), ('/workspace/work/live-marriott-20261004/company-state/updates/metrics/B11/attempts/9cc2cb31488542fd92ad27affc332398/data/scripts/vnext/table_context_measurement.py', '/workspace/work/live-marriott-20261004/result-exports/.20261003T163448Z-f6e42f9b.preparing-fc002222fafb4badb33160a67801c6a2/native/B11/9cc2cb31488542fd92ad27affc332398/data/scripts/vnext/table_context_measurement.py', ""[Errno 28] No space left on device: '/workspace/work/live-marriott-20261004/result-exports/.20261003T163448Z-f6e42f9b.preparing-fc002222fafb4badb33160a67801c6a2/native/B11/9cc2cb31488542fd92ad27affc332398/data/scripts/vnext/table_context_measurement.py'""), ('/workspace/work/live-marriott-20261004/company-state/updates/metrics/B11/attempts/9cc2cb31488542fd92ad27affc332398/data/scripts/vnext/source_scope.py', '/workspace/work/live-marriott-20261004/result-exports/.20261003T163448Z-f6e42f9b.preparing-fc002222fafb4badb33160a67801c6a2/native/B11/9cc2cb31488542fd92ad27affc332398/data/scripts/vnext/source_scope.py', ""[Errno 28] No space left on device: '/workspace/work/live-marriott-20261004/result-exports/.20261003T163448Z-f6e42f9b.preparing-fc002222fafb4badb33160a67801c6a2/native/B11/9cc2cb31488542fd92ad27affc332398/data/scripts/vnext/source_scope.py'""), ('/workspace/work/live-marriott-20261004/company-state/updates/metrics/B11/attempts/9cc2cb31488542fd92ad27affc332398/data/scripts/vnext/recorded_fixtures.py', '/workspace/work/live-marriott-20261004/result-exports/.20261003T163448Z-f6e42f9b.preparing-fc002222fafb4badb33160a67801c6a2/native/B11/9cc2cb31488542fd92ad27affc332398/data/scripts/vnext/recorded_fixtures.py', ""[Errno 28] No space left on device: '/workspace/work/live-marriott-20261004/result-exports/.20261003T163448Z-f6e42f9b.preparing-fc002222fafb4badb33160a67801c6a2/native/B11/9cc2cb31488542fd92ad27affc332398/data/scripts/vnext/recorded_fixtures.py'""), ('/workspace/work/live-marriott-20261004/company-state/updates/metrics/B11/attempts/9cc2cb31488542fd92ad27affc332398/data/scripts/vnext/company_requirement.py', '/workspace/work/live-marriott-20261004/result-exports/.20261003T163448Z-f6e42f9b.preparing-fc002222fafb4badb33160a67801c6a2/native/B11/9cc2cb31488542fd92ad27affc332398/data/scripts/vnext/company_requirement.py', ""[Errno 28] No space left on device: '/workspace/work/live-marriott-20261004/result-exports/.20261003T163448Z-f6e42f9b.preparing-fc002222fafb4badb33160a67801c6a2/native/B11/9cc2cb31488542fd92ad27affc332398/data/scripts/vnext/company_requirement.py'""), ('/workspace/work/live-marriott-20261004/company-state/updates/metrics/B11/attempts/9cc2cb31488542fd92ad27affc332398/data/scripts/vnext/capacity_update_input.py', '/workspace/work/live-marriott-20261004/result-exports/.20261003T163448Z-f6e42f9b.preparing-fc002222fafb4badb33160a67801c6a2/native/B11/9cc2cb31488542fd92ad27affc332398/data/scripts/vnext/capacity_update_input.py', ""[Errno 28] No space left on device: '/workspace/work/live-marriott-20261004/result-exports/.20261003T163448Z-f6e42f9b.preparing-fc002222fafb4badb33160a67801c6a2/native/B11/9cc2cb31488542fd92ad27affc332398/data/scripts/vnext/capacity_update_input.py'""), ('/workspace/work/live-marriott-20261004/company-state/updates/metrics/B11/attempts/9cc2cb31488542fd92ad27affc332398/data/scripts/vnext/continuous_request_context.py', '/workspace/work/live-marriott-20261004/result-exports/.20261003T163448Z-f6e42f9b.preparing-fc002222fafb4badb33160a67801c6a2/native/B11/9cc2cb31488542fd92ad27affc332398/data/scripts/vnext/continuous_request_context.py', ""[Errno 28] No space left on device: '/workspace/work/live-marriott-20261004/result-exports/.20261003T163448Z-f6e42f9b.preparing-fc002222fafb4badb33160a67801c6a2/native/B11/9cc2cb31488542fd92ad27affc332398/data/scripts/vnext/continuous_request_context.py'""), ('/workspace/work/live-marriott-20261004/company-state/updates/metrics/B11/attempts/9cc2cb31488542fd92ad27affc332398/data/scripts/vnext/r4_publication.py', '/workspace/work/live-marriott-20261004/result-exports/.20261003T163448Z-f6e42f9b.preparing-fc002222fafb4badb33160a67801c6a2/native/B11/9cc2cb31488542fd92ad27affc332398/data/scripts/vnext/r4_publication.py', ""[Errno 28] No space left on device: '/workspace/work/live-marriott-20261004/result-exports/.20261003T163448Z-f6e42f9b.preparing-fc002222fafb4badb33160a67801c6a2/native/B11/9cc2cb31488542fd92ad27affc332398/data/scripts/vnext/r4_publication.py'""), ('/workspace/work/live-marriott-20261004/company-state/updates/metrics/B11/attempts/9cc2cb31488542fd92ad27affc332398/data/scripts/vnext/records.py', '/workspace/work/live-marriott-20261004/result-exports/.20261003T163448Z-f6e42f9b.preparing-fc002222fafb4badb33160a67801c6a2/native/B11/9cc2cb31488542fd92ad27affc332398/data/scripts/vnext/records.py', ""[Errno 28] No space left on device: '/workspace/work/live-marriott-20261004/result-exports/.20261003T163448Z-f6e42f9b.preparing-fc002222fafb4badb33160a67801c6a2/native/B11/9cc2cb31488542fd92ad27affc332398/data/scripts/vnext/records.py'""), ('/workspace/work/live-marriott-20261004/company-state/updates/metrics/B11/attempts/9cc2cb31488542fd92ad27affc332398/data/scripts/vnext/normal_source_authority.py', '/workspace/work/live-marriott-20261004/result-exports/.20261003T163448Z-f6e42f9b.preparing-fc002222fafb4badb33160a67801c6a2/native/B11/9cc2cb31488542fd92ad27affc332398/data/scripts/vnext/normal_source_authority.py', ""[Errno 28] No space left on device: '/workspace/work/live-marriott-20261004/result-exports/.20261003T163448Z-f6e42f9b.preparing-fc002222fafb4badb33160a67801c6a2/native/B11/9cc2cb31488542fd92ad27affc332398/data/scripts/vnext/normal_source_authority.py'""), ('/workspace/work/live-marriott-20261004/company-state/updates/metrics/B11/attempts/9cc2cb31488542fd92ad27affc332398/data/scripts/vnext/r6_semantic_review.py', '/workspace/work/live-marriott-20261004/result-exports/.20261003T163448Z-f6e42f9b.preparing-fc002222fafb4badb33160a67801c6a2/native/B11/9cc2cb31488542fd92ad27affc332398/data/scripts/vnext/r6_semantic_review.py', ""[Errno 28] No space left on device: '/workspace/work/live-marriott-20261004/result-exports/.20261003T163448Z-f6e42f9b.preparing-fc002222fafb4badb33160a67801c6a2/native/B11/9cc2cb31488542fd92ad27affc332398/data/scripts/vnext/r6_semantic_review.py'""), ('/workspace/work/live-marriott-20261004/company-state/updates/metrics/B11/attempts/9cc2cb31488542fd92ad27affc332398/data/scripts/vnext/annual_continuity_trigger.py', '/workspace/work/live-marriott-20261004/result-exports/.20261003T163448Z-f6e42f9b.preparing-fc002222fafb4badb33160a67801c6a2/native/B11/9cc2cb31488542fd92ad27affc332398/data/scripts/vnext/annual_continuity_trigger.py', ""[Errno 28] No space left on device: '/workspace/work/live-marriott-20261004/result-exports/.20261003T163448Z-f6e42f9b.preparing-fc002222fafb4badb33160a67801c6a2/native/B11/9cc2cb31488542fd92ad27affc332398/data/scripts/vnext/annual_continuity_trigger.py'""), ('/workspace/work/live-marriott-20261004/company-state/updates/metrics/B11/attempts/9cc2cb31488542fd92ad27affc332398/data/scripts/vnext/normal_accession_results.py', '/workspace/work/live-marriott-20261004/result-exports/.20261003T163448Z-f6e42f9b.preparing-fc002222fafb4badb33160a67801c6a2/native/B11/9cc2cb31488542fd92ad27affc332398/data/scripts/vnext/normal_accession_results.py', ""[Errno 28] No space left on device: '/workspace/work/live-marriott-20261004/result-exports/.20261003T163448Z-f6e42f9b.preparing-fc002222fafb4badb33160a67801c6a2/native/B11/9cc2cb31488542fd92ad27affc332398/data/scripts/vnext/normal_accession_results.py'""), ('/workspace/work/live-marriott-20261004/company-state/updates/metrics/B11/attempts/9cc2cb31488542fd92ad27affc332398/data/scripts/vnext/r4_release.py', '/workspace/work/live-marriott-20261004/result-exports/.20261003T163448Z-f6e42f9b.preparing-fc002222fafb4badb33160a67801c6a2/native/B11/9cc2cb31488542fd92ad27affc332398/data/scripts/vnext/r4_release.py', ""[Errno 28] No space left on device: '/workspace/work/live-marriott-20261004/result-exports/.20261003T163448Z-f6e42f9b.preparing-fc002222fafb4badb33160a67801c6a2/native/B11/9cc2cb31488542fd92ad27affc332398/data/scripts/vnext/r4_release.py'""), ('/workspace/work/live-marriott-20261004/company-state/updates/metrics/B11/attempts/9cc2cb31488542fd92ad27affc332398/data/scripts/vnext/continuous_recovery_110.py', '/workspace/work/live-marriott-20261004/result-exports/.20261003T163448Z-f6e42f9b.preparing-fc002222fafb4badb33160a67801c6a2/native/B11/9cc2cb31488542fd92ad27affc332398/data/scripts/vnext/continuous_recovery_110.py', ""[Errno 28] No space left on device: '/workspace/work/live-marriott-20261004/result-exports/.20261003T163448Z-f6e42f9b.preparing-fc002222fafb4badb33160a67801c6a2/native/B11/9cc2cb31488542fd92ad27affc332398/data/scripts/vnext/continuous_recovery_110.py'""), ('/workspace/work/live-marriott-20261004/company-state/updates/metrics/B11/attempts/9cc2cb31488542fd92ad27affc332398/data/scripts/vnext/r4_projection.py', '/workspace/work/live-marriott-20261004/result-exports/.20261003T163448Z-f6e42f9b.preparing-fc002222fafb4badb33160a67801c6a2/native/B11/9cc2cb31488542fd92ad27affc332398/data/scripts/vnext/r4_projection.py', ""[Errno 28] No space left on device: '/workspace/work/live-marriott-20261004/result-exports/.20261003T163448Z-f6e42f9b.preparing-fc002222fafb4badb33160a67801c6a2/native/B11/9cc2cb31488542fd92ad27affc332398/data/scripts/vnext/r4_projection.py'""), ('/workspace/work/live-marriott-20261004/company-state/updates/metrics/B11/attempts/9cc2cb31488542fd92ad27affc332398/data/scripts/vnext/annual_input.py', '/workspace/work/live-marriott-20261004/result-exports/.20261003T163448Z-f6e42f9b.preparing-fc002222fafb4badb33160a67801c6a2/native/B11/9cc2cb31488542fd92ad27affc332398/data/scripts/vnext/annual_input.py', ""[Errno 28] No space left on device: '/workspace/work/live-marriott-20261004/result-exports/.20261003T163448Z-f6e42f9b.preparing-fc002222fafb4badb33160a67801c6a2/native/B11/9cc2cb31488542fd92ad27affc332398/data/scripts/vnext/annual_input.py'""), ('/workspace/work/live-marriott-20261004/company-state/updates/metrics/B11/attempts/9cc2cb31488542fd92ad27affc332398/data/scripts/vnext/normal_text_input_v2.py', '/workspace/work/live-marriott-20261004/result-exports/.20261003T163448Z-f6e42f9b.preparing-fc002222fafb4badb33160a67801c6a2/native/B11/9cc2cb31488542fd92ad27affc332398/data/scripts/vnext/normal_text_input_v2.py', ""[Errno 28] No space left on device: '/workspace/work/live-marriott-20261004/result-exports/.20261003T163448Z-f6e42f9b.preparing-fc002222fafb4badb33160a67801c6a2/native/B11/9cc2cb31488542fd92ad27affc332398/data/scripts/vnext/normal_text_input_v2.py'""), ('/workspace/work/live-marriott-20261004/company-state/updates/metrics/B11/attempts/9cc2cb31488542fd92ad27affc332398/data/scripts/vnext/stage_a_snapshot.py', '/workspace/work/live-marriott-20261004/result-exports/.20261003T163448Z-f6e42f9b.preparing-fc002222fafb4badb33160a67801c6a2/native/B11/9cc2cb31488542fd92ad27affc332398/data/scripts/vnext/stage_a_snapshot.py', ""[Errno 28] No space left on device: '/workspace/work/live-marriott-20261004/result-exports/.20261003T163448Z-f6e42f9b.preparing-fc002222fafb4badb33160a67801c6a2/native/B11/9cc2cb31488542fd92ad27affc332398/data/scripts/vnext/stage_a_snapshot.py'""), ('/workspace/work/live-marriott-20261004/company-state/updates/metrics/B11/attempts/9cc2cb31488542fd92ad27affc332398/data/scripts/vnext/ordinary_d02_item8_v1.py', '/workspace/work/live-marriott-20261004/result-exports/.20261003T163448Z-f6e42f9b.preparing-fc002222fafb4badb33160a67801c6a2/native/B11/9cc2cb31488542fd92ad27affc332398/data/scripts/vnext/ordinary_d02_item8_v1.py', ""[Errno 28] No space left on device: '/workspace/work/live-marriott-20261004/result-exports/.20261003T163448Z-f6e42f9b.preparing-fc002222fafb4badb33160a67801c6a2/native/B11/9cc2cb31488542fd92ad27affc332398/data/scripts/vnext/ordinary_d02_item8_v1.py'""), ('/workspace/work/live-marriott-20261004/company-state/updates/metrics/B11/attempts/9cc2cb31488542fd92ad27affc332398/data/scripts/vnext/ordinary_b03_scope_update.py', '/workspace/work/live-marriott-20261004/result-exports/.20261003T163448Z-f6e42f9b.preparing-fc002222fafb4badb33160a67801c6a2/native/B11/9cc2cb31488542fd92ad27affc332398/data/scripts/vnext/ordinary_b03_scope_update.py', ""[Errno 28] No space left on device: '/workspace/work/live-marriott-20261004/result-exports/.20261003T163448Z-f6e42f9b.preparing-fc002222fafb4badb33160a67801c6a2/native/B11/9cc2cb31488542fd92ad27affc332398/data/scripts/vnext/ordinary_b03_scope_update.py'""), ('/workspace/work/live-marriott-20261004/company-state/updates/metrics/B11/attempts/9cc2cb31488542fd92ad27affc332398/data/scripts/vnext/batch_workflow.py', '/workspace/work/live-marriott-20261004/result-exports/.20261003T163448Z-f6e42f9b.preparing-fc002222fafb4badb33160a67801c6a2/native/B11/9cc2cb31488542fd92ad27affc332398/data/scripts/vnext/batch_workflow.py', ""[Errno 28] No space left on device: '/workspace/work/live-marriott-20261004/result-exports/.20261003T163448Z-f6e42f9b.preparing-fc002222fafb4badb33160a67801c6a2/native/B11/9cc2cb31488542fd92ad27affc332398/data/scripts/vnext/batch_workflow.py'""), ('/workspace/work/live-marriott-20261004/company-state/updates/metrics/B11/attempts/9cc2cb31488542fd92ad27affc332398/data/scripts/vnext/d01_emphasis_results.py', '/workspace/work/live-marriott-20261004/result-exports/.20261003T163448Z-f6e42f9b.preparing-fc002222fafb4badb33160a67801c6a2/native/B11/9cc2cb31488542fd92ad27affc332398/data/scripts/vnext/d01_emphasis_results.py', ""[Errno 28] No space left on device: '/workspace/work/live-marriott-20261004/result-exports/.20261003T163448Z-f6e42f9b.preparing-fc002222fafb4badb33160a67801c6a2/native/B11/9cc2cb31488542fd92ad27affc332398/data/scripts/vnext/d01_emphasis_results.py'""), ('/workspace/work/live-marriott-20261004/company-state/updates/metrics/B11/attempts/9cc2cb31488542fd92ad27affc332398/data/scripts/vnext/workflow.py', '/workspace/work/live-marriott-20261004/result-exports/.20261003T163448Z-f6e42f9b.preparing-fc002222fafb4badb33160a67801c6a2/native/B11/9cc2cb31488542fd92ad27affc332398/data/scripts/vnext/workflow.py', ""[Errno 28] No space left on device: '/workspace/work/live-marriott-20261004/result-exports/.20261003T163448Z-f6e42f9b.preparing-fc002222fafb4badb33160a67801c6a2/native/B11/9cc2cb31488542fd92ad27affc332398/data/scripts/vnext/workflow.py'""), ('/workspace/work/live-marriott-20261004/company-state/updates/metrics/B11/attempts/9cc2cb31488542fd92ad27affc332398/data/scripts/vnext/native_unit_index.py', '/workspace/work/live-marriott-20261004/result-exports/.20261003T163448Z-f6e42f9b.preparing-fc002222fafb4badb33160a67801c6a2/native/B11/9cc2cb31488542fd92ad27affc332398/data/scripts/vnext/native_unit_index.py', ""[Errno 28] No space left on device: '/workspace/work/live-marriott-20261004/result-exports/.20261003T163448Z-f6e42f9b.preparing-fc002222fafb4badb33160a67801c6a2/native/B11/9cc2cb31488542fd92ad27affc332398/data/scripts/vnext/native_unit_index.py'""), ('/workspace/work/live-marriott-20261004/company-state/updates/metrics/B11/attempts/9cc2cb31488542fd92ad27affc332398/data/scripts/vnext/company_event_census.py', '/workspace/work/live-marriott-20261004/result-exports/.20261003T163448Z-f6e42f9b.preparing-fc002222fafb4badb33160a67801c6a2/native/B11/9cc2cb31488542fd92ad27affc332398/data/scripts/vnext/company_event_census.py', ""[Errno 28] No space left on device: '/workspace/work/live-marriott-20261004/result-exports/.20261003T163448Z-f6e42f9b.preparing-fc002222fafb4badb33160a67801c6a2/native/B11/9cc2cb31488542fd92ad27affc332398/data/scripts/vnext/company_event_census.py'""), ('/workspace/work/live-marriott-20261004/company-state/updates/metrics/B11/attempts/9cc2cb31488542fd92ad27affc332398/data/scripts/vnext/candidate_permission.py', '/workspace/work/live-marriott-20261004/result-exports/.20261003T163448Z-f6e42f9b.preparing-fc002222fafb4badb33160a67801c6a2/native/B11/9cc2cb31488542fd92ad27affc332398/data/scripts/vnext/candidate_permission.py', ""[Errno 28] No space left on device: '/workspace/work/live-marriott-20261004/result-exports/.20261003T163448Z-f6e42f9b.preparing-fc002222fafb4badb33160a67801c6a2/native/B11/9cc2cb31488542fd92ad27affc332398/data/scripts/vnext/candidate_permission.py'""), ('/workspace/work/live-marriott-20261004/company-state/updates/metrics/B11/attempts/9cc2cb31488542fd92ad27affc332398/data/scripts/vnext/r4_run_store.py', '/workspace/work/live-marriott-20261004/result-exports/.20261003T163448Z-f6e42f9b.preparing-fc002222fafb4badb33160a67801c6a2/native/B11/9cc2cb31488542fd92ad27affc332398/data/scripts/vnext/r4_run_store.py', ""[Errno 28] No space left on device: '/workspace/work/live-marriott-20261004/result-exports/.20261003T163448Z-f6e42f9b.preparing-fc002222fafb4badb33160a67801c6a2/native/B11/9cc2cb31488542fd92ad27affc332398/data/scripts/vnext/r4_run_store.py'""), ('/workspace/work/live-marriott-20261004/company-state/updates/metrics/B11/attempts/9cc2cb31488542fd92ad27affc332398/data/scripts/vnext/continuous_batch33.py', '/workspace/work/live-marriott-20261004/result-exports/.20261003T163448Z-f6e42f9b.preparing-fc002222fafb4badb33160a67801c6a2/native/B11/9cc2cb31488542fd92ad27affc332398/data/scripts/vnext/continuous_batch33.py', ""[Errno 28] No space left on device: '/workspace/work/live-marriott-20261004/result-exports/.20261003T163448Z-f6e42f9b.preparing-fc002222fafb4badb33160a67801c6a2/native/B11/9cc2cb31488542fd92ad27affc332398/data/scripts/vnext/continuous_batch33.py'""), ('/workspace/work/live-marriott-20261004/company-state/updates/metrics/B11/attempts/9cc2cb31488542fd92ad27affc332398/data/scripts/vnext/ordinary_financial_results.py', '/workspace/work/live-marriott-20261004/result-exports/.20261003T163448Z-f6e42f9b.preparing-fc002222fafb4badb33160a67801c6a2/native/B11/9cc2cb31488542fd92ad27affc332398/data/scripts/vnext/ordinary_financial_results.py', ""[Errno 28] No space left on device: '/workspace/work/live-marriott-20261004/result-exports/.20261003T163448Z-f6e42f9b.preparing-fc002222fafb4badb33160a67801c6a2/native/B11/9cc2cb31488542fd92ad27affc332398/data/scripts/vnext/ordinary_financial_results.py'""), ('/workspace/work/live-marriott-20261004/company-state/updates/metrics/B11/attempts/9cc2cb31488542fd92ad27affc332398/data/scripts/vnext/requirement_profile_v3.py', '/workspace/work/live-marriott-20261004/result-exports/.20261003T163448Z-f6e42f9b.preparing-fc002222fafb4badb33160a67801c6a2/native/B11/9cc2cb31488542fd92ad27affc332398/data/scripts/vnext/requirement_profile_v3.py', ""[Errno 28] No space left on device: '/workspace/work/live-marriott-20261004/result-exports/.20261003T163448Z-f6e42f9b.preparing-fc002222fafb4badb33160a67801c6a2/native/B11/9cc2cb31488542fd92ad27affc332398/data/scripts/vnext/requirement_profile_v3.py'""), ('/workspace/work/live-marriott-20261004/company-state/updates/metrics/B11/attempts/9cc2cb31488542fd92ad27affc332398/data/scripts/vnext/qualification.py', '/workspace/work/live-marriott-20261004/result-exports/.20261003T163448Z-f6e42f9b.preparing-fc002222fafb4badb33160a67801c6a2/native/B11/9cc2cb31488542fd92ad27affc332398/data/scripts/vnext/qualification.py', ""[Errno 28] No space left on device: '/workspace/work/live-marriott-20261004/result-exports/.20261003T163448Z-f6e42f9b.preparing-fc002222fafb4badb33160a67801c6a2/native/B11/9cc2cb31488542fd92ad27affc332398/data/scripts/vnext/qualification.py'""), ('/workspace/work/live-marriott-20261004/company-state/updates/metrics/B11/attempts/9cc2cb31488542fd92ad27affc332398/data/scripts/vnext/b06_new_source.py', '/workspace/work/live-marriott-20261004/result-exports/.20261003T163448Z-f6e42f9b.preparing-fc002222fafb4badb33160a67801c6a2/native/B11/9cc2cb31488542fd92ad27affc332398/data/scripts/vnext/b06_new_source.py', ""[Errno 28] No space left on device: '/workspace/work/live-marriott-20261004/result-exports/.20261003T163448Z-f6e42f9b.preparing-fc002222fafb4badb33160a67801c6a2/native/B11/9cc2cb31488542fd92ad27affc332398/data/scripts/vnext/b06_new_source.py'""), ('/workspace/work/live-marriott-20261004/company-state/updates/metrics/B11/attempts/9cc2cb31488542fd92ad27affc332398/data/scripts/vnext/stage_c_packet.py', '/workspace/work/live-marriott-20261004/result-exports/.20261003T163448Z-f6e42f9b.preparing-fc002222fafb4badb33160a67801c6a2/native/B11/9cc2cb31488542fd92ad27affc332398/data/scripts/vnext/stage_c_packet.py', ""[Errno 28] No space left on device: '/workspace/work/live-marriott-20261004/result-exports/.20261003T163448Z-f6e42f9b.preparing-fc002222fafb4badb33160a67801c6a2/native/B11/9cc2cb31488542fd92ad27affc332398/data/scripts/vnext/stage_c_packet.py'""), ('/workspace/work/live-marriott-20261004/company-state/updates/metrics/B11/attempts/9cc2cb31488542fd92ad27affc332398/data/scripts/vnext/normal_run_specs.py', '/workspace/work/live-marriott-20261004/result-exports/.20261003T163448Z-f6e42f9b.preparing-fc002222fafb4badb33160a67801c6a2/native/B11/9cc2cb31488542fd92ad27affc332398/data/scripts/vnext/normal_run_specs.py', ""[Errno 28] No space left on device: '/workspace/work/live-marriott-20261004/result-exports/.20261003T163448Z-f6e42f9b.preparing-fc002222fafb4badb33160a67801c6a2/native/B11/9cc2cb31488542fd92ad27affc332398/data/scripts/vnext/normal_run_specs.py'""), ('/workspace/work/live-marriott-20261004/company-state/updates/metrics/B11/attempts/9cc2cb31488542fd92ad27affc332398/data/scripts/vnext/financial_balance_scope.py', '/workspace/work/live-marriott-20261004/result-exports/.20261003T163448Z-f6e42f9b.preparing-fc002222fafb4badb33160a67801c6a2/native/B11/9cc2cb31488542fd92ad27affc332398/data/scripts/vnext/financial_balance_scope.py', ""[Errno 28] No space left on device: '/workspace/work/live-marriott-20261004/result-exports/.20261003T163448Z-f6e42f9b.preparing-fc002222fafb4badb33160a67801c6a2/native/B11/9cc2cb31488542fd92ad27affc332398/data/scripts/vnext/financial_balance_scope.py'""), ('/workspace/work/live-marriott-20261004/company-state/updates/metrics/B11/attempts/9cc2cb31488542fd92ad27affc332398/data/scripts/vnext/r6_semantic_verification.py', '/workspace/work/live-marriott-20261004/result-exports/.20261003T163448Z-f6e42f9b.preparing-fc002222fafb4badb33160a67801c6a2/native/B11/9cc2cb31488542fd92ad27affc332398/data/scripts/vnext/r6_semantic_verification.py', ""[Errno 28] No space left on device: '/workspace/work/live-marriott-20261004/result-exports/.20261003T163448Z-f6e42f9b.preparing-fc002222fafb4badb33160a67801c6a2/native/B11/9cc2cb31488542fd92ad27affc332398/data/scripts/vnext/r6_semantic_verification.py'""), ('/workspace/work/live-marriott-20261004/company-state/updates/metrics/B11/attempts/9cc2cb31488542fd92ad27affc332398/data/scripts/vnext/c02_composition_text_results.py', '/workspace/work/live-marriott-20261004/result-exports/.20261003T163448Z-f6e42f9b.preparing-fc002222fafb4badb33160a67801c6a2/native/B11/9cc2cb31488542fd92ad27affc332398/data/scripts/vnext/c02_composition_text_results.py', ""[Errno 28] No space left on device: '/workspace/work/live-marriott-20261004/result-exports/.20261003T163448Z-f6e42f9b.preparing-fc002222fafb4badb33160a67801c6a2/native/B11/9cc2cb31488542fd92ad27affc332398/data/scripts/vnext/c02_composition_text_results.py'""), ('/workspace/work/live-marriott-20261004/company-state/updates/metrics/B11/attempts/9cc2cb31488542fd92ad27affc332398/data/scripts/vnext/ordinary_remaining_cases.py', '/workspace/work/live-marriott-20261004/result-exports/.20261003T163448Z-f6e42f9b.preparing-fc002222fafb4badb33160a67801c6a2/native/B11/9cc2cb31488542fd92ad27affc332398/data/scripts/vnext/ordinary_remaining_cases.py', ""[Errno 28] No space left on device: '/workspace/work/live-marriott-20261004/result-exports/.20261003T163448Z-f6e42f9b.preparing-fc002222fafb4badb33160a67801c6a2/native/B11/9cc2cb31488542fd92ad27affc332398/data/scripts/vnext/ordinary_remaining_cases.py'""), ('/workspace/work/live-marriott-20261004/company-state/updates/metrics/B11/attempts/9cc2cb31488542fd92ad27affc332398/data/scripts/vnext/annual_amendment_scope.py', '/workspace/work/live-marriott-20261004/result-exports/.20261003T163448Z-f6e42f9b.preparing-fc002222fafb4badb33160a67801c6a2/native/B11/9cc2cb31488542fd92ad27affc332398/data/scripts/vnext/annual_amendment_scope.py', ""[Errno 28] No space left on device: '/workspace/work/live-marriott-20261004/result-exports/.20261003T163448Z-f6e42f9b.preparing-fc002222fafb4badb33160a67801c6a2/native/B11/9cc2cb31488542fd92ad27affc332398/data/scripts/vnext/annual_amendment_scope.py'""), ('/workspace/work/live-marriott-20261004/company-state/updates/metrics/B11/attempts/9cc2cb31488542fd92ad27affc332398/data/scripts/vnext/annual_regression_synthetic.py', '/workspace/work/live-marriott-20261004/result-exports/.20261003T163448Z-f6e42f9b.preparing-fc002222fafb4badb33160a67801c6a2/native/B11/9cc2cb31488542fd92ad27affc332398/data/scripts/vnext/annual_regression_synthetic.py', ""[Errno 28] No space left on device: '/workspace/work/live-marriott-20261004/result-exports/.20261003T163448Z-f6e42f9b.preparing-fc002222fafb4badb33160a67801c6a2/native/B11/9cc2cb31488542fd92ad27affc332398/data/scripts/vnext/annual_regression_synthetic.py'""), ('/workspace/work/live-marriott-20261004/company-state/updates/metrics/B11/attempts/9cc2cb31488542fd92ad27affc332398/data/scripts/vnext/normal_governance_input.py', '/workspace/work/live-marriott-20261004/result-exports/.20261003T163448Z-f6e42f9b.preparing-fc002222fafb4badb33160a67801c6a2/native/B11/9cc2cb31488542fd92ad27affc332398/data/scripts/vnext/normal_governance_input.py', ""[Errno 28] No space left on device: '/workspace/work/live-marriott-20261004/result-exports/.20261003T163448Z-f6e42f9b.preparing-fc002222fafb4badb33160a67801c6a2/native/B11/9cc2cb31488542fd92ad27affc332398/data/scripts/vnext/normal_governance_input.py'""), ('/workspace/work/live-marriott-20261004/company-state/updates/metrics/B11/attempts/9cc2cb31488542fd92ad27affc332398/data/scripts/vnext/r6_regulatory_semantics.py', '/workspace/work/live-marriott-20261004/result-exports/.20261003T163448Z-f6e42f9b.preparing-fc002222fafb4badb33160a67801c6a2/native/B11/9cc2cb31488542fd92ad27affc332398/data/scripts/vnext/r6_regulatory_semantics.py', ""[Errno 28] No space left on device: '/workspace/work/live-marriott-20261004/result-exports/.20261003T163448Z-f6e42f9b.preparing-fc002222fafb4badb33160a67801c6a2/native/B11/9cc2cb31488542fd92ad27affc332398/data/scripts/vnext/r6_regulatory_semantics.py'""), ('/workspace/work/live-marriott-20261004/company-state/updates/metrics/B11/attempts/9cc2cb31488542fd92ad27affc332398/data/scripts/vnext/capacity_native_assessment.py', '/workspace/work/live-marriott-20261004/result-exports/.20261003T163448Z-f6e42f9b.preparing-fc002222fafb4badb33160a67801c6a2/native/B11/9cc2cb31488542fd92ad27affc332398/data/scripts/vnext/capacity_native_assessment.py', ""[Errno 28] No space left on device: '/workspace/work/live-marriott-20261004/result-exports/.20261003T163448Z-f6e42f9b.preparing-fc002222fafb4badb33160a67801c6a2/native/B11/9cc2cb31488542fd92ad27affc332398/data/scripts/vnext/capacity_native_assessment.py'""), ('/workspace/work/live-marriott-20261004/company-state/updates/metrics/B11/attempts/9cc2cb31488542fd92ad27affc332398/data/scripts/vnext/continuous_semantic_calls.py', '/workspace/work/live-marriott-20261004/result-exports/.20261003T163448Z-f6e42f9b.preparing-fc002222fafb4badb33160a67801c6a2/native/B11/9cc2cb31488542fd92ad27affc332398/data/scripts/vnext/continuous_semantic_calls.py', ""[Errno 28] No space left on device: '/workspace/work/live-marriott-20261004/result-exports/.20261003T163448Z-f6e42f9b.preparing-fc002222fafb4badb33160a67801c6a2/native/B11/9cc2cb31488542fd92ad27affc332398/data/scripts/vnext/continuous_semantic_calls.py'""), ('/workspace/work/live-marriott-20261004/company-state/updates/metrics/B11/attempts/9cc2cb31488542fd92ad27affc332398/data/scripts/vnext/annual_adoption_policy.py', '/workspace/work/live-marriott-20261004/result-exports/.20261003T163448Z-f6e42f9b.preparing-fc002222fafb4badb33160a67801c6a2/native/B11/9cc2cb31488542fd92ad27affc332398/data/scripts/vnext/annual_adoption_policy.py', ""[Errno 28] No space left on device: '/workspace/work/live-marriott-20261004/result-exports/.20261003T163448Z-f6e42f9b.preparing-fc002222fafb4badb33160a67801c6a2/native/B11/9cc2cb31488542fd92ad27affc332398/data/scripts/vnext/annual_adoption_policy.py'""), ('/workspace/work/live-marriott-20261004/company-state/updates/metrics/B11/attempts/9cc2cb31488542fd92ad27affc332398/data/scripts/vnext/capacity_run.py', '/workspace/work/live-marriott-20261004/result-exports/.20261003T163448Z-f6e42f9b.preparing-fc002222fafb4badb33160a67801c6a2/native/B11/9cc2cb31488542fd92ad27affc332398/data/scripts/vnext/capacity_run.py', ""[Errno 28] No space left on device: '/workspace/work/live-marriott-20261004/result-exports/.20261003T163448Z-f6e42f9b.preparing-fc002222fafb4badb33160a67801c6a2/native/B11/9cc2cb31488542fd92ad27affc332398/data/scripts/vnext/capacity_run.py'""), ('/workspace/work/live-marriott-20261004/company-state/updates/metrics/B11/attempts/9cc2cb31488542fd92ad27affc332398/data/scripts/vnext/text_business_candidates.py', '/workspace/work/live-marriott-20261004/result-exports/.20261003T163448Z-f6e42f9b.preparing-fc002222fafb4badb33160a67801c6a2/native/B11/9cc2cb31488542fd92ad27affc332398/data/scripts/vnext/text_business_candidates.py', ""[Errno 28] No space left on device: '/workspace/work/live-marriott-20261004/result-exports/.20261003T163448Z-f6e42f9b.preparing-fc002222fafb4badb33160a67801c6a2/native/B11/9cc2cb31488542fd92ad27affc332398/data/scripts/vnext/text_business_candidates.py'""), ('/workspace/work/live-marriott-20261004/company-state/updates/metrics/B11/attempts/9cc2cb31488542fd92ad27affc332398/data/scripts/vnext/ordinary_d02_category_update_v2.py', '/workspace/work/live-marriott-20261004/result-exports/.20261003T163448Z-f6e42f9b.preparing-fc002222fafb4badb33160a67801c6a2/native/B11/9cc2cb31488542fd92ad27affc332398/data/scripts/vnext/ordinary_d02_category_update_v2.py', ""[Errno 28] No space left on device: '/workspace/work/live-marriott-20261004/result-exports/.20261003T163448Z-f6e42f9b.preparing-fc002222fafb4badb33160a67801c6a2/native/B11/9cc2cb31488542fd92ad27affc332398/data/scripts/vnext/ordinary_d02_category_update_v2.py'""), ('/workspace/work/live-marriott-20261004/company-state/updates/metrics/B11/attempts/9cc2cb31488542fd92ad27affc332398/data/scripts/vnext/r4_fixture_authority.py', '/workspace/work/live-marriott-20261004/result-exports/.20261003T163448Z-f6e42f9b.preparing-fc002222fafb4badb33160a67801c6a2/native/B11/9cc2cb31488542fd92ad27affc332398/data/scripts/vnext/r4_fixture_authority.py', ""[Errno 28] No space left on device: '/workspace/work/live-marriott-20261004/result-exports/.20261003T163448Z-f6e42f9b.preparing-fc002222fafb4badb33160a67801c6a2/native/B11/9cc2cb31488542fd92ad27affc332398/data/scripts/vnext/r4_fixture_authority.py'""), ('/workspace/work/live-marriott-20261004/company-state/updates/metrics/B11/attempts/9cc2cb31488542fd92ad27affc332398/data/scripts/vnext/ordinary_release_preparation.py', '/workspace/work/live-marriott-20261004/result-exports/.20261003T163448Z-f6e42f9b.preparing-fc002222fafb4badb33160a67801c6a2/native/B11/9cc2cb31488542fd92ad27affc332398/data/scripts/vnext/ordinary_release_preparation.py', ""[Errno 28] No space left on device: '/workspace/work/live-marriott-20261004/result-exports/.20261003T163448Z-f6e42f9b.preparing-fc002222fafb4badb33160a67801c6a2/native/B11/9cc2cb31488542fd92ad27affc332398/data/scripts/vnext/ordinary_release_preparation.py'""), ('/workspace/work/live-marriott-20261004/company-state/updates/metrics/B11/attempts/9cc2cb31488542fd92ad27affc332398/data/scripts/vnext/traits.py', '/workspace/work/live-marriott-20261004/result-exports/.20261003T163448Z-f6e42f9b.preparing-fc002222fafb4badb33160a67801c6a2/native/B11/9cc2cb31488542fd92ad27affc332398/data/scripts/vnext/traits.py', ""[Errno 28] No space left on device: '/workspace/work/live-marriott-20261004/result-exports/.20261003T163448Z-f6e42f9b.preparing-fc002222fafb4badb33160a67801c6a2/native/B11/9cc2cb31488542fd92ad27affc332398/data/scripts/vnext/traits.py'""), ('/workspace/work/live-marriott-20261004/company-state/updates/metrics/B11/attempts/9cc2cb31488542fd92ad27affc332398/data/scripts/vnext/terminal_cycle.py', '/workspace/work/live-marriott-20261004/result-exports/.20261003T163448Z-f6e42f9b.preparing-fc002222fafb4badb33160a67801c6a2/native/B11/9cc2cb31488542fd92ad27affc332398/data/scripts/vnext/terminal_cycle.py', ""[Errno 28] No space left on device: '/workspace/work/live-marriott-20261004/result-exports/.20261003T163448Z-f6e42f9b.preparing-fc002222fafb4badb33160a67801c6a2/native/B11/9cc2cb31488542fd92ad27affc332398/data/scripts/vnext/terminal_cycle.py'""), ('/workspace/work/live-marriott-20261004/company-state/updates/metrics/B11/attempts/9cc2cb31488542fd92ad27affc332398/data/scripts/vnext/ordinary_projection.py', '/workspace/work/live-marriott-20261004/result-exports/.20261003T163448Z-f6e42f9b.preparing-fc002222fafb4badb33160a67801c6a2/native/B11/9cc2cb31488542fd92ad27affc332398/data/scripts/vnext/ordinary_projection.py', ""[Errno 28] No space left on device: '/workspace/work/live-marriott-20261004/result-exports/.20261003T163448Z-f6e42f9b.preparing-fc002222fafb4badb33160a67801c6a2/native/B11/9cc2cb31488542fd92ad27affc332398/data/scripts/vnext/ordinary_projection.py'""), ('/workspace/work/live-marriott-20261004/company-state/updates/metrics/B11/attempts/9cc2cb31488542fd92ad27affc332398/data/scripts/vnext/ordinary_e01_item_text_input.py', '/workspace/work/live-marriott-20261004/result-exports/.20261003T163448Z-f6e42f9b.preparing-fc002222fafb4badb33160a67801c6a2/native/B11/9cc2cb31488542fd92ad27affc332398/data/scripts/vnext/ordinary_e01_item_text_input.py', ""[Errno 28] No space left on device: '/workspace/work/live-marriott-20261004/result-exports/.20261003T163448Z-f6e42f9b.preparing-fc002222fafb4badb33160a67801c6a2/native/B11/9cc2cb31488542fd92ad27affc332398/data/scripts/vnext/ordinary_e01_item_text_input.py'""), ('/workspace/work/live-marriott-20261004/company-state/updates/metrics/B11/attempts/9cc2cb31488542fd92ad27affc332398/data/scripts/vnext/requirement_profile_v10.py', '/workspace/work/live-marriott-20261004/result-exports/.20261003T163448Z-f6e42f9b.preparing-fc002222fafb4badb33160a67801c6a2/native/B11/9cc2cb31488542fd92ad27affc332398/data/scripts/vnext/requirement_profile_v10.py', ""[Errno 28] No space left on device: '/workspace/work/live-marriott-20261004/result-exports/.20261003T163448Z-f6e42f9b.preparing-fc002222fafb4badb33160a67801c6a2/native/B11/9cc2cb31488542fd92ad27affc332398/data/scripts/vnext/requirement_profile_v10.py'""), ('/workspace/work/live-marriott-20261004/company-state/updates/metrics/B11/attempts/9cc2cb31488542fd92ad27affc332398/data/scripts/vnext/stage_c_context_packet.py', '/workspace/work/live-marriott-20261004/result-exports/.20261003T163448Z-f6e42f9b.preparing-fc002222fafb4badb33160a67801c6a2/native/B11/9cc2cb31488542fd92ad27affc332398/data/scripts/vnext/stage_c_context_packet.py', ""[Errno 28] No space left on device: '/workspace/work/live-marriott-20261004/result-exports/.20261003T163448Z-f6e42f9b.preparing-fc002222fafb4badb33160a67801c6a2/native/B11/9cc2cb31488542fd92ad27affc332398/data/scripts/vnext/stage_c_context_packet.py'""), ('/workspace/work/live-marriott-20261004/company-state/updates/metrics/B11/attempts/9cc2cb31488542fd92ad27affc332398/data/scripts/vnext/ordinary_d02_category_update.py', '/workspace/work/live-marriott-20261004/result-exports/.20261003T163448Z-f6e42f9b.preparing-fc002222fafb4badb33160a67801c6a2/native/B11/9cc2cb31488542fd92ad27affc332398/data/scripts/vnext/ordinary_d02_category_update.py', ""[Errno 28] No space left on device: '/workspace/work/live-marriott-20261004/result-exports/.20261003T163448Z-f6e42f9b.preparing-fc002222fafb4badb33160a67801c6a2/native/B11/9cc2cb31488542fd92ad27affc332398/data/scripts/vnext/ordinary_d02_category_update.py'""), ('/workspace/work/live-marriott-20261004/company-state/updates/metrics/B11/attempts/9cc2cb31488542fd92ad27affc332398/data/scripts/vnext/capacity_quantity_roles.py', '/workspace/work/live-marriott-20261004/result-exports/.20261003T163448Z-f6e42f9b.preparing-fc002222fafb4badb33160a67801c6a2/native/B11/9cc2cb31488542fd92ad27affc332398/data/scripts/vnext/capacity_quantity_roles.py', ""[Errno 28] No space left on device: '/workspace/work/live-marriott-20261004/result-exports/.20261003T163448Z-f6e42f9b.preparing-fc002222fafb4badb33160a67801c6a2/native/B11/9cc2cb31488542fd92ad27affc332398/data/scripts/vnext/capacity_quantity_roles.py'""), ('/workspace/work/live-marriott-20261004/company-state/updates/metrics/B11/attempts/9cc2cb31488542fd92ad27affc332398/data/scripts/vnext/continuous_b13_v4_enphase.py', '/workspace/work/live-marriott-20261004/result-exports/.20261003T163448Z-f6e42f9b.preparing-fc002222fafb4badb33160a67801c6a2/native/B11/9cc2cb31488542fd92ad27affc332398/data/scripts/vnext/continuous_b13_v4_enphase.py', ""[Errno 28] No space left on device: '/workspace/work/live-marriott-20261004/result-exports/.20261003T163448Z-f6e42f9b.preparing-fc002222fafb4badb33160a67801c6a2/native/B11/9cc2cb31488542fd92ad27affc332398/data/scripts/vnext/continuous_b13_v4_enphase.py'""), ('/workspace/work/live-marriott-20261004/company-state/updates/metrics/B11/attempts/9cc2cb31488542fd92ad27affc332398/data/scripts/vnext/ordinary_isolated_publication.py', '/workspace/work/live-marriott-20261004/result-exports/.20261003T163448Z-f6e42f9b.preparing-fc002222fafb4badb33160a67801c6a2/native/B11/9cc2cb31488542fd92ad27affc332398/data/scripts/vnext/ordinary_isolated_publication.py', ""[Errno 28] No space left on device: '/workspace/work/live-marriott-20261004/result-exports/.20261003T163448Z-f6e42f9b.preparing-fc002222fafb4badb33160a67801c6a2/native/B11/9cc2cb31488542fd92ad27affc332398/data/scripts/vnext/ordinary_isolated_publication.py'""), ('/workspace/work/live-marriott-20261004/company-state/updates/metrics/B11/attempts/9cc2cb31488542fd92ad27affc332398/data/scripts/vnext/annual_publication_authority.py', '/workspace/work/live-marriott-20261004/result-exports/.20261003T163448Z-f6e42f9b.preparing-fc002222fafb4badb33160a67801c6a2/native/B11/9cc2cb31488542fd92ad27affc332398/data/scripts/vnext/annual_publication_authority.py', ""[Errno 28] No space left on device: '/workspace/work/live-marriott-20261004/result-exports/.20261003T163448Z-f6e42f9b.preparing-fc002222fafb4badb33160a67801c6a2/native/B11/9cc2cb31488542fd92ad27affc332398/data/scripts/vnext/annual_publication_authority.py'""), ('/workspace/work/live-marriott-20261004/company-state/updates/metrics/B11/attempts/9cc2cb31488542fd92ad27affc332398/data/scripts/vnext/live_scoped_reader.py', '/workspace/work/live-marriott-20261004/result-exports/.20261003T163448Z-f6e42f9b.preparing-fc002222fafb4badb33160a67801c6a2/native/B11/9cc2cb31488542fd92ad27affc332398/data/scripts/vnext/live_scoped_reader.py', ""[Errno 28] No space left on device: '/workspace/work/live-marriott-20261004/result-exports/.20261003T163448Z-f6e42f9b.preparing-fc002222fafb4badb33160a67801c6a2/native/B11/9cc2cb31488542fd92ad27affc332398/data/scripts/vnext/live_scoped_reader.py'""), ('/workspace/work/live-marriott-20261004/company-state/updates/metrics/B11/attempts/9cc2cb31488542fd92ad27affc332398/data/scripts/vnext/ordinary_text_input.py', '/workspace/work/live-marriott-20261004/result-exports/.20261003T163448Z-f6e42f9b.preparing-fc002222fafb4badb33160a67801c6a2/native/B11/9cc2cb31488542fd92ad27affc332398/data/scripts/vnext/ordinary_text_input.py', ""[Errno 28] No space left on device: '/workspace/work/live-marriott-20261004/result-exports/.20261003T163448Z-f6e42f9b.preparing-fc002222fafb4badb33160a67801c6a2/native/B11/9cc2cb31488542fd92ad27affc332398/data/scripts/vnext/ordinary_text_input.py'""), ('/workspace/work/live-marriott-20261004/company-state/updates/metrics/B11/attempts/9cc2cb31488542fd92ad27affc332398/data/scripts/vnext/ordinary_processing_source.py', '/workspace/work/live-marriott-20261004/result-exports/.20261003T163448Z-f6e42f9b.preparing-fc002222fafb4badb33160a67801c6a2/native/B11/9cc2cb31488542fd92ad27affc332398/data/scripts/vnext/ordinary_processing_source.py', ""[Errno 28] No space left on device: '/workspace/work/live-marriott-20261004/result-exports/.20261003T163448Z-f6e42f9b.preparing-fc002222fafb4badb33160a67801c6a2/native/B11/9cc2cb31488542fd92ad27affc332398/data/scripts/vnext/ordinary_processing_source.py'""), ('/workspace/work/live-marriott-20261004/company-state/updates/metrics/B11/attempts/9cc2cb31488542fd92ad27affc332398/data/scripts/vnext/__init__.py', '/workspace/work/live-marriott-20261004/result-exports/.20261003T163448Z-f6e42f9b.preparing-fc002222fafb4badb33160a67801c6a2/native/B11/9cc2cb31488542fd92ad27affc332398/data/scripts/vnext/__init__.py', ""[Errno 28] No space left on device: '/workspace/work/live-marriott-20261004/result-exports/.20261003T163448Z-f6e42f9b.preparing-fc002222fafb4badb33160a67801c6a2/native/B11/9cc2cb31488542fd92ad27affc332398/data/scripts/vnext/__init__.py'""), ('/workspace/work/live-marriott-20261004/company-state/updates/metrics/B11/attempts/9cc2cb31488542fd92ad27affc332398/data/scripts/vnext/continuous_call_policy.py', '/workspace/work/live-marriott-20261004/result-exports/.20261003T163448Z-f6e42f9b.preparing-fc002222fafb4badb33160a67801c6a2/native/B11/9cc2cb31488542fd92ad27affc332398/data/scripts/vnext/continuous_call_policy.py', ""[Errno 28] No space left on device: '/workspace/work/live-marriott-20261004/result-exports/.20261003T163448Z-f6e42f9b.preparing-fc002222fafb4badb33160a67801c6a2/native/B11/9cc2cb31488542fd92ad27affc332398/data/scripts/vnext/continuous_call_policy.py'""), ('/workspace/work/live-marriott-20261004/company-state/updates/metrics/B11/attempts/9cc2cb31488542fd92ad27affc332398/data/scripts/vnext/annual_adoption.py', '/workspace/work/live-marriott-20261004/result-exports/.20261003T163448Z-f6e42f9b.preparing-fc002222fafb4badb33160a67801c6a2/native/B11/9cc2cb31488542fd92ad27affc332398/data/scripts/vnext/annual_adoption.py', ""[Errno 28] No space left on device: '/workspace/work/live-marriott-20261004/result-exports/.20261003T163448Z-f6e42f9b.preparing-fc002222fafb4badb33160a67801c6a2/native/B11/9cc2cb31488542fd92ad27affc332398/data/scripts/vnext/annual_adoption.py'""), ('/workspace/work/live-marriott-20261004/company-state/updates/metrics/B11/attempts/9cc2cb31488542fd92ad27affc332398/data/scripts/vnext/company_local_acquisition.py', '/workspace/work/live-marriott-20261004/result-exports/.20261003T163448Z-f6e42f9b.preparing-fc002222fafb4badb33160a67801c6a2/native/B11/9cc2cb31488542fd92ad27affc332398/data/scripts/vnext/company_local_acquisition.py', ""[Errno 28] No space left on device: '/workspace/work/live-marriott-20261004/result-exports/.20261003T163448Z-f6e42f9b.preparing-fc002222fafb4badb33160a67801c6a2/native/B11/9cc2cb31488542fd92ad27affc332398/data/scripts/vnext/company_local_acquisition.py'""), ('/workspace/work/live-marriott-20261004/company-state/updates/metrics/B11/attempts/9cc2cb31488542fd92ad27affc332398/data/scripts/vnext/requirement_profile_v12.py', '/workspace/work/live-marriott-20261004/result-exports/.20261003T163448Z-f6e42f9b.preparing-fc002222fafb4badb33160a67801c6a2/native/B11/9cc2cb31488542fd92ad27affc332398/data/scripts/vnext/requirement_profile_v12.py', ""[Errno 28] No space left on device: '/workspace/work/live-marriott-20261004/result-exports/.20261003T163448Z-f6e42f9b.preparing-fc002222fafb4badb33160a67801c6a2/native/B11/9cc2cb31488542fd92ad27affc332398/data/scripts/vnext/requirement_profile_v12.py'""), ('/workspace/work/live-marriott-20261004/company-state/updates/metrics/B11/attempts/9cc2cb31488542fd92ad27affc332398/data/scripts/vnext/native_assessment_replay.py', '/workspace/work/live-marriott-20261004/result-exports/.20261003T163448Z-f6e42f9b.preparing-fc002222fafb4badb33160a67801c6a2/native/B11/9cc2cb31488542fd92ad27affc332398/data/scripts/vnext/native_assessment_replay.py', ""[Errno 28] No space left on device: '/workspace/work/live-marriott-20261004/result-exports/.20261003T163448Z-f6e42f9b.preparing-fc002222fafb4badb33160a67801c6a2/native/B11/9cc2cb31488542fd92ad27affc332398/data/scripts/vnext/native_assessment_replay.py'""), ('/workspace/work/live-marriott-20261004/company-state/updates/metrics/B11/attempts/9cc2cb31488542fd92ad27affc332398/data/scripts/vnext/annual_continuity_snapshot.py', '/workspace/work/live-marriott-20261004/result-exports/.20261003T163448Z-f6e42f9b.preparing-fc002222fafb4badb33160a67801c6a2/native/B11/9cc2cb31488542fd92ad27affc332398/data/scripts/vnext/annual_continuity_snapshot.py', ""[Errno 28] No space left on device: '/workspace/work/live-marriott-20261004/result-exports/.20261003T163448Z-f6e42f9b.preparing-fc002222fafb4badb33160a67801c6a2/native/B11/9cc2cb31488542fd92ad27affc332398/data/scripts/vnext/annual_continuity_snapshot.py'""), ('/workspace/work/live-marriott-20261004/company-state/updates/metrics/B11/attempts/9cc2cb31488542fd92ad27affc332398/data/scripts/vnext/requirement_profile_v11.py', '/workspace/work/live-marriott-20261004/result-exports/.20261003T163448Z-f6e42f9b.preparing-fc002222fafb4badb33160a67801c6a2/native/B11/9cc2cb31488542fd92ad27affc332398/data/scripts/vnext/requirement_profile_v11.py', ""[Errno 28] No space left on device: '/workspace/work/live-marriott-20261004/result-exports/.20261003T163448Z-f6e42f9b.preparing-fc002222fafb4badb33160a67801c6a2/native/B11/9cc2cb31488542fd92ad27affc332398/data/scripts/vnext/requirement_profile_v11.py'""), ('/workspace/work/live-marriott-20261004/company-state/updates/metrics/B11/attempts/9cc2cb31488542fd92ad27affc332398/data/scripts/vnext/table_context_comparison.py', '/workspace/work/live-marriott-20261004/result-exports/.20261003T163448Z-f6e42f9b.preparing-fc002222fafb4badb33160a67801c6a2/native/B11/9cc2cb31488542fd92ad27affc332398/data/scripts/vnext/table_context_comparison.py', ""[Errno 28] No space left on device: '/workspace/work/live-marriott-20261004/result-exports/.20261003T163448Z-f6e42f9b.preparing-fc002222fafb4badb33160a67801c6a2/native/B11/9cc2cb31488542fd92ad27affc332398/data/scripts/vnext/table_context_comparison.py'""), ('/workspace/work/live-marriott-20261004/company-state/updates/metrics/B11/attempts/9cc2cb31488542fd92ad27affc332398/data/scripts/vnext/company_result_export.py', '/workspace/work/live-marriott-20261004/result-exports/.20261003T163448Z-f6e42f9b.preparing-fc002222fafb4badb33160a67801c6a2/native/B11/9cc2cb31488542fd92ad27affc332398/data/scripts/vnext/company_result_export.py', ""[Errno 28] No space left on device: '/workspace/work/live-marriott-20261004/result-exports/.20261003T163448Z-f6e42f9b.preparing-fc002222fafb4badb33160a67801c6a2/native/B11/9cc2cb31488542fd92ad27affc332398/data/scripts/vnext/company_result_export.py'""), ('/workspace/work/live-marriott-20261004/company-state/updates/metrics/B11/attempts/9cc2cb31488542fd92ad27affc332398/data/scripts/vnext/d04_native_assessment.py', '/workspace/work/live-marriott-20261004/result-exports/.20261003T163448Z-f6e42f9b.preparing-fc002222fafb4badb33160a67801c6a2/native/B11/9cc2cb31488542fd92ad27affc332398/data/scripts/vnext/d04_native_assessment.py', ""[Errno 28] No space left on device: '/workspace/work/live-marriott-20261004/result-exports/.20261003T163448Z-f6e42f9b.preparing-fc002222fafb4badb33160a67801c6a2/native/B11/9cc2cb31488542fd92ad27affc332398/data/scripts/vnext/d04_native_assessment.py'""), ('/workspace/work/live-marriott-20261004/company-state/updates/metrics/B11/attempts/9cc2cb31488542fd92ad27affc332398/data/scripts/vnext/company_handoff.py', '/workspace/work/live-marriott-20261004/result-exports/.20261003T163448Z-f6e42f9b.preparing-fc002222fafb4badb33160a67801c6a2/native/B11/9cc2cb31488542fd92ad27affc332398/data/scripts/vnext/company_handoff.py', ""[Errno 28] No space left on device: '/workspace/work/live-marriott-20261004/result-exports/.20261003T163448Z-f6e42f9b.preparing-fc002222fafb4badb33160a67801c6a2/native/B11/9cc2cb31488542fd92ad27affc332398/data/scripts/vnext/company_handoff.py'""), ('/workspace/work/live-marriott-20261004/company-state/updates/metrics/B11/attempts/9cc2cb31488542fd92ad27affc332398/data/scripts/vnext/financial_results.py', '/workspace/work/live-marriott-20261004/result-exports/.20261003T163448Z-f6e42f9b.preparing-fc002222fafb4badb33160a67801c6a2/native/B11/9cc2cb31488542fd92ad27affc332398/data/scripts/vnext/financial_results.py', ""[Errno 28] No space left on device: '/workspace/work/live-marriott-20261004/result-exports/.20261003T163448Z-f6e42f9b.preparing-fc002222fafb4badb33160a67801c6a2/native/B11/9cc2cb31488542fd92ad27affc332398/data/scripts/vnext/financial_results.py'""), ('/workspace/work/live-marriott-20261004/company-state/updates/metrics/B11/attempts/9cc2cb31488542fd92ad27affc332398/data/scripts/vnext/requirement_profile_v4.py', '/workspace/work/live-marriott-20261004/result-exports/.20261003T163448Z-f6e42f9b.preparing-fc002222fafb4badb33160a67801c6a2/native/B11/9cc2cb31488542fd92ad27affc332398/data/scripts/vnext/requirement_profile_v4.py', ""[Errno 28] No space left on device: '/workspace/work/live-marriott-20261004/result-exports/.20261003T163448Z-f6e42f9b.preparing-fc002222fafb4badb33160a67801c6a2/native/B11/9cc2cb31488542fd92ad27affc332398/data/scripts/vnext/requirement_profile_v4.py'""), ('/workspace/work/live-marriott-20261004/company-state/updates/metrics/B11/attempts/9cc2cb31488542fd92ad27affc332398/data/scripts/vnext/reader_input.py', '/workspace/work/live-marriott-20261004/result-exports/.20261003T163448Z-f6e42f9b.preparing-fc002222fafb4badb33160a67801c6a2/native/B11/9cc2cb31488542fd92ad27affc332398/data/scripts/vnext/reader_input.py', ""[Errno 28] No space left on device: '/workspace/work/live-marriott-20261004/result-exports/.20261003T163448Z-f6e42f9b.preparing-fc002222fafb4badb33160a67801c6a2/native/B11/9cc2cb31488542fd92ad27affc332398/data/scripts/vnext/reader_input.py'""), ('/workspace/work/live-marriott-20261004/company-state/updates/metrics/B11/attempts/9cc2cb31488542fd92ad27affc332398/data/scripts/vnext/evidence.py', '/workspace/work/live-marriott-20261004/result-exports/.20261003T163448Z-f6e42f9b.preparing-fc002222fafb4badb33160a67801c6a2/native/B11/9cc2cb31488542fd92ad27affc332398/data/scripts/vnext/evidence.py', ""[Errno 28] No space left on device: '/workspace/work/live-marriott-20261004/result-exports/.20261003T163448Z-f6e42f9b.preparing-fc002222fafb4badb33160a67801c6a2/native/B11/9cc2cb31488542fd92ad27affc332398/data/scripts/vnext/evidence.py'""), ('/workspace/work/live-marriott-20261004/company-state/updates/metrics/B11/attempts/9cc2cb31488542fd92ad27affc332398/data/scripts/vnext/continuous_sec_acquisition.py', '/workspace/work/live-marriott-20261004/result-exports/.20261003T163448Z-f6e42f9b.preparing-fc002222fafb4badb33160a67801c6a2/native/B11/9cc2cb31488542fd92ad27affc332398/data/scripts/vnext/continuous_sec_acquisition.py', ""[Errno 28] No space left on device: '/workspace/work/live-marriott-20261004/result-exports/.20261003T163448Z-f6e42f9b.preparing-fc002222fafb4badb33160a67801c6a2/native/B11/9cc2cb31488542fd92ad27affc332398/data/scripts/vnext/continuous_sec_acquisition.py'""), ('/workspace/work/live-marriott-20261004/company-state/updates/metrics/B11/attempts/9cc2cb31488542fd92ad27affc332398/data/scripts/vnext/historical_board_composition.py', '/workspace/work/live-marriott-20261004/result-exports/.20261003T163448Z-f6e42f9b.preparing-fc002222fafb4badb33160a67801c6a2/native/B11/9cc2cb31488542fd92ad27affc332398/data/scripts/vnext/historical_board_composition.py', ""[Errno 28] No space left on device: '/workspace/work/live-marriott-20261004/result-exports/.20261003T163448Z-f6e42f9b.preparing-fc002222fafb4badb33160a67801c6a2/native/B11/9cc2cb31488542fd92ad27affc332398/data/scripts/vnext/historical_board_composition.py'""), ('/workspace/work/live-marriott-20261004/company-state/updates/metrics/B11/attempts/9cc2cb31488542fd92ad27affc332398/data/scripts/vnext/annual_continuity_publication.py', '/workspace/work/live-marriott-20261004/result-exports/.20261003T163448Z-f6e42f9b.preparing-fc002222fafb4badb33160a67801c6a2/native/B11/9cc2cb31488542fd92ad27affc332398/data/scripts/vnext/annual_continuity_publication.py', ""[Errno 28] No space left on device: '/workspace/work/live-marriott-20261004/result-exports/.20261003T163448Z-f6e42f9b.preparing-fc002222fafb4badb33160a67801c6a2/native/B11/9cc2cb31488542fd92ad27affc332398/data/scripts/vnext/annual_continuity_publication.py'""), ('/workspace/work/live-marriott-20261004/company-state/updates/metrics/B11/attempts/9cc2cb31488542fd92ad27affc332398/data/scripts/vnext/ai_adapter.py', '/workspace/work/live-marriott-20261004/result-exports/.20261003T163448Z-f6e42f9b.preparing-fc002222fafb4badb33160a67801c6a2/native/B11/9cc2cb31488542fd92ad27affc332398/data/scripts/vnext/ai_adapter.py', ""[Errno 28] No space left on device: '/workspace/work/live-marriott-20261004/result-exports/.20261003T163448Z-f6e42f9b.preparing-fc002222fafb4badb33160a67801c6a2/native/B11/9cc2cb31488542fd92ad27affc332398/data/scripts/vnext/ai_adapter.py'""), ('/workspace/work/live-marriott-20261004/company-state/updates/metrics/B11/attempts/9cc2cb31488542fd92ad27affc332398/data/scripts/vnext/continuous_call_ledger.py', '/workspace/work/live-marriott-20261004/result-exports/.20261003T163448Z-f6e42f9b.preparing-fc002222fafb4badb33160a67801c6a2/native/B11/9cc2cb31488542fd92ad27affc332398/data/scripts/vnext/continuous_call_ledger.py', ""[Errno 28] No space left on device: '/workspace/work/live-marriott-20261004/result-exports/.20261003T163448Z-f6e42f9b.preparing-fc002222fafb4badb33160a67801c6a2/native/B11/9cc2cb31488542fd92ad27affc332398/data/scripts/vnext/continuous_call_ledger.py'""), ('/workspace/work/live-marriott-20261004/company-state/updates/metrics/B11/attempts/9cc2cb31488542fd92ad27affc332398/data/scripts/vnext/regulatory_fact_review.py', '/workspace/work/live-marriott-20261004/result-exports/.20261003T163448Z-f6e42f9b.preparing-fc002222fafb4badb33160a67801c6a2/native/B11/9cc2cb31488542fd92ad27affc332398/data/scripts/vnext/regulatory_fact_review.py', ""[Errno 28] No space left on device: '/workspace/work/live-marriott-20261004/result-exports/.20261003T163448Z-f6e42f9b.preparing-fc002222fafb4badb33160a67801c6a2/native/B11/9cc2cb31488542fd92ad27affc332398/data/scripts/vnext/regulatory_fact_review.py'""), ('/workspace/work/live-marriott-20261004/company-state/updates/metrics/B11/attempts/9cc2cb31488542fd92ad27affc332398/data/scripts/vnext/financial_relationships.py', '/workspace/work/live-marriott-20261004/result-exports/.20261003T163448Z-f6e42f9b.preparing-fc002222fafb4badb33160a67801c6a2/native/B11/9cc2cb31488542fd92ad27affc332398/data/scripts/vnext/financial_relationships.py', ""[Errno 28] No space left on device: '/workspace/work/live-marriott-20261004/result-exports/.20261003T163448Z-f6e42f9b.preparing-fc002222fafb4badb33160a67801c6a2/native/B11/9cc2cb31488542fd92ad27affc332398/data/scripts/vnext/financial_relationships.py'""), ('/workspace/work/live-marriott-20261004/company-state/updates/metrics/B11/attempts/9cc2cb31488542fd92ad27affc332398/data/docs', '/workspace/work/live-marriott-20261004/result-exports/.20261003T163448Z-f6e42f9b.preparing-fc002222fafb4badb33160a67801c6a2/native/B11/9cc2cb31488542fd92ad27affc332398/data/docs', ""[Errno 28] No space left on device: '/workspace/work/live-marriott-20261004/result-exports/.20261003T163448Z-f6e42f9b.preparing-fc002222fafb4badb33160a67801c6a2/native/B11/9cc2cb31488542fd92ad27affc332398/data/docs'""), ('/workspace/work/live-marriott-20261004/company-state/updates/metrics/B11/attempts/9cc2cb31488542fd92ad27affc332398/data/outputs', '/workspace/work/live-marriott-20261004/result-exports/.20261003T163448Z-f6e42f9b.preparing-fc002222fafb4badb33160a67801c6a2/native/B11/9cc2cb31488542fd92ad27affc332398/data/outputs', ""[Errno 28] No space left on device: '/workspace/work/live-marriott-20261004/result-exports/.20261003T163448Z-f6e42f9b.preparing-fc002222fafb4badb33160a67801c6a2/native/B11/9cc2cb31488542fd92ad27affc332398/data/outputs'""), ('/workspace/work/live-marriott-20261004/company-state/updates/metrics/B11/attempts/9cc2cb31488542fd92ad27affc332398/data/ordinary_integrated_bindings', '/workspace/work/live-marriott-20261004/result-exports/.20261003T163448Z-f6e42f9b.preparing-fc002222fafb4badb33160a67801c6a2/native/B11/9cc2cb31488542fd92ad27affc332398/data/ordinary_integrated_bindings', ""[Errno 28] No space left on device: '/workspace/work/live-marriott-20261004/result-exports/.20261003T163448Z-f6e42f9b.preparing-fc002222fafb4badb33160a67801c6a2/native/B11/9cc2cb31488542fd92ad27affc332398/data/ordinary_integrated_bindings'""), ('/workspace/work/live-marriott-20261004/company-state/updates/metrics/B11/attempts/9cc2cb31488542fd92ad27affc332398/data/tools', '/workspace/work/live-marriott-20261004/result-exports/.20261003T163448Z-f6e42f9b.preparing-fc002222fafb4badb33160a67801c6a2/native/B11/9cc2cb31488542fd92ad27affc332398/data/tools', ""[Errno 28] No space left on device: '/workspace/work/live-marriott-20261004/result-exports/.20261003T163448Z-f6e42f9b.preparing-fc002222fafb4badb33160a67801c6a2/native/B11/9cc2cb31488542fd92ad27affc332398/data/tools'""), ('/workspace/work/live-marriott-20261004/company-state/updates/metrics/B11/attempts/9cc2cb31488542fd92ad27affc332398/data/tests', '/workspace/work/live-marriott-20261004/result-exports/.20261003T163448Z-f6e42f9b.preparing-fc002222fafb4badb33160a67801c6a2/native/B11/9cc2cb31488542fd92ad27affc332398/data/tests', ""[Errno 28] No space left on device: '/workspace/work/live-marriott-20261004/result-exports/.20261003T163448Z-f6e42f9b.preparing-fc002222fafb4badb33160a67801c6a2/native/B11/9cc2cb31488542fd92ad27affc332398/data/tests'""), ('/workspace/work/live-marriott-20261004/company-state/updates/metrics/B11/attempts/9cc2cb31488542fd92ad27affc332398/data/evidence', '/workspace/work/live-marriott-20261004/result-exports/.20261003T163448Z-f6e42f9b.preparing-fc002222fafb4badb33160a67801c6a2/native/B11/9cc2cb31488542fd92ad27affc332398/data/evidence', ""[Errno 28] No space left on device: '/workspace/work/live-marriott-20261004/result-exports/.20261003T163448Z-f6e42f9b.preparing-fc002222fafb4badb33160a67801c6a2/native/B11/9cc2cb31488542fd92ad27affc332398/data/evidence'""), ('/workspace/work/live-marriott-20261004/company-state/updates/metrics/B11/attempts/9cc2cb31488542fd92ad27affc332398/rows', '/workspace/work/live-marriott-20261004/result-exports/.20261003T163448Z-f6e42f9b.preparing-fc002222fafb4badb33160a67801c6a2/native/B11/9cc2cb31488542fd92ad27affc332398/rows', ""[Errno 28] No space left on device: '/workspace/work/live-marriott-20261004/result-exports/.20261003T163448Z-f6e42f9b.preparing-fc002222fafb4badb33160a67801c6a2/native/B11/9cc2cb31488542fd92ad27affc332398/rows'"")]",marriott_international,run:ordinary-integrated:06a1a1c71a111456c42d110ec20c9dea8e5a93de4aff55b9dcadc813feaf915a,sha256:22b9eb74b256304a342c5943bda1213dacfd33c390254aac412dd7637758ec80,issue_54_v4,sha256:7e577402fa98974628bf613a3a82e66d79f55385ccce117ea5d1f0cd11d49fa2,sha256:671a25cd86baceec0cd20a6be08cbb225328ce65bf46e91fb435a80ca39da4d9,sha256:671a25cd86baceec0cd20a6be08cbb225328ce65bf46e91fb435a80ca39da4d9,sha256:671a25cd86baceec0cd20a6be08cbb225328ce65bf46e91fb435a80ca39da4d9,,,True,MATCHED,REPLAY_FAILED,CANDIDATE_READY,CANDIDATE_READY,True,VERIFIED_SEC_ACQUISITION,,,RUN_ARCHIVE_COORDINATE,,,,,,NATIVE_RECORD_INVALID,[],20261003T163448Z-f6e42f9b,FLOW_COMPLETED_WITH_LIMITATIONS,CANDIDATE_READY,True,SOURCES_READY
,,B12,,,,WITHHELD,,,2025-12-31,2025-12-31,2025,,,,,,,,[Errno 28] No space left on device: '/workspace/work/live-marriott-20261004/result-exports/.20261003T163448Z-f6e42f9b.preparing-fc002222fafb4badb33160a67801c6a2/native/B12',marriott_international,run:ordinary-integrated:26ad54575c1fbea98cd9c7edf47b9b5f294f9063dc60e279137bc80d13e9df25,sha256:f8bf3cd3536b0839d599c692d1c56da0874a07f8f9e63e8ee09aa08826142fd1,issue_54_v4,sha256:7e577402fa98974628bf613a3a82e66d79f55385ccce117ea5d1f0cd11d49fa2,sha256:671a25cd86baceec0cd20a6be08cbb225328ce65bf46e91fb435a80ca39da4d9,sha256:671a25cd86baceec0cd20a6be08cbb225328ce65bf46e91fb435a80ca39da4d9,sha256:671a25cd86baceec0cd20a6be08cbb225328ce65bf46e91fb435a80ca39da4d9,,,True,MATCHED,REPLAY_FAILED,CANDIDATE_READY,CANDIDATE_READY,True,VERIFIED_SEC_ACQUISITION,,,RUN_ARCHIVE_COORDINATE,,,,,,NATIVE_RECORD_INVALID,[],20261003T163448Z-f6e42f9b,FLOW_COMPLETED_WITH_LIMITATIONS,CANDIDATE_READY,True,SOURCES_READY
,,B13,,,,WITHHELD,,,2025-01-01,2025-12-31,2025,,,,,,,,[Errno 28] No space left on device: '/workspace/work/live-marriott-20261004/result-exports/.20261003T163448Z-f6e42f9b.preparing-fc002222fafb4badb33160a67801c6a2/native/B13',marriott_international,run:ordinary-integrated:b73234d5540241dbc011a2269c67d7b5c08a65625bcceeab2b9ce9e8251cdbb1,sha256:376e6bda8877a7ae39a8f53055091125ce8b1a825275cfe6495bcb735b313411,issue_54_v4,sha256:7e577402fa98974628bf613a3a82e66d79f55385ccce117ea5d1f0cd11d49fa2,sha256:671a25cd86baceec0cd20a6be08cbb225328ce65bf46e91fb435a80ca39da4d9,sha256:671a25cd86baceec0cd20a6be08cbb225328ce65bf46e91fb435a80ca39da4d9,sha256:671a25cd86baceec0cd20a6be08cbb225328ce65bf46e91fb435a80ca39da4d9,,,True,MATCHED,REPLAY_FAILED,CANDIDATE_READY,CANDIDATE_READY,True,VERIFIED_SEC_ACQUISITION,,,RUN_ARCHIVE_COORDINATE,,,,,,NATIVE_RECORD_INVALID,[],20261003T163448Z-f6e42f9b,FLOW_COMPLETED_WITH_LIMITATIONS,CANDIDATE_READY,True,SOURCES_READY
,,C02,,,,WITHHELD,,,2025-01-01,2025-12-31,2025,,,,,,,,[Errno 28] No space left on device: '/workspace/work/live-marriott-20261004/result-exports/.20261003T163448Z-f6e42f9b.preparing-fc002222fafb4badb33160a67801c6a2/native/C02',marriott_international,run:ordinary-integrated:4d31771a9dcfcf9140f1e06ed28ee9285780491649c520c26839a4aebec3b70c,sha256:76d930fa42981de3f33acdbf5d07beb1b40308dfaa700c2b1bf6a066e67f0e8f,issue_54_v4,sha256:7e577402fa98974628bf613a3a82e66d79f55385ccce117ea5d1f0cd11d49fa2,sha256:671a25cd86baceec0cd20a6be08cbb225328ce65bf46e91fb435a80ca39da4d9,sha256:671a25cd86baceec0cd20a6be08cbb225328ce65bf46e91fb435a80ca39da4d9,sha256:671a25cd86baceec0cd20a6be08cbb225328ce65bf46e91fb435a80ca39da4d9,,,True,MATCHED,REPLAY_FAILED,CANDIDATE_READY,CANDIDATE_READY,True,VERIFIED_SEC_ACQUISITION,,,RUN_ARCHIVE_COORDINATE,,,,,,NATIVE_RECORD_INVALID,[],20261003T163448Z-f6e42f9b,FLOW_COMPLETED_WITH_LIMITATIONS,CANDIDATE_READY,True,SOURCES_READY
,,C03,,,,WITHHELD,,,2025-01-01,2025-12-31,2025,,,,,,,,[Errno 28] No space left on device: '/workspace/work/live-marriott-20261004/result-exports/.20261003T163448Z-f6e42f9b.preparing-fc002222fafb4badb33160a67801c6a2/native/C03',marriott_international,run:ordinary-integrated:3488cd7142c0b85fbfeb5c38454509523efabb342a847911f17f8e6c706738e5,sha256:dc50a4506b06ae0b4eda71273a275f34cffc4fc73d0dfb9058881f2bf08f53da,issue_54_v4,sha256:7e577402fa98974628bf613a3a82e66d79f55385ccce117ea5d1f0cd11d49fa2,sha256:671a25cd86baceec0cd20a6be08cbb225328ce65bf46e91fb435a80ca39da4d9,sha256:671a25cd86baceec0cd20a6be08cbb225328ce65bf46e91fb435a80ca39da4d9,sha256:671a25cd86baceec0cd20a6be08cbb225328ce65bf46e91fb435a80ca39da4d9,,,True,MATCHED,REPLAY_FAILED,CANDIDATE_READY,CANDIDATE_READY,True,VERIFIED_SEC_ACQUISITION,,,RUN_ARCHIVE_COORDINATE,,,,,,NATIVE_RECORD_INVALID,[],20261003T163448Z-f6e42f9b,FLOW_COMPLETED_WITH_LIMITATIONS,CANDIDATE_READY,True,SOURCES_READY
,,C04,,,,WITHHELD,,,2025-01-01,2025-12-31,2025,,,,,,,,[Errno 28] No space left on device: '/workspace/work/live-marriott-20261004/result-exports/.20261003T163448Z-f6e42f9b.preparing-fc002222fafb4badb33160a67801c6a2/native/C04',marriott_international,run:ordinary-integrated:5790fdbe6630748882e9ff013878bc31d7f24e738a919ddc6cad4997a8a14064,sha256:d79aadf2d0ead3024b80eacffbfaddb7d01bfb9158c42e9887642da5ff5fb1bc,issue_54_v4,sha256:7e577402fa98974628bf613a3a82e66d79f55385ccce117ea5d1f0cd11d49fa2,sha256:671a25cd86baceec0cd20a6be08cbb225328ce65bf46e91fb435a80ca39da4d9,sha256:671a25cd86baceec0cd20a6be08cbb225328ce65bf46e91fb435a80ca39da4d9,sha256:671a25cd86baceec0cd20a6be08cbb225328ce65bf46e91fb435a80ca39da4d9,,,True,MATCHED,REPLAY_FAILED,CANDIDATE_READY,CANDIDATE_READY,True,VERIFIED_SEC_ACQUISITION,,,RUN_ARCHIVE_COORDINATE,,,,,,NATIVE_RECORD_INVALID,[],20261003T163448Z-f6e42f9b,FLOW_COMPLETED_WITH_LIMITATIONS,CANDIDATE_READY,True,SOURCES_READY
,,D01,,,,WITHHELD,,,2025-01-01,2025-12-31,2025,,,,,,,,[Errno 28] No space left on device: '/workspace/work/live-marriott-20261004/result-exports/.20261003T163448Z-f6e42f9b.preparing-fc002222fafb4badb33160a67801c6a2/native/D01',marriott_international,run:ordinary-integrated:293a393ffb1343cd0a46dc7e7120b15145492c567f370ca321eb73c64f3803d5,sha256:a162d2476fd2ee85e9258d407fc2a9d7df81770d4d6b1a82577de6359bba2acf,issue_54_v4,sha256:7e577402fa98974628bf613a3a82e66d79f55385ccce117ea5d1f0cd11d49fa2,sha256:671a25cd86baceec0cd20a6be08cbb225328ce65bf46e91fb435a80ca39da4d9,sha256:671a25cd86baceec0cd20a6be08cbb225328ce65bf46e91fb435a80ca39da4d9,sha256:671a25cd86baceec0cd20a6be08cbb225328ce65bf46e91fb435a80ca39da4d9,,,True,MATCHED,REPLAY_FAILED,CANDIDATE_READY,CANDIDATE_READY,True,VERIFIED_SEC_ACQUISITION,,,RUN_ARCHIVE_COORDINATE,,,,,,NATIVE_RECORD_INVALID,[],20261003T163448Z-f6e42f9b,FLOW_COMPLETED_WITH_LIMITATIONS,CANDIDATE_READY,True,SOURCES_READY
,,C01,,,,INPUT_FAILED,,,,,,,,,,,,,,marriott_international,,,,,sha256:671a25cd86baceec0cd20a6be08cbb225328ce65bf46e91fb435a80ca39da4d9,,,,,False,,NO_RESULT,INPUT_FAILED,,,,,,,,,,,,,,20261003T163448Z-f6e42f9b,FLOW_COMPLETED_WITH_LIMITATIONS,INPUT_FAILED,True,SOURCES_READY
,,D02,,,,UPDATE_BLOCKED,,,,,,,,,,,,,UPDATE_D02_V2_CATEGORY_RULE_VALIDATION_SUSPENDED,marriott_international,,,,,sha256:671a25cd86baceec0cd20a6be08cbb225328ce65bf46e91fb435a80ca39da4d9,,,,,False,,NO_RESULT,UPDATE_BLOCKED,,,,,,,,,,,,,,20261003T163448Z-f6e42f9b,FLOW_COMPLETED_WITH_LIMITATIONS,UPDATE_BLOCKED,True,SOURCES_READY
,,D04,,,,AI_PROCESSING_INPUT_REQUIRED,,,,,,,,,,,,,SEC sources are installed. Supply independently trusted complete D04 processing input with its original fixed runtime; an acquired history also needs its admitted original baseline company source version and whole-source equivalence. Changed judgment inputs require a separately configured and authorized processing entry. This entry has no new model-call authorization; B13 complete-company processing remains owned by #28.,marriott_international,,,,,sha256:671a25cd86baceec0cd20a6be08cbb225328ce65bf46e91fb435a80ca39da4d9,,,,,False,,NO_RESULT,AI_PROCESSING_INPUT_REQUIRED,,,,,,,,,,,,,,20261003T163448Z-f6e42f9b,FLOW_COMPLETED_WITH_LIMITATIONS,AI_PROCESSING_INPUT_REQUIRED,True,SOURCES_READY
,,E01,,,,INPUT_FAILED,,,,,,,,,,,,,,marriott_international,,,,,sha256:671a25cd86baceec0cd20a6be08cbb225328ce65bf46e91fb435a80ca39da4d9,,,,,False,,NO_RESULT,INPUT_FAILED,,,,,,,,,,,,,,20261003T163448Z-f6e42f9b,FLOW_COMPLETED_WITH_LIMITATIONS,INPUT_FAILED,True,SOURCES_READY
,,E02,,,,INPUT_FAILED,,,,,,,,,,,,,,marriott_international,,,,,sha256:671a25cd86baceec0cd20a6be08cbb225328ce65bf46e91fb435a80ca39da4d9,,,,,False,,NO_RESULT,INPUT_FAILED,,,,,,,,,,,,,,20261003T163448Z-f6e42f9b,FLOW_COMPLETED_WITH_LIMITATIONS,INPUT_FAILED,True,SOURCES_READY
,,E03,,,,INPUT_FAILED,,,,,,,,,,,,,,marriott_international,,,,,sha256:671a25cd86baceec0cd20a6be08cbb225328ce65bf46e91fb435a80ca39da4d9,,,,,False,,NO_RESULT,INPUT_FAILED,,,,,,,,,,,,,,20261003T163448Z-f6e42f9b,FLOW_COMPLETED_WITH_LIMITATIONS,INPUT_FAILED,True,SOURCES_READY
,,E04,,,,INPUT_FAILED,,,,,,,,,,,,,,marriott_international,,,,,sha256:671a25cd86baceec0cd20a6be08cbb225328ce65bf46e91fb435a80ca39da4d9,,,,,False,,NO_RESULT,INPUT_FAILED,,,,,,,,,,,,,,20261003T163448Z-f6e42f9b,FLOW_COMPLETED_WITH_LIMITATIONS,INPUT_FAILED,True,SOURCES_READY
,,E05,,,,INPUT_FAILED,,,,,,,,,,,,,,marriott_international,,,,,sha256:671a25cd86baceec0cd20a6be08cbb225328ce65bf46e91fb435a80ca39da4d9,,,,,False,,NO_RESULT,INPUT_FAILED,,,,,,,,,,,,,,20261003T163448Z-f6e42f9b,FLOW_COMPLETED_WITH_LIMITATIONS,INPUT_FAILED,True,SOURCES_READY
Marriott International,,D03,,,,IMPLEMENTATION_GAP,,,,,,,,,,,,,No complete ordinary company processing/Run interface is implemented for D03,marriott_international,,,,,,,,,,,,,,,,,,,,,,,,,,,20261003T163448Z-f6e42f9b,FLOW_COMPLETED_WITH_LIMITATIONS,IMPLEMENTATION_GAP,True,SOURCES_READY
