company-current	Set up job	﻿2026-10-09T21:21:15.0910587Z Current runner version: '2.337.0'
company-current	Set up job	2026-10-09T21:21:15.0951166Z ##[group]Runner Image Provisioner
company-current	Set up job	2026-10-09T21:21:15.0952762Z Hosted Compute Agent
company-current	Set up job	2026-10-09T21:21:15.0953715Z Version: 20261002.596
company-current	Set up job	2026-10-09T21:21:15.0954874Z Commit: c3d12f3313a95f25162a1503be624f3b0617f8c0
company-current	Set up job	2026-10-09T21:21:15.0956485Z Build Date: 2026-10-02T22:28:27Z
company-current	Set up job	2026-10-09T21:21:15.0957800Z Worker ID: {84ad8b8b-078e-4a8b-a6cb-2d78470607e8}
company-current	Set up job	2026-10-09T21:21:15.0959126Z Region: eastus
company-current	Set up job	2026-10-09T21:21:15.0960034Z Cloud: Azure
company-current	Set up job	2026-10-09T21:21:15.0961065Z ##[endgroup]
company-current	Set up job	2026-10-09T21:21:15.0963672Z ##[group]Operating System
company-current	Set up job	2026-10-09T21:21:15.0964822Z Ubuntu
company-current	Set up job	2026-10-09T21:21:15.0966159Z 24.04.5
company-current	Set up job	2026-10-09T21:21:15.0967078Z LTS
company-current	Set up job	2026-10-09T21:21:15.0968125Z ##[endgroup]
company-current	Set up job	2026-10-09T21:21:15.0969111Z ##[group]Runner Image
company-current	Set up job	2026-10-09T21:21:15.0970253Z Image: ubuntu-24.04
company-current	Set up job	2026-10-09T21:21:15.0971327Z Version: 20261004.327.1
company-current	Set up job	2026-10-09T21:21:15.0973406Z Included Software: https://github.com/actions/runner-images/blob/ubuntu24/20261004.327/images/ubuntu/Ubuntu2404-Readme.md
company-current	Set up job	2026-10-09T21:21:15.0976823Z Image Release: https://github.com/actions/runner-images/releases/tag/ubuntu24%2F20261004.327
company-current	Set up job	2026-10-09T21:21:15.0978749Z ##[endgroup]
company-current	Set up job	2026-10-09T21:21:15.0980736Z ##[group]GITHUB_TOKEN Permissions
company-current	Set up job	2026-10-09T21:21:15.0983984Z Contents: read
company-current	Set up job	2026-10-09T21:21:15.0984978Z Metadata: read
company-current	Set up job	2026-10-09T21:21:15.0986338Z ##[endgroup]
company-current	Set up job	2026-10-09T21:21:15.0989626Z Secret source: Actions
company-current	Set up job	2026-10-09T21:21:15.0991369Z Cache mode: write
company-current	Set up job	2026-10-09T21:21:15.0992591Z Prepare workflow directory
company-current	Set up job	2026-10-09T21:21:15.1509169Z Prepare all required actions
company-current	Set up job	2026-10-09T21:21:15.1584814Z Getting action download info
company-current	Set up job	2026-10-09T21:21:15.3203370Z Download action repository 'actions/checkout@de0fac2e4500dabe0009e67214ff5f5447ce83dd' (SHA:de0fac2e4500dabe0009e67214ff5f5447ce83dd)
company-current	Set up job	2026-10-09T21:21:15.4179774Z Download action repository 'actions/setup-python@a309ff8b426b58ec0e2a45f0f869d46889d02405' (SHA:a309ff8b426b58ec0e2a45f0f869d46889d02405)
company-current	Set up job	2026-10-09T21:21:15.6397383Z Complete job name: company-current
company-current	Run actions/checkout@de0fac2e4500dabe0009e67214ff5f5447ce83dd	﻿2026-10-09T21:21:15.7223137Z ##[group]Run actions/checkout@de0fac2e4500dabe0009e67214ff5f5447ce83dd
company-current	Run actions/checkout@de0fac2e4500dabe0009e67214ff5f5447ce83dd	2026-10-09T21:21:15.7224248Z with:
company-current	Run actions/checkout@de0fac2e4500dabe0009e67214ff5f5447ce83dd	2026-10-09T21:21:15.7224719Z   persist-credentials: false
company-current	Run actions/checkout@de0fac2e4500dabe0009e67214ff5f5447ce83dd	2026-10-09T21:21:15.7225261Z   repository: wlvh/SEC_metrics
company-current	Run actions/checkout@de0fac2e4500dabe0009e67214ff5f5447ce83dd	2026-10-09T21:21:15.7229367Z   token: ***
company-current	Run actions/checkout@de0fac2e4500dabe0009e67214ff5f5447ce83dd	2026-10-09T21:21:15.7229811Z   ssh-strict: true
company-current	Run actions/checkout@de0fac2e4500dabe0009e67214ff5f5447ce83dd	2026-10-09T21:21:15.7230263Z   ssh-user: git
company-current	Run actions/checkout@de0fac2e4500dabe0009e67214ff5f5447ce83dd	2026-10-09T21:21:15.7230686Z   clean: true
company-current	Run actions/checkout@de0fac2e4500dabe0009e67214ff5f5447ce83dd	2026-10-09T21:21:15.7231140Z   sparse-checkout-cone-mode: true
company-current	Run actions/checkout@de0fac2e4500dabe0009e67214ff5f5447ce83dd	2026-10-09T21:21:15.7231661Z   fetch-depth: 1
company-current	Run actions/checkout@de0fac2e4500dabe0009e67214ff5f5447ce83dd	2026-10-09T21:21:15.7232092Z   fetch-tags: false
company-current	Run actions/checkout@de0fac2e4500dabe0009e67214ff5f5447ce83dd	2026-10-09T21:21:15.7232531Z   show-progress: true
company-current	Run actions/checkout@de0fac2e4500dabe0009e67214ff5f5447ce83dd	2026-10-09T21:21:15.7232973Z   lfs: false
company-current	Run actions/checkout@de0fac2e4500dabe0009e67214ff5f5447ce83dd	2026-10-09T21:21:15.7233388Z   submodules: false
company-current	Run actions/checkout@de0fac2e4500dabe0009e67214ff5f5447ce83dd	2026-10-09T21:21:15.7233841Z   set-safe-directory: true
company-current	Run actions/checkout@de0fac2e4500dabe0009e67214ff5f5447ce83dd	2026-10-09T21:21:15.7234578Z ##[endgroup]
company-current	Run actions/checkout@de0fac2e4500dabe0009e67214ff5f5447ce83dd	2026-10-09T21:21:15.8320808Z Syncing repository: wlvh/SEC_metrics
company-current	Run actions/checkout@de0fac2e4500dabe0009e67214ff5f5447ce83dd	2026-10-09T21:21:15.8323475Z ##[group]Getting Git version info
company-current	Run actions/checkout@de0fac2e4500dabe0009e67214ff5f5447ce83dd	2026-10-09T21:21:15.8324674Z Working directory is '/home/runner/work/SEC_metrics/SEC_metrics'
company-current	Run actions/checkout@de0fac2e4500dabe0009e67214ff5f5447ce83dd	2026-10-09T21:21:15.8326832Z [command]/usr/bin/git version
company-current	Run actions/checkout@de0fac2e4500dabe0009e67214ff5f5447ce83dd	2026-10-09T21:21:15.8381720Z git version 2.55.0
company-current	Run actions/checkout@de0fac2e4500dabe0009e67214ff5f5447ce83dd	2026-10-09T21:21:15.8407009Z ##[endgroup]
company-current	Run actions/checkout@de0fac2e4500dabe0009e67214ff5f5447ce83dd	2026-10-09T21:21:15.8422550Z Temporarily overriding HOME='/home/runner/work/_temp/3d89ff3f-564a-4a64-aad6-6ab2388399f8' before making global git config changes
company-current	Run actions/checkout@de0fac2e4500dabe0009e67214ff5f5447ce83dd	2026-10-09T21:21:15.8425058Z Adding repository directory to the temporary git global config as a safe directory
company-current	Run actions/checkout@de0fac2e4500dabe0009e67214ff5f5447ce83dd	2026-10-09T21:21:15.8429055Z [command]/usr/bin/git config --global --add safe.directory /home/runner/work/SEC_metrics/SEC_metrics
company-current	Run actions/checkout@de0fac2e4500dabe0009e67214ff5f5447ce83dd	2026-10-09T21:21:15.8486329Z Deleting the contents of '/home/runner/work/SEC_metrics/SEC_metrics'
company-current	Run actions/checkout@de0fac2e4500dabe0009e67214ff5f5447ce83dd	2026-10-09T21:21:15.8490200Z ##[group]Initializing the repository
company-current	Run actions/checkout@de0fac2e4500dabe0009e67214ff5f5447ce83dd	2026-10-09T21:21:15.8496019Z [command]/usr/bin/git init /home/runner/work/SEC_metrics/SEC_metrics
company-current	Run actions/checkout@de0fac2e4500dabe0009e67214ff5f5447ce83dd	2026-10-09T21:21:15.8607491Z hint: Using 'master' as the name for the initial branch. This default branch name
company-current	Run actions/checkout@de0fac2e4500dabe0009e67214ff5f5447ce83dd	2026-10-09T21:21:15.8610986Z hint: will change to "main" in Git 3.0. To configure the initial branch name
company-current	Run actions/checkout@de0fac2e4500dabe0009e67214ff5f5447ce83dd	2026-10-09T21:21:15.8612967Z hint: to use in all of your new repositories, which will suppress this warning,
company-current	Run actions/checkout@de0fac2e4500dabe0009e67214ff5f5447ce83dd	2026-10-09T21:21:15.8614216Z hint: call:
company-current	Run actions/checkout@de0fac2e4500dabe0009e67214ff5f5447ce83dd	2026-10-09T21:21:15.8614863Z hint:
company-current	Run actions/checkout@de0fac2e4500dabe0009e67214ff5f5447ce83dd	2026-10-09T21:21:15.8616003Z hint: 	git config --global init.defaultBranch <name>
company-current	Run actions/checkout@de0fac2e4500dabe0009e67214ff5f5447ce83dd	2026-10-09T21:21:15.8617162Z hint:
company-current	Run actions/checkout@de0fac2e4500dabe0009e67214ff5f5447ce83dd	2026-10-09T21:21:15.8618160Z hint: Names commonly chosen instead of 'master' are 'main', 'trunk' and
company-current	Run actions/checkout@de0fac2e4500dabe0009e67214ff5f5447ce83dd	2026-10-09T21:21:15.8619683Z hint: 'development'. The just-created branch can be renamed via this command:
company-current	Run actions/checkout@de0fac2e4500dabe0009e67214ff5f5447ce83dd	2026-10-09T21:21:15.8620903Z hint:
company-current	Run actions/checkout@de0fac2e4500dabe0009e67214ff5f5447ce83dd	2026-10-09T21:21:15.8621564Z hint: 	git branch -m <name>
company-current	Run actions/checkout@de0fac2e4500dabe0009e67214ff5f5447ce83dd	2026-10-09T21:21:15.8622383Z hint:
company-current	Run actions/checkout@de0fac2e4500dabe0009e67214ff5f5447ce83dd	2026-10-09T21:21:15.8623445Z hint: Disable this message with "git config set advice.defaultBranchName false"
company-current	Run actions/checkout@de0fac2e4500dabe0009e67214ff5f5447ce83dd	2026-10-09T21:21:15.8625170Z Initialized empty Git repository in /home/runner/work/SEC_metrics/SEC_metrics/.git/
company-current	Run actions/checkout@de0fac2e4500dabe0009e67214ff5f5447ce83dd	2026-10-09T21:21:15.8628072Z [command]/usr/bin/git remote add origin https://github.com/wlvh/SEC_metrics
company-current	Run actions/checkout@de0fac2e4500dabe0009e67214ff5f5447ce83dd	2026-10-09T21:21:15.8674571Z ##[endgroup]
company-current	Run actions/checkout@de0fac2e4500dabe0009e67214ff5f5447ce83dd	2026-10-09T21:21:15.8676185Z ##[group]Disabling automatic garbage collection
company-current	Run actions/checkout@de0fac2e4500dabe0009e67214ff5f5447ce83dd	2026-10-09T21:21:15.8678904Z [command]/usr/bin/git config --local gc.auto 0
company-current	Run actions/checkout@de0fac2e4500dabe0009e67214ff5f5447ce83dd	2026-10-09T21:21:15.8713014Z ##[endgroup]
company-current	Run actions/checkout@de0fac2e4500dabe0009e67214ff5f5447ce83dd	2026-10-09T21:21:15.8714153Z ##[group]Setting up auth
company-current	Run actions/checkout@de0fac2e4500dabe0009e67214ff5f5447ce83dd	2026-10-09T21:21:15.8716425Z Removing SSH command configuration
company-current	Run actions/checkout@de0fac2e4500dabe0009e67214ff5f5447ce83dd	2026-10-09T21:21:15.8721186Z [command]/usr/bin/git config --local --name-only --get-regexp core\.sshCommand
company-current	Run actions/checkout@de0fac2e4500dabe0009e67214ff5f5447ce83dd	2026-10-09T21:21:15.8757438Z [command]/usr/bin/git submodule foreach --recursive sh -c "git config --local --name-only --get-regexp 'core\.sshCommand' && git config --local --unset-all 'core.sshCommand' || :"
company-current	Run actions/checkout@de0fac2e4500dabe0009e67214ff5f5447ce83dd	2026-10-09T21:21:15.9159329Z Removing HTTP extra header
company-current	Run actions/checkout@de0fac2e4500dabe0009e67214ff5f5447ce83dd	2026-10-09T21:21:15.9166987Z [command]/usr/bin/git config --local --name-only --get-regexp http\.https\:\/\/github\.com\/\.extraheader
company-current	Run actions/checkout@de0fac2e4500dabe0009e67214ff5f5447ce83dd	2026-10-09T21:21:15.9209091Z [command]/usr/bin/git submodule foreach --recursive sh -c "git config --local --name-only --get-regexp 'http\.https\:\/\/github\.com\/\.extraheader' && git config --local --unset-all 'http.https://github.com/.extraheader' || :"
company-current	Run actions/checkout@de0fac2e4500dabe0009e67214ff5f5447ce83dd	2026-10-09T21:21:15.9439136Z Removing includeIf entries pointing to credentials config files
company-current	Run actions/checkout@de0fac2e4500dabe0009e67214ff5f5447ce83dd	2026-10-09T21:21:15.9446573Z [command]/usr/bin/git config --local --name-only --get-regexp ^includeIf\.gitdir:
company-current	Run actions/checkout@de0fac2e4500dabe0009e67214ff5f5447ce83dd	2026-10-09T21:21:15.9485746Z [command]/usr/bin/git submodule foreach --recursive git config --local --show-origin --name-only --get-regexp remote.origin.url
company-current	Run actions/checkout@de0fac2e4500dabe0009e67214ff5f5447ce83dd	2026-10-09T21:21:15.9720214Z [command]/usr/bin/git config --file /home/runner/work/_temp/git-credentials-4353c4fc-5860-4021-9ddc-aadc2f619f24.config http.https://github.com/.extraheader AUTHORIZATION: basic ***
company-current	Run actions/checkout@de0fac2e4500dabe0009e67214ff5f5447ce83dd	2026-10-09T21:21:15.9765197Z [command]/usr/bin/git config --local includeIf.gitdir:/home/runner/work/SEC_metrics/SEC_metrics/.git.path /home/runner/work/_temp/git-credentials-4353c4fc-5860-4021-9ddc-aadc2f619f24.config
company-current	Run actions/checkout@de0fac2e4500dabe0009e67214ff5f5447ce83dd	2026-10-09T21:21:15.9802266Z [command]/usr/bin/git config --local includeIf.gitdir:/home/runner/work/SEC_metrics/SEC_metrics/.git/worktrees/*.path /home/runner/work/_temp/git-credentials-4353c4fc-5860-4021-9ddc-aadc2f619f24.config
company-current	Run actions/checkout@de0fac2e4500dabe0009e67214ff5f5447ce83dd	2026-10-09T21:21:15.9847460Z [command]/usr/bin/git config --local includeIf.gitdir:/github/workspace/.git.path /github/runner_temp/git-credentials-4353c4fc-5860-4021-9ddc-aadc2f619f24.config
company-current	Run actions/checkout@de0fac2e4500dabe0009e67214ff5f5447ce83dd	2026-10-09T21:21:15.9883064Z [command]/usr/bin/git config --local includeIf.gitdir:/github/workspace/.git/worktrees/*.path /github/runner_temp/git-credentials-4353c4fc-5860-4021-9ddc-aadc2f619f24.config
company-current	Run actions/checkout@de0fac2e4500dabe0009e67214ff5f5447ce83dd	2026-10-09T21:21:15.9979636Z ##[endgroup]
company-current	Run actions/checkout@de0fac2e4500dabe0009e67214ff5f5447ce83dd	2026-10-09T21:21:15.9981500Z ##[group]Fetching the repository
company-current	Run actions/checkout@de0fac2e4500dabe0009e67214ff5f5447ce83dd	2026-10-09T21:21:15.9984234Z [command]/usr/bin/git -c protocol.version=2 fetch --no-tags --prune --no-recurse-submodules --depth=1 origin +0a9fdff2bcdee8ea62469f9f1c8888505af20813:refs/remotes/pull/120/merge
company-current	Run actions/checkout@de0fac2e4500dabe0009e67214ff5f5447ce83dd	2026-10-09T21:21:26.1497723Z From https://github.com/wlvh/SEC_metrics
company-current	Run actions/checkout@de0fac2e4500dabe0009e67214ff5f5447ce83dd	2026-10-09T21:21:26.1499497Z  * [new ref]         0a9fdff2bcdee8ea62469f9f1c8888505af20813 -> pull/120/merge
company-current	Run actions/checkout@de0fac2e4500dabe0009e67214ff5f5447ce83dd	2026-10-09T21:21:26.1505930Z ##[endgroup]
company-current	Run actions/checkout@de0fac2e4500dabe0009e67214ff5f5447ce83dd	2026-10-09T21:21:26.1507273Z ##[group]Determining the checkout info
company-current	Run actions/checkout@de0fac2e4500dabe0009e67214ff5f5447ce83dd	2026-10-09T21:21:26.1508299Z ##[endgroup]
company-current	Run actions/checkout@de0fac2e4500dabe0009e67214ff5f5447ce83dd	2026-10-09T21:21:26.1513213Z [command]/usr/bin/git sparse-checkout disable
company-current	Run actions/checkout@de0fac2e4500dabe0009e67214ff5f5447ce83dd	2026-10-09T21:21:26.1567806Z [command]/usr/bin/git config --local --unset-all extensions.worktreeConfig
company-current	Run actions/checkout@de0fac2e4500dabe0009e67214ff5f5447ce83dd	2026-10-09T21:21:26.1600545Z ##[group]Checking out the ref
company-current	Run actions/checkout@de0fac2e4500dabe0009e67214ff5f5447ce83dd	2026-10-09T21:21:26.1606385Z [command]/usr/bin/git checkout --progress --force refs/remotes/pull/120/merge
company-current	Run actions/checkout@de0fac2e4500dabe0009e67214ff5f5447ce83dd	2026-10-09T21:21:27.2600186Z Updating files:  62% (5454/8757)
company-current	Run actions/checkout@de0fac2e4500dabe0009e67214ff5f5447ce83dd	2026-10-09T21:21:27.3144311Z Updating files:  63% (5517/8757)
company-current	Run actions/checkout@de0fac2e4500dabe0009e67214ff5f5447ce83dd	2026-10-09T21:21:27.3747359Z Updating files:  64% (5605/8757)
company-current	Run actions/checkout@de0fac2e4500dabe0009e67214ff5f5447ce83dd	2026-10-09T21:21:27.4539444Z Updating files:  65% (5693/8757)
company-current	Run actions/checkout@de0fac2e4500dabe0009e67214ff5f5447ce83dd	2026-10-09T21:21:27.4822920Z Updating files:  66% (5780/8757)
company-current	Run actions/checkout@de0fac2e4500dabe0009e67214ff5f5447ce83dd	2026-10-09T21:21:27.5099424Z Updating files:  67% (5868/8757)
company-current	Run actions/checkout@de0fac2e4500dabe0009e67214ff5f5447ce83dd	2026-10-09T21:21:27.7427875Z Updating files:  68% (5955/8757)
company-current	Run actions/checkout@de0fac2e4500dabe0009e67214ff5f5447ce83dd	2026-10-09T21:21:27.7534785Z Updating files:  69% (6043/8757)
company-current	Run actions/checkout@de0fac2e4500dabe0009e67214ff5f5447ce83dd	2026-10-09T21:21:27.7695324Z Updating files:  70% (6130/8757)
company-current	Run actions/checkout@de0fac2e4500dabe0009e67214ff5f5447ce83dd	2026-10-09T21:21:27.7828328Z Updating files:  71% (6218/8757)
company-current	Run actions/checkout@de0fac2e4500dabe0009e67214ff5f5447ce83dd	2026-10-09T21:21:27.7980994Z Updating files:  72% (6306/8757)
company-current	Run actions/checkout@de0fac2e4500dabe0009e67214ff5f5447ce83dd	2026-10-09T21:21:27.8084881Z Updating files:  73% (6393/8757)
company-current	Run actions/checkout@de0fac2e4500dabe0009e67214ff5f5447ce83dd	2026-10-09T21:21:27.8264088Z Updating files:  74% (6481/8757)
company-current	Run actions/checkout@de0fac2e4500dabe0009e67214ff5f5447ce83dd	2026-10-09T21:21:27.8450185Z Updating files:  75% (6568/8757)
company-current	Run actions/checkout@de0fac2e4500dabe0009e67214ff5f5447ce83dd	2026-10-09T21:21:27.8571536Z Updating files:  76% (6656/8757)
company-current	Run actions/checkout@de0fac2e4500dabe0009e67214ff5f5447ce83dd	2026-10-09T21:21:27.8764630Z Updating files:  77% (6743/8757)
company-current	Run actions/checkout@de0fac2e4500dabe0009e67214ff5f5447ce83dd	2026-10-09T21:21:27.9078631Z Updating files:  78% (6831/8757)
company-current	Run actions/checkout@de0fac2e4500dabe0009e67214ff5f5447ce83dd	2026-10-09T21:21:27.9342964Z Updating files:  79% (6919/8757)
company-current	Run actions/checkout@de0fac2e4500dabe0009e67214ff5f5447ce83dd	2026-10-09T21:21:27.9417117Z Updating files:  80% (7006/8757)
company-current	Run actions/checkout@de0fac2e4500dabe0009e67214ff5f5447ce83dd	2026-10-09T21:21:27.9647060Z Updating files:  81% (7094/8757)
company-current	Run actions/checkout@de0fac2e4500dabe0009e67214ff5f5447ce83dd	2026-10-09T21:21:27.9835775Z Updating files:  82% (7181/8757)
company-current	Run actions/checkout@de0fac2e4500dabe0009e67214ff5f5447ce83dd	2026-10-09T21:21:28.0046897Z Updating files:  83% (7269/8757)
company-current	Run actions/checkout@de0fac2e4500dabe0009e67214ff5f5447ce83dd	2026-10-09T21:21:28.0108685Z Updating files:  84% (7356/8757)
company-current	Run actions/checkout@de0fac2e4500dabe0009e67214ff5f5447ce83dd	2026-10-09T21:21:28.0160577Z Updating files:  85% (7444/8757)
company-current	Run actions/checkout@de0fac2e4500dabe0009e67214ff5f5447ce83dd	2026-10-09T21:21:28.0213144Z Updating files:  86% (7532/8757)
company-current	Run actions/checkout@de0fac2e4500dabe0009e67214ff5f5447ce83dd	2026-10-09T21:21:28.0384324Z Updating files:  87% (7619/8757)
company-current	Run actions/checkout@de0fac2e4500dabe0009e67214ff5f5447ce83dd	2026-10-09T21:21:28.0591759Z Updating files:  88% (7707/8757)
company-current	Run actions/checkout@de0fac2e4500dabe0009e67214ff5f5447ce83dd	2026-10-09T21:21:28.0803694Z Updating files:  89% (7794/8757)
company-current	Run actions/checkout@de0fac2e4500dabe0009e67214ff5f5447ce83dd	2026-10-09T21:21:28.0884892Z Updating files:  90% (7882/8757)
company-current	Run actions/checkout@de0fac2e4500dabe0009e67214ff5f5447ce83dd	2026-10-09T21:21:28.1003319Z Updating files:  91% (7969/8757)
company-current	Run actions/checkout@de0fac2e4500dabe0009e67214ff5f5447ce83dd	2026-10-09T21:21:28.1102929Z Updating files:  92% (8057/8757)
company-current	Run actions/checkout@de0fac2e4500dabe0009e67214ff5f5447ce83dd	2026-10-09T21:21:28.1186284Z Updating files:  93% (8145/8757)
company-current	Run actions/checkout@de0fac2e4500dabe0009e67214ff5f5447ce83dd	2026-10-09T21:21:28.1282395Z Updating files:  94% (8232/8757)
company-current	Run actions/checkout@de0fac2e4500dabe0009e67214ff5f5447ce83dd	2026-10-09T21:21:28.1365425Z Updating files:  95% (8320/8757)
company-current	Run actions/checkout@de0fac2e4500dabe0009e67214ff5f5447ce83dd	2026-10-09T21:21:28.1460607Z Updating files:  96% (8407/8757)
company-current	Run actions/checkout@de0fac2e4500dabe0009e67214ff5f5447ce83dd	2026-10-09T21:21:28.1545077Z Updating files:  97% (8495/8757)
company-current	Run actions/checkout@de0fac2e4500dabe0009e67214ff5f5447ce83dd	2026-10-09T21:21:28.1618650Z Updating files:  98% (8582/8757)
company-current	Run actions/checkout@de0fac2e4500dabe0009e67214ff5f5447ce83dd	2026-10-09T21:21:28.1698845Z Updating files:  99% (8670/8757)
company-current	Run actions/checkout@de0fac2e4500dabe0009e67214ff5f5447ce83dd	2026-10-09T21:21:28.1699719Z Updating files: 100% (8757/8757)
company-current	Run actions/checkout@de0fac2e4500dabe0009e67214ff5f5447ce83dd	2026-10-09T21:21:28.1700346Z Updating files: 100% (8757/8757), done.
company-current	Run actions/checkout@de0fac2e4500dabe0009e67214ff5f5447ce83dd	2026-10-09T21:21:28.1826059Z Note: switching to 'refs/remotes/pull/120/merge'.
company-current	Run actions/checkout@de0fac2e4500dabe0009e67214ff5f5447ce83dd	2026-10-09T21:21:28.1826532Z 
company-current	Run actions/checkout@de0fac2e4500dabe0009e67214ff5f5447ce83dd	2026-10-09T21:21:28.1826970Z You are in 'detached HEAD' state. You can look around, make experimental
company-current	Run actions/checkout@de0fac2e4500dabe0009e67214ff5f5447ce83dd	2026-10-09T21:21:28.1827904Z changes and commit them, and you can discard any commits you make in this
company-current	Run actions/checkout@de0fac2e4500dabe0009e67214ff5f5447ce83dd	2026-10-09T21:21:28.1828778Z state without impacting any branches by switching back to a branch.
company-current	Run actions/checkout@de0fac2e4500dabe0009e67214ff5f5447ce83dd	2026-10-09T21:21:28.1829320Z 
company-current	Run actions/checkout@de0fac2e4500dabe0009e67214ff5f5447ce83dd	2026-10-09T21:21:28.1829606Z If you want to create a new branch to retain commits you create, you may
company-current	Run actions/checkout@de0fac2e4500dabe0009e67214ff5f5447ce83dd	2026-10-09T21:21:28.1830131Z do so (now or later) by using -c with the switch command. Example:
company-current	Run actions/checkout@de0fac2e4500dabe0009e67214ff5f5447ce83dd	2026-10-09T21:21:28.1830418Z 
company-current	Run actions/checkout@de0fac2e4500dabe0009e67214ff5f5447ce83dd	2026-10-09T21:21:28.1830529Z   git switch -c <new-branch-name>
company-current	Run actions/checkout@de0fac2e4500dabe0009e67214ff5f5447ce83dd	2026-10-09T21:21:28.1830715Z 
company-current	Run actions/checkout@de0fac2e4500dabe0009e67214ff5f5447ce83dd	2026-10-09T21:21:28.1830820Z Or undo this operation with:
company-current	Run actions/checkout@de0fac2e4500dabe0009e67214ff5f5447ce83dd	2026-10-09T21:21:28.1831039Z 
company-current	Run actions/checkout@de0fac2e4500dabe0009e67214ff5f5447ce83dd	2026-10-09T21:21:28.1831175Z   git switch -
company-current	Run actions/checkout@de0fac2e4500dabe0009e67214ff5f5447ce83dd	2026-10-09T21:21:28.1831303Z 
company-current	Run actions/checkout@de0fac2e4500dabe0009e67214ff5f5447ce83dd	2026-10-09T21:21:28.1831536Z Turn off this advice by setting config variable advice.detachedHead to false
company-current	Run actions/checkout@de0fac2e4500dabe0009e67214ff5f5447ce83dd	2026-10-09T21:21:28.1831865Z 
company-current	Run actions/checkout@de0fac2e4500dabe0009e67214ff5f5447ce83dd	2026-10-09T21:21:28.1832221Z HEAD is now at 0a9fdff Merge 6952af278db6dc171a9c29a746cbc31e3aeefc52 into 62243bfdce042a79508f242df65cc897fcfaf035
company-current	Run actions/checkout@de0fac2e4500dabe0009e67214ff5f5447ce83dd	2026-10-09T21:21:28.1906295Z ##[endgroup]
company-current	Run actions/checkout@de0fac2e4500dabe0009e67214ff5f5447ce83dd	2026-10-09T21:21:28.1967366Z [command]/usr/bin/git log -1 --format=%H
company-current	Run actions/checkout@de0fac2e4500dabe0009e67214ff5f5447ce83dd	2026-10-09T21:21:28.2004397Z 0a9fdff2bcdee8ea62469f9f1c8888505af20813
company-current	Run actions/checkout@de0fac2e4500dabe0009e67214ff5f5447ce83dd	2026-10-09T21:21:28.2016714Z ##[group]Removing auth
company-current	Run actions/checkout@de0fac2e4500dabe0009e67214ff5f5447ce83dd	2026-10-09T21:21:28.2017503Z Removing SSH command configuration
company-current	Run actions/checkout@de0fac2e4500dabe0009e67214ff5f5447ce83dd	2026-10-09T21:21:28.2022461Z [command]/usr/bin/git config --local --name-only --get-regexp core\.sshCommand
company-current	Run actions/checkout@de0fac2e4500dabe0009e67214ff5f5447ce83dd	2026-10-09T21:21:28.2067410Z [command]/usr/bin/git submodule foreach --recursive sh -c "git config --local --name-only --get-regexp 'core\.sshCommand' && git config --local --unset-all 'core.sshCommand' || :"
company-current	Run actions/checkout@de0fac2e4500dabe0009e67214ff5f5447ce83dd	2026-10-09T21:21:28.2337959Z Removing HTTP extra header
company-current	Run actions/checkout@de0fac2e4500dabe0009e67214ff5f5447ce83dd	2026-10-09T21:21:28.2343109Z [command]/usr/bin/git config --local --name-only --get-regexp http\.https\:\/\/github\.com\/\.extraheader
company-current	Run actions/checkout@de0fac2e4500dabe0009e67214ff5f5447ce83dd	2026-10-09T21:21:28.2381751Z [command]/usr/bin/git submodule foreach --recursive sh -c "git config --local --name-only --get-regexp 'http\.https\:\/\/github\.com\/\.extraheader' && git config --local --unset-all 'http.https://github.com/.extraheader' || :"
company-current	Run actions/checkout@de0fac2e4500dabe0009e67214ff5f5447ce83dd	2026-10-09T21:21:28.2630981Z Removing includeIf entries pointing to credentials config files
company-current	Run actions/checkout@de0fac2e4500dabe0009e67214ff5f5447ce83dd	2026-10-09T21:21:28.2646891Z [command]/usr/bin/git config --local --name-only --get-regexp ^includeIf\.gitdir:
company-current	Run actions/checkout@de0fac2e4500dabe0009e67214ff5f5447ce83dd	2026-10-09T21:21:28.2744971Z includeif.gitdir:/home/runner/work/SEC_metrics/SEC_metrics/.git.path
company-current	Run actions/checkout@de0fac2e4500dabe0009e67214ff5f5447ce83dd	2026-10-09T21:21:28.2746326Z includeif.gitdir:/home/runner/work/SEC_metrics/SEC_metrics/.git/worktrees/*.path
company-current	Run actions/checkout@de0fac2e4500dabe0009e67214ff5f5447ce83dd	2026-10-09T21:21:28.2747271Z includeif.gitdir:/github/workspace/.git.path
company-current	Run actions/checkout@de0fac2e4500dabe0009e67214ff5f5447ce83dd	2026-10-09T21:21:28.2747990Z includeif.gitdir:/github/workspace/.git/worktrees/*.path
company-current	Run actions/checkout@de0fac2e4500dabe0009e67214ff5f5447ce83dd	2026-10-09T21:21:28.2750047Z [command]/usr/bin/git config --local --get-all includeif.gitdir:/home/runner/work/SEC_metrics/SEC_metrics/.git.path
company-current	Run actions/checkout@de0fac2e4500dabe0009e67214ff5f5447ce83dd	2026-10-09T21:21:28.2751320Z /home/runner/work/_temp/git-credentials-4353c4fc-5860-4021-9ddc-aadc2f619f24.config
company-current	Run actions/checkout@de0fac2e4500dabe0009e67214ff5f5447ce83dd	2026-10-09T21:21:28.2753924Z [command]/usr/bin/git config --local --unset includeif.gitdir:/home/runner/work/SEC_metrics/SEC_metrics/.git.path /home/runner/work/_temp/git-credentials-4353c4fc-5860-4021-9ddc-aadc2f619f24.config
company-current	Run actions/checkout@de0fac2e4500dabe0009e67214ff5f5447ce83dd	2026-10-09T21:21:28.2766672Z [command]/usr/bin/git config --local --get-all includeif.gitdir:/home/runner/work/SEC_metrics/SEC_metrics/.git/worktrees/*.path
company-current	Run actions/checkout@de0fac2e4500dabe0009e67214ff5f5447ce83dd	2026-10-09T21:21:28.2790405Z /home/runner/work/_temp/git-credentials-4353c4fc-5860-4021-9ddc-aadc2f619f24.config
company-current	Run actions/checkout@de0fac2e4500dabe0009e67214ff5f5447ce83dd	2026-10-09T21:21:28.2801965Z [command]/usr/bin/git config --local --unset includeif.gitdir:/home/runner/work/SEC_metrics/SEC_metrics/.git/worktrees/*.path /home/runner/work/_temp/git-credentials-4353c4fc-5860-4021-9ddc-aadc2f619f24.config
company-current	Run actions/checkout@de0fac2e4500dabe0009e67214ff5f5447ce83dd	2026-10-09T21:21:28.2846896Z [command]/usr/bin/git config --local --get-all includeif.gitdir:/github/workspace/.git.path
company-current	Run actions/checkout@de0fac2e4500dabe0009e67214ff5f5447ce83dd	2026-10-09T21:21:28.2875802Z /github/runner_temp/git-credentials-4353c4fc-5860-4021-9ddc-aadc2f619f24.config
company-current	Run actions/checkout@de0fac2e4500dabe0009e67214ff5f5447ce83dd	2026-10-09T21:21:28.2884155Z [command]/usr/bin/git config --local --unset includeif.gitdir:/github/workspace/.git.path /github/runner_temp/git-credentials-4353c4fc-5860-4021-9ddc-aadc2f619f24.config
company-current	Run actions/checkout@de0fac2e4500dabe0009e67214ff5f5447ce83dd	2026-10-09T21:21:28.2924684Z [command]/usr/bin/git config --local --get-all includeif.gitdir:/github/workspace/.git/worktrees/*.path
company-current	Run actions/checkout@de0fac2e4500dabe0009e67214ff5f5447ce83dd	2026-10-09T21:21:28.2952208Z /github/runner_temp/git-credentials-4353c4fc-5860-4021-9ddc-aadc2f619f24.config
company-current	Run actions/checkout@de0fac2e4500dabe0009e67214ff5f5447ce83dd	2026-10-09T21:21:28.2961734Z [command]/usr/bin/git config --local --unset includeif.gitdir:/github/workspace/.git/worktrees/*.path /github/runner_temp/git-credentials-4353c4fc-5860-4021-9ddc-aadc2f619f24.config
company-current	Run actions/checkout@de0fac2e4500dabe0009e67214ff5f5447ce83dd	2026-10-09T21:21:28.3000549Z [command]/usr/bin/git submodule foreach --recursive git config --local --show-origin --name-only --get-regexp remote.origin.url
company-current	Run actions/checkout@de0fac2e4500dabe0009e67214ff5f5447ce83dd	2026-10-09T21:21:28.3249119Z Removing credentials config '/home/runner/work/_temp/git-credentials-4353c4fc-5860-4021-9ddc-aadc2f619f24.config'
company-current	Run actions/checkout@de0fac2e4500dabe0009e67214ff5f5447ce83dd	2026-10-09T21:21:28.3259891Z ##[endgroup]
company-current	Run actions/setup-python@a309ff8b426b58ec0e2a45f0f869d46889d02405	﻿2026-10-09T21:21:28.3524962Z ##[group]Run actions/setup-python@a309ff8b426b58ec0e2a45f0f869d46889d02405
company-current	Run actions/setup-python@a309ff8b426b58ec0e2a45f0f869d46889d02405	2026-10-09T21:21:28.3525395Z with:
company-current	Run actions/setup-python@a309ff8b426b58ec0e2a45f0f869d46889d02405	2026-10-09T21:21:28.3525850Z   python-version: 3.14
company-current	Run actions/setup-python@a309ff8b426b58ec0e2a45f0f869d46889d02405	2026-10-09T21:21:28.3526277Z   check-latest: false
company-current	Run actions/setup-python@a309ff8b426b58ec0e2a45f0f869d46889d02405	2026-10-09T21:21:28.3529020Z   token: ***
company-current	Run actions/setup-python@a309ff8b426b58ec0e2a45f0f869d46889d02405	2026-10-09T21:21:28.3529235Z   update-environment: true
company-current	Run actions/setup-python@a309ff8b426b58ec0e2a45f0f869d46889d02405	2026-10-09T21:21:28.3529479Z   allow-prereleases: false
company-current	Run actions/setup-python@a309ff8b426b58ec0e2a45f0f869d46889d02405	2026-10-09T21:21:28.3529708Z   freethreaded: false
company-current	Run actions/setup-python@a309ff8b426b58ec0e2a45f0f869d46889d02405	2026-10-09T21:21:28.3529920Z ##[endgroup]
company-current	Run actions/setup-python@a309ff8b426b58ec0e2a45f0f869d46889d02405	2026-10-09T21:21:28.4854367Z ##[group]Installed versions
company-current	Run actions/setup-python@a309ff8b426b58ec0e2a45f0f869d46889d02405	2026-10-09T21:21:28.4950340Z Successfully set up CPython (3.14.8)
company-current	Run actions/setup-python@a309ff8b426b58ec0e2a45f0f869d46889d02405	2026-10-09T21:21:28.4951244Z ##[endgroup]
company-current	Saved source through calculation, records, CSV and reading	﻿2026-10-09T21:21:28.5119296Z ##[group]Run python3 -m unittest tests.vnext.test_saved_source_checks tests.vnext.test_separate_rule_root tests.vnext.test_company_current_records tests.vnext.test_ordinary_current_update tests.vnext.test_selected_revenue_scope_v1 tests.vnext.test_company_parse_reuse tests.vnext.test_precalculated_case tests.vnext.test_selected_lodging_calculation tests.vnext.test_selected_lodging_source tests.vnext.test_deterministic_router.DeterministicRouterTest.test_five_adapters_emit_deterministic_verified_claims tests.vnext.test_deterministic_router.DeterministicRouterTest.test_source_set_tamper_and_metric_specific_branch_fail tests.vnext.test_runtime_tools tests.vnext.test_b03_current_input_scope tests.vnext.test_xbrl_namespace_policy tests.vnext.test_dei_release_selection tests.vnext.test_successor_income_projection tests.vnext.test_event_rule_root tests.vnext.test_financial_dei_release tests.vnext.test_reported_average_period tests.vnext.test_bank_scope_dei_release -v
company-current	Saved source through calculation, records, CSV and reading	2026-10-09T21:21:28.5126375Z ^[[36;1mpython3 -m unittest tests.vnext.test_saved_source_checks tests.vnext.test_separate_rule_root tests.vnext.test_company_current_records tests.vnext.test_ordinary_current_update tests.vnext.test_selected_revenue_scope_v1 tests.vnext.test_company_parse_reuse tests.vnext.test_precalculated_case tests.vnext.test_selected_lodging_calculation tests.vnext.test_selected_lodging_source tests.vnext.test_deterministic_router.DeterministicRouterTest.test_five_adapters_emit_deterministic_verified_claims tests.vnext.test_deterministic_router.DeterministicRouterTest.test_source_set_tamper_and_metric_specific_branch_fail tests.vnext.test_runtime_tools tests.vnext.test_b03_current_input_scope tests.vnext.test_xbrl_namespace_policy tests.vnext.test_dei_release_selection tests.vnext.test_successor_income_projection tests.vnext.test_event_rule_root tests.vnext.test_financial_dei_release tests.vnext.test_reported_average_period tests.vnext.test_bank_scope_dei_release -v^[[0m
company-current	Saved source through calculation, records, CSV and reading	2026-10-09T21:21:28.5436151Z shell: /usr/bin/bash -e {0}
company-current	Saved source through calculation, records, CSV and reading	2026-10-09T21:21:28.5436510Z env:
company-current	Saved source through calculation, records, CSV and reading	2026-10-09T21:21:28.5436804Z   pythonLocation: /opt/hostedtoolcache/Python/3.14.8/x64
company-current	Saved source through calculation, records, CSV and reading	2026-10-09T21:21:28.5437290Z   PKG_CONFIG_PATH: /opt/hostedtoolcache/Python/3.14.8/x64/lib/pkgconfig
company-current	Saved source through calculation, records, CSV and reading	2026-10-09T21:21:28.5437735Z   Python_ROOT_DIR: /opt/hostedtoolcache/Python/3.14.8/x64
company-current	Saved source through calculation, records, CSV and reading	2026-10-09T21:21:28.5438129Z   Python2_ROOT_DIR: /opt/hostedtoolcache/Python/3.14.8/x64
company-current	Saved source through calculation, records, CSV and reading	2026-10-09T21:21:28.5438528Z   Python3_ROOT_DIR: /opt/hostedtoolcache/Python/3.14.8/x64
company-current	Saved source through calculation, records, CSV and reading	2026-10-09T21:21:28.5438919Z   LD_LIBRARY_PATH: /opt/hostedtoolcache/Python/3.14.8/x64/lib
company-current	Saved source through calculation, records, CSV and reading	2026-10-09T21:21:28.5439285Z   PYTHONDONTWRITEBYTECODE: 1
company-current	Saved source through calculation, records, CSV and reading	2026-10-09T21:21:28.5439539Z ##[endgroup]
company-current	Saved source through calculation, records, CSV and reading	2026-10-09T21:21:32.4096310Z test_helper_import_does_not_load_release_or_requirement (tests.vnext.test_saved_source_checks.RequestBindingsCompatibilityTest.test_helper_import_does_not_load_release_or_requirement) ... ok
company-current	Saved source through calculation, records, CSV and reading	2026-10-09T21:21:32.4097863Z test_original_imports_keep_same_exception_and_helpers (tests.vnext.test_saved_source_checks.RequestBindingsCompatibilityTest.test_original_imports_keep_same_exception_and_helpers) ... ok
company-current	Saved source through calculation, records, CSV and reading	2026-10-09T21:21:33.5801015Z test_complete_saved_package_without_git_journal_checks_actual_bytes (tests.vnext.test_saved_source_checks.SavedSourceChecksTest.test_complete_saved_package_without_git_journal_checks_actual_bytes) ... ok
company-current	Saved source through calculation, records, CSV and reading	2026-10-09T21:21:33.6769779Z test_corrupted_body_or_headers_are_rejected (tests.vnext.test_saved_source_checks.SavedSourceChecksTest.test_corrupted_body_or_headers_are_rejected) ... ok
company-current	Saved source through calculation, records, CSV and reading	2026-10-09T21:21:33.6812505Z test_empty_scope_is_not_complete (tests.vnext.test_saved_source_checks.SavedSourceChecksTest.test_empty_scope_is_not_complete) ... ok
company-current	Saved source through calculation, records, CSV and reading	2026-10-09T21:21:33.7323932Z test_later_failed_request_cannot_be_hidden_by_old_success (tests.vnext.test_saved_source_checks.SavedSourceChecksTest.test_later_failed_request_cannot_be_hidden_by_old_success) ... ok
company-current	Saved source through calculation, records, CSV and reading	2026-10-09T21:21:33.8292458Z test_missing_or_changed_attempt_identity_is_rejected (tests.vnext.test_saved_source_checks.SavedSourceChecksTest.test_missing_or_changed_attempt_identity_is_rejected) ... ok
company-current	Saved source through calculation, records, CSV and reading	2026-10-09T21:21:33.8804075Z test_missing_selected_body_is_rejected (tests.vnext.test_saved_source_checks.SavedSourceChecksTest.test_missing_selected_body_is_rejected) ... ok
company-current	Saved source through calculation, records, CSV and reading	2026-10-09T21:21:33.9597922Z test_wrong_filing_or_document_identity_is_rejected (tests.vnext.test_saved_source_checks.SavedSourceChecksTest.test_wrong_filing_or_document_identity_is_rejected) ... ok
company-current	Saved source through calculation, records, CSV and reading	2026-10-09T21:22:11.1199869Z test_noncalendar_rpo_and_bank_ratios_complete_without_rules_in_source (tests.vnext.test_separate_rule_root.NativeRuleRootTest.test_noncalendar_rpo_and_bank_ratios_complete_without_rules_in_source) ... ok
company-current	Saved source through calculation, records, CSV and reading	2026-10-09T21:22:11.1371176Z test_wrong_native_subject_is_rejected_before_completion (tests.vnext.test_separate_rule_root.NativeRuleRootTest.test_wrong_native_subject_is_rejected_before_completion) ... ok
company-current	Saved source through calculation, records, CSV and reading	2026-10-09T21:22:35.1643984Z test_b02_uses_actual_comparative_original_without_calculation_rules_in_source (tests.vnext.test_separate_rule_root.SeparateRuleRootTest.test_b02_uses_actual_comparative_original_without_calculation_rules_in_source) ... ok
company-current	Saved source through calculation, records, CSV and reading	2026-10-09T21:22:35.1647215Z test_existing_shared_lodging_calculation_uses_program_rules_and_keeps_source_only (tests.vnext.test_separate_rule_root.SeparateRuleRootTest.test_existing_shared_lodging_calculation_uses_program_rules_and_keeps_source_only) ... ok
company-current	Saved source through calculation, records, CSV and reading	2026-10-09T21:22:35.1649679Z test_no_catalog_rules_code_or_answers_required_in_source_root (tests.vnext.test_separate_rule_root.SeparateRuleRootTest.test_no_catalog_rules_code_or_answers_required_in_source_root) ... ok
company-current	Saved source through calculation, records, CSV and reading	2026-10-09T21:22:35.1828857Z test_registry_subject_change_is_not_hidden_by_program_rules (tests.vnext.test_separate_rule_root.SeparateRuleRootTest.test_registry_subject_change_is_not_hidden_by_program_rules) ... ok
company-current	Saved source through calculation, records, CSV and reading	2026-10-09T21:22:35.1851032Z test_saved_result_read_retains_value_unit_period_and_source_rows (tests.vnext.test_separate_rule_root.SeparateRuleRootTest.test_saved_result_read_retains_value_unit_period_and_source_rows) ... ok
company-current	Saved source through calculation, records, CSV and reading	2026-10-09T21:22:35.2121851Z test_common_company_reader_keeps_other_metric_after_subset_run (tests.vnext.test_company_current_records.CurrentCompanyTest.test_common_company_reader_keeps_other_metric_after_subset_run) ... ok
company-current	Saved source through calculation, records, CSV and reading	2026-10-09T21:22:35.2288685Z test_common_read_exports_csv_and_honours_supplied_defects_without_update (tests.vnext.test_company_current_records.CurrentCompanyTest.test_common_read_exports_csv_and_honours_supplied_defects_without_update) ... ok
company-current	Saved source through calculation, records, CSV and reading	2026-10-09T21:22:35.2317651Z test_competing_writer_does_not_enter_calculation (tests.vnext.test_company_current_records.CurrentCompanyTest.test_competing_writer_does_not_enter_calculation) ... ok
company-current	Saved source through calculation, records, CSV and reading	2026-10-09T21:22:35.2477161Z test_completed_pointer_cannot_label_a_success_record_as_withheld (tests.vnext.test_company_current_records.CurrentCompanyTest.test_completed_pointer_cannot_label_a_success_record_as_withheld) ... ok
company-current	Saved source through calculation, records, CSV and reading	2026-10-09T21:22:35.2642664Z test_completed_withheld_survives_a_later_different_metric_request (tests.vnext.test_company_current_records.CurrentCompanyTest.test_completed_withheld_survives_a_later_different_metric_request) ... ok
company-current	Saved source through calculation, records, CSV and reading	2026-10-09T21:22:35.2752582Z test_daily_read_does_not_select_sources_or_run_update (tests.vnext.test_company_current_records.CurrentCompanyTest.test_daily_read_does_not_select_sources_or_run_update) ... ok
company-current	Saved source through calculation, records, CSV and reading	2026-10-09T21:22:35.2838650Z test_existing_local_entry_selects_saved_branch_without_configure_task (tests.vnext.test_company_current_records.CurrentCompanyTest.test_existing_local_entry_selects_saved_branch_without_configure_task) ... ok
company-current	Saved source through calculation, records, CSV and reading	2026-10-09T21:22:35.2926914Z test_known_bad_exact_result_is_removed_from_numeric_csv (tests.vnext.test_company_current_records.CurrentCompanyTest.test_known_bad_exact_result_is_removed_from_numeric_csv) ... ok
company-current	Saved source through calculation, records, CSV and reading	2026-10-09T21:22:35.2997285Z test_metric_exception_is_local_not_batch_failure (tests.vnext.test_company_current_records.CurrentCompanyTest.test_metric_exception_is_local_not_batch_failure) ... ok
company-current	Saved source through calculation, records, CSV and reading	2026-10-09T21:22:35.3072391Z test_missing_ai_and_deprecated_e01_do_not_manufacture_results (tests.vnext.test_company_current_records.CurrentCompanyTest.test_missing_ai_and_deprecated_e01_do_not_manufacture_results) ... ok
company-current	Saved source through calculation, records, CSV and reading	2026-10-09T21:22:35.3266700Z test_new_withheld_result_is_shown_instead_of_old_success (tests.vnext.test_company_current_records.CurrentCompanyTest.test_new_withheld_result_is_shown_instead_of_old_success) ... ok
company-current	Saved source through calculation, records, CSV and reading	2026-10-09T21:22:35.3437831Z test_range_public_entry_isolates_missing_year_and_exports_actual_success_period (tests.vnext.test_company_current_records.CurrentCompanyTest.test_range_public_entry_isolates_missing_year_and_exports_actual_success_period) ... ok
company-current	Saved source through calculation, records, CSV and reading	2026-10-09T21:22:35.3478095Z test_range_requires_unique_bounded_years_and_existing_factory (tests.vnext.test_company_current_records.CurrentCompanyTest.test_range_requires_unique_bounded_years_and_existing_factory) ... ok
company-current	Saved source through calculation, records, CSV and reading	2026-10-09T21:22:35.3580225Z test_same_metric_two_period_pointers_are_both_visible (tests.vnext.test_company_current_records.CurrentCompanyTest.test_same_metric_two_period_pointers_are_both_visible) ... ok
company-current	Saved source through calculation, records, CSV and reading	2026-10-09T21:22:35.3706729Z test_source_binding_and_old_task_are_not_reset (tests.vnext.test_company_current_records.CurrentCompanyTest.test_source_binding_and_old_task_are_not_reset) ... ok
company-current	Saved source through calculation, records, CSV and reading	2026-10-09T21:22:35.3847766Z test_source_failure_preserves_old_period_and_other_metric_continues (tests.vnext.test_company_current_records.CurrentCompanyTest.test_source_failure_preserves_old_period_and_other_metric_continues) ... ok
company-current	Saved source through calculation, records, CSV and reading	2026-10-09T21:22:35.3974494Z test_two_metrics_share_source_and_program_without_installer (tests.vnext.test_company_current_records.CurrentCompanyTest.test_two_metrics_share_source_and_program_without_installer) ... ok
company-current	Saved source through calculation, records, CSV and reading	2026-10-09T21:22:35.4113833Z test_unrelated_source_discovery_failure_still_shows_limitation (tests.vnext.test_company_current_records.CurrentCompanyTest.test_unrelated_source_discovery_failure_still_shows_limitation) ... ok
company-current	Saved source through calculation, records, CSV and reading	2026-10-09T21:22:35.4123555Z test_writable_state_cannot_overlap_source_or_code (tests.vnext.test_company_current_records.CurrentCompanyTest.test_writable_state_cannot_overlap_source_or_code) ... ok
company-current	Saved source through calculation, records, CSV and reading	2026-10-09T21:22:35.4256788Z test_wrong_metric_saved_record_is_not_exported (tests.vnext.test_company_current_records.CurrentCompanyTest.test_wrong_metric_saved_record_is_not_exported) ... ok
company-current	Saved source through calculation, records, CSV and reading	2026-10-09T21:22:45.1323070Z test_actual_scope_withheld_preserves_two_successful_numeric_results (tests.vnext.test_company_current_records.MixedSavedBusinessOutcomeTest.test_actual_scope_withheld_preserves_two_successful_numeric_results) ... ok
company-current	Saved source through calculation, records, CSV and reading	2026-10-09T21:22:45.6248471Z test_repeated_mixed_inputs_reuse_success_and_hold_without_factory (tests.vnext.test_company_current_records.MixedSavedBusinessOutcomeTest.test_repeated_mixed_inputs_reuse_success_and_hold_without_factory) ... ok
company-current	Saved source through calculation, records, CSV and reading	2026-10-09T21:22:45.6713928Z test_adding_another_metric_reuses_completed_input_in_the_actual_controller (tests.vnext.test_company_current_records.PerMetricProducerTest.test_adding_another_metric_reuses_completed_input_in_the_actual_controller) ... ok
company-current	Saved source through calculation, records, CSV and reading	2026-10-09T21:22:45.6756463Z test_bad_or_ambiguous_metric_mapping_is_rejected_before_writes (tests.vnext.test_company_current_records.PerMetricProducerTest.test_bad_or_ambiguous_metric_mapping_is_rejected_before_writes) ... ok
company-current	Saved source through calculation, records, CSV and reading	2026-10-09T21:22:45.6833872Z test_default_a13_stays_unimplemented_and_unknown_explicit_core_rejects (tests.vnext.test_company_current_records.PerMetricProducerTest.test_default_a13_stays_unimplemented_and_unknown_explicit_core_rejects) ... ok
company-current	Saved source through calculation, records, CSV and reading	2026-10-09T21:22:45.6901276Z test_each_selected_metric_keeps_its_factory_and_exact_dependencies (tests.vnext.test_company_current_records.PerMetricProducerTest.test_each_selected_metric_keeps_its_factory_and_exact_dependencies) ... ok
company-current	Saved source through calculation, records, CSV and reading	2026-10-09T21:22:45.6974002Z test_explicit_a13_factory_reaches_same_update_boundary (tests.vnext.test_company_current_records.PerMetricProducerTest.test_explicit_a13_factory_reaches_same_update_boundary) ... ok
company-current	Saved source through calculation, records, CSV and reading	2026-10-09T21:22:45.7074899Z test_explicit_a13_saved_reading_keeps_value_and_content_unaccepted (tests.vnext.test_company_current_records.PerMetricProducerTest.test_explicit_a13_saved_reading_keeps_value_and_content_unaccepted) ... ok
company-current	Saved source through calculation, records, CSV and reading	2026-10-09T21:22:45.7145043Z test_single_factory_and_dependency_tuple_are_passed_unchanged (tests.vnext.test_company_current_records.PerMetricProducerTest.test_single_factory_and_dependency_tuple_are_passed_unchanged) ... ok
company-current	Saved source through calculation, records, CSV and reading	2026-10-09T21:22:51.7910268Z test_real_marriott_values_periods_and_source_links_reach_company_csv (tests.vnext.test_company_current_records.SavedSourceCompanyEntryTest.test_real_marriott_values_periods_and_source_links_reach_company_csv) ... ok
company-current	Saved source through calculation, records, CSV and reading	2026-10-09T21:22:51.7996054Z test_real_read_does_not_parse_or_update (tests.vnext.test_company_current_records.SavedSourceCompanyEntryTest.test_real_read_does_not_parse_or_update) ... ok
company-current	Saved source through calculation, records, CSV and reading	2026-10-09T21:22:52.1887184Z test_real_reentry_never_invokes_calculation_factory (tests.vnext.test_company_current_records.SavedSourceCompanyEntryTest.test_real_reentry_never_invokes_calculation_factory) ... ok
company-current	Saved source through calculation, records, CSV and reading	2026-10-09T21:22:52.2079290Z test_completed_withheld_recovers_interrupted_pointer_write (tests.vnext.test_ordinary_current_update.CompletedWithheldUpdateTest.test_completed_withheld_recovers_interrupted_pointer_write) ... ok
company-current	Saved source through calculation, records, CSV and reading	2026-10-09T21:22:52.2158114Z test_first_withheld_repeats_without_factory_or_another_result (tests.vnext.test_ordinary_current_update.CompletedWithheldUpdateTest.test_first_withheld_repeats_without_factory_or_another_result) ... ok
company-current	Saved source through calculation, records, CSV and reading	2026-10-09T21:22:52.2245351Z test_program_exception_does_not_become_reusable_withheld (tests.vnext.test_ordinary_current_update.CompletedWithheldUpdateTest.test_program_exception_does_not_become_reusable_withheld) ... ok
company-current	Saved source through calculation, records, CSV and reading	2026-10-09T21:22:52.2373702Z test_source_and_configuration_changes_reprocess_stable_withheld (tests.vnext.test_ordinary_current_update.CompletedWithheldUpdateTest.test_source_and_configuration_changes_reprocess_stable_withheld) ... ok
company-current	Saved source through calculation, records, CSV and reading	2026-10-09T21:22:52.2511033Z test_withheld_replaces_current_conclusion_but_preserves_success_history (tests.vnext.test_ordinary_current_update.CompletedWithheldUpdateTest.test_withheld_replaces_current_conclusion_but_preserves_success_history) ... ok
company-current	Saved source through calculation, records, CSV and reading	2026-10-09T21:22:52.2762716Z test_b02_paired_scope_changes_invalidate_only_its_processing_identity (tests.vnext.test_ordinary_current_update.CurrentProcessingConfigurationTest.test_b02_paired_scope_changes_invalidate_only_its_processing_identity) ... ok
company-current	Saved source through calculation, records, CSV and reading	2026-10-09T21:22:52.2989103Z test_changed_annual_selection_and_saved_input_checks_are_not_cached (tests.vnext.test_ordinary_current_update.CurrentProcessingConfigurationTest.test_changed_annual_selection_and_saved_input_checks_are_not_cached) ... ok
company-current	Saved source through calculation, records, CSV and reading	2026-10-09T21:22:52.3309641Z test_changed_graph_reprocesses_same_input_instead_of_reusing_old_result (tests.vnext.test_ordinary_current_update.CurrentProcessingConfigurationTest.test_changed_graph_reprocesses_same_input_instead_of_reusing_old_result) ... ok
company-current	Saved source through calculation, records, CSV and reading	2026-10-09T21:22:52.3617331Z test_changed_paired_scope_rechecks_then_reuses_a_withheld_conclusion (tests.vnext.test_ordinary_current_update.CurrentProcessingConfigurationTest.test_changed_paired_scope_rechecks_then_reuses_a_withheld_conclusion) ... ok
company-current	Saved source through calculation, records, CSV and reading	2026-10-09T21:22:52.3981782Z test_consumed_deterministic_graph_is_part_of_processing_identity (tests.vnext.test_ordinary_current_update.CurrentProcessingConfigurationTest.test_consumed_deterministic_graph_is_part_of_processing_identity) ... ok
company-current	Saved source through calculation, records, CSV and reading	2026-10-09T21:22:52.4108313Z test_consumed_parser_changes_still_change_processing_identity (tests.vnext.test_ordinary_current_update.CurrentProcessingConfigurationTest.test_consumed_parser_changes_still_change_processing_identity) ... ok
company-current	Saved source through calculation, records, CSV and reading	2026-10-09T21:22:52.4234216Z test_lodging_only_changes_do_not_change_b01_processing_identity (tests.vnext.test_ordinary_current_update.CurrentProcessingConfigurationTest.test_lodging_only_changes_do_not_change_b01_processing_identity) ... ok
company-current	Saved source through calculation, records, CSV and reading	2026-10-09T21:22:52.4373397Z test_unused_legacy_source_authority_does_not_invalidate_current_input (tests.vnext.test_ordinary_current_update.CurrentProcessingConfigurationTest.test_unused_legacy_source_authority_does_not_invalidate_current_input) ... ok
company-current	Saved source through calculation, records, CSV and reading	2026-10-09T21:22:52.4975451Z test_unused_recorded_source_session_does_not_change_current_configuration (tests.vnext.test_ordinary_current_update.CurrentProcessingConfigurationTest.test_unused_recorded_source_session_does_not_change_current_configuration) ... ok
company-current	Saved source through calculation, records, CSV and reading	2026-10-09T21:22:52.5504641Z test_used_source_dependency_change_reprocesses_once_then_reuses (tests.vnext.test_ordinary_current_update.CurrentProcessingConfigurationTest.test_used_source_dependency_change_reprocesses_once_then_reuses) ... ok
company-current	Saved source through calculation, records, CSV and reading	2026-10-09T21:22:52.5518319Z test_census_uses_company_latest_bodies_not_request_identity_or_other_company (tests.vnext.test_ordinary_current_update.CurrentUpdateTest.test_census_uses_company_latest_bodies_not_request_identity_or_other_company) ... ok
company-current	Saved source through calculation, records, CSV and reading	2026-10-09T21:22:52.5611105Z test_configuration_failure_is_persisted (tests.vnext.test_ordinary_current_update.CurrentUpdateTest.test_configuration_failure_is_persisted) ... ok
company-current	Saved source through calculation, records, CSV and reading	2026-10-09T21:22:52.5976360Z test_existing_update_entry_selects_current_record_storage_explicitly (tests.vnext.test_ordinary_current_update.CurrentUpdateTest.test_existing_update_entry_selects_current_record_storage_explicitly) ... ok
company-current	Saved source through calculation, records, CSV and reading	2026-10-09T21:22:52.6122306Z test_identical_raw_and_config_never_enters_calculation (tests.vnext.test_ordinary_current_update.CurrentUpdateTest.test_identical_raw_and_config_never_enters_calculation) ... ok
company-current	Saved source through calculation, records, CSV and reading	2026-10-09T21:22:52.6211960Z test_latest_get_failure_does_not_claim_no_change_or_overwrite_success (tests.vnext.test_ordinary_current_update.CurrentUpdateTest.test_latest_get_failure_does_not_claim_no_change_or_overwrite_success) ... ok
company-current	Saved source through calculation, records, CSV and reading	2026-10-09T21:22:52.6375206Z test_new_company_file_or_processing_change_makes_new_version (tests.vnext.test_ordinary_current_update.CurrentUpdateTest.test_new_company_file_or_processing_change_makes_new_version) ... ok
company-current	Saved source through calculation, records, CSV and reading	2026-10-09T21:22:52.6388058Z test_old_native_history_requires_its_old_controller (tests.vnext.test_ordinary_current_update.CurrentUpdateTest.test_old_native_history_requires_its_old_controller) ... ok
company-current	Saved source through calculation, records, CSV and reading	2026-10-09T21:22:52.6622967Z test_saved_completion_recovers_pointer_before_next_check (tests.vnext.test_ordinary_current_update.CurrentUpdateTest.test_saved_completion_recovers_pointer_before_next_check) ... ok
company-current	Saved source through calculation, records, CSV and reading	2026-10-09T21:22:52.6727696Z test_unfinished_intent_is_interrupted_not_success (tests.vnext.test_ordinary_current_update.CurrentUpdateTest.test_unfinished_intent_is_interrupted_not_success) ... ok
company-current	Saved source through calculation, records, CSV and reading	2026-10-09T21:22:52.6737029Z test_a13_without_explicit_year_and_other_unsupported_family_stay_closed (tests.vnext.test_ordinary_current_update.SelectedPeriodUpdateTest.test_a13_without_explicit_year_and_other_unsupported_family_stay_closed) ... ok
company-current	Saved source through calculation, records, CSV and reading	2026-10-09T21:22:52.6913494Z test_completed_withheld_periods_do_not_override_current_or_each_other (tests.vnext.test_ordinary_current_update.SelectedPeriodUpdateTest.test_completed_withheld_periods_do_not_override_current_or_each_other) ... ok
company-current	Saved source through calculation, records, CSV and reading	2026-10-09T21:22:52.7098101Z test_declared_dependency_change_recalculates_but_unrelated_change_does_not (tests.vnext.test_ordinary_current_update.SelectedPeriodUpdateTest.test_declared_dependency_change_recalculates_but_unrelated_change_does_not) ... ok
company-current	Saved source through calculation, records, CSV and reading	2026-10-09T21:22:52.7137026Z test_explicit_a13_selected_case_reaches_factory_without_default_expansion (tests.vnext.test_ordinary_current_update.SelectedPeriodUpdateTest.test_explicit_a13_selected_case_reaches_factory_without_default_expansion) ... ok
company-current	Saved source through calculation, records, CSV and reading	2026-10-09T21:22:52.7309698Z test_explicit_recorded_session_dependency_still_reprocesses (tests.vnext.test_ordinary_current_update.SelectedPeriodUpdateTest.test_explicit_recorded_session_dependency_still_reprocesses) ... ok
company-current	Saved source through calculation, records, CSV and reading	2026-10-09T21:22:52.7352459Z test_period_selection_failure_retains_year_and_category (tests.vnext.test_ordinary_current_update.SelectedPeriodUpdateTest.test_period_selection_failure_retains_year_and_category) ... ok
company-current	Saved source through calculation, records, CSV and reading	2026-10-09T21:22:52.7450482Z test_processing_dependency_path_error_preserves_previous_result (tests.vnext.test_ordinary_current_update.SelectedPeriodUpdateTest.test_processing_dependency_path_error_preserves_previous_result) ... ok
company-current	Saved source through calculation, records, CSV and reading	2026-10-09T21:22:52.7462876Z test_selected_period_without_factory_never_selects_latest (tests.vnext.test_ordinary_current_update.SelectedPeriodUpdateTest.test_selected_period_without_factory_never_selects_latest) ... ok
company-current	Saved source through calculation, records, CSV and reading	2026-10-09T21:22:52.7576715Z test_two_selected_periods_have_separate_pointers_and_current_layout_stays (tests.vnext.test_ordinary_current_update.SelectedPeriodUpdateTest.test_two_selected_periods_have_separate_pointers_and_current_layout_stays) ... ok
company-current	Saved source through calculation, records, CSV and reading	2026-10-09T21:22:52.7684929Z test_unchanged_selected_period_does_not_invoke_case_factory (tests.vnext.test_ordinary_current_update.SelectedPeriodUpdateTest.test_unchanged_selected_period_does_not_invoke_case_factory) ... ok
company-current	Saved source through calculation, records, CSV and reading	2026-10-09T21:22:52.7787155Z test_wrong_selected_year_preserves_previous_pointer (tests.vnext.test_ordinary_current_update.SelectedPeriodUpdateTest.test_wrong_selected_year_preserves_previous_pointer) ... ok
company-current	Saved source through calculation, records, CSV and reading	2026-10-09T21:22:52.8256197Z test_approved_legacy_calculator_selects_total_after_component_admission (tests.vnext.test_selected_revenue_scope_v1.SelectedRevenueScopeTest.test_approved_legacy_calculator_selects_total_after_component_admission) ... ok
company-current	Saved source through calculation, records, CSV and reading	2026-10-09T21:22:52.8387919Z test_conflicting_part_total_not_fixed_by_larger_value (tests.vnext.test_selected_revenue_scope_v1.SelectedRevenueScopeTest.test_conflicting_part_total_not_fixed_by_larger_value) ... ok
company-current	Saved source through calculation, records, CSV and reading	2026-10-09T21:22:52.8529616Z test_explicit_local_exclusion_is_not_overruled_by_same_context (tests.vnext.test_selected_revenue_scope_v1.SelectedRevenueScopeTest.test_explicit_local_exclusion_is_not_overruled_by_same_context) ... ok
company-current	Saved source through calculation, records, CSV and reading	2026-10-09T21:22:52.8662314Z test_explicit_scope_after_consolidated_title_is_not_ignored (tests.vnext.test_selected_revenue_scope_v1.SelectedRevenueScopeTest.test_explicit_scope_after_consolidated_title_is_not_ignored) ... ok
company-current	Saved source through calculation, records, CSV and reading	2026-10-09T21:22:52.8792898Z test_income_items_alone_do_not_prove_consolidated_statement (tests.vnext.test_selected_revenue_scope_v1.SelectedRevenueScopeTest.test_income_items_alone_do_not_prove_consolidated_statement) ... ok
company-current	Saved source through calculation, records, CSV and reading	2026-10-09T21:22:52.8906723Z test_missing_revenue_component_is_not_an_empty_success (tests.vnext.test_selected_revenue_scope_v1.SelectedRevenueScopeTest.test_missing_revenue_component_is_not_an_empty_success) ... ok
company-current	Saved source through calculation, records, CSV and reading	2026-10-09T21:22:52.9077209Z test_old_visible_header_parser_default_is_retained (tests.vnext.test_selected_revenue_scope_v1.SelectedRevenueScopeTest.test_old_visible_header_parser_default_is_retained) ... ok
company-current	Saved source through calculation, records, CSV and reading	2026-10-09T21:22:52.9224234Z test_other_filing_facts_and_prior_periods_not_rewritten_or_substituted (tests.vnext.test_selected_revenue_scope_v1.SelectedRevenueScopeTest.test_other_filing_facts_and_prior_periods_not_rewritten_or_substituted) ... ok
company-current	Saved source through calculation, records, CSV and reading	2026-10-09T21:22:52.9317843Z test_primary_only_statement_check_is_explicit_not_faked_xml_check (tests.vnext.test_selected_revenue_scope_v1.SelectedRevenueScopeTest.test_primary_only_statement_check_is_explicit_not_faked_xml_check) ... ok
company-current	Saved source through calculation, records, CSV and reading	2026-10-09T21:22:52.9452050Z test_primary_xml_conflict_rejected (tests.vnext.test_selected_revenue_scope_v1.SelectedRevenueScopeTest.test_primary_xml_conflict_rejected) ... ok
company-current	Saved source through calculation, records, CSV and reading	2026-10-09T21:22:52.9579588Z test_quarter_caption_does_not_accept_annual_native_context (tests.vnext.test_selected_revenue_scope_v1.SelectedRevenueScopeTest.test_quarter_caption_does_not_accept_annual_native_context) ... ok
company-current	Saved source through calculation, records, CSV and reading	2026-10-09T21:22:52.9711665Z test_restricted_caption_does_not_become_no_split_success (tests.vnext.test_selected_revenue_scope_v1.SelectedRevenueScopeTest.test_restricted_caption_does_not_become_no_split_success) ... ok
company-current	Saved source through calculation, records, CSV and reading	2026-10-09T21:22:52.9821444Z test_revenue_note_total_without_full_statement_not_treated_as_company_total (tests.vnext.test_selected_revenue_scope_v1.SelectedRevenueScopeTest.test_revenue_note_total_without_full_statement_not_treated_as_company_total) ... ok
company-current	Saved source through calculation, records, CSV and reading	2026-10-09T21:22:52.9967467Z test_same_total_value_must_exist_in_selected_companyfacts (tests.vnext.test_selected_revenue_scope_v1.SelectedRevenueScopeTest.test_same_total_value_must_exist_in_selected_companyfacts) ... ok
company-current	Saved source through calculation, records, CSV and reading	2026-10-09T21:22:52.9976561Z test_saved_producer_opts_in_for_b01_and_b03_but_not_neighbours (tests.vnext.test_selected_revenue_scope_v1.SelectedRevenueScopeTest.test_saved_producer_opts_in_for_b01_and_b03_but_not_neighbours) ... ok
company-current	Saved source through calculation, records, CSV and reading	2026-10-09T21:22:53.0121608Z test_scope_cannot_borrow_later_filing_total_when_original_is_missing (tests.vnext.test_selected_revenue_scope_v1.SelectedRevenueScopeTest.test_scope_cannot_borrow_later_filing_total_when_original_is_missing) ... ok
company-current	Saved source through calculation, records, CSV and reading	2026-10-09T21:22:53.0163197Z test_single_full_revenue_keeps_contract_label_and_no_false_complete_credit (tests.vnext.test_selected_revenue_scope_v1.SelectedRevenueScopeTest.test_single_full_revenue_keeps_contract_label_and_no_false_complete_credit) ... ok
company-current	Saved source through calculation, records, CSV and reading	2026-10-09T21:22:53.0305426Z test_source_bound_cells_year_and_primary_xml_retained (tests.vnext.test_selected_revenue_scope_v1.SelectedRevenueScopeTest.test_source_bound_cells_year_and_primary_xml_retained) ... ok
company-current	Saved source through calculation, records, CSV and reading	2026-10-09T21:22:53.0413326Z test_update_configuration_names_actual_scope_and_header_dependencies (tests.vnext.test_selected_revenue_scope_v1.SelectedRevenueScopeTest.test_update_configuration_names_actual_scope_and_header_dependencies) ... ok
company-current	Saved source through calculation, records, CSV and reading	2026-10-09T21:22:53.0536341Z test_visible_column_year_conflict_rejected (tests.vnext.test_selected_revenue_scope_v1.SelectedRevenueScopeTest.test_visible_column_year_conflict_rejected) ... ok
company-current	Saved source through calculation, records, CSV and reading	2026-10-09T21:22:53.0670429Z test_visible_scale_cannot_be_overruled_by_native_amounts (tests.vnext.test_selected_revenue_scope_v1.SelectedRevenueScopeTest.test_visible_scale_cannot_be_overruled_by_native_amounts) ... ok
company-current	Saved source through calculation, records, CSV and reading	2026-10-09T21:22:53.0700971Z test_byte_changes_are_not_cache_hits_or_identity_equivalence (tests.vnext.test_company_parse_reuse.CompanyParseReuseTest.test_byte_changes_are_not_cache_hits_or_identity_equivalence) ... ok
company-current	Saved source through calculation, records, CSV and reading	2026-10-09T21:22:53.0831380Z test_cache_is_bounded_without_omitting_later_sources (tests.vnext.test_company_parse_reuse.CompanyParseReuseTest.test_cache_is_bounded_without_omitting_later_sources) ... ok
company-current	Saved source through calculation, records, CSV and reading	2026-10-09T21:22:53.0857647Z test_nested_operations_and_failures_restore_previous_scope (tests.vnext.test_company_parse_reuse.CompanyParseReuseTest.test_nested_operations_and_failures_restore_previous_scope) ... ok
company-current	Saved source through calculation, records, CSV and reading	2026-10-09T21:22:53.0883328Z test_one_operation_parses_same_bytes_once_with_same_immutable_content (tests.vnext.test_company_parse_reuse.CompanyParseReuseTest.test_one_operation_parses_same_bytes_once_with_same_immutable_content) ... ok
company-current	Saved source through calculation, records, CSV and reading	2026-10-09T21:22:53.0908770Z test_reused_parse_does_not_bypass_consumer_company_or_period_checks (tests.vnext.test_company_parse_reuse.CompanyParseReuseTest.test_reused_parse_does_not_bypass_consumer_company_or_period_checks) ... ok
company-current	Saved source through calculation, records, CSV and reading	2026-10-09T21:22:57.4870156Z test_independent_read_checks_changed_or_missing_shared_material (tests.vnext.test_precalculated_case.PrecalculatedCaseTest.test_independent_read_checks_changed_or_missing_shared_material) ... ok
company-current	Saved source through calculation, records, CSV and reading	2026-10-09T21:22:57.6646627Z test_projection_consumes_selected_annual_input_without_latest_reselection (tests.vnext.test_precalculated_case.PrecalculatedCaseTest.test_projection_consumes_selected_annual_input_without_latest_reselection) ... ok
company-current	Saved source through calculation, records, CSV and reading	2026-10-09T21:22:57.8438448Z test_real_precalculated_case_reaches_rows_without_selector_or_calculator (tests.vnext.test_precalculated_case.PrecalculatedCaseTest.test_real_precalculated_case_reaches_rows_without_selector_or_calculator) ... ok
company-current	Saved source through calculation, records, CSV and reading	2026-10-09T21:22:58.2067428Z test_shared_asset_is_stored_once_and_both_records_remain_readable (tests.vnext.test_precalculated_case.PrecalculatedCaseTest.test_shared_asset_is_stored_once_and_both_records_remain_readable) ... ok
company-current	Saved source through calculation, records, CSV and reading	2026-10-09T21:22:58.3874609Z test_shared_material_cannot_be_written_into_readonly_source (tests.vnext.test_precalculated_case.PrecalculatedCaseTest.test_shared_material_cannot_be_written_into_readonly_source) ... ok
company-current	Saved source through calculation, records, CSV and reading	2026-10-09T21:22:58.5563565Z test_wrong_prepared_fiscal_label_is_rejected_without_latest_fallback (tests.vnext.test_precalculated_case.PrecalculatedCaseTest.test_wrong_prepared_fiscal_label_is_rejected_without_latest_fallback) ... ok
company-current	Saved source through calculation, records, CSV and reading	2026-10-09T21:22:58.7262684Z test_wrong_prepared_subject_is_rejected_before_completion (tests.vnext.test_precalculated_case.PrecalculatedCaseTest.test_wrong_prepared_subject_is_rejected_before_completion) ... ok
company-current	Saved source through calculation, records, CSV and reading	2026-10-09T21:22:58.7342702Z test_wrong_spec_has_no_completion_manifest (tests.vnext.test_precalculated_case.PrecalculatedCaseTest.test_wrong_spec_has_no_completion_manifest) ... ok
company-current	Saved source through calculation, records, CSV and reading	2026-10-09T21:22:58.7408847Z test_wrong_target_period_has_no_completion_manifest (tests.vnext.test_precalculated_case.PrecalculatedCaseTest.test_wrong_target_period_has_no_completion_manifest) ... ok
company-current	Saved source through calculation, records, CSV and reading	2026-10-09T21:23:01.7667061Z test_rpo_saved_csv_is_explicitly_not_arr_or_churn (tests.vnext.test_precalculated_case.RpoDisplayTest.test_rpo_saved_csv_is_explicitly_not_arr_or_churn) ... ok
company-current	Saved source through calculation, records, CSV and reading	2026-10-09T21:23:01.7900501Z test_both_metrics_reach_calculator_without_selecting_or_reading_again (tests.vnext.test_selected_lodging_calculation.SelectedLodgingCalculationTest.test_both_metrics_reach_calculator_without_selecting_or_reading_again) ... ok
company-current	Saved source through calculation, records, CSV and reading	2026-10-09T21:23:01.7920668Z test_changed_period_or_scope_is_rejected_before_calculation (tests.vnext.test_selected_lodging_calculation.SelectedLodgingCalculationTest.test_changed_period_or_scope_is_rejected_before_calculation) ... ok
company-current	Saved source through calculation, records, CSV and reading	2026-10-09T21:23:01.7941363Z test_company_accession_reference_and_metric_conflicts_are_rejected (tests.vnext.test_selected_lodging_calculation.SelectedLodgingCalculationTest.test_company_accession_reference_and_metric_conflicts_are_rejected) ... ok
company-current	Saved source through calculation, records, CSV and reading	2026-10-09T21:23:01.8109955Z test_selected_noncalendar_interval_is_preserved_through_calculation (tests.vnext.test_selected_lodging_calculation.SelectedLodgingCalculationTest.test_selected_noncalendar_interval_is_preserved_through_calculation) ... ok
company-current	Saved source through calculation, records, CSV and reading	2026-10-09T21:23:01.8130644Z test_wrong_unit_cannot_become_an_exact_result (tests.vnext.test_selected_lodging_calculation.SelectedLodgingCalculationTest.test_wrong_unit_cannot_become_an_exact_result) ... ok
company-current	Saved source through calculation, records, CSV and reading	2026-10-09T21:23:01.8151902Z test_context_and_reported_cik_cannot_change_the_selected_subject (tests.vnext.test_selected_lodging_source.PreparedPeriodBusinessTest.test_context_and_reported_cik_cannot_change_the_selected_subject) ... ok
company-current	Saved source through calculation, records, CSV and reading	2026-10-09T21:23:01.8171050Z test_invalid_label_is_an_integrity_failure (tests.vnext.test_selected_lodging_source.PreparedPeriodBusinessTest.test_invalid_label_is_an_integrity_failure) ... ok
company-current	Saved source through calculation, records, CSV and reading	2026-10-09T21:23:01.8189200Z test_quarter_and_amendment_are_not_an_ordinary_annual_selection (tests.vnext.test_selected_lodging_source.PreparedPeriodBusinessTest.test_quarter_and_amendment_are_not_an_ordinary_annual_selection) ... ok
company-current	Saved source through calculation, records, CSV and reading	2026-10-09T21:23:01.8199458Z test_short_interval_is_a_named_implementation_gap (tests.vnext.test_selected_lodging_source.PreparedPeriodBusinessTest.test_short_interval_is_a_named_implementation_gap) ... ok
company-current	Saved source through calculation, records, CSV and reading	2026-10-09T21:23:01.8208537Z test_source_label_and_52_week_interval_are_kept (tests.vnext.test_selected_lodging_source.PreparedPeriodBusinessTest.test_source_label_and_52_week_interval_are_kept) ... ok
company-current	Saved source through calculation, records, CSV and reading	2026-10-09T21:23:01.8368576Z test_both_metrics_keep_units_scope_period_and_raw_cell_positions (tests.vnext.test_selected_lodging_source.SelectedLodgingSourceTest.test_both_metrics_keep_units_scope_period_and_raw_cell_positions) ... ok
company-current	Saved source through calculation, records, CSV and reading	2026-10-09T21:23:01.8371847Z test_company_accession_raw_bytes_and_period_must_match_selected_source (tests.vnext.test_selected_lodging_source.SelectedLodgingSourceTest.test_company_accession_raw_bytes_and_period_must_match_selected_source) ... ok
company-current	Saved source through calculation, records, CSV and reading	2026-10-09T21:23:01.8551684Z test_competing_target_and_truncated_html_are_not_a_success (tests.vnext.test_selected_lodging_source.SelectedLodgingSourceTest.test_competing_target_and_truncated_html_are_not_a_success) ... ok
company-current	Saved source through calculation, records, CSV and reading	2026-10-09T21:23:01.8811011Z test_local_period_currency_and_footnote_conflicts_are_not_ignored (tests.vnext.test_selected_lodging_source.SelectedLodgingSourceTest.test_local_period_currency_and_footnote_conflicts_are_not_ignored) ... ok
company-current	Saved source through calculation, records, CSV and reading	2026-10-09T21:23:01.8959798Z test_non_calendar_prepared_period_is_not_inferred_from_end_year (tests.vnext.test_selected_lodging_source.SelectedLodgingSourceTest.test_non_calendar_prepared_period_is_not_inferred_from_end_year) ... ok
company-current	Saved source through calculation, records, CSV and reading	2026-10-09T21:23:01.9284051Z test_policy_is_explicit_and_never_changes_module_globals (tests.vnext.test_selected_lodging_source.SelectedLodgingSourceTest.test_policy_is_explicit_and_never_changes_module_globals) ... ok
company-current	Saved source through calculation, records, CSV and reading	2026-10-09T21:23:01.9548262Z test_scope_and_unit_cannot_be_borrowed_or_guessed (tests.vnext.test_selected_lodging_source.SelectedLodgingSourceTest.test_scope_and_unit_cannot_be_borrowed_or_guessed) ... ok
company-current	Saved source through calculation, records, CSV and reading	2026-10-09T21:23:01.9700592Z test_selected_reader_does_not_prepare_or_parse_dei_again (tests.vnext.test_selected_lodging_source.SelectedLodgingSourceTest.test_selected_reader_does_not_prepare_or_parse_dei_again) ... ok
company-current	Saved source through calculation, records, CSV and reading	2026-10-09T21:23:01.9871236Z test_year_column_and_introduction_are_independent_checks (tests.vnext.test_selected_lodging_source.SelectedLodgingSourceTest.test_year_column_and_introduction_are_independent_checks) ... ok
company-current	Saved source through calculation, records, CSV and reading	2026-10-09T21:23:01.9873194Z test_five_adapters_emit_deterministic_verified_claims (tests.vnext.test_deterministic_router.DeterministicRouterTest.test_five_adapters_emit_deterministic_verified_claims)
company-current	Saved source through calculation, records, CSV and reading	2026-10-09T21:23:01.9971003Z Run all five adapters with a socket-open canary fixed at zero. ... ok
company-current	Saved source through calculation, records, CSV and reading	2026-10-09T21:23:01.9972394Z test_source_set_tamper_and_metric_specific_branch_fail (tests.vnext.test_deterministic_router.DeterministicRouterTest.test_source_set_tamper_and_metric_specific_branch_fail)
company-current	Saved source through calculation, records, CSV and reading	2026-10-09T21:23:02.0309514Z Reject manifest drift and ban a shared E01 identity branch. ... ok
company-current	Saved source through calculation, records, CSV and reading	2026-10-09T21:23:02.0351484Z test_catalog_compile_keeps_metric_formula_unit_and_dimension_rules (tests.vnext.test_runtime_tools.RuntimeToolsTest.test_catalog_compile_keeps_metric_formula_unit_and_dimension_rules) ... ok
company-current	Saved source through calculation, records, CSV and reading	2026-10-09T21:23:02.0353445Z test_csv_columns_quotes_newlines_and_unicode_are_preserved (tests.vnext.test_runtime_tools.RuntimeToolsTest.test_csv_columns_quotes_newlines_and_unicode_are_preserved) ... ok
company-current	Saved source through calculation, records, CSV and reading	2026-10-09T21:23:02.0363192Z test_invalid_formula_arity_unit_and_dimensions_not_silently_accepted (tests.vnext.test_runtime_tools.RuntimeToolsTest.test_invalid_formula_arity_unit_and_dimensions_not_silently_accepted) ... ok
company-current	Saved source through calculation, records, CSV and reading	2026-10-09T21:23:02.0364812Z test_legacy_null_result_constructor_remains_the_same_callable (tests.vnext.test_runtime_tools.RuntimeToolsTest.test_legacy_null_result_constructor_remains_the_same_callable) ... ok
company-current	Saved source through calculation, records, CSV and reading	2026-10-09T21:23:02.5571696Z test_lodging_source_and_result_entry_do_not_import_publication_or_qualification (tests.vnext.test_runtime_tools.RuntimeToolsTest.test_lodging_source_and_result_entry_do_not_import_publication_or_qualification) ... ok
company-current	Saved source through calculation, records, CSV and reading	2026-10-09T21:23:02.5574102Z test_missing_or_extra_csv_field_is_a_real_failure (tests.vnext.test_runtime_tools.RuntimeToolsTest.test_missing_or_extra_csv_field_is_a_real_failure) ... ok
company-current	Saved source through calculation, records, CSV and reading	2026-10-09T21:23:02.9963245Z test_small_source_and_spec_tools_do_not_import_release_workflows (tests.vnext.test_runtime_tools.RuntimeToolsTest.test_small_source_and_spec_tools_do_not_import_release_workflows) ... ok
company-current	Saved source through calculation, records, CSV and reading	2026-10-09T21:23:02.9993080Z test_aggregate_preserves_all_proofs_without_double_counting (tests.vnext.test_b03_current_input_scope.ContractAggregateTest.test_aggregate_preserves_all_proofs_without_double_counting) ... ok
company-current	Saved source through calculation, records, CSV and reading	2026-10-09T21:23:03.0015104Z test_aggregate_still_requires_original_gross_to_net_relation (tests.vnext.test_b03_current_input_scope.ContractAggregateTest.test_aggregate_still_requires_original_gross_to_net_relation) ... ok
company-current	Saved source through calculation, records, CSV and reading	2026-10-09T21:23:03.0103573Z test_conflicting_or_commented_display_does_not_erase_visible_spacer (tests.vnext.test_b03_current_input_scope.ContractAggregateTest.test_conflicting_or_commented_display_does_not_erase_visible_spacer) ... ok
company-current	Saved source through calculation, records, CSV and reading	2026-10-09T21:23:03.0106133Z test_duplicate_aggregate_or_segment_does_not_gain_credit (tests.vnext.test_b03_current_input_scope.ContractAggregateTest.test_duplicate_aggregate_or_segment_does_not_gain_credit) ... ok
company-current	Saved source through calculation, records, CSV and reading	2026-10-09T21:23:03.0152753Z test_hidden_self_closing_empty_cells_do_not_shift_visible_year_columns (tests.vnext.test_b03_current_input_scope.ContractAggregateTest.test_hidden_self_closing_empty_cells_do_not_shift_visible_year_columns) ... ok
company-current	Saved source through calculation, records, CSV and reading	2026-10-09T21:23:03.0156259Z test_unreconciled_aggregate_or_unknown_scope_stays_unproved (tests.vnext.test_b03_current_input_scope.ContractAggregateTest.test_unreconciled_aggregate_or_unknown_scope_stays_unproved) ... ok
company-current	Saved source through calculation, records, CSV and reading	2026-10-09T21:23:03.0200927Z test_visible_spacers_and_nonempty_hidden_cells_are_not_erased (tests.vnext.test_b03_current_input_scope.ContractAggregateTest.test_visible_spacers_and_nonempty_hidden_cells_are_not_erased) ... ok
company-current	Saved source through calculation, records, CSV and reading	2026-10-09T21:23:15.0593784Z test_amendment_input_uses_program_policy_without_sources_containing_it (tests.vnext.test_b03_current_input_scope.CurrentB03SourceOnlyTest.test_amendment_input_uses_program_policy_without_sources_containing_it) ... ok
company-current	Saved source through calculation, records, CSV and reading	2026-10-09T21:23:16.1766804Z test_contract_revenue_deduction_keeps_relationship_under_legal_prefix_alias (tests.vnext.test_b03_current_input_scope.CurrentB03SourceOnlyTest.test_contract_revenue_deduction_keeps_relationship_under_legal_prefix_alias) ... ok
company-current	Saved source through calculation, records, CSV and reading	2026-10-09T21:23:16.1769553Z test_marriott_composition_458m_and_135m_revenue_deduction_excluded (tests.vnext.test_b03_current_input_scope.CurrentB03SourceOnlyTest.test_marriott_composition_458m_and_135m_revenue_deduction_excluded) ... ok
company-current	Saved source through calculation, records, CSV and reading	2026-10-09T21:23:16.1799804Z test_salesforce_named_withheld_does_not_consume_bad_subtotal_and_carries_b01 (tests.vnext.test_b03_current_input_scope.CurrentB03SourceOnlyTest.test_salesforce_named_withheld_does_not_consume_bad_subtotal_and_carries_b01) ... ok
company-current	Saved source through calculation, records, CSV and reading	2026-10-09T21:23:16.1810699Z test_saved_input_assessment_is_read_without_recalculation_and_damage_is_visible (tests.vnext.test_b03_current_input_scope.CurrentB03SourceOnlyTest.test_saved_input_assessment_is_read_without_recalculation_and_damage_is_visible) ... ok
company-current	Saved source through calculation, records, CSV and reading	2026-10-09T21:23:16.1871372Z test_company_custom_same_local_name_cannot_displace_legitimate_gaap_composition (tests.vnext.test_b03_current_input_scope.CurrentDaScopeTest.test_company_custom_same_local_name_cannot_displace_legitimate_gaap_composition) ... ok
company-current	Saved source through calculation, records, CSV and reading	2026-10-09T21:23:16.1883554Z test_conflicting_subtotal_is_withheld_and_larger_total_not_automatically_taken (tests.vnext.test_b03_current_input_scope.CurrentDaScopeTest.test_conflicting_subtotal_is_withheld_and_larger_total_not_automatically_taken) ... ok
company-current	Saved source through calculation, records, CSV and reading	2026-10-09T21:23:16.2378489Z test_context_policy_alone_changes_update_configuration_and_requires_calculation (tests.vnext.test_b03_current_input_scope.CurrentDaScopeTest.test_context_policy_alone_changes_update_configuration_and_requires_calculation) ... ok
company-current	Saved source through calculation, records, CSV and reading	2026-10-09T21:23:16.2393892Z test_currency_alias_is_resolved_and_foreign_identifier_scheme_is_not_accepted (tests.vnext.test_b03_current_input_scope.CurrentDaScopeTest.test_currency_alias_is_resolved_and_foreign_identifier_scheme_is_not_accepted) ... ok
company-current	Saved source through calculation, records, CSV and reading	2026-10-09T21:23:16.2402157Z test_declared_numeric_transform_remains_supported (tests.vnext.test_b03_current_input_scope.CurrentDaScopeTest.test_declared_numeric_transform_remains_supported) ... ok
company-current	Saved source through calculation, records, CSV and reading	2026-10-09T21:23:16.2431568Z test_existing_direct_scope_uses_namespace_alias_and_retains_usd_check (tests.vnext.test_b03_current_input_scope.CurrentDaScopeTest.test_existing_direct_scope_uses_namespace_alias_and_retains_usd_check) ... ok
company-current	Saved source through calculation, records, CSV and reading	2026-10-09T21:23:16.2488245Z test_foreign_entity_period_unit_segment_or_namespace_does_not_create_own_total_conflict (tests.vnext.test_b03_current_input_scope.CurrentDaScopeTest.test_foreign_entity_period_unit_segment_or_namespace_does_not_create_own_total_conflict) ... ok
company-current	Saved source through calculation, records, CSV and reading	2026-10-09T21:23:16.2511437Z test_legal_gaap_prefix_alias_composition_keeps_same_quantity (tests.vnext.test_b03_current_input_scope.CurrentDaScopeTest.test_legal_gaap_prefix_alias_composition_keeps_same_quantity) ... ok
company-current	Saved source through calculation, records, CSV and reading	2026-10-09T21:23:16.2523410Z test_nil_keeps_other_evidence_and_gives_a_named_withhold (tests.vnext.test_b03_current_input_scope.CurrentDaScopeTest.test_nil_keeps_other_evidence_and_gives_a_named_withhold) ... ok
company-current	Saved source through calculation, records, CSV and reading	2026-10-09T21:23:16.2797157Z test_numeric_helper_change_affects_b03_configuration_but_not_b01 (tests.vnext.test_b03_current_input_scope.CurrentDaScopeTest.test_numeric_helper_change_affects_b03_configuration_but_not_b01) ... ok
company-current	Saved source through calculation, records, CSV and reading	2026-10-09T21:23:16.2817978Z test_only_unique_original_composition_can_retake_a_later_direct_candidate (tests.vnext.test_b03_current_input_scope.CurrentDaScopeTest.test_only_unique_original_composition_can_retake_a_later_direct_candidate) ... ok
company-current	Saved source through calculation, records, CSV and reading	2026-10-09T21:23:16.2830593Z test_reported_precision_agreement_keeps_chain_not_exact_numeric_equality (tests.vnext.test_b03_current_input_scope.CurrentDaScopeTest.test_reported_precision_agreement_keeps_chain_not_exact_numeric_equality) ... ok
company-current	Saved source through calculation, records, CSV and reading	2026-10-09T21:23:16.2838879Z test_unformatted_comma_is_not_silently_removed_to_confirm_chain (tests.vnext.test_b03_current_input_scope.CurrentDaScopeTest.test_unformatted_comma_is_not_silently_removed_to_confirm_chain) ... ok
company-current	Saved source through calculation, records, CSV and reading	2026-10-09T21:23:16.2846767Z test_unsupported_numeric_tag_cannot_confirm_chain_amount (tests.vnext.test_b03_current_input_scope.CurrentDaScopeTest.test_unsupported_numeric_tag_cannot_confirm_chain_amount) ... ok
company-current	Saved source through calculation, records, CSV and reading	2026-10-09T21:23:16.2872323Z test_composition_passes_same_explicit_policy_to_original_component_lookup (tests.vnext.test_xbrl_namespace_policy.NamespacePolicyTest.test_composition_passes_same_explicit_policy_to_original_component_lookup) ... ok
company-current	Saved source through calculation, records, CSV and reading	2026-10-09T21:23:16.2874582Z test_default_year_only_and_explicit_date_release (tests.vnext.test_xbrl_namespace_policy.NamespacePolicyTest.test_default_year_only_and_explicit_date_release) ... ok
company-current	Saved source through calculation, records, CSV and reading	2026-10-09T21:23:16.2888383Z test_direct_scope_requires_explicit_release_policy (tests.vnext.test_xbrl_namespace_policy.NamespacePolicyTest.test_direct_scope_requires_explicit_release_policy) ... ok
company-current	Saved source through calculation, records, CSV and reading	2026-10-09T21:23:16.2908616Z test_conflicting_facts_and_short_context_remain_rejected (tests.vnext.test_dei_release_selection.DeiReleaseSelectionTest.test_conflicting_facts_and_short_context_remain_rejected) ... ok
company-current	Saved source through calculation, records, CSV and reading	2026-10-09T21:23:16.2948347Z test_foreign_extension_invalid_quarter_and_extra_suffix_rejected (tests.vnext.test_dei_release_selection.DeiReleaseSelectionTest.test_foreign_extension_invalid_quarter_and_extra_suffix_rejected) ... ok
company-current	Saved source through calculation, records, CSV and reading	2026-10-09T21:23:16.4224761Z test_historical_annual_and_remaining_views_use_the_explicit_adapter (tests.vnext.test_dei_release_selection.DeiReleaseSelectionTest.test_historical_annual_and_remaining_views_use_the_explicit_adapter) ... ok
company-current	Saved source through calculation, records, CSV and reading	2026-10-09T21:23:16.4291627Z test_historical_fiscal_labels_still_reject_changed_source_bytes (tests.vnext.test_dei_release_selection.DeiReleaseSelectionTest.test_historical_fiscal_labels_still_reject_changed_source_bytes) ... ok
company-current	Saved source through calculation, records, CSV and reading	2026-10-09T21:23:16.4294327Z test_no_arbitrary_regex_or_boolean_selection (tests.vnext.test_dei_release_selection.DeiReleaseSelectionTest.test_no_arbitrary_regex_or_boolean_selection) ... ok
company-current	Saved source through calculation, records, CSV and reading	2026-10-09T21:23:16.4388633Z test_old_release_requires_explicit_successor (tests.vnext.test_dei_release_selection.DeiReleaseSelectionTest.test_old_release_requires_explicit_successor) ... ok
company-current	Saved source through calculation, records, CSV and reading	2026-10-09T21:23:16.4414203Z test_original_default_and_explicit_year_have_identical_return (tests.vnext.test_dei_release_selection.DeiReleaseSelectionTest.test_original_default_and_explicit_year_have_identical_return) ... ok
company-current	Saved source through calculation, records, CSV and reading	2026-10-09T21:23:16.4464471Z test_successor_does_not_relax_entity_or_annual_identity (tests.vnext.test_dei_release_selection.DeiReleaseSelectionTest.test_successor_does_not_relax_entity_or_annual_identity) ... ok
company-current	Saved source through calculation, records, CSV and reading	2026-10-09T21:24:08.0186105Z test_actual_original_header_context_conflict_is_named_withheld (tests.vnext.test_successor_income_projection.SuccessorIncomeProjectionTest.test_actual_original_header_context_conflict_is_named_withheld) ... ok
company-current	Saved source through calculation, records, CSV and reading	2026-10-09T21:24:08.0854523Z test_missing_proof_does_not_allow_an_arbitrary_shorter_period (tests.vnext.test_successor_income_projection.SuccessorIncomeProjectionTest.test_missing_proof_does_not_allow_an_arbitrary_shorter_period) ... ok
company-current	Saved source through calculation, records, CSV and reading	2026-10-09T21:24:08.1550313Z test_numeric_result_requires_checked_source_observations (tests.vnext.test_successor_income_projection.SuccessorIncomeProjectionTest.test_numeric_result_requires_checked_source_observations) ... ok
company-current	Saved source through calculation, records, CSV and reading	2026-10-09T21:24:08.2269432Z test_result_cannot_claim_a_different_short_period (tests.vnext.test_successor_income_projection.SuccessorIncomeProjectionTest.test_result_cannot_claim_a_different_short_period) ... ok
company-current	Saved source through calculation, records, CSV and reading	2026-10-09T21:24:08.3489621Z test_short_period_state_has_actual_dates_and_preserves_annual_guard (tests.vnext.test_successor_income_projection.SuccessorIncomeProjectionTest.test_short_period_state_has_actual_dates_and_preserves_annual_guard) ... ok
company-current	Saved source through calculation, records, CSV and reading	2026-10-09T21:24:08.5823994Z test_wrong_subject_or_statement_period_still_rejected (tests.vnext.test_successor_income_projection.SuccessorIncomeProjectionTest.test_wrong_subject_or_statement_period_still_rejected) ... ok
company-current	Saved source through calculation, records, CSV and reading	2026-10-09T21:24:08.5848503Z test_conflict_and_consistent_short_period (tests.vnext.test_successor_income_projection.VisibleIncomePeriodTest.test_conflict_and_consistent_short_period) ... ok
company-current	Saved source through calculation, records, CSV and reading	2026-10-09T21:24:08.5855702Z test_missing_range_remains_unresolved (tests.vnext.test_successor_income_projection.VisibleIncomePeriodTest.test_missing_range_remains_unresolved) ... ok
company-current	Saved source through calculation, records, CSV and reading	2026-10-09T21:24:08.5862565Z test_other_column_date_cannot_prove_this_fact (tests.vnext.test_successor_income_projection.VisibleIncomePeriodTest.test_other_column_date_cannot_prove_this_fact) ... ok
company-current	Saved source through calculation, records, CSV and reading	2026-10-09T21:24:31.6000339Z test_existing_item_contract_counts_match_independent_original_headers (tests.vnext.test_event_rule_root.EventRuleRootTest.test_existing_item_contract_counts_match_independent_original_headers) ... ok
company-current	Saved source through calculation, records, CSV and reading	2026-10-09T21:24:31.6002099Z test_explicit_current_rules_cannot_grant_old_e01_item_count_new_credit (tests.vnext.test_event_rule_root.EventRuleRootTest.test_explicit_current_rules_cannot_grant_old_e01_item_count_new_credit) ... ok
company-current	Saved source through calculation, records, CSV and reading	2026-10-09T21:24:31.6139014Z test_independent_read_has_no_selection_or_calculation (tests.vnext.test_event_rule_root.EventRuleRootTest.test_independent_read_has_no_selection_or_calculation) ... ok
company-current	Saved source through calculation, records, CSV and reading	2026-10-09T21:24:33.6065306Z test_missing_event_body_cannot_turn_into_smaller_complete_count (tests.vnext.test_event_rule_root.EventRuleRootTest.test_missing_event_body_cannot_turn_into_smaller_complete_count) ... ok
company-current	Saved source through calculation, records, CSV and reading	2026-10-09T21:24:38.8732942Z test_normal_company_entry_and_reentry_use_saved_source_without_install (tests.vnext.test_event_rule_root.EventRuleRootTest.test_normal_company_entry_and_reentry_use_saved_source_without_install) ... ok
company-current	Saved source through calculation, records, CSV and reading	2026-10-09T21:24:43.9011244Z test_unused_session_change_reuses_real_company_result_without_calculation (tests.vnext.test_event_rule_root.EventRuleRootTest.test_unused_session_change_reuses_real_company_result_without_calculation) ... ok
company-current	Saved source through calculation, records, CSV and reading	2026-10-09T21:24:43.9108902Z test_arbitrary_release_never_enters_shared_issuer_rules (tests.vnext.test_financial_dei_release.FinancialDeiReleaseTest.test_arbitrary_release_never_enters_shared_issuer_rules) ... ok
company-current	Saved source through calculation, records, CSV and reading	2026-10-09T21:24:43.9146233Z test_issuer_successor_and_default_keep_exact_identity_checks (tests.vnext.test_financial_dei_release.FinancialDeiReleaseTest.test_issuer_successor_and_default_keep_exact_identity_checks) ... ok
company-current	Saved source through calculation, records, CSV and reading	2026-10-09T21:24:43.9149023Z test_lcr_checks_source_hash_before_any_release_or_facts (tests.vnext.test_financial_dei_release.FinancialDeiReleaseTest.test_lcr_checks_source_hash_before_any_release_or_facts) ... ok
company-current	Saved source through calculation, records, CSV and reading	2026-10-09T21:24:43.9246531Z test_var_prepare_uses_controlled_release_and_original_period (tests.vnext.test_financial_dei_release.FinancialDeiReleaseTest.test_var_prepare_uses_controlled_release_and_original_period) ... ok
company-current	Saved source through calculation, records, CSV and reading	2026-10-09T21:24:43.9268848Z test_year_only_default_is_identical_to_explicit_on_ordinary_source (tests.vnext.test_financial_dei_release.FinancialDeiReleaseTest.test_year_only_default_is_identical_to_explicit_on_ordinary_source) ... ok
company-current	Saved source through calculation, records, CSV and reading	2026-10-09T21:24:43.9276488Z test_another_metric_cannot_borrow_the_quarter_exception (tests.vnext.test_reported_average_period.ReportedAveragePeriodTest.test_another_metric_cannot_borrow_the_quarter_exception) ... ok
company-current	Saved source through calculation, records, CSV and reading	2026-10-09T21:24:43.9284911Z test_quarter_stays_quarter_with_annual_filing_group (tests.vnext.test_reported_average_period.ReportedAveragePeriodTest.test_quarter_stays_quarter_with_annual_filing_group) ... ok
company-current	Saved source through calculation, records, CSV and reading	2026-10-09T21:24:43.9296438Z test_reference_period_entity_value_and_uncertainty_do_not_disappear (tests.vnext.test_reported_average_period.ReportedAveragePeriodTest.test_reference_period_entity_value_and_uncertainty_do_not_disappear) ... ok
company-current	Saved source through calculation, records, CSV and reading	2026-10-09T21:24:43.9303540Z test_year_label_cannot_annualize_the_measurement (tests.vnext.test_reported_average_period.ReportedAveragePeriodTest.test_year_label_cannot_annualize_the_measurement) ... ok
company-current	Saved source through calculation, records, CSV and reading	2026-10-09T21:24:43.9316301Z test_a09_only_complete_ambiguity_enters_html_with_same_option (tests.vnext.test_bank_scope_dei_release.BankScopeDeiReleaseTest.test_a09_only_complete_ambiguity_enters_html_with_same_option) ... ok
company-current	Saved source through calculation, records, CSV and reading	2026-10-09T21:24:43.9321208Z test_a09_primary_has_priority_and_forwards_selection (tests.vnext.test_bank_scope_dei_release.BankScopeDeiReleaseTest.test_a09_primary_has_priority_and_forwards_selection) ... ok
company-current	Saved source through calculation, records, CSV and reading	2026-10-09T21:24:43.9325232Z test_a09_source_failure_cannot_become_ambiguity (tests.vnext.test_bank_scope_dei_release.BankScopeDeiReleaseTest.test_a09_source_failure_cannot_become_ambiguity) ... ok
company-current	Saved source through calculation, records, CSV and reading	2026-10-09T21:24:43.9610495Z test_all_three_real_parsers_require_explicit_old_release (tests.vnext.test_bank_scope_dei_release.BankScopeDeiReleaseTest.test_all_three_real_parsers_require_explicit_old_release) ... ok
company-current	Saved source through calculation, records, CSV and reading	2026-10-09T21:24:44.0119191Z test_original_year_default_returns_same_components (tests.vnext.test_bank_scope_dei_release.BankScopeDeiReleaseTest.test_original_year_default_returns_same_components) ... ok
company-current	Saved source through calculation, records, CSV and reading	2026-10-09T21:24:44.0127224Z test_selected_case_set_does_not_expand_default_or_bypass_factory (tests.vnext.test_bank_scope_dei_release.BankScopeDeiReleaseTest.test_selected_case_set_does_not_expand_default_or_bypass_factory) ... ok
company-current	Saved source through calculation, records, CSV and reading	2026-10-09T21:24:44.0184884Z test_wrong_source_subject_period_and_option_still_reject (tests.vnext.test_bank_scope_dei_release.BankScopeDeiReleaseTest.test_wrong_source_subject_period_and_option_still_reject) ... ok
company-current	Saved source through calculation, records, CSV and reading	2026-10-09T21:24:44.0186474Z 
company-current	Saved source through calculation, records, CSV and reading	2026-10-09T21:24:44.0186718Z ----------------------------------------------------------------------
company-current	Saved source through calculation, records, CSV and reading	2026-10-09T21:24:44.0187091Z Ran 215 tests in 191.784s
company-current	Saved source through calculation, records, CSV and reading	2026-10-09T21:24:44.0187243Z 
company-current	Saved source through calculation, records, CSV and reading	2026-10-09T21:24:44.0187326Z OK
company-current	Saved source through calculation, records, CSV and reading	2026-10-09T21:24:44.0188500Z {'scenario': 'saved Marriott FY2025 C01 unused-session edit', 'first_seconds': 4.278596040000025, 'repeat_seconds': 0.7403472620000002, 'read_seconds': 0.0072049980000201685, 'result_id': 'sha256:724b92ab35202cc6c9e26099e8d8710f1b4321b5370e7c3b3e086a1d2a895a95', 'value': '3', 'unit': 'count', 'result_files': 6, 'new_calls': [0, 0, 0]}
company-current	Historical dispatch and saved result states	﻿2026-10-09T21:24:44.1274059Z ##[group]Run python3 -m unittest tests.vnext.test_history_company_dispatch tests.vnext.test_selected_history_result_state tests.vnext.test_historical_geography_cases tests.vnext.test_historical_average_risk_cases tests.vnext.test_historical_bank_scope_cases tests.vnext.test_historical_statement_cases.HistoricalRevenueScopeConsumerTest -v
company-current	Historical dispatch and saved result states	2026-10-09T21:24:44.1276697Z ^[[36;1mpython3 -m unittest tests.vnext.test_history_company_dispatch tests.vnext.test_selected_history_result_state tests.vnext.test_historical_geography_cases tests.vnext.test_historical_average_risk_cases tests.vnext.test_historical_bank_scope_cases tests.vnext.test_historical_statement_cases.HistoricalRevenueScopeConsumerTest -v^[[0m
company-current	Historical dispatch and saved result states	2026-10-09T21:24:44.1342718Z shell: /usr/bin/bash -e {0}
company-current	Historical dispatch and saved result states	2026-10-09T21:24:44.1362507Z env:
company-current	Historical dispatch and saved result states	2026-10-09T21:24:44.1362861Z   pythonLocation: /opt/hostedtoolcache/Python/3.14.8/x64
company-current	Historical dispatch and saved result states	2026-10-09T21:24:44.1363307Z   PKG_CONFIG_PATH: /opt/hostedtoolcache/Python/3.14.8/x64/lib/pkgconfig
company-current	Historical dispatch and saved result states	2026-10-09T21:24:44.1363977Z   Python_ROOT_DIR: /opt/hostedtoolcache/Python/3.14.8/x64
company-current	Historical dispatch and saved result states	2026-10-09T21:24:44.1364404Z   Python2_ROOT_DIR: /opt/hostedtoolcache/Python/3.14.8/x64
company-current	Historical dispatch and saved result states	2026-10-09T21:24:44.1364786Z   Python3_ROOT_DIR: /opt/hostedtoolcache/Python/3.14.8/x64
company-current	Historical dispatch and saved result states	2026-10-09T21:24:44.1365163Z   LD_LIBRARY_PATH: /opt/hostedtoolcache/Python/3.14.8/x64/lib
company-current	Historical dispatch and saved result states	2026-10-09T21:24:44.1365711Z   PYTHONDONTWRITEBYTECODE: 1
company-current	Historical dispatch and saved result states	2026-10-09T21:24:44.1366000Z ##[endgroup]
company-current	Historical dispatch and saved result states	2026-10-09T21:24:46.4985187Z test_average_risk_family_preserves_existing_metric_factories (tests.vnext.test_history_company_dispatch.HistoryCompanyDispatchTest.test_average_risk_family_preserves_existing_metric_factories) ... ok
company-current	Historical dispatch and saved result states	2026-10-09T21:24:46.4990730Z test_bank_performance_family_uses_original_factories_for_other_families (tests.vnext.test_history_company_dispatch.HistoryCompanyDispatchTest.test_bank_performance_family_uses_original_factories_for_other_families) ... ok
company-current	Historical dispatch and saved result states	2026-10-09T21:24:46.4994406Z test_bank_scope_family_preserves_existing_metric_factories (tests.vnext.test_history_company_dispatch.HistoryCompanyDispatchTest.test_bank_scope_family_preserves_existing_metric_factories) ... ok
company-current	Historical dispatch and saved result states	2026-10-09T21:24:46.4998810Z test_capital_family_preserves_each_existing_metric_factory (tests.vnext.test_history_company_dispatch.HistoryCompanyDispatchTest.test_capital_family_preserves_each_existing_metric_factory) ... ok
company-current	Historical dispatch and saved result states	2026-10-09T21:24:46.5042183Z test_cli_passes_period_arguments_to_the_same_company_entry (tests.vnext.test_history_company_dispatch.HistoryCompanyDispatchTest.test_cli_passes_period_arguments_to_the_same_company_entry) ... ok
company-current	Historical dispatch and saved result states	2026-10-09T21:24:46.5043683Z test_completed_withheld_survives_read_after_another_metric_subset (tests.vnext.test_history_company_dispatch.HistoryCompanyDispatchTest.test_completed_withheld_survives_read_after_another_metric_subset)
company-current	Historical dispatch and saved result states	2026-10-09T21:24:46.5360978Z Constructed history control: a later subset cannot revive old success. ... ok
company-current	Historical dispatch and saved result states	2026-10-09T21:24:46.5367222Z test_current_mode_keeps_the_existing_public_route (tests.vnext.test_history_company_dispatch.HistoryCompanyDispatchTest.test_current_mode_keeps_the_existing_public_route) ... ok
company-current	Historical dispatch and saved result states	2026-10-09T21:24:46.5372578Z test_event_family_keeps_existing_income_balance_and_hotel_factories (tests.vnext.test_history_company_dispatch.HistoryCompanyDispatchTest.test_event_family_keeps_existing_income_balance_and_hotel_factories) ... ok
company-current	Historical dispatch and saved result states	2026-10-09T21:24:46.5378185Z test_geography_keeps_existing_factories_and_declares_its_source_dependencies (tests.vnext.test_history_company_dispatch.HistoryCompanyDispatchTest.test_geography_keeps_existing_factories_and_declares_its_source_dependencies) ... ok
company-current	Historical dispatch and saved result states	2026-10-09T21:24:46.5382890Z test_interest_coverage_adds_only_its_current_annual_case (tests.vnext.test_history_company_dispatch.HistoryCompanyDispatchTest.test_interest_coverage_adds_only_its_current_annual_case) ... ok
company-current	Historical dispatch and saved result states	2026-10-09T21:24:46.5388248Z test_invalid_range_rejects_before_source_or_writes (tests.vnext.test_history_company_dispatch.HistoryCompanyDispatchTest.test_invalid_range_rejects_before_source_or_writes) ... ok
company-current	Historical dispatch and saved result states	2026-10-09T21:24:46.5393555Z test_liquidity_keeps_the_statement_and_lodging_original_factories (tests.vnext.test_history_company_dispatch.HistoryCompanyDispatchTest.test_liquidity_keeps_the_statement_and_lodging_original_factories) ... ok
company-current	Historical dispatch and saved result states	2026-10-09T21:24:46.5398437Z test_missing_source_is_explicit_and_does_not_acquire (tests.vnext.test_history_company_dispatch.HistoryCompanyDispatchTest.test_missing_source_is_explicit_and_does_not_acquire) ... ok
company-current	Historical dispatch and saved result states	2026-10-09T21:24:46.5403856Z test_mixed_lodging_keeps_its_previous_factory_and_tuple (tests.vnext.test_history_company_dispatch.HistoryCompanyDispatchTest.test_mixed_lodging_keeps_its_previous_factory_and_tuple) ... ok
company-current	Historical dispatch and saved result states	2026-10-09T21:24:46.5411237Z test_range_uses_one_public_company_controller_and_existing_case (tests.vnext.test_history_company_dispatch.HistoryCompanyDispatchTest.test_range_uses_one_public_company_controller_and_existing_case) ... ok
company-current	Historical dispatch and saved result states	2026-10-09T21:24:46.5416590Z test_statement_pilot_uses_original_per_metric_factories_and_dependencies (tests.vnext.test_history_company_dispatch.HistoryCompanyDispatchTest.test_statement_pilot_uses_original_per_metric_factories_and_dependencies) ... ok
company-current	Historical dispatch and saved result states	2026-10-09T21:24:46.5421932Z test_unsupported_family_uses_no_fabricated_historical_case (tests.vnext.test_history_company_dispatch.HistoryCompanyDispatchTest.test_unsupported_family_uses_no_fabricated_historical_case) ... ok
company-current	Historical dispatch and saved result states	2026-10-09T21:24:46.5425043Z test_actual_selected_year_dependencies_ignore_unused_admission_code (tests.vnext.test_selected_history_result_state.SelectedHistoryResultStateTest.test_actual_selected_year_dependencies_ignore_unused_admission_code)
company-current	Historical dispatch and saved result states	2026-10-09T21:24:46.6636902Z Constructed state control with the actual processing configuration. ... ok
company-current	Historical dispatch and saved result states	2026-10-09T21:24:46.6738376Z test_completed_withheld_recovers_pointer_without_recalculation (tests.vnext.test_selected_history_result_state.SelectedHistoryResultStateTest.test_completed_withheld_recovers_pointer_without_recalculation) ... ok
company-current	Historical dispatch and saved result states	2026-10-09T21:24:46.6892203Z test_current_withheld_replaces_same_year_success_but_retains_old_version (tests.vnext.test_selected_history_result_state.SelectedHistoryResultStateTest.test_current_withheld_replaces_same_year_success_but_retains_old_version) ... ok
company-current	Historical dispatch and saved result states	2026-10-09T21:24:46.7117391Z test_dependency_source_and_processing_changes_reprocess_withheld_once (tests.vnext.test_selected_history_result_state.SelectedHistoryResultStateTest.test_dependency_source_and_processing_changes_reprocess_withheld_once) ... ok
company-current	Historical dispatch and saved result states	2026-10-09T21:24:46.7300212Z test_missing_year_and_one_metric_failure_preserve_other_periods (tests.vnext.test_selected_history_result_state.SelectedHistoryResultStateTest.test_missing_year_and_one_metric_failure_preserve_other_periods) ... ok
company-current	Historical dispatch and saved result states	2026-10-09T21:24:46.7479005Z test_success_and_stable_withheld_reuse_in_distinct_historical_coordinates (tests.vnext.test_selected_history_result_state.SelectedHistoryResultStateTest.test_success_and_stable_withheld_reuse_in_distinct_historical_coordinates) ... ok
company-current	Historical dispatch and saved result states	2026-10-09T21:24:46.7546798Z test_amendment_and_successor_remain_named_withheld_before_inspection (tests.vnext.test_historical_geography_cases.HistoricalGeographyCaseTest.test_amendment_and_successor_remain_named_withheld_before_inspection) ... ok
company-current	Historical dispatch and saved result states	2026-10-09T21:24:46.7575046Z test_source_failure_propagates_without_inventing_disclosure_absence (tests.vnext.test_historical_geography_cases.HistoricalGeographyCaseTest.test_source_failure_propagates_without_inventing_disclosure_absence) ... ok
company-current	Historical dispatch and saved result states	2026-10-09T21:24:46.7609723Z test_structural_not_applicable_never_reads_financial_amount (tests.vnext.test_historical_geography_cases.HistoricalGeographyCaseTest.test_structural_not_applicable_never_reads_financial_amount) ... ok
company-current	Historical dispatch and saved result states	2026-10-09T21:24:46.7640527Z test_unresolved_source_is_not_a_partial_geography_sum (tests.vnext.test_historical_geography_cases.HistoricalGeographyCaseTest.test_unresolved_source_is_not_a_partial_geography_sum) ... ok
company-current	Historical dispatch and saved result states	2026-10-09T21:24:46.7643207Z test_wrong_family_refuses_before_selecting_any_sources (tests.vnext.test_historical_geography_cases.HistoricalGeographyCaseTest.test_wrong_family_refuses_before_selecting_any_sources) ... ok
company-current	Historical dispatch and saved result states	2026-10-09T21:24:46.7769720Z test_amendment_or_successor_remains_withheld_before_inspection (tests.vnext.test_historical_average_risk_cases.HistoricalAverageRiskCaseTest.test_amendment_or_successor_remains_withheld_before_inspection) ... ok
company-current	Historical dispatch and saved result states	2026-10-09T21:24:46.7808557Z test_lcr_quarter_is_measurement_while_fiscal_year_remains_annual_group (tests.vnext.test_historical_average_risk_cases.HistoricalAverageRiskCaseTest.test_lcr_quarter_is_measurement_while_fiscal_year_remains_annual_group) ... ok
company-current	Historical dispatch and saved result states	2026-10-09T21:24:46.7811720Z test_measurement_rejects_unknown_family_instead_of_treating_as_var (tests.vnext.test_historical_average_risk_cases.HistoricalAverageRiskCaseTest.test_measurement_rejects_unknown_family_instead_of_treating_as_var) ... ok
company-current	Historical dispatch and saved result states	2026-10-09T21:24:46.7874969Z test_structural_not_applicable_skips_amount_inspection (tests.vnext.test_historical_average_risk_cases.HistoricalAverageRiskCaseTest.test_structural_not_applicable_skips_amount_inspection) ... ok
company-current	Historical dispatch and saved result states	2026-10-09T21:24:46.7936686Z test_unresolved_component_cannot_reuse_candidate_value (tests.vnext.test_historical_average_risk_cases.HistoricalAverageRiskCaseTest.test_unresolved_component_cannot_reuse_candidate_value) ... ok
company-current	Historical dispatch and saved result states	2026-10-09T21:24:46.7976463Z test_var_annual_average_keeps_annual_period_and_usd_value (tests.vnext.test_historical_average_risk_cases.HistoricalAverageRiskCaseTest.test_var_annual_average_keeps_annual_period_and_usd_value) ... ok
company-current	Historical dispatch and saved result states	2026-10-09T21:24:46.7979299Z test_wrong_family_refuses_before_any_source_selection (tests.vnext.test_historical_average_risk_cases.HistoricalAverageRiskCaseTest.test_wrong_family_refuses_before_any_source_selection) ... ok
company-current	Historical dispatch and saved result states	2026-10-09T21:24:46.8006021Z test_wrong_source_error_is_not_disclosure_absence (tests.vnext.test_historical_average_risk_cases.HistoricalAverageRiskCaseTest.test_wrong_source_error_is_not_disclosure_absence) ... ok
company-current	Historical dispatch and saved result states	2026-10-09T21:24:46.8019923Z test_general_note_only_before_lettered_notes_and_never_across_heading (tests.vnext.test_historical_average_risk_cases.HistoricalAverageRiskWordingTest.test_general_note_only_before_lettered_notes_and_never_across_heading) ... ok
company-current	Historical dispatch and saved result states	2026-10-09T21:24:46.8116074Z test_known_forms_compile_without_mutating_shared_functions (tests.vnext.test_historical_average_risk_cases.HistoricalAverageRiskWordingTest.test_known_forms_compile_without_mutating_shared_functions) ... ok
company-current	Historical dispatch and saved result states	2026-10-09T21:24:46.8210470Z test_old_lcr_note_grammar_preserves_unit_and_duration_rejections (tests.vnext.test_historical_average_risk_cases.HistoricalAverageRiskWordingTest.test_old_lcr_note_grammar_preserves_unit_and_duration_rejections) ... ok
company-current	Historical dispatch and saved result states	2026-10-09T21:24:46.8218007Z test_original_resolved_answer_is_kept_without_fallback (tests.vnext.test_historical_average_risk_cases.HistoricalAverageRiskWordingTest.test_original_resolved_answer_is_kept_without_fallback) ... ok
company-current	Historical dispatch and saved result states	2026-10-09T21:24:46.8221979Z test_resolved_known_form_retains_original_status_and_provenance (tests.vnext.test_historical_average_risk_cases.HistoricalAverageRiskWordingTest.test_resolved_known_form_retains_original_status_and_provenance) ... ok
company-current	Historical dispatch and saved result states	2026-10-09T21:24:46.8230354Z test_unresolved_fallback_keeps_original_competitors (tests.vnext.test_historical_average_risk_cases.HistoricalAverageRiskWordingTest.test_unresolved_fallback_keeps_original_competitors) ... ok
company-current	Historical dispatch and saved result states	2026-10-09T21:24:46.8233321Z test_history_passes_shared_release_option_without_recursive_view (tests.vnext.test_historical_average_risk_cases.HistoricalExplicitAnnualInterfaceTest.test_history_passes_shared_release_option_without_recursive_view) ... ok
company-current	Historical dispatch and saved result states	2026-10-09T21:24:46.8304715Z test_remaining_fiscal_label_view_uses_explicit_annual_adapter (tests.vnext.test_historical_average_risk_cases.HistoricalExplicitAnnualInterfaceTest.test_remaining_fiscal_label_view_uses_explicit_annual_adapter) ... ok
company-current	Historical dispatch and saved result states	2026-10-09T21:24:46.8308179Z test_shared_source_failure_propagates_as_failure (tests.vnext.test_historical_average_risk_cases.HistoricalExplicitAnnualInterfaceTest.test_shared_source_failure_propagates_as_failure) ... ok
company-current	Historical dispatch and saved result states	2026-10-09T21:24:46.8368522Z test_amendment_and_successor_remain_named_withheld_before_inspection (tests.vnext.test_historical_bank_scope_cases.HistoricalBankScopeCaseTest.test_amendment_and_successor_remain_named_withheld_before_inspection) ... ok
company-current	Historical dispatch and saved result states	2026-10-09T21:24:46.8461770Z test_resolved_aum_and_nonaccrual_keep_filing_end_instant (tests.vnext.test_historical_bank_scope_cases.HistoricalBankScopeCaseTest.test_resolved_aum_and_nonaccrual_keep_filing_end_instant) ... ok
company-current	Historical dispatch and saved result states	2026-10-09T21:24:46.8498685Z test_resolved_nim_is_annual_and_uses_managed_rate (tests.vnext.test_historical_bank_scope_cases.HistoricalBankScopeCaseTest.test_resolved_nim_is_annual_and_uses_managed_rate) ... ok
company-current	Historical dispatch and saved result states	2026-10-09T21:24:46.8524470Z test_source_failure_propagates_without_inventing_disclosure_absence (tests.vnext.test_historical_bank_scope_cases.HistoricalBankScopeCaseTest.test_source_failure_propagates_without_inventing_disclosure_absence) ... ok
company-current	Historical dispatch and saved result states	2026-10-09T21:24:46.8553362Z test_structural_not_applicable_never_reads_financial_amount (tests.vnext.test_historical_bank_scope_cases.HistoricalBankScopeCaseTest.test_structural_not_applicable_never_reads_financial_amount) ... ok
company-current	Historical dispatch and saved result states	2026-10-09T21:24:46.8586274Z test_unresolved_source_is_not_a_partial_bank_sum (tests.vnext.test_historical_bank_scope_cases.HistoricalBankScopeCaseTest.test_unresolved_source_is_not_a_partial_bank_sum) ... ok
company-current	Historical dispatch and saved result states	2026-10-09T21:24:46.8588622Z test_wrong_family_refuses_before_selecting_any_sources (tests.vnext.test_historical_bank_scope_cases.HistoricalBankScopeCaseTest.test_wrong_family_refuses_before_selecting_any_sources) ... ok
company-current	Historical dispatch and saved result states	2026-10-09T21:24:46.8646451Z test_source_conflict_remains_distinct_from_implementation_gap (tests.vnext.test_historical_bank_scope_cases.HistoricalBankScopeClassificationTest.test_source_conflict_remains_distinct_from_implementation_gap) ... ok
company-current	Historical dispatch and saved result states	2026-10-09T21:24:46.8703219Z test_a09_local_import_rebinding_retains_native_ambiguity_gate (tests.vnext.test_historical_bank_scope_cases.HistoricalBankScopeWordingTest.test_a09_local_import_rebinding_retains_native_ambiguity_gate) ... ok
company-current	Historical dispatch and saved result states	2026-10-09T21:24:46.8807564Z test_compilation_keeps_shared_functions_and_known_forms_are_finite (tests.vnext.test_historical_bank_scope_cases.HistoricalBankScopeWordingTest.test_compilation_keeps_shared_functions_and_known_forms_are_finite) ... ok
company-current	Historical dispatch and saved result states	2026-10-09T21:24:46.8821208Z test_missing_native_source_propagates_and_never_reaches_html (tests.vnext.test_historical_bank_scope_cases.HistoricalBankScopeWordingTest.test_missing_native_source_propagates_and_never_reaches_html) ... ok
company-current	Historical dispatch and saved result states	2026-10-09T21:24:46.8835741Z test_old_glossary_accepts_one_colon_and_preserves_subset_text (tests.vnext.test_historical_bank_scope_cases.HistoricalBankScopeWordingTest.test_old_glossary_accepts_one_colon_and_preserves_subset_text) ... ok
company-current	Historical dispatch and saved result states	2026-10-09T21:24:46.8870949Z test_old_segment_list_cannot_hide_conflicting_or_noncorporate_remainder (tests.vnext.test_historical_bank_scope_cases.HistoricalBankScopeWordingTest.test_old_segment_list_cannot_hide_conflicting_or_noncorporate_remainder) ... ok
company-current	Historical dispatch and saved result states	2026-10-09T21:24:46.8874168Z test_original_native_success_is_kept_without_old_form (tests.vnext.test_historical_bank_scope_cases.HistoricalBankScopeWordingTest.test_original_native_success_is_kept_without_old_form) ... ok
company-current	Historical dispatch and saved result states	2026-10-09T21:24:46.9367951Z test_display_is_bounded_while_complete_scope_evidence_is_retained (tests.vnext.test_historical_statement_cases.HistoricalRevenueScopeConsumerTest.test_display_is_bounded_while_complete_scope_evidence_is_retained) ... ok
company-current	Historical dispatch and saved result states	2026-10-09T21:24:46.9386974Z test_literal_original_and_resolved_period_must_have_same_dates (tests.vnext.test_historical_statement_cases.HistoricalRevenueScopeConsumerTest.test_literal_original_and_resolved_period_must_have_same_dates) ... ok
company-current	Historical dispatch and saved result states	2026-10-09T21:24:46.9388890Z test_processing_configuration_includes_shared_scope_dependency (tests.vnext.test_historical_statement_cases.HistoricalRevenueScopeConsumerTest.test_processing_configuration_includes_shared_scope_dependency) ... ok
company-current	Historical dispatch and saved result states	2026-10-09T21:24:46.9555807Z test_reported_total_is_admitted_before_actual_calculator (tests.vnext.test_historical_statement_cases.HistoricalRevenueScopeConsumerTest.test_reported_total_is_admitted_before_actual_calculator) ... ok
company-current	Historical dispatch and saved result states	2026-10-09T21:24:46.9715879Z test_total_cannot_be_borrowed_from_a_later_filing (tests.vnext.test_historical_statement_cases.HistoricalRevenueScopeConsumerTest.test_total_cannot_be_borrowed_from_a_later_filing) ... ok
company-current	Historical dispatch and saved result states	2026-10-09T21:24:46.9716987Z 
company-current	Historical dispatch and saved result states	2026-10-09T21:24:46.9717214Z ----------------------------------------------------------------------
company-current	Historical dispatch and saved result states	2026-10-09T21:24:46.9717677Z Ran 64 tests in 0.544s
company-current	Historical dispatch and saved result states	2026-10-09T21:24:46.9717869Z 
company-current	Historical dispatch and saved result states	2026-10-09T21:24:46.9717973Z OK
company-current	Paired reported comparisons and exact revenue defect	﻿2026-10-09T21:24:47.0308958Z ##[group]Run python3 tests/required_unittests.py tests.vnext.test_paired_measure_contradiction
company-current	Paired reported comparisons and exact revenue defect	2026-10-09T21:24:47.0309678Z ^[[36;1mpython3 tests/required_unittests.py tests.vnext.test_paired_measure_contradiction^[[0m
company-current	Paired reported comparisons and exact revenue defect	2026-10-09T21:24:47.0372969Z shell: /usr/bin/bash -e {0}
company-current	Paired reported comparisons and exact revenue defect	2026-10-09T21:24:47.0373228Z env:
company-current	Paired reported comparisons and exact revenue defect	2026-10-09T21:24:47.0373497Z   pythonLocation: /opt/hostedtoolcache/Python/3.14.8/x64
company-current	Paired reported comparisons and exact revenue defect	2026-10-09T21:24:47.0374122Z   PKG_CONFIG_PATH: /opt/hostedtoolcache/Python/3.14.8/x64/lib/pkgconfig
company-current	Paired reported comparisons and exact revenue defect	2026-10-09T21:24:47.0374565Z   Python_ROOT_DIR: /opt/hostedtoolcache/Python/3.14.8/x64
company-current	Paired reported comparisons and exact revenue defect	2026-10-09T21:24:47.0374960Z   Python2_ROOT_DIR: /opt/hostedtoolcache/Python/3.14.8/x64
company-current	Paired reported comparisons and exact revenue defect	2026-10-09T21:24:47.0375337Z   Python3_ROOT_DIR: /opt/hostedtoolcache/Python/3.14.8/x64
company-current	Paired reported comparisons and exact revenue defect	2026-10-09T21:24:47.0375933Z   LD_LIBRARY_PATH: /opt/hostedtoolcache/Python/3.14.8/x64/lib
company-current	Paired reported comparisons and exact revenue defect	2026-10-09T21:24:47.0376282Z   PYTHONDONTWRITEBYTECODE: 1
company-current	Paired reported comparisons and exact revenue defect	2026-10-09T21:24:47.0376523Z ##[endgroup]
company-current	Paired reported comparisons and exact revenue defect	2026-10-09T21:24:48.1946508Z test_default_register_holds_exact_subtotal_result_only (tests.vnext.test_paired_measure_contradiction.DefaultRevenueScopeDefectTest.test_default_register_holds_exact_subtotal_result_only) ... ok
company-current	Paired reported comparisons and exact revenue defect	2026-10-09T21:24:48.1949596Z test_conflicting_comparisons_cannot_choose_the_matching_one (tests.vnext.test_paired_measure_contradiction.PairedReportedComparisonTest.test_conflicting_comparisons_cannot_choose_the_matching_one) ... ok
company-current	Paired reported comparisons and exact revenue defect	2026-10-09T21:24:48.1952438Z test_other_period_unit_or_accession_is_not_a_prior_comparison (tests.vnext.test_paired_measure_contradiction.PairedReportedComparisonTest.test_other_period_unit_or_accession_is_not_a_prior_comparison) ... ok
company-current	Paired reported comparisons and exact revenue defect	2026-10-09T21:24:48.1955095Z test_same_label_matching_or_no_comparison_keeps_existing_behavior (tests.vnext.test_paired_measure_contradiction.PairedReportedComparisonTest.test_same_label_matching_or_no_comparison_keeps_existing_behavior) ... ok
company-current	Paired reported comparisons and exact revenue defect	2026-10-09T21:24:48.1957902Z test_same_label_prior_comparison_difference_is_not_accepted (tests.vnext.test_paired_measure_contradiction.PairedReportedComparisonTest.test_same_label_prior_comparison_difference_is_not_accepted) ... ok
company-current	Paired reported comparisons and exact revenue defect	2026-10-09T21:24:48.1960390Z test_supported_label_change_requires_the_original_prior_value (tests.vnext.test_paired_measure_contradiction.PairedReportedComparisonTest.test_supported_label_change_requires_the_original_prior_value) ... ok
company-current	Paired reported comparisons and exact revenue defect	2026-10-09T21:24:48.1961735Z 
company-current	Paired reported comparisons and exact revenue defect	2026-10-09T21:24:48.1961983Z ----------------------------------------------------------------------
company-current	Paired reported comparisons and exact revenue defect	2026-10-09T21:24:48.1962500Z Ran 6 tests in 1.033s
company-current	Paired reported comparisons and exact revenue defect	2026-10-09T21:24:48.1962707Z 
company-current	Paired reported comparisons and exact revenue defect	2026-10-09T21:24:48.1962818Z OK
company-current	Paired reported comparisons and exact revenue defect	2026-10-09T21:24:48.1963637Z {"allowed_skips": 0, "errors": 0, "failures": 0, "run": 6, "skip_reasons": [], "skipped": 0, "tests": ["tests.vnext.test_paired_measure_contradiction"]}
company-current	Selected event sources and explicit history validation	﻿2026-10-09T21:24:48.2336777Z ##[group]Run python3 tests/required_unittests.py tests.vnext.test_selected_event_source_v1 tests.vnext.test_registered_event_projection
company-current	Selected event sources and explicit history validation	2026-10-09T21:24:48.2337785Z ^[[36;1mpython3 tests/required_unittests.py tests.vnext.test_selected_event_source_v1 tests.vnext.test_registered_event_projection^[[0m
company-current	Selected event sources and explicit history validation	2026-10-09T21:24:48.2401270Z shell: /usr/bin/bash -e {0}
company-current	Selected event sources and explicit history validation	2026-10-09T21:24:48.2401537Z env:
company-current	Selected event sources and explicit history validation	2026-10-09T21:24:48.2401806Z   pythonLocation: /opt/hostedtoolcache/Python/3.14.8/x64
company-current	Selected event sources and explicit history validation	2026-10-09T21:24:48.2402249Z   PKG_CONFIG_PATH: /opt/hostedtoolcache/Python/3.14.8/x64/lib/pkgconfig
company-current	Selected event sources and explicit history validation	2026-10-09T21:24:48.2402697Z   Python_ROOT_DIR: /opt/hostedtoolcache/Python/3.14.8/x64
company-current	Selected event sources and explicit history validation	2026-10-09T21:24:48.2403088Z   Python2_ROOT_DIR: /opt/hostedtoolcache/Python/3.14.8/x64
company-current	Selected event sources and explicit history validation	2026-10-09T21:24:48.2403465Z   Python3_ROOT_DIR: /opt/hostedtoolcache/Python/3.14.8/x64
company-current	Selected event sources and explicit history validation	2026-10-09T21:24:48.2403839Z   LD_LIBRARY_PATH: /opt/hostedtoolcache/Python/3.14.8/x64/lib
company-current	Selected event sources and explicit history validation	2026-10-09T21:24:48.2404183Z   PYTHONDONTWRITEBYTECODE: 1
company-current	Selected event sources and explicit history validation	2026-10-09T21:24:48.2404420Z ##[endgroup]
company-current	Selected event sources and explicit history validation	2026-10-09T21:24:49.5617643Z test_explicit_history_check_receives_full_body_and_conflict_is_not_empty_success (tests.vnext.test_selected_event_source_v1.SelectedEventSourceTest.test_explicit_history_check_receives_full_body_and_conflict_is_not_empty_success) ... ok
company-current	Selected event sources and explicit history validation	2026-10-09T21:24:49.5981731Z test_gap_day_block_is_selected_and_validated_using_same_effective_last_day (tests.vnext.test_selected_event_source_v1.SelectedEventSourceTest.test_gap_day_block_is_selected_and_validated_using_same_effective_last_day) ... ok
company-current	Selected event sources and explicit history validation	2026-10-09T21:24:49.6114240Z test_missing_header_and_header_date_conflict_remain_failures (tests.vnext.test_selected_event_source_v1.SelectedEventSourceTest.test_missing_header_and_header_date_conflict_remain_failures) ... ok
company-current	Selected event sources and explicit history validation	2026-10-09T21:24:49.6391190Z test_registered_union_reads_both_issuers_and_rules_from_code_root (tests.vnext.test_selected_event_source_v1.SelectedEventSourceTest.test_registered_union_reads_both_issuers_and_rules_from_code_root) ... ok
company-current	Selected event sources and explicit history validation	2026-10-09T21:24:49.6758779Z test_repeated_legacy_gets_are_bound_but_latest_failure_is_visible (tests.vnext.test_selected_event_source_v1.SelectedEventSourceTest.test_repeated_legacy_gets_are_bound_but_latest_failure_is_visible) ... ok
company-current	Selected event sources and explicit history validation	2026-10-09T21:24:49.6988192Z test_same_blob_key_does_not_hide_a_conflicting_media_record (tests.vnext.test_selected_event_source_v1.SelectedEventSourceTest.test_same_blob_key_does_not_hide_a_conflicting_media_record) ... ok
company-current	Selected event sources and explicit history validation	2026-10-09T21:24:49.7147563Z test_source_only_nonempty_claims_keep_real_requests_and_no_results (tests.vnext.test_selected_event_source_v1.SelectedEventSourceTest.test_source_only_nonempty_claims_keep_real_requests_and_no_results) ... ok
company-current	Selected event sources and explicit history validation	2026-10-09T21:24:49.7167573Z test_wrong_registry_selected_entity_or_window_is_rejected (tests.vnext.test_selected_event_source_v1.SelectedEventSourceTest.test_wrong_registry_selected_entity_or_window_is_rejected) ... ok
company-current	Selected event sources and explicit history validation	2026-10-09T21:24:49.7190688Z test_approved_wide_window_retains_the_original_annual_period (tests.vnext.test_registered_event_projection.RegisteredEventProjectionTest.test_approved_wide_window_retains_the_original_annual_period) ... ok
company-current	Selected event sources and explicit history validation	2026-10-09T21:24:49.7208530Z test_arbitrary_wider_period_or_wrong_label_is_rejected (tests.vnext.test_registered_event_projection.RegisteredEventProjectionTest.test_arbitrary_wider_period_or_wrong_label_is_rejected) ... ok
company-current	Selected event sources and explicit history validation	2026-10-09T21:24:49.7210771Z test_financial_and_unreceived_e01_do_not_receive_wide_period_exception (tests.vnext.test_registered_event_projection.RegisteredEventProjectionTest.test_financial_and_unreceived_e01_do_not_receive_wide_period_exception) ... ok
company-current	Selected event sources and explicit history validation	2026-10-09T21:24:49.7254334Z test_missing_registrant_or_wrong_inventory_cannot_complete_union (tests.vnext.test_registered_event_projection.RegisteredEventProjectionTest.test_missing_registrant_or_wrong_inventory_cannot_complete_union) ... ok
company-current	Selected event sources and explicit history validation	2026-10-09T21:24:49.7284044Z test_wrong_registry_catalog_or_financial_combination_is_rejected (tests.vnext.test_registered_event_projection.RegisteredEventProjectionTest.test_wrong_registry_catalog_or_financial_combination_is_rejected) ... ok
company-current	Selected event sources and explicit history validation	2026-10-09T21:24:49.7286475Z 
company-current	Selected event sources and explicit history validation	2026-10-09T21:24:49.7286698Z ----------------------------------------------------------------------
company-current	Selected event sources and explicit history validation	2026-10-09T21:24:49.7287128Z Ran 13 tests in 0.192s
company-current	Selected event sources and explicit history validation	2026-10-09T21:24:49.7287304Z 
company-current	Selected event sources and explicit history validation	2026-10-09T21:24:49.7287403Z OK
company-current	Selected event sources and explicit history validation	2026-10-09T21:24:49.7288259Z {"allowed_skips": 0, "errors": 0, "failures": 0, "run": 13, "skip_reasons": [], "skipped": 0, "tests": ["tests.vnext.test_selected_event_source_v1", "tests.vnext.test_registered_event_projection"]}
company-current	Historical selected event scope and record retention	﻿2026-10-09T21:24:49.7712734Z ##[group]Run python3 tests/required_unittests.py tests.vnext.test_historical_event_cases.HistoricalEventCaseTest tests.vnext.test_historical_event_cases.HistoricalEventHistoryStrategyTest tests.vnext.test_historical_event_cases.HistoricalEventRecordRetentionTest
company-current	Historical selected event scope and record retention	2026-10-09T21:24:49.7714710Z ^[[36;1mpython3 tests/required_unittests.py tests.vnext.test_historical_event_cases.HistoricalEventCaseTest tests.vnext.test_historical_event_cases.HistoricalEventHistoryStrategyTest tests.vnext.test_historical_event_cases.HistoricalEventRecordRetentionTest^[[0m
company-current	Historical selected event scope and record retention	2026-10-09T21:24:49.7778195Z shell: /usr/bin/bash -e {0}
company-current	Historical selected event scope and record retention	2026-10-09T21:24:49.7778452Z env:
company-current	Historical selected event scope and record retention	2026-10-09T21:24:49.7778717Z   pythonLocation: /opt/hostedtoolcache/Python/3.14.8/x64
company-current	Historical selected event scope and record retention	2026-10-09T21:24:49.7779149Z   PKG_CONFIG_PATH: /opt/hostedtoolcache/Python/3.14.8/x64/lib/pkgconfig
company-current	Historical selected event scope and record retention	2026-10-09T21:24:49.7779574Z   Python_ROOT_DIR: /opt/hostedtoolcache/Python/3.14.8/x64
company-current	Historical selected event scope and record retention	2026-10-09T21:24:49.7779953Z   Python2_ROOT_DIR: /opt/hostedtoolcache/Python/3.14.8/x64
company-current	Historical selected event scope and record retention	2026-10-09T21:24:49.7780390Z   Python3_ROOT_DIR: /opt/hostedtoolcache/Python/3.14.8/x64
company-current	Historical selected event scope and record retention	2026-10-09T21:24:49.7780947Z   LD_LIBRARY_PATH: /opt/hostedtoolcache/Python/3.14.8/x64/lib
company-current	Historical selected event scope and record retention	2026-10-09T21:24:49.7781288Z   PYTHONDONTWRITEBYTECODE: 1
company-current	Historical selected event scope and record retention	2026-10-09T21:24:49.7781528Z ##[endgroup]
company-current	Historical selected event scope and record retention	2026-10-09T21:24:51.1818439Z test_catalog_change_to_content_method_is_an_explicit_gap (tests.vnext.test_historical_event_cases.HistoricalEventCaseTest.test_catalog_change_to_content_method_is_an_explicit_gap) ... ok
company-current	Historical selected event scope and record retention	2026-10-09T21:24:51.1821797Z test_content_confirmation_route_is_not_silently_counted (tests.vnext.test_historical_event_cases.HistoricalEventCaseTest.test_content_confirmation_route_is_not_silently_counted) ... ok
company-current	Historical selected event scope and record retention	2026-10-09T21:24:51.1979440Z test_incoherent_history_block_is_not_read_around (tests.vnext.test_historical_event_cases.HistoricalEventCaseTest.test_incoherent_history_block_is_not_read_around) ... ok
company-current	Historical selected event scope and record retention	2026-10-09T21:24:51.2128272Z test_missing_event_header_is_withheld_not_a_correct_zero (tests.vnext.test_historical_event_cases.HistoricalEventCaseTest.test_missing_event_header_is_withheld_not_a_correct_zero) ... ok
company-current	Historical selected event scope and record retention	2026-10-09T21:24:51.2550125Z test_part_iii_window_clearance_does_not_admit_financial_inputs (tests.vnext.test_historical_event_cases.HistoricalEventCaseTest.test_part_iii_window_clearance_does_not_admit_financial_inputs) ... ok
company-current	Historical selected event scope and record retention	2026-10-09T21:24:51.2552881Z test_predecessor_period_reads_only_its_selected_registrant (tests.vnext.test_historical_event_cases.HistoricalEventCaseTest.test_predecessor_period_reads_only_its_selected_registrant) ... ok
company-current	Historical selected event scope and record retention	2026-10-09T21:24:51.2559521Z test_successor_keeps_wide_measurement_and_pinned_container (tests.vnext.test_historical_event_cases.HistoricalEventCaseTest.test_successor_keeps_wide_measurement_and_pinned_container) ... ok
company-current	Historical selected event scope and record retention	2026-10-09T21:24:51.2695908Z test_unknown_program_error_is_not_mislabeled_as_disclosure_absence (tests.vnext.test_historical_event_cases.HistoricalEventCaseTest.test_unknown_program_error_is_not_mislabeled_as_disclosure_absence) ... ok
company-current	Historical selected event scope and record retention	2026-10-09T21:24:51.2698973Z test_complete_body_and_gap_day_use_the_existing_coherence_rule (tests.vnext.test_historical_event_cases.HistoricalEventHistoryStrategyTest.test_complete_body_and_gap_day_use_the_existing_coherence_rule) ... ok
company-current	Historical selected event scope and record retention	2026-10-09T21:24:51.2840057Z test_source_reference_does_not_overwrite_its_raw_blob (tests.vnext.test_historical_event_cases.HistoricalEventRecordRetentionTest.test_source_reference_does_not_overwrite_its_raw_blob) ... ok
company-current	Historical selected event scope and record retention	2026-10-09T21:24:51.2841500Z 
company-current	Historical selected event scope and record retention	2026-10-09T21:24:51.2841790Z ----------------------------------------------------------------------
company-current	Historical selected event scope and record retention	2026-10-09T21:24:51.2842345Z Ran 10 tests in 0.119s
company-current	Historical selected event scope and record retention	2026-10-09T21:24:51.2842570Z 
company-current	Historical selected event scope and record retention	2026-10-09T21:24:51.2842693Z OK
company-current	Historical selected event scope and record retention	2026-10-09T21:24:51.2844712Z {"allowed_skips": 0, "errors": 0, "failures": 0, "run": 10, "skip_reasons": [], "skipped": 0, "tests": ["tests.vnext.test_historical_event_cases.HistoricalEventCaseTest", "tests.vnext.test_historical_event_cases.HistoricalEventHistoryStrategyTest", "tests.vnext.test_historical_event_cases.HistoricalEventRecordRetentionTest"]}
company-current	Existing historical SEC count and recorded capture compatibility	﻿2026-10-09T21:24:51.3280266Z ##[group]Run python3 tests/required_unittests.py tests.vnext.test_existing_historical_sec_state tests.vnext.test_historical_sec_capture_adapter tests.vnext.test_company_online
company-current	Existing historical SEC count and recorded capture compatibility	2026-10-09T21:24:51.3281498Z ^[[36;1mpython3 tests/required_unittests.py tests.vnext.test_existing_historical_sec_state tests.vnext.test_historical_sec_capture_adapter tests.vnext.test_company_online^[[0m
company-current	Existing historical SEC count and recorded capture compatibility	2026-10-09T21:24:51.3344089Z shell: /usr/bin/bash -e {0}
company-current	Existing historical SEC count and recorded capture compatibility	2026-10-09T21:24:51.3344346Z env:
company-current	Existing historical SEC count and recorded capture compatibility	2026-10-09T21:24:51.3344607Z   pythonLocation: /opt/hostedtoolcache/Python/3.14.8/x64
company-current	Existing historical SEC count and recorded capture compatibility	2026-10-09T21:24:51.3345052Z   PKG_CONFIG_PATH: /opt/hostedtoolcache/Python/3.14.8/x64/lib/pkgconfig
company-current	Existing historical SEC count and recorded capture compatibility	2026-10-09T21:24:51.3345722Z   Python_ROOT_DIR: /opt/hostedtoolcache/Python/3.14.8/x64
company-current	Existing historical SEC count and recorded capture compatibility	2026-10-09T21:24:51.3346110Z   Python2_ROOT_DIR: /opt/hostedtoolcache/Python/3.14.8/x64
company-current	Existing historical SEC count and recorded capture compatibility	2026-10-09T21:24:51.3346495Z   Python3_ROOT_DIR: /opt/hostedtoolcache/Python/3.14.8/x64
company-current	Existing historical SEC count and recorded capture compatibility	2026-10-09T21:24:51.3346875Z   LD_LIBRARY_PATH: /opt/hostedtoolcache/Python/3.14.8/x64/lib
company-current	Existing historical SEC count and recorded capture compatibility	2026-10-09T21:24:51.3347260Z   PYTHONDONTWRITEBYTECODE: 1
company-current	Existing historical SEC count and recorded capture compatibility	2026-10-09T21:24:51.3347689Z ##[endgroup]
company-current	Existing historical SEC count and recorded capture compatibility	2026-10-09T21:24:52.5450013Z test_additive_limit_and_conservative_count_are_separate_from_binding (tests.vnext.test_existing_historical_sec_state.ExistingHistoricalSecStateTest.test_additive_limit_and_conservative_count_are_separate_from_binding) ... ok
company-current	Existing historical SEC count and recorded capture compatibility	2026-10-09T21:24:52.5487406Z test_known_failure_is_charged_and_wrong_logged_row_is_rejected (tests.vnext.test_existing_historical_sec_state.ExistingHistoricalSecStateTest.test_known_failure_is_charged_and_wrong_logged_row_is_rejected) ... ok
company-current	Existing historical SEC count and recorded capture compatibility	2026-10-09T21:24:52.5520889Z test_missing_terminal_is_counted_and_blocks (tests.vnext.test_existing_historical_sec_state.ExistingHistoricalSecStateTest.test_missing_terminal_is_counted_and_blocks) ... ok
company-current	Existing historical SEC count and recorded capture compatibility	2026-10-09T21:24:52.5556199Z test_unknown_outcome_is_not_free_or_resolved (tests.vnext.test_existing_historical_sec_state.ExistingHistoricalSecStateTest.test_unknown_outcome_is_not_free_or_resolved) ... ok
company-current	Existing historical SEC count and recorded capture compatibility	2026-10-09T21:24:52.5600419Z test_wrong_intent_binding_or_extension_prefix_is_rejected (tests.vnext.test_existing_historical_sec_state.ExistingHistoricalSecStateTest.test_wrong_intent_binding_or_extension_prefix_is_rejected) ... ok
company-current	Existing historical SEC count and recorded capture compatibility	2026-10-09T21:24:52.5805207Z test_new_403_is_persisted_as_a_stop (tests.vnext.test_historical_sec_capture_adapter.HistoricalSecCaptureAdapterTest.test_new_403_is_persisted_as_a_stop) ... SEC retry exhausted for https://data.sec.gov/submissions/CIK0001048286-attachments-001.json; status=403; error=
company-current	Existing historical SEC count and recorded capture compatibility	2026-10-09T21:24:52.5907464Z ok
company-current	Existing historical SEC count and recorded capture compatibility	2026-10-09T21:24:53.5909791Z test_original_historical_context_without_closure_hash_can_capture (tests.vnext.test_historical_sec_capture_adapter.HistoricalSecCaptureAdapterTest.test_original_historical_context_without_closure_hash_can_capture) ... ok
company-current	Existing historical SEC count and recorded capture compatibility	2026-10-09T21:24:53.6080333Z test_plan_interrupt_consumes_opportunity_without_http_or_fake_terminal (tests.vnext.test_historical_sec_capture_adapter.HistoricalSecCaptureAdapterTest.test_plan_interrupt_consumes_opportunity_without_http_or_fake_terminal) ... ok
company-current	Existing historical SEC count and recorded capture compatibility	2026-10-09T21:24:54.6087941Z test_recorded_capture_preserves_prior_rows_and_uses_next_old_format_slot (tests.vnext.test_historical_sec_capture_adapter.HistoricalSecCaptureAdapterTest.test_recorded_capture_preserves_prior_rows_and_uses_next_old_format_slot) ... ok
company-current	Existing historical SEC count and recorded capture compatibility	2026-10-09T21:24:54.6158256Z test_unclaimed_new_log_row_is_not_treated_as_old_imported_history (tests.vnext.test_historical_sec_capture_adapter.HistoricalSecCaptureAdapterTest.test_unclaimed_new_log_row_is_not_treated_as_old_imported_history) ... ok
company-current	Existing historical SEC count and recorded capture compatibility	2026-10-09T21:24:55.5860294Z test_unknown_and_new_rate_refusal_remain_charged_and_stopped (tests.vnext.test_historical_sec_capture_adapter.HistoricalSecCaptureAdapterTest.test_unknown_and_new_rate_refusal_remain_charged_and_stopped) ... ok
company-current	Existing historical SEC count and recorded capture compatibility	2026-10-09T21:24:55.5965122Z test_wrong_url_root_refresh_and_limit_refuse_before_transport (tests.vnext.test_historical_sec_capture_adapter.HistoricalSecCaptureAdapterTest.test_wrong_url_root_refresh_and_limit_refuse_before_transport) ... ok
company-current	Existing historical SEC count and recorded capture compatibility	2026-10-09T21:24:55.7794526Z test_claim_is_reported_pending_before_plan_persistence (tests.vnext.test_company_online.CompanyOnlineTest.test_claim_is_reported_pending_before_plan_persistence) ... ok
company-current	Existing historical SEC count and recorded capture compatibility	2026-10-09T21:24:55.7845404Z test_existing_real_ledger_never_created (tests.vnext.test_company_online.CompanyOnlineTest.test_existing_real_ledger_never_created) ... ok
company-current	Existing historical SEC count and recorded capture compatibility	2026-10-09T21:24:56.5930788Z test_new_task_source_directory_does_not_reset_immutable_capture (tests.vnext.test_company_online.CompanyOnlineTest.test_new_task_source_directory_does_not_reset_immutable_capture) ... ok
company-current	Existing historical SEC count and recorded capture compatibility	2026-10-09T21:24:57.5929485Z test_one_native_http_attempt_uses_existing_count_and_no_retry (tests.vnext.test_company_online.CompanyOnlineTest.test_one_native_http_attempt_uses_existing_count_and_no_retry) ... ok
company-current	Existing historical SEC count and recorded capture compatibility	2026-10-09T21:24:57.6013049Z test_persistence_interrupt_leaves_counted_pending_no_second_transport (tests.vnext.test_company_online.CompanyOnlineTest.test_persistence_interrupt_leaves_counted_pending_no_second_transport) ... ok
company-current	Existing historical SEC count and recorded capture compatibility	2026-10-09T21:24:57.6074342Z test_prior_metadata_missing_does_not_prevent_current_sources (tests.vnext.test_company_online.CompanyOnlineTest.test_prior_metadata_missing_does_not_prevent_current_sources) ... ok
company-current	Existing historical SEC count and recorded capture compatibility	2026-10-09T21:24:57.6134075Z test_recorded_context_without_replies_cannot_use_network (tests.vnext.test_company_online.CompanyOnlineTest.test_recorded_context_without_replies_cannot_use_network) ... ok
company-current	Existing historical SEC count and recorded capture compatibility	2026-10-09T21:24:57.6186947Z test_scope_or_limits_cannot_be_changed_by_call_context (tests.vnext.test_company_online.CompanyOnlineTest.test_scope_or_limits_cannot_be_changed_by_call_context) ... ok
company-current	Existing historical SEC count and recorded capture compatibility	2026-10-09T21:24:58.5836067Z test_unknown_remote_blocks_next_claim_and_is_not_zero (tests.vnext.test_company_online.CompanyOnlineTest.test_unknown_remote_blocks_next_claim_and_is_not_zero) ... ok
company-current	Existing historical SEC count and recorded capture compatibility	2026-10-09T21:24:58.5890173Z test_unsupported_metric_rejected_before_sources_or_claim (tests.vnext.test_company_online.CompanyOnlineTest.test_unsupported_metric_rejected_before_sources_or_claim) ... ok
company-current	Existing historical SEC count and recorded capture compatibility	2026-10-09T21:24:58.5891495Z 
company-current	Existing historical SEC count and recorded capture compatibility	2026-10-09T21:24:58.5891772Z ----------------------------------------------------------------------
company-current	Existing historical SEC count and recorded capture compatibility	2026-10-09T21:24:58.5892335Z Ran 22 tests in 6.049s
company-current	Existing historical SEC count and recorded capture compatibility	2026-10-09T21:24:58.5892546Z 
company-current	Existing historical SEC count and recorded capture compatibility	2026-10-09T21:24:58.5892678Z OK
company-current	Existing historical SEC count and recorded capture compatibility	2026-10-09T21:24:58.5894043Z {"allowed_skips": 0, "errors": 0, "failures": 0, "run": 22, "skip_reasons": [], "skipped": 0, "tests": ["tests.vnext.test_existing_historical_sec_state", "tests.vnext.test_historical_sec_capture_adapter", "tests.vnext.test_company_online"]}
company-current	Post Run actions/setup-python@a309ff8b426b58ec0e2a45f0f869d46889d02405	﻿2026-10-09T21:24:58.6442388Z Post job cleanup.
company-current	Post Run actions/checkout@de0fac2e4500dabe0009e67214ff5f5447ce83dd	﻿2026-10-09T21:24:58.7839904Z Post job cleanup.
company-current	Post Run actions/checkout@de0fac2e4500dabe0009e67214ff5f5447ce83dd	2026-10-09T21:24:58.8779603Z [command]/usr/bin/git version
company-current	Post Run actions/checkout@de0fac2e4500dabe0009e67214ff5f5447ce83dd	2026-10-09T21:24:58.8827686Z git version 2.55.0
company-current	Post Run actions/checkout@de0fac2e4500dabe0009e67214ff5f5447ce83dd	2026-10-09T21:24:58.8872892Z Temporarily overriding HOME='/home/runner/work/_temp/b1a0e02e-43de-4411-a3a6-0ade20bac4da' before making global git config changes
company-current	Post Run actions/checkout@de0fac2e4500dabe0009e67214ff5f5447ce83dd	2026-10-09T21:24:58.8874230Z Adding repository directory to the temporary git global config as a safe directory
company-current	Post Run actions/checkout@de0fac2e4500dabe0009e67214ff5f5447ce83dd	2026-10-09T21:24:58.8881947Z [command]/usr/bin/git config --global --add safe.directory /home/runner/work/SEC_metrics/SEC_metrics
company-current	Post Run actions/checkout@de0fac2e4500dabe0009e67214ff5f5447ce83dd	2026-10-09T21:24:58.8920308Z Removing SSH command configuration
company-current	Post Run actions/checkout@de0fac2e4500dabe0009e67214ff5f5447ce83dd	2026-10-09T21:24:58.8930575Z [command]/usr/bin/git config --local --name-only --get-regexp core\.sshCommand
company-current	Post Run actions/checkout@de0fac2e4500dabe0009e67214ff5f5447ce83dd	2026-10-09T21:24:58.8972078Z [command]/usr/bin/git submodule foreach --recursive sh -c "git config --local --name-only --get-regexp 'core\.sshCommand' && git config --local --unset-all 'core.sshCommand' || :"
company-current	Post Run actions/checkout@de0fac2e4500dabe0009e67214ff5f5447ce83dd	2026-10-09T21:24:58.9260833Z Removing HTTP extra header
company-current	Post Run actions/checkout@de0fac2e4500dabe0009e67214ff5f5447ce83dd	2026-10-09T21:24:58.9267215Z [command]/usr/bin/git config --local --name-only --get-regexp http\.https\:\/\/github\.com\/\.extraheader
company-current	Post Run actions/checkout@de0fac2e4500dabe0009e67214ff5f5447ce83dd	2026-10-09T21:24:58.9303219Z [command]/usr/bin/git submodule foreach --recursive sh -c "git config --local --name-only --get-regexp 'http\.https\:\/\/github\.com\/\.extraheader' && git config --local --unset-all 'http.https://github.com/.extraheader' || :"
company-current	Post Run actions/checkout@de0fac2e4500dabe0009e67214ff5f5447ce83dd	2026-10-09T21:24:58.9692211Z Removing includeIf entries pointing to credentials config files
company-current	Post Run actions/checkout@de0fac2e4500dabe0009e67214ff5f5447ce83dd	2026-10-09T21:24:58.9703743Z [command]/usr/bin/git config --local --name-only --get-regexp ^includeIf\.gitdir:
company-current	Post Run actions/checkout@de0fac2e4500dabe0009e67214ff5f5447ce83dd	2026-10-09T21:24:58.9819456Z [command]/usr/bin/git submodule foreach --recursive git config --local --show-origin --name-only --get-regexp remote.origin.url
company-current	Complete job	﻿2026-10-09T21:24:59.0213459Z Cleaning up orphan processes
