company-current	Set up job	﻿2026-10-10T11:23:40.7528607Z Current runner version: '2.337.0'
company-current	Set up job	2026-10-10T11:23:40.7556916Z ##[group]Runner Image Provisioner
company-current	Set up job	2026-10-10T11:23:40.7557891Z Hosted Compute Agent
company-current	Set up job	2026-10-10T11:23:40.7558490Z Version: 20261002.596
company-current	Set up job	2026-10-10T11:23:40.7559256Z Commit: c3d12f3313a95f25162a1503be624f3b0617f8c0
company-current	Set up job	2026-10-10T11:23:40.7559991Z Build Date: 2026-10-02T22:28:27Z
company-current	Set up job	2026-10-10T11:23:40.7560652Z Worker ID: {0701178a-7128-4382-9b1f-e977b2a7906c}
company-current	Set up job	2026-10-10T11:23:40.7561414Z Region: eastus
company-current	Set up job	2026-10-10T11:23:40.7561949Z Cloud: Azure
company-current	Set up job	2026-10-10T11:23:40.7562505Z ##[endgroup]
company-current	Set up job	2026-10-10T11:23:40.7563998Z ##[group]Operating System
company-current	Set up job	2026-10-10T11:23:40.7564649Z Ubuntu
company-current	Set up job	2026-10-10T11:23:40.7565267Z 24.04.5
company-current	Set up job	2026-10-10T11:23:40.7566043Z LTS
company-current	Set up job	2026-10-10T11:23:40.7566705Z ##[endgroup]
company-current	Set up job	2026-10-10T11:23:40.7567270Z ##[group]Runner Image
company-current	Set up job	2026-10-10T11:23:40.7567943Z Image: ubuntu-24.04
company-current	Set up job	2026-10-10T11:23:40.7568573Z Version: 20261004.327.1
company-current	Set up job	2026-10-10T11:23:40.7569631Z Included Software: https://github.com/actions/runner-images/blob/ubuntu24/20261004.327/images/ubuntu/Ubuntu2404-Readme.md
company-current	Set up job	2026-10-10T11:23:40.7571465Z Image Release: https://github.com/actions/runner-images/releases/tag/ubuntu24%2F20261004.327
company-current	Set up job	2026-10-10T11:23:40.7572473Z ##[endgroup]
company-current	Set up job	2026-10-10T11:23:40.7573552Z ##[group]GITHUB_TOKEN Permissions
company-current	Set up job	2026-10-10T11:23:40.7576519Z Contents: read
company-current	Set up job	2026-10-10T11:23:40.7577262Z Metadata: read
company-current	Set up job	2026-10-10T11:23:40.7577819Z ##[endgroup]
company-current	Set up job	2026-10-10T11:23:40.7580035Z Secret source: Actions
company-current	Set up job	2026-10-10T11:23:40.7581007Z Cache mode: write
company-current	Set up job	2026-10-10T11:23:40.7581852Z Prepare workflow directory
company-current	Set up job	2026-10-10T11:23:40.7922316Z Prepare all required actions
company-current	Set up job	2026-10-10T11:23:40.7972088Z Getting action download info
company-current	Set up job	2026-10-10T11:23:41.0115086Z Download action repository 'actions/checkout@de0fac2e4500dabe0009e67214ff5f5447ce83dd' (SHA:de0fac2e4500dabe0009e67214ff5f5447ce83dd)
company-current	Set up job	2026-10-10T11:23:41.1208919Z Download action repository 'actions/setup-python@a309ff8b426b58ec0e2a45f0f869d46889d02405' (SHA:a309ff8b426b58ec0e2a45f0f869d46889d02405)
company-current	Set up job	2026-10-10T11:23:41.3262130Z Complete job name: company-current
company-current	Run actions/checkout@de0fac2e4500dabe0009e67214ff5f5447ce83dd	﻿2026-10-10T11:23:41.4095136Z ##[group]Run actions/checkout@de0fac2e4500dabe0009e67214ff5f5447ce83dd
company-current	Run actions/checkout@de0fac2e4500dabe0009e67214ff5f5447ce83dd	2026-10-10T11:23:41.4096493Z with:
company-current	Run actions/checkout@de0fac2e4500dabe0009e67214ff5f5447ce83dd	2026-10-10T11:23:41.4096951Z   persist-credentials: false
company-current	Run actions/checkout@de0fac2e4500dabe0009e67214ff5f5447ce83dd	2026-10-10T11:23:41.4097482Z   repository: wlvh/SEC_metrics
company-current	Run actions/checkout@de0fac2e4500dabe0009e67214ff5f5447ce83dd	2026-10-10T11:23:41.4101475Z   token: ***
company-current	Run actions/checkout@de0fac2e4500dabe0009e67214ff5f5447ce83dd	2026-10-10T11:23:41.4101901Z   ssh-strict: true
company-current	Run actions/checkout@de0fac2e4500dabe0009e67214ff5f5447ce83dd	2026-10-10T11:23:41.4102341Z   ssh-user: git
company-current	Run actions/checkout@de0fac2e4500dabe0009e67214ff5f5447ce83dd	2026-10-10T11:23:41.4102761Z   clean: true
company-current	Run actions/checkout@de0fac2e4500dabe0009e67214ff5f5447ce83dd	2026-10-10T11:23:41.4103198Z   sparse-checkout-cone-mode: true
company-current	Run actions/checkout@de0fac2e4500dabe0009e67214ff5f5447ce83dd	2026-10-10T11:23:41.4103716Z   fetch-depth: 1
company-current	Run actions/checkout@de0fac2e4500dabe0009e67214ff5f5447ce83dd	2026-10-10T11:23:41.4104143Z   fetch-tags: false
company-current	Run actions/checkout@de0fac2e4500dabe0009e67214ff5f5447ce83dd	2026-10-10T11:23:41.4104582Z   show-progress: true
company-current	Run actions/checkout@de0fac2e4500dabe0009e67214ff5f5447ce83dd	2026-10-10T11:23:41.4105015Z   lfs: false
company-current	Run actions/checkout@de0fac2e4500dabe0009e67214ff5f5447ce83dd	2026-10-10T11:23:41.4105405Z   submodules: false
company-current	Run actions/checkout@de0fac2e4500dabe0009e67214ff5f5447ce83dd	2026-10-10T11:23:41.4106010Z   set-safe-directory: true
company-current	Run actions/checkout@de0fac2e4500dabe0009e67214ff5f5447ce83dd	2026-10-10T11:23:41.4106725Z ##[endgroup]
company-current	Run actions/checkout@de0fac2e4500dabe0009e67214ff5f5447ce83dd	2026-10-10T11:23:41.5184714Z Syncing repository: wlvh/SEC_metrics
company-current	Run actions/checkout@de0fac2e4500dabe0009e67214ff5f5447ce83dd	2026-10-10T11:23:41.5187879Z ##[group]Getting Git version info
company-current	Run actions/checkout@de0fac2e4500dabe0009e67214ff5f5447ce83dd	2026-10-10T11:23:41.5189213Z Working directory is '/home/runner/work/SEC_metrics/SEC_metrics'
company-current	Run actions/checkout@de0fac2e4500dabe0009e67214ff5f5447ce83dd	2026-10-10T11:23:41.5191168Z [command]/usr/bin/git version
company-current	Run actions/checkout@de0fac2e4500dabe0009e67214ff5f5447ce83dd	2026-10-10T11:23:41.5301362Z git version 2.55.0
company-current	Run actions/checkout@de0fac2e4500dabe0009e67214ff5f5447ce83dd	2026-10-10T11:23:41.5326844Z ##[endgroup]
company-current	Run actions/checkout@de0fac2e4500dabe0009e67214ff5f5447ce83dd	2026-10-10T11:23:41.5343308Z Temporarily overriding HOME='/home/runner/work/_temp/89ec446c-3a61-4b11-97f4-b73e11e5f338' before making global git config changes
company-current	Run actions/checkout@de0fac2e4500dabe0009e67214ff5f5447ce83dd	2026-10-10T11:23:41.5345896Z Adding repository directory to the temporary git global config as a safe directory
company-current	Run actions/checkout@de0fac2e4500dabe0009e67214ff5f5447ce83dd	2026-10-10T11:23:41.5349932Z [command]/usr/bin/git config --global --add safe.directory /home/runner/work/SEC_metrics/SEC_metrics
company-current	Run actions/checkout@de0fac2e4500dabe0009e67214ff5f5447ce83dd	2026-10-10T11:23:41.5407402Z Deleting the contents of '/home/runner/work/SEC_metrics/SEC_metrics'
company-current	Run actions/checkout@de0fac2e4500dabe0009e67214ff5f5447ce83dd	2026-10-10T11:23:41.5412808Z ##[group]Initializing the repository
company-current	Run actions/checkout@de0fac2e4500dabe0009e67214ff5f5447ce83dd	2026-10-10T11:23:41.5418904Z [command]/usr/bin/git init /home/runner/work/SEC_metrics/SEC_metrics
company-current	Run actions/checkout@de0fac2e4500dabe0009e67214ff5f5447ce83dd	2026-10-10T11:23:41.5549194Z hint: Using 'master' as the name for the initial branch. This default branch name
company-current	Run actions/checkout@de0fac2e4500dabe0009e67214ff5f5447ce83dd	2026-10-10T11:23:41.5550971Z hint: will change to "main" in Git 3.0. To configure the initial branch name
company-current	Run actions/checkout@de0fac2e4500dabe0009e67214ff5f5447ce83dd	2026-10-10T11:23:41.5555077Z hint: to use in all of your new repositories, which will suppress this warning,
company-current	Run actions/checkout@de0fac2e4500dabe0009e67214ff5f5447ce83dd	2026-10-10T11:23:41.5556501Z hint: call:
company-current	Run actions/checkout@de0fac2e4500dabe0009e67214ff5f5447ce83dd	2026-10-10T11:23:41.5557393Z hint:
company-current	Run actions/checkout@de0fac2e4500dabe0009e67214ff5f5447ce83dd	2026-10-10T11:23:41.5558649Z hint: 	git config --global init.defaultBranch <name>
company-current	Run actions/checkout@de0fac2e4500dabe0009e67214ff5f5447ce83dd	2026-10-10T11:23:41.5559632Z hint:
company-current	Run actions/checkout@de0fac2e4500dabe0009e67214ff5f5447ce83dd	2026-10-10T11:23:41.5560546Z hint: Names commonly chosen instead of 'master' are 'main', 'trunk' and
company-current	Run actions/checkout@de0fac2e4500dabe0009e67214ff5f5447ce83dd	2026-10-10T11:23:41.5562199Z hint: 'development'. The just-created branch can be renamed via this command:
company-current	Run actions/checkout@de0fac2e4500dabe0009e67214ff5f5447ce83dd	2026-10-10T11:23:41.5563528Z hint:
company-current	Run actions/checkout@de0fac2e4500dabe0009e67214ff5f5447ce83dd	2026-10-10T11:23:41.5564211Z hint: 	git branch -m <name>
company-current	Run actions/checkout@de0fac2e4500dabe0009e67214ff5f5447ce83dd	2026-10-10T11:23:41.5565746Z hint:
company-current	Run actions/checkout@de0fac2e4500dabe0009e67214ff5f5447ce83dd	2026-10-10T11:23:41.5566770Z hint: Disable this message with "git config set advice.defaultBranchName false"
company-current	Run actions/checkout@de0fac2e4500dabe0009e67214ff5f5447ce83dd	2026-10-10T11:23:41.5568565Z Initialized empty Git repository in /home/runner/work/SEC_metrics/SEC_metrics/.git/
company-current	Run actions/checkout@de0fac2e4500dabe0009e67214ff5f5447ce83dd	2026-10-10T11:23:41.5571380Z [command]/usr/bin/git remote add origin https://github.com/wlvh/SEC_metrics
company-current	Run actions/checkout@de0fac2e4500dabe0009e67214ff5f5447ce83dd	2026-10-10T11:23:41.5624404Z ##[endgroup]
company-current	Run actions/checkout@de0fac2e4500dabe0009e67214ff5f5447ce83dd	2026-10-10T11:23:41.5625947Z ##[group]Disabling automatic garbage collection
company-current	Run actions/checkout@de0fac2e4500dabe0009e67214ff5f5447ce83dd	2026-10-10T11:23:41.5628373Z [command]/usr/bin/git config --local gc.auto 0
company-current	Run actions/checkout@de0fac2e4500dabe0009e67214ff5f5447ce83dd	2026-10-10T11:23:41.5685248Z ##[endgroup]
company-current	Run actions/checkout@de0fac2e4500dabe0009e67214ff5f5447ce83dd	2026-10-10T11:23:41.5688028Z ##[group]Setting up auth
company-current	Run actions/checkout@de0fac2e4500dabe0009e67214ff5f5447ce83dd	2026-10-10T11:23:41.5689367Z Removing SSH command configuration
company-current	Run actions/checkout@de0fac2e4500dabe0009e67214ff5f5447ce83dd	2026-10-10T11:23:41.5691679Z [command]/usr/bin/git config --local --name-only --get-regexp core\.sshCommand
company-current	Run actions/checkout@de0fac2e4500dabe0009e67214ff5f5447ce83dd	2026-10-10T11:23:41.5718023Z [command]/usr/bin/git submodule foreach --recursive sh -c "git config --local --name-only --get-regexp 'core\.sshCommand' && git config --local --unset-all 'core.sshCommand' || :"
company-current	Run actions/checkout@de0fac2e4500dabe0009e67214ff5f5447ce83dd	2026-10-10T11:23:41.6133660Z Removing HTTP extra header
company-current	Run actions/checkout@de0fac2e4500dabe0009e67214ff5f5447ce83dd	2026-10-10T11:23:41.6141643Z [command]/usr/bin/git config --local --name-only --get-regexp http\.https\:\/\/github\.com\/\.extraheader
company-current	Run actions/checkout@de0fac2e4500dabe0009e67214ff5f5447ce83dd	2026-10-10T11:23:41.6185451Z [command]/usr/bin/git submodule foreach --recursive sh -c "git config --local --name-only --get-regexp 'http\.https\:\/\/github\.com\/\.extraheader' && git config --local --unset-all 'http.https://github.com/.extraheader' || :"
company-current	Run actions/checkout@de0fac2e4500dabe0009e67214ff5f5447ce83dd	2026-10-10T11:23:41.6407755Z Removing includeIf entries pointing to credentials config files
company-current	Run actions/checkout@de0fac2e4500dabe0009e67214ff5f5447ce83dd	2026-10-10T11:23:41.6416014Z [command]/usr/bin/git config --local --name-only --get-regexp ^includeIf\.gitdir:
company-current	Run actions/checkout@de0fac2e4500dabe0009e67214ff5f5447ce83dd	2026-10-10T11:23:41.6453867Z [command]/usr/bin/git submodule foreach --recursive git config --local --show-origin --name-only --get-regexp remote.origin.url
company-current	Run actions/checkout@de0fac2e4500dabe0009e67214ff5f5447ce83dd	2026-10-10T11:23:41.6687181Z [command]/usr/bin/git config --file /home/runner/work/_temp/git-credentials-32226e2d-d07d-495e-8d7a-532dba5d4bfc.config http.https://github.com/.extraheader AUTHORIZATION: basic ***
company-current	Run actions/checkout@de0fac2e4500dabe0009e67214ff5f5447ce83dd	2026-10-10T11:23:41.6731231Z [command]/usr/bin/git config --local includeIf.gitdir:/home/runner/work/SEC_metrics/SEC_metrics/.git.path /home/runner/work/_temp/git-credentials-32226e2d-d07d-495e-8d7a-532dba5d4bfc.config
company-current	Run actions/checkout@de0fac2e4500dabe0009e67214ff5f5447ce83dd	2026-10-10T11:23:41.6769153Z [command]/usr/bin/git config --local includeIf.gitdir:/home/runner/work/SEC_metrics/SEC_metrics/.git/worktrees/*.path /home/runner/work/_temp/git-credentials-32226e2d-d07d-495e-8d7a-532dba5d4bfc.config
company-current	Run actions/checkout@de0fac2e4500dabe0009e67214ff5f5447ce83dd	2026-10-10T11:23:41.6808268Z [command]/usr/bin/git config --local includeIf.gitdir:/github/workspace/.git.path /github/runner_temp/git-credentials-32226e2d-d07d-495e-8d7a-532dba5d4bfc.config
company-current	Run actions/checkout@de0fac2e4500dabe0009e67214ff5f5447ce83dd	2026-10-10T11:23:41.6844648Z [command]/usr/bin/git config --local includeIf.gitdir:/github/workspace/.git/worktrees/*.path /github/runner_temp/git-credentials-32226e2d-d07d-495e-8d7a-532dba5d4bfc.config
company-current	Run actions/checkout@de0fac2e4500dabe0009e67214ff5f5447ce83dd	2026-10-10T11:23:41.6874332Z ##[endgroup]
company-current	Run actions/checkout@de0fac2e4500dabe0009e67214ff5f5447ce83dd	2026-10-10T11:23:41.6875284Z ##[group]Fetching the repository
company-current	Run actions/checkout@de0fac2e4500dabe0009e67214ff5f5447ce83dd	2026-10-10T11:23:41.6882973Z [command]/usr/bin/git -c protocol.version=2 fetch --no-tags --prune --no-recurse-submodules --depth=1 origin +5e7104f23e471bef1e95cb04da64743010fcf907:refs/remotes/pull/114/merge
company-current	Run actions/checkout@de0fac2e4500dabe0009e67214ff5f5447ce83dd	2026-10-10T11:23:51.0480640Z From https://github.com/wlvh/SEC_metrics
company-current	Run actions/checkout@de0fac2e4500dabe0009e67214ff5f5447ce83dd	2026-10-10T11:23:51.0482578Z  * [new ref]         5e7104f23e471bef1e95cb04da64743010fcf907 -> pull/114/merge
company-current	Run actions/checkout@de0fac2e4500dabe0009e67214ff5f5447ce83dd	2026-10-10T11:23:51.0488162Z ##[endgroup]
company-current	Run actions/checkout@de0fac2e4500dabe0009e67214ff5f5447ce83dd	2026-10-10T11:23:51.0489643Z ##[group]Determining the checkout info
company-current	Run actions/checkout@de0fac2e4500dabe0009e67214ff5f5447ce83dd	2026-10-10T11:23:51.0492246Z ##[endgroup]
company-current	Run actions/checkout@de0fac2e4500dabe0009e67214ff5f5447ce83dd	2026-10-10T11:23:51.0497608Z [command]/usr/bin/git sparse-checkout disable
company-current	Run actions/checkout@de0fac2e4500dabe0009e67214ff5f5447ce83dd	2026-10-10T11:23:51.0559851Z [command]/usr/bin/git config --local --unset-all extensions.worktreeConfig
company-current	Run actions/checkout@de0fac2e4500dabe0009e67214ff5f5447ce83dd	2026-10-10T11:23:51.0597352Z ##[group]Checking out the ref
company-current	Run actions/checkout@de0fac2e4500dabe0009e67214ff5f5447ce83dd	2026-10-10T11:23:51.0600961Z [command]/usr/bin/git checkout --progress --force refs/remotes/pull/114/merge
company-current	Run actions/checkout@de0fac2e4500dabe0009e67214ff5f5447ce83dd	2026-10-10T11:23:52.1692214Z Updating files:  63% (5825/9155)
company-current	Run actions/checkout@de0fac2e4500dabe0009e67214ff5f5447ce83dd	2026-10-10T11:23:52.2343099Z Updating files:  64% (5860/9155)
company-current	Run actions/checkout@de0fac2e4500dabe0009e67214ff5f5447ce83dd	2026-10-10T11:23:52.2807174Z Updating files:  65% (5951/9155)
company-current	Run actions/checkout@de0fac2e4500dabe0009e67214ff5f5447ce83dd	2026-10-10T11:23:52.3654972Z Updating files:  66% (6043/9155)
company-current	Run actions/checkout@de0fac2e4500dabe0009e67214ff5f5447ce83dd	2026-10-10T11:23:52.4032340Z Updating files:  67% (6134/9155)
company-current	Run actions/checkout@de0fac2e4500dabe0009e67214ff5f5447ce83dd	2026-10-10T11:23:52.4362617Z Updating files:  68% (6226/9155)
company-current	Run actions/checkout@de0fac2e4500dabe0009e67214ff5f5447ce83dd	2026-10-10T11:23:52.5816304Z Updating files:  69% (6317/9155)
company-current	Run actions/checkout@de0fac2e4500dabe0009e67214ff5f5447ce83dd	2026-10-10T11:23:52.6645829Z Updating files:  70% (6409/9155)
company-current	Run actions/checkout@de0fac2e4500dabe0009e67214ff5f5447ce83dd	2026-10-10T11:23:52.6800070Z Updating files:  71% (6501/9155)
company-current	Run actions/checkout@de0fac2e4500dabe0009e67214ff5f5447ce83dd	2026-10-10T11:23:52.6941051Z Updating files:  72% (6592/9155)
company-current	Run actions/checkout@de0fac2e4500dabe0009e67214ff5f5447ce83dd	2026-10-10T11:23:52.7098111Z Updating files:  73% (6684/9155)
company-current	Run actions/checkout@de0fac2e4500dabe0009e67214ff5f5447ce83dd	2026-10-10T11:23:52.7203015Z Updating files:  74% (6775/9155)
company-current	Run actions/checkout@de0fac2e4500dabe0009e67214ff5f5447ce83dd	2026-10-10T11:23:52.7378522Z Updating files:  75% (6867/9155)
company-current	Run actions/checkout@de0fac2e4500dabe0009e67214ff5f5447ce83dd	2026-10-10T11:23:52.7572372Z Updating files:  76% (6958/9155)
company-current	Run actions/checkout@de0fac2e4500dabe0009e67214ff5f5447ce83dd	2026-10-10T11:23:52.7694908Z Updating files:  77% (7050/9155)
company-current	Run actions/checkout@de0fac2e4500dabe0009e67214ff5f5447ce83dd	2026-10-10T11:23:52.7937926Z Updating files:  78% (7141/9155)
company-current	Run actions/checkout@de0fac2e4500dabe0009e67214ff5f5447ce83dd	2026-10-10T11:23:52.8226064Z Updating files:  79% (7233/9155)
company-current	Run actions/checkout@de0fac2e4500dabe0009e67214ff5f5447ce83dd	2026-10-10T11:23:52.8457133Z Updating files:  80% (7324/9155)
company-current	Run actions/checkout@de0fac2e4500dabe0009e67214ff5f5447ce83dd	2026-10-10T11:23:52.8525392Z Updating files:  81% (7416/9155)
company-current	Run actions/checkout@de0fac2e4500dabe0009e67214ff5f5447ce83dd	2026-10-10T11:23:52.8801045Z Updating files:  82% (7508/9155)
company-current	Run actions/checkout@de0fac2e4500dabe0009e67214ff5f5447ce83dd	2026-10-10T11:23:52.9045506Z Updating files:  83% (7599/9155)
company-current	Run actions/checkout@de0fac2e4500dabe0009e67214ff5f5447ce83dd	2026-10-10T11:23:52.9143870Z Updating files:  84% (7691/9155)
company-current	Run actions/checkout@de0fac2e4500dabe0009e67214ff5f5447ce83dd	2026-10-10T11:23:52.9213006Z Updating files:  85% (7782/9155)
company-current	Run actions/checkout@de0fac2e4500dabe0009e67214ff5f5447ce83dd	2026-10-10T11:23:52.9267702Z Updating files:  86% (7874/9155)
company-current	Run actions/checkout@de0fac2e4500dabe0009e67214ff5f5447ce83dd	2026-10-10T11:23:52.9385392Z Updating files:  87% (7965/9155)
company-current	Run actions/checkout@de0fac2e4500dabe0009e67214ff5f5447ce83dd	2026-10-10T11:23:52.9660236Z Updating files:  88% (8057/9155)
company-current	Run actions/checkout@de0fac2e4500dabe0009e67214ff5f5447ce83dd	2026-10-10T11:23:52.9883660Z Updating files:  89% (8148/9155)
company-current	Run actions/checkout@de0fac2e4500dabe0009e67214ff5f5447ce83dd	2026-10-10T11:23:52.9943771Z Updating files:  90% (8240/9155)
company-current	Run actions/checkout@de0fac2e4500dabe0009e67214ff5f5447ce83dd	2026-10-10T11:23:53.0078446Z Updating files:  91% (8332/9155)
company-current	Run actions/checkout@de0fac2e4500dabe0009e67214ff5f5447ce83dd	2026-10-10T11:23:53.0192598Z Updating files:  92% (8423/9155)
company-current	Run actions/checkout@de0fac2e4500dabe0009e67214ff5f5447ce83dd	2026-10-10T11:23:53.0279079Z Updating files:  93% (8515/9155)
company-current	Run actions/checkout@de0fac2e4500dabe0009e67214ff5f5447ce83dd	2026-10-10T11:23:53.0382838Z Updating files:  94% (8606/9155)
company-current	Run actions/checkout@de0fac2e4500dabe0009e67214ff5f5447ce83dd	2026-10-10T11:23:53.0477049Z Updating files:  95% (8698/9155)
company-current	Run actions/checkout@de0fac2e4500dabe0009e67214ff5f5447ce83dd	2026-10-10T11:23:53.0575342Z Updating files:  96% (8789/9155)
company-current	Run actions/checkout@de0fac2e4500dabe0009e67214ff5f5447ce83dd	2026-10-10T11:23:53.0662363Z Updating files:  97% (8881/9155)
company-current	Run actions/checkout@de0fac2e4500dabe0009e67214ff5f5447ce83dd	2026-10-10T11:23:53.0738326Z Updating files:  98% (8972/9155)
company-current	Run actions/checkout@de0fac2e4500dabe0009e67214ff5f5447ce83dd	2026-10-10T11:23:53.0755351Z Updating files:  99% (9064/9155)
company-current	Run actions/checkout@de0fac2e4500dabe0009e67214ff5f5447ce83dd	2026-10-10T11:23:53.0822007Z Updating files:  99% (9080/9155)
company-current	Run actions/checkout@de0fac2e4500dabe0009e67214ff5f5447ce83dd	2026-10-10T11:23:53.0823179Z Updating files: 100% (9155/9155)
company-current	Run actions/checkout@de0fac2e4500dabe0009e67214ff5f5447ce83dd	2026-10-10T11:23:53.0823757Z Updating files: 100% (9155/9155), done.
company-current	Run actions/checkout@de0fac2e4500dabe0009e67214ff5f5447ce83dd	2026-10-10T11:23:53.1003859Z Note: switching to 'refs/remotes/pull/114/merge'.
company-current	Run actions/checkout@de0fac2e4500dabe0009e67214ff5f5447ce83dd	2026-10-10T11:23:53.1004315Z 
company-current	Run actions/checkout@de0fac2e4500dabe0009e67214ff5f5447ce83dd	2026-10-10T11:23:53.1004721Z You are in 'detached HEAD' state. You can look around, make experimental
company-current	Run actions/checkout@de0fac2e4500dabe0009e67214ff5f5447ce83dd	2026-10-10T11:23:53.1005396Z changes and commit them, and you can discard any commits you make in this
company-current	Run actions/checkout@de0fac2e4500dabe0009e67214ff5f5447ce83dd	2026-10-10T11:23:53.1006682Z state without impacting any branches by switching back to a branch.
company-current	Run actions/checkout@de0fac2e4500dabe0009e67214ff5f5447ce83dd	2026-10-10T11:23:53.1007242Z 
company-current	Run actions/checkout@de0fac2e4500dabe0009e67214ff5f5447ce83dd	2026-10-10T11:23:53.1007495Z If you want to create a new branch to retain commits you create, you may
company-current	Run actions/checkout@de0fac2e4500dabe0009e67214ff5f5447ce83dd	2026-10-10T11:23:53.1008060Z do so (now or later) by using -c with the switch command. Example:
company-current	Run actions/checkout@de0fac2e4500dabe0009e67214ff5f5447ce83dd	2026-10-10T11:23:53.1008987Z 
company-current	Run actions/checkout@de0fac2e4500dabe0009e67214ff5f5447ce83dd	2026-10-10T11:23:53.1009147Z   git switch -c <new-branch-name>
company-current	Run actions/checkout@de0fac2e4500dabe0009e67214ff5f5447ce83dd	2026-10-10T11:23:53.1009399Z 
company-current	Run actions/checkout@de0fac2e4500dabe0009e67214ff5f5447ce83dd	2026-10-10T11:23:53.1009524Z Or undo this operation with:
company-current	Run actions/checkout@de0fac2e4500dabe0009e67214ff5f5447ce83dd	2026-10-10T11:23:53.1009687Z 
company-current	Run actions/checkout@de0fac2e4500dabe0009e67214ff5f5447ce83dd	2026-10-10T11:23:53.1009780Z   git switch -
company-current	Run actions/checkout@de0fac2e4500dabe0009e67214ff5f5447ce83dd	2026-10-10T11:23:53.1009947Z 
company-current	Run actions/checkout@de0fac2e4500dabe0009e67214ff5f5447ce83dd	2026-10-10T11:23:53.1010170Z Turn off this advice by setting config variable advice.detachedHead to false
company-current	Run actions/checkout@de0fac2e4500dabe0009e67214ff5f5447ce83dd	2026-10-10T11:23:53.1010490Z 
company-current	Run actions/checkout@de0fac2e4500dabe0009e67214ff5f5447ce83dd	2026-10-10T11:23:53.1010836Z HEAD is now at 5e7104f Merge 9c73085d19fad2458572f43891d516c3aaf5f4ec into f51d8c3d27f3169b9cdb3a246295830882240c1f
company-current	Run actions/checkout@de0fac2e4500dabe0009e67214ff5f5447ce83dd	2026-10-10T11:23:53.1125787Z ##[endgroup]
company-current	Run actions/checkout@de0fac2e4500dabe0009e67214ff5f5447ce83dd	2026-10-10T11:23:53.1176770Z [command]/usr/bin/git log -1 --format=%H
company-current	Run actions/checkout@de0fac2e4500dabe0009e67214ff5f5447ce83dd	2026-10-10T11:23:53.1268267Z 5e7104f23e471bef1e95cb04da64743010fcf907
company-current	Run actions/checkout@de0fac2e4500dabe0009e67214ff5f5447ce83dd	2026-10-10T11:23:53.1283264Z ##[group]Removing auth
company-current	Run actions/checkout@de0fac2e4500dabe0009e67214ff5f5447ce83dd	2026-10-10T11:23:53.1283738Z Removing SSH command configuration
company-current	Run actions/checkout@de0fac2e4500dabe0009e67214ff5f5447ce83dd	2026-10-10T11:23:53.1284437Z [command]/usr/bin/git config --local --name-only --get-regexp core\.sshCommand
company-current	Run actions/checkout@de0fac2e4500dabe0009e67214ff5f5447ce83dd	2026-10-10T11:23:53.1522748Z [command]/usr/bin/git submodule foreach --recursive sh -c "git config --local --name-only --get-regexp 'core\.sshCommand' && git config --local --unset-all 'core.sshCommand' || :"
company-current	Run actions/checkout@de0fac2e4500dabe0009e67214ff5f5447ce83dd	2026-10-10T11:23:53.1525211Z Removing HTTP extra header
company-current	Run actions/checkout@de0fac2e4500dabe0009e67214ff5f5447ce83dd	2026-10-10T11:23:53.1529710Z [command]/usr/bin/git config --local --name-only --get-regexp http\.https\:\/\/github\.com\/\.extraheader
company-current	Run actions/checkout@de0fac2e4500dabe0009e67214ff5f5447ce83dd	2026-10-10T11:23:53.1568585Z [command]/usr/bin/git submodule foreach --recursive sh -c "git config --local --name-only --get-regexp 'http\.https\:\/\/github\.com\/\.extraheader' && git config --local --unset-all 'http.https://github.com/.extraheader' || :"
company-current	Run actions/checkout@de0fac2e4500dabe0009e67214ff5f5447ce83dd	2026-10-10T11:23:53.1813712Z Removing includeIf entries pointing to credentials config files
company-current	Run actions/checkout@de0fac2e4500dabe0009e67214ff5f5447ce83dd	2026-10-10T11:23:53.1818891Z [command]/usr/bin/git config --local --name-only --get-regexp ^includeIf\.gitdir:
company-current	Run actions/checkout@de0fac2e4500dabe0009e67214ff5f5447ce83dd	2026-10-10T11:23:53.1851636Z includeif.gitdir:/home/runner/work/SEC_metrics/SEC_metrics/.git.path
company-current	Run actions/checkout@de0fac2e4500dabe0009e67214ff5f5447ce83dd	2026-10-10T11:23:53.1852626Z includeif.gitdir:/home/runner/work/SEC_metrics/SEC_metrics/.git/worktrees/*.path
company-current	Run actions/checkout@de0fac2e4500dabe0009e67214ff5f5447ce83dd	2026-10-10T11:23:53.1853380Z includeif.gitdir:/github/workspace/.git.path
company-current	Run actions/checkout@de0fac2e4500dabe0009e67214ff5f5447ce83dd	2026-10-10T11:23:53.1853808Z includeif.gitdir:/github/workspace/.git/worktrees/*.path
company-current	Run actions/checkout@de0fac2e4500dabe0009e67214ff5f5447ce83dd	2026-10-10T11:23:53.1862269Z [command]/usr/bin/git config --local --get-all includeif.gitdir:/home/runner/work/SEC_metrics/SEC_metrics/.git.path
company-current	Run actions/checkout@de0fac2e4500dabe0009e67214ff5f5447ce83dd	2026-10-10T11:23:53.1888221Z /home/runner/work/_temp/git-credentials-32226e2d-d07d-495e-8d7a-532dba5d4bfc.config
company-current	Run actions/checkout@de0fac2e4500dabe0009e67214ff5f5447ce83dd	2026-10-10T11:23:53.1898612Z [command]/usr/bin/git config --local --unset includeif.gitdir:/home/runner/work/SEC_metrics/SEC_metrics/.git.path /home/runner/work/_temp/git-credentials-32226e2d-d07d-495e-8d7a-532dba5d4bfc.config
company-current	Run actions/checkout@de0fac2e4500dabe0009e67214ff5f5447ce83dd	2026-10-10T11:23:53.1937964Z [command]/usr/bin/git config --local --get-all includeif.gitdir:/home/runner/work/SEC_metrics/SEC_metrics/.git/worktrees/*.path
company-current	Run actions/checkout@de0fac2e4500dabe0009e67214ff5f5447ce83dd	2026-10-10T11:23:53.1963566Z /home/runner/work/_temp/git-credentials-32226e2d-d07d-495e-8d7a-532dba5d4bfc.config
company-current	Run actions/checkout@de0fac2e4500dabe0009e67214ff5f5447ce83dd	2026-10-10T11:23:53.1973839Z [command]/usr/bin/git config --local --unset includeif.gitdir:/home/runner/work/SEC_metrics/SEC_metrics/.git/worktrees/*.path /home/runner/work/_temp/git-credentials-32226e2d-d07d-495e-8d7a-532dba5d4bfc.config
company-current	Run actions/checkout@de0fac2e4500dabe0009e67214ff5f5447ce83dd	2026-10-10T11:23:53.2016008Z [command]/usr/bin/git config --local --get-all includeif.gitdir:/github/workspace/.git.path
company-current	Run actions/checkout@de0fac2e4500dabe0009e67214ff5f5447ce83dd	2026-10-10T11:23:53.2045099Z /github/runner_temp/git-credentials-32226e2d-d07d-495e-8d7a-532dba5d4bfc.config
company-current	Run actions/checkout@de0fac2e4500dabe0009e67214ff5f5447ce83dd	2026-10-10T11:23:53.2054253Z [command]/usr/bin/git config --local --unset includeif.gitdir:/github/workspace/.git.path /github/runner_temp/git-credentials-32226e2d-d07d-495e-8d7a-532dba5d4bfc.config
company-current	Run actions/checkout@de0fac2e4500dabe0009e67214ff5f5447ce83dd	2026-10-10T11:23:53.2097375Z [command]/usr/bin/git config --local --get-all includeif.gitdir:/github/workspace/.git/worktrees/*.path
company-current	Run actions/checkout@de0fac2e4500dabe0009e67214ff5f5447ce83dd	2026-10-10T11:23:53.2123141Z /github/runner_temp/git-credentials-32226e2d-d07d-495e-8d7a-532dba5d4bfc.config
company-current	Run actions/checkout@de0fac2e4500dabe0009e67214ff5f5447ce83dd	2026-10-10T11:23:53.2133105Z [command]/usr/bin/git config --local --unset includeif.gitdir:/github/workspace/.git/worktrees/*.path /github/runner_temp/git-credentials-32226e2d-d07d-495e-8d7a-532dba5d4bfc.config
company-current	Run actions/checkout@de0fac2e4500dabe0009e67214ff5f5447ce83dd	2026-10-10T11:23:53.2169845Z [command]/usr/bin/git submodule foreach --recursive git config --local --show-origin --name-only --get-regexp remote.origin.url
company-current	Run actions/checkout@de0fac2e4500dabe0009e67214ff5f5447ce83dd	2026-10-10T11:23:53.2418881Z Removing credentials config '/home/runner/work/_temp/git-credentials-32226e2d-d07d-495e-8d7a-532dba5d4bfc.config'
company-current	Run actions/checkout@de0fac2e4500dabe0009e67214ff5f5447ce83dd	2026-10-10T11:23:53.2429314Z ##[endgroup]
company-current	Run actions/setup-python@a309ff8b426b58ec0e2a45f0f869d46889d02405	﻿2026-10-10T11:23:53.2715930Z ##[group]Run actions/setup-python@a309ff8b426b58ec0e2a45f0f869d46889d02405
company-current	Run actions/setup-python@a309ff8b426b58ec0e2a45f0f869d46889d02405	2026-10-10T11:23:53.2716502Z with:
company-current	Run actions/setup-python@a309ff8b426b58ec0e2a45f0f869d46889d02405	2026-10-10T11:23:53.2716727Z   python-version: 3.14
company-current	Run actions/setup-python@a309ff8b426b58ec0e2a45f0f869d46889d02405	2026-10-10T11:23:53.2717187Z   check-latest: false
company-current	Run actions/setup-python@a309ff8b426b58ec0e2a45f0f869d46889d02405	2026-10-10T11:23:53.2719970Z   token: ***
company-current	Run actions/setup-python@a309ff8b426b58ec0e2a45f0f869d46889d02405	2026-10-10T11:23:53.2720216Z   update-environment: true
company-current	Run actions/setup-python@a309ff8b426b58ec0e2a45f0f869d46889d02405	2026-10-10T11:23:53.2720476Z   allow-prereleases: false
company-current	Run actions/setup-python@a309ff8b426b58ec0e2a45f0f869d46889d02405	2026-10-10T11:23:53.2720709Z   freethreaded: false
company-current	Run actions/setup-python@a309ff8b426b58ec0e2a45f0f869d46889d02405	2026-10-10T11:23:53.2720930Z ##[endgroup]
company-current	Run actions/setup-python@a309ff8b426b58ec0e2a45f0f869d46889d02405	2026-10-10T11:23:53.4251443Z ##[group]Installed versions
company-current	Run actions/setup-python@a309ff8b426b58ec0e2a45f0f869d46889d02405	2026-10-10T11:23:53.4360146Z Successfully set up CPython (3.14.8)
company-current	Run actions/setup-python@a309ff8b426b58ec0e2a45f0f869d46889d02405	2026-10-10T11:23:53.4361378Z ##[endgroup]
company-current	Saved source through calculation, records, CSV and reading	﻿2026-10-10T11:23:53.4560417Z ##[group]Run python3 -m unittest tests.vnext.test_saved_source_checks tests.vnext.test_separate_rule_root tests.vnext.test_company_current_records tests.vnext.test_ordinary_current_update tests.vnext.test_company_parse_reuse tests.vnext.test_precalculated_case tests.vnext.test_selected_lodging_calculation tests.vnext.test_selected_lodging_source tests.vnext.test_deterministic_router.DeterministicRouterTest.test_five_adapters_emit_deterministic_verified_claims tests.vnext.test_deterministic_router.DeterministicRouterTest.test_source_set_tamper_and_metric_specific_branch_fail tests.vnext.test_runtime_tools tests.vnext.test_b03_current_input_scope tests.vnext.test_xbrl_namespace_policy tests.vnext.test_dei_release_selection tests.vnext.test_successor_income_projection tests.vnext.test_event_rule_root tests.vnext.test_financial_dei_release tests.vnext.test_reported_average_period tests.vnext.test_bank_scope_dei_release tests.vnext.test_reporting_company_projection tests.vnext.test_selected_revenue_scope_v1 tests.vnext.test_selected_reported_revenue_v2 tests.vnext.test_current_reported_revenue -v
company-current	Saved source through calculation, records, CSV and reading	2026-10-10T11:23:53.4574665Z ^[[36;1mpython3 -m unittest tests.vnext.test_saved_source_checks tests.vnext.test_separate_rule_root tests.vnext.test_company_current_records tests.vnext.test_ordinary_current_update tests.vnext.test_company_parse_reuse tests.vnext.test_precalculated_case tests.vnext.test_selected_lodging_calculation tests.vnext.test_selected_lodging_source tests.vnext.test_deterministic_router.DeterministicRouterTest.test_five_adapters_emit_deterministic_verified_claims tests.vnext.test_deterministic_router.DeterministicRouterTest.test_source_set_tamper_and_metric_specific_branch_fail tests.vnext.test_runtime_tools tests.vnext.test_b03_current_input_scope tests.vnext.test_xbrl_namespace_policy tests.vnext.test_dei_release_selection tests.vnext.test_successor_income_projection tests.vnext.test_event_rule_root tests.vnext.test_financial_dei_release tests.vnext.test_reported_average_period tests.vnext.test_bank_scope_dei_release tests.vnext.test_reporting_company_projection tests.vnext.test_selected_revenue_scope_v1 tests.vnext.test_selected_reported_revenue_v2 tests.vnext.test_current_reported_revenue -v^[[0m
company-current	Saved source through calculation, records, CSV and reading	2026-10-10T11:23:53.4954997Z shell: /usr/bin/bash -e {0}
company-current	Saved source through calculation, records, CSV and reading	2026-10-10T11:23:53.4955354Z env:
company-current	Saved source through calculation, records, CSV and reading	2026-10-10T11:23:53.4955899Z   pythonLocation: /opt/hostedtoolcache/Python/3.14.8/x64
company-current	Saved source through calculation, records, CSV and reading	2026-10-10T11:23:53.4956497Z   PKG_CONFIG_PATH: /opt/hostedtoolcache/Python/3.14.8/x64/lib/pkgconfig
company-current	Saved source through calculation, records, CSV and reading	2026-10-10T11:23:53.4957021Z   Python_ROOT_DIR: /opt/hostedtoolcache/Python/3.14.8/x64
company-current	Saved source through calculation, records, CSV and reading	2026-10-10T11:23:53.4957473Z   Python2_ROOT_DIR: /opt/hostedtoolcache/Python/3.14.8/x64
company-current	Saved source through calculation, records, CSV and reading	2026-10-10T11:23:53.4957898Z   Python3_ROOT_DIR: /opt/hostedtoolcache/Python/3.14.8/x64
company-current	Saved source through calculation, records, CSV and reading	2026-10-10T11:23:53.4958327Z   LD_LIBRARY_PATH: /opt/hostedtoolcache/Python/3.14.8/x64/lib
company-current	Saved source through calculation, records, CSV and reading	2026-10-10T11:23:53.4958710Z   PYTHONDONTWRITEBYTECODE: 1
company-current	Saved source through calculation, records, CSV and reading	2026-10-10T11:23:53.4958984Z ##[endgroup]
company-current	Saved source through calculation, records, CSV and reading	2026-10-10T11:23:56.5155202Z test_helper_import_does_not_load_release_or_requirement (tests.vnext.test_saved_source_checks.RequestBindingsCompatibilityTest.test_helper_import_does_not_load_release_or_requirement) ... ok
company-current	Saved source through calculation, records, CSV and reading	2026-10-10T11:23:56.5158478Z test_original_imports_keep_same_exception_and_helpers (tests.vnext.test_saved_source_checks.RequestBindingsCompatibilityTest.test_original_imports_keep_same_exception_and_helpers) ... ok
company-current	Saved source through calculation, records, CSV and reading	2026-10-10T11:23:57.6866612Z test_complete_saved_package_without_git_journal_checks_actual_bytes (tests.vnext.test_saved_source_checks.SavedSourceChecksTest.test_complete_saved_package_without_git_journal_checks_actual_bytes) ... ok
company-current	Saved source through calculation, records, CSV and reading	2026-10-10T11:23:57.7837832Z test_corrupted_body_or_headers_are_rejected (tests.vnext.test_saved_source_checks.SavedSourceChecksTest.test_corrupted_body_or_headers_are_rejected) ... ok
company-current	Saved source through calculation, records, CSV and reading	2026-10-10T11:23:57.7882011Z test_empty_scope_is_not_complete (tests.vnext.test_saved_source_checks.SavedSourceChecksTest.test_empty_scope_is_not_complete) ... ok
company-current	Saved source through calculation, records, CSV and reading	2026-10-10T11:23:57.8388801Z test_later_failed_request_cannot_be_hidden_by_old_success (tests.vnext.test_saved_source_checks.SavedSourceChecksTest.test_later_failed_request_cannot_be_hidden_by_old_success) ... ok
company-current	Saved source through calculation, records, CSV and reading	2026-10-10T11:23:57.9330475Z test_missing_or_changed_attempt_identity_is_rejected (tests.vnext.test_saved_source_checks.SavedSourceChecksTest.test_missing_or_changed_attempt_identity_is_rejected) ... ok
company-current	Saved source through calculation, records, CSV and reading	2026-10-10T11:23:57.9819877Z test_missing_selected_body_is_rejected (tests.vnext.test_saved_source_checks.SavedSourceChecksTest.test_missing_selected_body_is_rejected) ... ok
company-current	Saved source through calculation, records, CSV and reading	2026-10-10T11:23:58.0601222Z test_wrong_filing_or_document_identity_is_rejected (tests.vnext.test_saved_source_checks.SavedSourceChecksTest.test_wrong_filing_or_document_identity_is_rejected) ... ok
company-current	Saved source through calculation, records, CSV and reading	2026-10-10T11:24:35.1433353Z test_noncalendar_rpo_and_bank_ratios_complete_without_rules_in_source (tests.vnext.test_separate_rule_root.NativeRuleRootTest.test_noncalendar_rpo_and_bank_ratios_complete_without_rules_in_source) ... ok
company-current	Saved source through calculation, records, CSV and reading	2026-10-10T11:24:35.1603034Z test_wrong_native_subject_is_rejected_before_completion (tests.vnext.test_separate_rule_root.NativeRuleRootTest.test_wrong_native_subject_is_rejected_before_completion) ... ok
company-current	Saved source through calculation, records, CSV and reading	2026-10-10T11:25:01.0933063Z test_b02_uses_actual_comparative_original_without_calculation_rules_in_source (tests.vnext.test_separate_rule_root.SeparateRuleRootTest.test_b02_uses_actual_comparative_original_without_calculation_rules_in_source) ... ok
company-current	Saved source through calculation, records, CSV and reading	2026-10-10T11:25:01.0936450Z test_existing_shared_lodging_calculation_uses_program_rules_and_keeps_source_only (tests.vnext.test_separate_rule_root.SeparateRuleRootTest.test_existing_shared_lodging_calculation_uses_program_rules_and_keeps_source_only) ... ok
company-current	Saved source through calculation, records, CSV and reading	2026-10-10T11:25:01.0939137Z test_no_catalog_rules_code_or_answers_required_in_source_root (tests.vnext.test_separate_rule_root.SeparateRuleRootTest.test_no_catalog_rules_code_or_answers_required_in_source_root) ... ok
company-current	Saved source through calculation, records, CSV and reading	2026-10-10T11:25:01.1119543Z test_registry_subject_change_is_not_hidden_by_program_rules (tests.vnext.test_separate_rule_root.SeparateRuleRootTest.test_registry_subject_change_is_not_hidden_by_program_rules) ... ok
company-current	Saved source through calculation, records, CSV and reading	2026-10-10T11:25:01.1141587Z test_saved_result_read_retains_value_unit_period_and_source_rows (tests.vnext.test_separate_rule_root.SeparateRuleRootTest.test_saved_result_read_retains_value_unit_period_and_source_rows) ... ok
company-current	Saved source through calculation, records, CSV and reading	2026-10-10T11:25:01.1410138Z test_common_company_reader_keeps_other_metric_after_subset_run (tests.vnext.test_company_current_records.CurrentCompanyTest.test_common_company_reader_keeps_other_metric_after_subset_run) ... ok
company-current	Saved source through calculation, records, CSV and reading	2026-10-10T11:25:01.1546564Z test_common_read_exports_csv_and_honours_supplied_defects_without_update (tests.vnext.test_company_current_records.CurrentCompanyTest.test_common_read_exports_csv_and_honours_supplied_defects_without_update) ... ok
company-current	Saved source through calculation, records, CSV and reading	2026-10-10T11:25:01.1576100Z test_competing_writer_does_not_enter_calculation (tests.vnext.test_company_current_records.CurrentCompanyTest.test_competing_writer_does_not_enter_calculation) ... ok
company-current	Saved source through calculation, records, CSV and reading	2026-10-10T11:25:01.1743831Z test_completed_pointer_cannot_label_a_success_record_as_withheld (tests.vnext.test_company_current_records.CurrentCompanyTest.test_completed_pointer_cannot_label_a_success_record_as_withheld) ... ok
company-current	Saved source through calculation, records, CSV and reading	2026-10-10T11:25:01.1912959Z test_completed_withheld_survives_a_later_different_metric_request (tests.vnext.test_company_current_records.CurrentCompanyTest.test_completed_withheld_survives_a_later_different_metric_request) ... ok
company-current	Saved source through calculation, records, CSV and reading	2026-10-10T11:25:01.2092984Z test_current_failure_does_not_hide_an_existing_exact_known_defect (tests.vnext.test_company_current_records.CurrentCompanyTest.test_current_failure_does_not_hide_an_existing_exact_known_defect) ... ok
company-current	Saved source through calculation, records, CSV and reading	2026-10-10T11:25:01.2210869Z test_daily_read_does_not_select_sources_or_run_update (tests.vnext.test_company_current_records.CurrentCompanyTest.test_daily_read_does_not_select_sources_or_run_update) ... ok
company-current	Saved source through calculation, records, CSV and reading	2026-10-10T11:25:01.2294479Z test_existing_local_entry_selects_saved_branch_without_configure_task (tests.vnext.test_company_current_records.CurrentCompanyTest.test_existing_local_entry_selects_saved_branch_without_configure_task) ... ok
company-current	Saved source through calculation, records, CSV and reading	2026-10-10T11:25:01.2422367Z test_failed_check_remains_visible_after_requesting_another_metric (tests.vnext.test_company_current_records.CurrentCompanyTest.test_failed_check_remains_visible_after_requesting_another_metric) ... ok
company-current	Saved source through calculation, records, CSV and reading	2026-10-10T11:25:01.2586988Z test_failure_detail_does_not_relabel_a_previous_success_as_current (tests.vnext.test_company_current_records.CurrentCompanyTest.test_failure_detail_does_not_relabel_a_previous_success_as_current) ... ok
company-current	Saved source through calculation, records, CSV and reading	2026-10-10T11:25:01.2692360Z test_independent_read_keeps_failed_input_reason_without_a_result (tests.vnext.test_company_current_records.CurrentCompanyTest.test_independent_read_keeps_failed_input_reason_without_a_result) ... ok
company-current	Saved source through calculation, records, CSV and reading	2026-10-10T11:25:01.2775374Z test_known_bad_exact_result_is_removed_from_numeric_csv (tests.vnext.test_company_current_records.CurrentCompanyTest.test_known_bad_exact_result_is_removed_from_numeric_csv) ... ok
company-current	Saved source through calculation, records, CSV and reading	2026-10-10T11:25:01.2844120Z test_metric_exception_is_local_not_batch_failure (tests.vnext.test_company_current_records.CurrentCompanyTest.test_metric_exception_is_local_not_batch_failure) ... ok
company-current	Saved source through calculation, records, CSV and reading	2026-10-10T11:25:01.2912647Z test_missing_ai_and_deprecated_e01_do_not_manufacture_results (tests.vnext.test_company_current_records.CurrentCompanyTest.test_missing_ai_and_deprecated_e01_do_not_manufacture_results) ... ok
company-current	Saved source through calculation, records, CSV and reading	2026-10-10T11:25:01.3101512Z test_new_withheld_result_is_shown_instead_of_old_success (tests.vnext.test_company_current_records.CurrentCompanyTest.test_new_withheld_result_is_shown_instead_of_old_success) ... ok
company-current	Saved source through calculation, records, CSV and reading	2026-10-10T11:25:01.3253125Z test_range_public_entry_isolates_missing_year_and_exports_actual_success_period (tests.vnext.test_company_current_records.CurrentCompanyTest.test_range_public_entry_isolates_missing_year_and_exports_actual_success_period) ... ok
company-current	Saved source through calculation, records, CSV and reading	2026-10-10T11:25:01.3292672Z test_range_requires_unique_bounded_years_and_existing_factory (tests.vnext.test_company_current_records.CurrentCompanyTest.test_range_requires_unique_bounded_years_and_existing_factory) ... ok
company-current	Saved source through calculation, records, CSV and reading	2026-10-10T11:25:01.3397635Z test_same_metric_two_period_pointers_are_both_visible (tests.vnext.test_company_current_records.CurrentCompanyTest.test_same_metric_two_period_pointers_are_both_visible) ... ok
company-current	Saved source through calculation, records, CSV and reading	2026-10-10T11:25:01.3523630Z test_source_binding_and_old_task_are_not_reset (tests.vnext.test_company_current_records.CurrentCompanyTest.test_source_binding_and_old_task_are_not_reset) ... ok
company-current	Saved source through calculation, records, CSV and reading	2026-10-10T11:25:01.3663404Z test_source_failure_preserves_old_period_and_other_metric_continues (tests.vnext.test_company_current_records.CurrentCompanyTest.test_source_failure_preserves_old_period_and_other_metric_continues) ... ok
company-current	Saved source through calculation, records, CSV and reading	2026-10-10T11:25:01.3790410Z test_two_metrics_share_source_and_program_without_installer (tests.vnext.test_company_current_records.CurrentCompanyTest.test_two_metrics_share_source_and_program_without_installer) ... ok
company-current	Saved source through calculation, records, CSV and reading	2026-10-10T11:25:01.3926448Z test_unrelated_source_discovery_failure_still_shows_limitation (tests.vnext.test_company_current_records.CurrentCompanyTest.test_unrelated_source_discovery_failure_still_shows_limitation) ... ok
company-current	Saved source through calculation, records, CSV and reading	2026-10-10T11:25:01.3935668Z test_writable_state_cannot_overlap_source_or_code (tests.vnext.test_company_current_records.CurrentCompanyTest.test_writable_state_cannot_overlap_source_or_code) ... ok
company-current	Saved source through calculation, records, CSV and reading	2026-10-10T11:25:01.4067948Z test_wrong_metric_saved_record_is_not_exported (tests.vnext.test_company_current_records.CurrentCompanyTest.test_wrong_metric_saved_record_is_not_exported) ... ok
company-current	Saved source through calculation, records, CSV and reading	2026-10-10T11:25:12.4126722Z test_actual_scope_withheld_preserves_two_successful_numeric_results (tests.vnext.test_company_current_records.MixedSavedBusinessOutcomeTest.test_actual_scope_withheld_preserves_two_successful_numeric_results) ... ok
company-current	Saved source through calculation, records, CSV and reading	2026-10-10T11:25:12.9409584Z test_repeated_mixed_inputs_reuse_success_and_hold_without_factory (tests.vnext.test_company_current_records.MixedSavedBusinessOutcomeTest.test_repeated_mixed_inputs_reuse_success_and_hold_without_factory) ... ok
company-current	Saved source through calculation, records, CSV and reading	2026-10-10T11:25:12.9862158Z test_adding_another_metric_reuses_completed_input_in_the_actual_controller (tests.vnext.test_company_current_records.PerMetricProducerTest.test_adding_another_metric_reuses_completed_input_in_the_actual_controller) ... ok
company-current	Saved source through calculation, records, CSV and reading	2026-10-10T11:25:12.9905094Z test_bad_or_ambiguous_metric_mapping_is_rejected_before_writes (tests.vnext.test_company_current_records.PerMetricProducerTest.test_bad_or_ambiguous_metric_mapping_is_rejected_before_writes) ... ok
company-current	Saved source through calculation, records, CSV and reading	2026-10-10T11:25:12.9983987Z test_default_a13_stays_unimplemented_and_unknown_explicit_core_rejects (tests.vnext.test_company_current_records.PerMetricProducerTest.test_default_a13_stays_unimplemented_and_unknown_explicit_core_rejects) ... ok
company-current	Saved source through calculation, records, CSV and reading	2026-10-10T11:25:13.0054060Z test_each_selected_metric_keeps_its_factory_and_exact_dependencies (tests.vnext.test_company_current_records.PerMetricProducerTest.test_each_selected_metric_keeps_its_factory_and_exact_dependencies) ... ok
company-current	Saved source through calculation, records, CSV and reading	2026-10-10T11:25:13.0126663Z test_explicit_a13_factory_reaches_same_update_boundary (tests.vnext.test_company_current_records.PerMetricProducerTest.test_explicit_a13_factory_reaches_same_update_boundary) ... ok
company-current	Saved source through calculation, records, CSV and reading	2026-10-10T11:25:13.0226261Z test_explicit_a13_saved_reading_keeps_value_and_content_unaccepted (tests.vnext.test_company_current_records.PerMetricProducerTest.test_explicit_a13_saved_reading_keeps_value_and_content_unaccepted) ... ok
company-current	Saved source through calculation, records, CSV and reading	2026-10-10T11:25:13.0299221Z test_single_factory_and_dependency_tuple_are_passed_unchanged (tests.vnext.test_company_current_records.PerMetricProducerTest.test_single_factory_and_dependency_tuple_are_passed_unchanged) ... ok
company-current	Saved source through calculation, records, CSV and reading	2026-10-10T11:25:19.9479048Z test_real_marriott_values_periods_and_source_links_reach_company_csv (tests.vnext.test_company_current_records.SavedSourceCompanyEntryTest.test_real_marriott_values_periods_and_source_links_reach_company_csv) ... ok
company-current	Saved source through calculation, records, CSV and reading	2026-10-10T11:25:19.9578307Z test_real_read_does_not_parse_or_update (tests.vnext.test_company_current_records.SavedSourceCompanyEntryTest.test_real_read_does_not_parse_or_update) ... ok
company-current	Saved source through calculation, records, CSV and reading	2026-10-10T11:25:20.3415903Z test_real_reentry_never_invokes_calculation_factory (tests.vnext.test_company_current_records.SavedSourceCompanyEntryTest.test_real_reentry_never_invokes_calculation_factory) ... ok
company-current	Saved source through calculation, records, CSV and reading	2026-10-10T11:25:20.3614617Z test_completed_withheld_recovers_interrupted_pointer_write (tests.vnext.test_ordinary_current_update.CompletedWithheldUpdateTest.test_completed_withheld_recovers_interrupted_pointer_write) ... ok
company-current	Saved source through calculation, records, CSV and reading	2026-10-10T11:25:20.3694763Z test_first_withheld_repeats_without_factory_or_another_result (tests.vnext.test_ordinary_current_update.CompletedWithheldUpdateTest.test_first_withheld_repeats_without_factory_or_another_result) ... ok
company-current	Saved source through calculation, records, CSV and reading	2026-10-10T11:25:20.3779863Z test_program_exception_does_not_become_reusable_withheld (tests.vnext.test_ordinary_current_update.CompletedWithheldUpdateTest.test_program_exception_does_not_become_reusable_withheld) ... ok
company-current	Saved source through calculation, records, CSV and reading	2026-10-10T11:25:20.3912169Z test_source_and_configuration_changes_reprocess_stable_withheld (tests.vnext.test_ordinary_current_update.CompletedWithheldUpdateTest.test_source_and_configuration_changes_reprocess_stable_withheld) ... ok
company-current	Saved source through calculation, records, CSV and reading	2026-10-10T11:25:20.4047208Z test_withheld_replaces_current_conclusion_but_preserves_success_history (tests.vnext.test_ordinary_current_update.CompletedWithheldUpdateTest.test_withheld_replaces_current_conclusion_but_preserves_success_history) ... ok
company-current	Saved source through calculation, records, CSV and reading	2026-10-10T11:25:20.4306251Z test_b02_paired_scope_changes_invalidate_only_its_processing_identity (tests.vnext.test_ordinary_current_update.CurrentProcessingConfigurationTest.test_b02_paired_scope_changes_invalidate_only_its_processing_identity) ... ok
company-current	Saved source through calculation, records, CSV and reading	2026-10-10T11:25:20.4536749Z test_changed_annual_selection_and_saved_input_checks_are_not_cached (tests.vnext.test_ordinary_current_update.CurrentProcessingConfigurationTest.test_changed_annual_selection_and_saved_input_checks_are_not_cached) ... ok
company-current	Saved source through calculation, records, CSV and reading	2026-10-10T11:25:20.4852597Z test_changed_graph_reprocesses_same_input_instead_of_reusing_old_result (tests.vnext.test_ordinary_current_update.CurrentProcessingConfigurationTest.test_changed_graph_reprocesses_same_input_instead_of_reusing_old_result) ... ok
company-current	Saved source through calculation, records, CSV and reading	2026-10-10T11:25:20.5165363Z test_changed_paired_scope_rechecks_then_reuses_a_withheld_conclusion (tests.vnext.test_ordinary_current_update.CurrentProcessingConfigurationTest.test_changed_paired_scope_rechecks_then_reuses_a_withheld_conclusion) ... ok
company-current	Saved source through calculation, records, CSV and reading	2026-10-10T11:25:20.5521562Z test_consumed_deterministic_graph_is_part_of_processing_identity (tests.vnext.test_ordinary_current_update.CurrentProcessingConfigurationTest.test_consumed_deterministic_graph_is_part_of_processing_identity) ... ok
company-current	Saved source through calculation, records, CSV and reading	2026-10-10T11:25:20.5653027Z test_consumed_parser_changes_still_change_processing_identity (tests.vnext.test_ordinary_current_update.CurrentProcessingConfigurationTest.test_consumed_parser_changes_still_change_processing_identity) ... ok
company-current	Saved source through calculation, records, CSV and reading	2026-10-10T11:25:20.5781408Z test_lodging_only_changes_do_not_change_b01_processing_identity (tests.vnext.test_ordinary_current_update.CurrentProcessingConfigurationTest.test_lodging_only_changes_do_not_change_b01_processing_identity) ... ok
company-current	Saved source through calculation, records, CSV and reading	2026-10-10T11:25:20.5922408Z test_unused_legacy_source_authority_does_not_invalidate_current_input (tests.vnext.test_ordinary_current_update.CurrentProcessingConfigurationTest.test_unused_legacy_source_authority_does_not_invalidate_current_input) ... ok
company-current	Saved source through calculation, records, CSV and reading	2026-10-10T11:25:20.6451685Z test_unused_recorded_source_session_does_not_change_current_configuration (tests.vnext.test_ordinary_current_update.CurrentProcessingConfigurationTest.test_unused_recorded_source_session_does_not_change_current_configuration) ... ok
company-current	Saved source through calculation, records, CSV and reading	2026-10-10T11:25:20.6878907Z test_used_source_dependency_change_reprocesses_once_then_reuses (tests.vnext.test_ordinary_current_update.CurrentProcessingConfigurationTest.test_used_source_dependency_change_reprocesses_once_then_reuses) ... ok
company-current	Saved source through calculation, records, CSV and reading	2026-10-10T11:25:20.6892523Z test_census_uses_company_latest_bodies_not_request_identity_or_other_company (tests.vnext.test_ordinary_current_update.CurrentUpdateTest.test_census_uses_company_latest_bodies_not_request_identity_or_other_company) ... ok
company-current	Saved source through calculation, records, CSV and reading	2026-10-10T11:25:20.6980728Z test_configuration_failure_is_persisted (tests.vnext.test_ordinary_current_update.CurrentUpdateTest.test_configuration_failure_is_persisted) ... ok
company-current	Saved source through calculation, records, CSV and reading	2026-10-10T11:25:20.7114414Z test_existing_update_entry_selects_current_record_storage_explicitly (tests.vnext.test_ordinary_current_update.CurrentUpdateTest.test_existing_update_entry_selects_current_record_storage_explicitly) ... ok
company-current	Saved source through calculation, records, CSV and reading	2026-10-10T11:25:20.7204505Z test_identical_raw_and_config_never_enters_calculation (tests.vnext.test_ordinary_current_update.CurrentUpdateTest.test_identical_raw_and_config_never_enters_calculation) ... ok
company-current	Saved source through calculation, records, CSV and reading	2026-10-10T11:25:20.7296716Z test_latest_get_failure_does_not_claim_no_change_or_overwrite_success (tests.vnext.test_ordinary_current_update.CurrentUpdateTest.test_latest_get_failure_does_not_claim_no_change_or_overwrite_success) ... ok
company-current	Saved source through calculation, records, CSV and reading	2026-10-10T11:25:20.7447671Z test_new_company_file_or_processing_change_makes_new_version (tests.vnext.test_ordinary_current_update.CurrentUpdateTest.test_new_company_file_or_processing_change_makes_new_version) ... ok
company-current	Saved source through calculation, records, CSV and reading	2026-10-10T11:25:20.7460278Z test_old_native_history_requires_its_old_controller (tests.vnext.test_ordinary_current_update.CurrentUpdateTest.test_old_native_history_requires_its_old_controller) ... ok
company-current	Saved source through calculation, records, CSV and reading	2026-10-10T11:25:20.7603090Z test_saved_completion_recovers_pointer_before_next_check (tests.vnext.test_ordinary_current_update.CurrentUpdateTest.test_saved_completion_recovers_pointer_before_next_check) ... ok
company-current	Saved source through calculation, records, CSV and reading	2026-10-10T11:25:20.7700580Z test_unfinished_intent_is_interrupted_not_success (tests.vnext.test_ordinary_current_update.CurrentUpdateTest.test_unfinished_intent_is_interrupted_not_success) ... ok
company-current	Saved source through calculation, records, CSV and reading	2026-10-10T11:25:20.7710063Z test_a13_without_explicit_year_and_other_unsupported_family_stay_closed (tests.vnext.test_ordinary_current_update.SelectedPeriodUpdateTest.test_a13_without_explicit_year_and_other_unsupported_family_stay_closed) ... ok
company-current	Saved source through calculation, records, CSV and reading	2026-10-10T11:25:20.7880387Z test_completed_withheld_periods_do_not_override_current_or_each_other (tests.vnext.test_ordinary_current_update.SelectedPeriodUpdateTest.test_completed_withheld_periods_do_not_override_current_or_each_other) ... ok
company-current	Saved source through calculation, records, CSV and reading	2026-10-10T11:25:20.8042953Z test_declared_dependency_change_recalculates_but_unrelated_change_does_not (tests.vnext.test_ordinary_current_update.SelectedPeriodUpdateTest.test_declared_dependency_change_recalculates_but_unrelated_change_does_not) ... ok
company-current	Saved source through calculation, records, CSV and reading	2026-10-10T11:25:20.8081876Z test_explicit_a13_selected_case_reaches_factory_without_default_expansion (tests.vnext.test_ordinary_current_update.SelectedPeriodUpdateTest.test_explicit_a13_selected_case_reaches_factory_without_default_expansion) ... ok
company-current	Saved source through calculation, records, CSV and reading	2026-10-10T11:25:20.8242925Z test_explicit_recorded_session_dependency_still_reprocesses (tests.vnext.test_ordinary_current_update.SelectedPeriodUpdateTest.test_explicit_recorded_session_dependency_still_reprocesses) ... ok
company-current	Saved source through calculation, records, CSV and reading	2026-10-10T11:25:20.8283378Z test_period_selection_failure_retains_year_and_category (tests.vnext.test_ordinary_current_update.SelectedPeriodUpdateTest.test_period_selection_failure_retains_year_and_category) ... ok
company-current	Saved source through calculation, records, CSV and reading	2026-10-10T11:25:20.8386056Z test_processing_dependency_path_error_preserves_previous_result (tests.vnext.test_ordinary_current_update.SelectedPeriodUpdateTest.test_processing_dependency_path_error_preserves_previous_result) ... ok
company-current	Saved source through calculation, records, CSV and reading	2026-10-10T11:25:20.8394730Z test_selected_period_without_factory_never_selects_latest (tests.vnext.test_ordinary_current_update.SelectedPeriodUpdateTest.test_selected_period_without_factory_never_selects_latest) ... ok
company-current	Saved source through calculation, records, CSV and reading	2026-10-10T11:25:20.8504879Z test_two_selected_periods_have_separate_pointers_and_current_layout_stays (tests.vnext.test_ordinary_current_update.SelectedPeriodUpdateTest.test_two_selected_periods_have_separate_pointers_and_current_layout_stays) ... ok
company-current	Saved source through calculation, records, CSV and reading	2026-10-10T11:25:20.8599619Z test_unchanged_selected_period_does_not_invoke_case_factory (tests.vnext.test_ordinary_current_update.SelectedPeriodUpdateTest.test_unchanged_selected_period_does_not_invoke_case_factory) ... ok
company-current	Saved source through calculation, records, CSV and reading	2026-10-10T11:25:20.8691391Z test_wrong_selected_year_preserves_previous_pointer (tests.vnext.test_ordinary_current_update.SelectedPeriodUpdateTest.test_wrong_selected_year_preserves_previous_pointer) ... ok
company-current	Saved source through calculation, records, CSV and reading	2026-10-10T11:25:20.8724965Z test_byte_changes_are_not_cache_hits_or_identity_equivalence (tests.vnext.test_company_parse_reuse.CompanyParseReuseTest.test_byte_changes_are_not_cache_hits_or_identity_equivalence) ... ok
company-current	Saved source through calculation, records, CSV and reading	2026-10-10T11:25:20.8860310Z test_cache_is_bounded_without_omitting_later_sources (tests.vnext.test_company_parse_reuse.CompanyParseReuseTest.test_cache_is_bounded_without_omitting_later_sources) ... ok
company-current	Saved source through calculation, records, CSV and reading	2026-10-10T11:25:20.8886008Z test_nested_operations_and_failures_restore_previous_scope (tests.vnext.test_company_parse_reuse.CompanyParseReuseTest.test_nested_operations_and_failures_restore_previous_scope) ... ok
company-current	Saved source through calculation, records, CSV and reading	2026-10-10T11:25:20.8911102Z test_one_operation_parses_same_bytes_once_with_same_immutable_content (tests.vnext.test_company_parse_reuse.CompanyParseReuseTest.test_one_operation_parses_same_bytes_once_with_same_immutable_content) ... ok
company-current	Saved source through calculation, records, CSV and reading	2026-10-10T11:25:20.8936191Z test_reused_parse_does_not_bypass_consumer_company_or_period_checks (tests.vnext.test_company_parse_reuse.CompanyParseReuseTest.test_reused_parse_does_not_bypass_consumer_company_or_period_checks) ... ok
company-current	Saved source through calculation, records, CSV and reading	2026-10-10T11:25:27.5055828Z test_current_metric_and_evidence_rows_keep_the_actual_reporter (tests.vnext.test_precalculated_case.PrecalculatedCaseTest.test_current_metric_and_evidence_rows_keep_the_actual_reporter) ... ok
company-current	Saved source through calculation, records, CSV and reading	2026-10-10T11:25:27.6933879Z test_independent_read_checks_changed_or_missing_shared_material (tests.vnext.test_precalculated_case.PrecalculatedCaseTest.test_independent_read_checks_changed_or_missing_shared_material) ... ok
company-current	Saved source through calculation, records, CSV and reading	2026-10-10T11:25:27.7000560Z test_modified_trace_is_rejected_before_completion (tests.vnext.test_precalculated_case.PrecalculatedCaseTest.test_modified_trace_is_rejected_before_completion) ... ok
company-current	Saved source through calculation, records, CSV and reading	2026-10-10T11:25:27.8802955Z test_projection_consumes_selected_annual_input_without_latest_reselection (tests.vnext.test_precalculated_case.PrecalculatedCaseTest.test_projection_consumes_selected_annual_input_without_latest_reselection) ... ok
company-current	Saved source through calculation, records, CSV and reading	2026-10-10T11:25:28.0558403Z test_real_precalculated_case_reaches_rows_without_selector_or_calculator (tests.vnext.test_precalculated_case.PrecalculatedCaseTest.test_real_precalculated_case_reaches_rows_without_selector_or_calculator) ... ok
company-current	Saved source through calculation, records, CSV and reading	2026-10-10T11:25:28.4165314Z test_shared_asset_is_stored_once_and_both_records_remain_readable (tests.vnext.test_precalculated_case.PrecalculatedCaseTest.test_shared_asset_is_stored_once_and_both_records_remain_readable) ... ok
company-current	Saved source through calculation, records, CSV and reading	2026-10-10T11:25:28.5965120Z test_shared_material_cannot_be_written_into_readonly_source (tests.vnext.test_precalculated_case.PrecalculatedCaseTest.test_shared_material_cannot_be_written_into_readonly_source) ... ok
company-current	Saved source through calculation, records, CSV and reading	2026-10-10T11:25:28.7668251Z test_wrong_prepared_fiscal_label_is_rejected_without_latest_fallback (tests.vnext.test_precalculated_case.PrecalculatedCaseTest.test_wrong_prepared_fiscal_label_is_rejected_without_latest_fallback) ... ok
company-current	Saved source through calculation, records, CSV and reading	2026-10-10T11:25:28.9384035Z test_wrong_prepared_subject_is_rejected_before_completion (tests.vnext.test_precalculated_case.PrecalculatedCaseTest.test_wrong_prepared_subject_is_rejected_before_completion) ... ok
company-current	Saved source through calculation, records, CSV and reading	2026-10-10T11:25:28.9452319Z test_wrong_spec_has_no_completion_manifest (tests.vnext.test_precalculated_case.PrecalculatedCaseTest.test_wrong_spec_has_no_completion_manifest) ... ok
company-current	Saved source through calculation, records, CSV and reading	2026-10-10T11:25:28.9517297Z test_wrong_target_period_has_no_completion_manifest (tests.vnext.test_precalculated_case.PrecalculatedCaseTest.test_wrong_target_period_has_no_completion_manifest) ... ok
company-current	Saved source through calculation, records, CSV and reading	2026-10-10T11:25:31.9523972Z test_rpo_saved_csv_is_explicitly_not_arr_or_churn (tests.vnext.test_precalculated_case.RpoDisplayTest.test_rpo_saved_csv_is_explicitly_not_arr_or_churn) ... ok
company-current	Saved source through calculation, records, CSV and reading	2026-10-10T11:25:31.9757391Z test_both_metrics_reach_calculator_without_selecting_or_reading_again (tests.vnext.test_selected_lodging_calculation.SelectedLodgingCalculationTest.test_both_metrics_reach_calculator_without_selecting_or_reading_again) ... ok
company-current	Saved source through calculation, records, CSV and reading	2026-10-10T11:25:31.9779250Z test_changed_period_or_scope_is_rejected_before_calculation (tests.vnext.test_selected_lodging_calculation.SelectedLodgingCalculationTest.test_changed_period_or_scope_is_rejected_before_calculation) ... ok
company-current	Saved source through calculation, records, CSV and reading	2026-10-10T11:25:31.9801509Z test_company_accession_reference_and_metric_conflicts_are_rejected (tests.vnext.test_selected_lodging_calculation.SelectedLodgingCalculationTest.test_company_accession_reference_and_metric_conflicts_are_rejected) ... ok
company-current	Saved source through calculation, records, CSV and reading	2026-10-10T11:25:31.9969861Z test_selected_noncalendar_interval_is_preserved_through_calculation (tests.vnext.test_selected_lodging_calculation.SelectedLodgingCalculationTest.test_selected_noncalendar_interval_is_preserved_through_calculation) ... ok
company-current	Saved source through calculation, records, CSV and reading	2026-10-10T11:25:31.9991826Z test_wrong_unit_cannot_become_an_exact_result (tests.vnext.test_selected_lodging_calculation.SelectedLodgingCalculationTest.test_wrong_unit_cannot_become_an_exact_result) ... ok
company-current	Saved source through calculation, records, CSV and reading	2026-10-10T11:25:32.0013757Z test_context_and_reported_cik_cannot_change_the_selected_subject (tests.vnext.test_selected_lodging_source.PreparedPeriodBusinessTest.test_context_and_reported_cik_cannot_change_the_selected_subject) ... ok
company-current	Saved source through calculation, records, CSV and reading	2026-10-10T11:25:32.0034986Z test_invalid_label_is_an_integrity_failure (tests.vnext.test_selected_lodging_source.PreparedPeriodBusinessTest.test_invalid_label_is_an_integrity_failure) ... ok
company-current	Saved source through calculation, records, CSV and reading	2026-10-10T11:25:32.0055962Z test_quarter_and_amendment_are_not_an_ordinary_annual_selection (tests.vnext.test_selected_lodging_source.PreparedPeriodBusinessTest.test_quarter_and_amendment_are_not_an_ordinary_annual_selection) ... ok
company-current	Saved source through calculation, records, CSV and reading	2026-10-10T11:25:32.0068174Z test_short_interval_is_a_named_implementation_gap (tests.vnext.test_selected_lodging_source.PreparedPeriodBusinessTest.test_short_interval_is_a_named_implementation_gap) ... ok
company-current	Saved source through calculation, records, CSV and reading	2026-10-10T11:25:32.0079366Z test_source_label_and_52_week_interval_are_kept (tests.vnext.test_selected_lodging_source.PreparedPeriodBusinessTest.test_source_label_and_52_week_interval_are_kept) ... ok
company-current	Saved source through calculation, records, CSV and reading	2026-10-10T11:25:32.0237410Z test_both_metrics_keep_units_scope_period_and_raw_cell_positions (tests.vnext.test_selected_lodging_source.SelectedLodgingSourceTest.test_both_metrics_keep_units_scope_period_and_raw_cell_positions) ... ok
company-current	Saved source through calculation, records, CSV and reading	2026-10-10T11:25:32.0242049Z test_company_accession_raw_bytes_and_period_must_match_selected_source (tests.vnext.test_selected_lodging_source.SelectedLodgingSourceTest.test_company_accession_raw_bytes_and_period_must_match_selected_source) ... ok
company-current	Saved source through calculation, records, CSV and reading	2026-10-10T11:25:32.0422453Z test_competing_target_and_truncated_html_are_not_a_success (tests.vnext.test_selected_lodging_source.SelectedLodgingSourceTest.test_competing_target_and_truncated_html_are_not_a_success) ... ok
company-current	Saved source through calculation, records, CSV and reading	2026-10-10T11:25:32.0680838Z test_local_period_currency_and_footnote_conflicts_are_not_ignored (tests.vnext.test_selected_lodging_source.SelectedLodgingSourceTest.test_local_period_currency_and_footnote_conflicts_are_not_ignored) ... ok
company-current	Saved source through calculation, records, CSV and reading	2026-10-10T11:25:32.0828474Z test_non_calendar_prepared_period_is_not_inferred_from_end_year (tests.vnext.test_selected_lodging_source.SelectedLodgingSourceTest.test_non_calendar_prepared_period_is_not_inferred_from_end_year) ... ok
company-current	Saved source through calculation, records, CSV and reading	2026-10-10T11:25:32.1150089Z test_policy_is_explicit_and_never_changes_module_globals (tests.vnext.test_selected_lodging_source.SelectedLodgingSourceTest.test_policy_is_explicit_and_never_changes_module_globals) ... ok
company-current	Saved source through calculation, records, CSV and reading	2026-10-10T11:25:32.1411501Z test_scope_and_unit_cannot_be_borrowed_or_guessed (tests.vnext.test_selected_lodging_source.SelectedLodgingSourceTest.test_scope_and_unit_cannot_be_borrowed_or_guessed) ... ok
company-current	Saved source through calculation, records, CSV and reading	2026-10-10T11:25:32.1561695Z test_selected_reader_does_not_prepare_or_parse_dei_again (tests.vnext.test_selected_lodging_source.SelectedLodgingSourceTest.test_selected_reader_does_not_prepare_or_parse_dei_again) ... ok
company-current	Saved source through calculation, records, CSV and reading	2026-10-10T11:25:32.1732680Z test_year_column_and_introduction_are_independent_checks (tests.vnext.test_selected_lodging_source.SelectedLodgingSourceTest.test_year_column_and_introduction_are_independent_checks) ... ok
company-current	Saved source through calculation, records, CSV and reading	2026-10-10T11:25:32.1734985Z test_five_adapters_emit_deterministic_verified_claims (tests.vnext.test_deterministic_router.DeterministicRouterTest.test_five_adapters_emit_deterministic_verified_claims)
company-current	Saved source through calculation, records, CSV and reading	2026-10-10T11:25:32.1835378Z Run all five adapters with a socket-open canary fixed at zero. ... ok
company-current	Saved source through calculation, records, CSV and reading	2026-10-10T11:25:32.1837190Z test_source_set_tamper_and_metric_specific_branch_fail (tests.vnext.test_deterministic_router.DeterministicRouterTest.test_source_set_tamper_and_metric_specific_branch_fail)
company-current	Saved source through calculation, records, CSV and reading	2026-10-10T11:25:32.2137272Z Reject manifest drift and ban a shared E01 identity branch. ... ok
company-current	Saved source through calculation, records, CSV and reading	2026-10-10T11:25:32.2179186Z test_catalog_compile_keeps_metric_formula_unit_and_dimension_rules (tests.vnext.test_runtime_tools.RuntimeToolsTest.test_catalog_compile_keeps_metric_formula_unit_and_dimension_rules) ... ok
company-current	Saved source through calculation, records, CSV and reading	2026-10-10T11:25:32.2181572Z test_csv_columns_quotes_newlines_and_unicode_are_preserved (tests.vnext.test_runtime_tools.RuntimeToolsTest.test_csv_columns_quotes_newlines_and_unicode_are_preserved) ... ok
company-current	Saved source through calculation, records, CSV and reading	2026-10-10T11:25:32.2191836Z test_invalid_formula_arity_unit_and_dimensions_not_silently_accepted (tests.vnext.test_runtime_tools.RuntimeToolsTest.test_invalid_formula_arity_unit_and_dimensions_not_silently_accepted) ... ok
company-current	Saved source through calculation, records, CSV and reading	2026-10-10T11:25:32.2193569Z test_legacy_null_result_constructor_remains_the_same_callable (tests.vnext.test_runtime_tools.RuntimeToolsTest.test_legacy_null_result_constructor_remains_the_same_callable) ... ok
company-current	Saved source through calculation, records, CSV and reading	2026-10-10T11:25:32.7337960Z test_lodging_source_and_result_entry_do_not_import_publication_or_qualification (tests.vnext.test_runtime_tools.RuntimeToolsTest.test_lodging_source_and_result_entry_do_not_import_publication_or_qualification) ... ok
company-current	Saved source through calculation, records, CSV and reading	2026-10-10T11:25:32.7341408Z test_missing_or_extra_csv_field_is_a_real_failure (tests.vnext.test_runtime_tools.RuntimeToolsTest.test_missing_or_extra_csv_field_is_a_real_failure) ... ok
company-current	Saved source through calculation, records, CSV and reading	2026-10-10T11:25:33.1646828Z test_small_source_and_spec_tools_do_not_import_release_workflows (tests.vnext.test_runtime_tools.RuntimeToolsTest.test_small_source_and_spec_tools_do_not_import_release_workflows) ... ok
company-current	Saved source through calculation, records, CSV and reading	2026-10-10T11:25:33.1676657Z test_aggregate_preserves_all_proofs_without_double_counting (tests.vnext.test_b03_current_input_scope.ContractAggregateTest.test_aggregate_preserves_all_proofs_without_double_counting) ... ok
company-current	Saved source through calculation, records, CSV and reading	2026-10-10T11:25:33.1697751Z test_aggregate_still_requires_original_gross_to_net_relation (tests.vnext.test_b03_current_input_scope.ContractAggregateTest.test_aggregate_still_requires_original_gross_to_net_relation) ... ok
company-current	Saved source through calculation, records, CSV and reading	2026-10-10T11:25:33.1784355Z test_conflicting_or_commented_display_does_not_erase_visible_spacer (tests.vnext.test_b03_current_input_scope.ContractAggregateTest.test_conflicting_or_commented_display_does_not_erase_visible_spacer) ... ok
company-current	Saved source through calculation, records, CSV and reading	2026-10-10T11:25:33.1786913Z test_duplicate_aggregate_or_segment_does_not_gain_credit (tests.vnext.test_b03_current_input_scope.ContractAggregateTest.test_duplicate_aggregate_or_segment_does_not_gain_credit) ... ok
company-current	Saved source through calculation, records, CSV and reading	2026-10-10T11:25:33.1831955Z test_hidden_self_closing_empty_cells_do_not_shift_visible_year_columns (tests.vnext.test_b03_current_input_scope.ContractAggregateTest.test_hidden_self_closing_empty_cells_do_not_shift_visible_year_columns) ... ok
company-current	Saved source through calculation, records, CSV and reading	2026-10-10T11:25:33.1834734Z test_unreconciled_aggregate_or_unknown_scope_stays_unproved (tests.vnext.test_b03_current_input_scope.ContractAggregateTest.test_unreconciled_aggregate_or_unknown_scope_stays_unproved) ... ok
company-current	Saved source through calculation, records, CSV and reading	2026-10-10T11:25:33.1877802Z test_visible_spacers_and_nonempty_hidden_cells_are_not_erased (tests.vnext.test_b03_current_input_scope.ContractAggregateTest.test_visible_spacers_and_nonempty_hidden_cells_are_not_erased) ... ok
company-current	Saved source through calculation, records, CSV and reading	2026-10-10T11:25:46.7315981Z test_amendment_input_uses_program_policy_without_sources_containing_it (tests.vnext.test_b03_current_input_scope.CurrentB03SourceOnlyTest.test_amendment_input_uses_program_policy_without_sources_containing_it) ... ok
company-current	Saved source through calculation, records, CSV and reading	2026-10-10T11:25:47.8363471Z test_contract_revenue_deduction_keeps_relationship_under_legal_prefix_alias (tests.vnext.test_b03_current_input_scope.CurrentB03SourceOnlyTest.test_contract_revenue_deduction_keeps_relationship_under_legal_prefix_alias) ... ok
company-current	Saved source through calculation, records, CSV and reading	2026-10-10T11:25:47.8366850Z test_marriott_composition_458m_and_135m_revenue_deduction_excluded (tests.vnext.test_b03_current_input_scope.CurrentB03SourceOnlyTest.test_marriott_composition_458m_and_135m_revenue_deduction_excluded) ... ok
company-current	Saved source through calculation, records, CSV and reading	2026-10-10T11:25:47.8475274Z test_salesforce_named_withheld_does_not_consume_bad_subtotal_and_carries_b01 (tests.vnext.test_b03_current_input_scope.CurrentB03SourceOnlyTest.test_salesforce_named_withheld_does_not_consume_bad_subtotal_and_carries_b01) ... ok
company-current	Saved source through calculation, records, CSV and reading	2026-10-10T11:25:47.8490197Z test_saved_input_assessment_is_read_without_recalculation_and_damage_is_visible (tests.vnext.test_b03_current_input_scope.CurrentB03SourceOnlyTest.test_saved_input_assessment_is_read_without_recalculation_and_damage_is_visible) ... ok
company-current	Saved source through calculation, records, CSV and reading	2026-10-10T11:25:47.8550651Z test_company_custom_same_local_name_cannot_displace_legitimate_gaap_composition (tests.vnext.test_b03_current_input_scope.CurrentDaScopeTest.test_company_custom_same_local_name_cannot_displace_legitimate_gaap_composition) ... ok
company-current	Saved source through calculation, records, CSV and reading	2026-10-10T11:25:47.8562893Z test_conflicting_subtotal_is_withheld_and_larger_total_not_automatically_taken (tests.vnext.test_b03_current_input_scope.CurrentDaScopeTest.test_conflicting_subtotal_is_withheld_and_larger_total_not_automatically_taken) ... ok
company-current	Saved source through calculation, records, CSV and reading	2026-10-10T11:25:47.9037193Z test_context_policy_alone_changes_update_configuration_and_requires_calculation (tests.vnext.test_b03_current_input_scope.CurrentDaScopeTest.test_context_policy_alone_changes_update_configuration_and_requires_calculation) ... ok
company-current	Saved source through calculation, records, CSV and reading	2026-10-10T11:25:47.9052256Z test_currency_alias_is_resolved_and_foreign_identifier_scheme_is_not_accepted (tests.vnext.test_b03_current_input_scope.CurrentDaScopeTest.test_currency_alias_is_resolved_and_foreign_identifier_scheme_is_not_accepted) ... ok
company-current	Saved source through calculation, records, CSV and reading	2026-10-10T11:25:47.9060400Z test_declared_numeric_transform_remains_supported (tests.vnext.test_b03_current_input_scope.CurrentDaScopeTest.test_declared_numeric_transform_remains_supported) ... ok
company-current	Saved source through calculation, records, CSV and reading	2026-10-10T11:25:47.9088704Z test_existing_direct_scope_uses_namespace_alias_and_retains_usd_check (tests.vnext.test_b03_current_input_scope.CurrentDaScopeTest.test_existing_direct_scope_uses_namespace_alias_and_retains_usd_check) ... ok
company-current	Saved source through calculation, records, CSV and reading	2026-10-10T11:25:47.9143834Z test_foreign_entity_period_unit_segment_or_namespace_does_not_create_own_total_conflict (tests.vnext.test_b03_current_input_scope.CurrentDaScopeTest.test_foreign_entity_period_unit_segment_or_namespace_does_not_create_own_total_conflict) ... ok
company-current	Saved source through calculation, records, CSV and reading	2026-10-10T11:25:47.9166410Z test_legal_gaap_prefix_alias_composition_keeps_same_quantity (tests.vnext.test_b03_current_input_scope.CurrentDaScopeTest.test_legal_gaap_prefix_alias_composition_keeps_same_quantity) ... ok
company-current	Saved source through calculation, records, CSV and reading	2026-10-10T11:25:47.9178253Z test_nil_keeps_other_evidence_and_gives_a_named_withhold (tests.vnext.test_b03_current_input_scope.CurrentDaScopeTest.test_nil_keeps_other_evidence_and_gives_a_named_withhold) ... ok
company-current	Saved source through calculation, records, CSV and reading	2026-10-10T11:25:47.9453635Z test_numeric_helper_change_affects_b03_configuration_but_not_b01 (tests.vnext.test_b03_current_input_scope.CurrentDaScopeTest.test_numeric_helper_change_affects_b03_configuration_but_not_b01) ... ok
company-current	Saved source through calculation, records, CSV and reading	2026-10-10T11:25:47.9474029Z test_only_unique_original_composition_can_retake_a_later_direct_candidate (tests.vnext.test_b03_current_input_scope.CurrentDaScopeTest.test_only_unique_original_composition_can_retake_a_later_direct_candidate) ... ok
company-current	Saved source through calculation, records, CSV and reading	2026-10-10T11:25:47.9485788Z test_reported_precision_agreement_keeps_chain_not_exact_numeric_equality (tests.vnext.test_b03_current_input_scope.CurrentDaScopeTest.test_reported_precision_agreement_keeps_chain_not_exact_numeric_equality) ... ok
company-current	Saved source through calculation, records, CSV and reading	2026-10-10T11:25:47.9493212Z test_unformatted_comma_is_not_silently_removed_to_confirm_chain (tests.vnext.test_b03_current_input_scope.CurrentDaScopeTest.test_unformatted_comma_is_not_silently_removed_to_confirm_chain) ... ok
company-current	Saved source through calculation, records, CSV and reading	2026-10-10T11:25:47.9501111Z test_unsupported_numeric_tag_cannot_confirm_chain_amount (tests.vnext.test_b03_current_input_scope.CurrentDaScopeTest.test_unsupported_numeric_tag_cannot_confirm_chain_amount) ... ok
company-current	Saved source through calculation, records, CSV and reading	2026-10-10T11:25:47.9526054Z test_composition_passes_same_explicit_policy_to_original_component_lookup (tests.vnext.test_xbrl_namespace_policy.NamespacePolicyTest.test_composition_passes_same_explicit_policy_to_original_component_lookup) ... ok
company-current	Saved source through calculation, records, CSV and reading	2026-10-10T11:25:47.9528298Z test_default_year_only_and_explicit_date_release (tests.vnext.test_xbrl_namespace_policy.NamespacePolicyTest.test_default_year_only_and_explicit_date_release) ... ok
company-current	Saved source through calculation, records, CSV and reading	2026-10-10T11:25:47.9543345Z test_direct_scope_requires_explicit_release_policy (tests.vnext.test_xbrl_namespace_policy.NamespacePolicyTest.test_direct_scope_requires_explicit_release_policy) ... ok
company-current	Saved source through calculation, records, CSV and reading	2026-10-10T11:25:47.9564271Z test_conflicting_facts_and_short_context_remain_rejected (tests.vnext.test_dei_release_selection.DeiReleaseSelectionTest.test_conflicting_facts_and_short_context_remain_rejected) ... ok
company-current	Saved source through calculation, records, CSV and reading	2026-10-10T11:25:47.9604330Z test_foreign_extension_invalid_quarter_and_extra_suffix_rejected (tests.vnext.test_dei_release_selection.DeiReleaseSelectionTest.test_foreign_extension_invalid_quarter_and_extra_suffix_rejected) ... ok
company-current	Saved source through calculation, records, CSV and reading	2026-10-10T11:25:47.9622163Z test_historical_annual_and_remaining_views_use_the_explicit_adapter (tests.vnext.test_dei_release_selection.DeiReleaseSelectionTest.test_historical_annual_and_remaining_views_use_the_explicit_adapter) ... ok
company-current	Saved source through calculation, records, CSV and reading	2026-10-10T11:25:47.9690659Z test_historical_fiscal_labels_still_reject_changed_source_bytes (tests.vnext.test_dei_release_selection.DeiReleaseSelectionTest.test_historical_fiscal_labels_still_reject_changed_source_bytes) ... ok
company-current	Saved source through calculation, records, CSV and reading	2026-10-10T11:25:47.9693241Z test_no_arbitrary_regex_or_boolean_selection (tests.vnext.test_dei_release_selection.DeiReleaseSelectionTest.test_no_arbitrary_regex_or_boolean_selection) ... ok
company-current	Saved source through calculation, records, CSV and reading	2026-10-10T11:25:47.9783317Z test_old_release_requires_explicit_successor (tests.vnext.test_dei_release_selection.DeiReleaseSelectionTest.test_old_release_requires_explicit_successor) ... ok
company-current	Saved source through calculation, records, CSV and reading	2026-10-10T11:25:47.9806943Z test_original_default_and_explicit_year_have_identical_return (tests.vnext.test_dei_release_selection.DeiReleaseSelectionTest.test_original_default_and_explicit_year_have_identical_return) ... ok
company-current	Saved source through calculation, records, CSV and reading	2026-10-10T11:25:47.9854809Z test_successor_does_not_relax_entity_or_annual_identity (tests.vnext.test_dei_release_selection.DeiReleaseSelectionTest.test_successor_does_not_relax_entity_or_annual_identity) ... ok
company-current	Saved source through calculation, records, CSV and reading	2026-10-10T11:26:45.1958049Z test_actual_original_header_context_conflict_is_named_withheld (tests.vnext.test_successor_income_projection.SuccessorIncomeProjectionTest.test_actual_original_header_context_conflict_is_named_withheld) ... ok
company-current	Saved source through calculation, records, CSV and reading	2026-10-10T11:26:45.2839178Z test_missing_proof_does_not_allow_an_arbitrary_shorter_period (tests.vnext.test_successor_income_projection.SuccessorIncomeProjectionTest.test_missing_proof_does_not_allow_an_arbitrary_shorter_period) ... ok
company-current	Saved source through calculation, records, CSV and reading	2026-10-10T11:26:45.3502879Z test_numeric_result_requires_checked_source_observations (tests.vnext.test_successor_income_projection.SuccessorIncomeProjectionTest.test_numeric_result_requires_checked_source_observations) ... ok
company-current	Saved source through calculation, records, CSV and reading	2026-10-10T11:26:45.4167211Z test_result_cannot_claim_a_different_short_period (tests.vnext.test_successor_income_projection.SuccessorIncomeProjectionTest.test_result_cannot_claim_a_different_short_period) ... ok
company-current	Saved source through calculation, records, CSV and reading	2026-10-10T11:26:45.5337191Z test_short_period_state_has_actual_dates_and_preserves_annual_guard (tests.vnext.test_successor_income_projection.SuccessorIncomeProjectionTest.test_short_period_state_has_actual_dates_and_preserves_annual_guard) ... ok
company-current	Saved source through calculation, records, CSV and reading	2026-10-10T11:26:45.7392741Z test_wrong_subject_or_statement_period_still_rejected (tests.vnext.test_successor_income_projection.SuccessorIncomeProjectionTest.test_wrong_subject_or_statement_period_still_rejected) ... ok
company-current	Saved source through calculation, records, CSV and reading	2026-10-10T11:26:45.7417149Z test_conflict_and_consistent_short_period (tests.vnext.test_successor_income_projection.VisibleIncomePeriodTest.test_conflict_and_consistent_short_period) ... ok
company-current	Saved source through calculation, records, CSV and reading	2026-10-10T11:26:45.7427342Z test_missing_range_remains_unresolved (tests.vnext.test_successor_income_projection.VisibleIncomePeriodTest.test_missing_range_remains_unresolved) ... ok
company-current	Saved source through calculation, records, CSV and reading	2026-10-10T11:26:45.7430056Z test_other_column_date_cannot_prove_this_fact (tests.vnext.test_successor_income_projection.VisibleIncomePeriodTest.test_other_column_date_cannot_prove_this_fact) ... ok
company-current	Saved source through calculation, records, CSV and reading	2026-10-10T11:27:08.5628583Z test_existing_item_contract_counts_match_independent_original_headers (tests.vnext.test_event_rule_root.EventRuleRootTest.test_existing_item_contract_counts_match_independent_original_headers) ... ok
company-current	Saved source through calculation, records, CSV and reading	2026-10-10T11:27:08.5630596Z test_explicit_current_rules_cannot_grant_old_e01_item_count_new_credit (tests.vnext.test_event_rule_root.EventRuleRootTest.test_explicit_current_rules_cannot_grant_old_e01_item_count_new_credit) ... ok
company-current	Saved source through calculation, records, CSV and reading	2026-10-10T11:27:08.5763768Z test_independent_read_has_no_selection_or_calculation (tests.vnext.test_event_rule_root.EventRuleRootTest.test_independent_read_has_no_selection_or_calculation) ... ok
company-current	Saved source through calculation, records, CSV and reading	2026-10-10T11:27:10.5662401Z test_missing_event_body_cannot_turn_into_smaller_complete_count (tests.vnext.test_event_rule_root.EventRuleRootTest.test_missing_event_body_cannot_turn_into_smaller_complete_count) ... ok
company-current	Saved source through calculation, records, CSV and reading	2026-10-10T11:27:15.7748495Z test_normal_company_entry_and_reentry_use_saved_source_without_install (tests.vnext.test_event_rule_root.EventRuleRootTest.test_normal_company_entry_and_reentry_use_saved_source_without_install) ... ok
company-current	Saved source through calculation, records, CSV and reading	2026-10-10T11:27:20.7460096Z test_unused_session_change_reuses_real_company_result_without_calculation (tests.vnext.test_event_rule_root.EventRuleRootTest.test_unused_session_change_reuses_real_company_result_without_calculation) ... ok
company-current	Saved source through calculation, records, CSV and reading	2026-10-10T11:27:20.7557322Z test_arbitrary_release_never_enters_shared_issuer_rules (tests.vnext.test_financial_dei_release.FinancialDeiReleaseTest.test_arbitrary_release_never_enters_shared_issuer_rules) ... ok
company-current	Saved source through calculation, records, CSV and reading	2026-10-10T11:27:20.7591911Z test_issuer_successor_and_default_keep_exact_identity_checks (tests.vnext.test_financial_dei_release.FinancialDeiReleaseTest.test_issuer_successor_and_default_keep_exact_identity_checks) ... ok
company-current	Saved source through calculation, records, CSV and reading	2026-10-10T11:27:20.7594174Z test_lcr_checks_source_hash_before_any_release_or_facts (tests.vnext.test_financial_dei_release.FinancialDeiReleaseTest.test_lcr_checks_source_hash_before_any_release_or_facts) ... ok
company-current	Saved source through calculation, records, CSV and reading	2026-10-10T11:27:20.7687083Z test_var_prepare_uses_controlled_release_and_original_period (tests.vnext.test_financial_dei_release.FinancialDeiReleaseTest.test_var_prepare_uses_controlled_release_and_original_period) ... ok
company-current	Saved source through calculation, records, CSV and reading	2026-10-10T11:27:20.7710632Z test_year_only_default_is_identical_to_explicit_on_ordinary_source (tests.vnext.test_financial_dei_release.FinancialDeiReleaseTest.test_year_only_default_is_identical_to_explicit_on_ordinary_source) ... ok
company-current	Saved source through calculation, records, CSV and reading	2026-10-10T11:27:20.7717878Z test_another_metric_cannot_borrow_the_quarter_exception (tests.vnext.test_reported_average_period.ReportedAveragePeriodTest.test_another_metric_cannot_borrow_the_quarter_exception) ... ok
company-current	Saved source through calculation, records, CSV and reading	2026-10-10T11:27:20.7726324Z test_quarter_stays_quarter_with_annual_filing_group (tests.vnext.test_reported_average_period.ReportedAveragePeriodTest.test_quarter_stays_quarter_with_annual_filing_group) ... ok
company-current	Saved source through calculation, records, CSV and reading	2026-10-10T11:27:20.7737069Z test_reference_period_entity_value_and_uncertainty_do_not_disappear (tests.vnext.test_reported_average_period.ReportedAveragePeriodTest.test_reference_period_entity_value_and_uncertainty_do_not_disappear) ... ok
company-current	Saved source through calculation, records, CSV and reading	2026-10-10T11:27:20.7744265Z test_year_label_cannot_annualize_the_measurement (tests.vnext.test_reported_average_period.ReportedAveragePeriodTest.test_year_label_cannot_annualize_the_measurement) ... ok
company-current	Saved source through calculation, records, CSV and reading	2026-10-10T11:27:20.7756569Z test_a09_only_complete_ambiguity_enters_html_with_same_option (tests.vnext.test_bank_scope_dei_release.BankScopeDeiReleaseTest.test_a09_only_complete_ambiguity_enters_html_with_same_option) ... ok
company-current	Saved source through calculation, records, CSV and reading	2026-10-10T11:27:20.7761630Z test_a09_primary_has_priority_and_forwards_selection (tests.vnext.test_bank_scope_dei_release.BankScopeDeiReleaseTest.test_a09_primary_has_priority_and_forwards_selection) ... ok
company-current	Saved source through calculation, records, CSV and reading	2026-10-10T11:27:20.7765413Z test_a09_source_failure_cannot_become_ambiguity (tests.vnext.test_bank_scope_dei_release.BankScopeDeiReleaseTest.test_a09_source_failure_cannot_become_ambiguity) ... ok
company-current	Saved source through calculation, records, CSV and reading	2026-10-10T11:27:20.8047141Z test_all_three_real_parsers_require_explicit_old_release (tests.vnext.test_bank_scope_dei_release.BankScopeDeiReleaseTest.test_all_three_real_parsers_require_explicit_old_release) ... ok
company-current	Saved source through calculation, records, CSV and reading	2026-10-10T11:27:20.8545309Z test_original_year_default_returns_same_components (tests.vnext.test_bank_scope_dei_release.BankScopeDeiReleaseTest.test_original_year_default_returns_same_components) ... ok
company-current	Saved source through calculation, records, CSV and reading	2026-10-10T11:27:20.8553178Z test_selected_case_set_does_not_expand_default_or_bypass_factory (tests.vnext.test_bank_scope_dei_release.BankScopeDeiReleaseTest.test_selected_case_set_does_not_expand_default_or_bypass_factory) ... ok
company-current	Saved source through calculation, records, CSV and reading	2026-10-10T11:27:20.8610060Z test_wrong_source_subject_period_and_option_still_reject (tests.vnext.test_bank_scope_dei_release.BankScopeDeiReleaseTest.test_wrong_source_subject_period_and_option_still_reject) ... ok
company-current	Saved source through calculation, records, CSV and reading	2026-10-10T11:27:32.3464497Z test_constructed_withheld_native_trace_keeps_state_without_filled_issuer (tests.vnext.test_reporting_company_projection.CurrentNullableTraceProjectionTest.test_constructed_withheld_native_trace_keeps_state_without_filled_issuer) ... ok
company-current	Saved source through calculation, records, CSV and reading	2026-10-10T11:27:35.3101232Z test_current_reported_rpo_with_nullable_trace_keeps_value_and_issuer (tests.vnext.test_reporting_company_projection.CurrentNullableTraceProjectionTest.test_current_reported_rpo_with_nullable_trace_keeps_value_and_issuer) ... ok
company-current	Saved source through calculation, records, CSV and reading	2026-10-10T11:27:40.2992825Z test_current_structural_and_both_hotel_numbers_save_with_nullable_trace (tests.vnext.test_reporting_company_projection.CurrentNullableTraceProjectionTest.test_current_structural_and_both_hotel_numbers_save_with_nullable_trace) ... ok
company-current	Saved source through calculation, records, CSV and reading	2026-10-10T11:27:40.3001171Z test_combined_or_unproven_subject_policy_does_not_get_single_reporter_view (tests.vnext.test_reporting_company_projection.ReportingCompanyProjectionTest.test_combined_or_unproven_subject_policy_does_not_get_single_reporter_view) ... ok
company-current	Saved source through calculation, records, CSV and reading	2026-10-10T11:27:40.3005841Z test_current_reporter_preserves_current_view (tests.vnext.test_reporting_company_projection.ReportingCompanyProjectionTest.test_current_reporter_preserves_current_view) ... ok
company-current	Saved source through calculation, records, CSV and reading	2026-10-10T11:27:40.3011964Z test_different_filing_or_bad_entity_does_not_gain_display_identity (tests.vnext.test_reporting_company_projection.ReportingCompanyProjectionTest.test_different_filing_or_bad_entity_does_not_gain_display_identity) ... ok
company-current	Saved source through calculation, records, CSV and reading	2026-10-10T11:27:40.3017437Z test_explicit_null_issuer_fields_use_verified_annual_without_modifying_trace (tests.vnext.test_reporting_company_projection.ReportingCompanyProjectionTest.test_explicit_null_issuer_fields_use_verified_annual_without_modifying_trace) ... ok
company-current	Saved source through calculation, records, CSV and reading	2026-10-10T11:27:40.3024474Z test_metadata_only_outcome_can_keep_inventory_issuer_without_claiming_amount (tests.vnext.test_reporting_company_projection.ReportingCompanyProjectionTest.test_metadata_only_outcome_can_keep_inventory_issuer_without_claiming_amount) ... ok
company-current	Saved source through calculation, records, CSV and reading	2026-10-10T11:27:40.3031669Z test_null_target_requires_matching_source_not_another_registered_issuer (tests.vnext.test_reporting_company_projection.ReportingCompanyProjectionTest.test_null_target_requires_matching_source_not_another_registered_issuer) ... ok
company-current	Saved source through calculation, records, CSV and reading	2026-10-10T11:27:40.3040313Z test_nullable_contract_does_not_hide_filled_conflicts_or_missing_fields (tests.vnext.test_reporting_company_projection.ReportingCompanyProjectionTest.test_nullable_contract_does_not_hide_filled_conflicts_or_missing_fields) ... ok
company-current	Saved source through calculation, records, CSV and reading	2026-10-10T11:27:40.3045153Z test_predecessor_reporting_cik_changes_only_presentation_view (tests.vnext.test_reporting_company_projection.ReportingCompanyProjectionTest.test_predecessor_reporting_cik_changes_only_presentation_view) ... ok
company-current	Saved source through calculation, records, CSV and reading	2026-10-10T11:27:40.3103578Z test_registered_union_still_requires_its_existing_period_proof (tests.vnext.test_reporting_company_projection.ReportingCompanyProjectionTest.test_registered_union_still_requires_its_existing_period_proof) ... ok
company-current	Saved source through calculation, records, CSV and reading	2026-10-10T11:27:40.3110826Z test_unregistered_reporter_or_cross_subject_trace_is_rejected (tests.vnext.test_reporting_company_projection.ReportingCompanyProjectionTest.test_unregistered_reporter_or_cross_subject_trace_is_rejected) ... ok
company-current	Saved source through calculation, records, CSV and reading	2026-10-10T11:27:40.3130732Z test_valued_historical_event_uses_selected_inventory_and_source_set (tests.vnext.test_reporting_company_projection.ReportingCompanyProjectionTest.test_valued_historical_event_uses_selected_inventory_and_source_set) ... ok
company-current	Saved source through calculation, records, CSV and reading	2026-10-10T11:27:40.3287801Z test_accounting_cost_exclusion_does_not_change_revenue_entity_scope (tests.vnext.test_selected_revenue_scope_v1.SelectedRevenueScopeTest.test_accounting_cost_exclusion_does_not_change_revenue_entity_scope) ... ok
company-current	Saved source through calculation, records, CSV and reading	2026-10-10T11:27:40.3744144Z test_approved_legacy_calculator_selects_total_after_component_admission (tests.vnext.test_selected_revenue_scope_v1.SelectedRevenueScopeTest.test_approved_legacy_calculator_selects_total_after_component_admission) ... ok
company-current	Saved source through calculation, records, CSV and reading	2026-10-10T11:27:40.3879954Z test_conflicting_part_total_not_fixed_by_larger_value (tests.vnext.test_selected_revenue_scope_v1.SelectedRevenueScopeTest.test_conflicting_part_total_not_fixed_by_larger_value) ... ok
company-current	Saved source through calculation, records, CSV and reading	2026-10-10T11:27:40.4015947Z test_explicit_local_exclusion_is_not_overruled_by_same_context (tests.vnext.test_selected_revenue_scope_v1.SelectedRevenueScopeTest.test_explicit_local_exclusion_is_not_overruled_by_same_context) ... ok
company-current	Saved source through calculation, records, CSV and reading	2026-10-10T11:27:40.4148059Z test_explicit_scope_after_consolidated_title_is_not_ignored (tests.vnext.test_selected_revenue_scope_v1.SelectedRevenueScopeTest.test_explicit_scope_after_consolidated_title_is_not_ignored) ... ok
company-current	Saved source through calculation, records, CSV and reading	2026-10-10T11:27:40.4280238Z test_income_items_alone_do_not_prove_consolidated_statement (tests.vnext.test_selected_revenue_scope_v1.SelectedRevenueScopeTest.test_income_items_alone_do_not_prove_consolidated_statement) ... ok
company-current	Saved source through calculation, records, CSV and reading	2026-10-10T11:27:40.4394756Z test_missing_revenue_component_is_not_an_empty_success (tests.vnext.test_selected_revenue_scope_v1.SelectedRevenueScopeTest.test_missing_revenue_component_is_not_an_empty_success) ... ok
company-current	Saved source through calculation, records, CSV and reading	2026-10-10T11:27:40.4526567Z test_native_fact_row_does_not_hide_unmarked_scope_clause (tests.vnext.test_selected_revenue_scope_v1.SelectedRevenueScopeTest.test_native_fact_row_does_not_hide_unmarked_scope_clause) ... ok
company-current	Saved source through calculation, records, CSV and reading	2026-10-10T11:27:40.4693404Z test_old_visible_header_parser_default_is_retained (tests.vnext.test_selected_revenue_scope_v1.SelectedRevenueScopeTest.test_old_visible_header_parser_default_is_retained) ... ok
company-current	Saved source through calculation, records, CSV and reading	2026-10-10T11:27:40.4837373Z test_other_filing_facts_and_prior_periods_not_rewritten_or_substituted (tests.vnext.test_selected_revenue_scope_v1.SelectedRevenueScopeTest.test_other_filing_facts_and_prior_periods_not_rewritten_or_substituted) ... ok
company-current	Saved source through calculation, records, CSV and reading	2026-10-10T11:27:40.4930622Z test_primary_only_statement_check_is_explicit_not_faked_xml_check (tests.vnext.test_selected_revenue_scope_v1.SelectedRevenueScopeTest.test_primary_only_statement_check_is_explicit_not_faked_xml_check) ... ok
company-current	Saved source through calculation, records, CSV and reading	2026-10-10T11:27:40.5062338Z test_primary_xml_conflict_rejected (tests.vnext.test_selected_revenue_scope_v1.SelectedRevenueScopeTest.test_primary_xml_conflict_rejected) ... ok
company-current	Saved source through calculation, records, CSV and reading	2026-10-10T11:27:40.5185235Z test_quarter_caption_does_not_accept_annual_native_context (tests.vnext.test_selected_revenue_scope_v1.SelectedRevenueScopeTest.test_quarter_caption_does_not_accept_annual_native_context) ... ok
company-current	Saved source through calculation, records, CSV and reading	2026-10-10T11:27:40.5326142Z test_restricted_caption_does_not_become_no_split_success (tests.vnext.test_selected_revenue_scope_v1.SelectedRevenueScopeTest.test_restricted_caption_does_not_become_no_split_success) ... ok
company-current	Saved source through calculation, records, CSV and reading	2026-10-10T11:27:40.5526901Z test_revenue_note_total_without_full_statement_not_treated_as_company_total (tests.vnext.test_selected_revenue_scope_v1.SelectedRevenueScopeTest.test_revenue_note_total_without_full_statement_not_treated_as_company_total) ... ok
company-current	Saved source through calculation, records, CSV and reading	2026-10-10T11:27:40.5676128Z test_same_total_value_must_exist_in_selected_companyfacts (tests.vnext.test_selected_revenue_scope_v1.SelectedRevenueScopeTest.test_same_total_value_must_exist_in_selected_companyfacts) ... ok
company-current	Saved source through calculation, records, CSV and reading	2026-10-10T11:27:40.5686093Z test_saved_producer_opts_in_for_b01_and_b03_but_not_neighbours (tests.vnext.test_selected_revenue_scope_v1.SelectedRevenueScopeTest.test_saved_producer_opts_in_for_b01_and_b03_but_not_neighbours) ... ok
company-current	Saved source through calculation, records, CSV and reading	2026-10-10T11:27:40.5832857Z test_scope_cannot_borrow_later_filing_total_when_original_is_missing (tests.vnext.test_selected_revenue_scope_v1.SelectedRevenueScopeTest.test_scope_cannot_borrow_later_filing_total_when_original_is_missing) ... ok
company-current	Saved source through calculation, records, CSV and reading	2026-10-10T11:27:40.5896660Z test_single_full_revenue_keeps_contract_label_and_no_false_complete_credit (tests.vnext.test_selected_revenue_scope_v1.SelectedRevenueScopeTest.test_single_full_revenue_keeps_contract_label_and_no_false_complete_credit) ... ok
company-current	Saved source through calculation, records, CSV and reading	2026-10-10T11:27:40.6022572Z test_source_bound_cells_year_and_primary_xml_retained (tests.vnext.test_selected_revenue_scope_v1.SelectedRevenueScopeTest.test_source_bound_cells_year_and_primary_xml_retained) ... ok
company-current	Saved source through calculation, records, CSV and reading	2026-10-10T11:27:40.6132179Z test_update_configuration_names_actual_scope_and_header_dependencies (tests.vnext.test_selected_revenue_scope_v1.SelectedRevenueScopeTest.test_update_configuration_names_actual_scope_and_header_dependencies) ... ok
company-current	Saved source through calculation, records, CSV and reading	2026-10-10T11:27:40.6253648Z test_visible_column_year_conflict_rejected (tests.vnext.test_selected_revenue_scope_v1.SelectedRevenueScopeTest.test_visible_column_year_conflict_rejected) ... ok
company-current	Saved source through calculation, records, CSV and reading	2026-10-10T11:27:40.6385412Z test_visible_scale_cannot_be_overruled_by_native_amounts (tests.vnext.test_selected_revenue_scope_v1.SelectedRevenueScopeTest.test_visible_scale_cannot_be_overruled_by_native_amounts) ... ok
company-current	Saved source through calculation, records, CSV and reading	2026-10-10T11:27:40.6522024Z test_explicit_total_admits_existing_fact_without_calculating_component_sum (tests.vnext.test_selected_reported_revenue_v2.SelectedReportedRevenueTest.test_explicit_total_admits_existing_fact_without_calculating_component_sum) ... ok
company-current	Saved source through calculation, records, CSV and reading	2026-10-10T11:27:40.6779035Z test_fiscal_year_column_matches_full_selected_native_period_not_calendar_year (tests.vnext.test_selected_reported_revenue_v2.SelectedReportedRevenueTest.test_fiscal_year_column_matches_full_selected_native_period_not_calendar_year) ... ok
company-current	Saved source through calculation, records, CSV and reading	2026-10-10T11:27:40.6941896Z test_later_year_header_cannot_hide_an_earlier_associated_full_date (tests.vnext.test_selected_reported_revenue_v2.SelectedReportedRevenueTest.test_later_year_header_cannot_hide_an_earlier_associated_full_date) ... ok
company-current	Saved source through calculation, records, CSV and reading	2026-10-10T11:27:40.7322025Z test_limited_scope_wrong_scale_and_xml_disagreement_remain_errors (tests.vnext.test_selected_reported_revenue_v2.SelectedReportedRevenueTest.test_limited_scope_wrong_scale_and_xml_disagreement_remain_errors) ... ok
company-current	Saved source through calculation, records, CSV and reading	2026-10-10T11:27:40.7476498Z test_note_total_or_wrong_companyfacts_filing_does_not_supply_company_total (tests.vnext.test_selected_reported_revenue_v2.SelectedReportedRevenueTest.test_note_total_or_wrong_companyfacts_filing_does_not_supply_company_total) ... ok
company-current	Saved source through calculation, records, CSV and reading	2026-10-10T11:27:40.8106523Z test_resolved_label_keeps_raw_year_and_cannot_borrow_another_source (tests.vnext.test_selected_reported_revenue_v2.SelectedReportedRevenueTest.test_resolved_label_keeps_raw_year_and_cannot_borrow_another_source) ... ok
company-current	Saved source through calculation, records, CSV and reading	2026-10-10T11:27:40.8469327Z test_separate_heading_table_is_bound_and_not_borrowed_from_other_statement (tests.vnext.test_selected_reported_revenue_v2.SelectedReportedRevenueTest.test_separate_heading_table_is_bound_and_not_borrowed_from_other_statement) ... ok
company-current	Saved source through calculation, records, CSV and reading	2026-10-10T11:27:40.8776163Z test_visible_end_day_and_complete_date_agree_before_full_scope_credit (tests.vnext.test_selected_reported_revenue_v2.SelectedReportedRevenueTest.test_visible_end_day_and_complete_date_agree_before_full_scope_credit) ... ok
company-current	Saved source through calculation, records, CSV and reading	2026-10-10T11:27:40.9006260Z test_absent_direct_total_reuses_existing_component_path_without_new_credit (tests.vnext.test_current_reported_revenue.CurrentReportedRevenueTest.test_absent_direct_total_reuses_existing_component_path_without_new_credit) ... ok
company-current	Saved source through calculation, records, CSV and reading	2026-10-10T11:27:40.9183545Z test_cost_group_non_numeric_parenthesis_is_not_an_invented_footnote (tests.vnext.test_current_reported_revenue.CurrentReportedRevenueTest.test_cost_group_non_numeric_parenthesis_is_not_an_invented_footnote) ... ok
company-current	Saved source through calculation, records, CSV and reading	2026-10-10T11:27:40.9274102Z test_explicit_total_uses_v2_admission_and_matching_observation_check (tests.vnext.test_current_reported_revenue.CurrentReportedRevenueTest.test_explicit_total_uses_v2_admission_and_matching_observation_check) ... ok
company-current	Saved source through calculation, records, CSV and reading	2026-10-10T11:27:40.9459970Z test_fiscal_header_and_standard_cost_groups_do_not_relax_scope_annotations (tests.vnext.test_current_reported_revenue.CurrentReportedRevenueTest.test_fiscal_header_and_standard_cost_groups_do_not_relax_scope_annotations) ... ok
company-current	Saved source through calculation, records, CSV and reading	2026-10-10T11:27:40.9631440Z test_late_fiscal_header_before_amounts_is_checked_against_native_interval (tests.vnext.test_current_reported_revenue.CurrentReportedRevenueTest.test_late_fiscal_header_before_amounts_is_checked_against_native_interval) ... ok
company-current	Saved source through calculation, records, CSV and reading	2026-10-10T11:27:41.0458549Z test_new_proof_dependencies_invalidate_only_consuming_metrics (tests.vnext.test_current_reported_revenue.CurrentReportedRevenueTest.test_new_proof_dependencies_invalidate_only_consuming_metrics) ... ok
company-current	Saved source through calculation, records, CSV and reading	2026-10-10T11:27:41.1075875Z test_public_preparer_forwards_only_explicit_opt_in (tests.vnext.test_current_reported_revenue.CurrentReportedRevenueTest.test_public_preparer_forwards_only_explicit_opt_in) ... ok
company-current	Saved source through calculation, records, CSV and reading	2026-10-10T11:27:41.1263887Z test_shared_default_still_returns_exact_v1_proof (tests.vnext.test_current_reported_revenue.CurrentReportedRevenueTest.test_shared_default_still_returns_exact_v1_proof) ... ok
company-current	Saved source through calculation, records, CSV and reading	2026-10-10T11:27:41.1528334Z test_standard_preceding_navigation_is_preserved_without_admitting_scope_prose (tests.vnext.test_current_reported_revenue.CurrentReportedRevenueTest.test_standard_preceding_navigation_is_preserved_without_admitting_scope_prose) ... ok
company-current	Saved source through calculation, records, CSV and reading	2026-10-10T11:27:41.1836086Z test_unknown_contract_or_disabled_validation_cannot_opt_in (tests.vnext.test_current_reported_revenue.CurrentReportedRevenueTest.test_unknown_contract_or_disabled_validation_cannot_opt_in) ... ok
company-current	Saved source through calculation, records, CSV and reading	2026-10-10T11:27:41.1913414Z test_v2_period_error_cannot_fall_back_to_a_component (tests.vnext.test_current_reported_revenue.CurrentReportedRevenueTest.test_v2_period_error_cannot_fall_back_to_a_component) ... ok
company-current	Saved source through calculation, records, CSV and reading	2026-10-10T11:27:41.1917134Z test_public_row_context_names_revenue_scope_by_identity_not_source_rows (tests.vnext.test_current_reported_revenue.PublicRowRevenueScopeContextTest.test_public_row_context_names_revenue_scope_by_identity_not_source_rows) ... ok
company-current	Saved source through calculation, records, CSV and reading	2026-10-10T11:27:41.1919465Z 
company-current	Saved source through calculation, records, CSV and reading	2026-10-10T11:27:41.1919856Z ----------------------------------------------------------------------
company-current	Saved source through calculation, records, CSV and reading	2026-10-10T11:27:41.1920547Z Ran 257 tests in 224.846s
company-current	Saved source through calculation, records, CSV and reading	2026-10-10T11:27:41.1920857Z 
company-current	Saved source through calculation, records, CSV and reading	2026-10-10T11:27:41.1921027Z OK
company-current	Saved source through calculation, records, CSV and reading	2026-10-10T11:27:41.1923475Z {'scenario': 'saved Marriott FY2025 C01 unused-session edit', 'first_seconds': 4.239849111999945, 'repeat_seconds': 0.7228509259999782, 'read_seconds': 0.00689260399997238, 'result_id': 'sha256:724b92ab35202cc6c9e26099e8d8710f1b4321b5370e7c3b3e086a1d2a895a95', 'value': '3', 'unit': 'count', 'result_files': 6, 'new_calls': [0, 0, 0]}
company-current	Historical dispatch and saved result states	﻿2026-10-10T11:27:41.3696694Z ##[group]Run python3 -m unittest tests.vnext.test_history_company_dispatch tests.vnext.test_selected_history_result_state tests.vnext.test_historical_geography_cases tests.vnext.test_historical_average_risk_cases tests.vnext.test_historical_bank_scope_cases tests.vnext.test_historical_statement_cases.HistoricalRevenueScopeConsumerTest tests.vnext.test_historical_statement_cases -v
company-current	Historical dispatch and saved result states	2026-10-10T11:27:41.3699433Z ^[[36;1mpython3 -m unittest tests.vnext.test_history_company_dispatch tests.vnext.test_selected_history_result_state tests.vnext.test_historical_geography_cases tests.vnext.test_historical_average_risk_cases tests.vnext.test_historical_bank_scope_cases tests.vnext.test_historical_statement_cases.HistoricalRevenueScopeConsumerTest tests.vnext.test_historical_statement_cases -v^[[0m
company-current	Historical dispatch and saved result states	2026-10-10T11:27:41.3766814Z shell: /usr/bin/bash -e {0}
company-current	Historical dispatch and saved result states	2026-10-10T11:27:41.3767081Z env:
company-current	Historical dispatch and saved result states	2026-10-10T11:27:41.3767362Z   pythonLocation: /opt/hostedtoolcache/Python/3.14.8/x64
company-current	Historical dispatch and saved result states	2026-10-10T11:27:41.3767821Z   PKG_CONFIG_PATH: /opt/hostedtoolcache/Python/3.14.8/x64/lib/pkgconfig
company-current	Historical dispatch and saved result states	2026-10-10T11:27:41.3768282Z   Python_ROOT_DIR: /opt/hostedtoolcache/Python/3.14.8/x64
company-current	Historical dispatch and saved result states	2026-10-10T11:27:41.3768661Z   Python2_ROOT_DIR: /opt/hostedtoolcache/Python/3.14.8/x64
company-current	Historical dispatch and saved result states	2026-10-10T11:27:41.3769063Z   Python3_ROOT_DIR: /opt/hostedtoolcache/Python/3.14.8/x64
company-current	Historical dispatch and saved result states	2026-10-10T11:27:41.3769468Z   LD_LIBRARY_PATH: /opt/hostedtoolcache/Python/3.14.8/x64/lib
company-current	Historical dispatch and saved result states	2026-10-10T11:27:41.3769812Z   PYTHONDONTWRITEBYTECODE: 1
company-current	Historical dispatch and saved result states	2026-10-10T11:27:41.3770054Z ##[endgroup]
company-current	Historical dispatch and saved result states	2026-10-10T11:27:43.6926124Z test_average_risk_family_preserves_existing_metric_factories (tests.vnext.test_history_company_dispatch.HistoryCompanyDispatchTest.test_average_risk_family_preserves_existing_metric_factories) ... ok
company-current	Historical dispatch and saved result states	2026-10-10T11:27:43.6930779Z test_bank_performance_family_uses_original_factories_for_other_families (tests.vnext.test_history_company_dispatch.HistoryCompanyDispatchTest.test_bank_performance_family_uses_original_factories_for_other_families) ... ok
company-current	Historical dispatch and saved result states	2026-10-10T11:27:43.6935149Z test_bank_scope_family_preserves_existing_metric_factories (tests.vnext.test_history_company_dispatch.HistoryCompanyDispatchTest.test_bank_scope_family_preserves_existing_metric_factories) ... ok
company-current	Historical dispatch and saved result states	2026-10-10T11:27:43.6939433Z test_capital_family_preserves_each_existing_metric_factory (tests.vnext.test_history_company_dispatch.HistoryCompanyDispatchTest.test_capital_family_preserves_each_existing_metric_factory) ... ok
company-current	Historical dispatch and saved result states	2026-10-10T11:27:43.6989628Z test_cli_passes_period_arguments_to_the_same_company_entry (tests.vnext.test_history_company_dispatch.HistoryCompanyDispatchTest.test_cli_passes_period_arguments_to_the_same_company_entry) ... ok
company-current	Historical dispatch and saved result states	2026-10-10T11:27:43.6991598Z test_completed_withheld_survives_read_after_another_metric_subset (tests.vnext.test_history_company_dispatch.HistoryCompanyDispatchTest.test_completed_withheld_survives_read_after_another_metric_subset)
company-current	Historical dispatch and saved result states	2026-10-10T11:27:43.7325280Z Constructed history control: a later subset cannot revive old success. ... ok
company-current	Historical dispatch and saved result states	2026-10-10T11:27:43.7331643Z test_current_mode_keeps_the_existing_public_route (tests.vnext.test_history_company_dispatch.HistoryCompanyDispatchTest.test_current_mode_keeps_the_existing_public_route) ... ok
company-current	Historical dispatch and saved result states	2026-10-10T11:27:43.7337224Z test_e01_uses_explicit_content_consumer_and_keeps_old_event_factory (tests.vnext.test_history_company_dispatch.HistoryCompanyDispatchTest.test_e01_uses_explicit_content_consumer_and_keeps_old_event_factory) ... ok
company-current	Historical dispatch and saved result states	2026-10-10T11:27:43.7342425Z test_event_family_keeps_existing_income_balance_and_hotel_factories (tests.vnext.test_history_company_dispatch.HistoryCompanyDispatchTest.test_event_family_keeps_existing_income_balance_and_hotel_factories) ... ok
company-current	Historical dispatch and saved result states	2026-10-10T11:27:43.7348186Z test_geography_keeps_existing_factories_and_declares_its_source_dependencies (tests.vnext.test_history_company_dispatch.HistoryCompanyDispatchTest.test_geography_keeps_existing_factories_and_declares_its_source_dependencies) ... ok
company-current	Historical dispatch and saved result states	2026-10-10T11:27:43.7352955Z test_interest_coverage_adds_only_its_current_annual_case (tests.vnext.test_history_company_dispatch.HistoryCompanyDispatchTest.test_interest_coverage_adds_only_its_current_annual_case) ... ok
company-current	Historical dispatch and saved result states	2026-10-10T11:27:43.7358274Z test_invalid_range_rejects_before_source_or_writes (tests.vnext.test_history_company_dispatch.HistoryCompanyDispatchTest.test_invalid_range_rejects_before_source_or_writes) ... ok
company-current	Historical dispatch and saved result states	2026-10-10T11:27:43.7363539Z test_liquidity_keeps_the_statement_and_lodging_original_factories (tests.vnext.test_history_company_dispatch.HistoryCompanyDispatchTest.test_liquidity_keeps_the_statement_and_lodging_original_factories) ... ok
company-current	Historical dispatch and saved result states	2026-10-10T11:27:43.7368684Z test_missing_source_is_explicit_and_does_not_acquire (tests.vnext.test_history_company_dispatch.HistoryCompanyDispatchTest.test_missing_source_is_explicit_and_does_not_acquire) ... ok
company-current	Historical dispatch and saved result states	2026-10-10T11:27:43.7376877Z test_mixed_lodging_keeps_its_previous_factory_and_tuple (tests.vnext.test_history_company_dispatch.HistoryCompanyDispatchTest.test_mixed_lodging_keeps_its_previous_factory_and_tuple) ... ok
company-current	Historical dispatch and saved result states	2026-10-10T11:27:43.7383408Z test_range_uses_one_public_company_controller_and_existing_case (tests.vnext.test_history_company_dispatch.HistoryCompanyDispatchTest.test_range_uses_one_public_company_controller_and_existing_case) ... ok
company-current	Historical dispatch and saved result states	2026-10-10T11:27:43.7388672Z test_rpo_uses_native_case_without_changing_statement_or_capital_factories (tests.vnext.test_history_company_dispatch.HistoryCompanyDispatchTest.test_rpo_uses_native_case_without_changing_statement_or_capital_factories) ... ok
company-current	Historical dispatch and saved result states	2026-10-10T11:27:43.7394077Z test_statement_pilot_uses_original_per_metric_factories_and_dependencies (tests.vnext.test_history_company_dispatch.HistoryCompanyDispatchTest.test_statement_pilot_uses_original_per_metric_factories_and_dependencies) ... ok
company-current	Historical dispatch and saved result states	2026-10-10T11:27:43.7399489Z test_unsupported_family_uses_no_fabricated_historical_case (tests.vnext.test_history_company_dispatch.HistoryCompanyDispatchTest.test_unsupported_family_uses_no_fabricated_historical_case) ... ok
company-current	Historical dispatch and saved result states	2026-10-10T11:27:43.7402224Z test_actual_selected_year_dependencies_ignore_unused_admission_code (tests.vnext.test_selected_history_result_state.SelectedHistoryResultStateTest.test_actual_selected_year_dependencies_ignore_unused_admission_code)
company-current	Historical dispatch and saved result states	2026-10-10T11:27:43.8580317Z Constructed state control with the actual processing configuration. ... ok
company-current	Historical dispatch and saved result states	2026-10-10T11:27:43.8676885Z test_completed_withheld_recovers_pointer_without_recalculation (tests.vnext.test_selected_history_result_state.SelectedHistoryResultStateTest.test_completed_withheld_recovers_pointer_without_recalculation) ... ok
company-current	Historical dispatch and saved result states	2026-10-10T11:27:43.8821648Z test_current_withheld_replaces_same_year_success_but_retains_old_version (tests.vnext.test_selected_history_result_state.SelectedHistoryResultStateTest.test_current_withheld_replaces_same_year_success_but_retains_old_version) ... ok
company-current	Historical dispatch and saved result states	2026-10-10T11:27:43.9056237Z test_dependency_source_and_processing_changes_reprocess_withheld_once (tests.vnext.test_selected_history_result_state.SelectedHistoryResultStateTest.test_dependency_source_and_processing_changes_reprocess_withheld_once) ... ok
company-current	Historical dispatch and saved result states	2026-10-10T11:27:43.9234251Z test_missing_year_and_one_metric_failure_preserve_other_periods (tests.vnext.test_selected_history_result_state.SelectedHistoryResultStateTest.test_missing_year_and_one_metric_failure_preserve_other_periods) ... ok
company-current	Historical dispatch and saved result states	2026-10-10T11:27:43.9411713Z test_success_and_stable_withheld_reuse_in_distinct_historical_coordinates (tests.vnext.test_selected_history_result_state.SelectedHistoryResultStateTest.test_success_and_stable_withheld_reuse_in_distinct_historical_coordinates) ... ok
company-current	Historical dispatch and saved result states	2026-10-10T11:27:43.9476833Z test_amendment_and_successor_remain_named_withheld_before_inspection (tests.vnext.test_historical_geography_cases.HistoricalGeographyCaseTest.test_amendment_and_successor_remain_named_withheld_before_inspection) ... ok
company-current	Historical dispatch and saved result states	2026-10-10T11:27:43.9503712Z test_source_failure_propagates_without_inventing_disclosure_absence (tests.vnext.test_historical_geography_cases.HistoricalGeographyCaseTest.test_source_failure_propagates_without_inventing_disclosure_absence) ... ok
company-current	Historical dispatch and saved result states	2026-10-10T11:27:43.9534083Z test_structural_not_applicable_never_reads_financial_amount (tests.vnext.test_historical_geography_cases.HistoricalGeographyCaseTest.test_structural_not_applicable_never_reads_financial_amount) ... ok
company-current	Historical dispatch and saved result states	2026-10-10T11:27:43.9566933Z test_unresolved_source_is_not_a_partial_geography_sum (tests.vnext.test_historical_geography_cases.HistoricalGeographyCaseTest.test_unresolved_source_is_not_a_partial_geography_sum) ... ok
company-current	Historical dispatch and saved result states	2026-10-10T11:27:43.9569628Z test_wrong_family_refuses_before_selecting_any_sources (tests.vnext.test_historical_geography_cases.HistoricalGeographyCaseTest.test_wrong_family_refuses_before_selecting_any_sources) ... ok
company-current	Historical dispatch and saved result states	2026-10-10T11:27:43.9690291Z test_amendment_or_successor_remains_withheld_before_inspection (tests.vnext.test_historical_average_risk_cases.HistoricalAverageRiskCaseTest.test_amendment_or_successor_remains_withheld_before_inspection) ... ok
company-current	Historical dispatch and saved result states	2026-10-10T11:27:43.9729531Z test_lcr_quarter_is_measurement_while_fiscal_year_remains_annual_group (tests.vnext.test_historical_average_risk_cases.HistoricalAverageRiskCaseTest.test_lcr_quarter_is_measurement_while_fiscal_year_remains_annual_group) ... ok
company-current	Historical dispatch and saved result states	2026-10-10T11:27:43.9731622Z test_measurement_rejects_unknown_family_instead_of_treating_as_var (tests.vnext.test_historical_average_risk_cases.HistoricalAverageRiskCaseTest.test_measurement_rejects_unknown_family_instead_of_treating_as_var) ... ok
company-current	Historical dispatch and saved result states	2026-10-10T11:27:43.9789967Z test_structural_not_applicable_skips_amount_inspection (tests.vnext.test_historical_average_risk_cases.HistoricalAverageRiskCaseTest.test_structural_not_applicable_skips_amount_inspection) ... ok
company-current	Historical dispatch and saved result states	2026-10-10T11:27:43.9853426Z test_unresolved_component_cannot_reuse_candidate_value (tests.vnext.test_historical_average_risk_cases.HistoricalAverageRiskCaseTest.test_unresolved_component_cannot_reuse_candidate_value) ... ok
company-current	Historical dispatch and saved result states	2026-10-10T11:27:43.9890134Z test_var_annual_average_keeps_annual_period_and_usd_value (tests.vnext.test_historical_average_risk_cases.HistoricalAverageRiskCaseTest.test_var_annual_average_keeps_annual_period_and_usd_value) ... ok
company-current	Historical dispatch and saved result states	2026-10-10T11:27:43.9892778Z test_wrong_family_refuses_before_any_source_selection (tests.vnext.test_historical_average_risk_cases.HistoricalAverageRiskCaseTest.test_wrong_family_refuses_before_any_source_selection) ... ok
company-current	Historical dispatch and saved result states	2026-10-10T11:27:43.9922136Z test_wrong_source_error_is_not_disclosure_absence (tests.vnext.test_historical_average_risk_cases.HistoricalAverageRiskCaseTest.test_wrong_source_error_is_not_disclosure_absence) ... ok
company-current	Historical dispatch and saved result states	2026-10-10T11:27:43.9935327Z test_general_note_only_before_lettered_notes_and_never_across_heading (tests.vnext.test_historical_average_risk_cases.HistoricalAverageRiskWordingTest.test_general_note_only_before_lettered_notes_and_never_across_heading) ... ok
company-current	Historical dispatch and saved result states	2026-10-10T11:27:44.0030103Z test_known_forms_compile_without_mutating_shared_functions (tests.vnext.test_historical_average_risk_cases.HistoricalAverageRiskWordingTest.test_known_forms_compile_without_mutating_shared_functions) ... ok
company-current	Historical dispatch and saved result states	2026-10-10T11:27:44.0123151Z test_old_lcr_note_grammar_preserves_unit_and_duration_rejections (tests.vnext.test_historical_average_risk_cases.HistoricalAverageRiskWordingTest.test_old_lcr_note_grammar_preserves_unit_and_duration_rejections) ... ok
company-current	Historical dispatch and saved result states	2026-10-10T11:27:44.0129895Z test_original_resolved_answer_is_kept_without_fallback (tests.vnext.test_historical_average_risk_cases.HistoricalAverageRiskWordingTest.test_original_resolved_answer_is_kept_without_fallback) ... ok
company-current	Historical dispatch and saved result states	2026-10-10T11:27:44.0133520Z test_resolved_known_form_retains_original_status_and_provenance (tests.vnext.test_historical_average_risk_cases.HistoricalAverageRiskWordingTest.test_resolved_known_form_retains_original_status_and_provenance) ... ok
company-current	Historical dispatch and saved result states	2026-10-10T11:27:44.0137000Z test_unresolved_fallback_keeps_original_competitors (tests.vnext.test_historical_average_risk_cases.HistoricalAverageRiskWordingTest.test_unresolved_fallback_keeps_original_competitors) ... ok
company-current	Historical dispatch and saved result states	2026-10-10T11:27:44.0139922Z test_history_passes_shared_release_option_without_recursive_view (tests.vnext.test_historical_average_risk_cases.HistoricalExplicitAnnualInterfaceTest.test_history_passes_shared_release_option_without_recursive_view) ... ok
company-current	Historical dispatch and saved result states	2026-10-10T11:27:44.0209989Z test_remaining_fiscal_label_view_uses_explicit_annual_adapter (tests.vnext.test_historical_average_risk_cases.HistoricalExplicitAnnualInterfaceTest.test_remaining_fiscal_label_view_uses_explicit_annual_adapter) ... ok
company-current	Historical dispatch and saved result states	2026-10-10T11:27:44.0212907Z test_shared_source_failure_propagates_as_failure (tests.vnext.test_historical_average_risk_cases.HistoricalExplicitAnnualInterfaceTest.test_shared_source_failure_propagates_as_failure) ... ok
company-current	Historical dispatch and saved result states	2026-10-10T11:27:44.0299601Z test_amendment_and_successor_remain_named_withheld_before_inspection (tests.vnext.test_historical_bank_scope_cases.HistoricalBankScopeCaseTest.test_amendment_and_successor_remain_named_withheld_before_inspection) ... ok
company-current	Historical dispatch and saved result states	2026-10-10T11:27:44.0372078Z test_resolved_aum_and_nonaccrual_keep_filing_end_instant (tests.vnext.test_historical_bank_scope_cases.HistoricalBankScopeCaseTest.test_resolved_aum_and_nonaccrual_keep_filing_end_instant) ... ok
company-current	Historical dispatch and saved result states	2026-10-10T11:27:44.0406000Z test_resolved_nim_is_annual_and_uses_managed_rate (tests.vnext.test_historical_bank_scope_cases.HistoricalBankScopeCaseTest.test_resolved_nim_is_annual_and_uses_managed_rate) ... ok
company-current	Historical dispatch and saved result states	2026-10-10T11:27:44.0431384Z test_source_failure_propagates_without_inventing_disclosure_absence (tests.vnext.test_historical_bank_scope_cases.HistoricalBankScopeCaseTest.test_source_failure_propagates_without_inventing_disclosure_absence) ... ok
company-current	Historical dispatch and saved result states	2026-10-10T11:27:44.0463377Z test_structural_not_applicable_never_reads_financial_amount (tests.vnext.test_historical_bank_scope_cases.HistoricalBankScopeCaseTest.test_structural_not_applicable_never_reads_financial_amount) ... ok
company-current	Historical dispatch and saved result states	2026-10-10T11:27:44.0491988Z test_unresolved_source_is_not_a_partial_bank_sum (tests.vnext.test_historical_bank_scope_cases.HistoricalBankScopeCaseTest.test_unresolved_source_is_not_a_partial_bank_sum) ... ok
company-current	Historical dispatch and saved result states	2026-10-10T11:27:44.0494618Z test_wrong_family_refuses_before_selecting_any_sources (tests.vnext.test_historical_bank_scope_cases.HistoricalBankScopeCaseTest.test_wrong_family_refuses_before_selecting_any_sources) ... ok
company-current	Historical dispatch and saved result states	2026-10-10T11:27:44.0555691Z test_source_conflict_remains_distinct_from_implementation_gap (tests.vnext.test_historical_bank_scope_cases.HistoricalBankScopeClassificationTest.test_source_conflict_remains_distinct_from_implementation_gap) ... ok
company-current	Historical dispatch and saved result states	2026-10-10T11:27:44.0609467Z test_a09_local_import_rebinding_retains_native_ambiguity_gate (tests.vnext.test_historical_bank_scope_cases.HistoricalBankScopeWordingTest.test_a09_local_import_rebinding_retains_native_ambiguity_gate) ... ok
company-current	Historical dispatch and saved result states	2026-10-10T11:27:44.0712783Z test_compilation_keeps_shared_functions_and_known_forms_are_finite (tests.vnext.test_historical_bank_scope_cases.HistoricalBankScopeWordingTest.test_compilation_keeps_shared_functions_and_known_forms_are_finite) ... ok
company-current	Historical dispatch and saved result states	2026-10-10T11:27:44.0726121Z test_missing_native_source_propagates_and_never_reaches_html (tests.vnext.test_historical_bank_scope_cases.HistoricalBankScopeWordingTest.test_missing_native_source_propagates_and_never_reaches_html) ... ok
company-current	Historical dispatch and saved result states	2026-10-10T11:27:44.0740410Z test_old_glossary_accepts_one_colon_and_preserves_subset_text (tests.vnext.test_historical_bank_scope_cases.HistoricalBankScopeWordingTest.test_old_glossary_accepts_one_colon_and_preserves_subset_text) ... ok
company-current	Historical dispatch and saved result states	2026-10-10T11:27:44.0775005Z test_old_segment_list_cannot_hide_conflicting_or_noncorporate_remainder (tests.vnext.test_historical_bank_scope_cases.HistoricalBankScopeWordingTest.test_old_segment_list_cannot_hide_conflicting_or_noncorporate_remainder) ... ok
company-current	Historical dispatch and saved result states	2026-10-10T11:27:44.0782126Z test_original_native_success_is_kept_without_old_form (tests.vnext.test_historical_bank_scope_cases.HistoricalBankScopeWordingTest.test_original_native_success_is_kept_without_old_form) ... ok
company-current	Historical dispatch and saved result states	2026-10-10T11:27:44.1328427Z test_display_is_bounded_while_complete_scope_evidence_is_retained (tests.vnext.test_historical_statement_cases.HistoricalRevenueScopeConsumerTest.test_display_is_bounded_while_complete_scope_evidence_is_retained) ... ok
company-current	Historical dispatch and saved result states	2026-10-10T11:27:44.1352101Z test_literal_original_and_resolved_period_must_have_same_dates (tests.vnext.test_historical_statement_cases.HistoricalRevenueScopeConsumerTest.test_literal_original_and_resolved_period_must_have_same_dates) ... ok
company-current	Historical dispatch and saved result states	2026-10-10T11:27:44.1537828Z test_no_reported_total_retains_the_existing_component_scope_path (tests.vnext.test_historical_statement_cases.HistoricalRevenueScopeConsumerTest.test_no_reported_total_retains_the_existing_component_scope_path) ... ok
company-current	Historical dispatch and saved result states	2026-10-10T11:27:44.1541556Z test_processing_configuration_includes_shared_scope_dependency (tests.vnext.test_historical_statement_cases.HistoricalRevenueScopeConsumerTest.test_processing_configuration_includes_shared_scope_dependency) ... ok
company-current	Historical dispatch and saved result states	2026-10-10T11:27:44.2246522Z test_reported_late_date_and_cost_group_qualifiers_are_not_hidden (tests.vnext.test_historical_statement_cases.HistoricalRevenueScopeConsumerTest.test_reported_late_date_and_cost_group_qualifiers_are_not_hidden) ... ok
company-current	Historical dispatch and saved result states	2026-10-10T11:27:44.2638102Z test_reported_navigation_keeps_source_spans_without_accepting_subject_restrictions (tests.vnext.test_historical_statement_cases.HistoricalRevenueScopeConsumerTest.test_reported_navigation_keeps_source_spans_without_accepting_subject_restrictions) ... ok
company-current	Historical dispatch and saved result states	2026-10-10T11:27:44.2660060Z test_reported_total_conflict_cannot_fall_back_to_the_old_component (tests.vnext.test_historical_statement_cases.HistoricalRevenueScopeConsumerTest.test_reported_total_conflict_cannot_fall_back_to_the_old_component) ... ok
company-current	Historical dispatch and saved result states	2026-10-10T11:27:44.2886201Z test_reported_total_is_admitted_before_actual_calculator (tests.vnext.test_historical_statement_cases.HistoricalRevenueScopeConsumerTest.test_reported_total_is_admitted_before_actual_calculator) ... ok
company-current	Historical dispatch and saved result states	2026-10-10T11:27:44.3089579Z test_source_bound_resolved_label_reaches_the_shared_reader_without_raw_year_rewrite (tests.vnext.test_historical_statement_cases.HistoricalRevenueScopeConsumerTest.test_source_bound_resolved_label_reaches_the_shared_reader_without_raw_year_rewrite) ... ok
company-current	Historical dispatch and saved result states	2026-10-10T11:27:44.3305775Z test_total_cannot_be_borrowed_from_a_later_filing (tests.vnext.test_historical_statement_cases.HistoricalRevenueScopeConsumerTest.test_total_cannot_be_borrowed_from_a_later_filing) ... ok
company-current	Historical dispatch and saved result states	2026-10-10T11:27:44.3333977Z test_amendment_and_successor_keep_the_existing_rejection (tests.vnext.test_historical_statement_cases.HistoricalCurrentAnnualScopeTest.test_amendment_and_successor_keep_the_existing_rejection) ... ok
company-current	Historical dispatch and saved result states	2026-10-10T11:27:44.3347290Z test_declared_wrong_source_period_cannot_select_a_filing (tests.vnext.test_historical_statement_cases.HistoricalCurrentAnnualScopeTest.test_declared_wrong_source_period_cannot_select_a_filing) ... ok
company-current	Historical dispatch and saved result states	2026-10-10T11:27:44.3349725Z test_existing_entry_does_not_silently_expand_to_b07 (tests.vnext.test_historical_statement_cases.HistoricalCurrentAnnualScopeTest.test_existing_entry_does_not_silently_expand_to_b07) ... ok
company-current	Historical dispatch and saved result states	2026-10-10T11:27:44.3352507Z test_prior_year_or_instant_metrics_do_not_enter_the_annual_family (tests.vnext.test_historical_statement_cases.HistoricalCurrentAnnualScopeTest.test_prior_year_or_instant_metrics_do_not_enter_the_annual_family) ... ok
company-current	Historical dispatch and saved result states	2026-10-10T11:27:44.3627380Z test_fixed_single_line_consumer_keeps_total_and_rejects_appended_cell_amount (tests.vnext.test_historical_statement_cases.HistoricalPairedRevenueAdmissionTest.test_fixed_single_line_consumer_keeps_total_and_rejects_appended_cell_amount) ... ok
company-current	Historical dispatch and saved result states	2026-10-10T11:27:44.3685873Z test_missing_scope_and_conflicting_original_dates_are_not_complete_revenue (tests.vnext.test_historical_statement_cases.HistoricalPairedRevenueAdmissionTest.test_missing_scope_and_conflicting_original_dates_are_not_complete_revenue) ... ok
company-current	Historical dispatch and saved result states	2026-10-10T11:27:44.3860340Z test_prior_period_comparisons_stay_for_the_shared_comparability_guard (tests.vnext.test_historical_statement_cases.HistoricalPairedRevenueAdmissionTest.test_prior_period_comparisons_stay_for_the_shared_comparability_guard) ... ok
company-current	Historical dispatch and saved result states	2026-10-10T11:27:44.4207302Z test_stopped_single_line_does_not_gain_new_scope_while_explicit_total_keeps_working (tests.vnext.test_historical_statement_cases.HistoricalPairedRevenueAdmissionTest.test_stopped_single_line_does_not_gain_new_scope_while_explicit_total_keeps_working) ... ok
company-current	Historical dispatch and saved result states	2026-10-10T11:27:44.4383749Z test_total_admission_keeps_original_claim_id_and_never_retags_its_locator (tests.vnext.test_historical_statement_cases.HistoricalPairedRevenueAdmissionTest.test_total_admission_keeps_original_claim_id_and_never_retags_its_locator) ... ok
company-current	Historical dispatch and saved result states	2026-10-10T11:27:44.5443357Z test_wrong_unit_entity_accession_or_amount_cannot_supply_the_original_total (tests.vnext.test_historical_statement_cases.HistoricalPairedRevenueAdmissionTest.test_wrong_unit_entity_accession_or_amount_cannot_supply_the_original_total) ... ok
company-current	Historical dispatch and saved result states	2026-10-10T11:27:44.5490487Z test_both_original_scopes_reach_the_one_graph_and_daily_summary_is_bounded (tests.vnext.test_historical_statement_cases.HistoricalPairedRevenueCaseTest.test_both_original_scopes_reach_the_one_graph_and_daily_summary_is_bounded) ... ok
company-current	Historical dispatch and saved result states	2026-10-10T11:27:44.5539512Z test_graph_cannot_select_an_operand_outside_the_admitted_original_claims (tests.vnext.test_historical_statement_cases.HistoricalPairedRevenueCaseTest.test_graph_cannot_select_an_operand_outside_the_admitted_original_claims) ... ok
company-current	Historical dispatch and saved result states	2026-10-10T11:27:44.5641099Z test_one_unproved_role_withholds_whole_growth_before_graph (tests.vnext.test_historical_statement_cases.HistoricalPairedRevenueCaseTest.test_one_unproved_role_withholds_whole_growth_before_graph) ... ok
company-current	Historical dispatch and saved result states	2026-10-10T11:27:44.5644228Z test_continuous_company_keeps_original_registry_object (tests.vnext.test_historical_statement_cases.HistoricalPeriodSubjectTest.test_continuous_company_keeps_original_registry_object) ... ok
company-current	Historical dispatch and saved result states	2026-10-10T11:27:44.5646392Z test_mismatched_reporter_successor_or_cross_entity_does_not_get_override (tests.vnext.test_historical_statement_cases.HistoricalPeriodSubjectTest.test_mismatched_reporter_successor_or_cross_entity_does_not_get_override) ... ok
company-current	Historical dispatch and saved result states	2026-10-10T11:27:44.5648526Z test_predecessor_context_uses_its_own_cik_without_mutating_registry (tests.vnext.test_historical_statement_cases.HistoricalPeriodSubjectTest.test_predecessor_context_uses_its_own_cik_without_mutating_registry) ... ok
company-current	Historical dispatch and saved result states	2026-10-10T11:27:44.5650490Z test_successor_context_keeps_its_existing_noncomparability (tests.vnext.test_historical_statement_cases.HistoricalPeriodSubjectTest.test_successor_context_keeps_its_existing_noncomparability) ... ok
company-current	Historical dispatch and saved result states	2026-10-10T11:27:44.5853775Z test_display_is_bounded_while_complete_scope_evidence_is_retained (tests.vnext.test_historical_statement_cases.HistoricalRevenueScopeConsumerTest.test_display_is_bounded_while_complete_scope_evidence_is_retained) ... ok
company-current	Historical dispatch and saved result states	2026-10-10T11:27:44.5874352Z test_literal_original_and_resolved_period_must_have_same_dates (tests.vnext.test_historical_statement_cases.HistoricalRevenueScopeConsumerTest.test_literal_original_and_resolved_period_must_have_same_dates) ... ok
company-current	Historical dispatch and saved result states	2026-10-10T11:27:44.6039519Z test_no_reported_total_retains_the_existing_component_scope_path (tests.vnext.test_historical_statement_cases.HistoricalRevenueScopeConsumerTest.test_no_reported_total_retains_the_existing_component_scope_path) ... ok
company-current	Historical dispatch and saved result states	2026-10-10T11:27:44.6043111Z test_processing_configuration_includes_shared_scope_dependency (tests.vnext.test_historical_statement_cases.HistoricalRevenueScopeConsumerTest.test_processing_configuration_includes_shared_scope_dependency) ... ok
company-current	Historical dispatch and saved result states	2026-10-10T11:27:44.6686531Z test_reported_late_date_and_cost_group_qualifiers_are_not_hidden (tests.vnext.test_historical_statement_cases.HistoricalRevenueScopeConsumerTest.test_reported_late_date_and_cost_group_qualifiers_are_not_hidden) ... ok
company-current	Historical dispatch and saved result states	2026-10-10T11:27:44.7033052Z test_reported_navigation_keeps_source_spans_without_accepting_subject_restrictions (tests.vnext.test_historical_statement_cases.HistoricalRevenueScopeConsumerTest.test_reported_navigation_keeps_source_spans_without_accepting_subject_restrictions) ... ok
company-current	Historical dispatch and saved result states	2026-10-10T11:27:44.7054830Z test_reported_total_conflict_cannot_fall_back_to_the_old_component (tests.vnext.test_historical_statement_cases.HistoricalRevenueScopeConsumerTest.test_reported_total_conflict_cannot_fall_back_to_the_old_component) ... ok
company-current	Historical dispatch and saved result states	2026-10-10T11:27:44.7256860Z test_reported_total_is_admitted_before_actual_calculator (tests.vnext.test_historical_statement_cases.HistoricalRevenueScopeConsumerTest.test_reported_total_is_admitted_before_actual_calculator) ... ok
company-current	Historical dispatch and saved result states	2026-10-10T11:27:44.7443748Z test_source_bound_resolved_label_reaches_the_shared_reader_without_raw_year_rewrite (tests.vnext.test_historical_statement_cases.HistoricalRevenueScopeConsumerTest.test_source_bound_resolved_label_reaches_the_shared_reader_without_raw_year_rewrite) ... ok
company-current	Historical dispatch and saved result states	2026-10-10T11:27:44.7643517Z test_total_cannot_be_borrowed_from_a_later_filing (tests.vnext.test_historical_statement_cases.HistoricalRevenueScopeConsumerTest.test_total_cannot_be_borrowed_from_a_later_filing) ... ok
company-current	Historical dispatch and saved result states	2026-10-10T11:27:44.7653929Z test_amended_target_and_successor_require_explicit_adaptation (tests.vnext.test_historical_statement_cases.HistoricalStatementScopeTest.test_amended_target_and_successor_require_explicit_adaptation) ... ok
company-current	Historical dispatch and saved result states	2026-10-10T11:27:44.7800855Z test_companyfacts_amount_must_match_the_selected_original (tests.vnext.test_historical_statement_cases.HistoricalStatementScopeTest.test_companyfacts_amount_must_match_the_selected_original) ... ok
company-current	Historical dispatch and saved result states	2026-10-10T11:27:44.7803548Z test_other_metric_does_not_select_sources (tests.vnext.test_historical_statement_cases.HistoricalStatementScopeTest.test_other_metric_does_not_select_sources) ... ok
company-current	Historical dispatch and saved result states	2026-10-10T11:27:44.7933096Z test_applicable_company_does_not_skip_its_source_requirements (tests.vnext.test_historical_statement_cases.HistoricalStructuralApplicabilityTest.test_applicable_company_does_not_skip_its_source_requirements) ... ok
company-current	Historical dispatch and saved result states	2026-10-10T11:27:44.8068102Z test_bank_trait_is_na_before_any_amount_selection (tests.vnext.test_historical_statement_cases.HistoricalStructuralApplicabilityTest.test_bank_trait_is_na_before_any_amount_selection) ... ok
company-current	Historical dispatch and saved result states	2026-10-10T11:27:44.8078673Z test_noncontinuous_rule_cannot_be_replaced_by_current_instant_permission (tests.vnext.test_historical_statement_cases.HistoricalSuccessorComparabilityTest.test_noncontinuous_rule_cannot_be_replaced_by_current_instant_permission) ... ok
company-current	Historical dispatch and saved result states	2026-10-10T11:27:44.8083703Z test_revenue_still_requires_statement_scope (tests.vnext.test_historical_statement_cases.HistoricalSuccessorComparabilityTest.test_revenue_still_requires_statement_scope) ... ok
company-current	Historical dispatch and saved result states	2026-10-10T11:27:44.8137001Z test_wrong_subject_or_cross_entity_cannot_use_the_metadata_guard (tests.vnext.test_historical_statement_cases.HistoricalSuccessorComparabilityTest.test_wrong_subject_or_cross_entity_cannot_use_the_metadata_guard) ... ok
company-current	Historical dispatch and saved result states	2026-10-10T11:27:44.8138625Z 
company-current	Historical dispatch and saved result states	2026-10-10T11:27:44.8138977Z ----------------------------------------------------------------------
company-current	Historical dispatch and saved result states	2026-10-10T11:27:44.8140250Z Ran 106 tests in 1.209s
company-current	Historical dispatch and saved result states	2026-10-10T11:27:44.8140556Z 
company-current	Historical dispatch and saved result states	2026-10-10T11:27:44.8140724Z OK
company-current	Paired reported comparisons and exact revenue defect	﻿2026-10-10T11:27:44.8752759Z ##[group]Run python3 tests/required_unittests.py tests.vnext.test_paired_measure_contradiction
company-current	Paired reported comparisons and exact revenue defect	2026-10-10T11:27:44.8753470Z ^[[36;1mpython3 tests/required_unittests.py tests.vnext.test_paired_measure_contradiction^[[0m
company-current	Paired reported comparisons and exact revenue defect	2026-10-10T11:27:44.8816642Z shell: /usr/bin/bash -e {0}
company-current	Paired reported comparisons and exact revenue defect	2026-10-10T11:27:44.8816894Z env:
company-current	Paired reported comparisons and exact revenue defect	2026-10-10T11:27:44.8817157Z   pythonLocation: /opt/hostedtoolcache/Python/3.14.8/x64
company-current	Paired reported comparisons and exact revenue defect	2026-10-10T11:27:44.8817597Z   PKG_CONFIG_PATH: /opt/hostedtoolcache/Python/3.14.8/x64/lib/pkgconfig
company-current	Paired reported comparisons and exact revenue defect	2026-10-10T11:27:44.8818026Z   Python_ROOT_DIR: /opt/hostedtoolcache/Python/3.14.8/x64
company-current	Paired reported comparisons and exact revenue defect	2026-10-10T11:27:44.8818405Z   Python2_ROOT_DIR: /opt/hostedtoolcache/Python/3.14.8/x64
company-current	Paired reported comparisons and exact revenue defect	2026-10-10T11:27:44.8818772Z   Python3_ROOT_DIR: /opt/hostedtoolcache/Python/3.14.8/x64
company-current	Paired reported comparisons and exact revenue defect	2026-10-10T11:27:44.8819139Z   LD_LIBRARY_PATH: /opt/hostedtoolcache/Python/3.14.8/x64/lib
company-current	Paired reported comparisons and exact revenue defect	2026-10-10T11:27:44.8819483Z   PYTHONDONTWRITEBYTECODE: 1
company-current	Paired reported comparisons and exact revenue defect	2026-10-10T11:27:44.8819721Z ##[endgroup]
company-current	Paired reported comparisons and exact revenue defect	2026-10-10T11:27:46.0207726Z test_default_register_holds_exact_subtotal_result_only (tests.vnext.test_paired_measure_contradiction.DefaultRevenueScopeDefectTest.test_default_register_holds_exact_subtotal_result_only) ... ok
company-current	Paired reported comparisons and exact revenue defect	2026-10-10T11:27:46.0210732Z test_conflicting_comparisons_cannot_choose_the_matching_one (tests.vnext.test_paired_measure_contradiction.PairedReportedComparisonTest.test_conflicting_comparisons_cannot_choose_the_matching_one) ... ok
company-current	Paired reported comparisons and exact revenue defect	2026-10-10T11:27:46.0215263Z {"allowed_skips": 0, "errors": 0, "failures": 0, "run": 6, "skip_reasons": [], "skipped": 0, "tests": ["tests.vnext.test_paired_measure_contradiction"]}
company-current	Paired reported comparisons and exact revenue defect	2026-10-10T11:27:46.0217457Z test_other_period_unit_or_accession_is_not_a_prior_comparison (tests.vnext.test_paired_measure_contradiction.PairedReportedComparisonTest.test_other_period_unit_or_accession_is_not_a_prior_comparison) ... ok
company-current	Paired reported comparisons and exact revenue defect	2026-10-10T11:27:46.0237167Z test_same_label_matching_or_no_comparison_keeps_existing_behavior (tests.vnext.test_paired_measure_contradiction.PairedReportedComparisonTest.test_same_label_matching_or_no_comparison_keeps_existing_behavior) ... ok
company-current	Paired reported comparisons and exact revenue defect	2026-10-10T11:27:46.0257307Z test_same_label_prior_comparison_difference_is_not_accepted (tests.vnext.test_paired_measure_contradiction.PairedReportedComparisonTest.test_same_label_prior_comparison_difference_is_not_accepted) ... ok
company-current	Paired reported comparisons and exact revenue defect	2026-10-10T11:27:46.0259927Z test_supported_label_change_requires_the_original_prior_value (tests.vnext.test_paired_measure_contradiction.PairedReportedComparisonTest.test_supported_label_change_requires_the_original_prior_value) ... ok
company-current	Paired reported comparisons and exact revenue defect	2026-10-10T11:27:46.0260822Z 
company-current	Paired reported comparisons and exact revenue defect	2026-10-10T11:27:46.0260997Z ----------------------------------------------------------------------
company-current	Paired reported comparisons and exact revenue defect	2026-10-10T11:27:46.0261371Z Ran 6 tests in 1.017s
company-current	Paired reported comparisons and exact revenue defect	2026-10-10T11:27:46.0261515Z 
company-current	Paired reported comparisons and exact revenue defect	2026-10-10T11:27:46.0261604Z OK
company-current	Explicit single revenue source and unchanged period defaults	﻿2026-10-10T11:27:46.0592965Z ##[group]Run python3 tests/required_unittests.py tests.vnext.test_single_revenue_line tests.vnext.test_selected_reported_revenue_v2 tests.vnext.test_financial_duration tests.vnext.test_selected_income_source_v1
company-current	Explicit single revenue source and unchanged period defaults	2026-10-10T11:27:46.0594465Z ^[[36;1mpython3 tests/required_unittests.py tests.vnext.test_single_revenue_line tests.vnext.test_selected_reported_revenue_v2 tests.vnext.test_financial_duration tests.vnext.test_selected_income_source_v1^[[0m
company-current	Explicit single revenue source and unchanged period defaults	2026-10-10T11:27:46.0658602Z shell: /usr/bin/bash -e {0}
company-current	Explicit single revenue source and unchanged period defaults	2026-10-10T11:27:46.0658868Z env:
company-current	Explicit single revenue source and unchanged period defaults	2026-10-10T11:27:46.0659145Z   pythonLocation: /opt/hostedtoolcache/Python/3.14.8/x64
company-current	Explicit single revenue source and unchanged period defaults	2026-10-10T11:27:46.0659593Z   PKG_CONFIG_PATH: /opt/hostedtoolcache/Python/3.14.8/x64/lib/pkgconfig
company-current	Explicit single revenue source and unchanged period defaults	2026-10-10T11:27:46.0660023Z   Python_ROOT_DIR: /opt/hostedtoolcache/Python/3.14.8/x64
company-current	Explicit single revenue source and unchanged period defaults	2026-10-10T11:27:46.0660404Z   Python2_ROOT_DIR: /opt/hostedtoolcache/Python/3.14.8/x64
company-current	Explicit single revenue source and unchanged period defaults	2026-10-10T11:27:46.0660788Z   Python3_ROOT_DIR: /opt/hostedtoolcache/Python/3.14.8/x64
company-current	Explicit single revenue source and unchanged period defaults	2026-10-10T11:27:46.0661171Z   LD_LIBRARY_PATH: /opt/hostedtoolcache/Python/3.14.8/x64/lib
company-current	Explicit single revenue source and unchanged period defaults	2026-10-10T11:27:46.0661560Z   PYTHONDONTWRITEBYTECODE: 1
company-current	Explicit single revenue source and unchanged period defaults	2026-10-10T11:27:46.0661973Z ##[endgroup]
company-current	Explicit single revenue source and unchanged period defaults	2026-10-10T11:27:47.5367832Z test_actual_current_consumers_bind_fixed_fiscal_assertion_only_when_used (tests.vnext.test_single_revenue_line.SingleRevenueLineTest.test_actual_current_consumers_bind_fixed_fiscal_assertion_only_when_used) ... ok
company-current	Explicit single revenue source and unchanged period defaults	2026-10-10T11:27:47.6329175Z test_common_share_unit_header_and_split_currency_use_spanned_year (tests.vnext.test_single_revenue_line.SingleRevenueLineTest.test_common_share_unit_header_and_split_currency_use_spanned_year) ... ok
company-current	Explicit single revenue source and unchanged period defaults	2026-10-10T11:27:47.6416751Z test_component_rows_cannot_be_relabelled_as_single_revenue (tests.vnext.test_single_revenue_line.SingleRevenueLineTest.test_component_rows_cannot_be_relabelled_as_single_revenue) ... ok
company-current	Explicit single revenue source and unchanged period defaults	2026-10-10T11:27:47.6817695Z test_existing_entity_period_unit_scope_and_xml_checks_still_apply (tests.vnext.test_single_revenue_line.SingleRevenueLineTest.test_existing_entity_period_unit_scope_and_xml_checks_still_apply) ... ok
company-current	Explicit single revenue source and unchanged period defaults	2026-10-10T11:27:47.6982143Z test_explicit_single_line_keeps_original_fact_and_default_contract (tests.vnext.test_single_revenue_line.SingleRevenueLineTest.test_explicit_single_line_keeps_original_fact_and_default_contract) ... ok
company-current	Explicit single revenue source and unchanged period defaults	2026-10-10T11:27:47.7254808Z test_legitimate_repeated_header_and_currency_symbol_keep_the_single_amount (tests.vnext.test_single_revenue_line.SingleRevenueLineTest.test_legitimate_repeated_header_and_currency_symbol_keep_the_single_amount) ... ok
company-current	Explicit single revenue source and unchanged period defaults	2026-10-10T11:27:47.7477637Z test_no_statement_title_no_cost_or_no_income_does_not_prove_total (tests.vnext.test_single_revenue_line.SingleRevenueLineTest.test_no_statement_title_no_cost_or_no_income_does_not_prove_total) ... ok
company-current	Explicit single revenue source and unchanged period defaults	2026-10-10T11:27:47.7551655Z test_only_explicit_boolean_option_and_exact_plain_label (tests.vnext.test_single_revenue_line.SingleRevenueLineTest.test_only_explicit_boolean_option_and_exact_plain_label) ... ok
company-current	Explicit single revenue source and unchanged period defaults	2026-10-10T11:27:47.7865185Z test_remaining_tagged_and_untagged_revenue_parts_are_not_sole_line (tests.vnext.test_single_revenue_line.SingleRevenueLineTest.test_remaining_tagged_and_untagged_revenue_parts_are_not_sole_line) ... ok
company-current	Explicit single revenue source and unchanged period defaults	2026-10-10T11:27:47.8119849Z test_repeated_year_header_does_not_hide_an_earlier_amount (tests.vnext.test_single_revenue_line.SingleRevenueLineTest.test_repeated_year_header_does_not_hide_an_earlier_amount) ... ok
company-current	Explicit single revenue source and unchanged period defaults	2026-10-10T11:27:47.8354661Z test_selected_cell_extra_untagged_amount_cannot_hide_behind_xml_match (tests.vnext.test_single_revenue_line.SingleRevenueLineTest.test_selected_cell_extra_untagged_amount_cannot_hide_behind_xml_match) ... ok
company-current	Explicit single revenue source and unchanged period defaults	2026-10-10T11:27:47.8529837Z test_selected_fact_ordinal_is_not_a_python_list_offset (tests.vnext.test_single_revenue_line.SingleRevenueLineTest.test_selected_fact_ordinal_is_not_a_python_list_offset) ... ok
company-current	Explicit single revenue source and unchanged period defaults	2026-10-10T11:27:47.8684322Z test_explicit_total_admits_existing_fact_without_calculating_component_sum (tests.vnext.test_selected_reported_revenue_v2.SelectedReportedRevenueTest.test_explicit_total_admits_existing_fact_without_calculating_component_sum) ... ok
company-current	Explicit single revenue source and unchanged period defaults	2026-10-10T11:27:47.8972410Z test_fiscal_year_column_matches_full_selected_native_period_not_calendar_year (tests.vnext.test_selected_reported_revenue_v2.SelectedReportedRevenueTest.test_fiscal_year_column_matches_full_selected_native_period_not_calendar_year) ... ok
company-current	Explicit single revenue source and unchanged period defaults	2026-10-10T11:27:47.9155449Z test_later_year_header_cannot_hide_an_earlier_associated_full_date (tests.vnext.test_selected_reported_revenue_v2.SelectedReportedRevenueTest.test_later_year_header_cannot_hide_an_earlier_associated_full_date) ... ok
company-current	Explicit single revenue source and unchanged period defaults	2026-10-10T11:27:47.9584555Z test_limited_scope_wrong_scale_and_xml_disagreement_remain_errors (tests.vnext.test_selected_reported_revenue_v2.SelectedReportedRevenueTest.test_limited_scope_wrong_scale_and_xml_disagreement_remain_errors) ... ok
company-current	Explicit single revenue source and unchanged period defaults	2026-10-10T11:27:47.9759815Z test_note_total_or_wrong_companyfacts_filing_does_not_supply_company_total (tests.vnext.test_selected_reported_revenue_v2.SelectedReportedRevenueTest.test_note_total_or_wrong_companyfacts_filing_does_not_supply_company_total) ... ok
company-current	Explicit single revenue source and unchanged period defaults	2026-10-10T11:27:48.0621581Z test_resolved_label_keeps_raw_year_and_cannot_borrow_another_source (tests.vnext.test_selected_reported_revenue_v2.SelectedReportedRevenueTest.test_resolved_label_keeps_raw_year_and_cannot_borrow_another_source) ... ok
company-current	Explicit single revenue source and unchanged period defaults	2026-10-10T11:27:48.1035041Z test_separate_heading_table_is_bound_and_not_borrowed_from_other_statement (tests.vnext.test_selected_reported_revenue_v2.SelectedReportedRevenueTest.test_separate_heading_table_is_bound_and_not_borrowed_from_other_statement) ... ok
company-current	Explicit single revenue source and unchanged period defaults	2026-10-10T11:27:48.1378647Z test_visible_end_day_and_complete_date_agree_before_full_scope_credit (tests.vnext.test_selected_reported_revenue_v2.SelectedReportedRevenueTest.test_visible_end_day_and_complete_date_agree_before_full_scope_credit) ... ok
company-current	Explicit single revenue source and unchanged period defaults	2026-10-10T11:27:58.1118052Z test_actual_quarter_header_and_full_column_date_define_the_lcr_interval (tests.vnext.test_financial_duration.FinancialDurationTest.test_actual_quarter_header_and_full_column_date_define_the_lcr_interval) ... ok
company-current	Explicit single revenue source and unchanged period defaults	2026-10-10T11:27:58.1625816Z test_changed_duration_is_recomputed_with_new_source_hash (tests.vnext.test_financial_duration.FinancialDurationTest.test_changed_duration_is_recomputed_with_new_source_hash) ... ok
company-current	Explicit single revenue source and unchanged period defaults	2026-10-10T11:27:58.1643094Z test_duplicate_and_conflicting_footnotes_do_not_choose_a_convenient_period (tests.vnext.test_financial_duration.FinancialDurationTest.test_duplicate_and_conflicting_footnotes_do_not_choose_a_convenient_period) ... ok
company-current	Explicit single revenue source and unchanged period defaults	2026-10-10T11:27:58.2295363Z test_merged_interior_coordinate_and_nonnumeric_cell_are_not_selection_proof (tests.vnext.test_financial_duration.FinancialDurationTest.test_merged_interior_coordinate_and_nonnumeric_cell_are_not_selection_proof) ... ok
company-current	Explicit single revenue source and unchanged period defaults	2026-10-10T11:27:58.2797612Z test_missing_or_unlinked_footnote_never_falls_back_to_filing_year (tests.vnext.test_financial_duration.FinancialDurationTest.test_missing_or_unlinked_footnote_never_falls_back_to_filing_year) ... ok
company-current	Explicit single revenue source and unchanged period defaults	2026-10-10T11:27:58.2814857Z test_non_month_end_sources_need_explicit_dates_not_calendar_inference (tests.vnext.test_financial_duration.FinancialDurationTest.test_non_month_end_sources_need_explicit_dates_not_calendar_inference) ... ok
company-current	Explicit single revenue source and unchanged period defaults	2026-10-10T11:27:58.2824273Z test_noncalendar_annual_header_and_bad_claim_dates (tests.vnext.test_financial_duration.FinancialDurationTest.test_noncalendar_annual_header_and_bad_claim_dates) ... ok
company-current	Explicit single revenue source and unchanged period defaults	2026-10-10T11:28:02.7034041Z test_original_date_and_average_do_not_invent_a_quarter (tests.vnext.test_financial_duration.FinancialDurationTest.test_original_date_and_average_do_not_invent_a_quarter) ... ok
company-current	Explicit single revenue source and unchanged period defaults	2026-10-10T11:28:06.7130409Z test_original_explicit_annual_header_completes_without_recipe (tests.vnext.test_financial_duration.FinancialDurationTest.test_original_explicit_annual_header_completes_without_recipe) ... ok
company-current	Explicit single revenue source and unchanged period defaults	2026-10-10T11:28:10.7866023Z test_original_quarter_is_positive_and_annual_claim_is_rejected (tests.vnext.test_financial_duration.FinancialDurationTest.test_original_quarter_is_positive_and_annual_claim_is_rejected) ... ok
company-current	Explicit single revenue source and unchanged period defaults	2026-10-10T11:28:10.7883153Z test_point_in_time_row_or_linked_note_does_not_inherit_annual_duration (tests.vnext.test_financial_duration.FinancialDurationTest.test_point_in_time_row_or_linked_note_does_not_inherit_annual_duration) ... ok
company-current	Explicit single revenue source and unchanged period defaults	2026-10-10T11:28:10.8859686Z test_prior_year_header_requires_the_prior_year_measurement_interval (tests.vnext.test_financial_duration.FinancialDurationTest.test_prior_year_header_requires_the_prior_year_measurement_interval) ... ok
company-current	Explicit single revenue source and unchanged period defaults	2026-10-10T11:28:10.8867082Z test_quarter_header_cannot_be_overridden_by_a_second_annual_header (tests.vnext.test_financial_duration.FinancialDurationTest.test_quarter_header_cannot_be_overridden_by_a_second_annual_header) ... ok
company-current	Explicit single revenue source and unchanged period defaults	2026-10-10T11:28:11.0325278Z test_source_and_receipt_tampering_are_rejected_independently (tests.vnext.test_financial_duration.FinancialDurationTest.test_source_and_receipt_tampering_are_rejected_independently) ... ok
company-current	Explicit single revenue source and unchanged period defaults	2026-10-10T11:28:11.0373857Z test_source_month_end_intervals_cover_quarter_half_year_and_leap_boundaries (tests.vnext.test_financial_duration.FinancialDurationTest.test_source_month_end_intervals_cover_quarter_half_year_and_leap_boundaries) ... ok
company-current	Explicit single revenue source and unchanged period defaults	2026-10-10T11:28:11.1340637Z test_subject_and_unit_changes_do_not_keep_prior_acceptance (tests.vnext.test_financial_duration.FinancialDurationTest.test_subject_and_unit_changes_do_not_keep_prior_acceptance) ... ok
company-current	Explicit single revenue source and unchanged period defaults	2026-10-10T11:28:11.1363873Z test_unrelated_table_footnote_and_unknown_duration_stay_unresolved (tests.vnext.test_financial_duration.FinancialDurationTest.test_unrelated_table_footnote_and_unknown_duration_stay_unresolved) ... ok
company-current	Explicit single revenue source and unchanged period defaults	2026-10-10T11:28:11.1406677Z test_explicit_period_reader_inspects_exact_bytes_and_must_match_target (tests.vnext.test_selected_income_source_v1.SelectedIncomeSourceTest.test_explicit_period_reader_inspects_exact_bytes_and_must_match_target) ... ok
company-current	Explicit single revenue source and unchanged period defaults	2026-10-10T11:28:11.1460215Z test_non_usd_and_fake_namespace_rejected (tests.vnext.test_selected_income_source_v1.SelectedIncomeSourceTest.test_non_usd_and_fake_namespace_rejected) ... ok
company-current	Explicit single revenue source and unchanged period defaults	2026-10-10T11:28:11.1515035Z test_release_date_requires_explicit_policy_and_old_default_unchanged (tests.vnext.test_selected_income_source_v1.SelectedIncomeSourceTest.test_release_date_requires_explicit_policy_and_old_default_unchanged) ... ok
company-current	Explicit single revenue source and unchanged period defaults	2026-10-10T11:28:11.1992100Z test_selected_original_default_matches_retained_reader_without_current_preparation (tests.vnext.test_selected_income_source_v1.SelectedIncomeSourceTest.test_selected_original_default_matches_retained_reader_without_current_preparation) ... ok
company-current	Explicit single revenue source and unchanged period defaults	2026-10-10T11:28:11.2082171Z test_short_visible_period_conflict_and_missing_header_remain_explicit (tests.vnext.test_selected_income_source_v1.SelectedIncomeSourceTest.test_short_visible_period_conflict_and_missing_header_remain_explicit) ... ok
company-current	Explicit single revenue source and unchanged period defaults	2026-10-10T11:28:11.2085300Z test_source_byte_company_and_accession_binding_rejected (tests.vnext.test_selected_income_source_v1.SelectedIncomeSourceTest.test_source_byte_company_and_accession_binding_rejected) ... ok
company-current	Explicit single revenue source and unchanged period defaults	2026-10-10T11:28:11.2112331Z test_wrong_annual_period_and_dei_subject_rejected (tests.vnext.test_selected_income_source_v1.SelectedIncomeSourceTest.test_wrong_annual_period_and_dei_subject_rejected) ... ok
company-current	Explicit single revenue source and unchanged period defaults	2026-10-10T11:28:11.2113601Z 
company-current	Explicit single revenue source and unchanged period defaults	2026-10-10T11:28:11.2113826Z ----------------------------------------------------------------------
company-current	Explicit single revenue source and unchanged period defaults	2026-10-10T11:28:11.2114376Z Ran 44 tests in 24.307s
company-current	Explicit single revenue source and unchanged period defaults	2026-10-10T11:28:11.2114622Z 
company-current	Explicit single revenue source and unchanged period defaults	2026-10-10T11:28:11.2114758Z OK
company-current	Explicit single revenue source and unchanged period defaults	2026-10-10T11:28:11.2116802Z {"allowed_skips": 0, "errors": 0, "failures": 0, "run": 44, "skip_reasons": [], "skipped": 0, "tests": ["tests.vnext.test_single_revenue_line", "tests.vnext.test_selected_reported_revenue_v2", "tests.vnext.test_financial_duration", "tests.vnext.test_selected_income_source_v1"]}
company-current	Complete D04 company model input gates	﻿2026-10-10T11:28:11.2588059Z ##[group]Run python3 tests/required_unittests.py tests.vnext.test_current_d04_company
company-current	Complete D04 company model input gates	2026-10-10T11:28:11.2588708Z ^[[36;1mpython3 tests/required_unittests.py tests.vnext.test_current_d04_company^[[0m
company-current	Complete D04 company model input gates	2026-10-10T11:28:11.2650904Z shell: /usr/bin/bash -e {0}
company-current	Complete D04 company model input gates	2026-10-10T11:28:11.2651192Z env:
company-current	Complete D04 company model input gates	2026-10-10T11:28:11.2651475Z   pythonLocation: /opt/hostedtoolcache/Python/3.14.8/x64
company-current	Complete D04 company model input gates	2026-10-10T11:28:11.2651968Z   PKG_CONFIG_PATH: /opt/hostedtoolcache/Python/3.14.8/x64/lib/pkgconfig
company-current	Complete D04 company model input gates	2026-10-10T11:28:11.2652428Z   Python_ROOT_DIR: /opt/hostedtoolcache/Python/3.14.8/x64
company-current	Complete D04 company model input gates	2026-10-10T11:28:11.2652841Z   Python2_ROOT_DIR: /opt/hostedtoolcache/Python/3.14.8/x64
company-current	Complete D04 company model input gates	2026-10-10T11:28:11.2653250Z   Python3_ROOT_DIR: /opt/hostedtoolcache/Python/3.14.8/x64
company-current	Complete D04 company model input gates	2026-10-10T11:28:11.2653666Z   LD_LIBRARY_PATH: /opt/hostedtoolcache/Python/3.14.8/x64/lib
company-current	Complete D04 company model input gates	2026-10-10T11:28:11.2654022Z ##[endgroup]
company-current	Complete D04 company model input gates	2026-10-10T11:28:12.6008951Z test_complete_nonempty_findings_are_allowed_without_inventing_doubt (tests.vnext.test_current_d04_company.CurrentD04CompanyGateTest.test_complete_nonempty_findings_are_allowed_without_inventing_doubt) ... ok
company-current	Complete D04 company model input gates	2026-10-10T11:28:12.6012362Z test_missing_failed_and_conflicting_groups_are_rejected (tests.vnext.test_current_d04_company.CurrentD04CompanyGateTest.test_missing_failed_and_conflicting_groups_are_rejected) ... ok
company-current	Complete D04 company model input gates	2026-10-10T11:28:12.6015144Z test_missing_group_cannot_be_complete_even_with_a_stale_true_flag (tests.vnext.test_current_d04_company.CurrentD04CompanyGateTest.test_missing_group_cannot_be_complete_even_with_a_stale_true_flag) ... ok
company-current	Complete D04 company model input gates	2026-10-10T11:28:12.6017812Z test_unresolved_or_failed_evidence_is_never_company_credit (tests.vnext.test_current_d04_company.CurrentD04CompanyGateTest.test_unresolved_or_failed_evidence_is_never_company_credit) ... ok
company-current	Complete D04 company model input gates	2026-10-10T11:28:12.8790899Z test_source_or_interpretation_change_rechecks_once_then_reuses (tests.vnext.test_current_d04_company.CurrentD04DependencyUpdateTest.test_source_or_interpretation_change_rechecks_once_then_reuses) ... ok
company-current	Complete D04 company model input gates	2026-10-10T11:28:12.8792349Z 
company-current	Complete D04 company model input gates	2026-10-10T11:28:12.8792661Z ----------------------------------------------------------------------
company-current	Complete D04 company model input gates	2026-10-10T11:28:12.8793190Z Ran 5 tests in 0.278s
company-current	Complete D04 company model input gates	2026-10-10T11:28:12.8793409Z 
company-current	Complete D04 company model input gates	2026-10-10T11:28:12.8793528Z OK
company-current	Complete D04 company model input gates	2026-10-10T11:28:12.8794320Z {"allowed_skips": 0, "errors": 0, "failures": 0, "run": 5, "skip_reasons": [], "skipped": 0, "tests": ["tests.vnext.test_current_d04_company"]}
company-current	Selected event sources and explicit history validation	﻿2026-10-10T11:28:12.9393623Z ##[group]Run python3 tests/required_unittests.py tests.vnext.test_selected_event_source_v1 tests.vnext.test_registered_event_projection tests.vnext.test_explicit_e01_company tests.vnext.test_historical_e01_company_case tests.vnext.test_historical_e01_incorporated_input tests.vnext.test_historical_ma_confirmation
company-current	Selected event sources and explicit history validation	2026-10-10T11:28:12.9396020Z ^[[36;1mpython3 tests/required_unittests.py tests.vnext.test_selected_event_source_v1 tests.vnext.test_registered_event_projection tests.vnext.test_explicit_e01_company tests.vnext.test_historical_e01_company_case tests.vnext.test_historical_e01_incorporated_input tests.vnext.test_historical_ma_confirmation^[[0m
company-current	Selected event sources and explicit history validation	2026-10-10T11:28:12.9458125Z shell: /usr/bin/bash -e {0}
company-current	Selected event sources and explicit history validation	2026-10-10T11:28:12.9458384Z env:
company-current	Selected event sources and explicit history validation	2026-10-10T11:28:12.9458654Z   pythonLocation: /opt/hostedtoolcache/Python/3.14.8/x64
company-current	Selected event sources and explicit history validation	2026-10-10T11:28:12.9459098Z   PKG_CONFIG_PATH: /opt/hostedtoolcache/Python/3.14.8/x64/lib/pkgconfig
company-current	Selected event sources and explicit history validation	2026-10-10T11:28:12.9459533Z   Python_ROOT_DIR: /opt/hostedtoolcache/Python/3.14.8/x64
company-current	Selected event sources and explicit history validation	2026-10-10T11:28:12.9459955Z   Python2_ROOT_DIR: /opt/hostedtoolcache/Python/3.14.8/x64
company-current	Selected event sources and explicit history validation	2026-10-10T11:28:12.9460331Z   Python3_ROOT_DIR: /opt/hostedtoolcache/Python/3.14.8/x64
company-current	Selected event sources and explicit history validation	2026-10-10T11:28:12.9460711Z   LD_LIBRARY_PATH: /opt/hostedtoolcache/Python/3.14.8/x64/lib
company-current	Selected event sources and explicit history validation	2026-10-10T11:28:12.9461052Z   PYTHONDONTWRITEBYTECODE: 1
company-current	Selected event sources and explicit history validation	2026-10-10T11:28:12.9461291Z ##[endgroup]
company-current	Selected event sources and explicit history validation	2026-10-10T11:28:13.5704203Z test_explicit_history_check_receives_full_body_and_conflict_is_not_empty_success (tests.vnext.test_selected_event_source_v1.SelectedEventSourceTest.test_explicit_history_check_receives_full_body_and_conflict_is_not_empty_success) ... ok
company-current	Selected event sources and explicit history validation	2026-10-10T11:28:13.6059431Z test_gap_day_block_is_selected_and_validated_using_same_effective_last_day (tests.vnext.test_selected_event_source_v1.SelectedEventSourceTest.test_gap_day_block_is_selected_and_validated_using_same_effective_last_day) ... ok
company-current	Selected event sources and explicit history validation	2026-10-10T11:28:13.6192335Z test_missing_header_and_header_date_conflict_remain_failures (tests.vnext.test_selected_event_source_v1.SelectedEventSourceTest.test_missing_header_and_header_date_conflict_remain_failures) ... ok
company-current	Selected event sources and explicit history validation	2026-10-10T11:28:13.6469867Z test_registered_union_reads_both_issuers_and_rules_from_code_root (tests.vnext.test_selected_event_source_v1.SelectedEventSourceTest.test_registered_union_reads_both_issuers_and_rules_from_code_root) ... ok
company-current	Selected event sources and explicit history validation	2026-10-10T11:28:13.6832320Z test_repeated_legacy_gets_are_bound_but_latest_failure_is_visible (tests.vnext.test_selected_event_source_v1.SelectedEventSourceTest.test_repeated_legacy_gets_are_bound_but_latest_failure_is_visible) ... ok
company-current	Selected event sources and explicit history validation	2026-10-10T11:28:13.7060911Z test_same_blob_key_does_not_hide_a_conflicting_media_record (tests.vnext.test_selected_event_source_v1.SelectedEventSourceTest.test_same_blob_key_does_not_hide_a_conflicting_media_record) ... ok
company-current	Selected event sources and explicit history validation	2026-10-10T11:28:13.7220262Z test_source_only_nonempty_claims_keep_real_requests_and_no_results (tests.vnext.test_selected_event_source_v1.SelectedEventSourceTest.test_source_only_nonempty_claims_keep_real_requests_and_no_results) ... ok
company-current	Selected event sources and explicit history validation	2026-10-10T11:28:13.7241006Z test_wrong_registry_selected_entity_or_window_is_rejected (tests.vnext.test_selected_event_source_v1.SelectedEventSourceTest.test_wrong_registry_selected_entity_or_window_is_rejected) ... ok
company-current	Selected event sources and explicit history validation	2026-10-10T11:28:13.7264369Z test_approved_wide_window_retains_the_original_annual_period (tests.vnext.test_registered_event_projection.RegisteredEventProjectionTest.test_approved_wide_window_retains_the_original_annual_period) ... ok
company-current	Selected event sources and explicit history validation	2026-10-10T11:28:13.7283117Z test_arbitrary_wider_period_or_wrong_label_is_rejected (tests.vnext.test_registered_event_projection.RegisteredEventProjectionTest.test_arbitrary_wider_period_or_wrong_label_is_rejected) ... ok
company-current	Selected event sources and explicit history validation	2026-10-10T11:28:13.7286262Z test_financial_and_unreceived_e01_do_not_receive_wide_period_exception (tests.vnext.test_registered_event_projection.RegisteredEventProjectionTest.test_financial_and_unreceived_e01_do_not_receive_wide_period_exception) ... ok
company-current	Selected event sources and explicit history validation	2026-10-10T11:28:13.7330223Z test_missing_registrant_or_wrong_inventory_cannot_complete_union (tests.vnext.test_registered_event_projection.RegisteredEventProjectionTest.test_missing_registrant_or_wrong_inventory_cannot_complete_union) ... ok
company-current	Selected event sources and explicit history validation	2026-10-10T11:28:13.7361168Z test_wrong_registry_catalog_or_financial_combination_is_rejected (tests.vnext.test_registered_event_projection.RegisteredEventProjectionTest.test_wrong_registry_catalog_or_financial_combination_is_rejected) ... ok
company-current	Selected event sources and explicit history validation	2026-10-10T11:28:13.7406057Z test_old_contract_rejected_before_save (tests.vnext.test_explicit_e01_company.E01ContractUpdateTest.test_old_contract_rejected_before_save) ... ok
company-current	Selected event sources and explicit history validation	2026-10-10T11:28:13.7410892Z test_scope_marker_and_successor_note_do_not_change_old_projection (tests.vnext.test_explicit_e01_company.E01ContractUpdateTest.test_scope_marker_and_successor_note_do_not_change_old_projection) ... ok
company-current	Selected event sources and explicit history validation	2026-10-10T11:28:13.7478741Z test_default_e01_remains_closed (tests.vnext.test_explicit_e01_company.ExplicitE01CompanyTest.test_default_e01_remains_closed) ... ok
company-current	Selected event sources and explicit history validation	2026-10-10T11:28:13.7495161Z test_explicit_factory_without_year_cannot_start (tests.vnext.test_explicit_e01_company.ExplicitE01CompanyTest.test_explicit_factory_without_year_cannot_start) ... ok
company-current	Selected event sources and explicit history validation	2026-10-10T11:28:13.7611311Z test_old_item_code_result_still_has_no_current_scope (tests.vnext.test_explicit_e01_company.ExplicitE01CompanyTest.test_old_item_code_result_still_has_no_current_scope) ... ok
company-current	Selected event sources and explicit history validation	2026-10-10T11:28:13.7677253Z test_selected_per_metric_factory_reaches_existing_controller (tests.vnext.test_explicit_e01_company.ExplicitE01CompanyTest.test_selected_per_metric_factory_reaches_existing_controller) ... ok
company-current	Selected event sources and explicit history validation	2026-10-10T11:28:13.7776051Z test_successor_withheld_can_be_read_without_legacy_scope_credit (tests.vnext.test_explicit_e01_company.ExplicitE01CompanyTest.test_successor_withheld_can_be_read_without_legacy_scope_credit) ... ok
company-current	Selected event sources and explicit history validation	2026-10-10T11:28:13.7781022Z test_declared_dependencies_include_the_used_event_and_amendment_rules (tests.vnext.test_historical_e01_company_case.HistoricalE01CompanyCaseTest.test_declared_dependencies_include_the_used_event_and_amendment_rules) ... ok
company-current	Selected event sources and explicit history validation	2026-10-10T11:28:13.7809132Z test_display_summary_keeps_amendment_conclusion_and_full_evidence_separate (tests.vnext.test_historical_e01_company_case.HistoricalE01CompanyCaseTest.test_display_summary_keeps_amendment_conclusion_and_full_evidence_separate) ... ok
company-current	Selected event sources and explicit history validation	2026-10-10T11:28:13.7831898Z test_missing_declared_attachment_has_exact_dependency_and_no_answer_reuse (tests.vnext.test_historical_e01_company_case.HistoricalE01CompanyCaseTest.test_missing_declared_attachment_has_exact_dependency_and_no_answer_reuse) ... ok
company-current	Selected event sources and explicit history validation	2026-10-10T11:28:13.7857658Z test_no_matching_response_is_whole_window_withheld_not_old_item_count (tests.vnext.test_historical_e01_company_case.HistoricalE01CompanyCaseTest.test_no_matching_response_is_whole_window_withheld_not_old_item_count) ... ok
company-current	Selected event sources and explicit history validation	2026-10-10T11:28:13.7880148Z test_saved_attachment_changes_request_contract_but_not_into_model_success (tests.vnext.test_historical_e01_company_case.HistoricalE01CompanyCaseTest.test_saved_attachment_changes_request_contract_but_not_into_model_success) ... ok
company-current	Selected event sources and explicit history validation	2026-10-10T11:28:13.7900559Z test_source_error_is_not_no_candidate_or_zero (tests.vnext.test_historical_e01_company_case.HistoricalE01CompanyCaseTest.test_source_error_is_not_no_candidate_or_zero) ... ok
company-current	Selected event sources and explicit history validation	2026-10-10T11:28:13.7921280Z test_successor_cannot_borrow_the_other_event_familys_wide_window (tests.vnext.test_historical_e01_company_case.HistoricalE01CompanyCaseTest.test_successor_cannot_borrow_the_other_event_familys_wide_window) ... ok
company-current	Selected event sources and explicit history validation	2026-10-10T11:28:13.7923678Z test_wrong_family_refuses_before_source_selection (tests.vnext.test_historical_e01_company_case.HistoricalE01CompanyCaseTest.test_wrong_family_refuses_before_source_selection) ... ok
company-current	Selected event sources and explicit history validation	2026-10-10T11:28:13.7957877Z test_zero_requires_the_successful_complete_candidate_walk (tests.vnext.test_historical_e01_company_case.HistoricalE01ZeroCandidateTest.test_zero_requires_the_successful_complete_candidate_walk) ... ok
company-current	Selected event sources and explicit history validation	2026-10-10T11:28:13.7976718Z test_absent_and_unrelated_declared_sources_do_not_silently_disappear (tests.vnext.test_historical_e01_incorporated_input.IncorporatedE01InputTest.test_absent_and_unrelated_declared_sources_do_not_silently_disappear) ... ok
company-current	Selected event sources and explicit history validation	2026-10-10T11:28:13.8003753Z test_changed_attachment_changes_input_without_changing_parent (tests.vnext.test_historical_e01_incorporated_input.IncorporatedE01InputTest.test_changed_attachment_changes_input_without_changing_parent) ... ok
company-current	Selected event sources and explicit history validation	2026-10-10T11:28:13.8021947Z test_complete_checked_answer_counts_once_without_semantic_credit (tests.vnext.test_historical_e01_incorporated_input.IncorporatedE01InputTest.test_complete_checked_answer_counts_once_without_semantic_credit) ... ok
company-current	Selected event sources and explicit history validation	2026-10-10T11:28:13.8035393Z test_complete_pool_and_parent_texts_are_unchanged (tests.vnext.test_historical_e01_incorporated_input.IncorporatedE01InputTest.test_complete_pool_and_parent_texts_are_unchanged) ... ok
company-current	Selected event sources and explicit history validation	2026-10-10T11:28:13.8051037Z test_each_item_and_field_type_are_checked (tests.vnext.test_historical_e01_incorporated_input.IncorporatedE01InputTest.test_each_item_and_field_type_are_checked) ... ok
company-current	Selected event sources and explicit history validation	2026-10-10T11:28:13.8065774Z test_long_real_quote_reports_length_not_missing_source (tests.vnext.test_historical_e01_incorporated_input.IncorporatedE01InputTest.test_long_real_quote_reports_length_not_missing_source) ... ok
company-current	Selected event sources and explicit history validation	2026-10-10T11:28:13.8094193Z test_old_validator_does_not_accept_successor_output (tests.vnext.test_historical_e01_incorporated_input.IncorporatedE01InputTest.test_old_validator_does_not_accept_successor_output) ... ok
company-current	Selected event sources and explicit history validation	2026-10-10T11:28:13.8108933Z test_one_unresolved_item_withholds_the_complete_window_count (tests.vnext.test_historical_e01_incorporated_input.IncorporatedE01InputTest.test_one_unresolved_item_withholds_the_complete_window_count) ... ok
company-current	Selected event sources and explicit history validation	2026-10-10T11:28:13.8124065Z test_other_items_source_and_invented_quotes_refuse (tests.vnext.test_historical_e01_incorporated_input.IncorporatedE01InputTest.test_other_items_source_and_invented_quotes_refuse) ... ok
company-current	Selected event sources and explicit history validation	2026-10-10T11:28:13.8139893Z test_positive_and_unresolved_decisions_remain_distinct (tests.vnext.test_historical_e01_incorporated_input.IncorporatedE01InputTest.test_positive_and_unresolved_decisions_remain_distinct) ... ok
company-current	Selected event sources and explicit history validation	2026-10-10T11:28:13.8156747Z test_quotes_can_use_the_same_items_separate_attachment (tests.vnext.test_historical_e01_incorporated_input.IncorporatedE01InputTest.test_quotes_can_use_the_same_items_separate_attachment) ... ok
company-current	Selected event sources and explicit history validation	2026-10-10T11:28:13.8160624Z test_a_quote_from_another_item_is_refused (tests.vnext.test_historical_ma_confirmation.TheAnswerIsHeldToItsForm.test_a_quote_from_another_item_is_refused) ... ok
company-current	Selected event sources and explicit history validation	2026-10-10T11:28:13.8163725Z test_a_quote_not_in_the_item_is_refused (tests.vnext.test_historical_ma_confirmation.TheAnswerIsHeldToItsForm.test_a_quote_not_in_the_item_is_refused) ... ok
company-current	Selected event sources and explicit history validation	2026-10-10T11:28:13.8167559Z test_a_quote_too_short_or_too_long_is_refused (tests.vnext.test_historical_ma_confirmation.TheAnswerIsHeldToItsForm.test_a_quote_too_short_or_too_long_is_refused) ... ok
company-current	Selected event sources and explicit history validation	2026-10-10T11:28:13.8170603Z test_a_well_formed_answer_is_read (tests.vnext.test_historical_ma_confirmation.TheAnswerIsHeldToItsForm.test_a_well_formed_answer_is_read) ... ok
company-current	Selected event sources and explicit history validation	2026-10-10T11:28:13.8174227Z test_an_unknown_decision_is_refused (tests.vnext.test_historical_ma_confirmation.TheAnswerIsHeldToItsForm.test_an_unknown_decision_is_refused) ... ok
company-current	Selected event sources and explicit history validation	2026-10-10T11:28:13.8180011Z test_every_item_is_answered_exactly_once (tests.vnext.test_historical_ma_confirmation.TheAnswerIsHeldToItsForm.test_every_item_is_answered_exactly_once) ... ok
company-current	Selected event sources and explicit history validation	2026-10-10T11:28:13.8184712Z test_extra_keys_and_non_json_are_refused (tests.vnext.test_historical_ma_confirmation.TheAnswerIsHeldToItsForm.test_extra_keys_and_non_json_are_refused) ... ok
company-current	Selected event sources and explicit history validation	2026-10-10T11:28:13.8188582Z test_an_item_its_text_does_not_settle_withholds_the_window (tests.vnext.test_historical_ma_confirmation.TheCountIsWhatWasConfirmed.test_an_item_its_text_does_not_settle_withholds_the_window) ... ok
company-current	Selected event sources and explicit history validation	2026-10-10T11:28:13.8191775Z test_the_count_is_the_confirmed_items (tests.vnext.test_historical_ma_confirmation.TheCountIsWhatWasConfirmed.test_the_count_is_the_confirmed_items) ... ok
company-current	Selected event sources and explicit history validation	2026-10-10T11:28:13.8197803Z test_a_changed_text_is_a_different_request (tests.vnext.test_historical_ma_confirmation.TheRequestIsTheItemsTextsAndTheDefinition.test_a_changed_text_is_a_different_request) ... ok
company-current	Selected event sources and explicit history validation	2026-10-10T11:28:13.8200294Z test_a_text_that_is_not_the_one_hashed_is_refused (tests.vnext.test_historical_ma_confirmation.TheRequestIsTheItemsTextsAndTheDefinition.test_a_text_that_is_not_the_one_hashed_is_refused) ... ok
company-current	Selected event sources and explicit history validation	2026-10-10T11:28:13.8202730Z test_no_candidate_is_no_request (tests.vnext.test_historical_ma_confirmation.TheRequestIsTheItemsTextsAndTheDefinition.test_no_candidate_is_no_request) ... ok
company-current	Selected event sources and explicit history validation	2026-10-10T11:28:13.8207203Z test_the_request_holds_each_item_text_bound_by_its_hash (tests.vnext.test_historical_ma_confirmation.TheRequestIsTheItemsTextsAndTheDefinition.test_the_request_holds_each_item_text_bound_by_its_hash) ... ok
company-current	Selected event sources and explicit history validation	2026-10-10T11:28:13.8208572Z 
company-current	Selected event sources and explicit history validation	2026-10-10T11:28:13.8208851Z ----------------------------------------------------------------------
company-current	Selected event sources and explicit history validation	2026-10-10T11:28:13.8211160Z {"allowed_skips": 0, "errors": 0, "failures": 0, "run": 53, "skip_reasons": [], "skipped": 0, "tests": ["tests.vnext.test_selected_event_source_v1", "tests.vnext.test_registered_event_projection", "tests.vnext.test_explicit_e01_company", "tests.vnext.test_historical_e01_company_case", "tests.vnext.test_historical_e01_incorporated_input", "tests.vnext.test_historical_ma_confirmation"]}
company-current	Selected event sources and explicit history validation	2026-10-10T11:28:13.8216241Z Ran 53 tests in 0.276s
company-current	Selected event sources and explicit history validation	2026-10-10T11:28:13.8216501Z 
company-current	Selected event sources and explicit history validation	2026-10-10T11:28:13.8216631Z OK
company-current	Historical selected event scope and record retention	﻿2026-10-10T11:28:13.8733197Z ##[group]Run python3 tests/required_unittests.py tests.vnext.test_historical_event_cases.HistoricalEventCaseTest tests.vnext.test_historical_event_cases.HistoricalEventHistoryStrategyTest tests.vnext.test_historical_event_cases.HistoricalEventRecordRetentionTest
company-current	Historical selected event scope and record retention	2026-10-10T11:28:13.8735172Z ^[[36;1mpython3 tests/required_unittests.py tests.vnext.test_historical_event_cases.HistoricalEventCaseTest tests.vnext.test_historical_event_cases.HistoricalEventHistoryStrategyTest tests.vnext.test_historical_event_cases.HistoricalEventRecordRetentionTest^[[0m
company-current	Historical selected event scope and record retention	2026-10-10T11:28:13.8799493Z shell: /usr/bin/bash -e {0}
company-current	Historical selected event scope and record retention	2026-10-10T11:28:13.8799757Z env:
company-current	Historical selected event scope and record retention	2026-10-10T11:28:13.8800035Z   pythonLocation: /opt/hostedtoolcache/Python/3.14.8/x64
company-current	Historical selected event scope and record retention	2026-10-10T11:28:13.8800486Z   PKG_CONFIG_PATH: /opt/hostedtoolcache/Python/3.14.8/x64/lib/pkgconfig
company-current	Historical selected event scope and record retention	2026-10-10T11:28:13.8800919Z   Python_ROOT_DIR: /opt/hostedtoolcache/Python/3.14.8/x64
company-current	Historical selected event scope and record retention	2026-10-10T11:28:13.8801296Z   Python2_ROOT_DIR: /opt/hostedtoolcache/Python/3.14.8/x64
company-current	Historical selected event scope and record retention	2026-10-10T11:28:13.8801720Z   Python3_ROOT_DIR: /opt/hostedtoolcache/Python/3.14.8/x64
company-current	Historical selected event scope and record retention	2026-10-10T11:28:13.8802145Z   LD_LIBRARY_PATH: /opt/hostedtoolcache/Python/3.14.8/x64/lib
company-current	Historical selected event scope and record retention	2026-10-10T11:28:13.8802481Z   PYTHONDONTWRITEBYTECODE: 1
company-current	Historical selected event scope and record retention	2026-10-10T11:28:13.8802719Z ##[endgroup]
company-current	Historical selected event scope and record retention	2026-10-10T11:28:14.2946779Z test_catalog_change_to_content_method_is_an_explicit_gap (tests.vnext.test_historical_event_cases.HistoricalEventCaseTest.test_catalog_change_to_content_method_is_an_explicit_gap) ... ok
company-current	Historical selected event scope and record retention	2026-10-10T11:28:14.2949991Z test_content_confirmation_route_is_not_silently_counted (tests.vnext.test_historical_event_cases.HistoricalEventCaseTest.test_content_confirmation_route_is_not_silently_counted) ... ok
company-current	Historical selected event scope and record retention	2026-10-10T11:28:14.3077842Z test_incoherent_history_block_is_not_read_around (tests.vnext.test_historical_event_cases.HistoricalEventCaseTest.test_incoherent_history_block_is_not_read_around) ... ok
company-current	Historical selected event scope and record retention	2026-10-10T11:28:14.3207069Z test_missing_event_header_is_withheld_not_a_correct_zero (tests.vnext.test_historical_event_cases.HistoricalEventCaseTest.test_missing_event_header_is_withheld_not_a_correct_zero) ... ok
company-current	Historical selected event scope and record retention	2026-10-10T11:28:14.3573977Z test_part_iii_window_clearance_does_not_admit_financial_inputs (tests.vnext.test_historical_event_cases.HistoricalEventCaseTest.test_part_iii_window_clearance_does_not_admit_financial_inputs) ... ok
company-current	Historical selected event scope and record retention	2026-10-10T11:28:14.3577865Z test_predecessor_period_reads_only_its_selected_registrant (tests.vnext.test_historical_event_cases.HistoricalEventCaseTest.test_predecessor_period_reads_only_its_selected_registrant) ... ok
company-current	Historical selected event scope and record retention	2026-10-10T11:28:14.3580427Z test_successor_keeps_wide_measurement_and_pinned_container (tests.vnext.test_historical_event_cases.HistoricalEventCaseTest.test_successor_keeps_wide_measurement_and_pinned_container) ... ok
company-current	Historical selected event scope and record retention	2026-10-10T11:28:14.3705364Z test_unknown_program_error_is_not_mislabeled_as_disclosure_absence (tests.vnext.test_historical_event_cases.HistoricalEventCaseTest.test_unknown_program_error_is_not_mislabeled_as_disclosure_absence) ... ok
company-current	Historical selected event scope and record retention	2026-10-10T11:28:14.3709073Z test_complete_body_and_gap_day_use_the_existing_coherence_rule (tests.vnext.test_historical_event_cases.HistoricalEventHistoryStrategyTest.test_complete_body_and_gap_day_use_the_existing_coherence_rule) ... ok
company-current	Historical selected event scope and record retention	2026-10-10T11:28:14.3837075Z test_source_reference_does_not_overwrite_its_raw_blob (tests.vnext.test_historical_event_cases.HistoricalEventRecordRetentionTest.test_source_reference_does_not_overwrite_its_raw_blob) ... ok
company-current	Historical selected event scope and record retention	2026-10-10T11:28:14.3839081Z 
company-current	Historical selected event scope and record retention	2026-10-10T11:28:14.3839487Z ----------------------------------------------------------------------
company-current	Historical selected event scope and record retention	2026-10-10T11:28:14.3840332Z Ran 10 tests in 0.102s
company-current	Historical selected event scope and record retention	2026-10-10T11:28:14.3840671Z 
company-current	Historical selected event scope and record retention	2026-10-10T11:28:14.3840870Z OK
company-current	Historical selected event scope and record retention	2026-10-10T11:28:14.3848689Z {"allowed_skips": 0, "errors": 0, "failures": 0, "run": 10, "skip_reasons": [], "skipped": 0, "tests": ["tests.vnext.test_historical_event_cases.HistoricalEventCaseTest", "tests.vnext.test_historical_event_cases.HistoricalEventHistoryStrategyTest", "tests.vnext.test_historical_event_cases.HistoricalEventRecordRetentionTest"]}
company-current	Existing historical SEC count and recorded capture compatibility	﻿2026-10-10T11:28:14.4238073Z ##[group]Run python3 tests/required_unittests.py tests.vnext.test_existing_historical_sec_state tests.vnext.test_historical_sec_capture_adapter tests.vnext.test_company_online
company-current	Existing historical SEC count and recorded capture compatibility	2026-10-10T11:28:14.4239354Z ^[[36;1mpython3 tests/required_unittests.py tests.vnext.test_existing_historical_sec_state tests.vnext.test_historical_sec_capture_adapter tests.vnext.test_company_online^[[0m
company-current	Existing historical SEC count and recorded capture compatibility	2026-10-10T11:28:14.4302250Z shell: /usr/bin/bash -e {0}
company-current	Existing historical SEC count and recorded capture compatibility	2026-10-10T11:28:14.4302536Z env:
company-current	Existing historical SEC count and recorded capture compatibility	2026-10-10T11:28:14.4302806Z   pythonLocation: /opt/hostedtoolcache/Python/3.14.8/x64
company-current	Existing historical SEC count and recorded capture compatibility	2026-10-10T11:28:14.4303255Z   PKG_CONFIG_PATH: /opt/hostedtoolcache/Python/3.14.8/x64/lib/pkgconfig
company-current	Existing historical SEC count and recorded capture compatibility	2026-10-10T11:28:14.4303691Z   Python_ROOT_DIR: /opt/hostedtoolcache/Python/3.14.8/x64
company-current	Existing historical SEC count and recorded capture compatibility	2026-10-10T11:28:14.4304067Z   Python2_ROOT_DIR: /opt/hostedtoolcache/Python/3.14.8/x64
company-current	Existing historical SEC count and recorded capture compatibility	2026-10-10T11:28:14.4304464Z   Python3_ROOT_DIR: /opt/hostedtoolcache/Python/3.14.8/x64
company-current	Existing historical SEC count and recorded capture compatibility	2026-10-10T11:28:14.4304879Z   LD_LIBRARY_PATH: /opt/hostedtoolcache/Python/3.14.8/x64/lib
company-current	Existing historical SEC count and recorded capture compatibility	2026-10-10T11:28:14.4305270Z   PYTHONDONTWRITEBYTECODE: 1
company-current	Existing historical SEC count and recorded capture compatibility	2026-10-10T11:28:14.4305807Z ##[endgroup]
company-current	Existing historical SEC count and recorded capture compatibility	2026-10-10T11:28:14.7237576Z test_additive_limit_and_conservative_count_are_separate_from_binding (tests.vnext.test_existing_historical_sec_state.ExistingHistoricalSecStateTest.test_additive_limit_and_conservative_count_are_separate_from_binding) ... ok
company-current	Existing historical SEC count and recorded capture compatibility	2026-10-10T11:28:14.7273749Z test_known_failure_is_charged_and_wrong_logged_row_is_rejected (tests.vnext.test_existing_historical_sec_state.ExistingHistoricalSecStateTest.test_known_failure_is_charged_and_wrong_logged_row_is_rejected) ... ok
company-current	Existing historical SEC count and recorded capture compatibility	2026-10-10T11:28:14.7306713Z test_missing_terminal_is_counted_and_blocks (tests.vnext.test_existing_historical_sec_state.ExistingHistoricalSecStateTest.test_missing_terminal_is_counted_and_blocks) ... ok
company-current	Existing historical SEC count and recorded capture compatibility	2026-10-10T11:28:14.7341442Z test_unknown_outcome_is_not_free_or_resolved (tests.vnext.test_existing_historical_sec_state.ExistingHistoricalSecStateTest.test_unknown_outcome_is_not_free_or_resolved) ... ok
company-current	Existing historical SEC count and recorded capture compatibility	2026-10-10T11:28:14.7387153Z test_wrong_intent_binding_or_extension_prefix_is_rejected (tests.vnext.test_existing_historical_sec_state.ExistingHistoricalSecStateTest.test_wrong_intent_binding_or_extension_prefix_is_rejected) ... ok
company-current	Existing historical SEC count and recorded capture compatibility	2026-10-10T11:28:14.7586664Z test_new_403_is_persisted_as_a_stop (tests.vnext.test_historical_sec_capture_adapter.HistoricalSecCaptureAdapterTest.test_new_403_is_persisted_as_a_stop) ... SEC retry exhausted for https://data.sec.gov/submissions/CIK0001048286-attachments-001.json; status=403; error=
company-current	Existing historical SEC count and recorded capture compatibility	2026-10-10T11:28:14.7686782Z ok
company-current	Existing historical SEC count and recorded capture compatibility	2026-10-10T11:28:15.7701421Z test_original_historical_context_without_closure_hash_can_capture (tests.vnext.test_historical_sec_capture_adapter.HistoricalSecCaptureAdapterTest.test_original_historical_context_without_closure_hash_can_capture) ... ok
company-current	Existing historical SEC count and recorded capture compatibility	2026-10-10T11:28:15.7859276Z test_plan_interrupt_consumes_opportunity_without_http_or_fake_terminal (tests.vnext.test_historical_sec_capture_adapter.HistoricalSecCaptureAdapterTest.test_plan_interrupt_consumes_opportunity_without_http_or_fake_terminal) ... ok
company-current	Existing historical SEC count and recorded capture compatibility	2026-10-10T11:28:16.7871171Z test_recorded_capture_preserves_prior_rows_and_uses_next_old_format_slot (tests.vnext.test_historical_sec_capture_adapter.HistoricalSecCaptureAdapterTest.test_recorded_capture_preserves_prior_rows_and_uses_next_old_format_slot) ... ok
company-current	Existing historical SEC count and recorded capture compatibility	2026-10-10T11:28:16.7940781Z test_unclaimed_new_log_row_is_not_treated_as_old_imported_history (tests.vnext.test_historical_sec_capture_adapter.HistoricalSecCaptureAdapterTest.test_unclaimed_new_log_row_is_not_treated_as_old_imported_history) ... ok
company-current	Existing historical SEC count and recorded capture compatibility	2026-10-10T11:28:17.7646400Z test_unknown_and_new_rate_refusal_remain_charged_and_stopped (tests.vnext.test_historical_sec_capture_adapter.HistoricalSecCaptureAdapterTest.test_unknown_and_new_rate_refusal_remain_charged_and_stopped) ... ok
company-current	Existing historical SEC count and recorded capture compatibility	2026-10-10T11:28:17.7750854Z test_wrong_url_root_refresh_and_limit_refuse_before_transport (tests.vnext.test_historical_sec_capture_adapter.HistoricalSecCaptureAdapterTest.test_wrong_url_root_refresh_and_limit_refuse_before_transport) ... ok
company-current	Existing historical SEC count and recorded capture compatibility	2026-10-10T11:28:17.7868125Z test_latest_does_not_silently_ignore_supplied_years (tests.vnext.test_company_online.CompanyCliPeriodRoutingTest.test_latest_does_not_silently_ignore_supplied_years) ... ok
company-current	Existing historical SEC count and recorded capture compatibility	2026-10-10T11:28:17.7894355Z test_latest_saved_source_also_rejects_ignored_year_arguments (tests.vnext.test_company_online.CompanyCliPeriodRoutingTest.test_latest_saved_source_also_rejects_ignored_year_arguments) ... ok
company-current	Existing historical SEC count and recorded capture compatibility	2026-10-10T11:28:17.7922755Z test_online_historical_range_rejected_before_context_or_writer (tests.vnext.test_company_online.CompanyCliPeriodRoutingTest.test_online_historical_range_rejected_before_context_or_writer) ... ok
company-current	Existing historical SEC count and recorded capture compatibility	2026-10-10T11:28:17.7952442Z test_saved_history_range_forwarded_to_existing_public_consumer (tests.vnext.test_company_online.CompanyCliPeriodRoutingTest.test_saved_history_range_forwarded_to_existing_public_consumer) ... ok
company-current	Existing historical SEC count and recorded capture compatibility	2026-10-10T11:28:17.7977941Z test_supported_current_online_dispatch_unchanged (tests.vnext.test_company_online.CompanyCliPeriodRoutingTest.test_supported_current_online_dispatch_unchanged) ... ok
company-current	Existing historical SEC count and recorded capture compatibility	2026-10-10T11:28:17.8484384Z test_claim_is_reported_pending_before_plan_persistence (tests.vnext.test_company_online.CompanyOnlineTest.test_claim_is_reported_pending_before_plan_persistence) ... ok
company-current	Existing historical SEC count and recorded capture compatibility	2026-10-10T11:28:17.8535712Z test_existing_real_ledger_never_created (tests.vnext.test_company_online.CompanyOnlineTest.test_existing_real_ledger_never_created) ... ok
company-current	Existing historical SEC count and recorded capture compatibility	2026-10-10T11:28:18.7714588Z test_new_task_source_directory_does_not_reset_immutable_capture (tests.vnext.test_company_online.CompanyOnlineTest.test_new_task_source_directory_does_not_reset_immutable_capture) ... ok
company-current	Existing historical SEC count and recorded capture compatibility	2026-10-10T11:28:19.7693514Z test_one_native_http_attempt_uses_existing_count_and_no_retry (tests.vnext.test_company_online.CompanyOnlineTest.test_one_native_http_attempt_uses_existing_count_and_no_retry) ... ok
company-current	Existing historical SEC count and recorded capture compatibility	2026-10-10T11:28:19.7774068Z test_persistence_interrupt_leaves_counted_pending_no_second_transport (tests.vnext.test_company_online.CompanyOnlineTest.test_persistence_interrupt_leaves_counted_pending_no_second_transport) ... ok
company-current	Existing historical SEC count and recorded capture compatibility	2026-10-10T11:28:19.7834643Z test_prior_metadata_missing_does_not_prevent_current_sources (tests.vnext.test_company_online.CompanyOnlineTest.test_prior_metadata_missing_does_not_prevent_current_sources) ... ok
company-current	Existing historical SEC count and recorded capture compatibility	2026-10-10T11:28:19.7891236Z test_recorded_context_without_replies_cannot_use_network (tests.vnext.test_company_online.CompanyOnlineTest.test_recorded_context_without_replies_cannot_use_network) ... ok
company-current	Existing historical SEC count and recorded capture compatibility	2026-10-10T11:28:19.7941627Z test_scope_or_limits_cannot_be_changed_by_call_context (tests.vnext.test_company_online.CompanyOnlineTest.test_scope_or_limits_cannot_be_changed_by_call_context) ... ok
company-current	Existing historical SEC count and recorded capture compatibility	2026-10-10T11:28:20.7616319Z test_unknown_remote_blocks_next_claim_and_is_not_zero (tests.vnext.test_company_online.CompanyOnlineTest.test_unknown_remote_blocks_next_claim_and_is_not_zero) ... ok
company-current	Existing historical SEC count and recorded capture compatibility	2026-10-10T11:28:20.7668362Z test_unsupported_metric_rejected_before_sources_or_claim (tests.vnext.test_company_online.CompanyOnlineTest.test_unsupported_metric_rejected_before_sources_or_claim) ... ok
company-current	Existing historical SEC count and recorded capture compatibility	2026-10-10T11:28:20.7669820Z 
company-current	Existing historical SEC count and recorded capture compatibility	2026-10-10T11:28:20.7670067Z ----------------------------------------------------------------------
company-current	Existing historical SEC count and recorded capture compatibility	2026-10-10T11:28:20.7670511Z Ran 27 tests in 6.048s
company-current	Existing historical SEC count and recorded capture compatibility	2026-10-10T11:28:20.7670690Z 
company-current	Existing historical SEC count and recorded capture compatibility	2026-10-10T11:28:20.7670788Z OK
company-current	Existing historical SEC count and recorded capture compatibility	2026-10-10T11:28:20.7671867Z {"allowed_skips": 0, "errors": 0, "failures": 0, "run": 27, "skip_reasons": [], "skipped": 0, "tests": ["tests.vnext.test_existing_historical_sec_state", "tests.vnext.test_historical_sec_capture_adapter", "tests.vnext.test_company_online"]}
company-current	Post Run actions/setup-python@a309ff8b426b58ec0e2a45f0f869d46889d02405	﻿2026-10-10T11:28:20.8120042Z Post job cleanup.
company-current	Post Run actions/checkout@de0fac2e4500dabe0009e67214ff5f5447ce83dd	﻿2026-10-10T11:28:20.9486353Z Post job cleanup.
company-current	Post Run actions/checkout@de0fac2e4500dabe0009e67214ff5f5447ce83dd	2026-10-10T11:28:21.0407248Z [command]/usr/bin/git version
company-current	Post Run actions/checkout@de0fac2e4500dabe0009e67214ff5f5447ce83dd	2026-10-10T11:28:21.0454031Z git version 2.55.0
company-current	Post Run actions/checkout@de0fac2e4500dabe0009e67214ff5f5447ce83dd	2026-10-10T11:28:21.0494983Z Temporarily overriding HOME='/home/runner/work/_temp/ca9b1f6f-646e-44ef-ae11-5889dbddeb7b' before making global git config changes
company-current	Post Run actions/checkout@de0fac2e4500dabe0009e67214ff5f5447ce83dd	2026-10-10T11:28:21.0496724Z Adding repository directory to the temporary git global config as a safe directory
company-current	Post Run actions/checkout@de0fac2e4500dabe0009e67214ff5f5447ce83dd	2026-10-10T11:28:21.0515952Z [command]/usr/bin/git config --global --add safe.directory /home/runner/work/SEC_metrics/SEC_metrics
company-current	Post Run actions/checkout@de0fac2e4500dabe0009e67214ff5f5447ce83dd	2026-10-10T11:28:21.0546076Z Removing SSH command configuration
company-current	Post Run actions/checkout@de0fac2e4500dabe0009e67214ff5f5447ce83dd	2026-10-10T11:28:21.0566748Z [command]/usr/bin/git config --local --name-only --get-regexp core\.sshCommand
company-current	Post Run actions/checkout@de0fac2e4500dabe0009e67214ff5f5447ce83dd	2026-10-10T11:28:21.0583612Z [command]/usr/bin/git submodule foreach --recursive sh -c "git config --local --name-only --get-regexp 'core\.sshCommand' && git config --local --unset-all 'core.sshCommand' || :"
company-current	Post Run actions/checkout@de0fac2e4500dabe0009e67214ff5f5447ce83dd	2026-10-10T11:28:21.0855116Z Removing HTTP extra header
company-current	Post Run actions/checkout@de0fac2e4500dabe0009e67214ff5f5447ce83dd	2026-10-10T11:28:21.0862033Z [command]/usr/bin/git config --local --name-only --get-regexp http\.https\:\/\/github\.com\/\.extraheader
company-current	Post Run actions/checkout@de0fac2e4500dabe0009e67214ff5f5447ce83dd	2026-10-10T11:28:21.0927019Z [command]/usr/bin/git submodule foreach --recursive sh -c "git config --local --name-only --get-regexp 'http\.https\:\/\/github\.com\/\.extraheader' && git config --local --unset-all 'http.https://github.com/.extraheader' || :"
company-current	Post Run actions/checkout@de0fac2e4500dabe0009e67214ff5f5447ce83dd	2026-10-10T11:28:21.1185026Z Removing includeIf entries pointing to credentials config files
company-current	Post Run actions/checkout@de0fac2e4500dabe0009e67214ff5f5447ce83dd	2026-10-10T11:28:21.1192431Z [command]/usr/bin/git config --local --name-only --get-regexp ^includeIf\.gitdir:
company-current	Post Run actions/checkout@de0fac2e4500dabe0009e67214ff5f5447ce83dd	2026-10-10T11:28:21.1234341Z [command]/usr/bin/git submodule foreach --recursive git config --local --show-origin --name-only --get-regexp remote.origin.url
company-current	Complete job	﻿2026-10-10T11:28:21.1678581Z Cleaning up orphan processes
