company-current	Set up job	﻿2026-10-10T12:41:03.0442782Z Current runner version: '2.337.0'
company-current	Set up job	2026-10-10T12:41:03.0461042Z ##[group]Runner Image Provisioner
company-current	Set up job	2026-10-10T12:41:03.0461830Z Hosted Compute Agent
company-current	Set up job	2026-10-10T12:41:03.0462199Z Version: 20261002.596
company-current	Set up job	2026-10-10T12:41:03.0462580Z Commit: c3d12f3313a95f25162a1503be624f3b0617f8c0
company-current	Set up job	2026-10-10T12:41:03.0463050Z Build Date: 2026-10-02T22:28:27Z
company-current	Set up job	2026-10-10T12:41:03.0463459Z Worker ID: {cf7e5e66-3807-46f7-a9b5-40285f88765d}
company-current	Set up job	2026-10-10T12:41:03.0463966Z Region: centralus
company-current	Set up job	2026-10-10T12:41:03.0464316Z Cloud: Azure
company-current	Set up job	2026-10-10T12:41:03.0464648Z ##[endgroup]
company-current	Set up job	2026-10-10T12:41:03.0465463Z ##[group]Operating System
company-current	Set up job	2026-10-10T12:41:03.0465830Z Ubuntu
company-current	Set up job	2026-10-10T12:41:03.0466173Z 24.04.5
company-current	Set up job	2026-10-10T12:41:03.0466537Z LTS
company-current	Set up job	2026-10-10T12:41:03.0466857Z ##[endgroup]
company-current	Set up job	2026-10-10T12:41:03.0467214Z ##[group]Runner Image
company-current	Set up job	2026-10-10T12:41:03.0467601Z Image: ubuntu-24.04
company-current	Set up job	2026-10-10T12:41:03.0467980Z Version: 20261004.327.1
company-current	Set up job	2026-10-10T12:41:03.0468671Z Included Software: https://github.com/actions/runner-images/blob/ubuntu24/20261004.327/images/ubuntu/Ubuntu2404-Readme.md
company-current	Set up job	2026-10-10T12:41:03.0469745Z Image Release: https://github.com/actions/runner-images/releases/tag/ubuntu24%2F20261004.327
company-current	Set up job	2026-10-10T12:41:03.0470339Z ##[endgroup]
company-current	Set up job	2026-10-10T12:41:03.0471114Z ##[group]GITHUB_TOKEN Permissions
company-current	Set up job	2026-10-10T12:41:03.0472611Z Contents: read
company-current	Set up job	2026-10-10T12:41:03.0472968Z Metadata: read
company-current	Set up job	2026-10-10T12:41:03.0473376Z ##[endgroup]
company-current	Set up job	2026-10-10T12:41:03.0474739Z Secret source: Actions
company-current	Set up job	2026-10-10T12:41:03.0475326Z Cache mode: write
company-current	Set up job	2026-10-10T12:41:03.0475773Z Prepare workflow directory
company-current	Set up job	2026-10-10T12:41:03.0693990Z Prepare all required actions
company-current	Set up job	2026-10-10T12:41:03.0725287Z Getting action download info
company-current	Set up job	2026-10-10T12:41:03.2694085Z Download action repository 'actions/checkout@de0fac2e4500dabe0009e67214ff5f5447ce83dd' (SHA:de0fac2e4500dabe0009e67214ff5f5447ce83dd)
company-current	Set up job	2026-10-10T12:41:03.3793865Z Download action repository 'actions/setup-python@a309ff8b426b58ec0e2a45f0f869d46889d02405' (SHA:a309ff8b426b58ec0e2a45f0f869d46889d02405)
company-current	Set up job	2026-10-10T12:41:03.5650586Z Complete job name: company-current
company-current	Run actions/checkout@de0fac2e4500dabe0009e67214ff5f5447ce83dd	﻿2026-10-10T12:41:03.6906440Z ##[group]Run actions/checkout@de0fac2e4500dabe0009e67214ff5f5447ce83dd
company-current	Run actions/checkout@de0fac2e4500dabe0009e67214ff5f5447ce83dd	2026-10-10T12:41:03.6906987Z with:
company-current	Run actions/checkout@de0fac2e4500dabe0009e67214ff5f5447ce83dd	2026-10-10T12:41:03.6907232Z   persist-credentials: false
company-current	Run actions/checkout@de0fac2e4500dabe0009e67214ff5f5447ce83dd	2026-10-10T12:41:03.6907519Z   repository: wlvh/SEC_metrics
company-current	Run actions/checkout@de0fac2e4500dabe0009e67214ff5f5447ce83dd	2026-10-10T12:41:03.6909503Z   token: ***
company-current	Run actions/checkout@de0fac2e4500dabe0009e67214ff5f5447ce83dd	2026-10-10T12:41:03.6909741Z   ssh-strict: true
company-current	Run actions/checkout@de0fac2e4500dabe0009e67214ff5f5447ce83dd	2026-10-10T12:41:03.6909984Z   ssh-user: git
company-current	Run actions/checkout@de0fac2e4500dabe0009e67214ff5f5447ce83dd	2026-10-10T12:41:03.6910213Z   clean: true
company-current	Run actions/checkout@de0fac2e4500dabe0009e67214ff5f5447ce83dd	2026-10-10T12:41:03.6910456Z   sparse-checkout-cone-mode: true
company-current	Run actions/checkout@de0fac2e4500dabe0009e67214ff5f5447ce83dd	2026-10-10T12:41:03.6910742Z   fetch-depth: 1
company-current	Run actions/checkout@de0fac2e4500dabe0009e67214ff5f5447ce83dd	2026-10-10T12:41:03.6910979Z   fetch-tags: false
company-current	Run actions/checkout@de0fac2e4500dabe0009e67214ff5f5447ce83dd	2026-10-10T12:41:03.6911224Z   show-progress: true
company-current	Run actions/checkout@de0fac2e4500dabe0009e67214ff5f5447ce83dd	2026-10-10T12:41:03.6911690Z   lfs: false
company-current	Run actions/checkout@de0fac2e4500dabe0009e67214ff5f5447ce83dd	2026-10-10T12:41:03.6911920Z   submodules: false
company-current	Run actions/checkout@de0fac2e4500dabe0009e67214ff5f5447ce83dd	2026-10-10T12:41:03.6912168Z   set-safe-directory: true
company-current	Run actions/checkout@de0fac2e4500dabe0009e67214ff5f5447ce83dd	2026-10-10T12:41:03.6912522Z ##[endgroup]
company-current	Run actions/checkout@de0fac2e4500dabe0009e67214ff5f5447ce83dd	2026-10-10T12:41:03.7621915Z Syncing repository: wlvh/SEC_metrics
company-current	Run actions/checkout@de0fac2e4500dabe0009e67214ff5f5447ce83dd	2026-10-10T12:41:03.7623238Z ##[group]Getting Git version info
company-current	Run actions/checkout@de0fac2e4500dabe0009e67214ff5f5447ce83dd	2026-10-10T12:41:03.7623720Z Working directory is '/home/runner/work/SEC_metrics/SEC_metrics'
company-current	Run actions/checkout@de0fac2e4500dabe0009e67214ff5f5447ce83dd	2026-10-10T12:41:03.7624422Z [command]/usr/bin/git version
company-current	Run actions/checkout@de0fac2e4500dabe0009e67214ff5f5447ce83dd	2026-10-10T12:41:03.7683765Z git version 2.55.0
company-current	Run actions/checkout@de0fac2e4500dabe0009e67214ff5f5447ce83dd	2026-10-10T12:41:03.7700578Z ##[endgroup]
company-current	Run actions/checkout@de0fac2e4500dabe0009e67214ff5f5447ce83dd	2026-10-10T12:41:03.7711376Z Temporarily overriding HOME='/home/runner/work/_temp/12996577-e86a-4ee7-a3ee-311e5efe92e0' before making global git config changes
company-current	Run actions/checkout@de0fac2e4500dabe0009e67214ff5f5447ce83dd	2026-10-10T12:41:03.7712940Z Adding repository directory to the temporary git global config as a safe directory
company-current	Run actions/checkout@de0fac2e4500dabe0009e67214ff5f5447ce83dd	2026-10-10T12:41:03.7715439Z [command]/usr/bin/git config --global --add safe.directory /home/runner/work/SEC_metrics/SEC_metrics
company-current	Run actions/checkout@de0fac2e4500dabe0009e67214ff5f5447ce83dd	2026-10-10T12:41:03.7767264Z Deleting the contents of '/home/runner/work/SEC_metrics/SEC_metrics'
company-current	Run actions/checkout@de0fac2e4500dabe0009e67214ff5f5447ce83dd	2026-10-10T12:41:03.7768759Z ##[group]Initializing the repository
company-current	Run actions/checkout@de0fac2e4500dabe0009e67214ff5f5447ce83dd	2026-10-10T12:41:03.7769776Z [command]/usr/bin/git init /home/runner/work/SEC_metrics/SEC_metrics
company-current	Run actions/checkout@de0fac2e4500dabe0009e67214ff5f5447ce83dd	2026-10-10T12:41:03.8053211Z hint: Using 'master' as the name for the initial branch. This default branch name
company-current	Run actions/checkout@de0fac2e4500dabe0009e67214ff5f5447ce83dd	2026-10-10T12:41:03.8054135Z hint: will change to "main" in Git 3.0. To configure the initial branch name
company-current	Run actions/checkout@de0fac2e4500dabe0009e67214ff5f5447ce83dd	2026-10-10T12:41:03.8054980Z hint: to use in all of your new repositories, which will suppress this warning,
company-current	Run actions/checkout@de0fac2e4500dabe0009e67214ff5f5447ce83dd	2026-10-10T12:41:03.8055378Z hint: call:
company-current	Run actions/checkout@de0fac2e4500dabe0009e67214ff5f5447ce83dd	2026-10-10T12:41:03.8055626Z hint:
company-current	Run actions/checkout@de0fac2e4500dabe0009e67214ff5f5447ce83dd	2026-10-10T12:41:03.8055929Z hint: 	git config --global init.defaultBranch <name>
company-current	Run actions/checkout@de0fac2e4500dabe0009e67214ff5f5447ce83dd	2026-10-10T12:41:03.8056269Z hint:
company-current	Run actions/checkout@de0fac2e4500dabe0009e67214ff5f5447ce83dd	2026-10-10T12:41:03.8056580Z hint: Names commonly chosen instead of 'master' are 'main', 'trunk' and
company-current	Run actions/checkout@de0fac2e4500dabe0009e67214ff5f5447ce83dd	2026-10-10T12:41:03.8057079Z hint: 'development'. The just-created branch can be renamed via this command:
company-current	Run actions/checkout@de0fac2e4500dabe0009e67214ff5f5447ce83dd	2026-10-10T12:41:03.8057474Z hint:
company-current	Run actions/checkout@de0fac2e4500dabe0009e67214ff5f5447ce83dd	2026-10-10T12:41:03.8057703Z hint: 	git branch -m <name>
company-current	Run actions/checkout@de0fac2e4500dabe0009e67214ff5f5447ce83dd	2026-10-10T12:41:03.8057960Z hint:
company-current	Run actions/checkout@de0fac2e4500dabe0009e67214ff5f5447ce83dd	2026-10-10T12:41:03.8058295Z hint: Disable this message with "git config set advice.defaultBranchName false"
company-current	Run actions/checkout@de0fac2e4500dabe0009e67214ff5f5447ce83dd	2026-10-10T12:41:03.8067118Z Initialized empty Git repository in /home/runner/work/SEC_metrics/SEC_metrics/.git/
company-current	Run actions/checkout@de0fac2e4500dabe0009e67214ff5f5447ce83dd	2026-10-10T12:41:03.8077722Z [command]/usr/bin/git remote add origin https://github.com/wlvh/SEC_metrics
company-current	Run actions/checkout@de0fac2e4500dabe0009e67214ff5f5447ce83dd	2026-10-10T12:41:03.8366464Z ##[endgroup]
company-current	Run actions/checkout@de0fac2e4500dabe0009e67214ff5f5447ce83dd	2026-10-10T12:41:03.8367361Z ##[group]Disabling automatic garbage collection
company-current	Run actions/checkout@de0fac2e4500dabe0009e67214ff5f5447ce83dd	2026-10-10T12:41:03.8370313Z [command]/usr/bin/git config --local gc.auto 0
company-current	Run actions/checkout@de0fac2e4500dabe0009e67214ff5f5447ce83dd	2026-10-10T12:41:03.8643997Z ##[endgroup]
company-current	Run actions/checkout@de0fac2e4500dabe0009e67214ff5f5447ce83dd	2026-10-10T12:41:03.8644642Z ##[group]Setting up auth
company-current	Run actions/checkout@de0fac2e4500dabe0009e67214ff5f5447ce83dd	2026-10-10T12:41:03.8645105Z Removing SSH command configuration
company-current	Run actions/checkout@de0fac2e4500dabe0009e67214ff5f5447ce83dd	2026-10-10T12:41:03.8645743Z [command]/usr/bin/git config --local --name-only --get-regexp core\.sshCommand
company-current	Run actions/checkout@de0fac2e4500dabe0009e67214ff5f5447ce83dd	2026-10-10T12:41:03.8677125Z [command]/usr/bin/git submodule foreach --recursive sh -c "git config --local --name-only --get-regexp 'core\.sshCommand' && git config --local --unset-all 'core.sshCommand' || :"
company-current	Run actions/checkout@de0fac2e4500dabe0009e67214ff5f5447ce83dd	2026-10-10T12:41:03.8959961Z Removing HTTP extra header
company-current	Run actions/checkout@de0fac2e4500dabe0009e67214ff5f5447ce83dd	2026-10-10T12:41:03.8963857Z [command]/usr/bin/git config --local --name-only --get-regexp http\.https\:\/\/github\.com\/\.extraheader
company-current	Run actions/checkout@de0fac2e4500dabe0009e67214ff5f5447ce83dd	2026-10-10T12:41:03.8989856Z [command]/usr/bin/git submodule foreach --recursive sh -c "git config --local --name-only --get-regexp 'http\.https\:\/\/github\.com\/\.extraheader' && git config --local --unset-all 'http.https://github.com/.extraheader' || :"
company-current	Run actions/checkout@de0fac2e4500dabe0009e67214ff5f5447ce83dd	2026-10-10T12:41:03.9163536Z Removing includeIf entries pointing to credentials config files
company-current	Run actions/checkout@de0fac2e4500dabe0009e67214ff5f5447ce83dd	2026-10-10T12:41:03.9167235Z [command]/usr/bin/git config --local --name-only --get-regexp ^includeIf\.gitdir:
company-current	Run actions/checkout@de0fac2e4500dabe0009e67214ff5f5447ce83dd	2026-10-10T12:41:03.9194703Z [command]/usr/bin/git submodule foreach --recursive git config --local --show-origin --name-only --get-regexp remote.origin.url
company-current	Run actions/checkout@de0fac2e4500dabe0009e67214ff5f5447ce83dd	2026-10-10T12:41:03.9368824Z [command]/usr/bin/git config --file /home/runner/work/_temp/git-credentials-87740d6f-fe1e-4243-bfc9-6e9f1b9354cb.config http.https://github.com/.extraheader AUTHORIZATION: basic ***
company-current	Run actions/checkout@de0fac2e4500dabe0009e67214ff5f5447ce83dd	2026-10-10T12:41:03.9441025Z [command]/usr/bin/git config --local includeIf.gitdir:/home/runner/work/SEC_metrics/SEC_metrics/.git.path /home/runner/work/_temp/git-credentials-87740d6f-fe1e-4243-bfc9-6e9f1b9354cb.config
company-current	Run actions/checkout@de0fac2e4500dabe0009e67214ff5f5447ce83dd	2026-10-10T12:41:03.9553337Z [command]/usr/bin/git config --local includeIf.gitdir:/home/runner/work/SEC_metrics/SEC_metrics/.git/worktrees/*.path /home/runner/work/_temp/git-credentials-87740d6f-fe1e-4243-bfc9-6e9f1b9354cb.config
company-current	Run actions/checkout@de0fac2e4500dabe0009e67214ff5f5447ce83dd	2026-10-10T12:41:03.9745270Z [command]/usr/bin/git config --local includeIf.gitdir:/github/workspace/.git.path /github/runner_temp/git-credentials-87740d6f-fe1e-4243-bfc9-6e9f1b9354cb.config
company-current	Run actions/checkout@de0fac2e4500dabe0009e67214ff5f5447ce83dd	2026-10-10T12:41:03.9847905Z [command]/usr/bin/git config --local includeIf.gitdir:/github/workspace/.git/worktrees/*.path /github/runner_temp/git-credentials-87740d6f-fe1e-4243-bfc9-6e9f1b9354cb.config
company-current	Run actions/checkout@de0fac2e4500dabe0009e67214ff5f5447ce83dd	2026-10-10T12:41:03.9944156Z ##[endgroup]
company-current	Run actions/checkout@de0fac2e4500dabe0009e67214ff5f5447ce83dd	2026-10-10T12:41:03.9944750Z ##[group]Fetching the repository
company-current	Run actions/checkout@de0fac2e4500dabe0009e67214ff5f5447ce83dd	2026-10-10T12:41:03.9950609Z [command]/usr/bin/git -c protocol.version=2 fetch --no-tags --prune --no-recurse-submodules --depth=1 origin +663e4b9e7c7bc24d847c544d67495a14b3488b2b:refs/remotes/pull/149/merge
company-current	Run actions/checkout@de0fac2e4500dabe0009e67214ff5f5447ce83dd	2026-10-10T12:41:14.5894070Z From https://github.com/wlvh/SEC_metrics
company-current	Run actions/checkout@de0fac2e4500dabe0009e67214ff5f5447ce83dd	2026-10-10T12:41:14.5895671Z  * [new ref]         663e4b9e7c7bc24d847c544d67495a14b3488b2b -> pull/149/merge
company-current	Run actions/checkout@de0fac2e4500dabe0009e67214ff5f5447ce83dd	2026-10-10T12:41:14.5902561Z ##[endgroup]
company-current	Run actions/checkout@de0fac2e4500dabe0009e67214ff5f5447ce83dd	2026-10-10T12:41:14.5903781Z ##[group]Determining the checkout info
company-current	Run actions/checkout@de0fac2e4500dabe0009e67214ff5f5447ce83dd	2026-10-10T12:41:14.5904734Z ##[endgroup]
company-current	Run actions/checkout@de0fac2e4500dabe0009e67214ff5f5447ce83dd	2026-10-10T12:41:14.5905249Z [command]/usr/bin/git sparse-checkout disable
company-current	Run actions/checkout@de0fac2e4500dabe0009e67214ff5f5447ce83dd	2026-10-10T12:41:14.5949940Z [command]/usr/bin/git config --local --unset-all extensions.worktreeConfig
company-current	Run actions/checkout@de0fac2e4500dabe0009e67214ff5f5447ce83dd	2026-10-10T12:41:14.5978885Z ##[group]Checking out the ref
company-current	Run actions/checkout@de0fac2e4500dabe0009e67214ff5f5447ce83dd	2026-10-10T12:41:14.5981207Z [command]/usr/bin/git checkout --progress --force refs/remotes/pull/149/merge
company-current	Run actions/checkout@de0fac2e4500dabe0009e67214ff5f5447ce83dd	2026-10-10T12:41:15.6226794Z Updating files:  67% (6173/9161)
company-current	Run actions/checkout@de0fac2e4500dabe0009e67214ff5f5447ce83dd	2026-10-10T12:41:15.6461209Z Updating files:  68% (6230/9161)
company-current	Run actions/checkout@de0fac2e4500dabe0009e67214ff5f5447ce83dd	2026-10-10T12:41:15.7035223Z Updating files:  69% (6322/9161)
company-current	Run actions/checkout@de0fac2e4500dabe0009e67214ff5f5447ce83dd	2026-10-10T12:41:15.8286131Z Updating files:  70% (6413/9161)
company-current	Run actions/checkout@de0fac2e4500dabe0009e67214ff5f5447ce83dd	2026-10-10T12:41:15.8401166Z Updating files:  71% (6505/9161)
company-current	Run actions/checkout@de0fac2e4500dabe0009e67214ff5f5447ce83dd	2026-10-10T12:41:15.8499498Z Updating files:  72% (6596/9161)
company-current	Run actions/checkout@de0fac2e4500dabe0009e67214ff5f5447ce83dd	2026-10-10T12:41:15.8620859Z Updating files:  73% (6688/9161)
company-current	Run actions/checkout@de0fac2e4500dabe0009e67214ff5f5447ce83dd	2026-10-10T12:41:15.8696107Z Updating files:  74% (6780/9161)
company-current	Run actions/checkout@de0fac2e4500dabe0009e67214ff5f5447ce83dd	2026-10-10T12:41:15.8828342Z Updating files:  75% (6871/9161)
company-current	Run actions/checkout@de0fac2e4500dabe0009e67214ff5f5447ce83dd	2026-10-10T12:41:15.8960239Z Updating files:  76% (6963/9161)
company-current	Run actions/checkout@de0fac2e4500dabe0009e67214ff5f5447ce83dd	2026-10-10T12:41:15.9063024Z Updating files:  77% (7054/9161)
company-current	Run actions/checkout@de0fac2e4500dabe0009e67214ff5f5447ce83dd	2026-10-10T12:41:15.9220798Z Updating files:  78% (7146/9161)
company-current	Run actions/checkout@de0fac2e4500dabe0009e67214ff5f5447ce83dd	2026-10-10T12:41:15.9461224Z Updating files:  79% (7238/9161)
company-current	Run actions/checkout@de0fac2e4500dabe0009e67214ff5f5447ce83dd	2026-10-10T12:41:15.9642548Z Updating files:  80% (7329/9161)
company-current	Run actions/checkout@de0fac2e4500dabe0009e67214ff5f5447ce83dd	2026-10-10T12:41:15.9694910Z Updating files:  81% (7421/9161)
company-current	Run actions/checkout@de0fac2e4500dabe0009e67214ff5f5447ce83dd	2026-10-10T12:41:15.9926109Z Updating files:  82% (7513/9161)
company-current	Run actions/checkout@de0fac2e4500dabe0009e67214ff5f5447ce83dd	2026-10-10T12:41:16.0112988Z Updating files:  83% (7604/9161)
company-current	Run actions/checkout@de0fac2e4500dabe0009e67214ff5f5447ce83dd	2026-10-10T12:41:16.0179606Z Updating files:  84% (7696/9161)
company-current	Run actions/checkout@de0fac2e4500dabe0009e67214ff5f5447ce83dd	2026-10-10T12:41:16.0230838Z Updating files:  85% (7787/9161)
company-current	Run actions/checkout@de0fac2e4500dabe0009e67214ff5f5447ce83dd	2026-10-10T12:41:16.0271836Z Updating files:  86% (7879/9161)
company-current	Run actions/checkout@de0fac2e4500dabe0009e67214ff5f5447ce83dd	2026-10-10T12:41:16.0361001Z Updating files:  87% (7971/9161)
company-current	Run actions/checkout@de0fac2e4500dabe0009e67214ff5f5447ce83dd	2026-10-10T12:41:16.0597155Z Updating files:  88% (8062/9161)
company-current	Run actions/checkout@de0fac2e4500dabe0009e67214ff5f5447ce83dd	2026-10-10T12:41:16.0798108Z Updating files:  89% (8154/9161)
company-current	Run actions/checkout@de0fac2e4500dabe0009e67214ff5f5447ce83dd	2026-10-10T12:41:16.0838175Z Updating files:  90% (8245/9161)
company-current	Run actions/checkout@de0fac2e4500dabe0009e67214ff5f5447ce83dd	2026-10-10T12:41:16.0941010Z Updating files:  91% (8337/9161)
company-current	Run actions/checkout@de0fac2e4500dabe0009e67214ff5f5447ce83dd	2026-10-10T12:41:16.1008006Z Updating files:  92% (8429/9161)
company-current	Run actions/checkout@de0fac2e4500dabe0009e67214ff5f5447ce83dd	2026-10-10T12:41:16.1090470Z Updating files:  93% (8520/9161)
company-current	Run actions/checkout@de0fac2e4500dabe0009e67214ff5f5447ce83dd	2026-10-10T12:41:16.1167878Z Updating files:  94% (8612/9161)
company-current	Run actions/checkout@de0fac2e4500dabe0009e67214ff5f5447ce83dd	2026-10-10T12:41:16.1234208Z Updating files:  95% (8703/9161)
company-current	Run actions/checkout@de0fac2e4500dabe0009e67214ff5f5447ce83dd	2026-10-10T12:41:16.1307735Z Updating files:  96% (8795/9161)
company-current	Run actions/checkout@de0fac2e4500dabe0009e67214ff5f5447ce83dd	2026-10-10T12:41:16.1374184Z Updating files:  97% (8887/9161)
company-current	Run actions/checkout@de0fac2e4500dabe0009e67214ff5f5447ce83dd	2026-10-10T12:41:16.1432235Z Updating files:  98% (8978/9161)
company-current	Run actions/checkout@de0fac2e4500dabe0009e67214ff5f5447ce83dd	2026-10-10T12:41:16.1495229Z Updating files:  99% (9070/9161)
company-current	Run actions/checkout@de0fac2e4500dabe0009e67214ff5f5447ce83dd	2026-10-10T12:41:16.1495612Z Updating files: 100% (9161/9161)
company-current	Run actions/checkout@de0fac2e4500dabe0009e67214ff5f5447ce83dd	2026-10-10T12:41:16.1495869Z Updating files: 100% (9161/9161), done.
company-current	Run actions/checkout@de0fac2e4500dabe0009e67214ff5f5447ce83dd	2026-10-10T12:41:16.1723264Z Note: switching to 'refs/remotes/pull/149/merge'.
company-current	Run actions/checkout@de0fac2e4500dabe0009e67214ff5f5447ce83dd	2026-10-10T12:41:16.1723595Z 
company-current	Run actions/checkout@de0fac2e4500dabe0009e67214ff5f5447ce83dd	2026-10-10T12:41:16.1723777Z You are in 'detached HEAD' state. You can look around, make experimental
company-current	Run actions/checkout@de0fac2e4500dabe0009e67214ff5f5447ce83dd	2026-10-10T12:41:16.1724204Z changes and commit them, and you can discard any commits you make in this
company-current	Run actions/checkout@de0fac2e4500dabe0009e67214ff5f5447ce83dd	2026-10-10T12:41:16.1724607Z state without impacting any branches by switching back to a branch.
company-current	Run actions/checkout@de0fac2e4500dabe0009e67214ff5f5447ce83dd	2026-10-10T12:41:16.1724849Z 
company-current	Run actions/checkout@de0fac2e4500dabe0009e67214ff5f5447ce83dd	2026-10-10T12:41:16.1725107Z If you want to create a new branch to retain commits you create, you may
company-current	Run actions/checkout@de0fac2e4500dabe0009e67214ff5f5447ce83dd	2026-10-10T12:41:16.1725521Z do so (now or later) by using -c with the switch command. Example:
company-current	Run actions/checkout@de0fac2e4500dabe0009e67214ff5f5447ce83dd	2026-10-10T12:41:16.1725790Z 
company-current	Run actions/checkout@de0fac2e4500dabe0009e67214ff5f5447ce83dd	2026-10-10T12:41:16.1725931Z   git switch -c <new-branch-name>
company-current	Run actions/checkout@de0fac2e4500dabe0009e67214ff5f5447ce83dd	2026-10-10T12:41:16.1726229Z 
company-current	Run actions/checkout@de0fac2e4500dabe0009e67214ff5f5447ce83dd	2026-10-10T12:41:16.1726398Z Or undo this operation with:
company-current	Run actions/checkout@de0fac2e4500dabe0009e67214ff5f5447ce83dd	2026-10-10T12:41:16.1726529Z 
company-current	Run actions/checkout@de0fac2e4500dabe0009e67214ff5f5447ce83dd	2026-10-10T12:41:16.1726583Z   git switch -
company-current	Run actions/checkout@de0fac2e4500dabe0009e67214ff5f5447ce83dd	2026-10-10T12:41:16.1726666Z 
company-current	Run actions/checkout@de0fac2e4500dabe0009e67214ff5f5447ce83dd	2026-10-10T12:41:16.1726819Z Turn off this advice by setting config variable advice.detachedHead to false
company-current	Run actions/checkout@de0fac2e4500dabe0009e67214ff5f5447ce83dd	2026-10-10T12:41:16.1727011Z 
company-current	Run actions/checkout@de0fac2e4500dabe0009e67214ff5f5447ce83dd	2026-10-10T12:41:16.1727195Z HEAD is now at 663e4b9 Merge 77b777248ed958f87bce31085b94704fb29b3f0b into 98e5312e2b1e5170724055a171942f9c10f337a6
company-current	Run actions/checkout@de0fac2e4500dabe0009e67214ff5f5447ce83dd	2026-10-10T12:41:16.1808799Z ##[endgroup]
company-current	Run actions/checkout@de0fac2e4500dabe0009e67214ff5f5447ce83dd	2026-10-10T12:41:16.2140379Z [command]/usr/bin/git log -1 --format=%H
company-current	Run actions/checkout@de0fac2e4500dabe0009e67214ff5f5447ce83dd	2026-10-10T12:41:16.2166947Z 663e4b9e7c7bc24d847c544d67495a14b3488b2b
company-current	Run actions/checkout@de0fac2e4500dabe0009e67214ff5f5447ce83dd	2026-10-10T12:41:16.2192949Z ##[group]Removing auth
company-current	Run actions/checkout@de0fac2e4500dabe0009e67214ff5f5447ce83dd	2026-10-10T12:41:16.2193687Z Removing SSH command configuration
company-current	Run actions/checkout@de0fac2e4500dabe0009e67214ff5f5447ce83dd	2026-10-10T12:41:16.2194100Z [command]/usr/bin/git config --local --name-only --get-regexp core\.sshCommand
company-current	Run actions/checkout@de0fac2e4500dabe0009e67214ff5f5447ce83dd	2026-10-10T12:41:16.2229736Z [command]/usr/bin/git submodule foreach --recursive sh -c "git config --local --name-only --get-regexp 'core\.sshCommand' && git config --local --unset-all 'core.sshCommand' || :"
company-current	Run actions/checkout@de0fac2e4500dabe0009e67214ff5f5447ce83dd	2026-10-10T12:41:16.2442786Z Removing HTTP extra header
company-current	Run actions/checkout@de0fac2e4500dabe0009e67214ff5f5447ce83dd	2026-10-10T12:41:16.2506865Z [command]/usr/bin/git config --local --name-only --get-regexp http\.https\:\/\/github\.com\/\.extraheader
company-current	Run actions/checkout@de0fac2e4500dabe0009e67214ff5f5447ce83dd	2026-10-10T12:41:16.2510009Z [command]/usr/bin/git submodule foreach --recursive sh -c "git config --local --name-only --get-regexp 'http\.https\:\/\/github\.com\/\.extraheader' && git config --local --unset-all 'http.https://github.com/.extraheader' || :"
company-current	Run actions/checkout@de0fac2e4500dabe0009e67214ff5f5447ce83dd	2026-10-10T12:41:16.2684160Z Removing includeIf entries pointing to credentials config files
company-current	Run actions/checkout@de0fac2e4500dabe0009e67214ff5f5447ce83dd	2026-10-10T12:41:16.2687572Z [command]/usr/bin/git config --local --name-only --get-regexp ^includeIf\.gitdir:
company-current	Run actions/checkout@de0fac2e4500dabe0009e67214ff5f5447ce83dd	2026-10-10T12:41:16.2716275Z includeif.gitdir:/home/runner/work/SEC_metrics/SEC_metrics/.git.path
company-current	Run actions/checkout@de0fac2e4500dabe0009e67214ff5f5447ce83dd	2026-10-10T12:41:16.2716840Z includeif.gitdir:/home/runner/work/SEC_metrics/SEC_metrics/.git/worktrees/*.path
company-current	Run actions/checkout@de0fac2e4500dabe0009e67214ff5f5447ce83dd	2026-10-10T12:41:16.2717245Z includeif.gitdir:/github/workspace/.git.path
company-current	Run actions/checkout@de0fac2e4500dabe0009e67214ff5f5447ce83dd	2026-10-10T12:41:16.2717604Z includeif.gitdir:/github/workspace/.git/worktrees/*.path
company-current	Run actions/checkout@de0fac2e4500dabe0009e67214ff5f5447ce83dd	2026-10-10T12:41:16.2725702Z [command]/usr/bin/git config --local --get-all includeif.gitdir:/home/runner/work/SEC_metrics/SEC_metrics/.git.path
company-current	Run actions/checkout@de0fac2e4500dabe0009e67214ff5f5447ce83dd	2026-10-10T12:41:16.2748116Z /home/runner/work/_temp/git-credentials-87740d6f-fe1e-4243-bfc9-6e9f1b9354cb.config
company-current	Run actions/checkout@de0fac2e4500dabe0009e67214ff5f5447ce83dd	2026-10-10T12:41:16.2757998Z [command]/usr/bin/git config --local --unset includeif.gitdir:/home/runner/work/SEC_metrics/SEC_metrics/.git.path /home/runner/work/_temp/git-credentials-87740d6f-fe1e-4243-bfc9-6e9f1b9354cb.config
company-current	Run actions/checkout@de0fac2e4500dabe0009e67214ff5f5447ce83dd	2026-10-10T12:41:16.2823899Z [command]/usr/bin/git config --local --get-all includeif.gitdir:/home/runner/work/SEC_metrics/SEC_metrics/.git/worktrees/*.path
company-current	Run actions/checkout@de0fac2e4500dabe0009e67214ff5f5447ce83dd	2026-10-10T12:41:16.2848222Z /home/runner/work/_temp/git-credentials-87740d6f-fe1e-4243-bfc9-6e9f1b9354cb.config
company-current	Run actions/checkout@de0fac2e4500dabe0009e67214ff5f5447ce83dd	2026-10-10T12:41:16.2852817Z [command]/usr/bin/git config --local --unset includeif.gitdir:/home/runner/work/SEC_metrics/SEC_metrics/.git/worktrees/*.path /home/runner/work/_temp/git-credentials-87740d6f-fe1e-4243-bfc9-6e9f1b9354cb.config
company-current	Run actions/checkout@de0fac2e4500dabe0009e67214ff5f5447ce83dd	2026-10-10T12:41:16.3327265Z [command]/usr/bin/git config --local --get-all includeif.gitdir:/github/workspace/.git.path
company-current	Run actions/checkout@de0fac2e4500dabe0009e67214ff5f5447ce83dd	2026-10-10T12:41:16.3351803Z /github/runner_temp/git-credentials-87740d6f-fe1e-4243-bfc9-6e9f1b9354cb.config
company-current	Run actions/checkout@de0fac2e4500dabe0009e67214ff5f5447ce83dd	2026-10-10T12:41:16.3359764Z [command]/usr/bin/git config --local --unset includeif.gitdir:/github/workspace/.git.path /github/runner_temp/git-credentials-87740d6f-fe1e-4243-bfc9-6e9f1b9354cb.config
company-current	Run actions/checkout@de0fac2e4500dabe0009e67214ff5f5447ce83dd	2026-10-10T12:41:16.3933452Z [command]/usr/bin/git config --local --get-all includeif.gitdir:/github/workspace/.git/worktrees/*.path
company-current	Run actions/checkout@de0fac2e4500dabe0009e67214ff5f5447ce83dd	2026-10-10T12:41:16.3961245Z /github/runner_temp/git-credentials-87740d6f-fe1e-4243-bfc9-6e9f1b9354cb.config
company-current	Run actions/checkout@de0fac2e4500dabe0009e67214ff5f5447ce83dd	2026-10-10T12:41:16.3967627Z [command]/usr/bin/git config --local --unset includeif.gitdir:/github/workspace/.git/worktrees/*.path /github/runner_temp/git-credentials-87740d6f-fe1e-4243-bfc9-6e9f1b9354cb.config
company-current	Run actions/checkout@de0fac2e4500dabe0009e67214ff5f5447ce83dd	2026-10-10T12:41:16.4847255Z [command]/usr/bin/git submodule foreach --recursive git config --local --show-origin --name-only --get-regexp remote.origin.url
company-current	Run actions/checkout@de0fac2e4500dabe0009e67214ff5f5447ce83dd	2026-10-10T12:41:16.5052747Z Removing credentials config '/home/runner/work/_temp/git-credentials-87740d6f-fe1e-4243-bfc9-6e9f1b9354cb.config'
company-current	Run actions/checkout@de0fac2e4500dabe0009e67214ff5f5447ce83dd	2026-10-10T12:41:16.5061954Z ##[endgroup]
company-current	Run actions/setup-python@a309ff8b426b58ec0e2a45f0f869d46889d02405	﻿2026-10-10T12:41:16.5847748Z ##[group]Run actions/setup-python@a309ff8b426b58ec0e2a45f0f869d46889d02405
company-current	Run actions/setup-python@a309ff8b426b58ec0e2a45f0f869d46889d02405	2026-10-10T12:41:16.5847989Z with:
company-current	Run actions/setup-python@a309ff8b426b58ec0e2a45f0f869d46889d02405	2026-10-10T12:41:16.5848108Z   python-version: 3.14
company-current	Run actions/setup-python@a309ff8b426b58ec0e2a45f0f869d46889d02405	2026-10-10T12:41:16.5848237Z   check-latest: false
company-current	Run actions/setup-python@a309ff8b426b58ec0e2a45f0f869d46889d02405	2026-10-10T12:41:16.5849543Z   token: ***
company-current	Run actions/setup-python@a309ff8b426b58ec0e2a45f0f869d46889d02405	2026-10-10T12:41:16.5849663Z   update-environment: true
company-current	Run actions/setup-python@a309ff8b426b58ec0e2a45f0f869d46889d02405	2026-10-10T12:41:16.5849804Z   allow-prereleases: false
company-current	Run actions/setup-python@a309ff8b426b58ec0e2a45f0f869d46889d02405	2026-10-10T12:41:16.5849930Z   freethreaded: false
company-current	Run actions/setup-python@a309ff8b426b58ec0e2a45f0f869d46889d02405	2026-10-10T12:41:16.5850051Z ##[endgroup]
company-current	Run actions/setup-python@a309ff8b426b58ec0e2a45f0f869d46889d02405	2026-10-10T12:41:16.6738959Z ##[group]Installed versions
company-current	Run actions/setup-python@a309ff8b426b58ec0e2a45f0f869d46889d02405	2026-10-10T12:41:16.6864786Z Successfully set up CPython (3.14.8)
company-current	Run actions/setup-python@a309ff8b426b58ec0e2a45f0f869d46889d02405	2026-10-10T12:41:16.6865213Z ##[endgroup]
company-current	Saved source through calculation, records, CSV and reading	﻿2026-10-10T12:41:16.7533092Z ##[group]Run python3 -m unittest tests.vnext.test_saved_source_checks tests.vnext.test_separate_rule_root tests.vnext.test_company_current_records tests.vnext.test_ordinary_current_update tests.vnext.test_company_parse_reuse tests.vnext.test_precalculated_case tests.vnext.test_selected_lodging_calculation tests.vnext.test_selected_lodging_source tests.vnext.test_deterministic_router.DeterministicRouterTest.test_five_adapters_emit_deterministic_verified_claims tests.vnext.test_deterministic_router.DeterministicRouterTest.test_source_set_tamper_and_metric_specific_branch_fail tests.vnext.test_runtime_tools tests.vnext.test_b03_current_input_scope tests.vnext.test_xbrl_namespace_policy tests.vnext.test_dei_release_selection tests.vnext.test_successor_income_projection tests.vnext.test_event_rule_root tests.vnext.test_financial_dei_release tests.vnext.test_reported_average_period tests.vnext.test_bank_scope_dei_release tests.vnext.test_reporting_company_projection tests.vnext.test_selected_revenue_scope_v1 tests.vnext.test_selected_reported_revenue_v2 tests.vnext.test_current_reported_revenue -v
company-current	Saved source through calculation, records, CSV and reading	2026-10-10T12:41:16.7537256Z ^[[36;1mpython3 -m unittest tests.vnext.test_saved_source_checks tests.vnext.test_separate_rule_root tests.vnext.test_company_current_records tests.vnext.test_ordinary_current_update tests.vnext.test_company_parse_reuse tests.vnext.test_precalculated_case tests.vnext.test_selected_lodging_calculation tests.vnext.test_selected_lodging_source tests.vnext.test_deterministic_router.DeterministicRouterTest.test_five_adapters_emit_deterministic_verified_claims tests.vnext.test_deterministic_router.DeterministicRouterTest.test_source_set_tamper_and_metric_specific_branch_fail tests.vnext.test_runtime_tools tests.vnext.test_b03_current_input_scope tests.vnext.test_xbrl_namespace_policy tests.vnext.test_dei_release_selection tests.vnext.test_successor_income_projection tests.vnext.test_event_rule_root tests.vnext.test_financial_dei_release tests.vnext.test_reported_average_period tests.vnext.test_bank_scope_dei_release tests.vnext.test_reporting_company_projection tests.vnext.test_selected_revenue_scope_v1 tests.vnext.test_selected_reported_revenue_v2 tests.vnext.test_current_reported_revenue -v^[[0m
company-current	Saved source through calculation, records, CSV and reading	2026-10-10T12:41:16.8648410Z shell: /usr/bin/bash -e {0}
company-current	Saved source through calculation, records, CSV and reading	2026-10-10T12:41:16.8648612Z env:
company-current	Saved source through calculation, records, CSV and reading	2026-10-10T12:41:16.8648786Z   pythonLocation: /opt/hostedtoolcache/Python/3.14.8/x64
company-current	Saved source through calculation, records, CSV and reading	2026-10-10T12:41:16.8649049Z   PKG_CONFIG_PATH: /opt/hostedtoolcache/Python/3.14.8/x64/lib/pkgconfig
company-current	Saved source through calculation, records, CSV and reading	2026-10-10T12:41:16.8649285Z   Python_ROOT_DIR: /opt/hostedtoolcache/Python/3.14.8/x64
company-current	Saved source through calculation, records, CSV and reading	2026-10-10T12:41:16.8649490Z   Python2_ROOT_DIR: /opt/hostedtoolcache/Python/3.14.8/x64
company-current	Saved source through calculation, records, CSV and reading	2026-10-10T12:41:16.8649692Z   Python3_ROOT_DIR: /opt/hostedtoolcache/Python/3.14.8/x64
company-current	Saved source through calculation, records, CSV and reading	2026-10-10T12:41:16.8649898Z   LD_LIBRARY_PATH: /opt/hostedtoolcache/Python/3.14.8/x64/lib
company-current	Saved source through calculation, records, CSV and reading	2026-10-10T12:41:16.8650103Z   PYTHONDONTWRITEBYTECODE: 1
company-current	Saved source through calculation, records, CSV and reading	2026-10-10T12:41:16.8650240Z ##[endgroup]
company-current	Saved source through calculation, records, CSV and reading	2026-10-10T12:41:20.3418946Z test_helper_import_does_not_load_release_or_requirement (tests.vnext.test_saved_source_checks.RequestBindingsCompatibilityTest.test_helper_import_does_not_load_release_or_requirement) ... ok
company-current	Saved source through calculation, records, CSV and reading	2026-10-10T12:41:20.3419799Z test_original_imports_keep_same_exception_and_helpers (tests.vnext.test_saved_source_checks.RequestBindingsCompatibilityTest.test_original_imports_keep_same_exception_and_helpers) ... ok
company-current	Saved source through calculation, records, CSV and reading	2026-10-10T12:41:20.9901272Z test_complete_saved_package_without_git_journal_checks_actual_bytes (tests.vnext.test_saved_source_checks.SavedSourceChecksTest.test_complete_saved_package_without_git_journal_checks_actual_bytes) ... ok
company-current	Saved source through calculation, records, CSV and reading	2026-10-10T12:41:21.0464692Z test_corrupted_body_or_headers_are_rejected (tests.vnext.test_saved_source_checks.SavedSourceChecksTest.test_corrupted_body_or_headers_are_rejected) ... ok
company-current	Saved source through calculation, records, CSV and reading	2026-10-10T12:41:21.0493808Z test_empty_scope_is_not_complete (tests.vnext.test_saved_source_checks.SavedSourceChecksTest.test_empty_scope_is_not_complete) ... ok
company-current	Saved source through calculation, records, CSV and reading	2026-10-10T12:41:21.0776039Z test_later_failed_request_cannot_be_hidden_by_old_success (tests.vnext.test_saved_source_checks.SavedSourceChecksTest.test_later_failed_request_cannot_be_hidden_by_old_success) ... ok
company-current	Saved source through calculation, records, CSV and reading	2026-10-10T12:41:21.1302338Z test_missing_or_changed_attempt_identity_is_rejected (tests.vnext.test_saved_source_checks.SavedSourceChecksTest.test_missing_or_changed_attempt_identity_is_rejected) ... ok
company-current	Saved source through calculation, records, CSV and reading	2026-10-10T12:41:21.1588397Z test_missing_selected_body_is_rejected (tests.vnext.test_saved_source_checks.SavedSourceChecksTest.test_missing_selected_body_is_rejected) ... ok
company-current	Saved source through calculation, records, CSV and reading	2026-10-10T12:41:21.2031867Z test_wrong_filing_or_document_identity_is_rejected (tests.vnext.test_saved_source_checks.SavedSourceChecksTest.test_wrong_filing_or_document_identity_is_rejected) ... ok
company-current	Saved source through calculation, records, CSV and reading	2026-10-10T12:41:41.2292253Z test_noncalendar_rpo_and_bank_ratios_complete_without_rules_in_source (tests.vnext.test_separate_rule_root.NativeRuleRootTest.test_noncalendar_rpo_and_bank_ratios_complete_without_rules_in_source) ... ok
company-current	Saved source through calculation, records, CSV and reading	2026-10-10T12:41:41.2381080Z test_wrong_native_subject_is_rejected_before_completion (tests.vnext.test_separate_rule_root.NativeRuleRootTest.test_wrong_native_subject_is_rejected_before_completion) ... ok
company-current	Saved source through calculation, records, CSV and reading	2026-10-10T12:41:55.4856761Z test_b02_uses_actual_comparative_original_without_calculation_rules_in_source (tests.vnext.test_separate_rule_root.SeparateRuleRootTest.test_b02_uses_actual_comparative_original_without_calculation_rules_in_source) ... ok
company-current	Saved source through calculation, records, CSV and reading	2026-10-10T12:41:55.4858869Z test_existing_shared_lodging_calculation_uses_program_rules_and_keeps_source_only (tests.vnext.test_separate_rule_root.SeparateRuleRootTest.test_existing_shared_lodging_calculation_uses_program_rules_and_keeps_source_only) ... ok
company-current	Saved source through calculation, records, CSV and reading	2026-10-10T12:41:55.4860139Z test_no_catalog_rules_code_or_answers_required_in_source_root (tests.vnext.test_separate_rule_root.SeparateRuleRootTest.test_no_catalog_rules_code_or_answers_required_in_source_root) ... ok
company-current	Saved source through calculation, records, CSV and reading	2026-10-10T12:41:55.4958663Z test_registry_subject_change_is_not_hidden_by_program_rules (tests.vnext.test_separate_rule_root.SeparateRuleRootTest.test_registry_subject_change_is_not_hidden_by_program_rules) ... ok
company-current	Saved source through calculation, records, CSV and reading	2026-10-10T12:41:55.4972142Z test_saved_result_read_retains_value_unit_period_and_source_rows (tests.vnext.test_separate_rule_root.SeparateRuleRootTest.test_saved_result_read_retains_value_unit_period_and_source_rows) ... ok
company-current	Saved source through calculation, records, CSV and reading	2026-10-10T12:41:55.5260185Z test_common_company_reader_keeps_other_metric_after_subset_run (tests.vnext.test_company_current_records.CurrentCompanyTest.test_common_company_reader_keeps_other_metric_after_subset_run) ... ok
company-current	Saved source through calculation, records, CSV and reading	2026-10-10T12:41:55.5355194Z test_common_read_exports_csv_and_honours_supplied_defects_without_update (tests.vnext.test_company_current_records.CurrentCompanyTest.test_common_read_exports_csv_and_honours_supplied_defects_without_update) ... ok
company-current	Saved source through calculation, records, CSV and reading	2026-10-10T12:41:55.5374520Z test_competing_writer_does_not_enter_calculation (tests.vnext.test_company_current_records.CurrentCompanyTest.test_competing_writer_does_not_enter_calculation) ... ok
company-current	Saved source through calculation, records, CSV and reading	2026-10-10T12:41:55.5485228Z test_completed_pointer_cannot_label_a_success_record_as_withheld (tests.vnext.test_company_current_records.CurrentCompanyTest.test_completed_pointer_cannot_label_a_success_record_as_withheld) ... ok
company-current	Saved source through calculation, records, CSV and reading	2026-10-10T12:41:55.5598448Z test_completed_withheld_survives_a_later_different_metric_request (tests.vnext.test_company_current_records.CurrentCompanyTest.test_completed_withheld_survives_a_later_different_metric_request) ... ok
company-current	Saved source through calculation, records, CSV and reading	2026-10-10T12:41:55.5727633Z test_current_failure_does_not_hide_an_existing_exact_known_defect (tests.vnext.test_company_current_records.CurrentCompanyTest.test_current_failure_does_not_hide_an_existing_exact_known_defect) ... ok
company-current	Saved source through calculation, records, CSV and reading	2026-10-10T12:41:55.5819028Z test_daily_read_does_not_select_sources_or_run_update (tests.vnext.test_company_current_records.CurrentCompanyTest.test_daily_read_does_not_select_sources_or_run_update) ... ok
company-current	Saved source through calculation, records, CSV and reading	2026-10-10T12:41:55.5873094Z test_existing_local_entry_selects_saved_branch_without_configure_task (tests.vnext.test_company_current_records.CurrentCompanyTest.test_existing_local_entry_selects_saved_branch_without_configure_task) ... ok
company-current	Saved source through calculation, records, CSV and reading	2026-10-10T12:41:55.6135982Z test_failed_check_remains_visible_after_requesting_another_metric (tests.vnext.test_company_current_records.CurrentCompanyTest.test_failed_check_remains_visible_after_requesting_another_metric) ... ok
company-current	Saved source through calculation, records, CSV and reading	2026-10-10T12:41:55.6255062Z test_failure_detail_does_not_relabel_a_previous_success_as_current (tests.vnext.test_company_current_records.CurrentCompanyTest.test_failure_detail_does_not_relabel_a_previous_success_as_current) ... ok
company-current	Saved source through calculation, records, CSV and reading	2026-10-10T12:41:55.6326912Z test_independent_read_keeps_failed_input_reason_without_a_result (tests.vnext.test_company_current_records.CurrentCompanyTest.test_independent_read_keeps_failed_input_reason_without_a_result) ... ok
company-current	Saved source through calculation, records, CSV and reading	2026-10-10T12:41:55.6389385Z test_known_bad_exact_result_is_removed_from_numeric_csv (tests.vnext.test_company_current_records.CurrentCompanyTest.test_known_bad_exact_result_is_removed_from_numeric_csv) ... ok
company-current	Saved source through calculation, records, CSV and reading	2026-10-10T12:41:55.6437322Z test_metric_exception_is_local_not_batch_failure (tests.vnext.test_company_current_records.CurrentCompanyTest.test_metric_exception_is_local_not_batch_failure) ... ok
company-current	Saved source through calculation, records, CSV and reading	2026-10-10T12:41:55.6489178Z test_missing_ai_and_deprecated_e01_do_not_manufacture_results (tests.vnext.test_company_current_records.CurrentCompanyTest.test_missing_ai_and_deprecated_e01_do_not_manufacture_results) ... ok
company-current	Saved source through calculation, records, CSV and reading	2026-10-10T12:41:55.6622895Z test_new_withheld_result_is_shown_instead_of_old_success (tests.vnext.test_company_current_records.CurrentCompanyTest.test_new_withheld_result_is_shown_instead_of_old_success) ... ok
company-current	Saved source through calculation, records, CSV and reading	2026-10-10T12:41:55.6715242Z test_range_public_entry_isolates_missing_year_and_exports_actual_success_period (tests.vnext.test_company_current_records.CurrentCompanyTest.test_range_public_entry_isolates_missing_year_and_exports_actual_success_period) ... ok
company-current	Saved source through calculation, records, CSV and reading	2026-10-10T12:41:55.6737625Z test_range_requires_unique_bounded_years_and_existing_factory (tests.vnext.test_company_current_records.CurrentCompanyTest.test_range_requires_unique_bounded_years_and_existing_factory) ... ok
company-current	Saved source through calculation, records, CSV and reading	2026-10-10T12:41:55.6809064Z test_same_metric_two_period_pointers_are_both_visible (tests.vnext.test_company_current_records.CurrentCompanyTest.test_same_metric_two_period_pointers_are_both_visible) ... ok
company-current	Saved source through calculation, records, CSV and reading	2026-10-10T12:41:55.6891572Z test_source_binding_and_old_task_are_not_reset (tests.vnext.test_company_current_records.CurrentCompanyTest.test_source_binding_and_old_task_are_not_reset) ... ok
company-current	Saved source through calculation, records, CSV and reading	2026-10-10T12:41:55.6985219Z test_source_failure_preserves_old_period_and_other_metric_continues (tests.vnext.test_company_current_records.CurrentCompanyTest.test_source_failure_preserves_old_period_and_other_metric_continues) ... ok
company-current	Saved source through calculation, records, CSV and reading	2026-10-10T12:41:55.7072416Z test_two_metrics_share_source_and_program_without_installer (tests.vnext.test_company_current_records.CurrentCompanyTest.test_two_metrics_share_source_and_program_without_installer) ... ok
company-current	Saved source through calculation, records, CSV and reading	2026-10-10T12:41:55.7168399Z test_unrelated_source_discovery_failure_still_shows_limitation (tests.vnext.test_company_current_records.CurrentCompanyTest.test_unrelated_source_discovery_failure_still_shows_limitation) ... ok
company-current	Saved source through calculation, records, CSV and reading	2026-10-10T12:41:55.7174665Z test_writable_state_cannot_overlap_source_or_code (tests.vnext.test_company_current_records.CurrentCompanyTest.test_writable_state_cannot_overlap_source_or_code) ... ok
company-current	Saved source through calculation, records, CSV and reading	2026-10-10T12:41:55.7267529Z test_wrong_metric_saved_record_is_not_exported (tests.vnext.test_company_current_records.CurrentCompanyTest.test_wrong_metric_saved_record_is_not_exported) ... ok
company-current	Saved source through calculation, records, CSV and reading	2026-10-10T12:42:01.8160463Z test_actual_scope_withheld_preserves_two_successful_numeric_results (tests.vnext.test_company_current_records.MixedSavedBusinessOutcomeTest.test_actual_scope_withheld_preserves_two_successful_numeric_results) ... ok
company-current	Saved source through calculation, records, CSV and reading	2026-10-10T12:42:02.1218718Z test_repeated_mixed_inputs_reuse_success_and_hold_without_factory (tests.vnext.test_company_current_records.MixedSavedBusinessOutcomeTest.test_repeated_mixed_inputs_reuse_success_and_hold_without_factory) ... ok
company-current	Saved source through calculation, records, CSV and reading	2026-10-10T12:42:02.1569862Z test_adding_another_metric_reuses_completed_input_in_the_actual_controller (tests.vnext.test_company_current_records.PerMetricProducerTest.test_adding_another_metric_reuses_completed_input_in_the_actual_controller) ... ok
company-current	Saved source through calculation, records, CSV and reading	2026-10-10T12:42:02.1594485Z test_bad_or_ambiguous_metric_mapping_is_rejected_before_writes (tests.vnext.test_company_current_records.PerMetricProducerTest.test_bad_or_ambiguous_metric_mapping_is_rejected_before_writes) ... ok
company-current	Saved source through calculation, records, CSV and reading	2026-10-10T12:42:02.1645418Z test_default_a13_stays_unimplemented_and_unknown_explicit_core_rejects (tests.vnext.test_company_current_records.PerMetricProducerTest.test_default_a13_stays_unimplemented_and_unknown_explicit_core_rejects) ... ok
company-current	Saved source through calculation, records, CSV and reading	2026-10-10T12:42:02.1692362Z test_each_selected_metric_keeps_its_factory_and_exact_dependencies (tests.vnext.test_company_current_records.PerMetricProducerTest.test_each_selected_metric_keeps_its_factory_and_exact_dependencies) ... ok
company-current	Saved source through calculation, records, CSV and reading	2026-10-10T12:42:02.1740610Z test_explicit_a13_factory_reaches_same_update_boundary (tests.vnext.test_company_current_records.PerMetricProducerTest.test_explicit_a13_factory_reaches_same_update_boundary) ... ok
company-current	Saved source through calculation, records, CSV and reading	2026-10-10T12:42:02.1805182Z test_explicit_a13_saved_reading_keeps_value_and_content_unaccepted (tests.vnext.test_company_current_records.PerMetricProducerTest.test_explicit_a13_saved_reading_keeps_value_and_content_unaccepted) ... ok
company-current	Saved source through calculation, records, CSV and reading	2026-10-10T12:42:02.1887767Z test_single_factory_and_dependency_tuple_are_passed_unchanged (tests.vnext.test_company_current_records.PerMetricProducerTest.test_single_factory_and_dependency_tuple_are_passed_unchanged) ... ok
company-current	Saved source through calculation, records, CSV and reading	2026-10-10T12:42:05.9788590Z test_real_marriott_values_periods_and_source_links_reach_company_csv (tests.vnext.test_company_current_records.SavedSourceCompanyEntryTest.test_real_marriott_values_periods_and_source_links_reach_company_csv) ... ok
company-current	Saved source through calculation, records, CSV and reading	2026-10-10T12:42:05.9844592Z test_real_read_does_not_parse_or_update (tests.vnext.test_company_current_records.SavedSourceCompanyEntryTest.test_real_read_does_not_parse_or_update) ... ok
company-current	Saved source through calculation, records, CSV and reading	2026-10-10T12:42:06.2304068Z test_real_reentry_never_invokes_calculation_factory (tests.vnext.test_company_current_records.SavedSourceCompanyEntryTest.test_real_reentry_never_invokes_calculation_factory) ... ok
company-current	Saved source through calculation, records, CSV and reading	2026-10-10T12:42:06.2447946Z test_completed_withheld_recovers_interrupted_pointer_write (tests.vnext.test_ordinary_current_update.CompletedWithheldUpdateTest.test_completed_withheld_recovers_interrupted_pointer_write) ... ok
company-current	Saved source through calculation, records, CSV and reading	2026-10-10T12:42:06.2517431Z test_first_withheld_repeats_without_factory_or_another_result (tests.vnext.test_ordinary_current_update.CompletedWithheldUpdateTest.test_first_withheld_repeats_without_factory_or_another_result) ... ok
company-current	Saved source through calculation, records, CSV and reading	2026-10-10T12:42:06.2587445Z test_program_exception_does_not_become_reusable_withheld (tests.vnext.test_ordinary_current_update.CompletedWithheldUpdateTest.test_program_exception_does_not_become_reusable_withheld) ... ok
company-current	Saved source through calculation, records, CSV and reading	2026-10-10T12:42:06.2692527Z test_source_and_configuration_changes_reprocess_stable_withheld (tests.vnext.test_ordinary_current_update.CompletedWithheldUpdateTest.test_source_and_configuration_changes_reprocess_stable_withheld) ... ok
company-current	Saved source through calculation, records, CSV and reading	2026-10-10T12:42:06.2796324Z test_withheld_replaces_current_conclusion_but_preserves_success_history (tests.vnext.test_ordinary_current_update.CompletedWithheldUpdateTest.test_withheld_replaces_current_conclusion_but_preserves_success_history) ... ok
company-current	Saved source through calculation, records, CSV and reading	2026-10-10T12:42:06.2929716Z test_b02_paired_scope_changes_invalidate_only_its_processing_identity (tests.vnext.test_ordinary_current_update.CurrentProcessingConfigurationTest.test_b02_paired_scope_changes_invalidate_only_its_processing_identity) ... ok
company-current	Saved source through calculation, records, CSV and reading	2026-10-10T12:42:06.3042888Z test_changed_annual_selection_and_saved_input_checks_are_not_cached (tests.vnext.test_ordinary_current_update.CurrentProcessingConfigurationTest.test_changed_annual_selection_and_saved_input_checks_are_not_cached) ... ok
company-current	Saved source through calculation, records, CSV and reading	2026-10-10T12:42:06.3247162Z test_changed_graph_reprocesses_same_input_instead_of_reusing_old_result (tests.vnext.test_ordinary_current_update.CurrentProcessingConfigurationTest.test_changed_graph_reprocesses_same_input_instead_of_reusing_old_result) ... ok
company-current	Saved source through calculation, records, CSV and reading	2026-10-10T12:42:06.3478340Z test_changed_paired_scope_rechecks_then_reuses_a_withheld_conclusion (tests.vnext.test_ordinary_current_update.CurrentProcessingConfigurationTest.test_changed_paired_scope_rechecks_then_reuses_a_withheld_conclusion) ... ok
company-current	Saved source through calculation, records, CSV and reading	2026-10-10T12:42:06.3662471Z test_consumed_deterministic_graph_is_part_of_processing_identity (tests.vnext.test_ordinary_current_update.CurrentProcessingConfigurationTest.test_consumed_deterministic_graph_is_part_of_processing_identity) ... ok
company-current	Saved source through calculation, records, CSV and reading	2026-10-10T12:42:06.3729818Z test_consumed_parser_changes_still_change_processing_identity (tests.vnext.test_ordinary_current_update.CurrentProcessingConfigurationTest.test_consumed_parser_changes_still_change_processing_identity) ... ok
company-current	Saved source through calculation, records, CSV and reading	2026-10-10T12:42:06.3796869Z test_lodging_only_changes_do_not_change_b01_processing_identity (tests.vnext.test_ordinary_current_update.CurrentProcessingConfigurationTest.test_lodging_only_changes_do_not_change_b01_processing_identity) ... ok
company-current	Saved source through calculation, records, CSV and reading	2026-10-10T12:42:06.3869207Z test_unused_legacy_source_authority_does_not_invalidate_current_input (tests.vnext.test_ordinary_current_update.CurrentProcessingConfigurationTest.test_unused_legacy_source_authority_does_not_invalidate_current_input) ... ok
company-current	Saved source through calculation, records, CSV and reading	2026-10-10T12:42:06.4141194Z test_unused_recorded_source_session_does_not_change_current_configuration (tests.vnext.test_ordinary_current_update.CurrentProcessingConfigurationTest.test_unused_recorded_source_session_does_not_change_current_configuration) ... ok
company-current	Saved source through calculation, records, CSV and reading	2026-10-10T12:42:06.4402712Z test_used_source_dependency_change_reprocesses_once_then_reuses (tests.vnext.test_ordinary_current_update.CurrentProcessingConfigurationTest.test_used_source_dependency_change_reprocesses_once_then_reuses) ... ok
company-current	Saved source through calculation, records, CSV and reading	2026-10-10T12:42:06.4410978Z test_census_uses_company_latest_bodies_not_request_identity_or_other_company (tests.vnext.test_ordinary_current_update.CurrentUpdateTest.test_census_uses_company_latest_bodies_not_request_identity_or_other_company) ... ok
company-current	Saved source through calculation, records, CSV and reading	2026-10-10T12:42:06.4479058Z test_configuration_failure_is_persisted (tests.vnext.test_ordinary_current_update.CurrentUpdateTest.test_configuration_failure_is_persisted) ... ok
company-current	Saved source through calculation, records, CSV and reading	2026-10-10T12:42:06.4574174Z test_existing_update_entry_selects_current_record_storage_explicitly (tests.vnext.test_ordinary_current_update.CurrentUpdateTest.test_existing_update_entry_selects_current_record_storage_explicitly) ... ok
company-current	Saved source through calculation, records, CSV and reading	2026-10-10T12:42:06.4643461Z test_identical_raw_and_config_never_enters_calculation (tests.vnext.test_ordinary_current_update.CurrentUpdateTest.test_identical_raw_and_config_never_enters_calculation) ... ok
company-current	Saved source through calculation, records, CSV and reading	2026-10-10T12:42:06.4711043Z test_latest_get_failure_does_not_claim_no_change_or_overwrite_success (tests.vnext.test_ordinary_current_update.CurrentUpdateTest.test_latest_get_failure_does_not_claim_no_change_or_overwrite_success) ... ok
company-current	Saved source through calculation, records, CSV and reading	2026-10-10T12:42:06.4830440Z test_new_company_file_or_processing_change_makes_new_version (tests.vnext.test_ordinary_current_update.CurrentUpdateTest.test_new_company_file_or_processing_change_makes_new_version) ... ok
company-current	Saved source through calculation, records, CSV and reading	2026-10-10T12:42:06.4838326Z test_old_native_history_requires_its_old_controller (tests.vnext.test_ordinary_current_update.CurrentUpdateTest.test_old_native_history_requires_its_old_controller) ... ok
company-current	Saved source through calculation, records, CSV and reading	2026-10-10T12:42:06.4949966Z test_saved_completion_recovers_pointer_before_next_check (tests.vnext.test_ordinary_current_update.CurrentUpdateTest.test_saved_completion_recovers_pointer_before_next_check) ... ok
company-current	Saved source through calculation, records, CSV and reading	2026-10-10T12:42:06.5031878Z test_unfinished_intent_is_interrupted_not_success (tests.vnext.test_ordinary_current_update.CurrentUpdateTest.test_unfinished_intent_is_interrupted_not_success) ... ok
company-current	Saved source through calculation, records, CSV and reading	2026-10-10T12:42:06.5038060Z test_a13_without_explicit_year_and_other_unsupported_family_stay_closed (tests.vnext.test_ordinary_current_update.SelectedPeriodUpdateTest.test_a13_without_explicit_year_and_other_unsupported_family_stay_closed) ... ok
company-current	Saved source through calculation, records, CSV and reading	2026-10-10T12:42:06.5167867Z test_completed_withheld_periods_do_not_override_current_or_each_other (tests.vnext.test_ordinary_current_update.SelectedPeriodUpdateTest.test_completed_withheld_periods_do_not_override_current_or_each_other) ... ok
company-current	Saved source through calculation, records, CSV and reading	2026-10-10T12:42:06.5446442Z test_declared_dependency_change_recalculates_but_unrelated_change_does_not (tests.vnext.test_ordinary_current_update.SelectedPeriodUpdateTest.test_declared_dependency_change_recalculates_but_unrelated_change_does_not) ... ok
company-current	Saved source through calculation, records, CSV and reading	2026-10-10T12:42:06.5475834Z test_explicit_a13_selected_case_reaches_factory_without_default_expansion (tests.vnext.test_ordinary_current_update.SelectedPeriodUpdateTest.test_explicit_a13_selected_case_reaches_factory_without_default_expansion) ... ok
company-current	Saved source through calculation, records, CSV and reading	2026-10-10T12:42:06.5597000Z test_explicit_recorded_session_dependency_still_reprocesses (tests.vnext.test_ordinary_current_update.SelectedPeriodUpdateTest.test_explicit_recorded_session_dependency_still_reprocesses) ... ok
company-current	Saved source through calculation, records, CSV and reading	2026-10-10T12:42:06.5680783Z test_period_selection_failure_retains_year_and_category (tests.vnext.test_ordinary_current_update.SelectedPeriodUpdateTest.test_period_selection_failure_retains_year_and_category) ... ok
company-current	Saved source through calculation, records, CSV and reading	2026-10-10T12:42:06.5750966Z test_processing_dependency_path_error_preserves_previous_result (tests.vnext.test_ordinary_current_update.SelectedPeriodUpdateTest.test_processing_dependency_path_error_preserves_previous_result) ... ok
company-current	Saved source through calculation, records, CSV and reading	2026-10-10T12:42:06.5755663Z test_selected_period_without_factory_never_selects_latest (tests.vnext.test_ordinary_current_update.SelectedPeriodUpdateTest.test_selected_period_without_factory_never_selects_latest) ... ok
company-current	Saved source through calculation, records, CSV and reading	2026-10-10T12:42:06.5842626Z test_two_selected_periods_have_separate_pointers_and_current_layout_stays (tests.vnext.test_ordinary_current_update.SelectedPeriodUpdateTest.test_two_selected_periods_have_separate_pointers_and_current_layout_stays) ... ok
company-current	Saved source through calculation, records, CSV and reading	2026-10-10T12:42:06.5913523Z test_unchanged_selected_period_does_not_invoke_case_factory (tests.vnext.test_ordinary_current_update.SelectedPeriodUpdateTest.test_unchanged_selected_period_does_not_invoke_case_factory) ... ok
company-current	Saved source through calculation, records, CSV and reading	2026-10-10T12:42:06.5984218Z test_wrong_selected_year_preserves_previous_pointer (tests.vnext.test_ordinary_current_update.SelectedPeriodUpdateTest.test_wrong_selected_year_preserves_previous_pointer) ... ok
company-current	Saved source through calculation, records, CSV and reading	2026-10-10T12:42:06.6002154Z test_byte_changes_are_not_cache_hits_or_identity_equivalence (tests.vnext.test_company_parse_reuse.CompanyParseReuseTest.test_byte_changes_are_not_cache_hits_or_identity_equivalence) ... ok
company-current	Saved source through calculation, records, CSV and reading	2026-10-10T12:42:06.6071911Z test_cache_is_bounded_without_omitting_later_sources (tests.vnext.test_company_parse_reuse.CompanyParseReuseTest.test_cache_is_bounded_without_omitting_later_sources) ... ok
company-current	Saved source through calculation, records, CSV and reading	2026-10-10T12:42:06.6085908Z test_nested_operations_and_failures_restore_previous_scope (tests.vnext.test_company_parse_reuse.CompanyParseReuseTest.test_nested_operations_and_failures_restore_previous_scope) ... ok
company-current	Saved source through calculation, records, CSV and reading	2026-10-10T12:42:06.6099429Z test_one_operation_parses_same_bytes_once_with_same_immutable_content (tests.vnext.test_company_parse_reuse.CompanyParseReuseTest.test_one_operation_parses_same_bytes_once_with_same_immutable_content) ... ok
company-current	Saved source through calculation, records, CSV and reading	2026-10-10T12:42:06.6113094Z test_reused_parse_does_not_bypass_consumer_company_or_period_checks (tests.vnext.test_company_parse_reuse.CompanyParseReuseTest.test_reused_parse_does_not_bypass_consumer_company_or_period_checks) ... ok
company-current	Saved source through calculation, records, CSV and reading	2026-10-10T12:42:10.1206803Z test_current_metric_and_evidence_rows_keep_the_actual_reporter (tests.vnext.test_precalculated_case.PrecalculatedCaseTest.test_current_metric_and_evidence_rows_keep_the_actual_reporter) ... ok
company-current	Saved source through calculation, records, CSV and reading	2026-10-10T12:42:10.2345376Z test_independent_read_checks_changed_or_missing_shared_material (tests.vnext.test_precalculated_case.PrecalculatedCaseTest.test_independent_read_checks_changed_or_missing_shared_material) ... ok
company-current	Saved source through calculation, records, CSV and reading	2026-10-10T12:42:10.2383480Z test_modified_trace_is_rejected_before_completion (tests.vnext.test_precalculated_case.PrecalculatedCaseTest.test_modified_trace_is_rejected_before_completion) ... ok
company-current	Saved source through calculation, records, CSV and reading	2026-10-10T12:42:10.3492593Z test_projection_consumes_selected_annual_input_without_latest_reselection (tests.vnext.test_precalculated_case.PrecalculatedCaseTest.test_projection_consumes_selected_annual_input_without_latest_reselection) ... ok
company-current	Saved source through calculation, records, CSV and reading	2026-10-10T12:42:10.4660317Z test_real_precalculated_case_reaches_rows_without_selector_or_calculator (tests.vnext.test_precalculated_case.PrecalculatedCaseTest.test_real_precalculated_case_reaches_rows_without_selector_or_calculator) ... ok
company-current	Saved source through calculation, records, CSV and reading	2026-10-10T12:42:10.7007631Z test_shared_asset_is_stored_once_and_both_records_remain_readable (tests.vnext.test_precalculated_case.PrecalculatedCaseTest.test_shared_asset_is_stored_once_and_both_records_remain_readable) ... ok
company-current	Saved source through calculation, records, CSV and reading	2026-10-10T12:42:10.8149059Z test_shared_material_cannot_be_written_into_readonly_source (tests.vnext.test_precalculated_case.PrecalculatedCaseTest.test_shared_material_cannot_be_written_into_readonly_source) ... ok
company-current	Saved source through calculation, records, CSV and reading	2026-10-10T12:42:10.9201331Z test_wrong_prepared_fiscal_label_is_rejected_without_latest_fallback (tests.vnext.test_precalculated_case.PrecalculatedCaseTest.test_wrong_prepared_fiscal_label_is_rejected_without_latest_fallback) ... ok
company-current	Saved source through calculation, records, CSV and reading	2026-10-10T12:42:11.0266841Z test_wrong_prepared_subject_is_rejected_before_completion (tests.vnext.test_precalculated_case.PrecalculatedCaseTest.test_wrong_prepared_subject_is_rejected_before_completion) ... ok
company-current	Saved source through calculation, records, CSV and reading	2026-10-10T12:42:11.0308052Z test_wrong_spec_has_no_completion_manifest (tests.vnext.test_precalculated_case.PrecalculatedCaseTest.test_wrong_spec_has_no_completion_manifest) ... ok
company-current	Saved source through calculation, records, CSV and reading	2026-10-10T12:42:11.0343614Z test_wrong_target_period_has_no_completion_manifest (tests.vnext.test_precalculated_case.PrecalculatedCaseTest.test_wrong_target_period_has_no_completion_manifest) ... ok
company-current	Saved source through calculation, records, CSV and reading	2026-10-10T12:42:12.6587375Z test_rpo_saved_csv_is_explicitly_not_arr_or_churn (tests.vnext.test_precalculated_case.RpoDisplayTest.test_rpo_saved_csv_is_explicitly_not_arr_or_churn) ... ok
company-current	Saved source through calculation, records, CSV and reading	2026-10-10T12:42:12.6712993Z test_both_metrics_reach_calculator_without_selecting_or_reading_again (tests.vnext.test_selected_lodging_calculation.SelectedLodgingCalculationTest.test_both_metrics_reach_calculator_without_selecting_or_reading_again) ... ok
company-current	Saved source through calculation, records, CSV and reading	2026-10-10T12:42:12.6724531Z test_changed_period_or_scope_is_rejected_before_calculation (tests.vnext.test_selected_lodging_calculation.SelectedLodgingCalculationTest.test_changed_period_or_scope_is_rejected_before_calculation) ... ok
company-current	Saved source through calculation, records, CSV and reading	2026-10-10T12:42:12.6735582Z test_company_accession_reference_and_metric_conflicts_are_rejected (tests.vnext.test_selected_lodging_calculation.SelectedLodgingCalculationTest.test_company_accession_reference_and_metric_conflicts_are_rejected) ... ok
company-current	Saved source through calculation, records, CSV and reading	2026-10-10T12:42:12.6824597Z test_selected_noncalendar_interval_is_preserved_through_calculation (tests.vnext.test_selected_lodging_calculation.SelectedLodgingCalculationTest.test_selected_noncalendar_interval_is_preserved_through_calculation) ... ok
company-current	Saved source through calculation, records, CSV and reading	2026-10-10T12:42:12.6835937Z test_wrong_unit_cannot_become_an_exact_result (tests.vnext.test_selected_lodging_calculation.SelectedLodgingCalculationTest.test_wrong_unit_cannot_become_an_exact_result) ... ok
company-current	Saved source through calculation, records, CSV and reading	2026-10-10T12:42:12.6848142Z test_context_and_reported_cik_cannot_change_the_selected_subject (tests.vnext.test_selected_lodging_source.PreparedPeriodBusinessTest.test_context_and_reported_cik_cannot_change_the_selected_subject) ... ok
company-current	Saved source through calculation, records, CSV and reading	2026-10-10T12:42:12.6858963Z test_invalid_label_is_an_integrity_failure (tests.vnext.test_selected_lodging_source.PreparedPeriodBusinessTest.test_invalid_label_is_an_integrity_failure) ... ok
company-current	Saved source through calculation, records, CSV and reading	2026-10-10T12:42:12.6868975Z test_quarter_and_amendment_are_not_an_ordinary_annual_selection (tests.vnext.test_selected_lodging_source.PreparedPeriodBusinessTest.test_quarter_and_amendment_are_not_an_ordinary_annual_selection) ... ok
company-current	Saved source through calculation, records, CSV and reading	2026-10-10T12:42:12.6874885Z test_short_interval_is_a_named_implementation_gap (tests.vnext.test_selected_lodging_source.PreparedPeriodBusinessTest.test_short_interval_is_a_named_implementation_gap) ... ok
company-current	Saved source through calculation, records, CSV and reading	2026-10-10T12:42:12.6880177Z test_source_label_and_52_week_interval_are_kept (tests.vnext.test_selected_lodging_source.PreparedPeriodBusinessTest.test_source_label_and_52_week_interval_are_kept) ... ok
company-current	Saved source through calculation, records, CSV and reading	2026-10-10T12:42:12.6964488Z test_both_metrics_keep_units_scope_period_and_raw_cell_positions (tests.vnext.test_selected_lodging_source.SelectedLodgingSourceTest.test_both_metrics_keep_units_scope_period_and_raw_cell_positions) ... ok
company-current	Saved source through calculation, records, CSV and reading	2026-10-10T12:42:12.6966706Z test_company_accession_raw_bytes_and_period_must_match_selected_source (tests.vnext.test_selected_lodging_source.SelectedLodgingSourceTest.test_company_accession_raw_bytes_and_period_must_match_selected_source) ... ok
company-current	Saved source through calculation, records, CSV and reading	2026-10-10T12:42:12.7058501Z test_competing_target_and_truncated_html_are_not_a_success (tests.vnext.test_selected_lodging_source.SelectedLodgingSourceTest.test_competing_target_and_truncated_html_are_not_a_success) ... ok
company-current	Saved source through calculation, records, CSV and reading	2026-10-10T12:42:12.7192723Z test_local_period_currency_and_footnote_conflicts_are_not_ignored (tests.vnext.test_selected_lodging_source.SelectedLodgingSourceTest.test_local_period_currency_and_footnote_conflicts_are_not_ignored) ... ok
company-current	Saved source through calculation, records, CSV and reading	2026-10-10T12:42:12.7270398Z test_non_calendar_prepared_period_is_not_inferred_from_end_year (tests.vnext.test_selected_lodging_source.SelectedLodgingSourceTest.test_non_calendar_prepared_period_is_not_inferred_from_end_year) ... ok
company-current	Saved source through calculation, records, CSV and reading	2026-10-10T12:42:12.7437810Z test_policy_is_explicit_and_never_changes_module_globals (tests.vnext.test_selected_lodging_source.SelectedLodgingSourceTest.test_policy_is_explicit_and_never_changes_module_globals) ... ok
company-current	Saved source through calculation, records, CSV and reading	2026-10-10T12:42:12.7571897Z test_scope_and_unit_cannot_be_borrowed_or_guessed (tests.vnext.test_selected_lodging_source.SelectedLodgingSourceTest.test_scope_and_unit_cannot_be_borrowed_or_guessed) ... ok
company-current	Saved source through calculation, records, CSV and reading	2026-10-10T12:42:12.7650914Z test_selected_reader_does_not_prepare_or_parse_dei_again (tests.vnext.test_selected_lodging_source.SelectedLodgingSourceTest.test_selected_reader_does_not_prepare_or_parse_dei_again) ... ok
company-current	Saved source through calculation, records, CSV and reading	2026-10-10T12:42:12.7738678Z test_year_column_and_introduction_are_independent_checks (tests.vnext.test_selected_lodging_source.SelectedLodgingSourceTest.test_year_column_and_introduction_are_independent_checks) ... ok
company-current	Saved source through calculation, records, CSV and reading	2026-10-10T12:42:12.7739768Z test_five_adapters_emit_deterministic_verified_claims (tests.vnext.test_deterministic_router.DeterministicRouterTest.test_five_adapters_emit_deterministic_verified_claims)
company-current	Saved source through calculation, records, CSV and reading	2026-10-10T12:42:12.7792412Z Run all five adapters with a socket-open canary fixed at zero. ... ok
company-current	Saved source through calculation, records, CSV and reading	2026-10-10T12:42:12.7793171Z test_source_set_tamper_and_metric_specific_branch_fail (tests.vnext.test_deterministic_router.DeterministicRouterTest.test_source_set_tamper_and_metric_specific_branch_fail)
company-current	Saved source through calculation, records, CSV and reading	2026-10-10T12:42:12.7970799Z Reject manifest drift and ban a shared E01 identity branch. ... ok
company-current	Saved source through calculation, records, CSV and reading	2026-10-10T12:42:12.7992066Z test_catalog_compile_keeps_metric_formula_unit_and_dimension_rules (tests.vnext.test_runtime_tools.RuntimeToolsTest.test_catalog_compile_keeps_metric_formula_unit_and_dimension_rules) ... ok
company-current	Saved source through calculation, records, CSV and reading	2026-10-10T12:42:12.7993082Z test_csv_columns_quotes_newlines_and_unicode_are_preserved (tests.vnext.test_runtime_tools.RuntimeToolsTest.test_csv_columns_quotes_newlines_and_unicode_are_preserved) ... ok
company-current	Saved source through calculation, records, CSV and reading	2026-10-10T12:42:12.7998859Z test_invalid_formula_arity_unit_and_dimensions_not_silently_accepted (tests.vnext.test_runtime_tools.RuntimeToolsTest.test_invalid_formula_arity_unit_and_dimensions_not_silently_accepted) ... ok
company-current	Saved source through calculation, records, CSV and reading	2026-10-10T12:42:12.7999813Z test_legacy_null_result_constructor_remains_the_same_callable (tests.vnext.test_runtime_tools.RuntimeToolsTest.test_legacy_null_result_constructor_remains_the_same_callable) ... ok
company-current	Saved source through calculation, records, CSV and reading	2026-10-10T12:42:13.1195523Z test_lodging_source_and_result_entry_do_not_import_publication_or_qualification (tests.vnext.test_runtime_tools.RuntimeToolsTest.test_lodging_source_and_result_entry_do_not_import_publication_or_qualification) ... ok
company-current	Saved source through calculation, records, CSV and reading	2026-10-10T12:42:13.1197012Z test_missing_or_extra_csv_field_is_a_real_failure (tests.vnext.test_runtime_tools.RuntimeToolsTest.test_missing_or_extra_csv_field_is_a_real_failure) ... ok
company-current	Saved source through calculation, records, CSV and reading	2026-10-10T12:42:13.3972129Z test_small_source_and_spec_tools_do_not_import_release_workflows (tests.vnext.test_runtime_tools.RuntimeToolsTest.test_small_source_and_spec_tools_do_not_import_release_workflows) ... ok
company-current	Saved source through calculation, records, CSV and reading	2026-10-10T12:42:13.3989809Z test_aggregate_preserves_all_proofs_without_double_counting (tests.vnext.test_b03_current_input_scope.ContractAggregateTest.test_aggregate_preserves_all_proofs_without_double_counting) ... ok
company-current	Saved source through calculation, records, CSV and reading	2026-10-10T12:42:13.4001533Z test_aggregate_still_requires_original_gross_to_net_relation (tests.vnext.test_b03_current_input_scope.ContractAggregateTest.test_aggregate_still_requires_original_gross_to_net_relation) ... ok
company-current	Saved source through calculation, records, CSV and reading	2026-10-10T12:42:13.4045317Z test_conflicting_or_commented_display_does_not_erase_visible_spacer (tests.vnext.test_b03_current_input_scope.ContractAggregateTest.test_conflicting_or_commented_display_does_not_erase_visible_spacer) ... ok
company-current	Saved source through calculation, records, CSV and reading	2026-10-10T12:42:13.4046563Z test_duplicate_aggregate_or_segment_does_not_gain_credit (tests.vnext.test_b03_current_input_scope.ContractAggregateTest.test_duplicate_aggregate_or_segment_does_not_gain_credit) ... ok
company-current	Saved source through calculation, records, CSV and reading	2026-10-10T12:42:13.4069139Z test_hidden_self_closing_empty_cells_do_not_shift_visible_year_columns (tests.vnext.test_b03_current_input_scope.ContractAggregateTest.test_hidden_self_closing_empty_cells_do_not_shift_visible_year_columns) ... ok
company-current	Saved source through calculation, records, CSV and reading	2026-10-10T12:42:13.4070417Z test_unreconciled_aggregate_or_unknown_scope_stays_unproved (tests.vnext.test_b03_current_input_scope.ContractAggregateTest.test_unreconciled_aggregate_or_unknown_scope_stays_unproved) ... ok
company-current	Saved source through calculation, records, CSV and reading	2026-10-10T12:42:13.4092691Z test_visible_spacers_and_nonempty_hidden_cells_are_not_erased (tests.vnext.test_b03_current_input_scope.ContractAggregateTest.test_visible_spacers_and_nonempty_hidden_cells_are_not_erased) ... ok
company-current	Saved source through calculation, records, CSV and reading	2026-10-10T12:42:20.5999919Z test_amendment_input_uses_program_policy_without_sources_containing_it (tests.vnext.test_b03_current_input_scope.CurrentB03SourceOnlyTest.test_amendment_input_uses_program_policy_without_sources_containing_it) ... ok
company-current	Saved source through calculation, records, CSV and reading	2026-10-10T12:42:21.1697274Z test_contract_revenue_deduction_keeps_relationship_under_legal_prefix_alias (tests.vnext.test_b03_current_input_scope.CurrentB03SourceOnlyTest.test_contract_revenue_deduction_keeps_relationship_under_legal_prefix_alias) ... ok
company-current	Saved source through calculation, records, CSV and reading	2026-10-10T12:42:21.1699199Z test_marriott_composition_458m_and_135m_revenue_deduction_excluded (tests.vnext.test_b03_current_input_scope.CurrentB03SourceOnlyTest.test_marriott_composition_458m_and_135m_revenue_deduction_excluded) ... ok
company-current	Saved source through calculation, records, CSV and reading	2026-10-10T12:42:21.1760525Z test_salesforce_named_withheld_does_not_consume_bad_subtotal_and_carries_b01 (tests.vnext.test_b03_current_input_scope.CurrentB03SourceOnlyTest.test_salesforce_named_withheld_does_not_consume_bad_subtotal_and_carries_b01) ... ok
company-current	Saved source through calculation, records, CSV and reading	2026-10-10T12:42:21.1769636Z test_saved_input_assessment_is_read_without_recalculation_and_damage_is_visible (tests.vnext.test_b03_current_input_scope.CurrentB03SourceOnlyTest.test_saved_input_assessment_is_read_without_recalculation_and_damage_is_visible) ... ok
company-current	Saved source through calculation, records, CSV and reading	2026-10-10T12:42:21.1812081Z test_company_custom_same_local_name_cannot_displace_legitimate_gaap_composition (tests.vnext.test_b03_current_input_scope.CurrentDaScopeTest.test_company_custom_same_local_name_cannot_displace_legitimate_gaap_composition) ... ok
company-current	Saved source through calculation, records, CSV and reading	2026-10-10T12:42:21.1818614Z test_conflicting_subtotal_is_withheld_and_larger_total_not_automatically_taken (tests.vnext.test_b03_current_input_scope.CurrentDaScopeTest.test_conflicting_subtotal_is_withheld_and_larger_total_not_automatically_taken) ... ok
company-current	Saved source through calculation, records, CSV and reading	2026-10-10T12:42:21.2098947Z test_context_policy_alone_changes_update_configuration_and_requires_calculation (tests.vnext.test_b03_current_input_scope.CurrentDaScopeTest.test_context_policy_alone_changes_update_configuration_and_requires_calculation) ... ok
company-current	Saved source through calculation, records, CSV and reading	2026-10-10T12:42:21.2107442Z test_currency_alias_is_resolved_and_foreign_identifier_scheme_is_not_accepted (tests.vnext.test_b03_current_input_scope.CurrentDaScopeTest.test_currency_alias_is_resolved_and_foreign_identifier_scheme_is_not_accepted) ... ok
company-current	Saved source through calculation, records, CSV and reading	2026-10-10T12:42:21.2111637Z test_declared_numeric_transform_remains_supported (tests.vnext.test_b03_current_input_scope.CurrentDaScopeTest.test_declared_numeric_transform_remains_supported) ... ok
company-current	Saved source through calculation, records, CSV and reading	2026-10-10T12:42:21.2129859Z test_existing_direct_scope_uses_namespace_alias_and_retains_usd_check (tests.vnext.test_b03_current_input_scope.CurrentDaScopeTest.test_existing_direct_scope_uses_namespace_alias_and_retains_usd_check) ... ok
company-current	Saved source through calculation, records, CSV and reading	2026-10-10T12:42:21.2158895Z test_foreign_entity_period_unit_segment_or_namespace_does_not_create_own_total_conflict (tests.vnext.test_b03_current_input_scope.CurrentDaScopeTest.test_foreign_entity_period_unit_segment_or_namespace_does_not_create_own_total_conflict) ... ok
company-current	Saved source through calculation, records, CSV and reading	2026-10-10T12:42:21.2170626Z test_legal_gaap_prefix_alias_composition_keeps_same_quantity (tests.vnext.test_b03_current_input_scope.CurrentDaScopeTest.test_legal_gaap_prefix_alias_composition_keeps_same_quantity) ... ok
company-current	Saved source through calculation, records, CSV and reading	2026-10-10T12:42:21.2176840Z test_nil_keeps_other_evidence_and_gives_a_named_withhold (tests.vnext.test_b03_current_input_scope.CurrentDaScopeTest.test_nil_keeps_other_evidence_and_gives_a_named_withhold) ... ok
company-current	Saved source through calculation, records, CSV and reading	2026-10-10T12:42:21.2320682Z test_numeric_helper_change_affects_b03_configuration_but_not_b01 (tests.vnext.test_b03_current_input_scope.CurrentDaScopeTest.test_numeric_helper_change_affects_b03_configuration_but_not_b01) ... ok
company-current	Saved source through calculation, records, CSV and reading	2026-10-10T12:42:21.2332018Z test_only_unique_original_composition_can_retake_a_later_direct_candidate (tests.vnext.test_b03_current_input_scope.CurrentDaScopeTest.test_only_unique_original_composition_can_retake_a_later_direct_candidate) ... ok
company-current	Saved source through calculation, records, CSV and reading	2026-10-10T12:42:21.2338314Z test_reported_precision_agreement_keeps_chain_not_exact_numeric_equality (tests.vnext.test_b03_current_input_scope.CurrentDaScopeTest.test_reported_precision_agreement_keeps_chain_not_exact_numeric_equality) ... ok
company-current	Saved source through calculation, records, CSV and reading	2026-10-10T12:42:21.2342139Z test_unformatted_comma_is_not_silently_removed_to_confirm_chain (tests.vnext.test_b03_current_input_scope.CurrentDaScopeTest.test_unformatted_comma_is_not_silently_removed_to_confirm_chain) ... ok
company-current	Saved source through calculation, records, CSV and reading	2026-10-10T12:42:21.2346067Z test_unsupported_numeric_tag_cannot_confirm_chain_amount (tests.vnext.test_b03_current_input_scope.CurrentDaScopeTest.test_unsupported_numeric_tag_cannot_confirm_chain_amount) ... ok
company-current	Saved source through calculation, records, CSV and reading	2026-10-10T12:42:21.2359563Z test_composition_passes_same_explicit_policy_to_original_component_lookup (tests.vnext.test_xbrl_namespace_policy.NamespacePolicyTest.test_composition_passes_same_explicit_policy_to_original_component_lookup) ... ok
company-current	Saved source through calculation, records, CSV and reading	2026-10-10T12:42:21.2360643Z test_default_year_only_and_explicit_date_release (tests.vnext.test_xbrl_namespace_policy.NamespacePolicyTest.test_default_year_only_and_explicit_date_release) ... ok
company-current	Saved source through calculation, records, CSV and reading	2026-10-10T12:42:21.2367563Z test_direct_scope_requires_explicit_release_policy (tests.vnext.test_xbrl_namespace_policy.NamespacePolicyTest.test_direct_scope_requires_explicit_release_policy) ... ok
company-current	Saved source through calculation, records, CSV and reading	2026-10-10T12:42:21.2378408Z test_conflicting_facts_and_short_context_remain_rejected (tests.vnext.test_dei_release_selection.DeiReleaseSelectionTest.test_conflicting_facts_and_short_context_remain_rejected) ... ok
company-current	Saved source through calculation, records, CSV and reading	2026-10-10T12:42:21.2397952Z test_foreign_extension_invalid_quarter_and_extra_suffix_rejected (tests.vnext.test_dei_release_selection.DeiReleaseSelectionTest.test_foreign_extension_invalid_quarter_and_extra_suffix_rejected) ... ok
company-current	Saved source through calculation, records, CSV and reading	2026-10-10T12:42:21.2406267Z test_historical_annual_and_remaining_views_use_the_explicit_adapter (tests.vnext.test_dei_release_selection.DeiReleaseSelectionTest.test_historical_annual_and_remaining_views_use_the_explicit_adapter) ... ok
company-current	Saved source through calculation, records, CSV and reading	2026-10-10T12:42:21.2444758Z test_historical_fiscal_labels_still_reject_changed_source_bytes (tests.vnext.test_dei_release_selection.DeiReleaseSelectionTest.test_historical_fiscal_labels_still_reject_changed_source_bytes) ... ok
company-current	Saved source through calculation, records, CSV and reading	2026-10-10T12:42:21.2445851Z test_no_arbitrary_regex_or_boolean_selection (tests.vnext.test_dei_release_selection.DeiReleaseSelectionTest.test_no_arbitrary_regex_or_boolean_selection) ... ok
company-current	Saved source through calculation, records, CSV and reading	2026-10-10T12:42:21.2492139Z test_old_release_requires_explicit_successor (tests.vnext.test_dei_release_selection.DeiReleaseSelectionTest.test_old_release_requires_explicit_successor) ... ok
company-current	Saved source through calculation, records, CSV and reading	2026-10-10T12:42:21.2504168Z test_original_default_and_explicit_year_have_identical_return (tests.vnext.test_dei_release_selection.DeiReleaseSelectionTest.test_original_default_and_explicit_year_have_identical_return) ... ok
company-current	Saved source through calculation, records, CSV and reading	2026-10-10T12:42:21.2528421Z test_successor_does_not_relax_entity_or_annual_identity (tests.vnext.test_dei_release_selection.DeiReleaseSelectionTest.test_successor_does_not_relax_entity_or_annual_identity) ... ok
company-current	Saved source through calculation, records, CSV and reading	2026-10-10T12:42:51.3650524Z test_actual_original_header_context_conflict_is_named_withheld (tests.vnext.test_successor_income_projection.SuccessorIncomeProjectionTest.test_actual_original_header_context_conflict_is_named_withheld) ... ok
company-current	Saved source through calculation, records, CSV and reading	2026-10-10T12:42:51.4295612Z test_missing_proof_does_not_allow_an_arbitrary_shorter_period (tests.vnext.test_successor_income_projection.SuccessorIncomeProjectionTest.test_missing_proof_does_not_allow_an_arbitrary_shorter_period) ... ok
company-current	Saved source through calculation, records, CSV and reading	2026-10-10T12:42:51.4670636Z test_numeric_result_requires_checked_source_observations (tests.vnext.test_successor_income_projection.SuccessorIncomeProjectionTest.test_numeric_result_requires_checked_source_observations) ... ok
company-current	Saved source through calculation, records, CSV and reading	2026-10-10T12:42:51.5009596Z test_result_cannot_claim_a_different_short_period (tests.vnext.test_successor_income_projection.SuccessorIncomeProjectionTest.test_result_cannot_claim_a_different_short_period) ... ok
company-current	Saved source through calculation, records, CSV and reading	2026-10-10T12:42:51.5597499Z test_short_period_state_has_actual_dates_and_preserves_annual_guard (tests.vnext.test_successor_income_projection.SuccessorIncomeProjectionTest.test_short_period_state_has_actual_dates_and_preserves_annual_guard) ... ok
company-current	Saved source through calculation, records, CSV and reading	2026-10-10T12:42:51.6765167Z test_wrong_subject_or_statement_period_still_rejected (tests.vnext.test_successor_income_projection.SuccessorIncomeProjectionTest.test_wrong_subject_or_statement_period_still_rejected) ... ok
company-current	Saved source through calculation, records, CSV and reading	2026-10-10T12:42:51.6778419Z test_conflict_and_consistent_short_period (tests.vnext.test_successor_income_projection.VisibleIncomePeriodTest.test_conflict_and_consistent_short_period) ... ok
company-current	Saved source through calculation, records, CSV and reading	2026-10-10T12:42:51.6781680Z test_missing_range_remains_unresolved (tests.vnext.test_successor_income_projection.VisibleIncomePeriodTest.test_missing_range_remains_unresolved) ... ok
company-current	Saved source through calculation, records, CSV and reading	2026-10-10T12:42:51.6784708Z test_other_column_date_cannot_prove_this_fact (tests.vnext.test_successor_income_projection.VisibleIncomePeriodTest.test_other_column_date_cannot_prove_this_fact) ... ok
company-current	Saved source through calculation, records, CSV and reading	2026-10-10T12:43:04.0949212Z test_existing_item_contract_counts_match_independent_original_headers (tests.vnext.test_event_rule_root.EventRuleRootTest.test_existing_item_contract_counts_match_independent_original_headers) ... ok
company-current	Saved source through calculation, records, CSV and reading	2026-10-10T12:43:04.0951793Z test_explicit_current_rules_cannot_grant_old_e01_item_count_new_credit (tests.vnext.test_event_rule_root.EventRuleRootTest.test_explicit_current_rules_cannot_grant_old_e01_item_count_new_credit) ... ok
company-current	Saved source through calculation, records, CSV and reading	2026-10-10T12:43:04.1023060Z test_independent_read_has_no_selection_or_calculation (tests.vnext.test_event_rule_root.EventRuleRootTest.test_independent_read_has_no_selection_or_calculation) ... ok
company-current	Saved source through calculation, records, CSV and reading	2026-10-10T12:43:05.2196997Z test_missing_event_body_cannot_turn_into_smaller_complete_count (tests.vnext.test_event_rule_root.EventRuleRootTest.test_missing_event_body_cannot_turn_into_smaller_complete_count) ... ok
company-current	Saved source through calculation, records, CSV and reading	2026-10-10T12:43:08.0978249Z test_normal_company_entry_and_reentry_use_saved_source_without_install (tests.vnext.test_event_rule_root.EventRuleRootTest.test_normal_company_entry_and_reentry_use_saved_source_without_install) ... ok
company-current	Saved source through calculation, records, CSV and reading	2026-10-10T12:43:10.8094830Z test_unused_session_change_reuses_real_company_result_without_calculation (tests.vnext.test_event_rule_root.EventRuleRootTest.test_unused_session_change_reuses_real_company_result_without_calculation) ... ok
company-current	Saved source through calculation, records, CSV and reading	2026-10-10T12:43:10.8186710Z test_arbitrary_release_never_enters_shared_issuer_rules (tests.vnext.test_financial_dei_release.FinancialDeiReleaseTest.test_arbitrary_release_never_enters_shared_issuer_rules) ... ok
company-current	Saved source through calculation, records, CSV and reading	2026-10-10T12:43:10.8206166Z test_issuer_successor_and_default_keep_exact_identity_checks (tests.vnext.test_financial_dei_release.FinancialDeiReleaseTest.test_issuer_successor_and_default_keep_exact_identity_checks) ... ok
company-current	Saved source through calculation, records, CSV and reading	2026-10-10T12:43:10.8207502Z test_lcr_checks_source_hash_before_any_release_or_facts (tests.vnext.test_financial_dei_release.FinancialDeiReleaseTest.test_lcr_checks_source_hash_before_any_release_or_facts) ... ok
company-current	Saved source through calculation, records, CSV and reading	2026-10-10T12:43:10.8255749Z test_var_prepare_uses_controlled_release_and_original_period (tests.vnext.test_financial_dei_release.FinancialDeiReleaseTest.test_var_prepare_uses_controlled_release_and_original_period) ... ok
company-current	Saved source through calculation, records, CSV and reading	2026-10-10T12:43:10.8266373Z test_year_only_default_is_identical_to_explicit_on_ordinary_source (tests.vnext.test_financial_dei_release.FinancialDeiReleaseTest.test_year_only_default_is_identical_to_explicit_on_ordinary_source) ... ok
company-current	Saved source through calculation, records, CSV and reading	2026-10-10T12:43:10.8269697Z test_another_metric_cannot_borrow_the_quarter_exception (tests.vnext.test_reported_average_period.ReportedAveragePeriodTest.test_another_metric_cannot_borrow_the_quarter_exception) ... ok
company-current	Saved source through calculation, records, CSV and reading	2026-10-10T12:43:10.8273769Z test_quarter_stays_quarter_with_annual_filing_group (tests.vnext.test_reported_average_period.ReportedAveragePeriodTest.test_quarter_stays_quarter_with_annual_filing_group) ... ok
company-current	Saved source through calculation, records, CSV and reading	2026-10-10T12:43:10.8278900Z test_reference_period_entity_value_and_uncertainty_do_not_disappear (tests.vnext.test_reported_average_period.ReportedAveragePeriodTest.test_reference_period_entity_value_and_uncertainty_do_not_disappear) ... ok
company-current	Saved source through calculation, records, CSV and reading	2026-10-10T12:43:10.8282065Z test_year_label_cannot_annualize_the_measurement (tests.vnext.test_reported_average_period.ReportedAveragePeriodTest.test_year_label_cannot_annualize_the_measurement) ... ok
company-current	Saved source through calculation, records, CSV and reading	2026-10-10T12:43:10.8290448Z test_a09_only_complete_ambiguity_enters_html_with_same_option (tests.vnext.test_bank_scope_dei_release.BankScopeDeiReleaseTest.test_a09_only_complete_ambiguity_enters_html_with_same_option) ... ok
company-current	Saved source through calculation, records, CSV and reading	2026-10-10T12:43:10.8292321Z test_a09_primary_has_priority_and_forwards_selection (tests.vnext.test_bank_scope_dei_release.BankScopeDeiReleaseTest.test_a09_primary_has_priority_and_forwards_selection) ... ok
company-current	Saved source through calculation, records, CSV and reading	2026-10-10T12:43:10.8293610Z test_a09_source_failure_cannot_become_ambiguity (tests.vnext.test_bank_scope_dei_release.BankScopeDeiReleaseTest.test_a09_source_failure_cannot_become_ambiguity) ... ok
company-current	Saved source through calculation, records, CSV and reading	2026-10-10T12:43:10.8439944Z test_all_three_real_parsers_require_explicit_old_release (tests.vnext.test_bank_scope_dei_release.BankScopeDeiReleaseTest.test_all_three_real_parsers_require_explicit_old_release) ... ok
company-current	Saved source through calculation, records, CSV and reading	2026-10-10T12:43:10.8695519Z test_original_year_default_returns_same_components (tests.vnext.test_bank_scope_dei_release.BankScopeDeiReleaseTest.test_original_year_default_returns_same_components) ... ok
company-current	Saved source through calculation, records, CSV and reading	2026-10-10T12:43:10.8699830Z test_selected_case_set_does_not_expand_default_or_bypass_factory (tests.vnext.test_bank_scope_dei_release.BankScopeDeiReleaseTest.test_selected_case_set_does_not_expand_default_or_bypass_factory) ... ok
company-current	Saved source through calculation, records, CSV and reading	2026-10-10T12:43:10.8728215Z test_wrong_source_subject_period_and_option_still_reject (tests.vnext.test_bank_scope_dei_release.BankScopeDeiReleaseTest.test_wrong_source_subject_period_and_option_still_reject) ... ok
company-current	Saved source through calculation, records, CSV and reading	2026-10-10T12:43:16.9666613Z test_constructed_withheld_native_trace_keeps_state_without_filled_issuer (tests.vnext.test_reporting_company_projection.CurrentNullableTraceProjectionTest.test_constructed_withheld_native_trace_keeps_state_without_filled_issuer) ... ok
company-current	Saved source through calculation, records, CSV and reading	2026-10-10T12:43:18.5072549Z test_current_reported_rpo_with_nullable_trace_keeps_value_and_issuer (tests.vnext.test_reporting_company_projection.CurrentNullableTraceProjectionTest.test_current_reported_rpo_with_nullable_trace_keeps_value_and_issuer) ... ok
company-current	Saved source through calculation, records, CSV and reading	2026-10-10T12:43:21.1388723Z test_current_structural_and_both_hotel_numbers_save_with_nullable_trace (tests.vnext.test_reporting_company_projection.CurrentNullableTraceProjectionTest.test_current_structural_and_both_hotel_numbers_save_with_nullable_trace) ... ok
company-current	Saved source through calculation, records, CSV and reading	2026-10-10T12:43:21.1393200Z test_combined_or_unproven_subject_policy_does_not_get_single_reporter_view (tests.vnext.test_reporting_company_projection.ReportingCompanyProjectionTest.test_combined_or_unproven_subject_policy_does_not_get_single_reporter_view) ... ok
company-current	Saved source through calculation, records, CSV and reading	2026-10-10T12:43:21.1394999Z test_current_reporter_preserves_current_view (tests.vnext.test_reporting_company_projection.ReportingCompanyProjectionTest.test_current_reporter_preserves_current_view) ... ok
company-current	Saved source through calculation, records, CSV and reading	2026-10-10T12:43:21.1397712Z test_different_filing_or_bad_entity_does_not_gain_display_identity (tests.vnext.test_reporting_company_projection.ReportingCompanyProjectionTest.test_different_filing_or_bad_entity_does_not_gain_display_identity) ... ok
company-current	Saved source through calculation, records, CSV and reading	2026-10-10T12:43:21.1399772Z test_explicit_null_issuer_fields_use_verified_annual_without_modifying_trace (tests.vnext.test_reporting_company_projection.ReportingCompanyProjectionTest.test_explicit_null_issuer_fields_use_verified_annual_without_modifying_trace) ... ok
company-current	Saved source through calculation, records, CSV and reading	2026-10-10T12:43:21.1402672Z test_metadata_only_outcome_can_keep_inventory_issuer_without_claiming_amount (tests.vnext.test_reporting_company_projection.ReportingCompanyProjectionTest.test_metadata_only_outcome_can_keep_inventory_issuer_without_claiming_amount) ... ok
company-current	Saved source through calculation, records, CSV and reading	2026-10-10T12:43:21.1404970Z test_null_target_requires_matching_source_not_another_registered_issuer (tests.vnext.test_reporting_company_projection.ReportingCompanyProjectionTest.test_null_target_requires_matching_source_not_another_registered_issuer) ... ok
company-current	Saved source through calculation, records, CSV and reading	2026-10-10T12:43:21.1408049Z test_nullable_contract_does_not_hide_filled_conflicts_or_missing_fields (tests.vnext.test_reporting_company_projection.ReportingCompanyProjectionTest.test_nullable_contract_does_not_hide_filled_conflicts_or_missing_fields) ... ok
company-current	Saved source through calculation, records, CSV and reading	2026-10-10T12:43:21.1409667Z test_predecessor_reporting_cik_changes_only_presentation_view (tests.vnext.test_reporting_company_projection.ReportingCompanyProjectionTest.test_predecessor_reporting_cik_changes_only_presentation_view) ... ok
company-current	Saved source through calculation, records, CSV and reading	2026-10-10T12:43:21.1443052Z test_registered_union_still_requires_its_existing_period_proof (tests.vnext.test_reporting_company_projection.ReportingCompanyProjectionTest.test_registered_union_still_requires_its_existing_period_proof) ... ok
company-current	Saved source through calculation, records, CSV and reading	2026-10-10T12:43:21.1446001Z test_unregistered_reporter_or_cross_subject_trace_is_rejected (tests.vnext.test_reporting_company_projection.ReportingCompanyProjectionTest.test_unregistered_reporter_or_cross_subject_trace_is_rejected) ... ok
company-current	Saved source through calculation, records, CSV and reading	2026-10-10T12:43:21.1454557Z test_valued_historical_event_uses_selected_inventory_and_source_set (tests.vnext.test_reporting_company_projection.ReportingCompanyProjectionTest.test_valued_historical_event_uses_selected_inventory_and_source_set) ... ok
company-current	Saved source through calculation, records, CSV and reading	2026-10-10T12:43:21.1535725Z test_accounting_cost_exclusion_does_not_change_revenue_entity_scope (tests.vnext.test_selected_revenue_scope_v1.SelectedRevenueScopeTest.test_accounting_cost_exclusion_does_not_change_revenue_entity_scope) ... ok
company-current	Saved source through calculation, records, CSV and reading	2026-10-10T12:43:21.1763595Z test_approved_legacy_calculator_selects_total_after_component_admission (tests.vnext.test_selected_revenue_scope_v1.SelectedRevenueScopeTest.test_approved_legacy_calculator_selects_total_after_component_admission) ... ok
company-current	Saved source through calculation, records, CSV and reading	2026-10-10T12:43:21.1829444Z test_conflicting_part_total_not_fixed_by_larger_value (tests.vnext.test_selected_revenue_scope_v1.SelectedRevenueScopeTest.test_conflicting_part_total_not_fixed_by_larger_value) ... ok
company-current	Saved source through calculation, records, CSV and reading	2026-10-10T12:43:21.1897423Z test_explicit_local_exclusion_is_not_overruled_by_same_context (tests.vnext.test_selected_revenue_scope_v1.SelectedRevenueScopeTest.test_explicit_local_exclusion_is_not_overruled_by_same_context) ... ok
company-current	Saved source through calculation, records, CSV and reading	2026-10-10T12:43:21.1963084Z test_explicit_scope_after_consolidated_title_is_not_ignored (tests.vnext.test_selected_revenue_scope_v1.SelectedRevenueScopeTest.test_explicit_scope_after_consolidated_title_is_not_ignored) ... ok
company-current	Saved source through calculation, records, CSV and reading	2026-10-10T12:43:21.2028495Z test_income_items_alone_do_not_prove_consolidated_statement (tests.vnext.test_selected_revenue_scope_v1.SelectedRevenueScopeTest.test_income_items_alone_do_not_prove_consolidated_statement) ... ok
company-current	Saved source through calculation, records, CSV and reading	2026-10-10T12:43:21.2085516Z test_missing_revenue_component_is_not_an_empty_success (tests.vnext.test_selected_revenue_scope_v1.SelectedRevenueScopeTest.test_missing_revenue_component_is_not_an_empty_success) ... ok
company-current	Saved source through calculation, records, CSV and reading	2026-10-10T12:43:21.2150536Z test_native_fact_row_does_not_hide_unmarked_scope_clause (tests.vnext.test_selected_revenue_scope_v1.SelectedRevenueScopeTest.test_native_fact_row_does_not_hide_unmarked_scope_clause) ... ok
company-current	Saved source through calculation, records, CSV and reading	2026-10-10T12:43:21.2234201Z test_old_visible_header_parser_default_is_retained (tests.vnext.test_selected_revenue_scope_v1.SelectedRevenueScopeTest.test_old_visible_header_parser_default_is_retained) ... ok
company-current	Saved source through calculation, records, CSV and reading	2026-10-10T12:43:21.2306272Z test_other_filing_facts_and_prior_periods_not_rewritten_or_substituted (tests.vnext.test_selected_revenue_scope_v1.SelectedRevenueScopeTest.test_other_filing_facts_and_prior_periods_not_rewritten_or_substituted) ... ok
company-current	Saved source through calculation, records, CSV and reading	2026-10-10T12:43:21.2352733Z test_primary_only_statement_check_is_explicit_not_faked_xml_check (tests.vnext.test_selected_revenue_scope_v1.SelectedRevenueScopeTest.test_primary_only_statement_check_is_explicit_not_faked_xml_check) ... ok
company-current	Saved source through calculation, records, CSV and reading	2026-10-10T12:43:21.2418359Z test_primary_xml_conflict_rejected (tests.vnext.test_selected_revenue_scope_v1.SelectedRevenueScopeTest.test_primary_xml_conflict_rejected) ... ok
company-current	Saved source through calculation, records, CSV and reading	2026-10-10T12:43:21.2480073Z test_quarter_caption_does_not_accept_annual_native_context (tests.vnext.test_selected_revenue_scope_v1.SelectedRevenueScopeTest.test_quarter_caption_does_not_accept_annual_native_context) ... ok
company-current	Saved source through calculation, records, CSV and reading	2026-10-10T12:43:21.2545582Z test_restricted_caption_does_not_become_no_split_success (tests.vnext.test_selected_revenue_scope_v1.SelectedRevenueScopeTest.test_restricted_caption_does_not_become_no_split_success) ... ok
company-current	Saved source through calculation, records, CSV and reading	2026-10-10T12:43:21.2599772Z test_revenue_note_total_without_full_statement_not_treated_as_company_total (tests.vnext.test_selected_revenue_scope_v1.SelectedRevenueScopeTest.test_revenue_note_total_without_full_statement_not_treated_as_company_total) ... ok
company-current	Saved source through calculation, records, CSV and reading	2026-10-10T12:43:21.2671249Z test_same_total_value_must_exist_in_selected_companyfacts (tests.vnext.test_selected_revenue_scope_v1.SelectedRevenueScopeTest.test_same_total_value_must_exist_in_selected_companyfacts) ... ok
company-current	Saved source through calculation, records, CSV and reading	2026-10-10T12:43:21.2677748Z test_saved_producer_opts_in_for_b01_and_b03_but_not_neighbours (tests.vnext.test_selected_revenue_scope_v1.SelectedRevenueScopeTest.test_saved_producer_opts_in_for_b01_and_b03_but_not_neighbours) ... ok
company-current	Saved source through calculation, records, CSV and reading	2026-10-10T12:43:21.2750828Z test_scope_cannot_borrow_later_filing_total_when_original_is_missing (tests.vnext.test_selected_revenue_scope_v1.SelectedRevenueScopeTest.test_scope_cannot_borrow_later_filing_total_when_original_is_missing) ... ok
company-current	Saved source through calculation, records, CSV and reading	2026-10-10T12:43:21.2772029Z test_single_full_revenue_keeps_contract_label_and_no_false_complete_credit (tests.vnext.test_selected_revenue_scope_v1.SelectedRevenueScopeTest.test_single_full_revenue_keeps_contract_label_and_no_false_complete_credit) ... ok
company-current	Saved source through calculation, records, CSV and reading	2026-10-10T12:43:21.2844109Z test_source_bound_cells_year_and_primary_xml_retained (tests.vnext.test_selected_revenue_scope_v1.SelectedRevenueScopeTest.test_source_bound_cells_year_and_primary_xml_retained) ... ok
company-current	Saved source through calculation, records, CSV and reading	2026-10-10T12:43:21.2905928Z test_update_configuration_names_actual_scope_and_header_dependencies (tests.vnext.test_selected_revenue_scope_v1.SelectedRevenueScopeTest.test_update_configuration_names_actual_scope_and_header_dependencies) ... ok
company-current	Saved source through calculation, records, CSV and reading	2026-10-10T12:43:21.2967636Z test_visible_column_year_conflict_rejected (tests.vnext.test_selected_revenue_scope_v1.SelectedRevenueScopeTest.test_visible_column_year_conflict_rejected) ... ok
company-current	Saved source through calculation, records, CSV and reading	2026-10-10T12:43:21.3033944Z test_visible_scale_cannot_be_overruled_by_native_amounts (tests.vnext.test_selected_revenue_scope_v1.SelectedRevenueScopeTest.test_visible_scale_cannot_be_overruled_by_native_amounts) ... ok
company-current	Saved source through calculation, records, CSV and reading	2026-10-10T12:43:21.3103503Z test_explicit_total_admits_existing_fact_without_calculating_component_sum (tests.vnext.test_selected_reported_revenue_v2.SelectedReportedRevenueTest.test_explicit_total_admits_existing_fact_without_calculating_component_sum) ... ok
company-current	Saved source through calculation, records, CSV and reading	2026-10-10T12:43:21.3235163Z test_fiscal_year_column_matches_full_selected_native_period_not_calendar_year (tests.vnext.test_selected_reported_revenue_v2.SelectedReportedRevenueTest.test_fiscal_year_column_matches_full_selected_native_period_not_calendar_year) ... ok
company-current	Saved source through calculation, records, CSV and reading	2026-10-10T12:43:21.3318578Z test_later_year_header_cannot_hide_an_earlier_associated_full_date (tests.vnext.test_selected_reported_revenue_v2.SelectedReportedRevenueTest.test_later_year_header_cannot_hide_an_earlier_associated_full_date) ... ok
company-current	Saved source through calculation, records, CSV and reading	2026-10-10T12:43:21.3513095Z test_limited_scope_wrong_scale_and_xml_disagreement_remain_errors (tests.vnext.test_selected_reported_revenue_v2.SelectedReportedRevenueTest.test_limited_scope_wrong_scale_and_xml_disagreement_remain_errors) ... ok
company-current	Saved source through calculation, records, CSV and reading	2026-10-10T12:43:21.3591102Z test_note_total_or_wrong_companyfacts_filing_does_not_supply_company_total (tests.vnext.test_selected_reported_revenue_v2.SelectedReportedRevenueTest.test_note_total_or_wrong_companyfacts_filing_does_not_supply_company_total) ... ok
company-current	Saved source through calculation, records, CSV and reading	2026-10-10T12:43:21.3910782Z test_resolved_label_keeps_raw_year_and_cannot_borrow_another_source (tests.vnext.test_selected_reported_revenue_v2.SelectedReportedRevenueTest.test_resolved_label_keeps_raw_year_and_cannot_borrow_another_source) ... ok
company-current	Saved source through calculation, records, CSV and reading	2026-10-10T12:43:21.4094300Z test_separate_heading_table_is_bound_and_not_borrowed_from_other_statement (tests.vnext.test_selected_reported_revenue_v2.SelectedReportedRevenueTest.test_separate_heading_table_is_bound_and_not_borrowed_from_other_statement) ... ok
company-current	Saved source through calculation, records, CSV and reading	2026-10-10T12:43:21.4248292Z test_visible_end_day_and_complete_date_agree_before_full_scope_credit (tests.vnext.test_selected_reported_revenue_v2.SelectedReportedRevenueTest.test_visible_end_day_and_complete_date_agree_before_full_scope_credit) ... ok
company-current	Saved source through calculation, records, CSV and reading	2026-10-10T12:43:21.4361801Z test_absent_direct_total_reuses_existing_component_path_without_new_credit (tests.vnext.test_current_reported_revenue.CurrentReportedRevenueTest.test_absent_direct_total_reuses_existing_component_path_without_new_credit) ... ok
company-current	Saved source through calculation, records, CSV and reading	2026-10-10T12:43:21.4450311Z test_cost_group_non_numeric_parenthesis_is_not_an_invented_footnote (tests.vnext.test_current_reported_revenue.CurrentReportedRevenueTest.test_cost_group_non_numeric_parenthesis_is_not_an_invented_footnote) ... ok
company-current	Saved source through calculation, records, CSV and reading	2026-10-10T12:43:21.4496482Z test_explicit_total_uses_v2_admission_and_matching_observation_check (tests.vnext.test_current_reported_revenue.CurrentReportedRevenueTest.test_explicit_total_uses_v2_admission_and_matching_observation_check) ... ok
company-current	Saved source through calculation, records, CSV and reading	2026-10-10T12:43:21.4590874Z test_fiscal_header_and_standard_cost_groups_do_not_relax_scope_annotations (tests.vnext.test_current_reported_revenue.CurrentReportedRevenueTest.test_fiscal_header_and_standard_cost_groups_do_not_relax_scope_annotations) ... ok
company-current	Saved source through calculation, records, CSV and reading	2026-10-10T12:43:21.4677788Z test_late_fiscal_header_before_amounts_is_checked_against_native_interval (tests.vnext.test_current_reported_revenue.CurrentReportedRevenueTest.test_late_fiscal_header_before_amounts_is_checked_against_native_interval) ... ok
company-current	Saved source through calculation, records, CSV and reading	2026-10-10T12:43:21.5087881Z test_new_proof_dependencies_invalidate_only_consuming_metrics (tests.vnext.test_current_reported_revenue.CurrentReportedRevenueTest.test_new_proof_dependencies_invalidate_only_consuming_metrics) ... ok
company-current	Saved source through calculation, records, CSV and reading	2026-10-10T12:43:21.5384929Z test_public_preparer_forwards_only_explicit_opt_in (tests.vnext.test_current_reported_revenue.CurrentReportedRevenueTest.test_public_preparer_forwards_only_explicit_opt_in) ... ok
company-current	Saved source through calculation, records, CSV and reading	2026-10-10T12:43:21.5479876Z test_shared_default_still_returns_exact_v1_proof (tests.vnext.test_current_reported_revenue.CurrentReportedRevenueTest.test_shared_default_still_returns_exact_v1_proof) ... ok
company-current	Saved source through calculation, records, CSV and reading	2026-10-10T12:43:21.5613470Z test_standard_preceding_navigation_is_preserved_without_admitting_scope_prose (tests.vnext.test_current_reported_revenue.CurrentReportedRevenueTest.test_standard_preceding_navigation_is_preserved_without_admitting_scope_prose) ... ok
company-current	Saved source through calculation, records, CSV and reading	2026-10-10T12:43:21.5761665Z test_unknown_contract_or_disabled_validation_cannot_opt_in (tests.vnext.test_current_reported_revenue.CurrentReportedRevenueTest.test_unknown_contract_or_disabled_validation_cannot_opt_in) ... ok
company-current	Saved source through calculation, records, CSV and reading	2026-10-10T12:43:21.5802082Z test_v2_period_error_cannot_fall_back_to_a_component (tests.vnext.test_current_reported_revenue.CurrentReportedRevenueTest.test_v2_period_error_cannot_fall_back_to_a_component) ... ok
company-current	Saved source through calculation, records, CSV and reading	2026-10-10T12:43:21.5803742Z test_public_row_context_names_revenue_scope_by_identity_not_source_rows (tests.vnext.test_current_reported_revenue.PublicRowRevenueScopeContextTest.test_public_row_context_names_revenue_scope_by_identity_not_source_rows) ... ok
company-current	Saved source through calculation, records, CSV and reading	2026-10-10T12:43:21.5804562Z 
company-current	Saved source through calculation, records, CSV and reading	2026-10-10T12:43:21.5804739Z ----------------------------------------------------------------------
company-current	Saved source through calculation, records, CSV and reading	2026-10-10T12:43:21.5805049Z Ran 257 tests in 121.344s
company-current	Saved source through calculation, records, CSV and reading	2026-10-10T12:43:21.5805173Z 
company-current	Saved source through calculation, records, CSV and reading	2026-10-10T12:43:21.5805275Z OK
company-current	Saved source through calculation, records, CSV and reading	2026-10-10T12:43:21.5806263Z {'scenario': 'saved Marriott FY2025 C01 unused-session edit', 'first_seconds': 2.32007489099999, 'repeat_seconds': 0.3872525699999869, 'read_seconds': 0.0033536959999764804, 'result_id': 'sha256:724b92ab35202cc6c9e26099e8d8710f1b4321b5370e7c3b3e086a1d2a895a95', 'value': '3', 'unit': 'count', 'result_files': 6, 'new_calls': [0, 0, 0]}
company-current	Historical dispatch and saved result states	﻿2026-10-10T12:43:21.7299209Z ##[group]Run python3 -m unittest tests.vnext.test_history_company_dispatch tests.vnext.test_selected_history_result_state tests.vnext.test_historical_geography_cases tests.vnext.test_historical_average_risk_cases tests.vnext.test_historical_bank_scope_cases tests.vnext.test_historical_statement_cases.HistoricalRevenueScopeConsumerTest tests.vnext.test_historical_statement_cases tests.vnext.test_historical_compensation_case -v
company-current	Historical dispatch and saved result states	2026-10-10T12:43:21.7300684Z ^[[36;1mpython3 -m unittest tests.vnext.test_history_company_dispatch tests.vnext.test_selected_history_result_state tests.vnext.test_historical_geography_cases tests.vnext.test_historical_average_risk_cases tests.vnext.test_historical_bank_scope_cases tests.vnext.test_historical_statement_cases.HistoricalRevenueScopeConsumerTest tests.vnext.test_historical_statement_cases tests.vnext.test_historical_compensation_case -v^[[0m
company-current	Historical dispatch and saved result states	2026-10-10T12:43:21.7354317Z shell: /usr/bin/bash -e {0}
company-current	Historical dispatch and saved result states	2026-10-10T12:43:21.7354463Z env:
company-current	Historical dispatch and saved result states	2026-10-10T12:43:21.7354620Z   pythonLocation: /opt/hostedtoolcache/Python/3.14.8/x64
company-current	Historical dispatch and saved result states	2026-10-10T12:43:21.7354873Z   PKG_CONFIG_PATH: /opt/hostedtoolcache/Python/3.14.8/x64/lib/pkgconfig
company-current	Historical dispatch and saved result states	2026-10-10T12:43:21.7355091Z   Python_ROOT_DIR: /opt/hostedtoolcache/Python/3.14.8/x64
company-current	Historical dispatch and saved result states	2026-10-10T12:43:21.7355284Z   Python2_ROOT_DIR: /opt/hostedtoolcache/Python/3.14.8/x64
company-current	Historical dispatch and saved result states	2026-10-10T12:43:21.7355481Z   Python3_ROOT_DIR: /opt/hostedtoolcache/Python/3.14.8/x64
company-current	Historical dispatch and saved result states	2026-10-10T12:43:21.7355679Z   LD_LIBRARY_PATH: /opt/hostedtoolcache/Python/3.14.8/x64/lib
company-current	Historical dispatch and saved result states	2026-10-10T12:43:21.7355859Z   PYTHONDONTWRITEBYTECODE: 1
company-current	Historical dispatch and saved result states	2026-10-10T12:43:21.7355993Z ##[endgroup]
company-current	Historical dispatch and saved result states	2026-10-10T12:43:23.0313785Z test_average_risk_family_preserves_existing_metric_factories (tests.vnext.test_history_company_dispatch.HistoryCompanyDispatchTest.test_average_risk_family_preserves_existing_metric_factories) ... ok
company-current	Historical dispatch and saved result states	2026-10-10T12:43:23.0316172Z test_bank_performance_family_uses_original_factories_for_other_families (tests.vnext.test_history_company_dispatch.HistoryCompanyDispatchTest.test_bank_performance_family_uses_original_factories_for_other_families) ... ok
company-current	Historical dispatch and saved result states	2026-10-10T12:43:23.0318786Z test_bank_scope_family_preserves_existing_metric_factories (tests.vnext.test_history_company_dispatch.HistoryCompanyDispatchTest.test_bank_scope_family_preserves_existing_metric_factories) ... ok
company-current	Historical dispatch and saved result states	2026-10-10T12:43:23.0321098Z test_capital_family_preserves_each_existing_metric_factory (tests.vnext.test_history_company_dispatch.HistoryCompanyDispatchTest.test_capital_family_preserves_each_existing_metric_factory) ... ok
company-current	Historical dispatch and saved result states	2026-10-10T12:43:23.0345889Z test_cli_passes_period_arguments_to_the_same_company_entry (tests.vnext.test_history_company_dispatch.HistoryCompanyDispatchTest.test_cli_passes_period_arguments_to_the_same_company_entry) ... ok
company-current	Historical dispatch and saved result states	2026-10-10T12:43:23.0347004Z test_completed_withheld_survives_read_after_another_metric_subset (tests.vnext.test_history_company_dispatch.HistoryCompanyDispatchTest.test_completed_withheld_survives_read_after_another_metric_subset)
company-current	Historical dispatch and saved result states	2026-10-10T12:43:23.0544927Z Constructed history control: a later subset cannot revive old success. ... ok
company-current	Historical dispatch and saved result states	2026-10-10T12:43:23.0548397Z test_current_mode_keeps_the_existing_public_route (tests.vnext.test_history_company_dispatch.HistoryCompanyDispatchTest.test_current_mode_keeps_the_existing_public_route) ... ok
company-current	Historical dispatch and saved result states	2026-10-10T12:43:23.0551065Z test_event_family_keeps_existing_income_balance_and_hotel_factories (tests.vnext.test_history_company_dispatch.HistoryCompanyDispatchTest.test_event_family_keeps_existing_income_balance_and_hotel_factories) ... ok
company-current	Historical dispatch and saved result states	2026-10-10T12:43:23.0553933Z test_geography_keeps_existing_factories_and_declares_its_source_dependencies (tests.vnext.test_history_company_dispatch.HistoryCompanyDispatchTest.test_geography_keeps_existing_factories_and_declares_its_source_dependencies) ... ok
company-current	Historical dispatch and saved result states	2026-10-10T12:43:23.0556486Z test_interest_coverage_adds_only_its_current_annual_case (tests.vnext.test_history_company_dispatch.HistoryCompanyDispatchTest.test_interest_coverage_adds_only_its_current_annual_case) ... ok
company-current	Historical dispatch and saved result states	2026-10-10T12:43:23.0559516Z test_invalid_range_rejects_before_source_or_writes (tests.vnext.test_history_company_dispatch.HistoryCompanyDispatchTest.test_invalid_range_rejects_before_source_or_writes) ... ok
company-current	Historical dispatch and saved result states	2026-10-10T12:43:23.0563061Z test_liquidity_keeps_the_statement_and_lodging_original_factories (tests.vnext.test_history_company_dispatch.HistoryCompanyDispatchTest.test_liquidity_keeps_the_statement_and_lodging_original_factories) ... ok
company-current	Historical dispatch and saved result states	2026-10-10T12:43:23.0565537Z test_missing_source_is_explicit_and_does_not_acquire (tests.vnext.test_history_company_dispatch.HistoryCompanyDispatchTest.test_missing_source_is_explicit_and_does_not_acquire) ... ok
company-current	Historical dispatch and saved result states	2026-10-10T12:43:23.0568246Z test_mixed_lodging_keeps_its_previous_factory_and_tuple (tests.vnext.test_history_company_dispatch.HistoryCompanyDispatchTest.test_mixed_lodging_keeps_its_previous_factory_and_tuple) ... ok
company-current	Historical dispatch and saved result states	2026-10-10T12:43:23.0571183Z test_range_uses_one_public_company_controller_and_existing_case (tests.vnext.test_history_company_dispatch.HistoryCompanyDispatchTest.test_range_uses_one_public_company_controller_and_existing_case) ... ok
company-current	Historical dispatch and saved result states	2026-10-10T12:43:23.0575392Z test_rpo_uses_native_case_without_changing_statement_or_capital_factories (tests.vnext.test_history_company_dispatch.HistoryCompanyDispatchTest.test_rpo_uses_native_case_without_changing_statement_or_capital_factories) ... ok
company-current	Historical dispatch and saved result states	2026-10-10T12:43:23.0577912Z test_statement_pilot_uses_original_per_metric_factories_and_dependencies (tests.vnext.test_history_company_dispatch.HistoryCompanyDispatchTest.test_statement_pilot_uses_original_per_metric_factories_and_dependencies) ... ok
company-current	Historical dispatch and saved result states	2026-10-10T12:43:23.0580390Z test_unsupported_family_uses_no_fabricated_historical_case (tests.vnext.test_history_company_dispatch.HistoryCompanyDispatchTest.test_unsupported_family_uses_no_fabricated_historical_case) ... ok
company-current	Historical dispatch and saved result states	2026-10-10T12:43:23.0581378Z test_actual_selected_year_dependencies_ignore_unused_admission_code (tests.vnext.test_selected_history_result_state.SelectedHistoryResultStateTest.test_actual_selected_year_dependencies_ignore_unused_admission_code)
company-current	Historical dispatch and saved result states	2026-10-10T12:43:23.1272660Z Constructed state control with the actual processing configuration. ... ok
company-current	Historical dispatch and saved result states	2026-10-10T12:43:23.1343532Z test_completed_withheld_recovers_pointer_without_recalculation (tests.vnext.test_selected_history_result_state.SelectedHistoryResultStateTest.test_completed_withheld_recovers_pointer_without_recalculation) ... ok
company-current	Historical dispatch and saved result states	2026-10-10T12:43:23.1447966Z test_current_withheld_replaces_same_year_success_but_retains_old_version (tests.vnext.test_selected_history_result_state.SelectedHistoryResultStateTest.test_current_withheld_replaces_same_year_success_but_retains_old_version) ... ok
company-current	Historical dispatch and saved result states	2026-10-10T12:43:23.1609592Z test_dependency_source_and_processing_changes_reprocess_withheld_once (tests.vnext.test_selected_history_result_state.SelectedHistoryResultStateTest.test_dependency_source_and_processing_changes_reprocess_withheld_once) ... ok
company-current	Historical dispatch and saved result states	2026-10-10T12:43:23.1740137Z test_missing_year_and_one_metric_failure_preserve_other_periods (tests.vnext.test_selected_history_result_state.SelectedHistoryResultStateTest.test_missing_year_and_one_metric_failure_preserve_other_periods) ... ok
company-current	Historical dispatch and saved result states	2026-10-10T12:43:23.1872721Z test_success_and_stable_withheld_reuse_in_distinct_historical_coordinates (tests.vnext.test_selected_history_result_state.SelectedHistoryResultStateTest.test_success_and_stable_withheld_reuse_in_distinct_historical_coordinates) ... ok
company-current	Historical dispatch and saved result states	2026-10-10T12:43:23.1905058Z test_amendment_and_successor_remain_named_withheld_before_inspection (tests.vnext.test_historical_geography_cases.HistoricalGeographyCaseTest.test_amendment_and_successor_remain_named_withheld_before_inspection) ... ok
company-current	Historical dispatch and saved result states	2026-10-10T12:43:23.1920658Z test_source_failure_propagates_without_inventing_disclosure_absence (tests.vnext.test_historical_geography_cases.HistoricalGeographyCaseTest.test_source_failure_propagates_without_inventing_disclosure_absence) ... ok
company-current	Historical dispatch and saved result states	2026-10-10T12:43:23.1935320Z test_structural_not_applicable_never_reads_financial_amount (tests.vnext.test_historical_geography_cases.HistoricalGeographyCaseTest.test_structural_not_applicable_never_reads_financial_amount) ... ok
company-current	Historical dispatch and saved result states	2026-10-10T12:43:23.1950156Z test_unresolved_source_is_not_a_partial_geography_sum (tests.vnext.test_historical_geography_cases.HistoricalGeographyCaseTest.test_unresolved_source_is_not_a_partial_geography_sum) ... ok
company-current	Historical dispatch and saved result states	2026-10-10T12:43:23.1953350Z test_wrong_family_refuses_before_selecting_any_sources (tests.vnext.test_historical_geography_cases.HistoricalGeographyCaseTest.test_wrong_family_refuses_before_selecting_any_sources) ... ok
company-current	Historical dispatch and saved result states	2026-10-10T12:43:23.2014030Z test_amendment_or_successor_remains_withheld_before_inspection (tests.vnext.test_historical_average_risk_cases.HistoricalAverageRiskCaseTest.test_amendment_or_successor_remains_withheld_before_inspection) ... ok
company-current	Historical dispatch and saved result states	2026-10-10T12:43:23.2032049Z test_lcr_quarter_is_measurement_while_fiscal_year_remains_annual_group (tests.vnext.test_historical_average_risk_cases.HistoricalAverageRiskCaseTest.test_lcr_quarter_is_measurement_while_fiscal_year_remains_annual_group) ... ok
company-current	Historical dispatch and saved result states	2026-10-10T12:43:23.2033269Z test_measurement_rejects_unknown_family_instead_of_treating_as_var (tests.vnext.test_historical_average_risk_cases.HistoricalAverageRiskCaseTest.test_measurement_rejects_unknown_family_instead_of_treating_as_var) ... ok
company-current	Historical dispatch and saved result states	2026-10-10T12:43:23.2064247Z test_structural_not_applicable_skips_amount_inspection (tests.vnext.test_historical_average_risk_cases.HistoricalAverageRiskCaseTest.test_structural_not_applicable_skips_amount_inspection) ... ok
company-current	Historical dispatch and saved result states	2026-10-10T12:43:23.2095595Z test_unresolved_component_cannot_reuse_candidate_value (tests.vnext.test_historical_average_risk_cases.HistoricalAverageRiskCaseTest.test_unresolved_component_cannot_reuse_candidate_value) ... ok
company-current	Historical dispatch and saved result states	2026-10-10T12:43:23.2113145Z test_var_annual_average_keeps_annual_period_and_usd_value (tests.vnext.test_historical_average_risk_cases.HistoricalAverageRiskCaseTest.test_var_annual_average_keeps_annual_period_and_usd_value) ... ok
company-current	Historical dispatch and saved result states	2026-10-10T12:43:23.2114116Z test_wrong_family_refuses_before_any_source_selection (tests.vnext.test_historical_average_risk_cases.HistoricalAverageRiskCaseTest.test_wrong_family_refuses_before_any_source_selection) ... ok
company-current	Historical dispatch and saved result states	2026-10-10T12:43:23.2129285Z test_wrong_source_error_is_not_disclosure_absence (tests.vnext.test_historical_average_risk_cases.HistoricalAverageRiskCaseTest.test_wrong_source_error_is_not_disclosure_absence) ... ok
company-current	Historical dispatch and saved result states	2026-10-10T12:43:23.2137082Z test_general_note_only_before_lettered_notes_and_never_across_heading (tests.vnext.test_historical_average_risk_cases.HistoricalAverageRiskWordingTest.test_general_note_only_before_lettered_notes_and_never_across_heading) ... ok
company-current	Historical dispatch and saved result states	2026-10-10T12:43:23.2190711Z test_known_forms_compile_without_mutating_shared_functions (tests.vnext.test_historical_average_risk_cases.HistoricalAverageRiskWordingTest.test_known_forms_compile_without_mutating_shared_functions) ... ok
company-current	Historical dispatch and saved result states	2026-10-10T12:43:23.2241832Z test_old_lcr_note_grammar_preserves_unit_and_duration_rejections (tests.vnext.test_historical_average_risk_cases.HistoricalAverageRiskWordingTest.test_old_lcr_note_grammar_preserves_unit_and_duration_rejections) ... ok
company-current	Historical dispatch and saved result states	2026-10-10T12:43:23.2244703Z test_original_resolved_answer_is_kept_without_fallback (tests.vnext.test_historical_average_risk_cases.HistoricalAverageRiskWordingTest.test_original_resolved_answer_is_kept_without_fallback) ... ok
company-current	Historical dispatch and saved result states	2026-10-10T12:43:23.2245901Z test_resolved_known_form_retains_original_status_and_provenance (tests.vnext.test_historical_average_risk_cases.HistoricalAverageRiskWordingTest.test_resolved_known_form_retains_original_status_and_provenance) ... ok
company-current	Historical dispatch and saved result states	2026-10-10T12:43:23.2246946Z test_unresolved_fallback_keeps_original_competitors (tests.vnext.test_historical_average_risk_cases.HistoricalAverageRiskWordingTest.test_unresolved_fallback_keeps_original_competitors) ... ok
company-current	Historical dispatch and saved result states	2026-10-10T12:43:23.2248001Z test_history_passes_shared_release_option_without_recursive_view (tests.vnext.test_historical_average_risk_cases.HistoricalExplicitAnnualInterfaceTest.test_history_passes_shared_release_option_without_recursive_view) ... ok
company-current	Historical dispatch and saved result states	2026-10-10T12:43:23.2283256Z test_remaining_fiscal_label_view_uses_explicit_annual_adapter (tests.vnext.test_historical_average_risk_cases.HistoricalExplicitAnnualInterfaceTest.test_remaining_fiscal_label_view_uses_explicit_annual_adapter) ... ok
company-current	Historical dispatch and saved result states	2026-10-10T12:43:23.2284675Z test_shared_source_failure_propagates_as_failure (tests.vnext.test_historical_average_risk_cases.HistoricalExplicitAnnualInterfaceTest.test_shared_source_failure_propagates_as_failure) ... ok
company-current	Historical dispatch and saved result states	2026-10-10T12:43:23.2326904Z test_amendment_and_successor_remain_named_withheld_before_inspection (tests.vnext.test_historical_bank_scope_cases.HistoricalBankScopeCaseTest.test_amendment_and_successor_remain_named_withheld_before_inspection) ... ok
company-current	Historical dispatch and saved result states	2026-10-10T12:43:23.2361826Z test_resolved_aum_and_nonaccrual_keep_filing_end_instant (tests.vnext.test_historical_bank_scope_cases.HistoricalBankScopeCaseTest.test_resolved_aum_and_nonaccrual_keep_filing_end_instant) ... ok
company-current	Historical dispatch and saved result states	2026-10-10T12:43:23.2378569Z test_resolved_nim_is_annual_and_uses_managed_rate (tests.vnext.test_historical_bank_scope_cases.HistoricalBankScopeCaseTest.test_resolved_nim_is_annual_and_uses_managed_rate) ... ok
company-current	Historical dispatch and saved result states	2026-10-10T12:43:23.2391209Z test_source_failure_propagates_without_inventing_disclosure_absence (tests.vnext.test_historical_bank_scope_cases.HistoricalBankScopeCaseTest.test_source_failure_propagates_without_inventing_disclosure_absence) ... ok
company-current	Historical dispatch and saved result states	2026-10-10T12:43:23.2407261Z test_structural_not_applicable_never_reads_financial_amount (tests.vnext.test_historical_bank_scope_cases.HistoricalBankScopeCaseTest.test_structural_not_applicable_never_reads_financial_amount) ... ok
company-current	Historical dispatch and saved result states	2026-10-10T12:43:23.2421530Z test_unresolved_source_is_not_a_partial_bank_sum (tests.vnext.test_historical_bank_scope_cases.HistoricalBankScopeCaseTest.test_unresolved_source_is_not_a_partial_bank_sum) ... ok
company-current	Historical dispatch and saved result states	2026-10-10T12:43:23.2422519Z test_wrong_family_refuses_before_selecting_any_sources (tests.vnext.test_historical_bank_scope_cases.HistoricalBankScopeCaseTest.test_wrong_family_refuses_before_selecting_any_sources) ... ok
company-current	Historical dispatch and saved result states	2026-10-10T12:43:23.2452731Z test_source_conflict_remains_distinct_from_implementation_gap (tests.vnext.test_historical_bank_scope_cases.HistoricalBankScopeClassificationTest.test_source_conflict_remains_distinct_from_implementation_gap) ... ok
company-current	Historical dispatch and saved result states	2026-10-10T12:43:23.2484187Z test_a09_local_import_rebinding_retains_native_ambiguity_gate (tests.vnext.test_historical_bank_scope_cases.HistoricalBankScopeWordingTest.test_a09_local_import_rebinding_retains_native_ambiguity_gate) ... ok
company-current	Historical dispatch and saved result states	2026-10-10T12:43:23.2542521Z test_compilation_keeps_shared_functions_and_known_forms_are_finite (tests.vnext.test_historical_bank_scope_cases.HistoricalBankScopeWordingTest.test_compilation_keeps_shared_functions_and_known_forms_are_finite) ... ok
company-current	Historical dispatch and saved result states	2026-10-10T12:43:23.2550529Z test_missing_native_source_propagates_and_never_reaches_html (tests.vnext.test_historical_bank_scope_cases.HistoricalBankScopeWordingTest.test_missing_native_source_propagates_and_never_reaches_html) ... ok
company-current	Historical dispatch and saved result states	2026-10-10T12:43:23.2558576Z test_old_glossary_accepts_one_colon_and_preserves_subset_text (tests.vnext.test_historical_bank_scope_cases.HistoricalBankScopeWordingTest.test_old_glossary_accepts_one_colon_and_preserves_subset_text) ... ok
company-current	Historical dispatch and saved result states	2026-10-10T12:43:23.2577904Z test_old_segment_list_cannot_hide_conflicting_or_noncorporate_remainder (tests.vnext.test_historical_bank_scope_cases.HistoricalBankScopeWordingTest.test_old_segment_list_cannot_hide_conflicting_or_noncorporate_remainder) ... ok
company-current	Historical dispatch and saved result states	2026-10-10T12:43:23.2579622Z test_original_native_success_is_kept_without_old_form (tests.vnext.test_historical_bank_scope_cases.HistoricalBankScopeWordingTest.test_original_native_success_is_kept_without_old_form) ... ok
company-current	Historical dispatch and saved result states	2026-10-10T12:43:23.2887585Z test_display_is_bounded_while_complete_scope_evidence_is_retained (tests.vnext.test_historical_statement_cases.HistoricalRevenueScopeConsumerTest.test_display_is_bounded_while_complete_scope_evidence_is_retained) ... ok
company-current	Historical dispatch and saved result states	2026-10-10T12:43:23.2899768Z test_literal_original_and_resolved_period_must_have_same_dates (tests.vnext.test_historical_statement_cases.HistoricalRevenueScopeConsumerTest.test_literal_original_and_resolved_period_must_have_same_dates) ... ok
company-current	Historical dispatch and saved result states	2026-10-10T12:43:23.2986071Z test_no_reported_total_retains_the_existing_component_scope_path (tests.vnext.test_historical_statement_cases.HistoricalRevenueScopeConsumerTest.test_no_reported_total_retains_the_existing_component_scope_path) ... ok
company-current	Historical dispatch and saved result states	2026-10-10T12:43:23.2987293Z test_processing_configuration_includes_shared_scope_dependency (tests.vnext.test_historical_statement_cases.HistoricalRevenueScopeConsumerTest.test_processing_configuration_includes_shared_scope_dependency) ... ok
company-current	Historical dispatch and saved result states	2026-10-10T12:43:23.3313526Z test_reported_late_date_and_cost_group_qualifiers_are_not_hidden (tests.vnext.test_historical_statement_cases.HistoricalRevenueScopeConsumerTest.test_reported_late_date_and_cost_group_qualifiers_are_not_hidden) ... ok
company-current	Historical dispatch and saved result states	2026-10-10T12:43:23.3501023Z test_reported_navigation_keeps_source_spans_without_accepting_subject_restrictions (tests.vnext.test_historical_statement_cases.HistoricalRevenueScopeConsumerTest.test_reported_navigation_keeps_source_spans_without_accepting_subject_restrictions) ... ok
company-current	Historical dispatch and saved result states	2026-10-10T12:43:23.3511914Z test_reported_total_conflict_cannot_fall_back_to_the_old_component (tests.vnext.test_historical_statement_cases.HistoricalRevenueScopeConsumerTest.test_reported_total_conflict_cannot_fall_back_to_the_old_component) ... ok
company-current	Historical dispatch and saved result states	2026-10-10T12:43:23.3620503Z test_reported_total_is_admitted_before_actual_calculator (tests.vnext.test_historical_statement_cases.HistoricalRevenueScopeConsumerTest.test_reported_total_is_admitted_before_actual_calculator) ... ok
company-current	Historical dispatch and saved result states	2026-10-10T12:43:23.3715976Z test_source_bound_resolved_label_reaches_the_shared_reader_without_raw_year_rewrite (tests.vnext.test_historical_statement_cases.HistoricalRevenueScopeConsumerTest.test_source_bound_resolved_label_reaches_the_shared_reader_without_raw_year_rewrite) ... ok
company-current	Historical dispatch and saved result states	2026-10-10T12:43:23.3812879Z test_total_cannot_be_borrowed_from_a_later_filing (tests.vnext.test_historical_statement_cases.HistoricalRevenueScopeConsumerTest.test_total_cannot_be_borrowed_from_a_later_filing) ... ok
company-current	Historical dispatch and saved result states	2026-10-10T12:43:23.3827403Z test_amendment_and_successor_keep_the_existing_rejection (tests.vnext.test_historical_statement_cases.HistoricalCurrentAnnualScopeTest.test_amendment_and_successor_keep_the_existing_rejection) ... ok
company-current	Historical dispatch and saved result states	2026-10-10T12:43:23.3833981Z test_declared_wrong_source_period_cannot_select_a_filing (tests.vnext.test_historical_statement_cases.HistoricalCurrentAnnualScopeTest.test_declared_wrong_source_period_cannot_select_a_filing) ... ok
company-current	Historical dispatch and saved result states	2026-10-10T12:43:23.3835062Z test_existing_entry_does_not_silently_expand_to_b07 (tests.vnext.test_historical_statement_cases.HistoricalCurrentAnnualScopeTest.test_existing_entry_does_not_silently_expand_to_b07) ... ok
company-current	Historical dispatch and saved result states	2026-10-10T12:43:23.3836161Z test_prior_year_or_instant_metrics_do_not_enter_the_annual_family (tests.vnext.test_historical_statement_cases.HistoricalCurrentAnnualScopeTest.test_prior_year_or_instant_metrics_do_not_enter_the_annual_family) ... ok
company-current	Historical dispatch and saved result states	2026-10-10T12:43:23.3971201Z test_fixed_single_line_consumer_keeps_total_and_rejects_appended_cell_amount (tests.vnext.test_historical_statement_cases.HistoricalPairedRevenueAdmissionTest.test_fixed_single_line_consumer_keeps_total_and_rejects_appended_cell_amount) ... ok
company-current	Historical dispatch and saved result states	2026-10-10T12:43:23.3998127Z test_missing_scope_and_conflicting_original_dates_are_not_complete_revenue (tests.vnext.test_historical_statement_cases.HistoricalPairedRevenueAdmissionTest.test_missing_scope_and_conflicting_original_dates_are_not_complete_revenue) ... ok
company-current	Historical dispatch and saved result states	2026-10-10T12:43:23.4077138Z test_prior_period_comparisons_stay_for_the_shared_comparability_guard (tests.vnext.test_historical_statement_cases.HistoricalPairedRevenueAdmissionTest.test_prior_period_comparisons_stay_for_the_shared_comparability_guard) ... ok
company-current	Historical dispatch and saved result states	2026-10-10T12:43:23.4234118Z test_stopped_single_line_does_not_gain_new_scope_while_explicit_total_keeps_working (tests.vnext.test_historical_statement_cases.HistoricalPairedRevenueAdmissionTest.test_stopped_single_line_does_not_gain_new_scope_while_explicit_total_keeps_working) ... ok
company-current	Historical dispatch and saved result states	2026-10-10T12:43:23.4315236Z test_total_admission_keeps_original_claim_id_and_never_retags_its_locator (tests.vnext.test_historical_statement_cases.HistoricalPairedRevenueAdmissionTest.test_total_admission_keeps_original_claim_id_and_never_retags_its_locator) ... ok
company-current	Historical dispatch and saved result states	2026-10-10T12:43:23.4800570Z test_wrong_unit_entity_accession_or_amount_cannot_supply_the_original_total (tests.vnext.test_historical_statement_cases.HistoricalPairedRevenueAdmissionTest.test_wrong_unit_entity_accession_or_amount_cannot_supply_the_original_total) ... ok
company-current	Historical dispatch and saved result states	2026-10-10T12:43:23.4823483Z test_both_original_scopes_reach_the_one_graph_and_daily_summary_is_bounded (tests.vnext.test_historical_statement_cases.HistoricalPairedRevenueCaseTest.test_both_original_scopes_reach_the_one_graph_and_daily_summary_is_bounded) ... ok
company-current	Historical dispatch and saved result states	2026-10-10T12:43:23.4848000Z test_graph_cannot_select_an_operand_outside_the_admitted_original_claims (tests.vnext.test_historical_statement_cases.HistoricalPairedRevenueCaseTest.test_graph_cannot_select_an_operand_outside_the_admitted_original_claims) ... ok
company-current	Historical dispatch and saved result states	2026-10-10T12:43:23.4894977Z test_one_unproved_role_withholds_whole_growth_before_graph (tests.vnext.test_historical_statement_cases.HistoricalPairedRevenueCaseTest.test_one_unproved_role_withholds_whole_growth_before_graph) ... ok
company-current	Historical dispatch and saved result states	2026-10-10T12:43:23.4896119Z test_continuous_company_keeps_original_registry_object (tests.vnext.test_historical_statement_cases.HistoricalPeriodSubjectTest.test_continuous_company_keeps_original_registry_object) ... ok
company-current	Historical dispatch and saved result states	2026-10-10T12:43:23.4897408Z test_mismatched_reporter_successor_or_cross_entity_does_not_get_override (tests.vnext.test_historical_statement_cases.HistoricalPeriodSubjectTest.test_mismatched_reporter_successor_or_cross_entity_does_not_get_override) ... ok
company-current	Historical dispatch and saved result states	2026-10-10T12:43:23.4898621Z test_predecessor_context_uses_its_own_cik_without_mutating_registry (tests.vnext.test_historical_statement_cases.HistoricalPeriodSubjectTest.test_predecessor_context_uses_its_own_cik_without_mutating_registry) ... ok
company-current	Historical dispatch and saved result states	2026-10-10T12:43:23.4899469Z test_successor_context_keeps_its_existing_noncomparability (tests.vnext.test_historical_statement_cases.HistoricalPeriodSubjectTest.test_successor_context_keeps_its_existing_noncomparability) ... ok
company-current	Historical dispatch and saved result states	2026-10-10T12:43:23.5001382Z test_display_is_bounded_while_complete_scope_evidence_is_retained (tests.vnext.test_historical_statement_cases.HistoricalRevenueScopeConsumerTest.test_display_is_bounded_while_complete_scope_evidence_is_retained) ... ok
company-current	Historical dispatch and saved result states	2026-10-10T12:43:23.5012435Z test_literal_original_and_resolved_period_must_have_same_dates (tests.vnext.test_historical_statement_cases.HistoricalRevenueScopeConsumerTest.test_literal_original_and_resolved_period_must_have_same_dates) ... ok
company-current	Historical dispatch and saved result states	2026-10-10T12:43:23.5095181Z test_no_reported_total_retains_the_existing_component_scope_path (tests.vnext.test_historical_statement_cases.HistoricalRevenueScopeConsumerTest.test_no_reported_total_retains_the_existing_component_scope_path) ... ok
company-current	Historical dispatch and saved result states	2026-10-10T12:43:23.5096409Z test_processing_configuration_includes_shared_scope_dependency (tests.vnext.test_historical_statement_cases.HistoricalRevenueScopeConsumerTest.test_processing_configuration_includes_shared_scope_dependency) ... ok
company-current	Historical dispatch and saved result states	2026-10-10T12:43:23.5422983Z test_reported_late_date_and_cost_group_qualifiers_are_not_hidden (tests.vnext.test_historical_statement_cases.HistoricalRevenueScopeConsumerTest.test_reported_late_date_and_cost_group_qualifiers_are_not_hidden) ... ok
company-current	Historical dispatch and saved result states	2026-10-10T12:43:23.5603765Z test_reported_navigation_keeps_source_spans_without_accepting_subject_restrictions (tests.vnext.test_historical_statement_cases.HistoricalRevenueScopeConsumerTest.test_reported_navigation_keeps_source_spans_without_accepting_subject_restrictions) ... ok
company-current	Historical dispatch and saved result states	2026-10-10T12:43:23.5616056Z test_reported_total_conflict_cannot_fall_back_to_the_old_component (tests.vnext.test_historical_statement_cases.HistoricalRevenueScopeConsumerTest.test_reported_total_conflict_cannot_fall_back_to_the_old_component) ... ok
company-current	Historical dispatch and saved result states	2026-10-10T12:43:23.5718450Z test_reported_total_is_admitted_before_actual_calculator (tests.vnext.test_historical_statement_cases.HistoricalRevenueScopeConsumerTest.test_reported_total_is_admitted_before_actual_calculator) ... ok
company-current	Historical dispatch and saved result states	2026-10-10T12:43:23.5815736Z test_source_bound_resolved_label_reaches_the_shared_reader_without_raw_year_rewrite (tests.vnext.test_historical_statement_cases.HistoricalRevenueScopeConsumerTest.test_source_bound_resolved_label_reaches_the_shared_reader_without_raw_year_rewrite) ... ok
company-current	Historical dispatch and saved result states	2026-10-10T12:43:23.5917083Z test_total_cannot_be_borrowed_from_a_later_filing (tests.vnext.test_historical_statement_cases.HistoricalRevenueScopeConsumerTest.test_total_cannot_be_borrowed_from_a_later_filing) ... ok
company-current	Historical dispatch and saved result states	2026-10-10T12:43:23.5921956Z test_amended_target_and_successor_require_explicit_adaptation (tests.vnext.test_historical_statement_cases.HistoricalStatementScopeTest.test_amended_target_and_successor_require_explicit_adaptation) ... ok
company-current	Historical dispatch and saved result states	2026-10-10T12:43:23.5998419Z test_companyfacts_amount_must_match_the_selected_original (tests.vnext.test_historical_statement_cases.HistoricalStatementScopeTest.test_companyfacts_amount_must_match_the_selected_original) ... ok
company-current	Historical dispatch and saved result states	2026-10-10T12:43:23.5999348Z test_other_metric_does_not_select_sources (tests.vnext.test_historical_statement_cases.HistoricalStatementScopeTest.test_other_metric_does_not_select_sources) ... ok
company-current	Historical dispatch and saved result states	2026-10-10T12:43:23.6061729Z test_applicable_company_does_not_skip_its_source_requirements (tests.vnext.test_historical_statement_cases.HistoricalStructuralApplicabilityTest.test_applicable_company_does_not_skip_its_source_requirements) ... ok
company-current	Historical dispatch and saved result states	2026-10-10T12:43:23.6126533Z test_bank_trait_is_na_before_any_amount_selection (tests.vnext.test_historical_statement_cases.HistoricalStructuralApplicabilityTest.test_bank_trait_is_na_before_any_amount_selection) ... ok
company-current	Historical dispatch and saved result states	2026-10-10T12:43:23.6132025Z test_noncontinuous_rule_cannot_be_replaced_by_current_instant_permission (tests.vnext.test_historical_statement_cases.HistoricalSuccessorComparabilityTest.test_noncontinuous_rule_cannot_be_replaced_by_current_instant_permission) ... ok
company-current	Historical dispatch and saved result states	2026-10-10T12:43:23.6134078Z test_revenue_still_requires_statement_scope (tests.vnext.test_historical_statement_cases.HistoricalSuccessorComparabilityTest.test_revenue_still_requires_statement_scope) ... ok
company-current	Historical dispatch and saved result states	2026-10-10T12:43:23.6158279Z test_wrong_subject_or_cross_entity_cannot_use_the_metadata_guard (tests.vnext.test_historical_statement_cases.HistoricalSuccessorComparabilityTest.test_wrong_subject_or_cross_entity_cannot_use_the_metadata_guard) ... ok
company-current	Historical dispatch and saved result states	2026-10-10T12:43:23.6160256Z test_history_dispatch_preserves_existing_factories_and_dependencies (tests.vnext.test_historical_compensation_case.HistoricalCompensationAdapterTest.test_history_dispatch_preserves_existing_factories_and_dependencies) ... ok
company-current	Historical dispatch and saved result states	2026-10-10T12:43:23.6172739Z test_selected_proxy_and_annual_identity_remain_distinct (tests.vnext.test_historical_compensation_case.HistoricalCompensationAdapterTest.test_selected_proxy_and_annual_identity_remain_distinct) ... ok
company-current	Historical dispatch and saved result states	2026-10-10T12:43:23.6176172Z test_source_preparer_retains_annual_primary_for_reporter_and_distinct_proxy (tests.vnext.test_historical_compensation_case.HistoricalCompensationAdapterTest.test_source_preparer_retains_annual_primary_for_reporter_and_distinct_proxy) ... ok
company-current	Historical dispatch and saved result states	2026-10-10T12:43:23.6177343Z test_wrong_metric_rejects_before_proxy_read (tests.vnext.test_historical_compensation_case.HistoricalCompensationAdapterTest.test_wrong_metric_rejects_before_proxy_read) ... ok
company-current	Historical dispatch and saved result states	2026-10-10T12:43:23.6178363Z test_amendment_belongs_only_before_the_next_proxy (tests.vnext.test_historical_compensation_case.HistoricalCompensationSelectionTest.test_amendment_belongs_only_before_the_next_proxy) ... ok
company-current	Historical dispatch and saved result states	2026-10-10T12:43:23.6179489Z test_first_reported_proxy_is_not_replaced_by_later_compensation (tests.vnext.test_historical_compensation_case.HistoricalCompensationSelectionTest.test_first_reported_proxy_is_not_replaced_by_later_compensation) ... ok
company-current	Historical dispatch and saved result states	2026-10-10T12:43:23.6180627Z test_no_proxy_does_not_become_zero_or_structural_na (tests.vnext.test_historical_compensation_case.HistoricalCompensationSelectionTest.test_no_proxy_does_not_become_zero_or_structural_na) ... ok
company-current	Historical dispatch and saved result states	2026-10-10T12:43:23.6181929Z test_same_day_requires_acceptance_time_not_accession_rank (tests.vnext.test_historical_compensation_case.HistoricalCompensationSelectionTest.test_same_day_requires_acceptance_time_not_accession_rank) ... ok
company-current	Historical dispatch and saved result states	2026-10-10T12:43:23.6183112Z test_unproven_history_foreign_reporter_and_different_annual_refuse (tests.vnext.test_historical_compensation_case.HistoricalCompensationSelectionTest.test_unproven_history_foreign_reporter_and_different_annual_refuse) ... ok
company-current	Historical dispatch and saved result states	2026-10-10T12:43:23.6183777Z 
company-current	Historical dispatch and saved result states	2026-10-10T12:43:23.6183905Z ----------------------------------------------------------------------
company-current	Historical dispatch and saved result states	2026-10-10T12:43:23.6184153Z Ran 114 tests in 0.627s
company-current	Historical dispatch and saved result states	2026-10-10T12:43:23.6184234Z 
company-current	Historical dispatch and saved result states	2026-10-10T12:43:23.6184281Z OK
company-current	Paired reported comparisons and exact revenue defect	﻿2026-10-10T12:43:23.6696389Z ##[group]Run python3 tests/required_unittests.py tests.vnext.test_paired_measure_contradiction
company-current	Paired reported comparisons and exact revenue defect	2026-10-10T12:43:23.6696775Z ^[[36;1mpython3 tests/required_unittests.py tests.vnext.test_paired_measure_contradiction^[[0m
company-current	Paired reported comparisons and exact revenue defect	2026-10-10T12:43:23.6748086Z shell: /usr/bin/bash -e {0}
company-current	Paired reported comparisons and exact revenue defect	2026-10-10T12:43:23.6748221Z env:
company-current	Paired reported comparisons and exact revenue defect	2026-10-10T12:43:23.6748361Z   pythonLocation: /opt/hostedtoolcache/Python/3.14.8/x64
company-current	Paired reported comparisons and exact revenue defect	2026-10-10T12:43:23.6748579Z   PKG_CONFIG_PATH: /opt/hostedtoolcache/Python/3.14.8/x64/lib/pkgconfig
company-current	Paired reported comparisons and exact revenue defect	2026-10-10T12:43:23.6748796Z   Python_ROOT_DIR: /opt/hostedtoolcache/Python/3.14.8/x64
company-current	Paired reported comparisons and exact revenue defect	2026-10-10T12:43:23.6748992Z   Python2_ROOT_DIR: /opt/hostedtoolcache/Python/3.14.8/x64
company-current	Paired reported comparisons and exact revenue defect	2026-10-10T12:43:23.6749188Z   Python3_ROOT_DIR: /opt/hostedtoolcache/Python/3.14.8/x64
company-current	Paired reported comparisons and exact revenue defect	2026-10-10T12:43:23.6749382Z   LD_LIBRARY_PATH: /opt/hostedtoolcache/Python/3.14.8/x64/lib
company-current	Paired reported comparisons and exact revenue defect	2026-10-10T12:43:23.6749559Z   PYTHONDONTWRITEBYTECODE: 1
company-current	Paired reported comparisons and exact revenue defect	2026-10-10T12:43:23.6749690Z ##[endgroup]
company-current	Paired reported comparisons and exact revenue defect	2026-10-10T12:43:24.3411221Z test_default_register_holds_exact_subtotal_result_only (tests.vnext.test_paired_measure_contradiction.DefaultRevenueScopeDefectTest.test_default_register_holds_exact_subtotal_result_only) ... ok
company-current	Paired reported comparisons and exact revenue defect	2026-10-10T12:43:24.3412561Z test_conflicting_comparisons_cannot_choose_the_matching_one (tests.vnext.test_paired_measure_contradiction.PairedReportedComparisonTest.test_conflicting_comparisons_cannot_choose_the_matching_one) ... ok
company-current	Paired reported comparisons and exact revenue defect	2026-10-10T12:43:24.3413693Z test_other_period_unit_or_accession_is_not_a_prior_comparison (tests.vnext.test_paired_measure_contradiction.PairedReportedComparisonTest.test_other_period_unit_or_accession_is_not_a_prior_comparison) ... ok
company-current	Paired reported comparisons and exact revenue defect	2026-10-10T12:43:24.3414821Z test_same_label_matching_or_no_comparison_keeps_existing_behavior (tests.vnext.test_paired_measure_contradiction.PairedReportedComparisonTest.test_same_label_matching_or_no_comparison_keeps_existing_behavior) ... ok
company-current	Paired reported comparisons and exact revenue defect	2026-10-10T12:43:24.3415871Z test_same_label_prior_comparison_difference_is_not_accepted (tests.vnext.test_paired_measure_contradiction.PairedReportedComparisonTest.test_same_label_prior_comparison_difference_is_not_accepted) ... ok
company-current	Paired reported comparisons and exact revenue defect	2026-10-10T12:43:24.3416568Z test_supported_label_change_requires_the_original_prior_value (tests.vnext.test_paired_measure_contradiction.PairedReportedComparisonTest.test_supported_label_change_requires_the_original_prior_value) ... ok
company-current	Paired reported comparisons and exact revenue defect	2026-10-10T12:43:24.3417162Z 
company-current	Paired reported comparisons and exact revenue defect	2026-10-10T12:43:24.3417254Z ----------------------------------------------------------------------
company-current	Paired reported comparisons and exact revenue defect	2026-10-10T12:43:24.3417442Z Ran 6 tests in 0.592s
company-current	Paired reported comparisons and exact revenue defect	2026-10-10T12:43:24.3417521Z 
company-current	Paired reported comparisons and exact revenue defect	2026-10-10T12:43:24.3417563Z OK
company-current	Paired reported comparisons and exact revenue defect	2026-10-10T12:43:24.3417840Z {"allowed_skips": 0, "errors": 0, "failures": 0, "run": 6, "skip_reasons": [], "skipped": 0, "tests": ["tests.vnext.test_paired_measure_contradiction"]}
company-current	Explicit single revenue source and unchanged period defaults	﻿2026-10-10T12:43:24.3683938Z ##[group]Run python3 tests/required_unittests.py tests.vnext.test_single_revenue_line tests.vnext.test_selected_reported_revenue_v2 tests.vnext.test_financial_duration tests.vnext.test_selected_income_source_v1
company-current	Explicit single revenue source and unchanged period defaults	2026-10-10T12:43:24.3684667Z ^[[36;1mpython3 tests/required_unittests.py tests.vnext.test_single_revenue_line tests.vnext.test_selected_reported_revenue_v2 tests.vnext.test_financial_duration tests.vnext.test_selected_income_source_v1^[[0m
company-current	Explicit single revenue source and unchanged period defaults	2026-10-10T12:43:24.3735621Z shell: /usr/bin/bash -e {0}
company-current	Explicit single revenue source and unchanged period defaults	2026-10-10T12:43:24.3735753Z env:
company-current	Explicit single revenue source and unchanged period defaults	2026-10-10T12:43:24.3735894Z   pythonLocation: /opt/hostedtoolcache/Python/3.14.8/x64
company-current	Explicit single revenue source and unchanged period defaults	2026-10-10T12:43:24.3736119Z   PKG_CONFIG_PATH: /opt/hostedtoolcache/Python/3.14.8/x64/lib/pkgconfig
company-current	Explicit single revenue source and unchanged period defaults	2026-10-10T12:43:24.3736337Z   Python_ROOT_DIR: /opt/hostedtoolcache/Python/3.14.8/x64
company-current	Explicit single revenue source and unchanged period defaults	2026-10-10T12:43:24.3736531Z   Python2_ROOT_DIR: /opt/hostedtoolcache/Python/3.14.8/x64
company-current	Explicit single revenue source and unchanged period defaults	2026-10-10T12:43:24.3736721Z   Python3_ROOT_DIR: /opt/hostedtoolcache/Python/3.14.8/x64
company-current	Explicit single revenue source and unchanged period defaults	2026-10-10T12:43:24.3736911Z   LD_LIBRARY_PATH: /opt/hostedtoolcache/Python/3.14.8/x64/lib
company-current	Explicit single revenue source and unchanged period defaults	2026-10-10T12:43:24.3737111Z   PYTHONDONTWRITEBYTECODE: 1
company-current	Explicit single revenue source and unchanged period defaults	2026-10-10T12:43:24.3737239Z ##[endgroup]
company-current	Explicit single revenue source and unchanged period defaults	2026-10-10T12:43:25.2129374Z test_actual_current_consumers_bind_fixed_fiscal_assertion_only_when_used (tests.vnext.test_single_revenue_line.SingleRevenueLineTest.test_actual_current_consumers_bind_fixed_fiscal_assertion_only_when_used) ... ok
company-current	Explicit single revenue source and unchanged period defaults	2026-10-10T12:43:25.2612132Z test_common_share_unit_header_and_split_currency_use_spanned_year (tests.vnext.test_single_revenue_line.SingleRevenueLineTest.test_common_share_unit_header_and_split_currency_use_spanned_year) ... ok
company-current	Explicit single revenue source and unchanged period defaults	2026-10-10T12:43:25.2654268Z test_component_rows_cannot_be_relabelled_as_single_revenue (tests.vnext.test_single_revenue_line.SingleRevenueLineTest.test_component_rows_cannot_be_relabelled_as_single_revenue) ... ok
company-current	Explicit single revenue source and unchanged period defaults	2026-10-10T12:43:25.2839663Z test_existing_entity_period_unit_scope_and_xml_checks_still_apply (tests.vnext.test_single_revenue_line.SingleRevenueLineTest.test_existing_entity_period_unit_scope_and_xml_checks_still_apply) ... ok
company-current	Explicit single revenue source and unchanged period defaults	2026-10-10T12:43:25.2916110Z test_explicit_single_line_keeps_original_fact_and_default_contract (tests.vnext.test_single_revenue_line.SingleRevenueLineTest.test_explicit_single_line_keeps_original_fact_and_default_contract) ... ok
company-current	Explicit single revenue source and unchanged period defaults	2026-10-10T12:43:25.3044923Z test_legitimate_repeated_header_and_currency_symbol_keep_the_single_amount (tests.vnext.test_single_revenue_line.SingleRevenueLineTest.test_legitimate_repeated_header_and_currency_symbol_keep_the_single_amount) ... ok
company-current	Explicit single revenue source and unchanged period defaults	2026-10-10T12:43:25.3148647Z test_no_statement_title_no_cost_or_no_income_does_not_prove_total (tests.vnext.test_single_revenue_line.SingleRevenueLineTest.test_no_statement_title_no_cost_or_no_income_does_not_prove_total) ... ok
company-current	Explicit single revenue source and unchanged period defaults	2026-10-10T12:43:25.3184304Z test_only_explicit_boolean_option_and_exact_plain_label (tests.vnext.test_single_revenue_line.SingleRevenueLineTest.test_only_explicit_boolean_option_and_exact_plain_label) ... ok
company-current	Explicit single revenue source and unchanged period defaults	2026-10-10T12:43:25.3336266Z test_remaining_tagged_and_untagged_revenue_parts_are_not_sole_line (tests.vnext.test_single_revenue_line.SingleRevenueLineTest.test_remaining_tagged_and_untagged_revenue_parts_are_not_sole_line) ... ok
company-current	Explicit single revenue source and unchanged period defaults	2026-10-10T12:43:25.3457320Z test_repeated_year_header_does_not_hide_an_earlier_amount (tests.vnext.test_single_revenue_line.SingleRevenueLineTest.test_repeated_year_header_does_not_hide_an_earlier_amount) ... ok
company-current	Explicit single revenue source and unchanged period defaults	2026-10-10T12:43:25.3569024Z test_selected_cell_extra_untagged_amount_cannot_hide_behind_xml_match (tests.vnext.test_single_revenue_line.SingleRevenueLineTest.test_selected_cell_extra_untagged_amount_cannot_hide_behind_xml_match) ... ok
company-current	Explicit single revenue source and unchanged period defaults	2026-10-10T12:43:25.3651926Z test_selected_fact_ordinal_is_not_a_python_list_offset (tests.vnext.test_single_revenue_line.SingleRevenueLineTest.test_selected_fact_ordinal_is_not_a_python_list_offset) ... ok
company-current	Explicit single revenue source and unchanged period defaults	2026-10-10T12:43:25.3727058Z test_explicit_total_admits_existing_fact_without_calculating_component_sum (tests.vnext.test_selected_reported_revenue_v2.SelectedReportedRevenueTest.test_explicit_total_admits_existing_fact_without_calculating_component_sum) ... ok
company-current	Explicit single revenue source and unchanged period defaults	2026-10-10T12:43:25.3864183Z test_fiscal_year_column_matches_full_selected_native_period_not_calendar_year (tests.vnext.test_selected_reported_revenue_v2.SelectedReportedRevenueTest.test_fiscal_year_column_matches_full_selected_native_period_not_calendar_year) ... ok
company-current	Explicit single revenue source and unchanged period defaults	2026-10-10T12:43:25.3951059Z test_later_year_header_cannot_hide_an_earlier_associated_full_date (tests.vnext.test_selected_reported_revenue_v2.SelectedReportedRevenueTest.test_later_year_header_cannot_hide_an_earlier_associated_full_date) ... ok
company-current	Explicit single revenue source and unchanged period defaults	2026-10-10T12:43:25.4149917Z test_limited_scope_wrong_scale_and_xml_disagreement_remain_errors (tests.vnext.test_selected_reported_revenue_v2.SelectedReportedRevenueTest.test_limited_scope_wrong_scale_and_xml_disagreement_remain_errors) ... ok
company-current	Explicit single revenue source and unchanged period defaults	2026-10-10T12:43:25.4231807Z test_note_total_or_wrong_companyfacts_filing_does_not_supply_company_total (tests.vnext.test_selected_reported_revenue_v2.SelectedReportedRevenueTest.test_note_total_or_wrong_companyfacts_filing_does_not_supply_company_total) ... ok
company-current	Explicit single revenue source and unchanged period defaults	2026-10-10T12:43:25.4648908Z test_resolved_label_keeps_raw_year_and_cannot_borrow_another_source (tests.vnext.test_selected_reported_revenue_v2.SelectedReportedRevenueTest.test_resolved_label_keeps_raw_year_and_cannot_borrow_another_source) ... ok
company-current	Explicit single revenue source and unchanged period defaults	2026-10-10T12:43:25.4836476Z test_separate_heading_table_is_bound_and_not_borrowed_from_other_statement (tests.vnext.test_selected_reported_revenue_v2.SelectedReportedRevenueTest.test_separate_heading_table_is_bound_and_not_borrowed_from_other_statement) ... ok
company-current	Explicit single revenue source and unchanged period defaults	2026-10-10T12:43:25.4994863Z test_visible_end_day_and_complete_date_agree_before_full_scope_credit (tests.vnext.test_selected_reported_revenue_v2.SelectedReportedRevenueTest.test_visible_end_day_and_complete_date_agree_before_full_scope_credit) ... ok
company-current	Explicit single revenue source and unchanged period defaults	2026-10-10T12:43:29.7050330Z test_actual_quarter_header_and_full_column_date_define_the_lcr_interval (tests.vnext.test_financial_duration.FinancialDurationTest.test_actual_quarter_header_and_full_column_date_define_the_lcr_interval) ... ok
company-current	Explicit single revenue source and unchanged period defaults	2026-10-10T12:43:29.7289920Z test_changed_duration_is_recomputed_with_new_source_hash (tests.vnext.test_financial_duration.FinancialDurationTest.test_changed_duration_is_recomputed_with_new_source_hash) ... ok
company-current	Explicit single revenue source and unchanged period defaults	2026-10-10T12:43:29.7299748Z test_duplicate_and_conflicting_footnotes_do_not_choose_a_convenient_period (tests.vnext.test_financial_duration.FinancialDurationTest.test_duplicate_and_conflicting_footnotes_do_not_choose_a_convenient_period) ... ok
company-current	Explicit single revenue source and unchanged period defaults	2026-10-10T12:43:29.7607699Z test_merged_interior_coordinate_and_nonnumeric_cell_are_not_selection_proof (tests.vnext.test_financial_duration.FinancialDurationTest.test_merged_interior_coordinate_and_nonnumeric_cell_are_not_selection_proof) ... ok
company-current	Explicit single revenue source and unchanged period defaults	2026-10-10T12:43:29.7840383Z test_missing_or_unlinked_footnote_never_falls_back_to_filing_year (tests.vnext.test_financial_duration.FinancialDurationTest.test_missing_or_unlinked_footnote_never_falls_back_to_filing_year) ... ok
company-current	Explicit single revenue source and unchanged period defaults	2026-10-10T12:43:29.7849882Z test_non_month_end_sources_need_explicit_dates_not_calendar_inference (tests.vnext.test_financial_duration.FinancialDurationTest.test_non_month_end_sources_need_explicit_dates_not_calendar_inference) ... ok
company-current	Explicit single revenue source and unchanged period defaults	2026-10-10T12:43:29.7855150Z test_noncalendar_annual_header_and_bad_claim_dates (tests.vnext.test_financial_duration.FinancialDurationTest.test_noncalendar_annual_header_and_bad_claim_dates) ... ok
company-current	Explicit single revenue source and unchanged period defaults	2026-10-10T12:43:31.8727286Z test_original_date_and_average_do_not_invent_a_quarter (tests.vnext.test_financial_duration.FinancialDurationTest.test_original_date_and_average_do_not_invent_a_quarter) ... ok
company-current	Explicit single revenue source and unchanged period defaults	2026-10-10T12:43:33.7927888Z test_original_explicit_annual_header_completes_without_recipe (tests.vnext.test_financial_duration.FinancialDurationTest.test_original_explicit_annual_header_completes_without_recipe) ... ok
company-current	Explicit single revenue source and unchanged period defaults	2026-10-10T12:43:35.7569769Z test_original_quarter_is_positive_and_annual_claim_is_rejected (tests.vnext.test_financial_duration.FinancialDurationTest.test_original_quarter_is_positive_and_annual_claim_is_rejected) ... ok
company-current	Explicit single revenue source and unchanged period defaults	2026-10-10T12:43:35.7580258Z test_point_in_time_row_or_linked_note_does_not_inherit_annual_duration (tests.vnext.test_financial_duration.FinancialDurationTest.test_point_in_time_row_or_linked_note_does_not_inherit_annual_duration) ... ok
company-current	Explicit single revenue source and unchanged period defaults	2026-10-10T12:43:35.8064528Z test_prior_year_header_requires_the_prior_year_measurement_interval (tests.vnext.test_financial_duration.FinancialDurationTest.test_prior_year_header_requires_the_prior_year_measurement_interval) ... ok
company-current	Explicit single revenue source and unchanged period defaults	2026-10-10T12:43:35.8069524Z test_quarter_header_cannot_be_overridden_by_a_second_annual_header (tests.vnext.test_financial_duration.FinancialDurationTest.test_quarter_header_cannot_be_overridden_by_a_second_annual_header) ... ok
company-current	Explicit single revenue source and unchanged period defaults	2026-10-10T12:43:35.8782114Z test_source_and_receipt_tampering_are_rejected_independently (tests.vnext.test_financial_duration.FinancialDurationTest.test_source_and_receipt_tampering_are_rejected_independently) ... ok
company-current	Explicit single revenue source and unchanged period defaults	2026-10-10T12:43:35.8807135Z test_source_month_end_intervals_cover_quarter_half_year_and_leap_boundaries (tests.vnext.test_financial_duration.FinancialDurationTest.test_source_month_end_intervals_cover_quarter_half_year_and_leap_boundaries) ... ok
company-current	Explicit single revenue source and unchanged period defaults	2026-10-10T12:43:35.9279754Z test_subject_and_unit_changes_do_not_keep_prior_acceptance (tests.vnext.test_financial_duration.FinancialDurationTest.test_subject_and_unit_changes_do_not_keep_prior_acceptance) ... ok
company-current	Explicit single revenue source and unchanged period defaults	2026-10-10T12:43:35.9292624Z test_unrelated_table_footnote_and_unknown_duration_stay_unresolved (tests.vnext.test_financial_duration.FinancialDurationTest.test_unrelated_table_footnote_and_unknown_duration_stay_unresolved) ... ok
company-current	Explicit single revenue source and unchanged period defaults	2026-10-10T12:43:35.9315853Z test_explicit_period_reader_inspects_exact_bytes_and_must_match_target (tests.vnext.test_selected_income_source_v1.SelectedIncomeSourceTest.test_explicit_period_reader_inspects_exact_bytes_and_must_match_target) ... ok
company-current	Explicit single revenue source and unchanged period defaults	2026-10-10T12:43:35.9343885Z test_non_usd_and_fake_namespace_rejected (tests.vnext.test_selected_income_source_v1.SelectedIncomeSourceTest.test_non_usd_and_fake_namespace_rejected) ... ok
company-current	Explicit single revenue source and unchanged period defaults	2026-10-10T12:43:35.9372194Z test_release_date_requires_explicit_policy_and_old_default_unchanged (tests.vnext.test_selected_income_source_v1.SelectedIncomeSourceTest.test_release_date_requires_explicit_policy_and_old_default_unchanged) ... ok
company-current	Explicit single revenue source and unchanged period defaults	2026-10-10T12:43:35.9668259Z test_selected_original_default_matches_retained_reader_without_current_preparation (tests.vnext.test_selected_income_source_v1.SelectedIncomeSourceTest.test_selected_original_default_matches_retained_reader_without_current_preparation) ... ok
company-current	Explicit single revenue source and unchanged period defaults	2026-10-10T12:43:35.9716614Z test_short_visible_period_conflict_and_missing_header_remain_explicit (tests.vnext.test_selected_income_source_v1.SelectedIncomeSourceTest.test_short_visible_period_conflict_and_missing_header_remain_explicit) ... ok
company-current	Explicit single revenue source and unchanged period defaults	2026-10-10T12:43:35.9717885Z test_source_byte_company_and_accession_binding_rejected (tests.vnext.test_selected_income_source_v1.SelectedIncomeSourceTest.test_source_byte_company_and_accession_binding_rejected) ... ok
company-current	Explicit single revenue source and unchanged period defaults	2026-10-10T12:43:35.9732777Z test_wrong_annual_period_and_dei_subject_rejected (tests.vnext.test_selected_income_source_v1.SelectedIncomeSourceTest.test_wrong_annual_period_and_dei_subject_rejected) ... ok
company-current	Explicit single revenue source and unchanged period defaults	2026-10-10T12:43:35.9733371Z 
company-current	Explicit single revenue source and unchanged period defaults	2026-10-10T12:43:35.9733538Z ----------------------------------------------------------------------
company-current	Explicit single revenue source and unchanged period defaults	2026-10-10T12:43:35.9733831Z Ran 44 tests in 11.117s
company-current	Explicit single revenue source and unchanged period defaults	2026-10-10T12:43:35.9733957Z 
company-current	Explicit single revenue source and unchanged period defaults	2026-10-10T12:43:35.9734026Z OK
company-current	Explicit single revenue source and unchanged period defaults	2026-10-10T12:43:35.9742383Z {"allowed_skips": 0, "errors": 0, "failures": 0, "run": 44, "skip_reasons": [], "skipped": 0, "tests": ["tests.vnext.test_single_revenue_line", "tests.vnext.test_selected_reported_revenue_v2", "tests.vnext.test_financial_duration", "tests.vnext.test_selected_income_source_v1"]}
company-current	Complete D04 company model input gates	﻿2026-10-10T12:43:36.0149194Z ##[group]Run python3 tests/required_unittests.py tests.vnext.test_current_d04_company
company-current	Complete D04 company model input gates	2026-10-10T12:43:36.0149542Z ^[[36;1mpython3 tests/required_unittests.py tests.vnext.test_current_d04_company^[[0m
company-current	Complete D04 company model input gates	2026-10-10T12:43:36.0199764Z shell: /usr/bin/bash -e {0}
company-current	Complete D04 company model input gates	2026-10-10T12:43:36.0199902Z env:
company-current	Complete D04 company model input gates	2026-10-10T12:43:36.0200044Z   pythonLocation: /opt/hostedtoolcache/Python/3.14.8/x64
company-current	Complete D04 company model input gates	2026-10-10T12:43:36.0200273Z   PKG_CONFIG_PATH: /opt/hostedtoolcache/Python/3.14.8/x64/lib/pkgconfig
company-current	Complete D04 company model input gates	2026-10-10T12:43:36.0200493Z   Python_ROOT_DIR: /opt/hostedtoolcache/Python/3.14.8/x64
company-current	Complete D04 company model input gates	2026-10-10T12:43:36.0200691Z   Python2_ROOT_DIR: /opt/hostedtoolcache/Python/3.14.8/x64
company-current	Complete D04 company model input gates	2026-10-10T12:43:36.0200889Z   Python3_ROOT_DIR: /opt/hostedtoolcache/Python/3.14.8/x64
company-current	Complete D04 company model input gates	2026-10-10T12:43:36.0201100Z   LD_LIBRARY_PATH: /opt/hostedtoolcache/Python/3.14.8/x64/lib
company-current	Complete D04 company model input gates	2026-10-10T12:43:36.0201273Z ##[endgroup]
company-current	Complete D04 company model input gates	2026-10-10T12:43:36.8662610Z test_complete_nonempty_findings_are_allowed_without_inventing_doubt (tests.vnext.test_current_d04_company.CurrentD04CompanyGateTest.test_complete_nonempty_findings_are_allowed_without_inventing_doubt) ... ok
company-current	Complete D04 company model input gates	2026-10-10T12:43:36.8663987Z test_missing_failed_and_conflicting_groups_are_rejected (tests.vnext.test_current_d04_company.CurrentD04CompanyGateTest.test_missing_failed_and_conflicting_groups_are_rejected) ... ok
company-current	Complete D04 company model input gates	2026-10-10T12:43:36.8664925Z test_missing_group_cannot_be_complete_even_with_a_stale_true_flag (tests.vnext.test_current_d04_company.CurrentD04CompanyGateTest.test_missing_group_cannot_be_complete_even_with_a_stale_true_flag) ... ok
company-current	Complete D04 company model input gates	2026-10-10T12:43:36.8665873Z test_unresolved_or_failed_evidence_is_never_company_credit (tests.vnext.test_current_d04_company.CurrentD04CompanyGateTest.test_unresolved_or_failed_evidence_is_never_company_credit) ... ok
company-current	Complete D04 company model input gates	2026-10-10T12:43:37.0221587Z test_source_or_interpretation_change_rechecks_once_then_reuses (tests.vnext.test_current_d04_company.CurrentD04DependencyUpdateTest.test_source_or_interpretation_change_rechecks_once_then_reuses) ... ok
company-current	Complete D04 company model input gates	2026-10-10T12:43:37.0222163Z 
company-current	Complete D04 company model input gates	2026-10-10T12:43:37.0222291Z ----------------------------------------------------------------------
company-current	Complete D04 company model input gates	2026-10-10T12:43:37.0222486Z Ran 5 tests in 0.156s
company-current	Complete D04 company model input gates	2026-10-10T12:43:37.0222567Z 
company-current	Complete D04 company model input gates	2026-10-10T12:43:37.0222619Z OK
company-current	Complete D04 company model input gates	2026-10-10T12:43:37.0222919Z {"allowed_skips": 0, "errors": 0, "failures": 0, "run": 5, "skip_reasons": [], "skipped": 0, "tests": ["tests.vnext.test_current_d04_company"]}
company-current	Selected event sources and explicit history validation	﻿2026-10-10T12:43:37.0591793Z ##[group]Run python3 tests/required_unittests.py tests.vnext.test_selected_event_source_v1 tests.vnext.test_registered_event_projection
company-current	Selected event sources and explicit history validation	2026-10-10T12:43:37.0592432Z ^[[36;1mpython3 tests/required_unittests.py tests.vnext.test_selected_event_source_v1 tests.vnext.test_registered_event_projection^[[0m
company-current	Selected event sources and explicit history validation	2026-10-10T12:43:37.0643731Z shell: /usr/bin/bash -e {0}
company-current	Selected event sources and explicit history validation	2026-10-10T12:43:37.0644112Z env:
company-current	Selected event sources and explicit history validation	2026-10-10T12:43:37.0644383Z   pythonLocation: /opt/hostedtoolcache/Python/3.14.8/x64
company-current	Selected event sources and explicit history validation	2026-10-10T12:43:37.0687884Z   PKG_CONFIG_PATH: /opt/hostedtoolcache/Python/3.14.8/x64/lib/pkgconfig
company-current	Selected event sources and explicit history validation	2026-10-10T12:43:37.0688274Z   Python_ROOT_DIR: /opt/hostedtoolcache/Python/3.14.8/x64
company-current	Selected event sources and explicit history validation	2026-10-10T12:43:37.0688570Z   Python2_ROOT_DIR: /opt/hostedtoolcache/Python/3.14.8/x64
company-current	Selected event sources and explicit history validation	2026-10-10T12:43:37.0688908Z   Python3_ROOT_DIR: /opt/hostedtoolcache/Python/3.14.8/x64
company-current	Selected event sources and explicit history validation	2026-10-10T12:43:37.0689207Z   LD_LIBRARY_PATH: /opt/hostedtoolcache/Python/3.14.8/x64/lib
company-current	Selected event sources and explicit history validation	2026-10-10T12:43:37.0689476Z   PYTHONDONTWRITEBYTECODE: 1
company-current	Selected event sources and explicit history validation	2026-10-10T12:43:37.0689675Z ##[endgroup]
company-current	Selected event sources and explicit history validation	2026-10-10T12:43:37.2622025Z test_explicit_history_check_receives_full_body_and_conflict_is_not_empty_success (tests.vnext.test_selected_event_source_v1.SelectedEventSourceTest.test_explicit_history_check_receives_full_body_and_conflict_is_not_empty_success) ... ok
company-current	Selected event sources and explicit history validation	2026-10-10T12:43:37.2822818Z test_gap_day_block_is_selected_and_validated_using_same_effective_last_day (tests.vnext.test_selected_event_source_v1.SelectedEventSourceTest.test_gap_day_block_is_selected_and_validated_using_same_effective_last_day) ... ok
company-current	Selected event sources and explicit history validation	2026-10-10T12:43:37.2895151Z test_missing_header_and_header_date_conflict_remain_failures (tests.vnext.test_selected_event_source_v1.SelectedEventSourceTest.test_missing_header_and_header_date_conflict_remain_failures) ... ok
company-current	Selected event sources and explicit history validation	2026-10-10T12:43:37.3044380Z test_registered_union_reads_both_issuers_and_rules_from_code_root (tests.vnext.test_selected_event_source_v1.SelectedEventSourceTest.test_registered_union_reads_both_issuers_and_rules_from_code_root) ... ok
company-current	Selected event sources and explicit history validation	2026-10-10T12:43:37.3228695Z test_repeated_legacy_gets_are_bound_but_latest_failure_is_visible (tests.vnext.test_selected_event_source_v1.SelectedEventSourceTest.test_repeated_legacy_gets_are_bound_but_latest_failure_is_visible) ... ok
company-current	Selected event sources and explicit history validation	2026-10-10T12:43:37.3354807Z test_same_blob_key_does_not_hide_a_conflicting_media_record (tests.vnext.test_selected_event_source_v1.SelectedEventSourceTest.test_same_blob_key_does_not_hide_a_conflicting_media_record) ... ok
company-current	Selected event sources and explicit history validation	2026-10-10T12:43:37.3437265Z test_source_only_nonempty_claims_keep_real_requests_and_no_results (tests.vnext.test_selected_event_source_v1.SelectedEventSourceTest.test_source_only_nonempty_claims_keep_real_requests_and_no_results) ... ok
company-current	Selected event sources and explicit history validation	2026-10-10T12:43:37.3448666Z test_wrong_registry_selected_entity_or_window_is_rejected (tests.vnext.test_selected_event_source_v1.SelectedEventSourceTest.test_wrong_registry_selected_entity_or_window_is_rejected) ... ok
company-current	Selected event sources and explicit history validation	2026-10-10T12:43:37.3460570Z test_approved_wide_window_retains_the_original_annual_period (tests.vnext.test_registered_event_projection.RegisteredEventProjectionTest.test_approved_wide_window_retains_the_original_annual_period) ... ok
company-current	Selected event sources and explicit history validation	2026-10-10T12:43:37.3469700Z test_arbitrary_wider_period_or_wrong_label_is_rejected (tests.vnext.test_registered_event_projection.RegisteredEventProjectionTest.test_arbitrary_wider_period_or_wrong_label_is_rejected) ... ok
company-current	Selected event sources and explicit history validation	2026-10-10T12:43:37.3470863Z test_financial_and_unreceived_e01_do_not_receive_wide_period_exception (tests.vnext.test_registered_event_projection.RegisteredEventProjectionTest.test_financial_and_unreceived_e01_do_not_receive_wide_period_exception) ... ok
company-current	Selected event sources and explicit history validation	2026-10-10T12:43:37.3491993Z test_missing_registrant_or_wrong_inventory_cannot_complete_union (tests.vnext.test_registered_event_projection.RegisteredEventProjectionTest.test_missing_registrant_or_wrong_inventory_cannot_complete_union) ... ok
company-current	Selected event sources and explicit history validation	2026-10-10T12:43:37.3506296Z test_wrong_registry_catalog_or_financial_combination_is_rejected (tests.vnext.test_registered_event_projection.RegisteredEventProjectionTest.test_wrong_registry_catalog_or_financial_combination_is_rejected) ... ok
company-current	Selected event sources and explicit history validation	2026-10-10T12:43:37.3507166Z 
company-current	Selected event sources and explicit history validation	2026-10-10T12:43:37.3507306Z ----------------------------------------------------------------------
company-current	Selected event sources and explicit history validation	2026-10-10T12:43:37.3507591Z Ran 13 tests in 0.105s
company-current	Selected event sources and explicit history validation	2026-10-10T12:43:37.3507709Z 
company-current	Selected event sources and explicit history validation	2026-10-10T12:43:37.3507780Z OK
company-current	Selected event sources and explicit history validation	2026-10-10T12:43:37.3508320Z {"allowed_skips": 0, "errors": 0, "failures": 0, "run": 13, "skip_reasons": [], "skipped": 0, "tests": ["tests.vnext.test_selected_event_source_v1", "tests.vnext.test_registered_event_projection"]}
company-current	Historical selected event scope and record retention	﻿2026-10-10T12:43:37.3774943Z ##[group]Run python3 tests/required_unittests.py tests.vnext.test_historical_event_cases.HistoricalEventCaseTest tests.vnext.test_historical_event_cases.HistoricalEventHistoryStrategyTest tests.vnext.test_historical_event_cases.HistoricalEventRecordRetentionTest
company-current	Historical selected event scope and record retention	2026-10-10T12:43:37.3775934Z ^[[36;1mpython3 tests/required_unittests.py tests.vnext.test_historical_event_cases.HistoricalEventCaseTest tests.vnext.test_historical_event_cases.HistoricalEventHistoryStrategyTest tests.vnext.test_historical_event_cases.HistoricalEventRecordRetentionTest^[[0m
company-current	Historical selected event scope and record retention	2026-10-10T12:43:37.3827222Z shell: /usr/bin/bash -e {0}
company-current	Historical selected event scope and record retention	2026-10-10T12:43:37.3827357Z env:
company-current	Historical selected event scope and record retention	2026-10-10T12:43:37.3827499Z   pythonLocation: /opt/hostedtoolcache/Python/3.14.8/x64
company-current	Historical selected event scope and record retention	2026-10-10T12:43:37.3827725Z   PKG_CONFIG_PATH: /opt/hostedtoolcache/Python/3.14.8/x64/lib/pkgconfig
company-current	Historical selected event scope and record retention	2026-10-10T12:43:37.3828075Z   Python_ROOT_DIR: /opt/hostedtoolcache/Python/3.14.8/x64
company-current	Historical selected event scope and record retention	2026-10-10T12:43:37.3828273Z   Python2_ROOT_DIR: /opt/hostedtoolcache/Python/3.14.8/x64
company-current	Historical selected event scope and record retention	2026-10-10T12:43:37.3828490Z   Python3_ROOT_DIR: /opt/hostedtoolcache/Python/3.14.8/x64
company-current	Historical selected event scope and record retention	2026-10-10T12:43:37.3828687Z   LD_LIBRARY_PATH: /opt/hostedtoolcache/Python/3.14.8/x64/lib
company-current	Historical selected event scope and record retention	2026-10-10T12:43:37.3828865Z   PYTHONDONTWRITEBYTECODE: 1
company-current	Historical selected event scope and record retention	2026-10-10T12:43:37.3828996Z ##[endgroup]
company-current	Historical selected event scope and record retention	2026-10-10T12:43:37.6199972Z test_catalog_change_to_content_method_is_an_explicit_gap (tests.vnext.test_historical_event_cases.HistoricalEventCaseTest.test_catalog_change_to_content_method_is_an_explicit_gap) ... ok
company-current	Historical selected event scope and record retention	2026-10-10T12:43:37.6201895Z test_content_confirmation_route_is_not_silently_counted (tests.vnext.test_historical_event_cases.HistoricalEventCaseTest.test_content_confirmation_route_is_not_silently_counted) ... ok
company-current	Historical selected event scope and record retention	2026-10-10T12:43:37.6262829Z test_incoherent_history_block_is_not_read_around (tests.vnext.test_historical_event_cases.HistoricalEventCaseTest.test_incoherent_history_block_is_not_read_around) ... ok
company-current	Historical selected event scope and record retention	2026-10-10T12:43:37.6326610Z test_missing_event_header_is_withheld_not_a_correct_zero (tests.vnext.test_historical_event_cases.HistoricalEventCaseTest.test_missing_event_header_is_withheld_not_a_correct_zero) ... ok
company-current	Historical selected event scope and record retention	2026-10-10T12:43:37.6539691Z test_part_iii_window_clearance_does_not_admit_financial_inputs (tests.vnext.test_historical_event_cases.HistoricalEventCaseTest.test_part_iii_window_clearance_does_not_admit_financial_inputs) ... ok
company-current	Historical selected event scope and record retention	2026-10-10T12:43:37.6540419Z test_predecessor_period_reads_only_its_selected_registrant (tests.vnext.test_historical_event_cases.HistoricalEventCaseTest.test_predecessor_period_reads_only_its_selected_registrant) ... ok
company-current	Historical selected event scope and record retention	2026-10-10T12:43:37.6543838Z test_successor_keeps_wide_measurement_and_pinned_container (tests.vnext.test_historical_event_cases.HistoricalEventCaseTest.test_successor_keeps_wide_measurement_and_pinned_container) ... ok
company-current	Historical selected event scope and record retention	2026-10-10T12:43:37.6603871Z test_unknown_program_error_is_not_mislabeled_as_disclosure_absence (tests.vnext.test_historical_event_cases.HistoricalEventCaseTest.test_unknown_program_error_is_not_mislabeled_as_disclosure_absence) ... ok
company-current	Historical selected event scope and record retention	2026-10-10T12:43:37.6605010Z test_complete_body_and_gap_day_use_the_existing_coherence_rule (tests.vnext.test_historical_event_cases.HistoricalEventHistoryStrategyTest.test_complete_body_and_gap_day_use_the_existing_coherence_rule) ... ok
company-current	Historical selected event scope and record retention	2026-10-10T12:43:37.6668718Z test_source_reference_does_not_overwrite_its_raw_blob (tests.vnext.test_historical_event_cases.HistoricalEventRecordRetentionTest.test_source_reference_does_not_overwrite_its_raw_blob) ... ok
company-current	Historical selected event scope and record retention	2026-10-10T12:43:37.6669235Z 
company-current	Historical selected event scope and record retention	2026-10-10T12:43:37.6669377Z ----------------------------------------------------------------------
company-current	Historical selected event scope and record retention	2026-10-10T12:43:37.6669573Z Ran 10 tests in 0.054s
company-current	Historical selected event scope and record retention	2026-10-10T12:43:37.6669656Z 
company-current	Historical selected event scope and record retention	2026-10-10T12:43:37.6669700Z OK
company-current	Historical selected event scope and record retention	2026-10-10T12:43:37.6670332Z {"allowed_skips": 0, "errors": 0, "failures": 0, "run": 10, "skip_reasons": [], "skipped": 0, "tests": ["tests.vnext.test_historical_event_cases.HistoricalEventCaseTest", "tests.vnext.test_historical_event_cases.HistoricalEventHistoryStrategyTest", "tests.vnext.test_historical_event_cases.HistoricalEventRecordRetentionTest"]}
company-current	Existing historical SEC count and recorded capture compatibility	﻿2026-10-10T12:43:37.6949918Z ##[group]Run python3 tests/required_unittests.py tests.vnext.test_existing_historical_sec_state tests.vnext.test_historical_sec_capture_adapter tests.vnext.test_company_online
company-current	Existing historical SEC count and recorded capture compatibility	2026-10-10T12:43:37.6950562Z ^[[36;1mpython3 tests/required_unittests.py tests.vnext.test_existing_historical_sec_state tests.vnext.test_historical_sec_capture_adapter tests.vnext.test_company_online^[[0m
company-current	Existing historical SEC count and recorded capture compatibility	2026-10-10T12:43:37.7001789Z shell: /usr/bin/bash -e {0}
company-current	Existing historical SEC count and recorded capture compatibility	2026-10-10T12:43:37.7001929Z env:
company-current	Existing historical SEC count and recorded capture compatibility	2026-10-10T12:43:37.7002076Z   pythonLocation: /opt/hostedtoolcache/Python/3.14.8/x64
company-current	Existing historical SEC count and recorded capture compatibility	2026-10-10T12:43:37.7002318Z   PKG_CONFIG_PATH: /opt/hostedtoolcache/Python/3.14.8/x64/lib/pkgconfig
company-current	Existing historical SEC count and recorded capture compatibility	2026-10-10T12:43:37.7002547Z   Python_ROOT_DIR: /opt/hostedtoolcache/Python/3.14.8/x64
company-current	Existing historical SEC count and recorded capture compatibility	2026-10-10T12:43:37.7002751Z   Python2_ROOT_DIR: /opt/hostedtoolcache/Python/3.14.8/x64
company-current	Existing historical SEC count and recorded capture compatibility	2026-10-10T12:43:37.7003096Z   Python3_ROOT_DIR: /opt/hostedtoolcache/Python/3.14.8/x64
company-current	Existing historical SEC count and recorded capture compatibility	2026-10-10T12:43:37.7003301Z   LD_LIBRARY_PATH: /opt/hostedtoolcache/Python/3.14.8/x64/lib
company-current	Existing historical SEC count and recorded capture compatibility	2026-10-10T12:43:37.7003513Z   PYTHONDONTWRITEBYTECODE: 1
company-current	Existing historical SEC count and recorded capture compatibility	2026-10-10T12:43:37.7003649Z ##[endgroup]
company-current	Existing historical SEC count and recorded capture compatibility	2026-10-10T12:43:37.8785413Z test_additive_limit_and_conservative_count_are_separate_from_binding (tests.vnext.test_existing_historical_sec_state.ExistingHistoricalSecStateTest.test_additive_limit_and_conservative_count_are_separate_from_binding) ... ok
company-current	Existing historical SEC count and recorded capture compatibility	2026-10-10T12:43:37.8808105Z test_known_failure_is_charged_and_wrong_logged_row_is_rejected (tests.vnext.test_existing_historical_sec_state.ExistingHistoricalSecStateTest.test_known_failure_is_charged_and_wrong_logged_row_is_rejected) ... ok
company-current	Existing historical SEC count and recorded capture compatibility	2026-10-10T12:43:37.8825894Z test_missing_terminal_is_counted_and_blocks (tests.vnext.test_existing_historical_sec_state.ExistingHistoricalSecStateTest.test_missing_terminal_is_counted_and_blocks) ... ok
company-current	Existing historical SEC count and recorded capture compatibility	2026-10-10T12:43:37.8845941Z test_unknown_outcome_is_not_free_or_resolved (tests.vnext.test_existing_historical_sec_state.ExistingHistoricalSecStateTest.test_unknown_outcome_is_not_free_or_resolved) ... ok
company-current	Existing historical SEC count and recorded capture compatibility	2026-10-10T12:43:37.8872584Z test_wrong_intent_binding_or_extension_prefix_is_rejected (tests.vnext.test_existing_historical_sec_state.ExistingHistoricalSecStateTest.test_wrong_intent_binding_or_extension_prefix_is_rejected) ... ok
company-current	Existing historical SEC count and recorded capture compatibility	2026-10-10T12:43:37.8991540Z test_new_403_is_persisted_as_a_stop (tests.vnext.test_historical_sec_capture_adapter.HistoricalSecCaptureAdapterTest.test_new_403_is_persisted_as_a_stop) ... SEC retry exhausted for https://data.sec.gov/submissions/CIK0001048286-attachments-001.json; status=403; error=
company-current	Existing historical SEC count and recorded capture compatibility	2026-10-10T12:43:37.9058556Z ok
company-current	Existing historical SEC count and recorded capture compatibility	2026-10-10T12:43:38.9073709Z test_original_historical_context_without_closure_hash_can_capture (tests.vnext.test_historical_sec_capture_adapter.HistoricalSecCaptureAdapterTest.test_original_historical_context_without_closure_hash_can_capture) ... ok
company-current	Existing historical SEC count and recorded capture compatibility	2026-10-10T12:43:38.9161306Z test_plan_interrupt_consumes_opportunity_without_http_or_fake_terminal (tests.vnext.test_historical_sec_capture_adapter.HistoricalSecCaptureAdapterTest.test_plan_interrupt_consumes_opportunity_without_http_or_fake_terminal) ... ok
company-current	Existing historical SEC count and recorded capture compatibility	2026-10-10T12:43:39.9237093Z test_recorded_capture_preserves_prior_rows_and_uses_next_old_format_slot (tests.vnext.test_historical_sec_capture_adapter.HistoricalSecCaptureAdapterTest.test_recorded_capture_preserves_prior_rows_and_uses_next_old_format_slot) ... ok
company-current	Existing historical SEC count and recorded capture compatibility	2026-10-10T12:43:39.9277415Z test_unclaimed_new_log_row_is_not_treated_as_old_imported_history (tests.vnext.test_historical_sec_capture_adapter.HistoricalSecCaptureAdapterTest.test_unclaimed_new_log_row_is_not_treated_as_old_imported_history) ... ok
company-current	Existing historical SEC count and recorded capture compatibility	2026-10-10T12:43:40.9032860Z test_unknown_and_new_rate_refusal_remain_charged_and_stopped (tests.vnext.test_historical_sec_capture_adapter.HistoricalSecCaptureAdapterTest.test_unknown_and_new_rate_refusal_remain_charged_and_stopped) ... ok
company-current	Existing historical SEC count and recorded capture compatibility	2026-10-10T12:43:40.9085950Z test_wrong_url_root_refresh_and_limit_refuse_before_transport (tests.vnext.test_historical_sec_capture_adapter.HistoricalSecCaptureAdapterTest.test_wrong_url_root_refresh_and_limit_refuse_before_transport) ... ok
company-current	Existing historical SEC count and recorded capture compatibility	2026-10-10T12:43:40.9153150Z test_latest_does_not_silently_ignore_supplied_years (tests.vnext.test_company_online.CompanyCliPeriodRoutingTest.test_latest_does_not_silently_ignore_supplied_years) ... ok
company-current	Existing historical SEC count and recorded capture compatibility	2026-10-10T12:43:40.9166765Z test_latest_saved_source_also_rejects_ignored_year_arguments (tests.vnext.test_company_online.CompanyCliPeriodRoutingTest.test_latest_saved_source_also_rejects_ignored_year_arguments) ... ok
company-current	Existing historical SEC count and recorded capture compatibility	2026-10-10T12:43:40.9180932Z test_online_historical_range_rejected_before_context_or_writer (tests.vnext.test_company_online.CompanyCliPeriodRoutingTest.test_online_historical_range_rejected_before_context_or_writer) ... ok
company-current	Existing historical SEC count and recorded capture compatibility	2026-10-10T12:43:40.9196971Z test_saved_history_range_forwarded_to_existing_public_consumer (tests.vnext.test_company_online.CompanyCliPeriodRoutingTest.test_saved_history_range_forwarded_to_existing_public_consumer) ... ok
company-current	Existing historical SEC count and recorded capture compatibility	2026-10-10T12:43:40.9209901Z test_supported_current_online_dispatch_unchanged (tests.vnext.test_company_online.CompanyCliPeriodRoutingTest.test_supported_current_online_dispatch_unchanged) ... ok
company-current	Existing historical SEC count and recorded capture compatibility	2026-10-10T12:43:40.9523865Z test_claim_is_reported_pending_before_plan_persistence (tests.vnext.test_company_online.CompanyOnlineTest.test_claim_is_reported_pending_before_plan_persistence) ... ok
company-current	Existing historical SEC count and recorded capture compatibility	2026-10-10T12:43:40.9556439Z test_existing_real_ledger_never_created (tests.vnext.test_company_online.CompanyOnlineTest.test_existing_real_ledger_never_created) ... ok
company-current	Existing historical SEC count and recorded capture compatibility	2026-10-10T12:43:41.9077248Z test_new_task_source_directory_does_not_reset_immutable_capture (tests.vnext.test_company_online.CompanyOnlineTest.test_new_task_source_directory_does_not_reset_immutable_capture) ... ok
company-current	Existing historical SEC count and recorded capture compatibility	2026-10-10T12:43:42.9072912Z test_one_native_http_attempt_uses_existing_count_and_no_retry (tests.vnext.test_company_online.CompanyOnlineTest.test_one_native_http_attempt_uses_existing_count_and_no_retry) ... ok
company-current	Existing historical SEC count and recorded capture compatibility	2026-10-10T12:43:42.9134029Z test_persistence_interrupt_leaves_counted_pending_no_second_transport (tests.vnext.test_company_online.CompanyOnlineTest.test_persistence_interrupt_leaves_counted_pending_no_second_transport) ... ok
company-current	Existing historical SEC count and recorded capture compatibility	2026-10-10T12:43:42.9173033Z test_prior_metadata_missing_does_not_prevent_current_sources (tests.vnext.test_company_online.CompanyOnlineTest.test_prior_metadata_missing_does_not_prevent_current_sources) ... ok
company-current	Existing historical SEC count and recorded capture compatibility	2026-10-10T12:43:42.9209759Z test_recorded_context_without_replies_cannot_use_network (tests.vnext.test_company_online.CompanyOnlineTest.test_recorded_context_without_replies_cannot_use_network) ... ok
company-current	Existing historical SEC count and recorded capture compatibility	2026-10-10T12:43:42.9242800Z test_scope_or_limits_cannot_be_changed_by_call_context (tests.vnext.test_company_online.CompanyOnlineTest.test_scope_or_limits_cannot_be_changed_by_call_context) ... ok
company-current	Existing historical SEC count and recorded capture compatibility	2026-10-10T12:43:43.9026118Z test_unknown_remote_blocks_next_claim_and_is_not_zero (tests.vnext.test_company_online.CompanyOnlineTest.test_unknown_remote_blocks_next_claim_and_is_not_zero) ... ok
company-current	Existing historical SEC count and recorded capture compatibility	2026-10-10T12:43:43.9061672Z test_unsupported_metric_rejected_before_sources_or_claim (tests.vnext.test_company_online.CompanyOnlineTest.test_unsupported_metric_rejected_before_sources_or_claim) ... ok
company-current	Existing historical SEC count and recorded capture compatibility	2026-10-10T12:43:43.9062219Z 
company-current	Existing historical SEC count and recorded capture compatibility	2026-10-10T12:43:43.9062369Z ----------------------------------------------------------------------
company-current	Existing historical SEC count and recorded capture compatibility	2026-10-10T12:43:43.9062659Z Ran 27 tests in 6.031s
company-current	Existing historical SEC count and recorded capture compatibility	2026-10-10T12:43:43.9062778Z 
company-current	Existing historical SEC count and recorded capture compatibility	2026-10-10T12:43:43.9062827Z OK
company-current	Existing historical SEC count and recorded capture compatibility	2026-10-10T12:43:43.9063367Z {"allowed_skips": 0, "errors": 0, "failures": 0, "run": 27, "skip_reasons": [], "skipped": 0, "tests": ["tests.vnext.test_existing_historical_sec_state", "tests.vnext.test_historical_sec_capture_adapter", "tests.vnext.test_company_online"]}
company-current	Post Run actions/setup-python@a309ff8b426b58ec0e2a45f0f869d46889d02405	﻿2026-10-10T12:43:43.9398668Z Post job cleanup.
company-current	Post Run actions/checkout@de0fac2e4500dabe0009e67214ff5f5447ce83dd	﻿2026-10-10T12:43:44.0295852Z Post job cleanup.
company-current	Post Run actions/checkout@de0fac2e4500dabe0009e67214ff5f5447ce83dd	2026-10-10T12:43:44.0854271Z [command]/usr/bin/git version
company-current	Post Run actions/checkout@de0fac2e4500dabe0009e67214ff5f5447ce83dd	2026-10-10T12:43:44.0887317Z git version 2.55.0
company-current	Post Run actions/checkout@de0fac2e4500dabe0009e67214ff5f5447ce83dd	2026-10-10T12:43:44.0911792Z Temporarily overriding HOME='/home/runner/work/_temp/cf030233-90e0-4002-b82e-505e367b7c6c' before making global git config changes
company-current	Post Run actions/checkout@de0fac2e4500dabe0009e67214ff5f5447ce83dd	2026-10-10T12:43:44.0912552Z Adding repository directory to the temporary git global config as a safe directory
company-current	Post Run actions/checkout@de0fac2e4500dabe0009e67214ff5f5447ce83dd	2026-10-10T12:43:44.0915952Z [command]/usr/bin/git config --global --add safe.directory /home/runner/work/SEC_metrics/SEC_metrics
company-current	Post Run actions/checkout@de0fac2e4500dabe0009e67214ff5f5447ce83dd	2026-10-10T12:43:44.0940972Z Removing SSH command configuration
company-current	Post Run actions/checkout@de0fac2e4500dabe0009e67214ff5f5447ce83dd	2026-10-10T12:43:44.0945125Z [command]/usr/bin/git config --local --name-only --get-regexp core\.sshCommand
company-current	Post Run actions/checkout@de0fac2e4500dabe0009e67214ff5f5447ce83dd	2026-10-10T12:43:44.0976584Z [command]/usr/bin/git submodule foreach --recursive sh -c "git config --local --name-only --get-regexp 'core\.sshCommand' && git config --local --unset-all 'core.sshCommand' || :"
company-current	Post Run actions/checkout@de0fac2e4500dabe0009e67214ff5f5447ce83dd	2026-10-10T12:43:44.1192469Z Removing HTTP extra header
company-current	Post Run actions/checkout@de0fac2e4500dabe0009e67214ff5f5447ce83dd	2026-10-10T12:43:44.1197278Z [command]/usr/bin/git config --local --name-only --get-regexp http\.https\:\/\/github\.com\/\.extraheader
company-current	Post Run actions/checkout@de0fac2e4500dabe0009e67214ff5f5447ce83dd	2026-10-10T12:43:44.1228592Z [command]/usr/bin/git submodule foreach --recursive sh -c "git config --local --name-only --get-regexp 'http\.https\:\/\/github\.com\/\.extraheader' && git config --local --unset-all 'http.https://github.com/.extraheader' || :"
company-current	Post Run actions/checkout@de0fac2e4500dabe0009e67214ff5f5447ce83dd	2026-10-10T12:43:44.1455875Z Removing includeIf entries pointing to credentials config files
company-current	Post Run actions/checkout@de0fac2e4500dabe0009e67214ff5f5447ce83dd	2026-10-10T12:43:44.1456372Z [command]/usr/bin/git config --local --name-only --get-regexp ^includeIf\.gitdir:
company-current	Post Run actions/checkout@de0fac2e4500dabe0009e67214ff5f5447ce83dd	2026-10-10T12:43:44.1483855Z [command]/usr/bin/git submodule foreach --recursive git config --local --show-origin --name-only --get-regexp remote.origin.url
company-current	Complete job	﻿2026-10-10T12:43:44.1813620Z Cleaning up orphan processes
