{
  "elapsed_seconds": 13.052989625139162,
  "record_type": "ORDINARY_COMPANY_EXECUTION_V1",
  "company_id": "marriott_international",
  "run_id": "20261009T081733Z-9b9ccd4d",
  "status": "FLOW_COMPLETED_WITH_LIMITATIONS",
  "selected_metrics": [
    "C01",
    "E02",
    "E03",
    "E04",
    "E05"
  ],
  "metrics": [
    {
      "metric_id": "C01",
      "status": "CANDIDATE_READY",
      "attempt_id": "5a6a4cdbb85f479a8b6f594afc94f885",
      "version": "6e9f34d2fc9a47798ab412fb4c01a7bc",
      "result_id": "sha256:724b92ab35202cc6c9e26099e8d8710f1b4321b5370e7c3b3e086a1d2a895a95",
      "result_root": "/Users/lyuhongwang/.local/state/sec_metrics/issue47-development-evidence/historical-events-1791533683465988000/state/updates/C01/periods/FY2025/results/6e9f34d2fc9a47798ab412fb4c01a7bc",
      "calculation_performed": true,
      "new_candidate_created": true,
      "result_reason_code": "PASS",
      "source_observation_errors": [],
      "new_calls": {
        "provider": 0,
        "paid": 0,
        "sec": 0
      },
      "production_authorized": false,
      "requested_fiscal_year": 2025,
      "defect_holds": [],
      "read_result_id": "sha256:724b92ab35202cc6c9e26099e8d8710f1b4321b5370e7c3b3e086a1d2a895a95",
      "record_root": "/Users/lyuhongwang/.local/state/sec_metrics/issue47-development-evidence/historical-events-1791533683465988000/state/updates/C01/periods/FY2025/results/6e9f34d2fc9a47798ab412fb4c01a7bc",
      "program_version": {
        "commit": "1103806f485b442329f7984e8bbef9c0efac16a5",
        "has_uncommitted_changes": true
      }
    },
    {
      "metric_id": "E02",
      "status": "INPUT_OR_EXECUTION_FAILED",
      "attempt_id": "709b7e35253e4ed7be5b4ef06b46e16e",
      "error_type": "BatchWorkflowError",
      "reason": "Exact SEC response has ambiguous legacy ledger attempts",
      "previous_result": {
        "company_id": "marriott_international",
        "configuration": {
          "case_producer": {
            "module": "vnext.historical_event_cases",
            "name": "prepare_historical_event_year_case",
            "sha256": "22a2039050297ba5ddfd871d3fb1379c5131558ef7d032629ff4801d29109370"
          },
          "company_id": "marriott_international",
          "declared_processing_files": {
            "catalog/event_routes.json": "863746896a4a54da1cc84cc7385e90e58e01d8e5df076d8df14e90f1bf71672a",
            "catalog/zero_ai_public_projection.json": "dffbbf944488d1865c7b858504c4bc519e3e4210e15a159afefaba68287c0db5",
            "config/annual_amendment_scope_v1.json": "ed7c8d776c47b08a5238d41d250fa7d4712994f2df34148383040e2435a93202",
            "config/normal_fiscal_year_labels_v1.json": "fde417632520d90046818fd31046615b6ea3b3df9cfdf5a1a527e38deea7bd87",
            "config/normal_period_selection_v1.json": "6fd86440f7b62680e7ce2fa66de9f79b900f6a2b53fc8300aee590834967ab72",
            "scripts/vnext/annual_amendment_scope.py": "19ccf11107319a3bffc809339b6fa4380e0165877b7fa469cfcf042303827d4f",
            "scripts/vnext/deterministic_router.py": "1e5d71233fbfda516bdbefbc2c50ce36dd4f780ab515b26fbfbb69ece825f1c5",
            "scripts/vnext/historical_amendment_admission.py": "351864f3de47fcacf52a03db7166d8713dfe7d1048ba3b94bd867d9beb5d3589",
            "scripts/vnext/historical_amendment_note.py": "6c7457ba53143a251353d2bcdec944da5d5d6d6ba173db597ea046e54158237a",
            "scripts/vnext/historical_annual_input.py": "d1ae23acc349f3866298686ca2030186d43d0ed2982fb0fba77bb603d1877ad2",
            "scripts/vnext/historical_dei.py": "fee53b0280dce1c3746055535f15fb01e9824b672c7abcece369c58f40a08080",
            "scripts/vnext/historical_event_cases.py": "22a2039050297ba5ddfd871d3fb1379c5131558ef7d032629ff4801d29109370",
            "scripts/vnext/historical_event_walk.py": "ce2d9ffbe5c304713a960933b8bc54035866739a2ec2b175fba14ca072163dd6",
            "scripts/vnext/historical_fiscal_labels.py": "ae65c584f83ff1a10ddbaaf4e8ed00ed96bf96425a2ed51e79c0901b451b8c64",
            "scripts/vnext/normal_annual_input.py": "e2c19badfab9c7524fd99cc54429ea23b0d9cc7e983111d5fd355fce6e6710cc",
            "scripts/vnext/normal_governance_input.py": "e6b4e3f2b5e80ac4fa63346e56faab4ab249443de3eb3f37fccf8ee30af3e8d4",
            "scripts/vnext/normal_history_catalog.py": "dfca9ac9ee1907d7b5ddc1ec98b682a0fc8d0792c4c2c0a8fd0fcd89fde1f2c3",
            "scripts/vnext/normal_period_selection.py": "5e1599e7aab56738c86ef713c74a95e3b71308737012860f97c0c8ca8de67dd5",
            "scripts/vnext/normal_zero_ai_results.py": "2c3a5d2c8b753e9c868746434e79b509e587c6bb6b2cc999112d33ca50a2fa9e",
            "scripts/vnext/public_projection.py": "3157fc026a9072245fbdf57eaf09d679ea8f749f3b2166595afd4ccff4fbd445",
            "scripts/vnext/zero_ai_r2.py": "ca293a47efd713ed3a9af7d271cb1677f0795200df0e7bf30476d9384dbe7195"
          },
          "metric_id": "E02",
          "processing_files": {
            "catalog/company_traits.yaml": "1d91efe5b5b1d5886953b095f82f641f7cfe8fccc60af5d9b16c8541b22db31b",
            "catalog/metrics/B01_revenue.md": "5942066d0fd57870d437a6619de72393532b10d48d4098f10cd39307622e3520",
            "catalog/metrics/B03_ebitda_margin.md": "2705cc20f3e7dbd6a5cbb46bb051b2a16e3037d391856878c3ea74b4441a3608",
            "catalog/ordinary_zero_ai/A01.md": "28a9500d338076c8db139e48ee543f24729e023d51f047fc37411dbcd252bac9",
            "catalog/ordinary_zero_ai/A02.md": "ddd3c0acb7873e492adfef41be88dc18925d1312237f2f8e0dc72a52cfdd2484",
            "catalog/ordinary_zero_ai/A05.md": "b95ab808850de9674e5d3928e65ebc3865eb7ff5c11c9286be5e7a43eeb577ff",
            "catalog/ordinary_zero_ai/A06.md": "379326865c37fbcf2380f0e9d043dedd703ce1e215f946e4e56f8eea2b891431",
            "catalog/ordinary_zero_ai/A07.md": "cbbfdfce42575b6cec07c085f01244f0d426b3830c1a713f8f628e2a38ab48a2",
            "catalog/ordinary_zero_ai/A08.md": "c3f3ea804f3edcd74f0a0a8276fb14542231dce8ef010e0efb15a183adfb15a3",
            "catalog/ordinary_zero_ai/A10.md": "3cbe850063eb01df136b77e21bd66bbec46a597bcbb87dafb80890a7bedb2ed6",
            "catalog/ordinary_zero_ai/B02.md": "1969a00be4f76a8c2cfe511eb1be0dbfcd15ad974817e6ef0547f7bd5695052f",
            "catalog/ordinary_zero_ai/B04.md": "70cfd4a7d0df728efaa7d5c9491c1e47b8b7e6ac37e1b1836f41c5dcdefd02aa",
            "catalog/ordinary_zero_ai/B05.md": "8d0ddc9053814c208c8a626c269b4f6c321bcc51439c7a47582c8725d2130c73",
            "catalog/ordinary_zero_ai/B07.md": "de149472d37f3d1002cf72200ac24122a644cb09dfccdf681451909915a9396d",
            "catalog/ordinary_zero_ai/B08.md": "d88d7cf734138ca7503c3750c8433e5b2238283691e3b5a66db535f7534d1054",
            "catalog/ordinary_zero_ai/B09.md": "d9d4c54432b75f68cfeaad386778e8e851bff01cce78ef64fd505233c302b094",
            "catalog/ordinary_zero_ai/B12.md": "a38d16230e104ddffb7c4ba30bc4f9c35b178ae7159eaef7e17bd65f9bcacb41",
            "catalog/ordinary_zero_ai/C01.md": "c0a86fd5f8fa239a3eefcf6cc611633444d3da3c246f72ef21115ea3d8e1468e",
            "catalog/ordinary_zero_ai/E01.md": "2a2664da6b34735685526e494c06f529001a9861785805d159737b332ff0f312",
            "catalog/ordinary_zero_ai/E02.md": "b55656fba811a1d9eac57534d5b98be37a2e9b36767c070c6fb679acb3c2c747",
            "catalog/ordinary_zero_ai/E03.md": "2835c8f9ef3cab42616383ba679c82ee48f83bdd466fe32989fb1e9dd78658bc",
            "catalog/ordinary_zero_ai/E04.md": "04fa5d35c5cf4d11794f7472775eacdab7d9cee35e05231864076bceac4bf0c1",
            "catalog/ordinary_zero_ai/E05.md": "614b078680ef007ab5e5095c999249f8cdca9820cb19f3545a36f9965d83fbb1",
            "catalog/r5/B06_bond_leases_v5.md": "bdca47ee444dd39ff874ef4094c1d5fa7d20d875d0a03ac2e227e58de3c2a305",
            "catalog/r5/B06_inclusive_table_v6.md": "37252e0b414667b2f8b3026951203f9a14ab3b959767fc05c3cfa4f1f9c58220",
            "catalog/r5/B06_note_carrying_v4.md": "7958a21a738c3c46ba0532f0bc301ca8ddba782c3f88743fb706c7e4938f890e",
            "catalog/r6/B03_impairment_excluded_v1.md": "c7cd1b462271b3aa1c5766a997fbb968d8e168650e412f6973c6e1dffa2116c6",
            "catalog/r6/C02_board_composition_terms_v1.json": "979007765e3daa42b8923481293c0814d9c5566e45cd4eb39f7e458d7c93a905",
            "catalog/r6/C02_board_disclosures_v2.md": "ab5f4f9cf9bf1a238c0bd87abd4decf229a29708df946a8880339c46626d8302",
            "catalog/r6/C02_board_disclosures_v3.md": "2e8c97265bd378d7c26e451952d3ab7727a1aae4f29438f4ff66d3618c78b072",
            "catalog/r6/C02_board_disclosures_v4.md": "e30db70a8b3506263bccf5bd2f26883bc92a32cff60c19d51cf6047b7a6ed1d0",
            "catalog/r6/C02_board_disclosures_v5.md": "e42692700e864d2d170f0039d36a796a5b49f83372cdee367aa8cf6da85172a7",
            "catalog/r6/D02_item8_category_28_v1.json": "b861ac83823cd7b61e86ad12f3bbcdbd09cec18186d784f46fbfe4798068b0c8",
            "catalog/r6/D02_item8_category_28_v2.json": "b7f5783a58086eb1e9e9c8ade562294a00357af0fc718fed4dbe58cf4591152d",
            "config/annual_amendment_scope_v1.json": "ed7c8d776c47b08a5238d41d250fa7d4712994f2df34148383040e2435a93202",
            "config/b06_bond_debt_set_v1.json": "d488ea9f62247459cff27c9248cd1ebb6e31b870030a7e161e8547136676e024",
            "config/b06_bond_leases_v1.json": "eb8536c412bbcf4086a1994513f1766c2bee268f08d9835b6393b1c66f2b5f2c",
            "config/b06_current_input_v1.json": "c63d1cfd1bbd7499b0854e62b65005e6f1063715312ea39daeed74fc30f4c3fb",
            "config/b06_financing_inventory_v1.json": "27108acf1737de4b395b9df4f8080f94da02e7daec3a03740d20e13a19d4f7a0",
            "config/b06_inclusive_table_v1.json": "b16f9eb19a64847b70af94834f73d436f890f4f094a9fdb5aba1e1fec899a6f5",
            "config/b06_note_carrying_v1.json": "4b9d012fe19ae99e341f894cf7273596d762e01bbdf1673941db467fe152c5a1",
            "config/b06_special_scope_v1.json": "ffa15f36da77df45802d863d59b64673f04bc5febdbc101c237595be60d0080b",
            "config/company_registry.csv": "b4f903adb25fa90455a7cc97aa1089125e77947e08c7391dababd713eef95f4a",
            "config/instant_balance_amendment_v1.json": "50790b4f32651a2d93044d32b58aeace432d6dcde7fa9b42f599dbb05acb0892",
            "config/issue28_normal_results_v2.json": "bad2abbf377edd5fd881ddbd72084db60410bbcaa5026b44fde86e54f7339a4c",
            "config/metric_applicability.yaml": "09457bfa3170149f2e86af52d5013605f04c7b13ec4724792993660cc5dbcf94",
            "config/normal_accession_metrics_v1.json": "f0ebf62e04675b33cc9dba0a9d58e35e46fca1581ad50cbecce672e8b7e1deaa",
            "config/normal_fiscal_year_labels_v1.json": "fde417632520d90046818fd31046615b6ea3b3df9cfdf5a1a527e38deea7bd87",
            "config/ordinary_income_input_v1.json": "200dcc2b9c5eac2a00106f159403b4e61d8a260a69e0ebf2ffcf7cd776bbc5ad",
            "config/ordinary_public_projection_v1.json": "f88cb1224a778237e2ce237a5e1c68827b228d3595cc9cf628a8e1c035937bbd",
            "scripts/vnext/annual_amendment_scope.py": "19ccf11107319a3bffc809339b6fa4380e0165877b7fa469cfcf042303827d4f",
            "scripts/vnext/annual_input.py": "0fbeeefe91e11768c3b1838ef50698c865673b8a399c5679de5431446a53a1d7",
            "scripts/vnext/annual_sources.py": "df6c4156d25ea084fb808bfa308d4dd2ef25cc8f050e85bf152a30475a260643",
            "scripts/vnext/b03_depreciation_scope.py": "e213c201c3cf925a03dc0d2c8ae293dacd2c918459f4fbaba41136aea7738e28",
            "scripts/vnext/b03_exact_impairment_relation.py": "1f9e0ea642ccbd27f175400e7a0557d87915dfe28b55575ddfa4f38b94e4689b",
            "scripts/vnext/b03_impairment_adjusted_run.py": "db3114f9865db36cf0cf776d05738b38d6c45e42118f60e1175364ed7f100fb1",
            "scripts/vnext/b06_bond_leases.py": "d211352b8b8bf27a123236fdae8993f5996df03dfe5d7ceb447b6dc9feeca332",
            "scripts/vnext/b06_current_input.py": "edd4e846ebe220b955dcb1d7b359956f00f6d0130a7a6a56ac8e27bab612c22c",
            "scripts/vnext/b06_financing_inventory.py": "e0c3c86871127c46ebb4a3f68e6136b6bff6b4da7e000532d53bc3c6f71ab971",
            "scripts/vnext/b06_inclusive_table.py": "86737168913971dc62ad11123998dc1d0e538aa58116b4f2928dea55d38d1f57",
            "scripts/vnext/b06_note_carrying.py": "a3786d8838442e944a7a75c2e5e19cf7c8fc50eceb155eec3f68b81630695738",
            "scripts/vnext/c02_board_composition_28_v3.py": "498c2a10615ea657b76b5183ebedb9ea52dd2854ee5e8f7748f3609c09771d9d",
            "scripts/vnext/c02_board_composition_28_v4.py": "c08aba7cb5f9d985b5f40937d8c54c4d26843e803fd5eff8d53f845ed09506df",
            "scripts/vnext/c02_composition_text_results.py": "21cbfddc612af7385cb3c0b26f3088097e8a3a599d3fab3261a4cff140201790",
            "scripts/vnext/c02_grouped_source.py": "b49dff1eb083bca2f6902f8adf26c180b4996691f8aa0c04c34092322a221062",
            "scripts/vnext/calculator.py": "797424587429470d28e2f22b041f3df3ae959d4259507e9f93a9f692b4f13b9c",
            "scripts/vnext/canonical.py": "7eec279a9bf09150ba2ee5886b7ec6a43192c5299d91cceb1f04d510044462aa",
            "scripts/vnext/company_registry.py": "b33bc560a1e7750dd38eca9898e080b334feae3a4fde8628f75d1557f4b0d49a",
            "scripts/vnext/csv_output.py": "bded6023ee8177e61acf72892e0beed5839f128c1c5d33b4712b5431f263a7b3",
            "scripts/vnext/d01_emphasis_results.py": "e0d18e8584967185bebae0383365b4a94a775c0e9b8d6f7ef27020d001010f0a",
            "scripts/vnext/d01_emphasis_results_v3.py": "137b8b84661c5ba54152725124829ffb7b003928f94cf49ea74fcdf80df1ae7c",
            "scripts/vnext/d01_emphasis_source.py": "4916849e4449c0fc4e6720972e63e1d88194eeebc94b1fda1d9fa43a9dc9c233",
            "scripts/vnext/d01_running_header_28_v1.py": "535245b5c7e802a040a02fafb898652aea0a2c0cf696f1a4a868fa660aacd978",
            "scripts/vnext/d02_item8_category_28_v1.py": "8f1867a24cd5efe3ac72b3016cf128f383799f21919fc5804c7c26d206f574a3",
            "scripts/vnext/d02_item8_category_28_v2.py": "59b55bf1115cf3d4e4459f8c394e8eaaec854d051aa7cc2b9b1208cd0112e129",
            "scripts/vnext/d02_text_results_v3.py": "17e338951f441f4531a540212e48d1c2d69d23235267891130050435246e2e32",
            "scripts/vnext/deterministic_catalog.py": "6d9d9fde428289c1308e182f6eb62f1dad81e2aacde199a3b7b312f75e1bd2d9",
            "scripts/vnext/deterministic_router.py": "1e5d71233fbfda516bdbefbc2c50ce36dd4f780ab515b26fbfbb69ece825f1c5",
            "scripts/vnext/e01_header_document_guard_28_v1.py": "54502a58b3ef5775197fa114eb454234307067212bb81217214a45816b5042f7",
            "scripts/vnext/e01_header_document_guard_28_v2.py": "f4e9a1f7e705710e42fbec6d6eeb3a4fef6bff7162d3645fc36dcf08d587c764",
            "scripts/vnext/e01_item_text_28_v1.py": "6d55c88f53278ce2d6a5027965e7e787a306292d7978880cd1b66ff41d9001c7",
            "scripts/vnext/e01_item_text_28_v2.py": "5e01ab4c98d958464c789a3ce0613037c3344c5436d3ad815d7674f90e665397",
            "scripts/vnext/fiscal_year_labels.py": "b4c2c6d696604f6e313da83c7845bfa6dfe2ffae250de137dcaecf9633b93251",
            "scripts/vnext/governance_signals.py": "b5a81465be57ac332c595c61bd107d0e8da8e90bac5dd47a071c3576dcbce820",
            "scripts/vnext/historical_board_composition.py": "a514ceffd0855733222526e38c170840d789b07bcef5e82cda096b4942cf4158",
            "scripts/vnext/historical_board_composition_v2.py": "73ec30fff3642eba9023c894119e10cbfebe63235e9d80bad0adbb106d37ba6b",
            "scripts/vnext/instant_balance_amendment.py": "dfc5b37f2bcf5c9ea22b130df96656542707b2f1195fcda5f9be2d92633abff5",
            "scripts/vnext/normal_accession_results.py": "8aee2c02e1f96226bba3442f2869ed7e2c9d58f847ae88ea1404af9bec550880",
            "scripts/vnext/normal_annual_input_v2.py": "8c54ef1eaf2a7774fdf4533e07fde6fa4a0391c3cec51bdaf76a317d9ebd5e19",
            "scripts/vnext/normal_bond_debt_results.py": "34727b2c9c2302d022c82cf3018710568ff728b98a3e481964607beb54b6876c",
            "scripts/vnext/normal_companyfacts_results.py": "e6a79aeda0a1e8f7e3f6c5d4e1b7efee01b26d52c757f6e3d1d8a3eeba1ee194",
            "scripts/vnext/normal_inclusive_debt_results.py": "4bba6023789ad8ba6405c6291821d1f6f8c8b36ae2476a9fe84276e8dc03812f",
            "scripts/vnext/normal_note_debt_results.py": "37162510d13981d50b69fc36fe9a4101312123cfa6f51e6df874bbcfeb343de2",
            "scripts/vnext/normal_run_inputs.py": "65e5d5447cc3c108bfa1d3cf13ef3738f71bd9caf6e74650237becdee827c27d",
            "scripts/vnext/normal_run_specs.py": "f1b03641f83dc59a251e0d59976c71e94ed73c482f3fe989a1a48b5fa5a99717",
            "scripts/vnext/normal_run_v3.py": "57d634aa4c65d8542c5c18d13fa387544d4b62284e7062bebfe7da26aea7743f",
            "scripts/vnext/normal_zero_ai_results.py": "2c3a5d2c8b753e9c868746434e79b509e587c6bb6b2cc999112d33ca50a2fa9e",
            "scripts/vnext/observations.py": "a41e7a507e69a28806fc43226b96f3d5a0dd1c7185bc5bd195b4de78a769211e",
            "scripts/vnext/ordinary_c02_auditor_update_v3.py": "cc909d984b21979cb3cd786c5e314511aa1db747de64f352e755f50896cea551",
            "scripts/vnext/ordinary_c02_member_update_v4.py": "23a30b4ea8fec393f62f8943446b6bf419c8869fde06d58382203aadf9b294a6",
            "scripts/vnext/ordinary_current_update.py": "cbf8c59d6fc8edcd4173c2602c6609e193d3bd847bc20d9e7741aed9975c7f5e",
            "scripts/vnext/ordinary_d01_header_update_v3.py": "004dacbbe5061b52099aeadd2934cc369d10a773e868293f402cad5284c5be95",
            "scripts/vnext/ordinary_d02_category_update_v2.py": "c76530141c6b52bd2c6235cf745bc04e5bee12085e3f05d22fbbcf114c786b22",
            "scripts/vnext/ordinary_d02_item8_v1.py": "ca4b4e1adb99f152c9f30f083f6af91177a4a687ea322b0028f33e376b0ffeb7",
            "scripts/vnext/ordinary_d02_item8_v2.py": "446b6d89cbcebaef26fc135d46f7824f67aa614e026edebda4ea4697b410dc24",
            "scripts/vnext/ordinary_debt_guard.py": "f2b8613829efafe395ce77c36a153c277e2e6745bafd3dcaed38ab1a49ce1e1d",
            "scripts/vnext/ordinary_e01_item_text_input.py": "a97750590a1a528fe297802e64d4e86c4da6ccb386a628df4b3a569fd1ded873",
            "scripts/vnext/ordinary_e01_item_text_input_v2.py": "0d43c01f117160631a7dc5ce237474fea52cf2243b4bdae4257bfdb443e49c4e",
            "scripts/vnext/ordinary_e01_item_text_input_v3.py": "55d7934329beb551baf3bea0200dcb16a4c5c8c27aff2b4032abac1fdccb7035",
            "scripts/vnext/ordinary_financial_results.py": "baee0332c532907359de3cc115d78711fd52dfa49cd409403dd749be63afa954",
            "scripts/vnext/ordinary_income_input.py": "fc582e4bbc49e96cf91ee2df40cfadc071e8d36877c1b76baa7c516dc6131e8e",
            "scripts/vnext/ordinary_projection.py": "a71b7fa174d9471b544242946580ed5ef9d73d2bf38bf55f9c5935cdf6531ff4",
            "scripts/vnext/ordinary_remaining_cases.py": "ed083ddb13886e678cea8b003ce6674339d9d403383a1d021311c33124b2c97b",
            "scripts/vnext/ordinary_saved_result.py": "1a8524e761a4cdc8cd1a447fa60d570432d0ab21cb891366bb5cbb5494335694",
            "scripts/vnext/ordinary_source_authority.py": "6a5349a5aaa0ad41898477c037620c23c92f027534d65dc1d2fedf37e79f31a2",
            "scripts/vnext/ordinary_source_session.py": "2357bfe3c2b62a835d01cd34de29d8f0076710d0327d721fe8bb97f6434be7e0",
            "scripts/vnext/ordinary_special_debt_scope.py": "9c2bc47b455fd6a6deedfc52fc5f6bc406f35725f5f3f58b90482b78962d50c0",
            "scripts/vnext/ordinary_text_input.py": "4f15c69e99d9bc08962827a345810a443082c626d0dae06bfc141ad3b33880d4",
            "scripts/vnext/ordinary_update_cycle.py": "8ef293790f3a8751ec8dbb30a2e343b412167d85c12e7cc5b167b7773b997799",
            "scripts/vnext/projector.py": "21dc6372abe69477def0f1a72b0ea8108c2aa2a9751ae08e8440acb06dbc4c21",
            "scripts/vnext/records.py": "e3ca654eaf837ccdc1ef0d2d542daff4f3a005dbfa4e693122b41bae6ee5a187",
            "scripts/vnext/request_bindings.py": "45b3e54c81e71386882684116c10e4b0e124a38c85480d8e232807126c09fcb0",
            "scripts/vnext/resource_limits.py": "2be2aab001242107db8ffe877d9a7e16ea0bd8dc04e0fa40481b28a65732187b",
            "scripts/vnext/saved_source_checks.py": "5521a785e23c5e2b2c4c8974dd9aab0f9073208f92408fe2e258c9660f8f98f9",
            "scripts/vnext/sources.py": "53eeef067c450bd5bb7a92daab88bc437546b2d95355186a6464d2222bf23c31",
            "scripts/vnext/specs.py": "4cddc435aa84f5b541a1fd8cb2e81280b1d374bfc5b5c48efb52f129b5dc4be3",
            "scripts/vnext/table_grid.py": "8ab43146f0c8d711067c609f38a4ae9368266f6192f7be21e8aa743bb0f1d617",
            "scripts/vnext/traits.py": "44f6c1f6b032e956c85d54423e88a552ec742e2d6b13435cd91fd53512418303"
          },
          "provider_enabled": false,
          "requested_fiscal_year": 2025,
          "sec_fetch_enabled": false,
          "source_registry_sha256": "b4f903adb25fa90455a7cc97aa1089125e77947e08c7391dababd713eef95f4a",
          "source_root": "/Users/lyuhongwang/.codex/worktrees/7e99/SEC_metrics-issue47-company-verified-source-20261006/source-inputs"
        },
        "metric_id": "E02",
        "period_end": "2025-12-31",
        "requested_fiscal_year": 2025,
        "result_id": "sha256:c6d1db93d6de3daa1e6b3d7e48f00677837d7f8654d31014f3670ee79d0f59f7",
        "source_census": [
          {
            "content_sha256": "af2fea717f696acfa6f5f2436aa6e4175c3c56ab1628a2e3198964300f32422a",
            "document_name": "CIK0001048286.json",
            "error": "",
            "source_url": "https://data.sec.gov/api/xbrl/companyfacts/CIK0001048286.json",
            "status_code": "200"
          },
          {
            "content_sha256": "aa74a6d14ce291a92273d30df8893a1a76896f7b9f8d9cd274d3160549572b7f",
            "document_name": "CIK0001048286-submissions-001.json",
            "error": "",
            "source_url": "https://data.sec.gov/submissions/CIK0001048286-submissions-001.json",
            "status_code": "200"
          },
          {
            "content_sha256": "603b1fb5c9d4dd83f6e111ea89b6382e2aaef8fbbcdd6398eb69608ecd67bfd8",
            "document_name": "CIK0001048286-submissions-002.json",
            "error": "",
            "source_url": "https://data.sec.gov/submissions/CIK0001048286-submissions-002.json",
            "status_code": "200"
          },
          {
            "content_sha256": "e3eeefe33c9c7351788d22a96ca36d061230cd2dacadbf44ed6ef79035742bd8",
            "document_name": "CIK0001048286.json",
            "error": "",
            "source_url": "https://data.sec.gov/submissions/CIK0001048286.json",
            "status_code": "200"
          },
          {
            "content_sha256": "cffee82d3fb74d0b67b74698f2e0f3c270f69a8d2dcf21a5ba70dee3f2aac46e",
            "document_name": "0001048286-25-000011.hdr.sgml",
            "error": "",
            "source_url": "https://www.sec.gov/Archives/edgar/data/1048286/000104828625000011/0001048286-25-000011.hdr.sgml",
            "status_code": "200"
          },
          {
            "content_sha256": "7646c3d03541392d59169546a147ebe81586d2b71d2bc1aadc6b97eb8395b251",
            "document_name": "mar-20251104.htm",
            "error": "",
            "source_url": "https://www.sec.gov/Archives/edgar/data/1048286/000104828625000011/mar-20251104.htm",
            "status_code": "200"
          },
          {
            "content_sha256": "3e61694553c2a29ad2fad2b0f21cb3471cdd92b0912bf47201a9fe3e98f5c0f7",
            "document_name": "0001048286-26-000007-index.html",
            "error": "",
            "source_url": "https://www.sec.gov/Archives/edgar/data/1048286/000104828626000007/0001048286-26-000007-index.html",
            "status_code": "200"
          },
          {
            "content_sha256": "3f447d7e3dcc1d699d56a58ce963b9b48dd2e5eae2f6f6d58c56ae9f43861f0c",
            "document_name": "FilingSummary.xml",
            "error": "",
            "source_url": "https://www.sec.gov/Archives/edgar/data/1048286/000104828626000007/FilingSummary.xml",
            "status_code": "200"
          },
          {
            "content_sha256": "a2b20ee4c353b24e3772bfbe4e2b6e43a17f244e63b32a1c70d6d780d46d7398",
            "document_name": "index.json",
            "error": "",
            "source_url": "https://www.sec.gov/Archives/edgar/data/1048286/000104828626000007/index.json",
            "status_code": "200"
          },
          {
            "content_sha256": "c372495ac4ad3e62399040675f490315db137e17cd9a9a4a8c10cb1d09312547",
            "document_name": "mar-20251231.htm",
            "error": "",
            "source_url": "https://www.sec.gov/Archives/edgar/data/1048286/000104828626000007/mar-20251231.htm",
            "status_code": "200"
          },
          {
            "content_sha256": "39cdb4be609ec4e5e081e68f9be2d83cb8cc29c4ba915afa59a4847a24356150",
            "document_name": "mar-20251231_htm.xml",
            "error": "",
            "source_url": "https://www.sec.gov/Archives/edgar/data/1048286/000104828626000007/mar-20251231_htm.xml",
            "status_code": "200"
          },
          {
            "content_sha256": "559da695a997c02bbfc5a3def4ed96c432acc82385153c241f118819a5a3ec3c",
            "document_name": "ny20006599x500_def14a.htm",
            "error": "",
            "source_url": "https://www.sec.gov/Archives/edgar/data/1048286/000114036123014123/ny20006599x500_def14a.htm",
            "status_code": "200"
          },
          {
            "content_sha256": "a25ce3426110e7f6ec546419607bff5d718b01825d5fa4faf970929acf294954",
            "document_name": "ny20015439x1_def14a.htm",
            "error": "",
            "source_url": "https://www.sec.gov/Archives/edgar/data/1048286/000114036124015465/ny20015439x1_def14a.htm",
            "status_code": "200"
          },
          {
            "content_sha256": "d1647a6383dffd60c28816c8e213ff1904b66282bfd96e5e5ec0fb6c40d5ac43",
            "document_name": "ny20039208x771_def14a.htm",
            "error": "",
            "source_url": "https://www.sec.gov/Archives/edgar/data/1048286/000114036125010600/ny20039208x771_def14a.htm",
            "status_code": "200"
          },
          {
            "content_sha256": "fca4ce3abc7f769a80642f34b9a9f3f4208fab569bccb7f8b5166b11fe19adbd",
            "document_name": "ny20062722x771_def14a.htm",
            "error": "",
            "source_url": "https://www.sec.gov/Archives/edgar/data/1048286/000114036126011590/ny20062722x771_def14a.htm",
            "status_code": "200"
          },
          {
            "content_sha256": "e12f37063bb5a93b137f2ac7d6646178b6c3d40aaf3842499a9ef49dc3bbb061",
            "document_name": "0001193125-21-019849.hdr.sgml",
            "error": "",
            "source_url": "https://www.sec.gov/Archives/edgar/data/1048286/000119312521019849/0001193125-21-019849.hdr.sgml",
            "status_code": "200"
          },
          {
            "content_sha256": "232bc661d32e881e93e4b85ed87eceb11d8cdeaa93280f9ab52a097d471eef48",
            "document_name": "d59364d8k.htm",
            "error": "",
            "source_url": "https://www.sec.gov/Archives/edgar/data/1048286/000119312521019849/d59364d8k.htm",
            "status_code": "200"
          },
          {
            "content_sha256": "e970bcedcf70d036fad78994b5d9bfad315428c9898802ae57f46b0bfe6f413d",
            "document_name": "0001193125-21-025328.hdr.sgml",
            "error": "",
            "source_url": "https://www.sec.gov/Archives/edgar/data/1048286/000119312521025328/0001193125-21-025328.hdr.sgml",
            "status_code": "200"
          },
          {
            "content_sha256": "7566c0b03f23bc3bd324bb77782aec49405b930f8492e7b4e93acc9bc3e35148",
            "document_name": "d125705d8k.htm",
            "error": "",
            "source_url": "https://www.sec.gov/Archives/edgar/data/1048286/000119312521025328/d125705d8k.htm",
            "status_code": "200"
          },
          {
            "content_sha256": "6393bacb59db969635721d70157e8d2c21669ad183cab0eb52e96a2bd76a59e8",
            "document_name": "0001193125-21-044857.hdr.sgml",
            "error": "",
            "source_url": "https://www.sec.gov/Archives/edgar/data/1048286/000119312521044857/0001193125-21-044857.hdr.sgml",
            "status_code": "200"
          },
          {
            "content_sha256": "eebe60d904a5d8193787e981c126d11400d9148a30622367f3eebe3a1bd7586e",
            "document_name": "d112089d8k.htm",
            "error": "",
            "source_url": "https://www.sec.gov/Archives/edgar/data/1048286/000119312521044857/d112089d8k.htm",
            "status_code": "200"
          },
          {
            "content_sha256": "795cf98a73478788454c242167114dfb9d895c7ebda4c947344c1bb9e8a2a3c9",
            "document_name": "0001193125-21-056950.hdr.sgml",
            "error": "",
            "source_url": "https://www.sec.gov/Archives/edgar/data/1048286/000119312521056950/0001193125-21-056950.hdr.sgml",
            "status_code": "200"
          },
          {
            "content_sha256": "35d942dbbe6dfdeb4561ad70f1f8c83bfc0f29a35ef079dbc2bb8098e02883b2",
            "document_name": "d125070d8k.htm",
            "error": "",
            "source_url": "https://www.sec.gov/Archives/edgar/data/1048286/000119312521056950/d125070d8k.htm",
            "status_code": "200"
          },
          {
            "content_sha256": "48d28f0d3bbefdc5ca1f9e9ac4c0c97a2894fa1d4ad6da707f46029a2bbe6953",
            "document_name": "0001193125-21-071474.hdr.sgml",
            "error": "",
            "source_url": "https://www.sec.gov/Archives/edgar/data/1048286/000119312521071474/0001193125-21-071474.hdr.sgml",
            "status_code": "200"
          },
          {
            "content_sha256": "3a1c1ec458b825357f0e1bbf8bb050390e1d69057a34902b3dc6458b02121e25",
            "document_name": "d133751d8k.htm",
            "error": "",
            "source_url": "https://www.sec.gov/Archives/edgar/data/1048286/000119312521071474/d133751d8k.htm",
            "status_code": "200"
          },
          {
            "content_sha256": "42660308fb24638ba3f865c1e3b2b0a338cf029d5be723972126f21528f09fed",
            "document_name": "0001193125-21-267374.hdr.sgml",
            "error": "",
            "source_url": "https://www.sec.gov/Archives/edgar/data/1048286/000119312521267374/0001193125-21-267374.hdr.sgml",
            "status_code": "200"
          },
          {
            "content_sha256": "12b28d747d9db2f5c3b6eb4f29d1fe285c623b8a38279060fb7d50cdd5a0cfe4",
            "document_name": "d211557d8k.htm",
            "error": "",
            "source_url": "https://www.sec.gov/Archives/edgar/data/1048286/000119312521267374/d211557d8k.htm",
            "status_code": "200"
          },
          {
            "content_sha256": "92ee0500a1948b88e2d1159fb3d9cd254eacdce9f995bfa131bf01f7c7234b64",
            "document_name": "0001193125-21-278943.hdr.sgml",
            "error": "",
            "source_url": "https://www.sec.gov/Archives/edgar/data/1048286/000119312521278943/0001193125-21-278943.hdr.sgml",
            "status_code": "200"
          },
          {
            "content_sha256": "1146da7ff312f450a0116c0b7f13bfe157baedd8b0d6296755743ec60dd9cc81",
            "document_name": "d203995d8k.htm",
            "error": "",
            "source_url": "https://www.sec.gov/Archives/edgar/data/1048286/000119312521278943/d203995d8k.htm",
            "status_code": "200"
          },
          {
            "content_sha256": "fed28386698b5a79eb0a051bf55c1f52c7a0ff0dda6e8b7954da6199024f3df7",
            "document_name": "0001193125-21-279481.hdr.sgml",
            "error": "",
            "source_url": "https://www.sec.gov/Archives/edgar/data/1048286/000119312521279481/0001193125-21-279481.hdr.sgml",
            "status_code": "200"
          },
          {
            "content_sha256": "561e363ef473fd6a2abac48e3517539e51176d888707170b20fd8c3470436072",
            "document_name": "d191158d8k.htm",
            "error": "",
            "source_url": "https://www.sec.gov/Archives/edgar/data/1048286/000119312521279481/d191158d8k.htm",
            "status_code": "200"
          },
          {
            "content_sha256": "f9184954010f63130cf0399ae61ea41c3fc623f1a3777186829272e8d5c944b9",
            "document_name": "0001193125-22-039831.hdr.sgml",
            "error": "",
            "source_url": "https://www.sec.gov/Archives/edgar/data/1048286/000119312522039831/0001193125-22-039831.hdr.sgml",
            "status_code": "200"
          },
          {
            "content_sha256": "797ca9d842a5906ff49c001cd3b11f61b8f9d4fe7f6709e4acde941e72672c00",
            "document_name": "d296617d8k.htm",
            "error": "",
            "source_url": "https://www.sec.gov/Archives/edgar/data/1048286/000119312522039831/d296617d8k.htm",
            "status_code": "200"
          },
          {
            "content_sha256": "69270175d55cecc73b52c6837941c1a2cebafba0b2ba7924a8b413c3d5eda6b0",
            "document_name": "d235712ddef14a.htm",
            "error": "",
            "source_url": "https://www.sec.gov/Archives/edgar/data/1048286/000119312522081138/d235712ddef14a.htm",
            "status_code": "200"
          },
          {
            "content_sha256": "a00edb6d2df742e4f44ba535cce5aa920a3db667515de5cd70d1f15ac2b52462",
            "document_name": "0001193125-22-241012.hdr.sgml",
            "error": "",
            "source_url": "https://www.sec.gov/Archives/edgar/data/1048286/000119312522241012/0001193125-22-241012.hdr.sgml",
            "status_code": "200"
          },
          {
            "content_sha256": "1d2fcf19c822331cd920088f070e571d3a865087ec278e28603e6f96bed9a360",
            "document_name": "d358514d8k.htm",
            "error": "",
            "source_url": "https://www.sec.gov/Archives/edgar/data/1048286/000119312522241012/d358514d8k.htm",
            "status_code": "200"
          },
          {
            "content_sha256": "699360b3f0ab5398b8b52660a13974bd9072a59a5eacd32198e34c2c27d96207",
            "document_name": "0001193125-22-306017.hdr.sgml",
            "error": "",
            "source_url": "https://www.sec.gov/Archives/edgar/data/1048286/000119312522306017/0001193125-22-306017.hdr.sgml",
            "status_code": "200"
          },
          {
            "content_sha256": "7ef57f13ad20f828cf4ae68ff3cbb59f755306c6357928a1a535ce3488e7886c",
            "document_name": "d398413d8k.htm",
            "error": "",
            "source_url": "https://www.sec.gov/Archives/edgar/data/1048286/000119312522306017/d398413d8k.htm",
            "status_code": "200"
          },
          {
            "content_sha256": "b87749bc94d30b1a4cac507e3d0ba764291d0c9b41a08f475d172f40b83d43f8",
            "document_name": "0001193125-22-310088.hdr.sgml",
            "error": "",
            "source_url": "https://www.sec.gov/Archives/edgar/data/1048286/000119312522310088/0001193125-22-310088.hdr.sgml",
            "status_code": "200"
          },
          {
            "content_sha256": "c68db553c9b57fea9919b4ca8f063305bf4fae806cb1c672b668de86bd91ab0d",
            "document_name": "d280446d8k.htm",
            "error": "",
            "source_url": "https://www.sec.gov/Archives/edgar/data/1048286/000119312522310088/d280446d8k.htm",
            "status_code": "200"
          },
          {
            "content_sha256": "28811578b96a2d4495792fec7b8723f85ecd600fcc89dd2d2f926272231ba808",
            "document_name": "0001193125-23-032570.hdr.sgml",
            "error": "",
            "source_url": "https://www.sec.gov/Archives/edgar/data/1048286/000119312523032570/0001193125-23-032570.hdr.sgml",
            "status_code": "200"
          },
          {
            "content_sha256": "f0ef69562fbf54334586da1767f1453e14fb013134ecb77b62799e59e2b8ee77",
            "document_name": "d427456d8k.htm",
            "error": "",
            "source_url": "https://www.sec.gov/Archives/edgar/data/1048286/000119312523032570/d427456d8k.htm",
            "status_code": "200"
          },
          {
            "content_sha256": "2f4d9c1d687dfaebc17f76fad922f36dd9f4e5ac033c20d1063dcc3e56959b13",
            "document_name": "0001193125-23-070726.hdr.sgml",
            "error": "",
            "source_url": "https://www.sec.gov/Archives/edgar/data/1048286/000119312523070726/0001193125-23-070726.hdr.sgml",
            "status_code": "200"
          },
          {
            "content_sha256": "4bc4080d3bf3d2976a7a5d2c1bcaa73312150b6eda3831de49017eb397c898f1",
            "document_name": "d480872d8k.htm",
            "error": "",
            "source_url": "https://www.sec.gov/Archives/edgar/data/1048286/000119312523070726/d480872d8k.htm",
            "status_code": "200"
          },
          {
            "content_sha256": "ee936c1313a89b32e6c39cf388ac4304911d7d5825b8e58354d082947191a656",
            "document_name": "0001193125-23-080530.hdr.sgml",
            "error": "",
            "source_url": "https://www.sec.gov/Archives/edgar/data/1048286/000119312523080530/0001193125-23-080530.hdr.sgml",
            "status_code": "200"
          },
          {
            "content_sha256": "69e699dd107c769becc9cd7eac06bb25b1da0b76ee66028ce40965f8600437dd",
            "document_name": "d443909d8k.htm",
            "error": "",
            "source_url": "https://www.sec.gov/Archives/edgar/data/1048286/000119312523080530/d443909d8k.htm",
            "status_code": "200"
          },
          {
            "content_sha256": "cec47aead2529276f213fa527e13e185e8d01464a2c5cb61da63b931922ed852",
            "document_name": "0001193125-23-145681.hdr.sgml",
            "error": "",
            "source_url": "https://www.sec.gov/Archives/edgar/data/1048286/000119312523145681/0001193125-23-145681.hdr.sgml",
            "status_code": "200"
          },
          {
            "content_sha256": "ca04952b13d6a8d43ba23f9595d547ab95947901a3a08a5344494bba34039864",
            "document_name": "d428210d8k.htm",
            "error": "",
            "source_url": "https://www.sec.gov/Archives/edgar/data/1048286/000119312523145681/d428210d8k.htm",
            "status_code": "200"
          },
          {
            "content_sha256": "49f1a8a4968f4ef1cf20edde0c5e53ffbeaff773922d95ca875c5ec9018c2176",
            "document_name": "0001193125-23-145683.hdr.sgml",
            "error": "",
            "source_url": "https://www.sec.gov/Archives/edgar/data/1048286/000119312523145683/0001193125-23-145683.hdr.sgml",
            "status_code": "200"
          },
          {
            "content_sha256": "c47cf791ed947a3f55f2b0a00b689d24f4abefe35ebfc0caf70a1a55926c3b67",
            "document_name": "d453444d8ka.htm",
            "error": "",
            "source_url": "https://www.sec.gov/Archives/edgar/data/1048286/000119312523145683/d453444d8ka.htm",
            "status_code": "200"
          },
          {
            "content_sha256": "1b7ecb96ee0bd9d1649a0288d9cce8359278748993ca74854ae4b29aeb988594",
            "document_name": "0001193125-23-203849.hdr.sgml",
            "error": "",
            "source_url": "https://www.sec.gov/Archives/edgar/data/1048286/000119312523203849/0001193125-23-203849.hdr.sgml",
            "status_code": "200"
          },
          {
            "content_sha256": "3fef1fc5d548a4b7941627be73d5d0592d03ba086b45799a73c9e52b9c6d0046",
            "document_name": "d467663d8k.htm",
            "error": "",
            "source_url": "https://www.sec.gov/Archives/edgar/data/1048286/000119312523203849/d467663d8k.htm",
            "status_code": "200"
          },
          {
            "content_sha256": "659793b35f96b9f7536f611f4a30db6d2f7a8b519906201fcba42f394f1a27fe",
            "document_name": "0001193125-23-236173.hdr.sgml",
            "error": "",
            "source_url": "https://www.sec.gov/Archives/edgar/data/1048286/000119312523236173/0001193125-23-236173.hdr.sgml",
            "status_code": "200"
          },
          {
            "content_sha256": "96afe0f38e8c2ad99aa3cff24569a4abac93fafc491ad34466d0ad439e63a3ae",
            "document_name": "d518093d8k.htm",
            "error": "",
            "source_url": "https://www.sec.gov/Archives/edgar/data/1048286/000119312523236173/d518093d8k.htm",
            "status_code": "200"
          },
          {
            "content_sha256": "e3fd356a71b6e84e6d28d07c7fb9e02343e57b468d6410fdb1fa947607c4845c",
            "document_name": "0001193125-24-042833.hdr.sgml",
            "error": "",
            "source_url": "https://www.sec.gov/Archives/edgar/data/1048286/000119312524042833/0001193125-24-042833.hdr.sgml",
            "status_code": "200"
          },
          {
            "content_sha256": "f7c0a008dda88caabeced4f2a6847bc909370d2bc7a7955be61b2a084b448754",
            "document_name": "d765486d8k.htm",
            "error": "",
            "source_url": "https://www.sec.gov/Archives/edgar/data/1048286/000119312524042833/d765486d8k.htm",
            "status_code": "200"
          },
          {
            "content_sha256": "b8bf079ca40e810882765ddb62abe8d901519ffd194105643f5e416c57753894",
            "document_name": "0001193125-24-139064.hdr.sgml",
            "error": "",
            "source_url": "https://www.sec.gov/Archives/edgar/data/1048286/000119312524139064/0001193125-24-139064.hdr.sgml",
            "status_code": "200"
          },
          {
            "content_sha256": "f446306effa1e2c40bcf81dad276d3e98490f9ea6675acda2d13cde1a9bbfa80",
            "document_name": "d835359d8k.htm",
            "error": "",
            "source_url": "https://www.sec.gov/Archives/edgar/data/1048286/000119312524139064/d835359d8k.htm",
            "status_code": "200"
          },
          {
            "content_sha256": "87745447436563a2c167ffa1bf28fccc2075cb7cfcacde64b9479d368ababe85",
            "document_name": "0001193125-24-198910.hdr.sgml",
            "error": "",
            "source_url": "https://www.sec.gov/Archives/edgar/data/1048286/000119312524198910/0001193125-24-198910.hdr.sgml",
            "status_code": "200"
          },
          {
            "content_sha256": "9d1df8ed5910b7776ac10409acd645d88401c8c795a8d617e30144201de7d8ec",
            "document_name": "d636446d8k.htm",
            "error": "",
            "source_url": "https://www.sec.gov/Archives/edgar/data/1048286/000119312524198910/d636446d8k.htm",
            "status_code": "200"
          },
          {
            "content_sha256": "0b7fcc3b211556d4e1426e93c53dc37170a505bdcc8ad1309de1fc9690b2e9f7",
            "document_name": "0001193125-25-009110.hdr.sgml",
            "error": "",
            "source_url": "https://www.sec.gov/Archives/edgar/data/1048286/000119312525009110/0001193125-25-009110.hdr.sgml",
            "status_code": "200"
          },
          {
            "content_sha256": "bf87fec25bfd743d96b1624a36836e7c384ccd98b5aec5d12c8cda5fa95814f1",
            "document_name": "d890503d8k.htm",
            "error": "",
            "source_url": "https://www.sec.gov/Archives/edgar/data/1048286/000119312525009110/d890503d8k.htm",
            "status_code": "200"
          },
          {
            "content_sha256": "5b1ea9e16b1b97fb83873f648e991a654d4362e2b0751a82bb7ca94545177f7d",
            "document_name": "0001193125-25-036732.hdr.sgml",
            "error": "",
            "source_url": "https://www.sec.gov/Archives/edgar/data/1048286/000119312525036732/0001193125-25-036732.hdr.sgml",
            "status_code": "200"
          },
          {
            "content_sha256": "7db2b5693b4986de1da579c85126ff60d02500ff7466d2a2c482d289bfbadb5e",
            "document_name": "d927802d8k.htm",
            "error": "",
            "source_url": "https://www.sec.gov/Archives/edgar/data/1048286/000119312525036732/d927802d8k.htm",
            "status_code": "200"
          },
          {
            "content_sha256": "8c67669ade683e3325ec92076dbc2c6bba0a3a88b2bed1e9aa0389e079c99177",
            "document_name": "0001193125-25-118853.hdr.sgml",
            "error": "",
            "source_url": "https://www.sec.gov/Archives/edgar/data/1048286/000119312525118853/0001193125-25-118853.hdr.sgml",
            "status_code": "200"
          },
          {
            "content_sha256": "6779455e40834ac04711b927fc97f2da37df38e8cf017beddd3e35079bad9998",
            "document_name": "d888404d8k.htm",
            "error": "",
            "source_url": "https://www.sec.gov/Archives/edgar/data/1048286/000119312525118853/d888404d8k.htm",
            "status_code": "200"
          },
          {
            "content_sha256": "dceca997691cdbc0425a03c514b044a38d87b93062797c344b7e5dd45dd78602",
            "document_name": "0001193125-25-118861.hdr.sgml",
            "error": "",
            "source_url": "https://www.sec.gov/Archives/edgar/data/1048286/000119312525118861/0001193125-25-118861.hdr.sgml",
            "status_code": "200"
          },
          {
            "content_sha256": "633d2183a1e9cca6325b1fa7c07e6e21fcbf7fff61d7478c9e439cb23c778206",
            "document_name": "d935320d8ka.htm",
            "error": "",
            "source_url": "https://www.sec.gov/Archives/edgar/data/1048286/000119312525118861/d935320d8ka.htm",
            "status_code": "200"
          },
          {
            "content_sha256": "12606dfc17776def4d014b710c69365107ba57352ff38843233a631bba6bef4e",
            "document_name": "0001193125-25-158742.hdr.sgml",
            "error": "",
            "source_url": "https://www.sec.gov/Archives/edgar/data/1048286/000119312525158742/0001193125-25-158742.hdr.sgml",
            "status_code": "200"
          },
          {
            "content_sha256": "928bdbc0e8ce83bd5b0de7811956adade802f82cd49556eb2be6d936d68bcb7c",
            "document_name": "d858138d8k.htm",
            "error": "",
            "source_url": "https://www.sec.gov/Archives/edgar/data/1048286/000119312525158742/d858138d8k.htm",
            "status_code": "200"
          },
          {
            "content_sha256": "6b75de95cabe026c29bf30a19e7f03309d9021f9fb182e407b8fd455828fc152",
            "document_name": "0001193125-25-184082.hdr.sgml",
            "error": "",
            "source_url": "https://www.sec.gov/Archives/edgar/data/1048286/000119312525184082/0001193125-25-184082.hdr.sgml",
            "status_code": "200"
          },
          {
            "content_sha256": "3695c0469ad4abe8fd9243dbd6c4df63d5976c5fb1313f22bdbdd6bd7cca3cb4",
            "document_name": "d52476d8k.htm",
            "error": "",
            "source_url": "https://www.sec.gov/Archives/edgar/data/1048286/000119312525184082/d52476d8k.htm",
            "status_code": "200"
          },
          {
            "content_sha256": "46945952548cc8389d6554f199e4cd458670f7903b2872b1583158ea60990734",
            "document_name": "0001628280-21-002419.hdr.sgml",
            "error": "",
            "source_url": "https://www.sec.gov/Archives/edgar/data/1048286/000162828021002419/0001628280-21-002419.hdr.sgml",
            "status_code": "200"
          },
          {
            "content_sha256": "6b85f5e1ff3cd2d57424015509ab15f8781725c2f79d01310a8fca02d6968099",
            "document_name": "mar-20210218.htm",
            "error": "",
            "source_url": "https://www.sec.gov/Archives/edgar/data/1048286/000162828021002419/mar-20210218.htm",
            "status_code": "200"
          },
          {
            "content_sha256": "e74a10366996c7764e8f77cf6b253919e58385754dd1acddd8d6af7b4058572b",
            "document_name": "index.json",
            "error": "",
            "source_url": "https://www.sec.gov/Archives/edgar/data/1048286/000162828021002433/index.json",
            "status_code": "200"
          },
          {
            "content_sha256": "3b4e35ef3b9aacae886c270b2f76bc98ae42184e2e8bdaef8a7252d9ca11c00d",
            "document_name": "mar-20201231.htm",
            "error": "",
            "source_url": "https://www.sec.gov/Archives/edgar/data/1048286/000162828021002433/mar-20201231.htm",
            "status_code": "200"
          },
          {
            "content_sha256": "b590e6fc28599a280b25c560b085032bc6afb1b78d7060d7266fad6749b90b9d",
            "document_name": "mar-20201231_htm.xml",
            "error": "",
            "source_url": "https://www.sec.gov/Archives/edgar/data/1048286/000162828021002433/mar-20201231_htm.xml",
            "status_code": "200"
          },
          {
            "content_sha256": "f2e4c0da633f6d867a39975c007356c4f985dba384ee0c05f4aa6346298b4245",
            "document_name": "0001628280-21-004738.hdr.sgml",
            "error": "",
            "source_url": "https://www.sec.gov/Archives/edgar/data/1048286/000162828021004738/0001628280-21-004738.hdr.sgml",
            "status_code": "200"
          },
          {
            "content_sha256": "d9611dad1c7cbc53a6132e72755833b53dd887e40833f0b8e268a56e92bc5961",
            "document_name": "mar-20210312.htm",
            "error": "",
            "source_url": "https://www.sec.gov/Archives/edgar/data/1048286/000162828021004738/mar-20210312.htm",
            "status_code": "200"
          },
          {
            "content_sha256": "30e5f8a150a767115a282e3f326c19851926cfa73f66dee834333b298ddd58ba",
            "document_name": "index.json",
            "error": "",
            "source_url": "https://www.sec.gov/Archives/edgar/data/1048286/000162828021006440/index.json",
            "status_code": "200"
          },
          {
            "content_sha256": "f37221e249636c8a17667b412e7ddf0a038f7d5d6998af7c95c28de654ce2281",
            "document_name": "mar-20201231.htm",
            "error": "",
            "source_url": "https://www.sec.gov/Archives/edgar/data/1048286/000162828021006440/mar-20201231.htm",
            "status_code": "200"
          },
          {
            "content_sha256": "f2785c89a9901e2468064e71e4811e33bfbbf91599727c214b21d08d0cad6dee",
            "document_name": "mar-20201231_htm.xml",
            "error": "",
            "source_url": "https://www.sec.gov/Archives/edgar/data/1048286/000162828021006440/mar-20201231_htm.xml",
            "status_code": "200"
          },
          {
            "content_sha256": "32404b049dc7bcc180b7baac3401ca38706182e112bbcd5385afc8f3110941f4",
            "document_name": "0001628280-21-009580.hdr.sgml",
            "error": "",
            "source_url": "https://www.sec.gov/Archives/edgar/data/1048286/000162828021009580/0001628280-21-009580.hdr.sgml",
            "status_code": "200"
          },
          {
            "content_sha256": "ab5eb50d5b5726f3344b8308cacfb3ece455c95c53456dbabeb4a99109cdf29f",
            "document_name": "mar-20210510.htm",
            "error": "",
            "source_url": "https://www.sec.gov/Archives/edgar/data/1048286/000162828021009580/mar-20210510.htm",
            "status_code": "200"
          },
          {
            "content_sha256": "9a0eee27b82c14d4135467640f1ef7f08b9259e3da2a97d9c5f947d83f2b3ceb",
            "document_name": "0001628280-21-009942.hdr.sgml",
            "error": "",
            "source_url": "https://www.sec.gov/Archives/edgar/data/1048286/000162828021009942/0001628280-21-009942.hdr.sgml",
            "status_code": "200"
          },
          {
            "content_sha256": "e82a71951c4cff9e9718c0aa63aa00b32553130bf6d08b72f9a4236416885e17",
            "document_name": "mar-20210507.htm",
            "error": "",
            "source_url": "https://www.sec.gov/Archives/edgar/data/1048286/000162828021009942/mar-20210507.htm",
            "status_code": "200"
          },
          {
            "content_sha256": "a5b2b22a5f68c13b71688fdebf1474e50f405a7c38e9ec2012a7580b424ae845",
            "document_name": "0001628280-21-015244.hdr.sgml",
            "error": "",
            "source_url": "https://www.sec.gov/Archives/edgar/data/1048286/000162828021015244/0001628280-21-015244.hdr.sgml",
            "status_code": "200"
          },
          {
            "content_sha256": "6fad8e3e3eb837cf2325fa4bdaf0d78aaebc968ebddb02524c580aabfa89cdcc",
            "document_name": "mar-20210803.htm",
            "error": "",
            "source_url": "https://www.sec.gov/Archives/edgar/data/1048286/000162828021015244/mar-20210803.htm",
            "status_code": "200"
          },
          {
            "content_sha256": "03eed2b2fd241cc6b94ca82e1cd8a6dc451c6893ec077273cea9612d03684ceb",
            "document_name": "0001628280-21-021312.hdr.sgml",
            "error": "",
            "source_url": "https://www.sec.gov/Archives/edgar/data/1048286/000162828021021312/0001628280-21-021312.hdr.sgml",
            "status_code": "200"
          },
          {
            "content_sha256": "a60e7aeb067fbf25673213ce8507faa25c81d8ab2b0d51a0529b5c8dc5413584",
            "document_name": "mar-20211103.htm",
            "error": "",
            "source_url": "https://www.sec.gov/Archives/edgar/data/1048286/000162828021021312/mar-20211103.htm",
            "status_code": "200"
          },
          {
            "content_sha256": "5b1988db5bbb675284bfe5ba5635bb0635c4fc8b29c3d8af76cfa76c17199131",
            "document_name": "0001628280-22-002652.hdr.sgml",
            "error": "",
            "source_url": "https://www.sec.gov/Archives/edgar/data/1048286/000162828022002652/0001628280-22-002652.hdr.sgml",
            "status_code": "200"
          },
          {
            "content_sha256": "1422ae38bccff4a315c3f10995755ba9a75cbd9d1c0e411c42fb13176cc4092e",
            "document_name": "mar-20220215.htm",
            "error": "",
            "source_url": "https://www.sec.gov/Archives/edgar/data/1048286/000162828022002652/mar-20220215.htm",
            "status_code": "200"
          },
          {
            "content_sha256": "c8e2e4de82f9e914d106f02a8ba43a40f9763e9e74257e4aa67a1a57aa6042e3",
            "document_name": "index.json",
            "error": "",
            "source_url": "https://www.sec.gov/Archives/edgar/data/1048286/000162828022002666/index.json",
            "status_code": "200"
          },
          {
            "content_sha256": "54effe78b84966cd0793dcb23b8db4ad30b0614ea3d42074f3ece89adebe8bf5",
            "document_name": "mar-20211231.htm",
            "error": "",
            "source_url": "https://www.sec.gov/Archives/edgar/data/1048286/000162828022002666/mar-20211231.htm",
            "status_code": "200"
          },
          {
            "content_sha256": "abf783d13925617bea760f5b83f17af9aece94f440a21fe158d02d156d19bd2b",
            "document_name": "mar-20211231_htm.xml",
            "error": "",
            "source_url": "https://www.sec.gov/Archives/edgar/data/1048286/000162828022002666/mar-20211231_htm.xml",
            "status_code": "200"
          },
          {
            "content_sha256": "8391a2f4f06b9c7951d0c691849705d09859995eace6ac47ac424e02877b83bd",
            "document_name": "0001628280-22-012143.hdr.sgml",
            "error": "",
            "source_url": "https://www.sec.gov/Archives/edgar/data/1048286/000162828022012143/0001628280-22-012143.hdr.sgml",
            "status_code": "200"
          },
          {
            "content_sha256": "52f53bf510a5d54ef584b2b6ce722d3344bcd84c80c50525ee68af3f0d22ca97",
            "document_name": "mar-20220504.htm",
            "error": "",
            "source_url": "https://www.sec.gov/Archives/edgar/data/1048286/000162828022012143/mar-20220504.htm",
            "status_code": "200"
          },
          {
            "content_sha256": "61378923f287836e2560116668da088f74c87d92acc4749ac184eddeaa659cca",
            "document_name": "0001628280-22-013845.hdr.sgml",
            "error": "",
            "source_url": "https://www.sec.gov/Archives/edgar/data/1048286/000162828022013845/0001628280-22-013845.hdr.sgml",
            "status_code": "200"
          },
          {
            "content_sha256": "30362eec40bda5f6e08acad14f44a93e637427da27c1845120ccd98e1d3e3a35",
            "document_name": "mar-20220506.htm",
            "error": "",
            "source_url": "https://www.sec.gov/Archives/edgar/data/1048286/000162828022013845/mar-20220506.htm",
            "status_code": "200"
          },
          {
            "content_sha256": "95820c9f85308ed25d582e4cd6de4f2c938233e78554b13cf6e9d3f6e490a590",
            "document_name": "0001628280-22-020030.hdr.sgml",
            "error": "",
            "source_url": "https://www.sec.gov/Archives/edgar/data/1048286/000162828022020030/0001628280-22-020030.hdr.sgml",
            "status_code": "200"
          },
          {
            "content_sha256": "10db2cf8889777d0a50817dba745e985aa4394c74fab1d461b6796c08093e2d0",
            "document_name": "mar-20220802.htm",
            "error": "",
            "source_url": "https://www.sec.gov/Archives/edgar/data/1048286/000162828022020030/mar-20220802.htm",
            "status_code": "200"
          },
          {
            "content_sha256": "6babbbfb2d1abf74e9bf2208845a4f7b58f363d1c2110af3ab2d5653495765aa",
            "document_name": "0001628280-22-027939.hdr.sgml",
            "error": "",
            "source_url": "https://www.sec.gov/Archives/edgar/data/1048286/000162828022027939/0001628280-22-027939.hdr.sgml",
            "status_code": "200"
          },
          {
            "content_sha256": "8785d8db5c68aec31db79fc8606297cff02ba9936a4e0509ddbb2773f4ef51b3",
            "document_name": "mar-20221103.htm",
            "error": "",
            "source_url": "https://www.sec.gov/Archives/edgar/data/1048286/000162828022027939/mar-20221103.htm",
            "status_code": "200"
          },
          {
            "content_sha256": "00cc6b1b73a269d35a4c4c3af55a58d8b02997d5e5b2b8a97d4181cf103c1e66",
            "document_name": "0001628280-23-003441.hdr.sgml",
            "error": "",
            "source_url": "https://www.sec.gov/Archives/edgar/data/1048286/000162828023003441/0001628280-23-003441.hdr.sgml",
            "status_code": "200"
          },
          {
            "content_sha256": "58e172d6f89ffc2b0593410147715db7c1efeb10cd03c3d7e1f2966b4b4c0f73",
            "document_name": "mar-20230210.htm",
            "error": "",
            "source_url": "https://www.sec.gov/Archives/edgar/data/1048286/000162828023003441/mar-20230210.htm",
            "status_code": "200"
          },
          {
            "content_sha256": "bd2328e2ca6a30318a119409400418c0ec9ce256cb9edf4ee15d6e12b57a4b6d",
            "document_name": "index.json",
            "error": "",
            "source_url": "https://www.sec.gov/Archives/edgar/data/1048286/000162828023003485/index.json",
            "status_code": "200"
          },
          {
            "content_sha256": "c041a0501c788a5cc6bb2e6155e6ea345834e1baca2d6165d6d7af22e1b5e95d",
            "document_name": "mar-20221231.htm",
            "error": "",
            "source_url": "https://www.sec.gov/Archives/edgar/data/1048286/000162828023003485/mar-20221231.htm",
            "status_code": "200"
          },
          {
            "content_sha256": "03a39943bc3a454e90bc7bcb2af2cf54e49c0cf5095debbccbc52bd848b3e5ac",
            "document_name": "mar-20221231_htm.xml",
            "error": "",
            "source_url": "https://www.sec.gov/Archives/edgar/data/1048286/000162828023003485/mar-20221231_htm.xml",
            "status_code": "200"
          },
          {
            "content_sha256": "af56b678db8f62b1a81209bb1bc3ba0c1f8db47725722f313ba1506f28694a3c",
            "document_name": "0001628280-23-014748.hdr.sgml",
            "error": "",
            "source_url": "https://www.sec.gov/Archives/edgar/data/1048286/000162828023014748/0001628280-23-014748.hdr.sgml",
            "status_code": "200"
          },
          {
            "content_sha256": "8082f817e5471ab368c2fc99481bf30e35dc0c4d3d4212c38231fa4aff1f8230",
            "document_name": "mar-20230502.htm",
            "error": "",
            "source_url": "https://www.sec.gov/Archives/edgar/data/1048286/000162828023014748/mar-20230502.htm",
            "status_code": "200"
          },
          {
            "content_sha256": "30f85727fbed46b27b8c9db821c31a5e785225bab8e3ec5148116a3153959843",
            "document_name": "0001628280-23-026343.hdr.sgml",
            "error": "",
            "source_url": "https://www.sec.gov/Archives/edgar/data/1048286/000162828023026343/0001628280-23-026343.hdr.sgml",
            "status_code": "200"
          },
          {
            "content_sha256": "45b6513e564cf1b2d27ddfd722193f0d210e6be54df466a5189abc7a5533a66d",
            "document_name": "mar-20230801.htm",
            "error": "",
            "source_url": "https://www.sec.gov/Archives/edgar/data/1048286/000162828023026343/mar-20230801.htm",
            "status_code": "200"
          },
          {
            "content_sha256": "ab573fe40eefdb0a97f10700b7b1ad5057ad5b59b35de0b129dbd637f3341ed0",
            "document_name": "0001628280-23-033068.hdr.sgml",
            "error": "",
            "source_url": "https://www.sec.gov/Archives/edgar/data/1048286/000162828023033068/0001628280-23-033068.hdr.sgml",
            "status_code": "200"
          },
          {
            "content_sha256": "c69344b3d3b531719e940e3d844a694085c5b272f7f88a946d4111f938773ed6",
            "document_name": "mar-20230927.htm",
            "error": "",
            "source_url": "https://www.sec.gov/Archives/edgar/data/1048286/000162828023033068/mar-20230927.htm",
            "status_code": "200"
          },
          {
            "content_sha256": "25b5dbf1178fe2e46879da18043718b7b58a2d003150f4cea2279efcc49fc34a",
            "document_name": "0001628280-23-036166.hdr.sgml",
            "error": "",
            "source_url": "https://www.sec.gov/Archives/edgar/data/1048286/000162828023036166/0001628280-23-036166.hdr.sgml",
            "status_code": "200"
          },
          {
            "content_sha256": "2a6a8231363a17f0b601da04a199d3fa0ccfae5dbc6ebd43e6113d715a94e8f8",
            "document_name": "mar-20231102.htm",
            "error": "",
            "source_url": "https://www.sec.gov/Archives/edgar/data/1048286/000162828023036166/mar-20231102.htm",
            "status_code": "200"
          },
          {
            "content_sha256": "aaac4df944d36c9e56cdd18f6ffe6de04a15657620bf299f8aaca00188b22ea5",
            "document_name": "0001628280-24-004335.hdr.sgml",
            "error": "",
            "source_url": "https://www.sec.gov/Archives/edgar/data/1048286/000162828024004335/0001628280-24-004335.hdr.sgml",
            "status_code": "200"
          },
          {
            "content_sha256": "11ade6ff1d949472856a1a4ab0a5ae2a5640ba51fe5361bc9b09c89b90ee3957",
            "document_name": "mar-20240213.htm",
            "error": "",
            "source_url": "https://www.sec.gov/Archives/edgar/data/1048286/000162828024004335/mar-20240213.htm",
            "status_code": "200"
          },
          {
            "content_sha256": "f18d4a16f16c5c3861c9b54943a63cad29a9dfed3fe95a4340eedce50c63a518",
            "document_name": "index.json",
            "error": "",
            "source_url": "https://www.sec.gov/Archives/edgar/data/1048286/000162828024004372/index.json",
            "status_code": "200"
          },
          {
            "content_sha256": "3e59d9a02dea905a6abcd375b111d2d3113c784561aefcec3a2d36bf16e1ae17",
            "document_name": "mar-20231231.htm",
            "error": "",
            "source_url": "https://www.sec.gov/Archives/edgar/data/1048286/000162828024004372/mar-20231231.htm",
            "status_code": "200"
          },
          {
            "content_sha256": "096989bd096ca777513f287244373004e7378029515483ba3f701c040cbc2a6f",
            "document_name": "mar-20231231_htm.xml",
            "error": "",
            "source_url": "https://www.sec.gov/Archives/edgar/data/1048286/000162828024004372/mar-20231231_htm.xml",
            "status_code": "200"
          },
          {
            "content_sha256": "3f7216255a6b5cfe3f86c8279317f82cb2aae1f2b09a9619ea67ec0f7fe08c5d",
            "document_name": "0001628280-24-019458.hdr.sgml",
            "error": "",
            "source_url": "https://www.sec.gov/Archives/edgar/data/1048286/000162828024019458/0001628280-24-019458.hdr.sgml",
            "status_code": "200"
          },
          {
            "content_sha256": "f341845e215141931dc90784b68029990cc476a6e536b50848e7c9dca2391add",
            "document_name": "mar-20240501.htm",
            "error": "",
            "source_url": "https://www.sec.gov/Archives/edgar/data/1048286/000162828024019458/mar-20240501.htm",
            "status_code": "200"
          },
          {
            "content_sha256": "29dbc2a3456f283a9ff29b532e05d51631867f1bb44bf3612fac02d8f1e64b92",
            "document_name": "0001628280-24-033622.hdr.sgml",
            "error": "",
            "source_url": "https://www.sec.gov/Archives/edgar/data/1048286/000162828024033622/0001628280-24-033622.hdr.sgml",
            "status_code": "200"
          },
          {
            "content_sha256": "0b73a2ec2d71f17dda4448ce8991117fe88a1a0693f05739e8712fded2e73ad7",
            "document_name": "mar-20240731.htm",
            "error": "",
            "source_url": "https://www.sec.gov/Archives/edgar/data/1048286/000162828024033622/mar-20240731.htm",
            "status_code": "200"
          },
          {
            "content_sha256": "1786b36a5e74faf58effc60ba6758d080131f80482e8f7e1bd777650bfa2bc5f",
            "document_name": "0001628280-24-037852.hdr.sgml",
            "error": "",
            "source_url": "https://www.sec.gov/Archives/edgar/data/1048286/000162828024037852/0001628280-24-037852.hdr.sgml",
            "status_code": "200"
          },
          {
            "content_sha256": "528bfef8ea1fdc1d68cdab28a4a0d8e08c0db61a0cadf34b169aff5a3afb7e2e",
            "document_name": "mar-20240819.htm",
            "error": "",
            "source_url": "https://www.sec.gov/Archives/edgar/data/1048286/000162828024037852/mar-20240819.htm",
            "status_code": "200"
          },
          {
            "content_sha256": "a70767e5cc7a7ce242f87f9051a0c801016d12a4b4341b41fa4a1e744716f880",
            "document_name": "0001628280-24-044831.hdr.sgml",
            "error": "",
            "source_url": "https://www.sec.gov/Archives/edgar/data/1048286/000162828024044831/0001628280-24-044831.hdr.sgml",
            "status_code": "200"
          },
          {
            "content_sha256": "3dcc91d64130d0487b0dd776ecdeda1204a9e11f3d739faa628faaad0c1877cb",
            "document_name": "mar-20241104.htm",
            "error": "",
            "source_url": "https://www.sec.gov/Archives/edgar/data/1048286/000162828024044831/mar-20241104.htm",
            "status_code": "200"
          },
          {
            "content_sha256": "4e94fd03f5e3cb69234b4f7f3983fcf702a37ffb3445d29cd0d3ffaf220b2aff",
            "document_name": "0001628280-25-004772.hdr.sgml",
            "error": "",
            "source_url": "https://www.sec.gov/Archives/edgar/data/1048286/000162828025004772/0001628280-25-004772.hdr.sgml",
            "status_code": "200"
          },
          {
            "content_sha256": "cde6d9fac69fa87cc232f3e56f991ea1fb6637b98f6a8595e6e60c5d95945d2d",
            "document_name": "mar-20250211.htm",
            "error": "",
            "source_url": "https://www.sec.gov/Archives/edgar/data/1048286/000162828025004772/mar-20250211.htm",
            "status_code": "200"
          },
          {
            "content_sha256": "9bd1132e98da300604df61534c0fada12fc9f6a57be30aefa6b6d47a00b26c7d",
            "document_name": "index.json",
            "error": "",
            "source_url": "https://www.sec.gov/Archives/edgar/data/1048286/000162828025004818/index.json",
            "status_code": "200"
          },
          {
            "content_sha256": "32a365d594e905c7b4fa8dac8efa501c9ca4ffeabe2579baf8e96bd52e08b131",
            "document_name": "mar-20241231.htm",
            "error": "",
            "source_url": "https://www.sec.gov/Archives/edgar/data/1048286/000162828025004818/mar-20241231.htm",
            "status_code": "200"
          },
          {
            "content_sha256": "86079986e69065c1c561543f263ba9d1ca2d41fda7ad3cf027be5a855848bbca",
            "document_name": "mar-20241231_htm.xml",
            "error": "",
            "source_url": "https://www.sec.gov/Archives/edgar/data/1048286/000162828025004818/mar-20241231_htm.xml",
            "status_code": "200"
          },
          {
            "content_sha256": "33c79bd1b02375176040dde689e87ac5dc1fc731b97781972c6718697dc45063",
            "document_name": "0001628280-25-022390.hdr.sgml",
            "error": "",
            "source_url": "https://www.sec.gov/Archives/edgar/data/1048286/000162828025022390/0001628280-25-022390.hdr.sgml",
            "status_code": "200"
          },
          {
            "content_sha256": "e7d86dff6f2b681b9adb33d54e454fa00093e86557f5204f926e64b03bad8311",
            "document_name": "mar-20250506.htm",
            "error": "",
            "source_url": "https://www.sec.gov/Archives/edgar/data/1048286/000162828025022390/mar-20250506.htm",
            "status_code": "200"
          },
          {
            "content_sha256": "9c277c824dbe666f4e8ce126dd384f2e7db10f387e0e3e236528915755b29e81",
            "document_name": "0001628280-25-037592.hdr.sgml",
            "error": "",
            "source_url": "https://www.sec.gov/Archives/edgar/data/1048286/000162828025037592/0001628280-25-037592.hdr.sgml",
            "status_code": "200"
          },
          {
            "content_sha256": "8a305a1d91f7844d9b33127953592cb4a2df1f96ea849c17b3c977b310281be4",
            "document_name": "mar-20250805.htm",
            "error": "",
            "source_url": "https://www.sec.gov/Archives/edgar/data/1048286/000162828025037592/mar-20250805.htm",
            "status_code": "200"
          }
        ],
        "version": "ec2705753a7a480bb4e9ab2d8336e895"
      },
      "new_calls": {
        "provider": 0,
        "paid": 0,
        "sec": 0
      },
      "production_authorized": false,
      "requested_fiscal_year": 2025,
      "defect_holds": [],
      "read_result_id": "sha256:c6d1db93d6de3daa1e6b3d7e48f00677837d7f8654d31014f3670ee79d0f59f7",
      "record_root": "/Users/lyuhongwang/.local/state/sec_metrics/issue47-development-evidence/historical-events-1791533683465988000/state/updates/E02/periods/FY2025/results/ec2705753a7a480bb4e9ab2d8336e895",
      "program_version": {
        "commit": "1103806f485b442329f7984e8bbef9c0efac16a5",
        "has_uncommitted_changes": true
      }
    },
    {
      "metric_id": "E03",
      "status": "CANDIDATE_READY",
      "attempt_id": "ef7c69edb45b4215af4252c818e3468d",
      "version": "d568d29031044197a93eb27fbc6f2056",
      "result_id": "sha256:194c54dd2b71af9c94019b454a3f4a4cce97e440ea0ba7e71934171a9e1c00fc",
      "result_root": "/Users/lyuhongwang/.local/state/sec_metrics/issue47-development-evidence/historical-events-1791533683465988000/state/updates/E03/periods/FY2025/results/d568d29031044197a93eb27fbc6f2056",
      "calculation_performed": true,
      "new_candidate_created": true,
      "result_reason_code": "PASS",
      "source_observation_errors": [],
      "new_calls": {
        "provider": 0,
        "paid": 0,
        "sec": 0
      },
      "production_authorized": false,
      "requested_fiscal_year": 2025,
      "defect_holds": [],
      "read_result_id": "sha256:194c54dd2b71af9c94019b454a3f4a4cce97e440ea0ba7e71934171a9e1c00fc",
      "record_root": "/Users/lyuhongwang/.local/state/sec_metrics/issue47-development-evidence/historical-events-1791533683465988000/state/updates/E03/periods/FY2025/results/d568d29031044197a93eb27fbc6f2056",
      "program_version": {
        "commit": "1103806f485b442329f7984e8bbef9c0efac16a5",
        "has_uncommitted_changes": true
      }
    },
    {
      "metric_id": "E04",
      "status": "INPUT_OR_EXECUTION_FAILED",
      "attempt_id": "f4385022ab02403687e25ecafe415faf",
      "error_type": "BatchWorkflowError",
      "reason": "Exact SEC response has ambiguous legacy ledger attempts",
      "previous_result": {
        "company_id": "marriott_international",
        "configuration": {
          "case_producer": {
            "module": "vnext.historical_event_cases",
            "name": "prepare_historical_event_year_case",
            "sha256": "22a2039050297ba5ddfd871d3fb1379c5131558ef7d032629ff4801d29109370"
          },
          "company_id": "marriott_international",
          "declared_processing_files": {
            "catalog/event_routes.json": "863746896a4a54da1cc84cc7385e90e58e01d8e5df076d8df14e90f1bf71672a",
            "catalog/zero_ai_public_projection.json": "dffbbf944488d1865c7b858504c4bc519e3e4210e15a159afefaba68287c0db5",
            "config/annual_amendment_scope_v1.json": "ed7c8d776c47b08a5238d41d250fa7d4712994f2df34148383040e2435a93202",
            "config/normal_fiscal_year_labels_v1.json": "fde417632520d90046818fd31046615b6ea3b3df9cfdf5a1a527e38deea7bd87",
            "config/normal_period_selection_v1.json": "6fd86440f7b62680e7ce2fa66de9f79b900f6a2b53fc8300aee590834967ab72",
            "scripts/vnext/annual_amendment_scope.py": "19ccf11107319a3bffc809339b6fa4380e0165877b7fa469cfcf042303827d4f",
            "scripts/vnext/deterministic_router.py": "1e5d71233fbfda516bdbefbc2c50ce36dd4f780ab515b26fbfbb69ece825f1c5",
            "scripts/vnext/historical_amendment_admission.py": "351864f3de47fcacf52a03db7166d8713dfe7d1048ba3b94bd867d9beb5d3589",
            "scripts/vnext/historical_amendment_note.py": "6c7457ba53143a251353d2bcdec944da5d5d6d6ba173db597ea046e54158237a",
            "scripts/vnext/historical_annual_input.py": "d1ae23acc349f3866298686ca2030186d43d0ed2982fb0fba77bb603d1877ad2",
            "scripts/vnext/historical_dei.py": "fee53b0280dce1c3746055535f15fb01e9824b672c7abcece369c58f40a08080",
            "scripts/vnext/historical_event_cases.py": "22a2039050297ba5ddfd871d3fb1379c5131558ef7d032629ff4801d29109370",
            "scripts/vnext/historical_event_walk.py": "ce2d9ffbe5c304713a960933b8bc54035866739a2ec2b175fba14ca072163dd6",
            "scripts/vnext/historical_fiscal_labels.py": "ae65c584f83ff1a10ddbaaf4e8ed00ed96bf96425a2ed51e79c0901b451b8c64",
            "scripts/vnext/normal_annual_input.py": "e2c19badfab9c7524fd99cc54429ea23b0d9cc7e983111d5fd355fce6e6710cc",
            "scripts/vnext/normal_governance_input.py": "e6b4e3f2b5e80ac4fa63346e56faab4ab249443de3eb3f37fccf8ee30af3e8d4",
            "scripts/vnext/normal_history_catalog.py": "dfca9ac9ee1907d7b5ddc1ec98b682a0fc8d0792c4c2c0a8fd0fcd89fde1f2c3",
            "scripts/vnext/normal_period_selection.py": "5e1599e7aab56738c86ef713c74a95e3b71308737012860f97c0c8ca8de67dd5",
            "scripts/vnext/normal_zero_ai_results.py": "2c3a5d2c8b753e9c868746434e79b509e587c6bb6b2cc999112d33ca50a2fa9e",
            "scripts/vnext/public_projection.py": "3157fc026a9072245fbdf57eaf09d679ea8f749f3b2166595afd4ccff4fbd445",
            "scripts/vnext/zero_ai_r2.py": "ca293a47efd713ed3a9af7d271cb1677f0795200df0e7bf30476d9384dbe7195"
          },
          "metric_id": "E04",
          "processing_files": {
            "catalog/company_traits.yaml": "1d91efe5b5b1d5886953b095f82f641f7cfe8fccc60af5d9b16c8541b22db31b",
            "catalog/metrics/B01_revenue.md": "5942066d0fd57870d437a6619de72393532b10d48d4098f10cd39307622e3520",
            "catalog/metrics/B03_ebitda_margin.md": "2705cc20f3e7dbd6a5cbb46bb051b2a16e3037d391856878c3ea74b4441a3608",
            "catalog/ordinary_zero_ai/A01.md": "28a9500d338076c8db139e48ee543f24729e023d51f047fc37411dbcd252bac9",
            "catalog/ordinary_zero_ai/A02.md": "ddd3c0acb7873e492adfef41be88dc18925d1312237f2f8e0dc72a52cfdd2484",
            "catalog/ordinary_zero_ai/A05.md": "b95ab808850de9674e5d3928e65ebc3865eb7ff5c11c9286be5e7a43eeb577ff",
            "catalog/ordinary_zero_ai/A06.md": "379326865c37fbcf2380f0e9d043dedd703ce1e215f946e4e56f8eea2b891431",
            "catalog/ordinary_zero_ai/A07.md": "cbbfdfce42575b6cec07c085f01244f0d426b3830c1a713f8f628e2a38ab48a2",
            "catalog/ordinary_zero_ai/A08.md": "c3f3ea804f3edcd74f0a0a8276fb14542231dce8ef010e0efb15a183adfb15a3",
            "catalog/ordinary_zero_ai/A10.md": "3cbe850063eb01df136b77e21bd66bbec46a597bcbb87dafb80890a7bedb2ed6",
            "catalog/ordinary_zero_ai/B02.md": "1969a00be4f76a8c2cfe511eb1be0dbfcd15ad974817e6ef0547f7bd5695052f",
            "catalog/ordinary_zero_ai/B04.md": "70cfd4a7d0df728efaa7d5c9491c1e47b8b7e6ac37e1b1836f41c5dcdefd02aa",
            "catalog/ordinary_zero_ai/B05.md": "8d0ddc9053814c208c8a626c269b4f6c321bcc51439c7a47582c8725d2130c73",
            "catalog/ordinary_zero_ai/B07.md": "de149472d37f3d1002cf72200ac24122a644cb09dfccdf681451909915a9396d",
            "catalog/ordinary_zero_ai/B08.md": "d88d7cf734138ca7503c3750c8433e5b2238283691e3b5a66db535f7534d1054",
            "catalog/ordinary_zero_ai/B09.md": "d9d4c54432b75f68cfeaad386778e8e851bff01cce78ef64fd505233c302b094",
            "catalog/ordinary_zero_ai/B12.md": "a38d16230e104ddffb7c4ba30bc4f9c35b178ae7159eaef7e17bd65f9bcacb41",
            "catalog/ordinary_zero_ai/C01.md": "c0a86fd5f8fa239a3eefcf6cc611633444d3da3c246f72ef21115ea3d8e1468e",
            "catalog/ordinary_zero_ai/E01.md": "2a2664da6b34735685526e494c06f529001a9861785805d159737b332ff0f312",
            "catalog/ordinary_zero_ai/E02.md": "b55656fba811a1d9eac57534d5b98be37a2e9b36767c070c6fb679acb3c2c747",
            "catalog/ordinary_zero_ai/E03.md": "2835c8f9ef3cab42616383ba679c82ee48f83bdd466fe32989fb1e9dd78658bc",
            "catalog/ordinary_zero_ai/E04.md": "04fa5d35c5cf4d11794f7472775eacdab7d9cee35e05231864076bceac4bf0c1",
            "catalog/ordinary_zero_ai/E05.md": "614b078680ef007ab5e5095c999249f8cdca9820cb19f3545a36f9965d83fbb1",
            "catalog/r5/B06_bond_leases_v5.md": "bdca47ee444dd39ff874ef4094c1d5fa7d20d875d0a03ac2e227e58de3c2a305",
            "catalog/r5/B06_inclusive_table_v6.md": "37252e0b414667b2f8b3026951203f9a14ab3b959767fc05c3cfa4f1f9c58220",
            "catalog/r5/B06_note_carrying_v4.md": "7958a21a738c3c46ba0532f0bc301ca8ddba782c3f88743fb706c7e4938f890e",
            "catalog/r6/B03_impairment_excluded_v1.md": "c7cd1b462271b3aa1c5766a997fbb968d8e168650e412f6973c6e1dffa2116c6",
            "catalog/r6/C02_board_composition_terms_v1.json": "979007765e3daa42b8923481293c0814d9c5566e45cd4eb39f7e458d7c93a905",
            "catalog/r6/C02_board_disclosures_v2.md": "ab5f4f9cf9bf1a238c0bd87abd4decf229a29708df946a8880339c46626d8302",
            "catalog/r6/C02_board_disclosures_v3.md": "2e8c97265bd378d7c26e451952d3ab7727a1aae4f29438f4ff66d3618c78b072",
            "catalog/r6/C02_board_disclosures_v4.md": "e30db70a8b3506263bccf5bd2f26883bc92a32cff60c19d51cf6047b7a6ed1d0",
            "catalog/r6/C02_board_disclosures_v5.md": "e42692700e864d2d170f0039d36a796a5b49f83372cdee367aa8cf6da85172a7",
            "catalog/r6/D02_item8_category_28_v1.json": "b861ac83823cd7b61e86ad12f3bbcdbd09cec18186d784f46fbfe4798068b0c8",
            "catalog/r6/D02_item8_category_28_v2.json": "b7f5783a58086eb1e9e9c8ade562294a00357af0fc718fed4dbe58cf4591152d",
            "config/annual_amendment_scope_v1.json": "ed7c8d776c47b08a5238d41d250fa7d4712994f2df34148383040e2435a93202",
            "config/b06_bond_debt_set_v1.json": "d488ea9f62247459cff27c9248cd1ebb6e31b870030a7e161e8547136676e024",
            "config/b06_bond_leases_v1.json": "eb8536c412bbcf4086a1994513f1766c2bee268f08d9835b6393b1c66f2b5f2c",
            "config/b06_current_input_v1.json": "c63d1cfd1bbd7499b0854e62b65005e6f1063715312ea39daeed74fc30f4c3fb",
            "config/b06_financing_inventory_v1.json": "27108acf1737de4b395b9df4f8080f94da02e7daec3a03740d20e13a19d4f7a0",
            "config/b06_inclusive_table_v1.json": "b16f9eb19a64847b70af94834f73d436f890f4f094a9fdb5aba1e1fec899a6f5",
            "config/b06_note_carrying_v1.json": "4b9d012fe19ae99e341f894cf7273596d762e01bbdf1673941db467fe152c5a1",
            "config/b06_special_scope_v1.json": "ffa15f36da77df45802d863d59b64673f04bc5febdbc101c237595be60d0080b",
            "config/company_registry.csv": "b4f903adb25fa90455a7cc97aa1089125e77947e08c7391dababd713eef95f4a",
            "config/instant_balance_amendment_v1.json": "50790b4f32651a2d93044d32b58aeace432d6dcde7fa9b42f599dbb05acb0892",
            "config/issue28_normal_results_v2.json": "bad2abbf377edd5fd881ddbd72084db60410bbcaa5026b44fde86e54f7339a4c",
            "config/metric_applicability.yaml": "09457bfa3170149f2e86af52d5013605f04c7b13ec4724792993660cc5dbcf94",
            "config/normal_accession_metrics_v1.json": "f0ebf62e04675b33cc9dba0a9d58e35e46fca1581ad50cbecce672e8b7e1deaa",
            "config/normal_fiscal_year_labels_v1.json": "fde417632520d90046818fd31046615b6ea3b3df9cfdf5a1a527e38deea7bd87",
            "config/ordinary_income_input_v1.json": "200dcc2b9c5eac2a00106f159403b4e61d8a260a69e0ebf2ffcf7cd776bbc5ad",
            "config/ordinary_public_projection_v1.json": "f88cb1224a778237e2ce237a5e1c68827b228d3595cc9cf628a8e1c035937bbd",
            "scripts/vnext/annual_amendment_scope.py": "19ccf11107319a3bffc809339b6fa4380e0165877b7fa469cfcf042303827d4f",
            "scripts/vnext/annual_input.py": "0fbeeefe91e11768c3b1838ef50698c865673b8a399c5679de5431446a53a1d7",
            "scripts/vnext/annual_sources.py": "df6c4156d25ea084fb808bfa308d4dd2ef25cc8f050e85bf152a30475a260643",
            "scripts/vnext/b03_depreciation_scope.py": "e213c201c3cf925a03dc0d2c8ae293dacd2c918459f4fbaba41136aea7738e28",
            "scripts/vnext/b03_exact_impairment_relation.py": "1f9e0ea642ccbd27f175400e7a0557d87915dfe28b55575ddfa4f38b94e4689b",
            "scripts/vnext/b03_impairment_adjusted_run.py": "db3114f9865db36cf0cf776d05738b38d6c45e42118f60e1175364ed7f100fb1",
            "scripts/vnext/b06_bond_leases.py": "d211352b8b8bf27a123236fdae8993f5996df03dfe5d7ceb447b6dc9feeca332",
            "scripts/vnext/b06_current_input.py": "edd4e846ebe220b955dcb1d7b359956f00f6d0130a7a6a56ac8e27bab612c22c",
            "scripts/vnext/b06_financing_inventory.py": "e0c3c86871127c46ebb4a3f68e6136b6bff6b4da7e000532d53bc3c6f71ab971",
            "scripts/vnext/b06_inclusive_table.py": "86737168913971dc62ad11123998dc1d0e538aa58116b4f2928dea55d38d1f57",
            "scripts/vnext/b06_note_carrying.py": "a3786d8838442e944a7a75c2e5e19cf7c8fc50eceb155eec3f68b81630695738",
            "scripts/vnext/c02_board_composition_28_v3.py": "498c2a10615ea657b76b5183ebedb9ea52dd2854ee5e8f7748f3609c09771d9d",
            "scripts/vnext/c02_board_composition_28_v4.py": "c08aba7cb5f9d985b5f40937d8c54c4d26843e803fd5eff8d53f845ed09506df",
            "scripts/vnext/c02_composition_text_results.py": "21cbfddc612af7385cb3c0b26f3088097e8a3a599d3fab3261a4cff140201790",
            "scripts/vnext/c02_grouped_source.py": "b49dff1eb083bca2f6902f8adf26c180b4996691f8aa0c04c34092322a221062",
            "scripts/vnext/calculator.py": "797424587429470d28e2f22b041f3df3ae959d4259507e9f93a9f692b4f13b9c",
            "scripts/vnext/canonical.py": "7eec279a9bf09150ba2ee5886b7ec6a43192c5299d91cceb1f04d510044462aa",
            "scripts/vnext/company_registry.py": "b33bc560a1e7750dd38eca9898e080b334feae3a4fde8628f75d1557f4b0d49a",
            "scripts/vnext/csv_output.py": "bded6023ee8177e61acf72892e0beed5839f128c1c5d33b4712b5431f263a7b3",
            "scripts/vnext/d01_emphasis_results.py": "e0d18e8584967185bebae0383365b4a94a775c0e9b8d6f7ef27020d001010f0a",
            "scripts/vnext/d01_emphasis_results_v3.py": "137b8b84661c5ba54152725124829ffb7b003928f94cf49ea74fcdf80df1ae7c",
            "scripts/vnext/d01_emphasis_source.py": "4916849e4449c0fc4e6720972e63e1d88194eeebc94b1fda1d9fa43a9dc9c233",
            "scripts/vnext/d01_running_header_28_v1.py": "535245b5c7e802a040a02fafb898652aea0a2c0cf696f1a4a868fa660aacd978",
            "scripts/vnext/d02_item8_category_28_v1.py": "8f1867a24cd5efe3ac72b3016cf128f383799f21919fc5804c7c26d206f574a3",
            "scripts/vnext/d02_item8_category_28_v2.py": "59b55bf1115cf3d4e4459f8c394e8eaaec854d051aa7cc2b9b1208cd0112e129",
            "scripts/vnext/d02_text_results_v3.py": "17e338951f441f4531a540212e48d1c2d69d23235267891130050435246e2e32",
            "scripts/vnext/deterministic_catalog.py": "6d9d9fde428289c1308e182f6eb62f1dad81e2aacde199a3b7b312f75e1bd2d9",
            "scripts/vnext/deterministic_router.py": "1e5d71233fbfda516bdbefbc2c50ce36dd4f780ab515b26fbfbb69ece825f1c5",
            "scripts/vnext/e01_header_document_guard_28_v1.py": "54502a58b3ef5775197fa114eb454234307067212bb81217214a45816b5042f7",
            "scripts/vnext/e01_header_document_guard_28_v2.py": "f4e9a1f7e705710e42fbec6d6eeb3a4fef6bff7162d3645fc36dcf08d587c764",
            "scripts/vnext/e01_item_text_28_v1.py": "6d55c88f53278ce2d6a5027965e7e787a306292d7978880cd1b66ff41d9001c7",
            "scripts/vnext/e01_item_text_28_v2.py": "5e01ab4c98d958464c789a3ce0613037c3344c5436d3ad815d7674f90e665397",
            "scripts/vnext/fiscal_year_labels.py": "b4c2c6d696604f6e313da83c7845bfa6dfe2ffae250de137dcaecf9633b93251",
            "scripts/vnext/governance_signals.py": "b5a81465be57ac332c595c61bd107d0e8da8e90bac5dd47a071c3576dcbce820",
            "scripts/vnext/historical_board_composition.py": "a514ceffd0855733222526e38c170840d789b07bcef5e82cda096b4942cf4158",
            "scripts/vnext/historical_board_composition_v2.py": "73ec30fff3642eba9023c894119e10cbfebe63235e9d80bad0adbb106d37ba6b",
            "scripts/vnext/instant_balance_amendment.py": "dfc5b37f2bcf5c9ea22b130df96656542707b2f1195fcda5f9be2d92633abff5",
            "scripts/vnext/normal_accession_results.py": "8aee2c02e1f96226bba3442f2869ed7e2c9d58f847ae88ea1404af9bec550880",
            "scripts/vnext/normal_annual_input_v2.py": "8c54ef1eaf2a7774fdf4533e07fde6fa4a0391c3cec51bdaf76a317d9ebd5e19",
            "scripts/vnext/normal_bond_debt_results.py": "34727b2c9c2302d022c82cf3018710568ff728b98a3e481964607beb54b6876c",
            "scripts/vnext/normal_companyfacts_results.py": "e6a79aeda0a1e8f7e3f6c5d4e1b7efee01b26d52c757f6e3d1d8a3eeba1ee194",
            "scripts/vnext/normal_inclusive_debt_results.py": "4bba6023789ad8ba6405c6291821d1f6f8c8b36ae2476a9fe84276e8dc03812f",
            "scripts/vnext/normal_note_debt_results.py": "37162510d13981d50b69fc36fe9a4101312123cfa6f51e6df874bbcfeb343de2",
            "scripts/vnext/normal_run_inputs.py": "65e5d5447cc3c108bfa1d3cf13ef3738f71bd9caf6e74650237becdee827c27d",
            "scripts/vnext/normal_run_specs.py": "f1b03641f83dc59a251e0d59976c71e94ed73c482f3fe989a1a48b5fa5a99717",
            "scripts/vnext/normal_run_v3.py": "57d634aa4c65d8542c5c18d13fa387544d4b62284e7062bebfe7da26aea7743f",
            "scripts/vnext/normal_zero_ai_results.py": "2c3a5d2c8b753e9c868746434e79b509e587c6bb6b2cc999112d33ca50a2fa9e",
            "scripts/vnext/observations.py": "a41e7a507e69a28806fc43226b96f3d5a0dd1c7185bc5bd195b4de78a769211e",
            "scripts/vnext/ordinary_c02_auditor_update_v3.py": "cc909d984b21979cb3cd786c5e314511aa1db747de64f352e755f50896cea551",
            "scripts/vnext/ordinary_c02_member_update_v4.py": "23a30b4ea8fec393f62f8943446b6bf419c8869fde06d58382203aadf9b294a6",
            "scripts/vnext/ordinary_current_update.py": "cbf8c59d6fc8edcd4173c2602c6609e193d3bd847bc20d9e7741aed9975c7f5e",
            "scripts/vnext/ordinary_d01_header_update_v3.py": "004dacbbe5061b52099aeadd2934cc369d10a773e868293f402cad5284c5be95",
            "scripts/vnext/ordinary_d02_category_update_v2.py": "c76530141c6b52bd2c6235cf745bc04e5bee12085e3f05d22fbbcf114c786b22",
            "scripts/vnext/ordinary_d02_item8_v1.py": "ca4b4e1adb99f152c9f30f083f6af91177a4a687ea322b0028f33e376b0ffeb7",
            "scripts/vnext/ordinary_d02_item8_v2.py": "446b6d89cbcebaef26fc135d46f7824f67aa614e026edebda4ea4697b410dc24",
            "scripts/vnext/ordinary_debt_guard.py": "f2b8613829efafe395ce77c36a153c277e2e6745bafd3dcaed38ab1a49ce1e1d",
            "scripts/vnext/ordinary_e01_item_text_input.py": "a97750590a1a528fe297802e64d4e86c4da6ccb386a628df4b3a569fd1ded873",
            "scripts/vnext/ordinary_e01_item_text_input_v2.py": "0d43c01f117160631a7dc5ce237474fea52cf2243b4bdae4257bfdb443e49c4e",
            "scripts/vnext/ordinary_e01_item_text_input_v3.py": "55d7934329beb551baf3bea0200dcb16a4c5c8c27aff2b4032abac1fdccb7035",
            "scripts/vnext/ordinary_financial_results.py": "baee0332c532907359de3cc115d78711fd52dfa49cd409403dd749be63afa954",
            "scripts/vnext/ordinary_income_input.py": "fc582e4bbc49e96cf91ee2df40cfadc071e8d36877c1b76baa7c516dc6131e8e",
            "scripts/vnext/ordinary_projection.py": "a71b7fa174d9471b544242946580ed5ef9d73d2bf38bf55f9c5935cdf6531ff4",
            "scripts/vnext/ordinary_remaining_cases.py": "ed083ddb13886e678cea8b003ce6674339d9d403383a1d021311c33124b2c97b",
            "scripts/vnext/ordinary_saved_result.py": "1a8524e761a4cdc8cd1a447fa60d570432d0ab21cb891366bb5cbb5494335694",
            "scripts/vnext/ordinary_source_authority.py": "6a5349a5aaa0ad41898477c037620c23c92f027534d65dc1d2fedf37e79f31a2",
            "scripts/vnext/ordinary_source_session.py": "2357bfe3c2b62a835d01cd34de29d8f0076710d0327d721fe8bb97f6434be7e0",
            "scripts/vnext/ordinary_special_debt_scope.py": "9c2bc47b455fd6a6deedfc52fc5f6bc406f35725f5f3f58b90482b78962d50c0",
            "scripts/vnext/ordinary_text_input.py": "4f15c69e99d9bc08962827a345810a443082c626d0dae06bfc141ad3b33880d4",
            "scripts/vnext/ordinary_update_cycle.py": "8ef293790f3a8751ec8dbb30a2e343b412167d85c12e7cc5b167b7773b997799",
            "scripts/vnext/projector.py": "21dc6372abe69477def0f1a72b0ea8108c2aa2a9751ae08e8440acb06dbc4c21",
            "scripts/vnext/records.py": "e3ca654eaf837ccdc1ef0d2d542daff4f3a005dbfa4e693122b41bae6ee5a187",
            "scripts/vnext/request_bindings.py": "45b3e54c81e71386882684116c10e4b0e124a38c85480d8e232807126c09fcb0",
            "scripts/vnext/resource_limits.py": "2be2aab001242107db8ffe877d9a7e16ea0bd8dc04e0fa40481b28a65732187b",
            "scripts/vnext/saved_source_checks.py": "5521a785e23c5e2b2c4c8974dd9aab0f9073208f92408fe2e258c9660f8f98f9",
            "scripts/vnext/sources.py": "53eeef067c450bd5bb7a92daab88bc437546b2d95355186a6464d2222bf23c31",
            "scripts/vnext/specs.py": "4cddc435aa84f5b541a1fd8cb2e81280b1d374bfc5b5c48efb52f129b5dc4be3",
            "scripts/vnext/table_grid.py": "8ab43146f0c8d711067c609f38a4ae9368266f6192f7be21e8aa743bb0f1d617",
            "scripts/vnext/traits.py": "44f6c1f6b032e956c85d54423e88a552ec742e2d6b13435cd91fd53512418303"
          },
          "provider_enabled": false,
          "requested_fiscal_year": 2025,
          "sec_fetch_enabled": false,
          "source_registry_sha256": "b4f903adb25fa90455a7cc97aa1089125e77947e08c7391dababd713eef95f4a",
          "source_root": "/Users/lyuhongwang/.codex/worktrees/7e99/SEC_metrics-issue47-company-verified-source-20261006/source-inputs"
        },
        "metric_id": "E04",
        "period_end": "2025-12-31",
        "requested_fiscal_year": 2025,
        "result_id": "sha256:7d9fa3c8ac95b52aee2d9661961c45891240fdc69a233edbcdb061b106dd3e5d",
        "source_census": [
          {
            "content_sha256": "af2fea717f696acfa6f5f2436aa6e4175c3c56ab1628a2e3198964300f32422a",
            "document_name": "CIK0001048286.json",
            "error": "",
            "source_url": "https://data.sec.gov/api/xbrl/companyfacts/CIK0001048286.json",
            "status_code": "200"
          },
          {
            "content_sha256": "aa74a6d14ce291a92273d30df8893a1a76896f7b9f8d9cd274d3160549572b7f",
            "document_name": "CIK0001048286-submissions-001.json",
            "error": "",
            "source_url": "https://data.sec.gov/submissions/CIK0001048286-submissions-001.json",
            "status_code": "200"
          },
          {
            "content_sha256": "603b1fb5c9d4dd83f6e111ea89b6382e2aaef8fbbcdd6398eb69608ecd67bfd8",
            "document_name": "CIK0001048286-submissions-002.json",
            "error": "",
            "source_url": "https://data.sec.gov/submissions/CIK0001048286-submissions-002.json",
            "status_code": "200"
          },
          {
            "content_sha256": "e3eeefe33c9c7351788d22a96ca36d061230cd2dacadbf44ed6ef79035742bd8",
            "document_name": "CIK0001048286.json",
            "error": "",
            "source_url": "https://data.sec.gov/submissions/CIK0001048286.json",
            "status_code": "200"
          },
          {
            "content_sha256": "cffee82d3fb74d0b67b74698f2e0f3c270f69a8d2dcf21a5ba70dee3f2aac46e",
            "document_name": "0001048286-25-000011.hdr.sgml",
            "error": "",
            "source_url": "https://www.sec.gov/Archives/edgar/data/1048286/000104828625000011/0001048286-25-000011.hdr.sgml",
            "status_code": "200"
          },
          {
            "content_sha256": "7646c3d03541392d59169546a147ebe81586d2b71d2bc1aadc6b97eb8395b251",
            "document_name": "mar-20251104.htm",
            "error": "",
            "source_url": "https://www.sec.gov/Archives/edgar/data/1048286/000104828625000011/mar-20251104.htm",
            "status_code": "200"
          },
          {
            "content_sha256": "3e61694553c2a29ad2fad2b0f21cb3471cdd92b0912bf47201a9fe3e98f5c0f7",
            "document_name": "0001048286-26-000007-index.html",
            "error": "",
            "source_url": "https://www.sec.gov/Archives/edgar/data/1048286/000104828626000007/0001048286-26-000007-index.html",
            "status_code": "200"
          },
          {
            "content_sha256": "3f447d7e3dcc1d699d56a58ce963b9b48dd2e5eae2f6f6d58c56ae9f43861f0c",
            "document_name": "FilingSummary.xml",
            "error": "",
            "source_url": "https://www.sec.gov/Archives/edgar/data/1048286/000104828626000007/FilingSummary.xml",
            "status_code": "200"
          },
          {
            "content_sha256": "a2b20ee4c353b24e3772bfbe4e2b6e43a17f244e63b32a1c70d6d780d46d7398",
            "document_name": "index.json",
            "error": "",
            "source_url": "https://www.sec.gov/Archives/edgar/data/1048286/000104828626000007/index.json",
            "status_code": "200"
          },
          {
            "content_sha256": "c372495ac4ad3e62399040675f490315db137e17cd9a9a4a8c10cb1d09312547",
            "document_name": "mar-20251231.htm",
            "error": "",
            "source_url": "https://www.sec.gov/Archives/edgar/data/1048286/000104828626000007/mar-20251231.htm",
            "status_code": "200"
          },
          {
            "content_sha256": "39cdb4be609ec4e5e081e68f9be2d83cb8cc29c4ba915afa59a4847a24356150",
            "document_name": "mar-20251231_htm.xml",
            "error": "",
            "source_url": "https://www.sec.gov/Archives/edgar/data/1048286/000104828626000007/mar-20251231_htm.xml",
            "status_code": "200"
          },
          {
            "content_sha256": "559da695a997c02bbfc5a3def4ed96c432acc82385153c241f118819a5a3ec3c",
            "document_name": "ny20006599x500_def14a.htm",
            "error": "",
            "source_url": "https://www.sec.gov/Archives/edgar/data/1048286/000114036123014123/ny20006599x500_def14a.htm",
            "status_code": "200"
          },
          {
            "content_sha256": "a25ce3426110e7f6ec546419607bff5d718b01825d5fa4faf970929acf294954",
            "document_name": "ny20015439x1_def14a.htm",
            "error": "",
            "source_url": "https://www.sec.gov/Archives/edgar/data/1048286/000114036124015465/ny20015439x1_def14a.htm",
            "status_code": "200"
          },
          {
            "content_sha256": "d1647a6383dffd60c28816c8e213ff1904b66282bfd96e5e5ec0fb6c40d5ac43",
            "document_name": "ny20039208x771_def14a.htm",
            "error": "",
            "source_url": "https://www.sec.gov/Archives/edgar/data/1048286/000114036125010600/ny20039208x771_def14a.htm",
            "status_code": "200"
          },
          {
            "content_sha256": "fca4ce3abc7f769a80642f34b9a9f3f4208fab569bccb7f8b5166b11fe19adbd",
            "document_name": "ny20062722x771_def14a.htm",
            "error": "",
            "source_url": "https://www.sec.gov/Archives/edgar/data/1048286/000114036126011590/ny20062722x771_def14a.htm",
            "status_code": "200"
          },
          {
            "content_sha256": "e12f37063bb5a93b137f2ac7d6646178b6c3d40aaf3842499a9ef49dc3bbb061",
            "document_name": "0001193125-21-019849.hdr.sgml",
            "error": "",
            "source_url": "https://www.sec.gov/Archives/edgar/data/1048286/000119312521019849/0001193125-21-019849.hdr.sgml",
            "status_code": "200"
          },
          {
            "content_sha256": "232bc661d32e881e93e4b85ed87eceb11d8cdeaa93280f9ab52a097d471eef48",
            "document_name": "d59364d8k.htm",
            "error": "",
            "source_url": "https://www.sec.gov/Archives/edgar/data/1048286/000119312521019849/d59364d8k.htm",
            "status_code": "200"
          },
          {
            "content_sha256": "e970bcedcf70d036fad78994b5d9bfad315428c9898802ae57f46b0bfe6f413d",
            "document_name": "0001193125-21-025328.hdr.sgml",
            "error": "",
            "source_url": "https://www.sec.gov/Archives/edgar/data/1048286/000119312521025328/0001193125-21-025328.hdr.sgml",
            "status_code": "200"
          },
          {
            "content_sha256": "7566c0b03f23bc3bd324bb77782aec49405b930f8492e7b4e93acc9bc3e35148",
            "document_name": "d125705d8k.htm",
            "error": "",
            "source_url": "https://www.sec.gov/Archives/edgar/data/1048286/000119312521025328/d125705d8k.htm",
            "status_code": "200"
          },
          {
            "content_sha256": "6393bacb59db969635721d70157e8d2c21669ad183cab0eb52e96a2bd76a59e8",
            "document_name": "0001193125-21-044857.hdr.sgml",
            "error": "",
            "source_url": "https://www.sec.gov/Archives/edgar/data/1048286/000119312521044857/0001193125-21-044857.hdr.sgml",
            "status_code": "200"
          },
          {
            "content_sha256": "eebe60d904a5d8193787e981c126d11400d9148a30622367f3eebe3a1bd7586e",
            "document_name": "d112089d8k.htm",
            "error": "",
            "source_url": "https://www.sec.gov/Archives/edgar/data/1048286/000119312521044857/d112089d8k.htm",
            "status_code": "200"
          },
          {
            "content_sha256": "795cf98a73478788454c242167114dfb9d895c7ebda4c947344c1bb9e8a2a3c9",
            "document_name": "0001193125-21-056950.hdr.sgml",
            "error": "",
            "source_url": "https://www.sec.gov/Archives/edgar/data/1048286/000119312521056950/0001193125-21-056950.hdr.sgml",
            "status_code": "200"
          },
          {
            "content_sha256": "35d942dbbe6dfdeb4561ad70f1f8c83bfc0f29a35ef079dbc2bb8098e02883b2",
            "document_name": "d125070d8k.htm",
            "error": "",
            "source_url": "https://www.sec.gov/Archives/edgar/data/1048286/000119312521056950/d125070d8k.htm",
            "status_code": "200"
          },
          {
            "content_sha256": "48d28f0d3bbefdc5ca1f9e9ac4c0c97a2894fa1d4ad6da707f46029a2bbe6953",
            "document_name": "0001193125-21-071474.hdr.sgml",
            "error": "",
            "source_url": "https://www.sec.gov/Archives/edgar/data/1048286/000119312521071474/0001193125-21-071474.hdr.sgml",
            "status_code": "200"
          },
          {
            "content_sha256": "3a1c1ec458b825357f0e1bbf8bb050390e1d69057a34902b3dc6458b02121e25",
            "document_name": "d133751d8k.htm",
            "error": "",
            "source_url": "https://www.sec.gov/Archives/edgar/data/1048286/000119312521071474/d133751d8k.htm",
            "status_code": "200"
          },
          {
            "content_sha256": "42660308fb24638ba3f865c1e3b2b0a338cf029d5be723972126f21528f09fed",
            "document_name": "0001193125-21-267374.hdr.sgml",
            "error": "",
            "source_url": "https://www.sec.gov/Archives/edgar/data/1048286/000119312521267374/0001193125-21-267374.hdr.sgml",
            "status_code": "200"
          },
          {
            "content_sha256": "12b28d747d9db2f5c3b6eb4f29d1fe285c623b8a38279060fb7d50cdd5a0cfe4",
            "document_name": "d211557d8k.htm",
            "error": "",
            "source_url": "https://www.sec.gov/Archives/edgar/data/1048286/000119312521267374/d211557d8k.htm",
            "status_code": "200"
          },
          {
            "content_sha256": "92ee0500a1948b88e2d1159fb3d9cd254eacdce9f995bfa131bf01f7c7234b64",
            "document_name": "0001193125-21-278943.hdr.sgml",
            "error": "",
            "source_url": "https://www.sec.gov/Archives/edgar/data/1048286/000119312521278943/0001193125-21-278943.hdr.sgml",
            "status_code": "200"
          },
          {
            "content_sha256": "1146da7ff312f450a0116c0b7f13bfe157baedd8b0d6296755743ec60dd9cc81",
            "document_name": "d203995d8k.htm",
            "error": "",
            "source_url": "https://www.sec.gov/Archives/edgar/data/1048286/000119312521278943/d203995d8k.htm",
            "status_code": "200"
          },
          {
            "content_sha256": "fed28386698b5a79eb0a051bf55c1f52c7a0ff0dda6e8b7954da6199024f3df7",
            "document_name": "0001193125-21-279481.hdr.sgml",
            "error": "",
            "source_url": "https://www.sec.gov/Archives/edgar/data/1048286/000119312521279481/0001193125-21-279481.hdr.sgml",
            "status_code": "200"
          },
          {
            "content_sha256": "561e363ef473fd6a2abac48e3517539e51176d888707170b20fd8c3470436072",
            "document_name": "d191158d8k.htm",
            "error": "",
            "source_url": "https://www.sec.gov/Archives/edgar/data/1048286/000119312521279481/d191158d8k.htm",
            "status_code": "200"
          },
          {
            "content_sha256": "f9184954010f63130cf0399ae61ea41c3fc623f1a3777186829272e8d5c944b9",
            "document_name": "0001193125-22-039831.hdr.sgml",
            "error": "",
            "source_url": "https://www.sec.gov/Archives/edgar/data/1048286/000119312522039831/0001193125-22-039831.hdr.sgml",
            "status_code": "200"
          },
          {
            "content_sha256": "797ca9d842a5906ff49c001cd3b11f61b8f9d4fe7f6709e4acde941e72672c00",
            "document_name": "d296617d8k.htm",
            "error": "",
            "source_url": "https://www.sec.gov/Archives/edgar/data/1048286/000119312522039831/d296617d8k.htm",
            "status_code": "200"
          },
          {
            "content_sha256": "69270175d55cecc73b52c6837941c1a2cebafba0b2ba7924a8b413c3d5eda6b0",
            "document_name": "d235712ddef14a.htm",
            "error": "",
            "source_url": "https://www.sec.gov/Archives/edgar/data/1048286/000119312522081138/d235712ddef14a.htm",
            "status_code": "200"
          },
          {
            "content_sha256": "a00edb6d2df742e4f44ba535cce5aa920a3db667515de5cd70d1f15ac2b52462",
            "document_name": "0001193125-22-241012.hdr.sgml",
            "error": "",
            "source_url": "https://www.sec.gov/Archives/edgar/data/1048286/000119312522241012/0001193125-22-241012.hdr.sgml",
            "status_code": "200"
          },
          {
            "content_sha256": "1d2fcf19c822331cd920088f070e571d3a865087ec278e28603e6f96bed9a360",
            "document_name": "d358514d8k.htm",
            "error": "",
            "source_url": "https://www.sec.gov/Archives/edgar/data/1048286/000119312522241012/d358514d8k.htm",
            "status_code": "200"
          },
          {
            "content_sha256": "699360b3f0ab5398b8b52660a13974bd9072a59a5eacd32198e34c2c27d96207",
            "document_name": "0001193125-22-306017.hdr.sgml",
            "error": "",
            "source_url": "https://www.sec.gov/Archives/edgar/data/1048286/000119312522306017/0001193125-22-306017.hdr.sgml",
            "status_code": "200"
          },
          {
            "content_sha256": "7ef57f13ad20f828cf4ae68ff3cbb59f755306c6357928a1a535ce3488e7886c",
            "document_name": "d398413d8k.htm",
            "error": "",
            "source_url": "https://www.sec.gov/Archives/edgar/data/1048286/000119312522306017/d398413d8k.htm",
            "status_code": "200"
          },
          {
            "content_sha256": "b87749bc94d30b1a4cac507e3d0ba764291d0c9b41a08f475d172f40b83d43f8",
            "document_name": "0001193125-22-310088.hdr.sgml",
            "error": "",
            "source_url": "https://www.sec.gov/Archives/edgar/data/1048286/000119312522310088/0001193125-22-310088.hdr.sgml",
            "status_code": "200"
          },
          {
            "content_sha256": "c68db553c9b57fea9919b4ca8f063305bf4fae806cb1c672b668de86bd91ab0d",
            "document_name": "d280446d8k.htm",
            "error": "",
            "source_url": "https://www.sec.gov/Archives/edgar/data/1048286/000119312522310088/d280446d8k.htm",
            "status_code": "200"
          },
          {
            "content_sha256": "28811578b96a2d4495792fec7b8723f85ecd600fcc89dd2d2f926272231ba808",
            "document_name": "0001193125-23-032570.hdr.sgml",
            "error": "",
            "source_url": "https://www.sec.gov/Archives/edgar/data/1048286/000119312523032570/0001193125-23-032570.hdr.sgml",
            "status_code": "200"
          },
          {
            "content_sha256": "f0ef69562fbf54334586da1767f1453e14fb013134ecb77b62799e59e2b8ee77",
            "document_name": "d427456d8k.htm",
            "error": "",
            "source_url": "https://www.sec.gov/Archives/edgar/data/1048286/000119312523032570/d427456d8k.htm",
            "status_code": "200"
          },
          {
            "content_sha256": "2f4d9c1d687dfaebc17f76fad922f36dd9f4e5ac033c20d1063dcc3e56959b13",
            "document_name": "0001193125-23-070726.hdr.sgml",
            "error": "",
            "source_url": "https://www.sec.gov/Archives/edgar/data/1048286/000119312523070726/0001193125-23-070726.hdr.sgml",
            "status_code": "200"
          },
          {
            "content_sha256": "4bc4080d3bf3d2976a7a5d2c1bcaa73312150b6eda3831de49017eb397c898f1",
            "document_name": "d480872d8k.htm",
            "error": "",
            "source_url": "https://www.sec.gov/Archives/edgar/data/1048286/000119312523070726/d480872d8k.htm",
            "status_code": "200"
          },
          {
            "content_sha256": "ee936c1313a89b32e6c39cf388ac4304911d7d5825b8e58354d082947191a656",
            "document_name": "0001193125-23-080530.hdr.sgml",
            "error": "",
            "source_url": "https://www.sec.gov/Archives/edgar/data/1048286/000119312523080530/0001193125-23-080530.hdr.sgml",
            "status_code": "200"
          },
          {
            "content_sha256": "69e699dd107c769becc9cd7eac06bb25b1da0b76ee66028ce40965f8600437dd",
            "document_name": "d443909d8k.htm",
            "error": "",
            "source_url": "https://www.sec.gov/Archives/edgar/data/1048286/000119312523080530/d443909d8k.htm",
            "status_code": "200"
          },
          {
            "content_sha256": "cec47aead2529276f213fa527e13e185e8d01464a2c5cb61da63b931922ed852",
            "document_name": "0001193125-23-145681.hdr.sgml",
            "error": "",
            "source_url": "https://www.sec.gov/Archives/edgar/data/1048286/000119312523145681/0001193125-23-145681.hdr.sgml",
            "status_code": "200"
          },
          {
            "content_sha256": "ca04952b13d6a8d43ba23f9595d547ab95947901a3a08a5344494bba34039864",
            "document_name": "d428210d8k.htm",
            "error": "",
            "source_url": "https://www.sec.gov/Archives/edgar/data/1048286/000119312523145681/d428210d8k.htm",
            "status_code": "200"
          },
          {
            "content_sha256": "49f1a8a4968f4ef1cf20edde0c5e53ffbeaff773922d95ca875c5ec9018c2176",
            "document_name": "0001193125-23-145683.hdr.sgml",
            "error": "",
            "source_url": "https://www.sec.gov/Archives/edgar/data/1048286/000119312523145683/0001193125-23-145683.hdr.sgml",
            "status_code": "200"
          },
          {
            "content_sha256": "c47cf791ed947a3f55f2b0a00b689d24f4abefe35ebfc0caf70a1a55926c3b67",
            "document_name": "d453444d8ka.htm",
            "error": "",
            "source_url": "https://www.sec.gov/Archives/edgar/data/1048286/000119312523145683/d453444d8ka.htm",
            "status_code": "200"
          },
          {
            "content_sha256": "1b7ecb96ee0bd9d1649a0288d9cce8359278748993ca74854ae4b29aeb988594",
            "document_name": "0001193125-23-203849.hdr.sgml",
            "error": "",
            "source_url": "https://www.sec.gov/Archives/edgar/data/1048286/000119312523203849/0001193125-23-203849.hdr.sgml",
            "status_code": "200"
          },
          {
            "content_sha256": "3fef1fc5d548a4b7941627be73d5d0592d03ba086b45799a73c9e52b9c6d0046",
            "document_name": "d467663d8k.htm",
            "error": "",
            "source_url": "https://www.sec.gov/Archives/edgar/data/1048286/000119312523203849/d467663d8k.htm",
            "status_code": "200"
          },
          {
            "content_sha256": "659793b35f96b9f7536f611f4a30db6d2f7a8b519906201fcba42f394f1a27fe",
            "document_name": "0001193125-23-236173.hdr.sgml",
            "error": "",
            "source_url": "https://www.sec.gov/Archives/edgar/data/1048286/000119312523236173/0001193125-23-236173.hdr.sgml",
            "status_code": "200"
          },
          {
            "content_sha256": "96afe0f38e8c2ad99aa3cff24569a4abac93fafc491ad34466d0ad439e63a3ae",
            "document_name": "d518093d8k.htm",
            "error": "",
            "source_url": "https://www.sec.gov/Archives/edgar/data/1048286/000119312523236173/d518093d8k.htm",
            "status_code": "200"
          },
          {
            "content_sha256": "e3fd356a71b6e84e6d28d07c7fb9e02343e57b468d6410fdb1fa947607c4845c",
            "document_name": "0001193125-24-042833.hdr.sgml",
            "error": "",
            "source_url": "https://www.sec.gov/Archives/edgar/data/1048286/000119312524042833/0001193125-24-042833.hdr.sgml",
            "status_code": "200"
          },
          {
            "content_sha256": "f7c0a008dda88caabeced4f2a6847bc909370d2bc7a7955be61b2a084b448754",
            "document_name": "d765486d8k.htm",
            "error": "",
            "source_url": "https://www.sec.gov/Archives/edgar/data/1048286/000119312524042833/d765486d8k.htm",
            "status_code": "200"
          },
          {
            "content_sha256": "b8bf079ca40e810882765ddb62abe8d901519ffd194105643f5e416c57753894",
            "document_name": "0001193125-24-139064.hdr.sgml",
            "error": "",
            "source_url": "https://www.sec.gov/Archives/edgar/data/1048286/000119312524139064/0001193125-24-139064.hdr.sgml",
            "status_code": "200"
          },
          {
            "content_sha256": "f446306effa1e2c40bcf81dad276d3e98490f9ea6675acda2d13cde1a9bbfa80",
            "document_name": "d835359d8k.htm",
            "error": "",
            "source_url": "https://www.sec.gov/Archives/edgar/data/1048286/000119312524139064/d835359d8k.htm",
            "status_code": "200"
          },
          {
            "content_sha256": "87745447436563a2c167ffa1bf28fccc2075cb7cfcacde64b9479d368ababe85",
            "document_name": "0001193125-24-198910.hdr.sgml",
            "error": "",
            "source_url": "https://www.sec.gov/Archives/edgar/data/1048286/000119312524198910/0001193125-24-198910.hdr.sgml",
            "status_code": "200"
          },
          {
            "content_sha256": "9d1df8ed5910b7776ac10409acd645d88401c8c795a8d617e30144201de7d8ec",
            "document_name": "d636446d8k.htm",
            "error": "",
            "source_url": "https://www.sec.gov/Archives/edgar/data/1048286/000119312524198910/d636446d8k.htm",
            "status_code": "200"
          },
          {
            "content_sha256": "0b7fcc3b211556d4e1426e93c53dc37170a505bdcc8ad1309de1fc9690b2e9f7",
            "document_name": "0001193125-25-009110.hdr.sgml",
            "error": "",
            "source_url": "https://www.sec.gov/Archives/edgar/data/1048286/000119312525009110/0001193125-25-009110.hdr.sgml",
            "status_code": "200"
          },
          {
            "content_sha256": "bf87fec25bfd743d96b1624a36836e7c384ccd98b5aec5d12c8cda5fa95814f1",
            "document_name": "d890503d8k.htm",
            "error": "",
            "source_url": "https://www.sec.gov/Archives/edgar/data/1048286/000119312525009110/d890503d8k.htm",
            "status_code": "200"
          },
          {
            "content_sha256": "5b1ea9e16b1b97fb83873f648e991a654d4362e2b0751a82bb7ca94545177f7d",
            "document_name": "0001193125-25-036732.hdr.sgml",
            "error": "",
            "source_url": "https://www.sec.gov/Archives/edgar/data/1048286/000119312525036732/0001193125-25-036732.hdr.sgml",
            "status_code": "200"
          },
          {
            "content_sha256": "7db2b5693b4986de1da579c85126ff60d02500ff7466d2a2c482d289bfbadb5e",
            "document_name": "d927802d8k.htm",
            "error": "",
            "source_url": "https://www.sec.gov/Archives/edgar/data/1048286/000119312525036732/d927802d8k.htm",
            "status_code": "200"
          },
          {
            "content_sha256": "8c67669ade683e3325ec92076dbc2c6bba0a3a88b2bed1e9aa0389e079c99177",
            "document_name": "0001193125-25-118853.hdr.sgml",
            "error": "",
            "source_url": "https://www.sec.gov/Archives/edgar/data/1048286/000119312525118853/0001193125-25-118853.hdr.sgml",
            "status_code": "200"
          },
          {
            "content_sha256": "6779455e40834ac04711b927fc97f2da37df38e8cf017beddd3e35079bad9998",
            "document_name": "d888404d8k.htm",
            "error": "",
            "source_url": "https://www.sec.gov/Archives/edgar/data/1048286/000119312525118853/d888404d8k.htm",
            "status_code": "200"
          },
          {
            "content_sha256": "dceca997691cdbc0425a03c514b044a38d87b93062797c344b7e5dd45dd78602",
            "document_name": "0001193125-25-118861.hdr.sgml",
            "error": "",
            "source_url": "https://www.sec.gov/Archives/edgar/data/1048286/000119312525118861/0001193125-25-118861.hdr.sgml",
            "status_code": "200"
          },
          {
            "content_sha256": "633d2183a1e9cca6325b1fa7c07e6e21fcbf7fff61d7478c9e439cb23c778206",
            "document_name": "d935320d8ka.htm",
            "error": "",
            "source_url": "https://www.sec.gov/Archives/edgar/data/1048286/000119312525118861/d935320d8ka.htm",
            "status_code": "200"
          },
          {
            "content_sha256": "12606dfc17776def4d014b710c69365107ba57352ff38843233a631bba6bef4e",
            "document_name": "0001193125-25-158742.hdr.sgml",
            "error": "",
            "source_url": "https://www.sec.gov/Archives/edgar/data/1048286/000119312525158742/0001193125-25-158742.hdr.sgml",
            "status_code": "200"
          },
          {
            "content_sha256": "928bdbc0e8ce83bd5b0de7811956adade802f82cd49556eb2be6d936d68bcb7c",
            "document_name": "d858138d8k.htm",
            "error": "",
            "source_url": "https://www.sec.gov/Archives/edgar/data/1048286/000119312525158742/d858138d8k.htm",
            "status_code": "200"
          },
          {
            "content_sha256": "6b75de95cabe026c29bf30a19e7f03309d9021f9fb182e407b8fd455828fc152",
            "document_name": "0001193125-25-184082.hdr.sgml",
            "error": "",
            "source_url": "https://www.sec.gov/Archives/edgar/data/1048286/000119312525184082/0001193125-25-184082.hdr.sgml",
            "status_code": "200"
          },
          {
            "content_sha256": "3695c0469ad4abe8fd9243dbd6c4df63d5976c5fb1313f22bdbdd6bd7cca3cb4",
            "document_name": "d52476d8k.htm",
            "error": "",
            "source_url": "https://www.sec.gov/Archives/edgar/data/1048286/000119312525184082/d52476d8k.htm",
            "status_code": "200"
          },
          {
            "content_sha256": "46945952548cc8389d6554f199e4cd458670f7903b2872b1583158ea60990734",
            "document_name": "0001628280-21-002419.hdr.sgml",
            "error": "",
            "source_url": "https://www.sec.gov/Archives/edgar/data/1048286/000162828021002419/0001628280-21-002419.hdr.sgml",
            "status_code": "200"
          },
          {
            "content_sha256": "6b85f5e1ff3cd2d57424015509ab15f8781725c2f79d01310a8fca02d6968099",
            "document_name": "mar-20210218.htm",
            "error": "",
            "source_url": "https://www.sec.gov/Archives/edgar/data/1048286/000162828021002419/mar-20210218.htm",
            "status_code": "200"
          },
          {
            "content_sha256": "e74a10366996c7764e8f77cf6b253919e58385754dd1acddd8d6af7b4058572b",
            "document_name": "index.json",
            "error": "",
            "source_url": "https://www.sec.gov/Archives/edgar/data/1048286/000162828021002433/index.json",
            "status_code": "200"
          },
          {
            "content_sha256": "3b4e35ef3b9aacae886c270b2f76bc98ae42184e2e8bdaef8a7252d9ca11c00d",
            "document_name": "mar-20201231.htm",
            "error": "",
            "source_url": "https://www.sec.gov/Archives/edgar/data/1048286/000162828021002433/mar-20201231.htm",
            "status_code": "200"
          },
          {
            "content_sha256": "b590e6fc28599a280b25c560b085032bc6afb1b78d7060d7266fad6749b90b9d",
            "document_name": "mar-20201231_htm.xml",
            "error": "",
            "source_url": "https://www.sec.gov/Archives/edgar/data/1048286/000162828021002433/mar-20201231_htm.xml",
            "status_code": "200"
          },
          {
            "content_sha256": "f2e4c0da633f6d867a39975c007356c4f985dba384ee0c05f4aa6346298b4245",
            "document_name": "0001628280-21-004738.hdr.sgml",
            "error": "",
            "source_url": "https://www.sec.gov/Archives/edgar/data/1048286/000162828021004738/0001628280-21-004738.hdr.sgml",
            "status_code": "200"
          },
          {
            "content_sha256": "d9611dad1c7cbc53a6132e72755833b53dd887e40833f0b8e268a56e92bc5961",
            "document_name": "mar-20210312.htm",
            "error": "",
            "source_url": "https://www.sec.gov/Archives/edgar/data/1048286/000162828021004738/mar-20210312.htm",
            "status_code": "200"
          },
          {
            "content_sha256": "30e5f8a150a767115a282e3f326c19851926cfa73f66dee834333b298ddd58ba",
            "document_name": "index.json",
            "error": "",
            "source_url": "https://www.sec.gov/Archives/edgar/data/1048286/000162828021006440/index.json",
            "status_code": "200"
          },
          {
            "content_sha256": "f37221e249636c8a17667b412e7ddf0a038f7d5d6998af7c95c28de654ce2281",
            "document_name": "mar-20201231.htm",
            "error": "",
            "source_url": "https://www.sec.gov/Archives/edgar/data/1048286/000162828021006440/mar-20201231.htm",
            "status_code": "200"
          },
          {
            "content_sha256": "f2785c89a9901e2468064e71e4811e33bfbbf91599727c214b21d08d0cad6dee",
            "document_name": "mar-20201231_htm.xml",
            "error": "",
            "source_url": "https://www.sec.gov/Archives/edgar/data/1048286/000162828021006440/mar-20201231_htm.xml",
            "status_code": "200"
          },
          {
            "content_sha256": "32404b049dc7bcc180b7baac3401ca38706182e112bbcd5385afc8f3110941f4",
            "document_name": "0001628280-21-009580.hdr.sgml",
            "error": "",
            "source_url": "https://www.sec.gov/Archives/edgar/data/1048286/000162828021009580/0001628280-21-009580.hdr.sgml",
            "status_code": "200"
          },
          {
            "content_sha256": "ab5eb50d5b5726f3344b8308cacfb3ece455c95c53456dbabeb4a99109cdf29f",
            "document_name": "mar-20210510.htm",
            "error": "",
            "source_url": "https://www.sec.gov/Archives/edgar/data/1048286/000162828021009580/mar-20210510.htm",
            "status_code": "200"
          },
          {
            "content_sha256": "9a0eee27b82c14d4135467640f1ef7f08b9259e3da2a97d9c5f947d83f2b3ceb",
            "document_name": "0001628280-21-009942.hdr.sgml",
            "error": "",
            "source_url": "https://www.sec.gov/Archives/edgar/data/1048286/000162828021009942/0001628280-21-009942.hdr.sgml",
            "status_code": "200"
          },
          {
            "content_sha256": "e82a71951c4cff9e9718c0aa63aa00b32553130bf6d08b72f9a4236416885e17",
            "document_name": "mar-20210507.htm",
            "error": "",
            "source_url": "https://www.sec.gov/Archives/edgar/data/1048286/000162828021009942/mar-20210507.htm",
            "status_code": "200"
          },
          {
            "content_sha256": "a5b2b22a5f68c13b71688fdebf1474e50f405a7c38e9ec2012a7580b424ae845",
            "document_name": "0001628280-21-015244.hdr.sgml",
            "error": "",
            "source_url": "https://www.sec.gov/Archives/edgar/data/1048286/000162828021015244/0001628280-21-015244.hdr.sgml",
            "status_code": "200"
          },
          {
            "content_sha256": "6fad8e3e3eb837cf2325fa4bdaf0d78aaebc968ebddb02524c580aabfa89cdcc",
            "document_name": "mar-20210803.htm",
            "error": "",
            "source_url": "https://www.sec.gov/Archives/edgar/data/1048286/000162828021015244/mar-20210803.htm",
            "status_code": "200"
          },
          {
            "content_sha256": "03eed2b2fd241cc6b94ca82e1cd8a6dc451c6893ec077273cea9612d03684ceb",
            "document_name": "0001628280-21-021312.hdr.sgml",
            "error": "",
            "source_url": "https://www.sec.gov/Archives/edgar/data/1048286/000162828021021312/0001628280-21-021312.hdr.sgml",
            "status_code": "200"
          },
          {
            "content_sha256": "a60e7aeb067fbf25673213ce8507faa25c81d8ab2b0d51a0529b5c8dc5413584",
            "document_name": "mar-20211103.htm",
            "error": "",
            "source_url": "https://www.sec.gov/Archives/edgar/data/1048286/000162828021021312/mar-20211103.htm",
            "status_code": "200"
          },
          {
            "content_sha256": "5b1988db5bbb675284bfe5ba5635bb0635c4fc8b29c3d8af76cfa76c17199131",
            "document_name": "0001628280-22-002652.hdr.sgml",
            "error": "",
            "source_url": "https://www.sec.gov/Archives/edgar/data/1048286/000162828022002652/0001628280-22-002652.hdr.sgml",
            "status_code": "200"
          },
          {
            "content_sha256": "1422ae38bccff4a315c3f10995755ba9a75cbd9d1c0e411c42fb13176cc4092e",
            "document_name": "mar-20220215.htm",
            "error": "",
            "source_url": "https://www.sec.gov/Archives/edgar/data/1048286/000162828022002652/mar-20220215.htm",
            "status_code": "200"
          },
          {
            "content_sha256": "c8e2e4de82f9e914d106f02a8ba43a40f9763e9e74257e4aa67a1a57aa6042e3",
            "document_name": "index.json",
            "error": "",
            "source_url": "https://www.sec.gov/Archives/edgar/data/1048286/000162828022002666/index.json",
            "status_code": "200"
          },
          {
            "content_sha256": "54effe78b84966cd0793dcb23b8db4ad30b0614ea3d42074f3ece89adebe8bf5",
            "document_name": "mar-20211231.htm",
            "error": "",
            "source_url": "https://www.sec.gov/Archives/edgar/data/1048286/000162828022002666/mar-20211231.htm",
            "status_code": "200"
          },
          {
            "content_sha256": "abf783d13925617bea760f5b83f17af9aece94f440a21fe158d02d156d19bd2b",
            "document_name": "mar-20211231_htm.xml",
            "error": "",
            "source_url": "https://www.sec.gov/Archives/edgar/data/1048286/000162828022002666/mar-20211231_htm.xml",
            "status_code": "200"
          },
          {
            "content_sha256": "8391a2f4f06b9c7951d0c691849705d09859995eace6ac47ac424e02877b83bd",
            "document_name": "0001628280-22-012143.hdr.sgml",
            "error": "",
            "source_url": "https://www.sec.gov/Archives/edgar/data/1048286/000162828022012143/0001628280-22-012143.hdr.sgml",
            "status_code": "200"
          },
          {
            "content_sha256": "52f53bf510a5d54ef584b2b6ce722d3344bcd84c80c50525ee68af3f0d22ca97",
            "document_name": "mar-20220504.htm",
            "error": "",
            "source_url": "https://www.sec.gov/Archives/edgar/data/1048286/000162828022012143/mar-20220504.htm",
            "status_code": "200"
          },
          {
            "content_sha256": "61378923f287836e2560116668da088f74c87d92acc4749ac184eddeaa659cca",
            "document_name": "0001628280-22-013845.hdr.sgml",
            "error": "",
            "source_url": "https://www.sec.gov/Archives/edgar/data/1048286/000162828022013845/0001628280-22-013845.hdr.sgml",
            "status_code": "200"
          },
          {
            "content_sha256": "30362eec40bda5f6e08acad14f44a93e637427da27c1845120ccd98e1d3e3a35",
            "document_name": "mar-20220506.htm",
            "error": "",
            "source_url": "https://www.sec.gov/Archives/edgar/data/1048286/000162828022013845/mar-20220506.htm",
            "status_code": "200"
          },
          {
            "content_sha256": "95820c9f85308ed25d582e4cd6de4f2c938233e78554b13cf6e9d3f6e490a590",
            "document_name": "0001628280-22-020030.hdr.sgml",
            "error": "",
            "source_url": "https://www.sec.gov/Archives/edgar/data/1048286/000162828022020030/0001628280-22-020030.hdr.sgml",
            "status_code": "200"
          },
          {
            "content_sha256": "10db2cf8889777d0a50817dba745e985aa4394c74fab1d461b6796c08093e2d0",
            "document_name": "mar-20220802.htm",
            "error": "",
            "source_url": "https://www.sec.gov/Archives/edgar/data/1048286/000162828022020030/mar-20220802.htm",
            "status_code": "200"
          },
          {
            "content_sha256": "6babbbfb2d1abf74e9bf2208845a4f7b58f363d1c2110af3ab2d5653495765aa",
            "document_name": "0001628280-22-027939.hdr.sgml",
            "error": "",
            "source_url": "https://www.sec.gov/Archives/edgar/data/1048286/000162828022027939/0001628280-22-027939.hdr.sgml",
            "status_code": "200"
          },
          {
            "content_sha256": "8785d8db5c68aec31db79fc8606297cff02ba9936a4e0509ddbb2773f4ef51b3",
            "document_name": "mar-20221103.htm",
            "error": "",
            "source_url": "https://www.sec.gov/Archives/edgar/data/1048286/000162828022027939/mar-20221103.htm",
            "status_code": "200"
          },
          {
            "content_sha256": "00cc6b1b73a269d35a4c4c3af55a58d8b02997d5e5b2b8a97d4181cf103c1e66",
            "document_name": "0001628280-23-003441.hdr.sgml",
            "error": "",
            "source_url": "https://www.sec.gov/Archives/edgar/data/1048286/000162828023003441/0001628280-23-003441.hdr.sgml",
            "status_code": "200"
          },
          {
            "content_sha256": "58e172d6f89ffc2b0593410147715db7c1efeb10cd03c3d7e1f2966b4b4c0f73",
            "document_name": "mar-20230210.htm",
            "error": "",
            "source_url": "https://www.sec.gov/Archives/edgar/data/1048286/000162828023003441/mar-20230210.htm",
            "status_code": "200"
          },
          {
            "content_sha256": "bd2328e2ca6a30318a119409400418c0ec9ce256cb9edf4ee15d6e12b57a4b6d",
            "document_name": "index.json",
            "error": "",
            "source_url": "https://www.sec.gov/Archives/edgar/data/1048286/000162828023003485/index.json",
            "status_code": "200"
          },
          {
            "content_sha256": "c041a0501c788a5cc6bb2e6155e6ea345834e1baca2d6165d6d7af22e1b5e95d",
            "document_name": "mar-20221231.htm",
            "error": "",
            "source_url": "https://www.sec.gov/Archives/edgar/data/1048286/000162828023003485/mar-20221231.htm",
            "status_code": "200"
          },
          {
            "content_sha256": "03a39943bc3a454e90bc7bcb2af2cf54e49c0cf5095debbccbc52bd848b3e5ac",
            "document_name": "mar-20221231_htm.xml",
            "error": "",
            "source_url": "https://www.sec.gov/Archives/edgar/data/1048286/000162828023003485/mar-20221231_htm.xml",
            "status_code": "200"
          },
          {
            "content_sha256": "af56b678db8f62b1a81209bb1bc3ba0c1f8db47725722f313ba1506f28694a3c",
            "document_name": "0001628280-23-014748.hdr.sgml",
            "error": "",
            "source_url": "https://www.sec.gov/Archives/edgar/data/1048286/000162828023014748/0001628280-23-014748.hdr.sgml",
            "status_code": "200"
          },
          {
            "content_sha256": "8082f817e5471ab368c2fc99481bf30e35dc0c4d3d4212c38231fa4aff1f8230",
            "document_name": "mar-20230502.htm",
            "error": "",
            "source_url": "https://www.sec.gov/Archives/edgar/data/1048286/000162828023014748/mar-20230502.htm",
            "status_code": "200"
          },
          {
            "content_sha256": "30f85727fbed46b27b8c9db821c31a5e785225bab8e3ec5148116a3153959843",
            "document_name": "0001628280-23-026343.hdr.sgml",
            "error": "",
            "source_url": "https://www.sec.gov/Archives/edgar/data/1048286/000162828023026343/0001628280-23-026343.hdr.sgml",
            "status_code": "200"
          },
          {
            "content_sha256": "45b6513e564cf1b2d27ddfd722193f0d210e6be54df466a5189abc7a5533a66d",
            "document_name": "mar-20230801.htm",
            "error": "",
            "source_url": "https://www.sec.gov/Archives/edgar/data/1048286/000162828023026343/mar-20230801.htm",
            "status_code": "200"
          },
          {
            "content_sha256": "ab573fe40eefdb0a97f10700b7b1ad5057ad5b59b35de0b129dbd637f3341ed0",
            "document_name": "0001628280-23-033068.hdr.sgml",
            "error": "",
            "source_url": "https://www.sec.gov/Archives/edgar/data/1048286/000162828023033068/0001628280-23-033068.hdr.sgml",
            "status_code": "200"
          },
          {
            "content_sha256": "c69344b3d3b531719e940e3d844a694085c5b272f7f88a946d4111f938773ed6",
            "document_name": "mar-20230927.htm",
            "error": "",
            "source_url": "https://www.sec.gov/Archives/edgar/data/1048286/000162828023033068/mar-20230927.htm",
            "status_code": "200"
          },
          {
            "content_sha256": "25b5dbf1178fe2e46879da18043718b7b58a2d003150f4cea2279efcc49fc34a",
            "document_name": "0001628280-23-036166.hdr.sgml",
            "error": "",
            "source_url": "https://www.sec.gov/Archives/edgar/data/1048286/000162828023036166/0001628280-23-036166.hdr.sgml",
            "status_code": "200"
          },
          {
            "content_sha256": "2a6a8231363a17f0b601da04a199d3fa0ccfae5dbc6ebd43e6113d715a94e8f8",
            "document_name": "mar-20231102.htm",
            "error": "",
            "source_url": "https://www.sec.gov/Archives/edgar/data/1048286/000162828023036166/mar-20231102.htm",
            "status_code": "200"
          },
          {
            "content_sha256": "aaac4df944d36c9e56cdd18f6ffe6de04a15657620bf299f8aaca00188b22ea5",
            "document_name": "0001628280-24-004335.hdr.sgml",
            "error": "",
            "source_url": "https://www.sec.gov/Archives/edgar/data/1048286/000162828024004335/0001628280-24-004335.hdr.sgml",
            "status_code": "200"
          },
          {
            "content_sha256": "11ade6ff1d949472856a1a4ab0a5ae2a5640ba51fe5361bc9b09c89b90ee3957",
            "document_name": "mar-20240213.htm",
            "error": "",
            "source_url": "https://www.sec.gov/Archives/edgar/data/1048286/000162828024004335/mar-20240213.htm",
            "status_code": "200"
          },
          {
            "content_sha256": "f18d4a16f16c5c3861c9b54943a63cad29a9dfed3fe95a4340eedce50c63a518",
            "document_name": "index.json",
            "error": "",
            "source_url": "https://www.sec.gov/Archives/edgar/data/1048286/000162828024004372/index.json",
            "status_code": "200"
          },
          {
            "content_sha256": "3e59d9a02dea905a6abcd375b111d2d3113c784561aefcec3a2d36bf16e1ae17",
            "document_name": "mar-20231231.htm",
            "error": "",
            "source_url": "https://www.sec.gov/Archives/edgar/data/1048286/000162828024004372/mar-20231231.htm",
            "status_code": "200"
          },
          {
            "content_sha256": "096989bd096ca777513f287244373004e7378029515483ba3f701c040cbc2a6f",
            "document_name": "mar-20231231_htm.xml",
            "error": "",
            "source_url": "https://www.sec.gov/Archives/edgar/data/1048286/000162828024004372/mar-20231231_htm.xml",
            "status_code": "200"
          },
          {
            "content_sha256": "3f7216255a6b5cfe3f86c8279317f82cb2aae1f2b09a9619ea67ec0f7fe08c5d",
            "document_name": "0001628280-24-019458.hdr.sgml",
            "error": "",
            "source_url": "https://www.sec.gov/Archives/edgar/data/1048286/000162828024019458/0001628280-24-019458.hdr.sgml",
            "status_code": "200"
          },
          {
            "content_sha256": "f341845e215141931dc90784b68029990cc476a6e536b50848e7c9dca2391add",
            "document_name": "mar-20240501.htm",
            "error": "",
            "source_url": "https://www.sec.gov/Archives/edgar/data/1048286/000162828024019458/mar-20240501.htm",
            "status_code": "200"
          },
          {
            "content_sha256": "29dbc2a3456f283a9ff29b532e05d51631867f1bb44bf3612fac02d8f1e64b92",
            "document_name": "0001628280-24-033622.hdr.sgml",
            "error": "",
            "source_url": "https://www.sec.gov/Archives/edgar/data/1048286/000162828024033622/0001628280-24-033622.hdr.sgml",
            "status_code": "200"
          },
          {
            "content_sha256": "0b73a2ec2d71f17dda4448ce8991117fe88a1a0693f05739e8712fded2e73ad7",
            "document_name": "mar-20240731.htm",
            "error": "",
            "source_url": "https://www.sec.gov/Archives/edgar/data/1048286/000162828024033622/mar-20240731.htm",
            "status_code": "200"
          },
          {
            "content_sha256": "1786b36a5e74faf58effc60ba6758d080131f80482e8f7e1bd777650bfa2bc5f",
            "document_name": "0001628280-24-037852.hdr.sgml",
            "error": "",
            "source_url": "https://www.sec.gov/Archives/edgar/data/1048286/000162828024037852/0001628280-24-037852.hdr.sgml",
            "status_code": "200"
          },
          {
            "content_sha256": "528bfef8ea1fdc1d68cdab28a4a0d8e08c0db61a0cadf34b169aff5a3afb7e2e",
            "document_name": "mar-20240819.htm",
            "error": "",
            "source_url": "https://www.sec.gov/Archives/edgar/data/1048286/000162828024037852/mar-20240819.htm",
            "status_code": "200"
          },
          {
            "content_sha256": "a70767e5cc7a7ce242f87f9051a0c801016d12a4b4341b41fa4a1e744716f880",
            "document_name": "0001628280-24-044831.hdr.sgml",
            "error": "",
            "source_url": "https://www.sec.gov/Archives/edgar/data/1048286/000162828024044831/0001628280-24-044831.hdr.sgml",
            "status_code": "200"
          },
          {
            "content_sha256": "3dcc91d64130d0487b0dd776ecdeda1204a9e11f3d739faa628faaad0c1877cb",
            "document_name": "mar-20241104.htm",
            "error": "",
            "source_url": "https://www.sec.gov/Archives/edgar/data/1048286/000162828024044831/mar-20241104.htm",
            "status_code": "200"
          },
          {
            "content_sha256": "4e94fd03f5e3cb69234b4f7f3983fcf702a37ffb3445d29cd0d3ffaf220b2aff",
            "document_name": "0001628280-25-004772.hdr.sgml",
            "error": "",
            "source_url": "https://www.sec.gov/Archives/edgar/data/1048286/000162828025004772/0001628280-25-004772.hdr.sgml",
            "status_code": "200"
          },
          {
            "content_sha256": "cde6d9fac69fa87cc232f3e56f991ea1fb6637b98f6a8595e6e60c5d95945d2d",
            "document_name": "mar-20250211.htm",
            "error": "",
            "source_url": "https://www.sec.gov/Archives/edgar/data/1048286/000162828025004772/mar-20250211.htm",
            "status_code": "200"
          },
          {
            "content_sha256": "9bd1132e98da300604df61534c0fada12fc9f6a57be30aefa6b6d47a00b26c7d",
            "document_name": "index.json",
            "error": "",
            "source_url": "https://www.sec.gov/Archives/edgar/data/1048286/000162828025004818/index.json",
            "status_code": "200"
          },
          {
            "content_sha256": "32a365d594e905c7b4fa8dac8efa501c9ca4ffeabe2579baf8e96bd52e08b131",
            "document_name": "mar-20241231.htm",
            "error": "",
            "source_url": "https://www.sec.gov/Archives/edgar/data/1048286/000162828025004818/mar-20241231.htm",
            "status_code": "200"
          },
          {
            "content_sha256": "86079986e69065c1c561543f263ba9d1ca2d41fda7ad3cf027be5a855848bbca",
            "document_name": "mar-20241231_htm.xml",
            "error": "",
            "source_url": "https://www.sec.gov/Archives/edgar/data/1048286/000162828025004818/mar-20241231_htm.xml",
            "status_code": "200"
          },
          {
            "content_sha256": "33c79bd1b02375176040dde689e87ac5dc1fc731b97781972c6718697dc45063",
            "document_name": "0001628280-25-022390.hdr.sgml",
            "error": "",
            "source_url": "https://www.sec.gov/Archives/edgar/data/1048286/000162828025022390/0001628280-25-022390.hdr.sgml",
            "status_code": "200"
          },
          {
            "content_sha256": "e7d86dff6f2b681b9adb33d54e454fa00093e86557f5204f926e64b03bad8311",
            "document_name": "mar-20250506.htm",
            "error": "",
            "source_url": "https://www.sec.gov/Archives/edgar/data/1048286/000162828025022390/mar-20250506.htm",
            "status_code": "200"
          },
          {
            "content_sha256": "9c277c824dbe666f4e8ce126dd384f2e7db10f387e0e3e236528915755b29e81",
            "document_name": "0001628280-25-037592.hdr.sgml",
            "error": "",
            "source_url": "https://www.sec.gov/Archives/edgar/data/1048286/000162828025037592/0001628280-25-037592.hdr.sgml",
            "status_code": "200"
          },
          {
            "content_sha256": "8a305a1d91f7844d9b33127953592cb4a2df1f96ea849c17b3c977b310281be4",
            "document_name": "mar-20250805.htm",
            "error": "",
            "source_url": "https://www.sec.gov/Archives/edgar/data/1048286/000162828025037592/mar-20250805.htm",
            "status_code": "200"
          }
        ],
        "version": "1b456257675d4df3a5cc44f3e6e3d2cb"
      },
      "new_calls": {
        "provider": 0,
        "paid": 0,
        "sec": 0
      },
      "production_authorized": false,
      "requested_fiscal_year": 2025,
      "defect_holds": [],
      "read_result_id": "sha256:7d9fa3c8ac95b52aee2d9661961c45891240fdc69a233edbcdb061b106dd3e5d",
      "record_root": "/Users/lyuhongwang/.local/state/sec_metrics/issue47-development-evidence/historical-events-1791533683465988000/state/updates/E04/periods/FY2025/results/1b456257675d4df3a5cc44f3e6e3d2cb",
      "program_version": {
        "commit": "1103806f485b442329f7984e8bbef9c0efac16a5",
        "has_uncommitted_changes": true
      }
    },
    {
      "metric_id": "E05",
      "status": "INPUT_OR_EXECUTION_FAILED",
      "attempt_id": "aef2fe8171be468bb50bf46a24dc6131",
      "error_type": "BatchWorkflowError",
      "reason": "Exact SEC response has ambiguous legacy ledger attempts",
      "previous_result": {
        "company_id": "marriott_international",
        "configuration": {
          "case_producer": {
            "module": "vnext.historical_event_cases",
            "name": "prepare_historical_event_year_case",
            "sha256": "22a2039050297ba5ddfd871d3fb1379c5131558ef7d032629ff4801d29109370"
          },
          "company_id": "marriott_international",
          "declared_processing_files": {
            "catalog/event_routes.json": "863746896a4a54da1cc84cc7385e90e58e01d8e5df076d8df14e90f1bf71672a",
            "catalog/zero_ai_public_projection.json": "dffbbf944488d1865c7b858504c4bc519e3e4210e15a159afefaba68287c0db5",
            "config/annual_amendment_scope_v1.json": "ed7c8d776c47b08a5238d41d250fa7d4712994f2df34148383040e2435a93202",
            "config/normal_fiscal_year_labels_v1.json": "fde417632520d90046818fd31046615b6ea3b3df9cfdf5a1a527e38deea7bd87",
            "config/normal_period_selection_v1.json": "6fd86440f7b62680e7ce2fa66de9f79b900f6a2b53fc8300aee590834967ab72",
            "scripts/vnext/annual_amendment_scope.py": "19ccf11107319a3bffc809339b6fa4380e0165877b7fa469cfcf042303827d4f",
            "scripts/vnext/deterministic_router.py": "1e5d71233fbfda516bdbefbc2c50ce36dd4f780ab515b26fbfbb69ece825f1c5",
            "scripts/vnext/historical_amendment_admission.py": "351864f3de47fcacf52a03db7166d8713dfe7d1048ba3b94bd867d9beb5d3589",
            "scripts/vnext/historical_amendment_note.py": "6c7457ba53143a251353d2bcdec944da5d5d6d6ba173db597ea046e54158237a",
            "scripts/vnext/historical_annual_input.py": "d1ae23acc349f3866298686ca2030186d43d0ed2982fb0fba77bb603d1877ad2",
            "scripts/vnext/historical_dei.py": "fee53b0280dce1c3746055535f15fb01e9824b672c7abcece369c58f40a08080",
            "scripts/vnext/historical_event_cases.py": "22a2039050297ba5ddfd871d3fb1379c5131558ef7d032629ff4801d29109370",
            "scripts/vnext/historical_event_walk.py": "ce2d9ffbe5c304713a960933b8bc54035866739a2ec2b175fba14ca072163dd6",
            "scripts/vnext/historical_fiscal_labels.py": "ae65c584f83ff1a10ddbaaf4e8ed00ed96bf96425a2ed51e79c0901b451b8c64",
            "scripts/vnext/normal_annual_input.py": "e2c19badfab9c7524fd99cc54429ea23b0d9cc7e983111d5fd355fce6e6710cc",
            "scripts/vnext/normal_governance_input.py": "e6b4e3f2b5e80ac4fa63346e56faab4ab249443de3eb3f37fccf8ee30af3e8d4",
            "scripts/vnext/normal_history_catalog.py": "dfca9ac9ee1907d7b5ddc1ec98b682a0fc8d0792c4c2c0a8fd0fcd89fde1f2c3",
            "scripts/vnext/normal_period_selection.py": "5e1599e7aab56738c86ef713c74a95e3b71308737012860f97c0c8ca8de67dd5",
            "scripts/vnext/normal_zero_ai_results.py": "2c3a5d2c8b753e9c868746434e79b509e587c6bb6b2cc999112d33ca50a2fa9e",
            "scripts/vnext/public_projection.py": "3157fc026a9072245fbdf57eaf09d679ea8f749f3b2166595afd4ccff4fbd445",
            "scripts/vnext/zero_ai_r2.py": "ca293a47efd713ed3a9af7d271cb1677f0795200df0e7bf30476d9384dbe7195"
          },
          "metric_id": "E05",
          "processing_files": {
            "catalog/company_traits.yaml": "1d91efe5b5b1d5886953b095f82f641f7cfe8fccc60af5d9b16c8541b22db31b",
            "catalog/metrics/B01_revenue.md": "5942066d0fd57870d437a6619de72393532b10d48d4098f10cd39307622e3520",
            "catalog/metrics/B03_ebitda_margin.md": "2705cc20f3e7dbd6a5cbb46bb051b2a16e3037d391856878c3ea74b4441a3608",
            "catalog/ordinary_zero_ai/A01.md": "28a9500d338076c8db139e48ee543f24729e023d51f047fc37411dbcd252bac9",
            "catalog/ordinary_zero_ai/A02.md": "ddd3c0acb7873e492adfef41be88dc18925d1312237f2f8e0dc72a52cfdd2484",
            "catalog/ordinary_zero_ai/A05.md": "b95ab808850de9674e5d3928e65ebc3865eb7ff5c11c9286be5e7a43eeb577ff",
            "catalog/ordinary_zero_ai/A06.md": "379326865c37fbcf2380f0e9d043dedd703ce1e215f946e4e56f8eea2b891431",
            "catalog/ordinary_zero_ai/A07.md": "cbbfdfce42575b6cec07c085f01244f0d426b3830c1a713f8f628e2a38ab48a2",
            "catalog/ordinary_zero_ai/A08.md": "c3f3ea804f3edcd74f0a0a8276fb14542231dce8ef010e0efb15a183adfb15a3",
            "catalog/ordinary_zero_ai/A10.md": "3cbe850063eb01df136b77e21bd66bbec46a597bcbb87dafb80890a7bedb2ed6",
            "catalog/ordinary_zero_ai/B02.md": "1969a00be4f76a8c2cfe511eb1be0dbfcd15ad974817e6ef0547f7bd5695052f",
            "catalog/ordinary_zero_ai/B04.md": "70cfd4a7d0df728efaa7d5c9491c1e47b8b7e6ac37e1b1836f41c5dcdefd02aa",
            "catalog/ordinary_zero_ai/B05.md": "8d0ddc9053814c208c8a626c269b4f6c321bcc51439c7a47582c8725d2130c73",
            "catalog/ordinary_zero_ai/B07.md": "de149472d37f3d1002cf72200ac24122a644cb09dfccdf681451909915a9396d",
            "catalog/ordinary_zero_ai/B08.md": "d88d7cf734138ca7503c3750c8433e5b2238283691e3b5a66db535f7534d1054",
            "catalog/ordinary_zero_ai/B09.md": "d9d4c54432b75f68cfeaad386778e8e851bff01cce78ef64fd505233c302b094",
            "catalog/ordinary_zero_ai/B12.md": "a38d16230e104ddffb7c4ba30bc4f9c35b178ae7159eaef7e17bd65f9bcacb41",
            "catalog/ordinary_zero_ai/C01.md": "c0a86fd5f8fa239a3eefcf6cc611633444d3da3c246f72ef21115ea3d8e1468e",
            "catalog/ordinary_zero_ai/E01.md": "2a2664da6b34735685526e494c06f529001a9861785805d159737b332ff0f312",
            "catalog/ordinary_zero_ai/E02.md": "b55656fba811a1d9eac57534d5b98be37a2e9b36767c070c6fb679acb3c2c747",
            "catalog/ordinary_zero_ai/E03.md": "2835c8f9ef3cab42616383ba679c82ee48f83bdd466fe32989fb1e9dd78658bc",
            "catalog/ordinary_zero_ai/E04.md": "04fa5d35c5cf4d11794f7472775eacdab7d9cee35e05231864076bceac4bf0c1",
            "catalog/ordinary_zero_ai/E05.md": "614b078680ef007ab5e5095c999249f8cdca9820cb19f3545a36f9965d83fbb1",
            "catalog/r5/B06_bond_leases_v5.md": "bdca47ee444dd39ff874ef4094c1d5fa7d20d875d0a03ac2e227e58de3c2a305",
            "catalog/r5/B06_inclusive_table_v6.md": "37252e0b414667b2f8b3026951203f9a14ab3b959767fc05c3cfa4f1f9c58220",
            "catalog/r5/B06_note_carrying_v4.md": "7958a21a738c3c46ba0532f0bc301ca8ddba782c3f88743fb706c7e4938f890e",
            "catalog/r6/B03_impairment_excluded_v1.md": "c7cd1b462271b3aa1c5766a997fbb968d8e168650e412f6973c6e1dffa2116c6",
            "catalog/r6/C02_board_composition_terms_v1.json": "979007765e3daa42b8923481293c0814d9c5566e45cd4eb39f7e458d7c93a905",
            "catalog/r6/C02_board_disclosures_v2.md": "ab5f4f9cf9bf1a238c0bd87abd4decf229a29708df946a8880339c46626d8302",
            "catalog/r6/C02_board_disclosures_v3.md": "2e8c97265bd378d7c26e451952d3ab7727a1aae4f29438f4ff66d3618c78b072",
            "catalog/r6/C02_board_disclosures_v4.md": "e30db70a8b3506263bccf5bd2f26883bc92a32cff60c19d51cf6047b7a6ed1d0",
            "catalog/r6/C02_board_disclosures_v5.md": "e42692700e864d2d170f0039d36a796a5b49f83372cdee367aa8cf6da85172a7",
            "catalog/r6/D02_item8_category_28_v1.json": "b861ac83823cd7b61e86ad12f3bbcdbd09cec18186d784f46fbfe4798068b0c8",
            "catalog/r6/D02_item8_category_28_v2.json": "b7f5783a58086eb1e9e9c8ade562294a00357af0fc718fed4dbe58cf4591152d",
            "config/annual_amendment_scope_v1.json": "ed7c8d776c47b08a5238d41d250fa7d4712994f2df34148383040e2435a93202",
            "config/b06_bond_debt_set_v1.json": "d488ea9f62247459cff27c9248cd1ebb6e31b870030a7e161e8547136676e024",
            "config/b06_bond_leases_v1.json": "eb8536c412bbcf4086a1994513f1766c2bee268f08d9835b6393b1c66f2b5f2c",
            "config/b06_current_input_v1.json": "c63d1cfd1bbd7499b0854e62b65005e6f1063715312ea39daeed74fc30f4c3fb",
            "config/b06_financing_inventory_v1.json": "27108acf1737de4b395b9df4f8080f94da02e7daec3a03740d20e13a19d4f7a0",
            "config/b06_inclusive_table_v1.json": "b16f9eb19a64847b70af94834f73d436f890f4f094a9fdb5aba1e1fec899a6f5",
            "config/b06_note_carrying_v1.json": "4b9d012fe19ae99e341f894cf7273596d762e01bbdf1673941db467fe152c5a1",
            "config/b06_special_scope_v1.json": "ffa15f36da77df45802d863d59b64673f04bc5febdbc101c237595be60d0080b",
            "config/company_registry.csv": "b4f903adb25fa90455a7cc97aa1089125e77947e08c7391dababd713eef95f4a",
            "config/instant_balance_amendment_v1.json": "50790b4f32651a2d93044d32b58aeace432d6dcde7fa9b42f599dbb05acb0892",
            "config/issue28_normal_results_v2.json": "bad2abbf377edd5fd881ddbd72084db60410bbcaa5026b44fde86e54f7339a4c",
            "config/metric_applicability.yaml": "09457bfa3170149f2e86af52d5013605f04c7b13ec4724792993660cc5dbcf94",
            "config/normal_accession_metrics_v1.json": "f0ebf62e04675b33cc9dba0a9d58e35e46fca1581ad50cbecce672e8b7e1deaa",
            "config/normal_fiscal_year_labels_v1.json": "fde417632520d90046818fd31046615b6ea3b3df9cfdf5a1a527e38deea7bd87",
            "config/ordinary_income_input_v1.json": "200dcc2b9c5eac2a00106f159403b4e61d8a260a69e0ebf2ffcf7cd776bbc5ad",
            "config/ordinary_public_projection_v1.json": "f88cb1224a778237e2ce237a5e1c68827b228d3595cc9cf628a8e1c035937bbd",
            "scripts/vnext/annual_amendment_scope.py": "19ccf11107319a3bffc809339b6fa4380e0165877b7fa469cfcf042303827d4f",
            "scripts/vnext/annual_input.py": "0fbeeefe91e11768c3b1838ef50698c865673b8a399c5679de5431446a53a1d7",
            "scripts/vnext/annual_sources.py": "df6c4156d25ea084fb808bfa308d4dd2ef25cc8f050e85bf152a30475a260643",
            "scripts/vnext/b03_depreciation_scope.py": "e213c201c3cf925a03dc0d2c8ae293dacd2c918459f4fbaba41136aea7738e28",
            "scripts/vnext/b03_exact_impairment_relation.py": "1f9e0ea642ccbd27f175400e7a0557d87915dfe28b55575ddfa4f38b94e4689b",
            "scripts/vnext/b03_impairment_adjusted_run.py": "db3114f9865db36cf0cf776d05738b38d6c45e42118f60e1175364ed7f100fb1",
            "scripts/vnext/b06_bond_leases.py": "d211352b8b8bf27a123236fdae8993f5996df03dfe5d7ceb447b6dc9feeca332",
            "scripts/vnext/b06_current_input.py": "edd4e846ebe220b955dcb1d7b359956f00f6d0130a7a6a56ac8e27bab612c22c",
            "scripts/vnext/b06_financing_inventory.py": "e0c3c86871127c46ebb4a3f68e6136b6bff6b4da7e000532d53bc3c6f71ab971",
            "scripts/vnext/b06_inclusive_table.py": "86737168913971dc62ad11123998dc1d0e538aa58116b4f2928dea55d38d1f57",
            "scripts/vnext/b06_note_carrying.py": "a3786d8838442e944a7a75c2e5e19cf7c8fc50eceb155eec3f68b81630695738",
            "scripts/vnext/c02_board_composition_28_v3.py": "498c2a10615ea657b76b5183ebedb9ea52dd2854ee5e8f7748f3609c09771d9d",
            "scripts/vnext/c02_board_composition_28_v4.py": "c08aba7cb5f9d985b5f40937d8c54c4d26843e803fd5eff8d53f845ed09506df",
            "scripts/vnext/c02_composition_text_results.py": "21cbfddc612af7385cb3c0b26f3088097e8a3a599d3fab3261a4cff140201790",
            "scripts/vnext/c02_grouped_source.py": "b49dff1eb083bca2f6902f8adf26c180b4996691f8aa0c04c34092322a221062",
            "scripts/vnext/calculator.py": "797424587429470d28e2f22b041f3df3ae959d4259507e9f93a9f692b4f13b9c",
            "scripts/vnext/canonical.py": "7eec279a9bf09150ba2ee5886b7ec6a43192c5299d91cceb1f04d510044462aa",
            "scripts/vnext/company_registry.py": "b33bc560a1e7750dd38eca9898e080b334feae3a4fde8628f75d1557f4b0d49a",
            "scripts/vnext/csv_output.py": "bded6023ee8177e61acf72892e0beed5839f128c1c5d33b4712b5431f263a7b3",
            "scripts/vnext/d01_emphasis_results.py": "e0d18e8584967185bebae0383365b4a94a775c0e9b8d6f7ef27020d001010f0a",
            "scripts/vnext/d01_emphasis_results_v3.py": "137b8b84661c5ba54152725124829ffb7b003928f94cf49ea74fcdf80df1ae7c",
            "scripts/vnext/d01_emphasis_source.py": "4916849e4449c0fc4e6720972e63e1d88194eeebc94b1fda1d9fa43a9dc9c233",
            "scripts/vnext/d01_running_header_28_v1.py": "535245b5c7e802a040a02fafb898652aea0a2c0cf696f1a4a868fa660aacd978",
            "scripts/vnext/d02_item8_category_28_v1.py": "8f1867a24cd5efe3ac72b3016cf128f383799f21919fc5804c7c26d206f574a3",
            "scripts/vnext/d02_item8_category_28_v2.py": "59b55bf1115cf3d4e4459f8c394e8eaaec854d051aa7cc2b9b1208cd0112e129",
            "scripts/vnext/d02_text_results_v3.py": "17e338951f441f4531a540212e48d1c2d69d23235267891130050435246e2e32",
            "scripts/vnext/deterministic_catalog.py": "6d9d9fde428289c1308e182f6eb62f1dad81e2aacde199a3b7b312f75e1bd2d9",
            "scripts/vnext/deterministic_router.py": "1e5d71233fbfda516bdbefbc2c50ce36dd4f780ab515b26fbfbb69ece825f1c5",
            "scripts/vnext/e01_header_document_guard_28_v1.py": "54502a58b3ef5775197fa114eb454234307067212bb81217214a45816b5042f7",
            "scripts/vnext/e01_header_document_guard_28_v2.py": "f4e9a1f7e705710e42fbec6d6eeb3a4fef6bff7162d3645fc36dcf08d587c764",
            "scripts/vnext/e01_item_text_28_v1.py": "6d55c88f53278ce2d6a5027965e7e787a306292d7978880cd1b66ff41d9001c7",
            "scripts/vnext/e01_item_text_28_v2.py": "5e01ab4c98d958464c789a3ce0613037c3344c5436d3ad815d7674f90e665397",
            "scripts/vnext/fiscal_year_labels.py": "b4c2c6d696604f6e313da83c7845bfa6dfe2ffae250de137dcaecf9633b93251",
            "scripts/vnext/governance_signals.py": "b5a81465be57ac332c595c61bd107d0e8da8e90bac5dd47a071c3576dcbce820",
            "scripts/vnext/historical_board_composition.py": "a514ceffd0855733222526e38c170840d789b07bcef5e82cda096b4942cf4158",
            "scripts/vnext/historical_board_composition_v2.py": "73ec30fff3642eba9023c894119e10cbfebe63235e9d80bad0adbb106d37ba6b",
            "scripts/vnext/instant_balance_amendment.py": "dfc5b37f2bcf5c9ea22b130df96656542707b2f1195fcda5f9be2d92633abff5",
            "scripts/vnext/normal_accession_results.py": "8aee2c02e1f96226bba3442f2869ed7e2c9d58f847ae88ea1404af9bec550880",
            "scripts/vnext/normal_annual_input_v2.py": "8c54ef1eaf2a7774fdf4533e07fde6fa4a0391c3cec51bdaf76a317d9ebd5e19",
            "scripts/vnext/normal_bond_debt_results.py": "34727b2c9c2302d022c82cf3018710568ff728b98a3e481964607beb54b6876c",
            "scripts/vnext/normal_companyfacts_results.py": "e6a79aeda0a1e8f7e3f6c5d4e1b7efee01b26d52c757f6e3d1d8a3eeba1ee194",
            "scripts/vnext/normal_inclusive_debt_results.py": "4bba6023789ad8ba6405c6291821d1f6f8c8b36ae2476a9fe84276e8dc03812f",
            "scripts/vnext/normal_note_debt_results.py": "37162510d13981d50b69fc36fe9a4101312123cfa6f51e6df874bbcfeb343de2",
            "scripts/vnext/normal_run_inputs.py": "65e5d5447cc3c108bfa1d3cf13ef3738f71bd9caf6e74650237becdee827c27d",
            "scripts/vnext/normal_run_specs.py": "f1b03641f83dc59a251e0d59976c71e94ed73c482f3fe989a1a48b5fa5a99717",
            "scripts/vnext/normal_run_v3.py": "57d634aa4c65d8542c5c18d13fa387544d4b62284e7062bebfe7da26aea7743f",
            "scripts/vnext/normal_zero_ai_results.py": "2c3a5d2c8b753e9c868746434e79b509e587c6bb6b2cc999112d33ca50a2fa9e",
            "scripts/vnext/observations.py": "a41e7a507e69a28806fc43226b96f3d5a0dd1c7185bc5bd195b4de78a769211e",
            "scripts/vnext/ordinary_c02_auditor_update_v3.py": "cc909d984b21979cb3cd786c5e314511aa1db747de64f352e755f50896cea551",
            "scripts/vnext/ordinary_c02_member_update_v4.py": "23a30b4ea8fec393f62f8943446b6bf419c8869fde06d58382203aadf9b294a6",
            "scripts/vnext/ordinary_current_update.py": "cbf8c59d6fc8edcd4173c2602c6609e193d3bd847bc20d9e7741aed9975c7f5e",
            "scripts/vnext/ordinary_d01_header_update_v3.py": "004dacbbe5061b52099aeadd2934cc369d10a773e868293f402cad5284c5be95",
            "scripts/vnext/ordinary_d02_category_update_v2.py": "c76530141c6b52bd2c6235cf745bc04e5bee12085e3f05d22fbbcf114c786b22",
            "scripts/vnext/ordinary_d02_item8_v1.py": "ca4b4e1adb99f152c9f30f083f6af91177a4a687ea322b0028f33e376b0ffeb7",
            "scripts/vnext/ordinary_d02_item8_v2.py": "446b6d89cbcebaef26fc135d46f7824f67aa614e026edebda4ea4697b410dc24",
            "scripts/vnext/ordinary_debt_guard.py": "f2b8613829efafe395ce77c36a153c277e2e6745bafd3dcaed38ab1a49ce1e1d",
            "scripts/vnext/ordinary_e01_item_text_input.py": "a97750590a1a528fe297802e64d4e86c4da6ccb386a628df4b3a569fd1ded873",
            "scripts/vnext/ordinary_e01_item_text_input_v2.py": "0d43c01f117160631a7dc5ce237474fea52cf2243b4bdae4257bfdb443e49c4e",
            "scripts/vnext/ordinary_e01_item_text_input_v3.py": "55d7934329beb551baf3bea0200dcb16a4c5c8c27aff2b4032abac1fdccb7035",
            "scripts/vnext/ordinary_financial_results.py": "baee0332c532907359de3cc115d78711fd52dfa49cd409403dd749be63afa954",
            "scripts/vnext/ordinary_income_input.py": "fc582e4bbc49e96cf91ee2df40cfadc071e8d36877c1b76baa7c516dc6131e8e",
            "scripts/vnext/ordinary_projection.py": "a71b7fa174d9471b544242946580ed5ef9d73d2bf38bf55f9c5935cdf6531ff4",
            "scripts/vnext/ordinary_remaining_cases.py": "ed083ddb13886e678cea8b003ce6674339d9d403383a1d021311c33124b2c97b",
            "scripts/vnext/ordinary_saved_result.py": "1a8524e761a4cdc8cd1a447fa60d570432d0ab21cb891366bb5cbb5494335694",
            "scripts/vnext/ordinary_source_authority.py": "6a5349a5aaa0ad41898477c037620c23c92f027534d65dc1d2fedf37e79f31a2",
            "scripts/vnext/ordinary_source_session.py": "2357bfe3c2b62a835d01cd34de29d8f0076710d0327d721fe8bb97f6434be7e0",
            "scripts/vnext/ordinary_special_debt_scope.py": "9c2bc47b455fd6a6deedfc52fc5f6bc406f35725f5f3f58b90482b78962d50c0",
            "scripts/vnext/ordinary_text_input.py": "4f15c69e99d9bc08962827a345810a443082c626d0dae06bfc141ad3b33880d4",
            "scripts/vnext/ordinary_update_cycle.py": "8ef293790f3a8751ec8dbb30a2e343b412167d85c12e7cc5b167b7773b997799",
            "scripts/vnext/projector.py": "21dc6372abe69477def0f1a72b0ea8108c2aa2a9751ae08e8440acb06dbc4c21",
            "scripts/vnext/records.py": "e3ca654eaf837ccdc1ef0d2d542daff4f3a005dbfa4e693122b41bae6ee5a187",
            "scripts/vnext/request_bindings.py": "45b3e54c81e71386882684116c10e4b0e124a38c85480d8e232807126c09fcb0",
            "scripts/vnext/resource_limits.py": "2be2aab001242107db8ffe877d9a7e16ea0bd8dc04e0fa40481b28a65732187b",
            "scripts/vnext/saved_source_checks.py": "5521a785e23c5e2b2c4c8974dd9aab0f9073208f92408fe2e258c9660f8f98f9",
            "scripts/vnext/sources.py": "53eeef067c450bd5bb7a92daab88bc437546b2d95355186a6464d2222bf23c31",
            "scripts/vnext/specs.py": "4cddc435aa84f5b541a1fd8cb2e81280b1d374bfc5b5c48efb52f129b5dc4be3",
            "scripts/vnext/table_grid.py": "8ab43146f0c8d711067c609f38a4ae9368266f6192f7be21e8aa743bb0f1d617",
            "scripts/vnext/traits.py": "44f6c1f6b032e956c85d54423e88a552ec742e2d6b13435cd91fd53512418303"
          },
          "provider_enabled": false,
          "requested_fiscal_year": 2025,
          "sec_fetch_enabled": false,
          "source_registry_sha256": "b4f903adb25fa90455a7cc97aa1089125e77947e08c7391dababd713eef95f4a",
          "source_root": "/Users/lyuhongwang/.codex/worktrees/7e99/SEC_metrics-issue47-company-verified-source-20261006/source-inputs"
        },
        "metric_id": "E05",
        "period_end": "2025-12-31",
        "requested_fiscal_year": 2025,
        "result_id": "sha256:6a205f117a3b49cb89126cad1b9c7b6e719c926653601663561dba0e8981d554",
        "source_census": [
          {
            "content_sha256": "af2fea717f696acfa6f5f2436aa6e4175c3c56ab1628a2e3198964300f32422a",
            "document_name": "CIK0001048286.json",
            "error": "",
            "source_url": "https://data.sec.gov/api/xbrl/companyfacts/CIK0001048286.json",
            "status_code": "200"
          },
          {
            "content_sha256": "aa74a6d14ce291a92273d30df8893a1a76896f7b9f8d9cd274d3160549572b7f",
            "document_name": "CIK0001048286-submissions-001.json",
            "error": "",
            "source_url": "https://data.sec.gov/submissions/CIK0001048286-submissions-001.json",
            "status_code": "200"
          },
          {
            "content_sha256": "603b1fb5c9d4dd83f6e111ea89b6382e2aaef8fbbcdd6398eb69608ecd67bfd8",
            "document_name": "CIK0001048286-submissions-002.json",
            "error": "",
            "source_url": "https://data.sec.gov/submissions/CIK0001048286-submissions-002.json",
            "status_code": "200"
          },
          {
            "content_sha256": "e3eeefe33c9c7351788d22a96ca36d061230cd2dacadbf44ed6ef79035742bd8",
            "document_name": "CIK0001048286.json",
            "error": "",
            "source_url": "https://data.sec.gov/submissions/CIK0001048286.json",
            "status_code": "200"
          },
          {
            "content_sha256": "cffee82d3fb74d0b67b74698f2e0f3c270f69a8d2dcf21a5ba70dee3f2aac46e",
            "document_name": "0001048286-25-000011.hdr.sgml",
            "error": "",
            "source_url": "https://www.sec.gov/Archives/edgar/data/1048286/000104828625000011/0001048286-25-000011.hdr.sgml",
            "status_code": "200"
          },
          {
            "content_sha256": "7646c3d03541392d59169546a147ebe81586d2b71d2bc1aadc6b97eb8395b251",
            "document_name": "mar-20251104.htm",
            "error": "",
            "source_url": "https://www.sec.gov/Archives/edgar/data/1048286/000104828625000011/mar-20251104.htm",
            "status_code": "200"
          },
          {
            "content_sha256": "3e61694553c2a29ad2fad2b0f21cb3471cdd92b0912bf47201a9fe3e98f5c0f7",
            "document_name": "0001048286-26-000007-index.html",
            "error": "",
            "source_url": "https://www.sec.gov/Archives/edgar/data/1048286/000104828626000007/0001048286-26-000007-index.html",
            "status_code": "200"
          },
          {
            "content_sha256": "3f447d7e3dcc1d699d56a58ce963b9b48dd2e5eae2f6f6d58c56ae9f43861f0c",
            "document_name": "FilingSummary.xml",
            "error": "",
            "source_url": "https://www.sec.gov/Archives/edgar/data/1048286/000104828626000007/FilingSummary.xml",
            "status_code": "200"
          },
          {
            "content_sha256": "a2b20ee4c353b24e3772bfbe4e2b6e43a17f244e63b32a1c70d6d780d46d7398",
            "document_name": "index.json",
            "error": "",
            "source_url": "https://www.sec.gov/Archives/edgar/data/1048286/000104828626000007/index.json",
            "status_code": "200"
          },
          {
            "content_sha256": "c372495ac4ad3e62399040675f490315db137e17cd9a9a4a8c10cb1d09312547",
            "document_name": "mar-20251231.htm",
            "error": "",
            "source_url": "https://www.sec.gov/Archives/edgar/data/1048286/000104828626000007/mar-20251231.htm",
            "status_code": "200"
          },
          {
            "content_sha256": "39cdb4be609ec4e5e081e68f9be2d83cb8cc29c4ba915afa59a4847a24356150",
            "document_name": "mar-20251231_htm.xml",
            "error": "",
            "source_url": "https://www.sec.gov/Archives/edgar/data/1048286/000104828626000007/mar-20251231_htm.xml",
            "status_code": "200"
          },
          {
            "content_sha256": "559da695a997c02bbfc5a3def4ed96c432acc82385153c241f118819a5a3ec3c",
            "document_name": "ny20006599x500_def14a.htm",
            "error": "",
            "source_url": "https://www.sec.gov/Archives/edgar/data/1048286/000114036123014123/ny20006599x500_def14a.htm",
            "status_code": "200"
          },
          {
            "content_sha256": "a25ce3426110e7f6ec546419607bff5d718b01825d5fa4faf970929acf294954",
            "document_name": "ny20015439x1_def14a.htm",
            "error": "",
            "source_url": "https://www.sec.gov/Archives/edgar/data/1048286/000114036124015465/ny20015439x1_def14a.htm",
            "status_code": "200"
          },
          {
            "content_sha256": "d1647a6383dffd60c28816c8e213ff1904b66282bfd96e5e5ec0fb6c40d5ac43",
            "document_name": "ny20039208x771_def14a.htm",
            "error": "",
            "source_url": "https://www.sec.gov/Archives/edgar/data/1048286/000114036125010600/ny20039208x771_def14a.htm",
            "status_code": "200"
          },
          {
            "content_sha256": "fca4ce3abc7f769a80642f34b9a9f3f4208fab569bccb7f8b5166b11fe19adbd",
            "document_name": "ny20062722x771_def14a.htm",
            "error": "",
            "source_url": "https://www.sec.gov/Archives/edgar/data/1048286/000114036126011590/ny20062722x771_def14a.htm",
            "status_code": "200"
          },
          {
            "content_sha256": "e12f37063bb5a93b137f2ac7d6646178b6c3d40aaf3842499a9ef49dc3bbb061",
            "document_name": "0001193125-21-019849.hdr.sgml",
            "error": "",
            "source_url": "https://www.sec.gov/Archives/edgar/data/1048286/000119312521019849/0001193125-21-019849.hdr.sgml",
            "status_code": "200"
          },
          {
            "content_sha256": "232bc661d32e881e93e4b85ed87eceb11d8cdeaa93280f9ab52a097d471eef48",
            "document_name": "d59364d8k.htm",
            "error": "",
            "source_url": "https://www.sec.gov/Archives/edgar/data/1048286/000119312521019849/d59364d8k.htm",
            "status_code": "200"
          },
          {
            "content_sha256": "e970bcedcf70d036fad78994b5d9bfad315428c9898802ae57f46b0bfe6f413d",
            "document_name": "0001193125-21-025328.hdr.sgml",
            "error": "",
            "source_url": "https://www.sec.gov/Archives/edgar/data/1048286/000119312521025328/0001193125-21-025328.hdr.sgml",
            "status_code": "200"
          },
          {
            "content_sha256": "7566c0b03f23bc3bd324bb77782aec49405b930f8492e7b4e93acc9bc3e35148",
            "document_name": "d125705d8k.htm",
            "error": "",
            "source_url": "https://www.sec.gov/Archives/edgar/data/1048286/000119312521025328/d125705d8k.htm",
            "status_code": "200"
          },
          {
            "content_sha256": "6393bacb59db969635721d70157e8d2c21669ad183cab0eb52e96a2bd76a59e8",
            "document_name": "0001193125-21-044857.hdr.sgml",
            "error": "",
            "source_url": "https://www.sec.gov/Archives/edgar/data/1048286/000119312521044857/0001193125-21-044857.hdr.sgml",
            "status_code": "200"
          },
          {
            "content_sha256": "eebe60d904a5d8193787e981c126d11400d9148a30622367f3eebe3a1bd7586e",
            "document_name": "d112089d8k.htm",
            "error": "",
            "source_url": "https://www.sec.gov/Archives/edgar/data/1048286/000119312521044857/d112089d8k.htm",
            "status_code": "200"
          },
          {
            "content_sha256": "795cf98a73478788454c242167114dfb9d895c7ebda4c947344c1bb9e8a2a3c9",
            "document_name": "0001193125-21-056950.hdr.sgml",
            "error": "",
            "source_url": "https://www.sec.gov/Archives/edgar/data/1048286/000119312521056950/0001193125-21-056950.hdr.sgml",
            "status_code": "200"
          },
          {
            "content_sha256": "35d942dbbe6dfdeb4561ad70f1f8c83bfc0f29a35ef079dbc2bb8098e02883b2",
            "document_name": "d125070d8k.htm",
            "error": "",
            "source_url": "https://www.sec.gov/Archives/edgar/data/1048286/000119312521056950/d125070d8k.htm",
            "status_code": "200"
          },
          {
            "content_sha256": "48d28f0d3bbefdc5ca1f9e9ac4c0c97a2894fa1d4ad6da707f46029a2bbe6953",
            "document_name": "0001193125-21-071474.hdr.sgml",
            "error": "",
            "source_url": "https://www.sec.gov/Archives/edgar/data/1048286/000119312521071474/0001193125-21-071474.hdr.sgml",
            "status_code": "200"
          },
          {
            "content_sha256": "3a1c1ec458b825357f0e1bbf8bb050390e1d69057a34902b3dc6458b02121e25",
            "document_name": "d133751d8k.htm",
            "error": "",
            "source_url": "https://www.sec.gov/Archives/edgar/data/1048286/000119312521071474/d133751d8k.htm",
            "status_code": "200"
          },
          {
            "content_sha256": "42660308fb24638ba3f865c1e3b2b0a338cf029d5be723972126f21528f09fed",
            "document_name": "0001193125-21-267374.hdr.sgml",
            "error": "",
            "source_url": "https://www.sec.gov/Archives/edgar/data/1048286/000119312521267374/0001193125-21-267374.hdr.sgml",
            "status_code": "200"
          },
          {
            "content_sha256": "12b28d747d9db2f5c3b6eb4f29d1fe285c623b8a38279060fb7d50cdd5a0cfe4",
            "document_name": "d211557d8k.htm",
            "error": "",
            "source_url": "https://www.sec.gov/Archives/edgar/data/1048286/000119312521267374/d211557d8k.htm",
            "status_code": "200"
          },
          {
            "content_sha256": "92ee0500a1948b88e2d1159fb3d9cd254eacdce9f995bfa131bf01f7c7234b64",
            "document_name": "0001193125-21-278943.hdr.sgml",
            "error": "",
            "source_url": "https://www.sec.gov/Archives/edgar/data/1048286/000119312521278943/0001193125-21-278943.hdr.sgml",
            "status_code": "200"
          },
          {
            "content_sha256": "1146da7ff312f450a0116c0b7f13bfe157baedd8b0d6296755743ec60dd9cc81",
            "document_name": "d203995d8k.htm",
            "error": "",
            "source_url": "https://www.sec.gov/Archives/edgar/data/1048286/000119312521278943/d203995d8k.htm",
            "status_code": "200"
          },
          {
            "content_sha256": "fed28386698b5a79eb0a051bf55c1f52c7a0ff0dda6e8b7954da6199024f3df7",
            "document_name": "0001193125-21-279481.hdr.sgml",
            "error": "",
            "source_url": "https://www.sec.gov/Archives/edgar/data/1048286/000119312521279481/0001193125-21-279481.hdr.sgml",
            "status_code": "200"
          },
          {
            "content_sha256": "561e363ef473fd6a2abac48e3517539e51176d888707170b20fd8c3470436072",
            "document_name": "d191158d8k.htm",
            "error": "",
            "source_url": "https://www.sec.gov/Archives/edgar/data/1048286/000119312521279481/d191158d8k.htm",
            "status_code": "200"
          },
          {
            "content_sha256": "f9184954010f63130cf0399ae61ea41c3fc623f1a3777186829272e8d5c944b9",
            "document_name": "0001193125-22-039831.hdr.sgml",
            "error": "",
            "source_url": "https://www.sec.gov/Archives/edgar/data/1048286/000119312522039831/0001193125-22-039831.hdr.sgml",
            "status_code": "200"
          },
          {
            "content_sha256": "797ca9d842a5906ff49c001cd3b11f61b8f9d4fe7f6709e4acde941e72672c00",
            "document_name": "d296617d8k.htm",
            "error": "",
            "source_url": "https://www.sec.gov/Archives/edgar/data/1048286/000119312522039831/d296617d8k.htm",
            "status_code": "200"
          },
          {
            "content_sha256": "69270175d55cecc73b52c6837941c1a2cebafba0b2ba7924a8b413c3d5eda6b0",
            "document_name": "d235712ddef14a.htm",
            "error": "",
            "source_url": "https://www.sec.gov/Archives/edgar/data/1048286/000119312522081138/d235712ddef14a.htm",
            "status_code": "200"
          },
          {
            "content_sha256": "a00edb6d2df742e4f44ba535cce5aa920a3db667515de5cd70d1f15ac2b52462",
            "document_name": "0001193125-22-241012.hdr.sgml",
            "error": "",
            "source_url": "https://www.sec.gov/Archives/edgar/data/1048286/000119312522241012/0001193125-22-241012.hdr.sgml",
            "status_code": "200"
          },
          {
            "content_sha256": "1d2fcf19c822331cd920088f070e571d3a865087ec278e28603e6f96bed9a360",
            "document_name": "d358514d8k.htm",
            "error": "",
            "source_url": "https://www.sec.gov/Archives/edgar/data/1048286/000119312522241012/d358514d8k.htm",
            "status_code": "200"
          },
          {
            "content_sha256": "699360b3f0ab5398b8b52660a13974bd9072a59a5eacd32198e34c2c27d96207",
            "document_name": "0001193125-22-306017.hdr.sgml",
            "error": "",
            "source_url": "https://www.sec.gov/Archives/edgar/data/1048286/000119312522306017/0001193125-22-306017.hdr.sgml",
            "status_code": "200"
          },
          {
            "content_sha256": "7ef57f13ad20f828cf4ae68ff3cbb59f755306c6357928a1a535ce3488e7886c",
            "document_name": "d398413d8k.htm",
            "error": "",
            "source_url": "https://www.sec.gov/Archives/edgar/data/1048286/000119312522306017/d398413d8k.htm",
            "status_code": "200"
          },
          {
            "content_sha256": "b87749bc94d30b1a4cac507e3d0ba764291d0c9b41a08f475d172f40b83d43f8",
            "document_name": "0001193125-22-310088.hdr.sgml",
            "error": "",
            "source_url": "https://www.sec.gov/Archives/edgar/data/1048286/000119312522310088/0001193125-22-310088.hdr.sgml",
            "status_code": "200"
          },
          {
            "content_sha256": "c68db553c9b57fea9919b4ca8f063305bf4fae806cb1c672b668de86bd91ab0d",
            "document_name": "d280446d8k.htm",
            "error": "",
            "source_url": "https://www.sec.gov/Archives/edgar/data/1048286/000119312522310088/d280446d8k.htm",
            "status_code": "200"
          },
          {
            "content_sha256": "28811578b96a2d4495792fec7b8723f85ecd600fcc89dd2d2f926272231ba808",
            "document_name": "0001193125-23-032570.hdr.sgml",
            "error": "",
            "source_url": "https://www.sec.gov/Archives/edgar/data/1048286/000119312523032570/0001193125-23-032570.hdr.sgml",
            "status_code": "200"
          },
          {
            "content_sha256": "f0ef69562fbf54334586da1767f1453e14fb013134ecb77b62799e59e2b8ee77",
            "document_name": "d427456d8k.htm",
            "error": "",
            "source_url": "https://www.sec.gov/Archives/edgar/data/1048286/000119312523032570/d427456d8k.htm",
            "status_code": "200"
          },
          {
            "content_sha256": "2f4d9c1d687dfaebc17f76fad922f36dd9f4e5ac033c20d1063dcc3e56959b13",
            "document_name": "0001193125-23-070726.hdr.sgml",
            "error": "",
            "source_url": "https://www.sec.gov/Archives/edgar/data/1048286/000119312523070726/0001193125-23-070726.hdr.sgml",
            "status_code": "200"
          },
          {
            "content_sha256": "4bc4080d3bf3d2976a7a5d2c1bcaa73312150b6eda3831de49017eb397c898f1",
            "document_name": "d480872d8k.htm",
            "error": "",
            "source_url": "https://www.sec.gov/Archives/edgar/data/1048286/000119312523070726/d480872d8k.htm",
            "status_code": "200"
          },
          {
            "content_sha256": "ee936c1313a89b32e6c39cf388ac4304911d7d5825b8e58354d082947191a656",
            "document_name": "0001193125-23-080530.hdr.sgml",
            "error": "",
            "source_url": "https://www.sec.gov/Archives/edgar/data/1048286/000119312523080530/0001193125-23-080530.hdr.sgml",
            "status_code": "200"
          },
          {
            "content_sha256": "69e699dd107c769becc9cd7eac06bb25b1da0b76ee66028ce40965f8600437dd",
            "document_name": "d443909d8k.htm",
            "error": "",
            "source_url": "https://www.sec.gov/Archives/edgar/data/1048286/000119312523080530/d443909d8k.htm",
            "status_code": "200"
          },
          {
            "content_sha256": "cec47aead2529276f213fa527e13e185e8d01464a2c5cb61da63b931922ed852",
            "document_name": "0001193125-23-145681.hdr.sgml",
            "error": "",
            "source_url": "https://www.sec.gov/Archives/edgar/data/1048286/000119312523145681/0001193125-23-145681.hdr.sgml",
            "status_code": "200"
          },
          {
            "content_sha256": "ca04952b13d6a8d43ba23f9595d547ab95947901a3a08a5344494bba34039864",
            "document_name": "d428210d8k.htm",
            "error": "",
            "source_url": "https://www.sec.gov/Archives/edgar/data/1048286/000119312523145681/d428210d8k.htm",
            "status_code": "200"
          },
          {
            "content_sha256": "49f1a8a4968f4ef1cf20edde0c5e53ffbeaff773922d95ca875c5ec9018c2176",
            "document_name": "0001193125-23-145683.hdr.sgml",
            "error": "",
            "source_url": "https://www.sec.gov/Archives/edgar/data/1048286/000119312523145683/0001193125-23-145683.hdr.sgml",
            "status_code": "200"
          },
          {
            "content_sha256": "c47cf791ed947a3f55f2b0a00b689d24f4abefe35ebfc0caf70a1a55926c3b67",
            "document_name": "d453444d8ka.htm",
            "error": "",
            "source_url": "https://www.sec.gov/Archives/edgar/data/1048286/000119312523145683/d453444d8ka.htm",
            "status_code": "200"
          },
          {
            "content_sha256": "1b7ecb96ee0bd9d1649a0288d9cce8359278748993ca74854ae4b29aeb988594",
            "document_name": "0001193125-23-203849.hdr.sgml",
            "error": "",
            "source_url": "https://www.sec.gov/Archives/edgar/data/1048286/000119312523203849/0001193125-23-203849.hdr.sgml",
            "status_code": "200"
          },
          {
            "content_sha256": "3fef1fc5d548a4b7941627be73d5d0592d03ba086b45799a73c9e52b9c6d0046",
            "document_name": "d467663d8k.htm",
            "error": "",
            "source_url": "https://www.sec.gov/Archives/edgar/data/1048286/000119312523203849/d467663d8k.htm",
            "status_code": "200"
          },
          {
            "content_sha256": "659793b35f96b9f7536f611f4a30db6d2f7a8b519906201fcba42f394f1a27fe",
            "document_name": "0001193125-23-236173.hdr.sgml",
            "error": "",
            "source_url": "https://www.sec.gov/Archives/edgar/data/1048286/000119312523236173/0001193125-23-236173.hdr.sgml",
            "status_code": "200"
          },
          {
            "content_sha256": "96afe0f38e8c2ad99aa3cff24569a4abac93fafc491ad34466d0ad439e63a3ae",
            "document_name": "d518093d8k.htm",
            "error": "",
            "source_url": "https://www.sec.gov/Archives/edgar/data/1048286/000119312523236173/d518093d8k.htm",
            "status_code": "200"
          },
          {
            "content_sha256": "e3fd356a71b6e84e6d28d07c7fb9e02343e57b468d6410fdb1fa947607c4845c",
            "document_name": "0001193125-24-042833.hdr.sgml",
            "error": "",
            "source_url": "https://www.sec.gov/Archives/edgar/data/1048286/000119312524042833/0001193125-24-042833.hdr.sgml",
            "status_code": "200"
          },
          {
            "content_sha256": "f7c0a008dda88caabeced4f2a6847bc909370d2bc7a7955be61b2a084b448754",
            "document_name": "d765486d8k.htm",
            "error": "",
            "source_url": "https://www.sec.gov/Archives/edgar/data/1048286/000119312524042833/d765486d8k.htm",
            "status_code": "200"
          },
          {
            "content_sha256": "b8bf079ca40e810882765ddb62abe8d901519ffd194105643f5e416c57753894",
            "document_name": "0001193125-24-139064.hdr.sgml",
            "error": "",
            "source_url": "https://www.sec.gov/Archives/edgar/data/1048286/000119312524139064/0001193125-24-139064.hdr.sgml",
            "status_code": "200"
          },
          {
            "content_sha256": "f446306effa1e2c40bcf81dad276d3e98490f9ea6675acda2d13cde1a9bbfa80",
            "document_name": "d835359d8k.htm",
            "error": "",
            "source_url": "https://www.sec.gov/Archives/edgar/data/1048286/000119312524139064/d835359d8k.htm",
            "status_code": "200"
          },
          {
            "content_sha256": "87745447436563a2c167ffa1bf28fccc2075cb7cfcacde64b9479d368ababe85",
            "document_name": "0001193125-24-198910.hdr.sgml",
            "error": "",
            "source_url": "https://www.sec.gov/Archives/edgar/data/1048286/000119312524198910/0001193125-24-198910.hdr.sgml",
            "status_code": "200"
          },
          {
            "content_sha256": "9d1df8ed5910b7776ac10409acd645d88401c8c795a8d617e30144201de7d8ec",
            "document_name": "d636446d8k.htm",
            "error": "",
            "source_url": "https://www.sec.gov/Archives/edgar/data/1048286/000119312524198910/d636446d8k.htm",
            "status_code": "200"
          },
          {
            "content_sha256": "0b7fcc3b211556d4e1426e93c53dc37170a505bdcc8ad1309de1fc9690b2e9f7",
            "document_name": "0001193125-25-009110.hdr.sgml",
            "error": "",
            "source_url": "https://www.sec.gov/Archives/edgar/data/1048286/000119312525009110/0001193125-25-009110.hdr.sgml",
            "status_code": "200"
          },
          {
            "content_sha256": "bf87fec25bfd743d96b1624a36836e7c384ccd98b5aec5d12c8cda5fa95814f1",
            "document_name": "d890503d8k.htm",
            "error": "",
            "source_url": "https://www.sec.gov/Archives/edgar/data/1048286/000119312525009110/d890503d8k.htm",
            "status_code": "200"
          },
          {
            "content_sha256": "5b1ea9e16b1b97fb83873f648e991a654d4362e2b0751a82bb7ca94545177f7d",
            "document_name": "0001193125-25-036732.hdr.sgml",
            "error": "",
            "source_url": "https://www.sec.gov/Archives/edgar/data/1048286/000119312525036732/0001193125-25-036732.hdr.sgml",
            "status_code": "200"
          },
          {
            "content_sha256": "7db2b5693b4986de1da579c85126ff60d02500ff7466d2a2c482d289bfbadb5e",
            "document_name": "d927802d8k.htm",
            "error": "",
            "source_url": "https://www.sec.gov/Archives/edgar/data/1048286/000119312525036732/d927802d8k.htm",
            "status_code": "200"
          },
          {
            "content_sha256": "8c67669ade683e3325ec92076dbc2c6bba0a3a88b2bed1e9aa0389e079c99177",
            "document_name": "0001193125-25-118853.hdr.sgml",
            "error": "",
            "source_url": "https://www.sec.gov/Archives/edgar/data/1048286/000119312525118853/0001193125-25-118853.hdr.sgml",
            "status_code": "200"
          },
          {
            "content_sha256": "6779455e40834ac04711b927fc97f2da37df38e8cf017beddd3e35079bad9998",
            "document_name": "d888404d8k.htm",
            "error": "",
            "source_url": "https://www.sec.gov/Archives/edgar/data/1048286/000119312525118853/d888404d8k.htm",
            "status_code": "200"
          },
          {
            "content_sha256": "dceca997691cdbc0425a03c514b044a38d87b93062797c344b7e5dd45dd78602",
            "document_name": "0001193125-25-118861.hdr.sgml",
            "error": "",
            "source_url": "https://www.sec.gov/Archives/edgar/data/1048286/000119312525118861/0001193125-25-118861.hdr.sgml",
            "status_code": "200"
          },
          {
            "content_sha256": "633d2183a1e9cca6325b1fa7c07e6e21fcbf7fff61d7478c9e439cb23c778206",
            "document_name": "d935320d8ka.htm",
            "error": "",
            "source_url": "https://www.sec.gov/Archives/edgar/data/1048286/000119312525118861/d935320d8ka.htm",
            "status_code": "200"
          },
          {
            "content_sha256": "12606dfc17776def4d014b710c69365107ba57352ff38843233a631bba6bef4e",
            "document_name": "0001193125-25-158742.hdr.sgml",
            "error": "",
            "source_url": "https://www.sec.gov/Archives/edgar/data/1048286/000119312525158742/0001193125-25-158742.hdr.sgml",
            "status_code": "200"
          },
          {
            "content_sha256": "928bdbc0e8ce83bd5b0de7811956adade802f82cd49556eb2be6d936d68bcb7c",
            "document_name": "d858138d8k.htm",
            "error": "",
            "source_url": "https://www.sec.gov/Archives/edgar/data/1048286/000119312525158742/d858138d8k.htm",
            "status_code": "200"
          },
          {
            "content_sha256": "6b75de95cabe026c29bf30a19e7f03309d9021f9fb182e407b8fd455828fc152",
            "document_name": "0001193125-25-184082.hdr.sgml",
            "error": "",
            "source_url": "https://www.sec.gov/Archives/edgar/data/1048286/000119312525184082/0001193125-25-184082.hdr.sgml",
            "status_code": "200"
          },
          {
            "content_sha256": "3695c0469ad4abe8fd9243dbd6c4df63d5976c5fb1313f22bdbdd6bd7cca3cb4",
            "document_name": "d52476d8k.htm",
            "error": "",
            "source_url": "https://www.sec.gov/Archives/edgar/data/1048286/000119312525184082/d52476d8k.htm",
            "status_code": "200"
          },
          {
            "content_sha256": "46945952548cc8389d6554f199e4cd458670f7903b2872b1583158ea60990734",
            "document_name": "0001628280-21-002419.hdr.sgml",
            "error": "",
            "source_url": "https://www.sec.gov/Archives/edgar/data/1048286/000162828021002419/0001628280-21-002419.hdr.sgml",
            "status_code": "200"
          },
          {
            "content_sha256": "6b85f5e1ff3cd2d57424015509ab15f8781725c2f79d01310a8fca02d6968099",
            "document_name": "mar-20210218.htm",
            "error": "",
            "source_url": "https://www.sec.gov/Archives/edgar/data/1048286/000162828021002419/mar-20210218.htm",
            "status_code": "200"
          },
          {
            "content_sha256": "e74a10366996c7764e8f77cf6b253919e58385754dd1acddd8d6af7b4058572b",
            "document_name": "index.json",
            "error": "",
            "source_url": "https://www.sec.gov/Archives/edgar/data/1048286/000162828021002433/index.json",
            "status_code": "200"
          },
          {
            "content_sha256": "3b4e35ef3b9aacae886c270b2f76bc98ae42184e2e8bdaef8a7252d9ca11c00d",
            "document_name": "mar-20201231.htm",
            "error": "",
            "source_url": "https://www.sec.gov/Archives/edgar/data/1048286/000162828021002433/mar-20201231.htm",
            "status_code": "200"
          },
          {
            "content_sha256": "b590e6fc28599a280b25c560b085032bc6afb1b78d7060d7266fad6749b90b9d",
            "document_name": "mar-20201231_htm.xml",
            "error": "",
            "source_url": "https://www.sec.gov/Archives/edgar/data/1048286/000162828021002433/mar-20201231_htm.xml",
            "status_code": "200"
          },
          {
            "content_sha256": "f2e4c0da633f6d867a39975c007356c4f985dba384ee0c05f4aa6346298b4245",
            "document_name": "0001628280-21-004738.hdr.sgml",
            "error": "",
            "source_url": "https://www.sec.gov/Archives/edgar/data/1048286/000162828021004738/0001628280-21-004738.hdr.sgml",
            "status_code": "200"
          },
          {
            "content_sha256": "d9611dad1c7cbc53a6132e72755833b53dd887e40833f0b8e268a56e92bc5961",
            "document_name": "mar-20210312.htm",
            "error": "",
            "source_url": "https://www.sec.gov/Archives/edgar/data/1048286/000162828021004738/mar-20210312.htm",
            "status_code": "200"
          },
          {
            "content_sha256": "30e5f8a150a767115a282e3f326c19851926cfa73f66dee834333b298ddd58ba",
            "document_name": "index.json",
            "error": "",
            "source_url": "https://www.sec.gov/Archives/edgar/data/1048286/000162828021006440/index.json",
            "status_code": "200"
          },
          {
            "content_sha256": "f37221e249636c8a17667b412e7ddf0a038f7d5d6998af7c95c28de654ce2281",
            "document_name": "mar-20201231.htm",
            "error": "",
            "source_url": "https://www.sec.gov/Archives/edgar/data/1048286/000162828021006440/mar-20201231.htm",
            "status_code": "200"
          },
          {
            "content_sha256": "f2785c89a9901e2468064e71e4811e33bfbbf91599727c214b21d08d0cad6dee",
            "document_name": "mar-20201231_htm.xml",
            "error": "",
            "source_url": "https://www.sec.gov/Archives/edgar/data/1048286/000162828021006440/mar-20201231_htm.xml",
            "status_code": "200"
          },
          {
            "content_sha256": "32404b049dc7bcc180b7baac3401ca38706182e112bbcd5385afc8f3110941f4",
            "document_name": "0001628280-21-009580.hdr.sgml",
            "error": "",
            "source_url": "https://www.sec.gov/Archives/edgar/data/1048286/000162828021009580/0001628280-21-009580.hdr.sgml",
            "status_code": "200"
          },
          {
            "content_sha256": "ab5eb50d5b5726f3344b8308cacfb3ece455c95c53456dbabeb4a99109cdf29f",
            "document_name": "mar-20210510.htm",
            "error": "",
            "source_url": "https://www.sec.gov/Archives/edgar/data/1048286/000162828021009580/mar-20210510.htm",
            "status_code": "200"
          },
          {
            "content_sha256": "9a0eee27b82c14d4135467640f1ef7f08b9259e3da2a97d9c5f947d83f2b3ceb",
            "document_name": "0001628280-21-009942.hdr.sgml",
            "error": "",
            "source_url": "https://www.sec.gov/Archives/edgar/data/1048286/000162828021009942/0001628280-21-009942.hdr.sgml",
            "status_code": "200"
          },
          {
            "content_sha256": "e82a71951c4cff9e9718c0aa63aa00b32553130bf6d08b72f9a4236416885e17",
            "document_name": "mar-20210507.htm",
            "error": "",
            "source_url": "https://www.sec.gov/Archives/edgar/data/1048286/000162828021009942/mar-20210507.htm",
            "status_code": "200"
          },
          {
            "content_sha256": "a5b2b22a5f68c13b71688fdebf1474e50f405a7c38e9ec2012a7580b424ae845",
            "document_name": "0001628280-21-015244.hdr.sgml",
            "error": "",
            "source_url": "https://www.sec.gov/Archives/edgar/data/1048286/000162828021015244/0001628280-21-015244.hdr.sgml",
            "status_code": "200"
          },
          {
            "content_sha256": "6fad8e3e3eb837cf2325fa4bdaf0d78aaebc968ebddb02524c580aabfa89cdcc",
            "document_name": "mar-20210803.htm",
            "error": "",
            "source_url": "https://www.sec.gov/Archives/edgar/data/1048286/000162828021015244/mar-20210803.htm",
            "status_code": "200"
          },
          {
            "content_sha256": "03eed2b2fd241cc6b94ca82e1cd8a6dc451c6893ec077273cea9612d03684ceb",
            "document_name": "0001628280-21-021312.hdr.sgml",
            "error": "",
            "source_url": "https://www.sec.gov/Archives/edgar/data/1048286/000162828021021312/0001628280-21-021312.hdr.sgml",
            "status_code": "200"
          },
          {
            "content_sha256": "a60e7aeb067fbf25673213ce8507faa25c81d8ab2b0d51a0529b5c8dc5413584",
            "document_name": "mar-20211103.htm",
            "error": "",
            "source_url": "https://www.sec.gov/Archives/edgar/data/1048286/000162828021021312/mar-20211103.htm",
            "status_code": "200"
          },
          {
            "content_sha256": "5b1988db5bbb675284bfe5ba5635bb0635c4fc8b29c3d8af76cfa76c17199131",
            "document_name": "0001628280-22-002652.hdr.sgml",
            "error": "",
            "source_url": "https://www.sec.gov/Archives/edgar/data/1048286/000162828022002652/0001628280-22-002652.hdr.sgml",
            "status_code": "200"
          },
          {
            "content_sha256": "1422ae38bccff4a315c3f10995755ba9a75cbd9d1c0e411c42fb13176cc4092e",
            "document_name": "mar-20220215.htm",
            "error": "",
            "source_url": "https://www.sec.gov/Archives/edgar/data/1048286/000162828022002652/mar-20220215.htm",
            "status_code": "200"
          },
          {
            "content_sha256": "c8e2e4de82f9e914d106f02a8ba43a40f9763e9e74257e4aa67a1a57aa6042e3",
            "document_name": "index.json",
            "error": "",
            "source_url": "https://www.sec.gov/Archives/edgar/data/1048286/000162828022002666/index.json",
            "status_code": "200"
          },
          {
            "content_sha256": "54effe78b84966cd0793dcb23b8db4ad30b0614ea3d42074f3ece89adebe8bf5",
            "document_name": "mar-20211231.htm",
            "error": "",
            "source_url": "https://www.sec.gov/Archives/edgar/data/1048286/000162828022002666/mar-20211231.htm",
            "status_code": "200"
          },
          {
            "content_sha256": "abf783d13925617bea760f5b83f17af9aece94f440a21fe158d02d156d19bd2b",
            "document_name": "mar-20211231_htm.xml",
            "error": "",
            "source_url": "https://www.sec.gov/Archives/edgar/data/1048286/000162828022002666/mar-20211231_htm.xml",
            "status_code": "200"
          },
          {
            "content_sha256": "8391a2f4f06b9c7951d0c691849705d09859995eace6ac47ac424e02877b83bd",
            "document_name": "0001628280-22-012143.hdr.sgml",
            "error": "",
            "source_url": "https://www.sec.gov/Archives/edgar/data/1048286/000162828022012143/0001628280-22-012143.hdr.sgml",
            "status_code": "200"
          },
          {
            "content_sha256": "52f53bf510a5d54ef584b2b6ce722d3344bcd84c80c50525ee68af3f0d22ca97",
            "document_name": "mar-20220504.htm",
            "error": "",
            "source_url": "https://www.sec.gov/Archives/edgar/data/1048286/000162828022012143/mar-20220504.htm",
            "status_code": "200"
          },
          {
            "content_sha256": "61378923f287836e2560116668da088f74c87d92acc4749ac184eddeaa659cca",
            "document_name": "0001628280-22-013845.hdr.sgml",
            "error": "",
            "source_url": "https://www.sec.gov/Archives/edgar/data/1048286/000162828022013845/0001628280-22-013845.hdr.sgml",
            "status_code": "200"
          },
          {
            "content_sha256": "30362eec40bda5f6e08acad14f44a93e637427da27c1845120ccd98e1d3e3a35",
            "document_name": "mar-20220506.htm",
            "error": "",
            "source_url": "https://www.sec.gov/Archives/edgar/data/1048286/000162828022013845/mar-20220506.htm",
            "status_code": "200"
          },
          {
            "content_sha256": "95820c9f85308ed25d582e4cd6de4f2c938233e78554b13cf6e9d3f6e490a590",
            "document_name": "0001628280-22-020030.hdr.sgml",
            "error": "",
            "source_url": "https://www.sec.gov/Archives/edgar/data/1048286/000162828022020030/0001628280-22-020030.hdr.sgml",
            "status_code": "200"
          },
          {
            "content_sha256": "10db2cf8889777d0a50817dba745e985aa4394c74fab1d461b6796c08093e2d0",
            "document_name": "mar-20220802.htm",
            "error": "",
            "source_url": "https://www.sec.gov/Archives/edgar/data/1048286/000162828022020030/mar-20220802.htm",
            "status_code": "200"
          },
          {
            "content_sha256": "6babbbfb2d1abf74e9bf2208845a4f7b58f363d1c2110af3ab2d5653495765aa",
            "document_name": "0001628280-22-027939.hdr.sgml",
            "error": "",
            "source_url": "https://www.sec.gov/Archives/edgar/data/1048286/000162828022027939/0001628280-22-027939.hdr.sgml",
            "status_code": "200"
          },
          {
            "content_sha256": "8785d8db5c68aec31db79fc8606297cff02ba9936a4e0509ddbb2773f4ef51b3",
            "document_name": "mar-20221103.htm",
            "error": "",
            "source_url": "https://www.sec.gov/Archives/edgar/data/1048286/000162828022027939/mar-20221103.htm",
            "status_code": "200"
          },
          {
            "content_sha256": "00cc6b1b73a269d35a4c4c3af55a58d8b02997d5e5b2b8a97d4181cf103c1e66",
            "document_name": "0001628280-23-003441.hdr.sgml",
            "error": "",
            "source_url": "https://www.sec.gov/Archives/edgar/data/1048286/000162828023003441/0001628280-23-003441.hdr.sgml",
            "status_code": "200"
          },
          {
            "content_sha256": "58e172d6f89ffc2b0593410147715db7c1efeb10cd03c3d7e1f2966b4b4c0f73",
            "document_name": "mar-20230210.htm",
            "error": "",
            "source_url": "https://www.sec.gov/Archives/edgar/data/1048286/000162828023003441/mar-20230210.htm",
            "status_code": "200"
          },
          {
            "content_sha256": "bd2328e2ca6a30318a119409400418c0ec9ce256cb9edf4ee15d6e12b57a4b6d",
            "document_name": "index.json",
            "error": "",
            "source_url": "https://www.sec.gov/Archives/edgar/data/1048286/000162828023003485/index.json",
            "status_code": "200"
          },
          {
            "content_sha256": "c041a0501c788a5cc6bb2e6155e6ea345834e1baca2d6165d6d7af22e1b5e95d",
            "document_name": "mar-20221231.htm",
            "error": "",
            "source_url": "https://www.sec.gov/Archives/edgar/data/1048286/000162828023003485/mar-20221231.htm",
            "status_code": "200"
          },
          {
            "content_sha256": "03a39943bc3a454e90bc7bcb2af2cf54e49c0cf5095debbccbc52bd848b3e5ac",
            "document_name": "mar-20221231_htm.xml",
            "error": "",
            "source_url": "https://www.sec.gov/Archives/edgar/data/1048286/000162828023003485/mar-20221231_htm.xml",
            "status_code": "200"
          },
          {
            "content_sha256": "af56b678db8f62b1a81209bb1bc3ba0c1f8db47725722f313ba1506f28694a3c",
            "document_name": "0001628280-23-014748.hdr.sgml",
            "error": "",
            "source_url": "https://www.sec.gov/Archives/edgar/data/1048286/000162828023014748/0001628280-23-014748.hdr.sgml",
            "status_code": "200"
          },
          {
            "content_sha256": "8082f817e5471ab368c2fc99481bf30e35dc0c4d3d4212c38231fa4aff1f8230",
            "document_name": "mar-20230502.htm",
            "error": "",
            "source_url": "https://www.sec.gov/Archives/edgar/data/1048286/000162828023014748/mar-20230502.htm",
            "status_code": "200"
          },
          {
            "content_sha256": "30f85727fbed46b27b8c9db821c31a5e785225bab8e3ec5148116a3153959843",
            "document_name": "0001628280-23-026343.hdr.sgml",
            "error": "",
            "source_url": "https://www.sec.gov/Archives/edgar/data/1048286/000162828023026343/0001628280-23-026343.hdr.sgml",
            "status_code": "200"
          },
          {
            "content_sha256": "45b6513e564cf1b2d27ddfd722193f0d210e6be54df466a5189abc7a5533a66d",
            "document_name": "mar-20230801.htm",
            "error": "",
            "source_url": "https://www.sec.gov/Archives/edgar/data/1048286/000162828023026343/mar-20230801.htm",
            "status_code": "200"
          },
          {
            "content_sha256": "ab573fe40eefdb0a97f10700b7b1ad5057ad5b59b35de0b129dbd637f3341ed0",
            "document_name": "0001628280-23-033068.hdr.sgml",
            "error": "",
            "source_url": "https://www.sec.gov/Archives/edgar/data/1048286/000162828023033068/0001628280-23-033068.hdr.sgml",
            "status_code": "200"
          },
          {
            "content_sha256": "c69344b3d3b531719e940e3d844a694085c5b272f7f88a946d4111f938773ed6",
            "document_name": "mar-20230927.htm",
            "error": "",
            "source_url": "https://www.sec.gov/Archives/edgar/data/1048286/000162828023033068/mar-20230927.htm",
            "status_code": "200"
          },
          {
            "content_sha256": "25b5dbf1178fe2e46879da18043718b7b58a2d003150f4cea2279efcc49fc34a",
            "document_name": "0001628280-23-036166.hdr.sgml",
            "error": "",
            "source_url": "https://www.sec.gov/Archives/edgar/data/1048286/000162828023036166/0001628280-23-036166.hdr.sgml",
            "status_code": "200"
          },
          {
            "content_sha256": "2a6a8231363a17f0b601da04a199d3fa0ccfae5dbc6ebd43e6113d715a94e8f8",
            "document_name": "mar-20231102.htm",
            "error": "",
            "source_url": "https://www.sec.gov/Archives/edgar/data/1048286/000162828023036166/mar-20231102.htm",
            "status_code": "200"
          },
          {
            "content_sha256": "aaac4df944d36c9e56cdd18f6ffe6de04a15657620bf299f8aaca00188b22ea5",
            "document_name": "0001628280-24-004335.hdr.sgml",
            "error": "",
            "source_url": "https://www.sec.gov/Archives/edgar/data/1048286/000162828024004335/0001628280-24-004335.hdr.sgml",
            "status_code": "200"
          },
          {
            "content_sha256": "11ade6ff1d949472856a1a4ab0a5ae2a5640ba51fe5361bc9b09c89b90ee3957",
            "document_name": "mar-20240213.htm",
            "error": "",
            "source_url": "https://www.sec.gov/Archives/edgar/data/1048286/000162828024004335/mar-20240213.htm",
            "status_code": "200"
          },
          {
            "content_sha256": "f18d4a16f16c5c3861c9b54943a63cad29a9dfed3fe95a4340eedce50c63a518",
            "document_name": "index.json",
            "error": "",
            "source_url": "https://www.sec.gov/Archives/edgar/data/1048286/000162828024004372/index.json",
            "status_code": "200"
          },
          {
            "content_sha256": "3e59d9a02dea905a6abcd375b111d2d3113c784561aefcec3a2d36bf16e1ae17",
            "document_name": "mar-20231231.htm",
            "error": "",
            "source_url": "https://www.sec.gov/Archives/edgar/data/1048286/000162828024004372/mar-20231231.htm",
            "status_code": "200"
          },
          {
            "content_sha256": "096989bd096ca777513f287244373004e7378029515483ba3f701c040cbc2a6f",
            "document_name": "mar-20231231_htm.xml",
            "error": "",
            "source_url": "https://www.sec.gov/Archives/edgar/data/1048286/000162828024004372/mar-20231231_htm.xml",
            "status_code": "200"
          },
          {
            "content_sha256": "3f7216255a6b5cfe3f86c8279317f82cb2aae1f2b09a9619ea67ec0f7fe08c5d",
            "document_name": "0001628280-24-019458.hdr.sgml",
            "error": "",
            "source_url": "https://www.sec.gov/Archives/edgar/data/1048286/000162828024019458/0001628280-24-019458.hdr.sgml",
            "status_code": "200"
          },
          {
            "content_sha256": "f341845e215141931dc90784b68029990cc476a6e536b50848e7c9dca2391add",
            "document_name": "mar-20240501.htm",
            "error": "",
            "source_url": "https://www.sec.gov/Archives/edgar/data/1048286/000162828024019458/mar-20240501.htm",
            "status_code": "200"
          },
          {
            "content_sha256": "29dbc2a3456f283a9ff29b532e05d51631867f1bb44bf3612fac02d8f1e64b92",
            "document_name": "0001628280-24-033622.hdr.sgml",
            "error": "",
            "source_url": "https://www.sec.gov/Archives/edgar/data/1048286/000162828024033622/0001628280-24-033622.hdr.sgml",
            "status_code": "200"
          },
          {
            "content_sha256": "0b73a2ec2d71f17dda4448ce8991117fe88a1a0693f05739e8712fded2e73ad7",
            "document_name": "mar-20240731.htm",
            "error": "",
            "source_url": "https://www.sec.gov/Archives/edgar/data/1048286/000162828024033622/mar-20240731.htm",
            "status_code": "200"
          },
          {
            "content_sha256": "1786b36a5e74faf58effc60ba6758d080131f80482e8f7e1bd777650bfa2bc5f",
            "document_name": "0001628280-24-037852.hdr.sgml",
            "error": "",
            "source_url": "https://www.sec.gov/Archives/edgar/data/1048286/000162828024037852/0001628280-24-037852.hdr.sgml",
            "status_code": "200"
          },
          {
            "content_sha256": "528bfef8ea1fdc1d68cdab28a4a0d8e08c0db61a0cadf34b169aff5a3afb7e2e",
            "document_name": "mar-20240819.htm",
            "error": "",
            "source_url": "https://www.sec.gov/Archives/edgar/data/1048286/000162828024037852/mar-20240819.htm",
            "status_code": "200"
          },
          {
            "content_sha256": "a70767e5cc7a7ce242f87f9051a0c801016d12a4b4341b41fa4a1e744716f880",
            "document_name": "0001628280-24-044831.hdr.sgml",
            "error": "",
            "source_url": "https://www.sec.gov/Archives/edgar/data/1048286/000162828024044831/0001628280-24-044831.hdr.sgml",
            "status_code": "200"
          },
          {
            "content_sha256": "3dcc91d64130d0487b0dd776ecdeda1204a9e11f3d739faa628faaad0c1877cb",
            "document_name": "mar-20241104.htm",
            "error": "",
            "source_url": "https://www.sec.gov/Archives/edgar/data/1048286/000162828024044831/mar-20241104.htm",
            "status_code": "200"
          },
          {
            "content_sha256": "4e94fd03f5e3cb69234b4f7f3983fcf702a37ffb3445d29cd0d3ffaf220b2aff",
            "document_name": "0001628280-25-004772.hdr.sgml",
            "error": "",
            "source_url": "https://www.sec.gov/Archives/edgar/data/1048286/000162828025004772/0001628280-25-004772.hdr.sgml",
            "status_code": "200"
          },
          {
            "content_sha256": "cde6d9fac69fa87cc232f3e56f991ea1fb6637b98f6a8595e6e60c5d95945d2d",
            "document_name": "mar-20250211.htm",
            "error": "",
            "source_url": "https://www.sec.gov/Archives/edgar/data/1048286/000162828025004772/mar-20250211.htm",
            "status_code": "200"
          },
          {
            "content_sha256": "9bd1132e98da300604df61534c0fada12fc9f6a57be30aefa6b6d47a00b26c7d",
            "document_name": "index.json",
            "error": "",
            "source_url": "https://www.sec.gov/Archives/edgar/data/1048286/000162828025004818/index.json",
            "status_code": "200"
          },
          {
            "content_sha256": "32a365d594e905c7b4fa8dac8efa501c9ca4ffeabe2579baf8e96bd52e08b131",
            "document_name": "mar-20241231.htm",
            "error": "",
            "source_url": "https://www.sec.gov/Archives/edgar/data/1048286/000162828025004818/mar-20241231.htm",
            "status_code": "200"
          },
          {
            "content_sha256": "86079986e69065c1c561543f263ba9d1ca2d41fda7ad3cf027be5a855848bbca",
            "document_name": "mar-20241231_htm.xml",
            "error": "",
            "source_url": "https://www.sec.gov/Archives/edgar/data/1048286/000162828025004818/mar-20241231_htm.xml",
            "status_code": "200"
          },
          {
            "content_sha256": "33c79bd1b02375176040dde689e87ac5dc1fc731b97781972c6718697dc45063",
            "document_name": "0001628280-25-022390.hdr.sgml",
            "error": "",
            "source_url": "https://www.sec.gov/Archives/edgar/data/1048286/000162828025022390/0001628280-25-022390.hdr.sgml",
            "status_code": "200"
          },
          {
            "content_sha256": "e7d86dff6f2b681b9adb33d54e454fa00093e86557f5204f926e64b03bad8311",
            "document_name": "mar-20250506.htm",
            "error": "",
            "source_url": "https://www.sec.gov/Archives/edgar/data/1048286/000162828025022390/mar-20250506.htm",
            "status_code": "200"
          },
          {
            "content_sha256": "9c277c824dbe666f4e8ce126dd384f2e7db10f387e0e3e236528915755b29e81",
            "document_name": "0001628280-25-037592.hdr.sgml",
            "error": "",
            "source_url": "https://www.sec.gov/Archives/edgar/data/1048286/000162828025037592/0001628280-25-037592.hdr.sgml",
            "status_code": "200"
          },
          {
            "content_sha256": "8a305a1d91f7844d9b33127953592cb4a2df1f96ea849c17b3c977b310281be4",
            "document_name": "mar-20250805.htm",
            "error": "",
            "source_url": "https://www.sec.gov/Archives/edgar/data/1048286/000162828025037592/mar-20250805.htm",
            "status_code": "200"
          }
        ],
        "version": "6f30403ecac247ce9ef617737bd866bf"
      },
      "new_calls": {
        "provider": 0,
        "paid": 0,
        "sec": 0
      },
      "production_authorized": false,
      "requested_fiscal_year": 2025,
      "defect_holds": [],
      "read_result_id": "sha256:6a205f117a3b49cb89126cad1b9c7b6e719c926653601663561dba0e8981d554",
      "record_root": "/Users/lyuhongwang/.local/state/sec_metrics/issue47-development-evidence/historical-events-1791533683465988000/state/updates/E05/periods/FY2025/results/6f30403ecac247ce9ef617737bd866bf",
      "program_version": {
        "commit": "1103806f485b442329f7984e8bbef9c0efac16a5",
        "has_uncommitted_changes": true
      }
    }
  ],
  "source_root": "/Users/lyuhongwang/.codex/worktrees/7e99/SEC_metrics-issue47-company-verified-source-20261006/source-inputs",
  "program_root": "/Users/lyuhongwang/.codex/worktrees/issue47-history-continue/SEC_metrics",
  "record_root": "/Users/lyuhongwang/.local/state/sec_metrics/issue47-development-evidence/historical-events-1791533683465988000/state",
  "output_root": "/Users/lyuhongwang/.local/state/sec_metrics/issue47-development-evidence/historical-events-1791533683465988000/runs/20261009T081733Z-9b9ccd4d",
  "source_mode": "SAVED_ONLY_NO_ONLINE_DISCOVERY",
  "calls": {
    "provider": 0,
    "paid": 0,
    "sec": 0
  },
  "production_authorized": false,
  "selected_fiscal_years": [
    2025
  ]
}
