company_id,metric_id,result_category,quality,applicability,value,unit,reason_code,source_period,implementation_identity,evidence_type,source_credit,selected_evidence,current_head_full_revalidated,real_disclosure_limitation_established,remaining_responsibility
marriott_international,A01,STRUCTURAL_NOT_APPLICABLE,NONE,N_A_STRUCTURAL,,,TRAIT_NOT_APPLICABLE,"{""fiscal_year"": 2025, ""period_start"": ""2025-12-31"", ""period_end"": ""2025-12-31""}","{""run_id"": ""run:ordinary-integrated:5daf6d4037f560418189493fd7deba4f271cc170671fd756b515abd4f1a86c76"", ""result_id"": ""sha256:a772de77c5a082dfd48a80bc557fea72143014f5a815bf759ea76429be4ec435"", ""spec_closure_hash"": ""sha256:ee54ac53602bbc07c6449b627bd2449f30136e32d245764a847dc6282782a063"", ""head"": ""1c9f5621e4e09f891d597fa7edcea970a3d434dc"", ""evidence_date"": ""2026-09-12"", ""current_code_replay_claim"": false}",SAVED_SEC_ORIGINAL_NATIVE_DEVELOPMENT_RESULT,SAVED_ORIGINAL_SEC_SOURCE_NO_NEW_ACQUISITION,"{""path"": ""docs/evidence/issue28_continuous/completed-v14-batch-340/summary.json"", ""selector"": ""marriott_international/A01""}",False,False,Current affected-path evidence and unified update/release acceptance; no blanket rerun claim
marriott_international,A02,STRUCTURAL_NOT_APPLICABLE,NONE,N_A_STRUCTURAL,,,TRAIT_NOT_APPLICABLE,"{""fiscal_year"": 2025, ""period_start"": ""2025-12-31"", ""period_end"": ""2025-12-31""}","{""run_id"": ""run:ordinary-integrated:73712f166fc7e636857ca8025a78d452f753351b380c128d5e66d570d05a9d57"", ""result_id"": ""sha256:339b657ebc1caca9713bff0dc0e985be8078adb66c36c0e44aaa1cce2051fe10"", ""spec_closure_hash"": ""sha256:9f8a3bbf1bd4ac8229960d9ea59887842a0fbe1e5573c2dbaf9965044e91636d"", ""head"": ""1c9f5621e4e09f891d597fa7edcea970a3d434dc"", ""evidence_date"": ""2026-09-12"", ""current_code_replay_claim"": false}",SAVED_SEC_ORIGINAL_NATIVE_DEVELOPMENT_RESULT,SAVED_ORIGINAL_SEC_SOURCE_NO_NEW_ACQUISITION,"{""path"": ""docs/evidence/issue28_continuous/completed-v14-batch-340/summary.json"", ""selector"": ""marriott_international/A02""}",False,False,Current affected-path evidence and unified update/release acceptance; no blanket rerun claim
marriott_international,A03,STRUCTURAL_NOT_APPLICABLE,NONE,N_A_STRUCTURAL,,,TRAIT_NOT_APPLICABLE,"{""fiscal_year"": 2025, ""period_start"": ""2025-01-01"", ""period_end"": ""2025-12-31""}","{""run_id"": ""run:ordinary-integrated:79da4390ccd16dabeccc22d06acb73a24b7207108b40004a4cfbb8699c7415e6"", ""result_id"": ""sha256:d8d05e78f1934b6ff44158735758eb992d6e33365b1fb9c625403e4f0590d96a"", ""spec_closure_hash"": ""sha256:99ff7afa51744213038acd97d91f0d62d641a1090f96fa85d860708579d64601"", ""head"": ""1c9f5621e4e09f891d597fa7edcea970a3d434dc"", ""evidence_date"": ""2026-09-12"", ""current_code_replay_claim"": false}",SAVED_SEC_ORIGINAL_NATIVE_DEVELOPMENT_RESULT,SAVED_ORIGINAL_SEC_SOURCE_NO_NEW_ACQUISITION,"{""path"": ""docs/evidence/issue28_continuous/completed-v14-batch-340/summary.json"", ""selector"": ""marriott_international/A03""}",False,False,Current affected-path evidence and unified update/release acceptance; no blanket rerun claim
marriott_international,A04,STRUCTURAL_NOT_APPLICABLE,NONE,N_A_STRUCTURAL,,,TRAIT_NOT_APPLICABLE,"{""fiscal_year"": 2025, ""period_start"": ""2025-01-01"", ""period_end"": ""2025-12-31""}","{""run_id"": ""run:ordinary-integrated:ba37c90d92cc1dd3e374fc017e1e3c2246ffab336dbc3dca03807a67acd104bc"", ""result_id"": ""sha256:3a4da99c6d6a909d5504dbbfb2adf52b8cefb78f58c01ae208e466dd06762433"", ""spec_closure_hash"": ""sha256:bf1f13bb535f9b2004629af329532e19d87362d41606540da719b789229e9282"", ""head"": ""1c9f5621e4e09f891d597fa7edcea970a3d434dc"", ""evidence_date"": ""2026-09-12"", ""current_code_replay_claim"": false}",SAVED_SEC_ORIGINAL_NATIVE_DEVELOPMENT_RESULT,SAVED_ORIGINAL_SEC_SOURCE_NO_NEW_ACQUISITION,"{""path"": ""docs/evidence/issue28_continuous/completed-v14-batch-340/summary.json"", ""selector"": ""marriott_international/A04""}",False,False,Current affected-path evidence and unified update/release acceptance; no blanket rerun claim
marriott_international,A05,STRUCTURAL_NOT_APPLICABLE,NONE,N_A_STRUCTURAL,,,TRAIT_NOT_APPLICABLE,"{""fiscal_year"": 2025, ""period_start"": ""2025-01-01"", ""period_end"": ""2025-12-31""}","{""run_id"": ""run:ordinary-integrated:e10aeebefaa0039840591682eb1f6484dd13429aec4f352be7a4333ab3cc49b0"", ""result_id"": ""sha256:b603a640f4d5bd519a3738f2f99fb6c170cfa9952cfa16899679eba87b1e65b3"", ""spec_closure_hash"": ""sha256:e0ecf50b6a31a389933921d927ba00ca640b5b49002526cb537afa70be1e7ca3"", ""head"": ""1c9f5621e4e09f891d597fa7edcea970a3d434dc"", ""evidence_date"": ""2026-09-12"", ""current_code_replay_claim"": false}",SAVED_SEC_ORIGINAL_NATIVE_DEVELOPMENT_RESULT,SAVED_ORIGINAL_SEC_SOURCE_NO_NEW_ACQUISITION,"{""path"": ""docs/evidence/issue28_continuous/completed-v14-batch-340/summary.json"", ""selector"": ""marriott_international/A05""}",False,False,Current affected-path evidence and unified update/release acceptance; no blanket rerun claim
marriott_international,A06,STRUCTURAL_NOT_APPLICABLE,NONE,N_A_STRUCTURAL,,,TRAIT_NOT_APPLICABLE,"{""fiscal_year"": 2025, ""period_start"": ""2025-01-01"", ""period_end"": ""2025-12-31""}","{""run_id"": ""run:ordinary-integrated:5d161cb6cfe3d3d6ccf4726833f208224baff356ce08e59747cdedf5507c962b"", ""result_id"": ""sha256:1f306daa289be58d242a1f1d8b1ab1a884e31d95757d0b5d650417533ee9dd4c"", ""spec_closure_hash"": ""sha256:db527edadcca6b1b16a6442dd42972c51ec1b9a45b54e3faf636387980327ee2"", ""head"": ""1c9f5621e4e09f891d597fa7edcea970a3d434dc"", ""evidence_date"": ""2026-09-12"", ""current_code_replay_claim"": false}",SAVED_SEC_ORIGINAL_NATIVE_DEVELOPMENT_RESULT,SAVED_ORIGINAL_SEC_SOURCE_NO_NEW_ACQUISITION,"{""path"": ""docs/evidence/issue28_continuous/completed-v14-batch-340/summary.json"", ""selector"": ""marriott_international/A06""}",False,False,Current affected-path evidence and unified update/release acceptance; no blanket rerun claim
marriott_international,A07,STRUCTURAL_NOT_APPLICABLE,NONE,N_A_STRUCTURAL,,,TRAIT_NOT_APPLICABLE,"{""fiscal_year"": 2025, ""period_start"": ""2025-01-01"", ""period_end"": ""2025-12-31""}","{""run_id"": ""run:ordinary-integrated:07675e8f031b735244551792bb503d2b4308c2af7e988e6ec9bad747cb7f38ca"", ""result_id"": ""sha256:c6df888304616aaf5aae46e0200b030fe50caf5ad83a003abb51517cd17cefab"", ""spec_closure_hash"": ""sha256:3735428ca12d51893ed0b3e20a9563cb95cf7f90b4bcef3b2bcec9a947893b50"", ""head"": ""1c9f5621e4e09f891d597fa7edcea970a3d434dc"", ""evidence_date"": ""2026-09-12"", ""current_code_replay_claim"": false}",SAVED_SEC_ORIGINAL_NATIVE_DEVELOPMENT_RESULT,SAVED_ORIGINAL_SEC_SOURCE_NO_NEW_ACQUISITION,"{""path"": ""docs/evidence/issue28_continuous/completed-v14-batch-340/summary.json"", ""selector"": ""marriott_international/A07""}",False,False,Current affected-path evidence and unified update/release acceptance; no blanket rerun claim
marriott_international,A08,STRUCTURAL_NOT_APPLICABLE,NONE,N_A_STRUCTURAL,,,TRAIT_NOT_APPLICABLE,"{""fiscal_year"": 2025, ""period_start"": ""2025-01-01"", ""period_end"": ""2025-12-31""}","{""run_id"": ""run:ordinary-integrated:69150c556648d73f2d45e9a463b48834b1cac2d8463e77e67af24a52c9447f4b"", ""result_id"": ""sha256:f5e771b7da9a3aadefbcf097e8b09f71ae93df0cf7082c801d9d5de9ca955b53"", ""spec_closure_hash"": ""sha256:7e4658f2194d7a47cb8f7db5ff517ffc1eda25bc02db87b548cf6cfea0d2b65c"", ""head"": ""1c9f5621e4e09f891d597fa7edcea970a3d434dc"", ""evidence_date"": ""2026-09-12"", ""current_code_replay_claim"": false}",SAVED_SEC_ORIGINAL_NATIVE_DEVELOPMENT_RESULT,SAVED_ORIGINAL_SEC_SOURCE_NO_NEW_ACQUISITION,"{""path"": ""docs/evidence/issue28_continuous/completed-v14-batch-340/summary.json"", ""selector"": ""marriott_international/A08""}",False,False,Current affected-path evidence and unified update/release acceptance; no blanket rerun claim
marriott_international,A09,STRUCTURAL_NOT_APPLICABLE,NONE,N_A_STRUCTURAL,,,TRAIT_NOT_APPLICABLE,"{""fiscal_year"": 2025, ""period_start"": ""2025-01-01"", ""period_end"": ""2025-12-31""}","{""run_id"": ""run:ordinary-integrated:73f864b3417e317a43bf5257bbe95c040244e02e6c0447f9c04a0b7bed7e2323"", ""result_id"": ""sha256:a58f8b649cc623cb4baa5facc4b297ed5fefa7fc53d7d9790cc09f907f2432ed"", ""spec_closure_hash"": ""sha256:aaafb1f1c5a4318007074875776ccc6f92edffe5a78d610a729f0a46775b7dd4"", ""head"": ""1c9f5621e4e09f891d597fa7edcea970a3d434dc"", ""evidence_date"": ""2026-09-12"", ""current_code_replay_claim"": false}",SAVED_SEC_ORIGINAL_NATIVE_DEVELOPMENT_RESULT,SAVED_ORIGINAL_SEC_SOURCE_NO_NEW_ACQUISITION,"{""path"": ""docs/evidence/issue28_continuous/completed-v14-batch-340/summary.json"", ""selector"": ""marriott_international/A09""}",False,False,Current affected-path evidence and unified update/release acceptance; no blanket rerun claim
marriott_international,A10,STRUCTURAL_NOT_APPLICABLE,NONE,N_A_STRUCTURAL,,,TRAIT_NOT_APPLICABLE,"{""fiscal_year"": 2025, ""period_start"": ""2025-12-31"", ""period_end"": ""2025-12-31""}","{""run_id"": ""run:ordinary-integrated:d6c7e703f3ef80a56403ba274361c67129387f00ceb9c8d7c490676901961eba"", ""result_id"": ""sha256:f22503585481b21143efcc9d24d69b2b7b1fec08d13025813059582f08d22437"", ""spec_closure_hash"": ""sha256:f8a5d6747d7e4d250993643766b19b83ab12f39ddbe3b0e9e341fe00cf5c5ffb"", ""head"": ""1c9f5621e4e09f891d597fa7edcea970a3d434dc"", ""evidence_date"": ""2026-09-12"", ""current_code_replay_claim"": false}",SAVED_SEC_ORIGINAL_NATIVE_DEVELOPMENT_RESULT,SAVED_ORIGINAL_SEC_SOURCE_NO_NEW_ACQUISITION,"{""path"": ""docs/evidence/issue28_continuous/completed-v14-batch-340/summary.json"", ""selector"": ""marriott_international/A10""}",False,False,Current affected-path evidence and unified update/release acceptance; no blanket rerun claim
marriott_international,A11,STRUCTURAL_NOT_APPLICABLE,NONE,N_A_STRUCTURAL,,,TRAIT_NOT_APPLICABLE,"{""fiscal_year"": 2025, ""period_start"": ""2025-01-01"", ""period_end"": ""2025-12-31""}","{""run_id"": ""run:ordinary-integrated:a9a3b1483374854042d121802da10694eb5fcb3aceedd1e68ff664168a50d531"", ""result_id"": ""sha256:7a34f873a53e537074c27705abe8f9007be64d7dbb2e5736b662cc4238d49f47"", ""spec_closure_hash"": ""sha256:87645fa1422b2ac635a9383b5b30d40091d45a819a3789d8415c1ed00dbc234b"", ""head"": ""1c9f5621e4e09f891d597fa7edcea970a3d434dc"", ""evidence_date"": ""2026-09-12"", ""current_code_replay_claim"": false}",SAVED_SEC_ORIGINAL_NATIVE_DEVELOPMENT_RESULT,SAVED_ORIGINAL_SEC_SOURCE_NO_NEW_ACQUISITION,"{""path"": ""docs/evidence/issue28_continuous/completed-v14-batch-340/summary.json"", ""selector"": ""marriott_international/A11""}",False,False,Current affected-path evidence and unified update/release acceptance; no blanket rerun claim
marriott_international,A12,STRUCTURAL_NOT_APPLICABLE,NONE,N_A_STRUCTURAL,,,TRAIT_NOT_APPLICABLE,"{""fiscal_year"": 2025, ""period_start"": ""2025-01-01"", ""period_end"": ""2025-12-31""}","{""run_id"": ""run:ordinary-integrated:56477c26ef8537b36bfc9415436657aeffd4b74b46c10b437cfd09d04fd5d929"", ""result_id"": ""sha256:863f42a636842798848a3e75b73f33679949c8a5389e9de4409f84bcab328b0f"", ""spec_closure_hash"": ""sha256:338264b583c2d2458cb3f73d060e1a42fa9d90a20e51be961394fc27ae62b213"", ""head"": ""1c9f5621e4e09f891d597fa7edcea970a3d434dc"", ""evidence_date"": ""2026-09-12"", ""current_code_replay_claim"": false}",SAVED_SEC_ORIGINAL_NATIVE_DEVELOPMENT_RESULT,SAVED_ORIGINAL_SEC_SOURCE_NO_NEW_ACQUISITION,"{""path"": ""docs/evidence/issue28_continuous/completed-v14-batch-340/summary.json"", ""selector"": ""marriott_international/A12""}",False,False,Current affected-path evidence and unified update/release acceptance; no blanket rerun claim
marriott_international,A13,STRUCTURAL_NOT_APPLICABLE,NONE,N_A_STRUCTURAL,,,TRAIT_NOT_APPLICABLE,"{""fiscal_year"": 2025, ""period_start"": ""2025-01-01"", ""period_end"": ""2025-12-31""}","{""run_id"": ""run:ordinary-integrated:33b0f1891009878c2a8f0e4475509f891627bfe1750d5eb88f1bf64bdf5668ab"", ""result_id"": ""sha256:d4c25b1caed57a386b2b92ff8f7f5c026619ed0c5c6a8167cd12380c24172550"", ""spec_closure_hash"": ""sha256:94699b6e1c2c5d8f8e5b048007c5f863416fb4072489b274929dd4ae03716b09"", ""head"": ""1c9f5621e4e09f891d597fa7edcea970a3d434dc"", ""evidence_date"": ""2026-09-12"", ""current_code_replay_claim"": false}",SAVED_SEC_ORIGINAL_NATIVE_DEVELOPMENT_RESULT,SAVED_ORIGINAL_SEC_SOURCE_NO_NEW_ACQUISITION,"{""path"": ""docs/evidence/issue28_continuous/completed-v14-batch-340/summary.json"", ""selector"": ""marriott_international/A13""}",False,False,Current affected-path evidence and unified update/release acceptance; no blanket rerun claim
marriott_international,B01,NUMERIC_RESULT,EXACT,APPLICABLE,26186000000,USD,PASS,"{""fiscal_year"": 2025, ""period_start"": ""2025-01-01"", ""period_end"": ""2025-12-31""}","{""run_id"": ""run:ordinary-integrated:c02b27a03eff03ebb1bdb0031785b5ab8f2d4d14d318bcc2969eb0039998bcc9"", ""result_id"": ""sha256:e279b28db1cecf3434d84fb7455717e5f7340a7e64310d84af935c92e55288bc"", ""spec_closure_hash"": ""sha256:300424426d0397ce04f6ce6f6df3a2e12259904060d31e47d8664df6e5f3d8f8"", ""head"": ""1c9f5621e4e09f891d597fa7edcea970a3d434dc"", ""evidence_date"": ""2026-09-12"", ""current_code_replay_claim"": false}",SAVED_SEC_ORIGINAL_NATIVE_DEVELOPMENT_RESULT,SAVED_ORIGINAL_SEC_SOURCE_NO_NEW_ACQUISITION,"{""path"": ""docs/evidence/issue28_continuous/completed-v14-batch-340/summary.json"", ""selector"": ""marriott_international/B01""}",False,False,Current affected-path evidence and unified update/release acceptance; no blanket rerun claim
marriott_international,B02,NUMERIC_RESULT,EXACT,APPLICABLE,0.04326693227091633466135458167,ratio,PASS,"{""fiscal_year"": 2025, ""period_start"": ""2025-01-01"", ""period_end"": ""2025-12-31""}","{""run_id"": ""run:ordinary-integrated:d8ddfd61bee9c2bec0826f9aebc6b5795a057f3e5cf6172a464b234f63c9d43c"", ""result_id"": ""sha256:dff8ee332821e42e593acd7b7c3b80d8c6a629abf9c1266bef7cc32b33178159"", ""spec_closure_hash"": ""sha256:7f569259f31e7d0bd237ca8ba6bc368cbf55d47453f86915c4cf8e0638868a76"", ""head"": ""1c9f5621e4e09f891d597fa7edcea970a3d434dc"", ""evidence_date"": ""2026-09-12"", ""current_code_replay_claim"": false}",SAVED_SEC_ORIGINAL_NATIVE_DEVELOPMENT_RESULT,SAVED_ORIGINAL_SEC_SOURCE_NO_NEW_ACQUISITION,"{""path"": ""docs/evidence/issue28_continuous/completed-v14-batch-340/summary.json"", ""selector"": ""marriott_international/B02""}",False,False,Current affected-path evidence and unified update/release acceptance; no blanket rerun claim
marriott_international,B03,NUMERIC_RESULT,EXACT,APPLICABLE,0.1756281982738868097456656229,ratio,PASS,"{""fiscal_year"": 2025, ""period_start"": ""2025-01-01"", ""period_end"": ""2025-12-31""}","{""run_id"": ""run:ordinary-integrated:b5e9b4cc855e2384d989d01e23270bd312e32f4cc82680ca498007f620ce2df9"", ""result_id"": ""sha256:3043aa63cbf7616f9866fb93b8f69200a2246a33dfec8f1d09502a34af39a72a"", ""spec_closure_hash"": ""sha256:706e541ffaf0e1d2cc091b56a635485a2145e70f40f86a401fa2e2c5b0a471e5"", ""head"": ""1c9f5621e4e09f891d597fa7edcea970a3d434dc"", ""evidence_date"": ""2026-09-12"", ""current_code_replay_claim"": false}",SAVED_SEC_ORIGINAL_NATIVE_DEVELOPMENT_RESULT,SAVED_ORIGINAL_SEC_SOURCE_NO_NEW_ACQUISITION,"{""path"": ""docs/evidence/issue28_continuous/completed-v14-batch-340/summary.json"", ""selector"": ""marriott_international/B03""}",False,False,Current affected-path evidence and unified update/release acceptance; no blanket rerun claim
marriott_international,B04,NUMERIC_RESULT,EXACT,APPLICABLE,2601000000,USD,PASS,"{""fiscal_year"": 2025, ""period_start"": ""2025-01-01"", ""period_end"": ""2025-12-31""}","{""run_id"": ""run:ordinary-integrated:c7f9b4b18b9d890d229258f5fc2ad17f1da1a6406f553c13f88361a3cbca01c6"", ""result_id"": ""sha256:c87ee735d9b6f33bbecd5c35658a4f5791dac5956341ab46244076781cade5d2"", ""spec_closure_hash"": ""sha256:22b0fe3ad2841f90450d503cd628fe65207ae1777968156abc13c4ee28ffb3e2"", ""head"": ""1c9f5621e4e09f891d597fa7edcea970a3d434dc"", ""evidence_date"": ""2026-09-12"", ""current_code_replay_claim"": false}",SAVED_SEC_ORIGINAL_NATIVE_DEVELOPMENT_RESULT,SAVED_ORIGINAL_SEC_SOURCE_NO_NEW_ACQUISITION,"{""path"": ""docs/evidence/issue28_continuous/completed-v14-batch-340/summary.json"", ""selector"": ""marriott_international/B04""}",False,False,Current affected-path evidence and unified update/release acceptance; no blanket rerun claim
marriott_international,B05,NUMERIC_RESULT,EXACT,APPLICABLE,2608000000,USD,PASS,"{""fiscal_year"": 2025, ""period_start"": ""2025-01-01"", ""period_end"": ""2025-12-31""}","{""run_id"": ""run:ordinary-integrated:7db05cf76a1c25e5c2cfc718f2f2ff15d47859aa6398368e9136932bb7f0d27a"", ""result_id"": ""sha256:e2bffe807958df738353c6f337bd40562f5c71f79d5171b8c8c12f3cfa0656a1"", ""spec_closure_hash"": ""sha256:7fc421991b42d822b96675ac584b32e0af843a34923a90cb316cc13386debdae"", ""head"": ""1c9f5621e4e09f891d597fa7edcea970a3d434dc"", ""evidence_date"": ""2026-09-12"", ""current_code_replay_claim"": false}",SAVED_SEC_ORIGINAL_NATIVE_DEVELOPMENT_RESULT,SAVED_ORIGINAL_SEC_SOURCE_NO_NEW_ACQUISITION,"{""path"": ""docs/evidence/issue28_continuous/completed-v14-batch-340/summary.json"", ""selector"": ""marriott_international/B05""}",False,False,Current affected-path evidence and unified update/release acceptance; no blanket rerun claim
marriott_international,B06,NOT_MEANINGFUL,NOT_MEANINGFUL,APPLICABLE,,,DENOMINATOR_NONPOSITIVE,"{""fiscal_year"": 2025, ""period_start"": ""2025-12-31"", ""period_end"": ""2025-12-31""}","{""run_id"": ""run:ordinary-integrated:2eb526481bdbdae4f15c16df467c1e2635c2675c8a4ca0698f28fcf38fd415a5"", ""result_id"": ""sha256:a847e60210e698fc5b86fa65234f58c12dbf2be4d8d31a05a17ddd6cd87fa842"", ""spec_closure_hash"": ""sha256:53f9e16980b3401f1ad2fa90e44ea16ff908f9e6a9f73fa6a443ef73b28cb1e0"", ""requirement_closure_hash"": ""sha256:2c7f64c2b35fc477988ba0779d173d43e900db4aca53ba08a11af03a7db1acbd""}",SAVED_SEC_ORIGINAL_NATIVE_DEVELOPMENT_RESULT,SAVED_ORIGINAL_SEC_SOURCE_NO_NEW_ACQUISITION,"{""path"": ""docs/evidence/issue28_continuous/integrated-amendment-repairs/denominator/summary.json"", ""selector"": ""marriott_international/B06""}",False,False,Current affected-path evidence and unified update/release acceptance; no blanket rerun claim
marriott_international,B07,NUMERIC_RESULT,EXACT,APPLICABLE,5.118665018541409147095179234,ratio,PASS,"{""fiscal_year"": 2025, ""period_start"": ""2025-01-01"", ""period_end"": ""2025-12-31""}","{""run_id"": ""run:ordinary-integrated:24cf638918961d26a238e650f16cef306bacbcd95b9bf27598c19190ba08cb95"", ""result_id"": ""sha256:b5199f67eb551da449705600f3763dfba9df83d981a4445e5120e48499bbe557"", ""spec_closure_hash"": ""sha256:0eb533e576d3bbcb418812e362d9e377373f83c76dd9bfa62ecb41d49475bb78"", ""requirement_closure_hash"": ""sha256:2c7f64c2b35fc477988ba0779d173d43e900db4aca53ba08a11af03a7db1acbd""}",SAVED_SEC_ORIGINAL_NATIVE_DEVELOPMENT_RESULT,SAVED_ORIGINAL_SEC_SOURCE_NO_NEW_ACQUISITION,"{""path"": ""docs/evidence/issue28_continuous/integrated-amendment-repairs/denominator/summary.json"", ""selector"": ""marriott_international/B07""}",False,False,Current affected-path evidence and unified update/release acceptance; no blanket rerun claim
marriott_international,B08,NUMERIC_RESULT,EXACT,APPLICABLE,0.4267682781614670159561800429,ratio,PASS,"{""fiscal_year"": 2025, ""period_start"": ""2025-12-31"", ""period_end"": ""2025-12-31""}","{""run_id"": ""run:ordinary-integrated:b8336a1e0f387273f57ad04a79addd642a60f84b6fd0bc9fa00cad9b501140ce"", ""result_id"": ""sha256:01b91bc5a28e83d72e93c22541865de0411d1daf1f247870d6a90b2f6bcea314"", ""spec_closure_hash"": ""sha256:5c803b9c8f773c348d4279249eeb56b603221e55938f39cba7801b3d77a517b6"", ""head"": ""1c9f5621e4e09f891d597fa7edcea970a3d434dc"", ""evidence_date"": ""2026-09-12"", ""current_code_replay_claim"": false}",SAVED_SEC_ORIGINAL_NATIVE_DEVELOPMENT_RESULT,SAVED_ORIGINAL_SEC_SOURCE_NO_NEW_ACQUISITION,"{""path"": ""docs/evidence/issue28_continuous/completed-v14-batch-340/summary.json"", ""selector"": ""marriott_international/B08""}",False,False,Current affected-path evidence and unified update/release acceptance; no blanket rerun claim
marriott_international,B09,NUMERIC_RESULT,EXACT,APPLICABLE,358000000,USD,PASS,"{""fiscal_year"": 2025, ""period_start"": ""2025-12-31"", ""period_end"": ""2025-12-31""}","{""run_id"": ""run:ordinary-integrated:371728ccfabff1d6d32f05f375ce8733bcf07e368bba1b196ccd9ecf49698d28"", ""result_id"": ""sha256:4e215a7f2742c4e9891341a7d7a51281089b85b9cb9e53bd73177861e094411f"", ""spec_closure_hash"": ""sha256:25be3c461b082e4b74950c85e39b093568b807aa22c500370579f697f9381b3f"", ""head"": ""1c9f5621e4e09f891d597fa7edcea970a3d434dc"", ""evidence_date"": ""2026-09-12"", ""current_code_replay_claim"": false}",SAVED_SEC_ORIGINAL_NATIVE_DEVELOPMENT_RESULT,SAVED_ORIGINAL_SEC_SOURCE_NO_NEW_ACQUISITION,"{""path"": ""docs/evidence/issue28_continuous/completed-v14-batch-340/summary.json"", ""selector"": ""marriott_international/B09""}",False,False,Current affected-path evidence and unified update/release acceptance; no blanket rerun claim
marriott_international,B10,NUMERIC_RESULT,EXACT,APPLICABLE,0.693,ratio,PASS,"{""fiscal_year"": 2025, ""period_start"": ""2025-01-01"", ""period_end"": ""2025-12-31""}","{""run_id"": ""run:ordinary-integrated:23e177a228fd83b0b9799beda94bbbc0dd54837611852c0f09409a86480dcd50"", ""result_id"": ""sha256:99aa23eb1fa7ca190a86c64b492d7b0e7c43735c7b5ab0b31ee9fda736be4edf"", ""spec_closure_hash"": ""sha256:1e61acee56a83be8e1fc83b80c8ed3c5f53cc147376a0761280a64fa5a4ac817"", ""requirement_closure_hash"": ""sha256:f7352d6cffff8d28f18315c2acf2ff16205567b32d41cd526e2afb1327c95284""}",SAVED_SEC_ORIGINAL_NATIVE_DEVELOPMENT_RESULT,SAVED_ORIGINAL_SEC_SOURCE_NO_NEW_ACQUISITION,"{""path"": ""docs/evidence/issue28_continuous/ordinary-lodging/current-native/summary.json"", ""selector"": ""marriott_international/B10""}",False,False,Current affected-path evidence and unified update/release acceptance; no blanket rerun claim
marriott_international,B11,NUMERIC_RESULT,EXACT,APPLICABLE,128.8,USD,PASS,"{""fiscal_year"": 2025, ""period_start"": ""2025-01-01"", ""period_end"": ""2025-12-31""}","{""run_id"": ""run:ordinary-integrated:9112999006dba05ea8dec7fe5ca089969288f06998e1352cf6ae7bd5d7cfadb6"", ""result_id"": ""sha256:ae7ab493bc2adb1bc0546d4ec10b2f9510edf0b4d014f50083eaeb8a9c130ee6"", ""spec_closure_hash"": ""sha256:6f9cab9c1c477f4210dadf7fa4f018ffeb7f67588be5f6811cf50bd6092e94bc"", ""requirement_closure_hash"": ""sha256:f7352d6cffff8d28f18315c2acf2ff16205567b32d41cd526e2afb1327c95284""}",SAVED_SEC_ORIGINAL_NATIVE_DEVELOPMENT_RESULT,SAVED_ORIGINAL_SEC_SOURCE_NO_NEW_ACQUISITION,"{""path"": ""docs/evidence/issue28_continuous/ordinary-lodging/current-native/summary.json"", ""selector"": ""marriott_international/B11""}",False,False,Current affected-path evidence and unified update/release acceptance; no blanket rerun claim
marriott_international,B12,STRUCTURAL_NOT_APPLICABLE,NONE,N_A_STRUCTURAL,,,TRAIT_NOT_APPLICABLE,"{""fiscal_year"": 2025, ""period_start"": ""2025-12-31"", ""period_end"": ""2025-12-31""}","{""run_id"": ""run:ordinary-integrated:5ce581602079b1705b3a0dda16fbc0be5aff93b5627ce55dae655d89b20e020c"", ""result_id"": ""sha256:f8bf3cd3536b0839d599c692d1c56da0874a07f8f9e63e8ee09aa08826142fd1"", ""spec_closure_hash"": ""sha256:267b9c81c20295935d3e400903dc41bf2e3e52f87de37cd8ec9d193245320267"", ""head"": ""1c9f5621e4e09f891d597fa7edcea970a3d434dc"", ""evidence_date"": ""2026-09-12"", ""current_code_replay_claim"": false}",SAVED_SEC_ORIGINAL_NATIVE_DEVELOPMENT_RESULT,SAVED_ORIGINAL_SEC_SOURCE_NO_NEW_ACQUISITION,"{""path"": ""docs/evidence/issue28_continuous/completed-v14-batch-340/summary.json"", ""selector"": ""marriott_international/B12""}",False,False,Current affected-path evidence and unified update/release acceptance; no blanket rerun claim
marriott_international,B13,STRUCTURAL_NOT_APPLICABLE,NONE,N_A_STRUCTURAL,,,TRAIT_NOT_APPLICABLE,"{""fiscal_year"": 2025, ""period_start"": ""2025-01-01"", ""period_end"": ""2025-12-31""}","{""run_id"": ""run:ordinary-integrated:91e233e0ee3912466434934e8dde628005cc4070685f704a3f1e96e6f1d61d86"", ""result_id"": ""sha256:376e6bda8877a7ae39a8f53055091125ce8b1a825275cfe6495bcb735b313411"", ""spec_closure_hash"": ""sha256:7271dcbbc3bf761af1ec5dc130c6fdbc6528822a33bf11f98a3c0f2021f4fefb"", ""requirement_closure_hash"": ""sha256:4e6105c99e3d1741cbf72d9a4c0e71ee175740e6f3de6dc4c40a149b990ac95d""}",SAVED_SEC_ORIGINAL_NATIVE_DEVELOPMENT_RESULT,SAVED_ORIGINAL_SEC_SOURCE_NO_NEW_ACQUISITION,"{""path"": ""docs/evidence/issue28_continuous/b13-content-guards/structural-summary.json"", ""selector"": ""marriott_international/B13"", ""archive"": ""b13-content-guards/native-material.tar.gz"", ""run_records"": ""structural-3/marriott_international/run/records.jsonl"", ""run_manifest"": ""structural-3/marriott_international/run/manifest.json""}",False,False,Current affected-path evidence and unified update/release acceptance; no blanket rerun claim
marriott_international,C01,NUMERIC_RESULT,EXACT,APPLICABLE,3,count,PASS,"{""fiscal_year"": 2025, ""period_start"": ""2025-01-01"", ""period_end"": ""2025-12-31""}","{""run_id"": ""run:ordinary-integrated:56085e241bdc11c938b037f4423c5325fb01a33fe8ecda41da90365b41b2dca4"", ""result_id"": ""sha256:724b92ab35202cc6c9e26099e8d8710f1b4321b5370e7c3b3e086a1d2a895a95"", ""spec_closure_hash"": ""sha256:87a93dec6cb267aa2a6549a8ce060757267b9db8680662970f4959a040990ced"", ""head"": ""1c9f5621e4e09f891d597fa7edcea970a3d434dc"", ""evidence_date"": ""2026-09-12"", ""current_code_replay_claim"": false}",SAVED_SEC_ORIGINAL_NATIVE_DEVELOPMENT_RESULT,SAVED_ORIGINAL_SEC_SOURCE_NO_NEW_ACQUISITION,"{""path"": ""docs/evidence/issue28_continuous/completed-v14-batch-340/summary.json"", ""selector"": ""marriott_international/C01""}",False,False,Current affected-path evidence and unified update/release acceptance; no blanket rerun claim
marriott_international,C02,TEXT_RESULT,EXACT,APPLICABLE,"Debra L. Lee currently serves as the Chair of the Inclusion and Social Impact Committee and as a member of the Nominating and Corporate Governance Committee and the Executive Committee. Ms. Lee announced she will retire from the Board at the conclusion of her term and is not standing for reelection this year.
There is a strong correlation between our executive pay and Company performance. Our executive compensation program is designed to maintain this alignment, while also protecting the Company against inappropriate risk-taking and conflicts among the interests of the Company, its stockholders, and its executives. With these goals in mind, the Board and its Human Resources and Compensation Committee have implemented an executive compensation program that consists of the following key components:
The Human Resources and Compensation Committee is composed solely of independent members of the Board and retains an independent compensation consultant
As previously disclosed and described elsewhere in this proxy statement, Debra L. Lee announced she will retire from the Board at the conclusion of her term and therefore she is not being nominated for reelection as a director. As a result, her term on the Board will end at the 2026 Annual Meeting. Over more than two decades of service, Ms. Lee has helped guide the Company through transformational growth and significant senior leadership transitions while always remaining a steadfast champion of our culture and core values. As an integral member of our Inclusion and Social Impact Committee, and the committee chair since 2008, she has been instrumental in overseeing the Company’s efforts to create access to opportunity and connect people through the power of travel, and as a longstanding member of the Nominating and Corporate Governance Committee she has helped drive the Board’s leadership and composition. We are grateful for her significant contributions.
The Company’s Bylaws prescribe the voting standard for election of directors as a majority of the votes cast in an uncontested election, such as this one, where the number of nominees does not exceed the number of directors to be elected. Under this standard, a nominee must receive more “FOR” votes than “AGAINST” votes in order to be elected as a director. Under the Company’s Governance Principles, if a nominee who already serves as a director is not elected, that nominee shall tender his or her resignation to the Board. The Nominating and Corporate Governance Committee will then recommend to the Board whether to accept or reject the resignation, or whether other action should be taken. Within 90 days of the certification of election results, the Board will determine whether to accept or reject the resignation and will publicly disclose its decision promptly thereafter.
Strong Lead Independent Director. Since 2013, the Board has maintained the position of Lead Independent Director. The Lead Independent Director’s responsibilities include presiding at regular executive sessions of the independent directors as well as meetings of the Board at which the Chairman is not present, coordinating the activities of the independent directors, having the authority to convene meetings of the independent directors, and serving as a liaison between the Chairman, the President and CEO and the independent directors. The Lead Independent Director also reviews and approves, in consultation with both the Chairman and the President and CEO, Board meeting agendas and schedules, coordinates the evaluation of Board and committee performance, coordinates the assessment and evaluation of Board candidates, organizes and leads the Board’s annual evaluation of the President and CEO, makes recommendations for changes to the Company’s governance practices, and participates in direct engagement with major stockholders. The Lead Independent Director is a standing member of the Board’s Executive Committee. The Board believes that the role of the Lead Independent Director provides strong Board leadership and appropriate independent oversight. The
independent directors of the Board appoint the Lead Independent Director annually. Since 2022, the independent directors have selected Mr. Frederick A. “Fritz” Henderson to serve as the Lead Independent Director. Mr. Henderson has served on the Board since 2013 and served as our Audit Committee chair from May 2014 to May 2022, and he has extensive experience serving in a variety of other public company board leadership roles.
The Nominating and Corporate Governance Committee evaluates the composition of the Board at least annually to assess whether the skills, experience, characteristics, and other criteria established by the Board are currently represented on the Board as a whole, and by individual directors, and to assess the criteria that may be needed in the future in light of the Company’s anticipated needs. In addition, while the Board does not maintain a formal diversity policy for Board membership, the Board believes that a board comprised of directors with a variety of backgrounds and experiences improves the dialogue and decision-making in the boardroom and contributes to overall board effectiveness. The Board and the Nominating and Corporate Governance Committee seek to achieve a mix of such members, which they define broadly to include, among other things, differences in backgrounds, qualifications, experiences, viewpoints, geographic locations, education, skills and expertise, professional and industry experience, and personal characteristics. The Board believes the current directors, as a group and as individuals, embody such a mix and have the skills and expertise important to oversee our business and strategy.
A majority of our director nominees are independent with a mix of short-, medium- and long-term tenure. Five of our 12 director nominees are female and seven are male, and three of our director nominees are people of color.
The Nominating and Corporate Governance Committee will consider candidates for Board membership suggested by its members, other Board members, management, and stockholders. As a stockholder, you may recommend any person for consideration as a nominee for director by writing to the Nominating and Corporate Governance Committee of the Board of Directors, c/o Marriott International, Inc., Department 52/862, 7750 Wisconsin Avenue, Bethesda, Maryland 20814. Recommendations must include the name and address of the stockholder making the recommendation, a representation that the stockholder is a holder of record of Class A common stock, biographical information about the individual recommended, and any other information the stockholder believes would be helpful to the Nominating and Corporate Governance Committee in evaluating the individual recommended.
The Board does not have specific requirements for eligibility to serve as a director. However, in evaluating candidates, regardless of how recommended, the Nominating and Corporate Governance Committee considers the qualifications set out in the Company’s Governance Principles, including:
In addition, as described above, when evaluating director candidates, the Nominating and Corporate Governance Committee considers and discusses the extent to which a prospective nominee helps the Board achieve a mix of members that represent a variety of backgrounds and experiences. The Nominating and Corporate Governance Committee makes a recommendation to the full Board as to any persons it believes should be nominated by the Board, and the Board determines the nominees after considering the recommendation and report of the Nominating and Corporate Governance Committee. The procedures for considering candidates recommended by a stockholder for Board membership are consistent with the procedures for candidates recommended by members of the Nominating and Corporate Governance Committee, other members of the Board, or management. During 2025, the Nominating and Corporate Governance Committee did not utilize the services of a third-party executive search firm.
Grant brings years of experience as a global CEO with a proven track record in driving global business growth, consumer engagement, digital transformation, and purpose-led leadership. As President and CEO of Mars, Incorporated, a family-owned multinational manufacturer of confectionery, pet food and other food products and a provider of animal care services, Grant grew sales and expanded the workforce significantly and transformed Mars’s portfolios through innovation and acquisitions. Grant’s experience spanned advances in supply chain digitization, AI adoption, automation, data-driven decision-making, and the introduction of Mars Compass, a framework balancing strong financial performance with positive societal impact. Outside of Mars, at the invitation of King Charles III, he chaired a global CEO Task Force focused on scaling regenerative agriculture, served as a board member of Business for Inclusive Growth, and as a board member and co-chair of the Governance Committee of The Consumer Goods Forum.
The Board has adopted Governance Principles that provide a framework for our governance processes. The portion of our Governance Principles addressing director independence appears below, and the full text of the Governance Principles can be found in the Investor Relations section of the Company’s website (www.Marriott.com/Investor) by clicking on “Governance” and then “Documents & Charters.” You also may request a copy from the Company’s Secretary. Our Governance Principles establish the limit on the number of public company board memberships for the Company’s directors at two, including the Company’s Board, for directors who are chief executive officers of public companies, and four, including the Company’s Board, for other directors. Additionally, our Governance Principles provide that members of our Audit Committee should not serve on more than three audit committees of public companies, including the Company’s Audit Committee. All of our directors are in compliance with this policy. In light of these limits, as part of the annual director nomination process, the Nominating and Corporate Governance Committee considers a director’s ability to devote sufficient time to prepare for and attend all Board and committee meetings and perform all Board and committee responsibilities.
a. A director is not independent if: (i) the director is, or has been within the preceding three years, employed by Marriott; (ii) the director or a family member is a current partner of Marriott’s independent auditor, or was a partner or employee of Marriott’s independent auditor and worked on the audit of Marriott at any time during the preceding three years; (iii) a family member of the director is, or has been within the preceding three years, employed by Marriott as an executive officer; (iv) the director or a family member is part of an interlocking directorate in which the director or family member is employed as an executive officer of another company where at any time during the preceding three years a present executive officer of Marriott at the same time serves or served on the compensation committee of that other company; (v) the director has accepted, or a family member has accepted, during any 12-month period within the preceding three years, more than $120,000 in compensation from Marriott, other than compensation for Board or Board committee service, compensation paid to a family member who is an employee (other than an executive officer) of Marriott, benefits under a tax-qualified retirement plan, or non-discretionary compensation; (vi) the director or a family member is an executive officer of a charitable organization to which Marriott made discretionary charitable contributions in the current or any of the last three fiscal years that exceed five percent of that organization’s
Based on the standards set forth in the Governance Principles, the Board affirmatively determined that Ms. Goren, Mr. Henderson, Ms. Hobart, Ms. Lee, Mr. Lewis, Ms. McCarthy, Mr. Reid, Mr. Rozanski, Ambassador Schwab, and Mr. Tresvant are each independent of the Company and its management. In making this determination, the Board found that none of these directors had a relationship that would interfere with the exercise of independent judgment in carrying out the responsibilities of a director of Marriott.
The Board has six standing committees: Audit; Human Resources and Compensation; Nominating and Corporate Governance; Inclusion and Social Impact; Technology and Information Security Oversight; and Executive. The Board has determined that all members of the Audit Committee, Human Resources and Compensation Committee, and Nominating and Corporate Governance Committee are independent under the applicable rules and regulations of the Nasdaq Listing Standards, including the standards applicable to compensation committee members, and the U.S. Securities and Exchange Commission (the “SEC”), that all members of the Audit Committee meet the Nasdaq listing standard of financial sophistication, and that Ms. Goren, Mr. Henderson, and Mr. Lewis are audit committee financial experts as defined in SEC rules. The Board has adopted a written charter for each committee, and those charters are available on the Investor Relations section of our website (www.Marriott.com/Investor) by clicking on “Governance” and then “Documents & Charters.” You also may request copies of the committee charters from the Company’s Secretary.
The table below indicates the current members of the applicable Board committee, the primary responsibilities of such committee, and the number of meetings held in 2025. Excluding the Executive Committee, which does not meet on a regular basis, three of the Board’s five standing committees are currently chaired by women, and two of the Board’s five standing committees are currently chaired by people of color.
The Board also maintains an Executive Committee that is chaired by Mr. Marriott and on which Mr. Capuano, Mr. Henderson and Ms. Lee serve as members. The Executive Committee’s responsibilities include exercising the powers of the Board when it is not in session, subject to specific restrictions as to powers retained by the full Board. The Executive Committee did not meet in 2025.
The Board has established a robust Board refreshment process so that the backgrounds and experiences of our Board members are consistent with the needs of the business and our Board reflects a balance of perspectives from shorter- and longer-tenured members. Under the oversight of our Nominating and Corporate Governance Committee, the Board refreshment process includes regular review of Board composition and needs, the comprehensive annual Board evaluation process described below, and ongoing reviews of external candidates. As a result, seven of our 12 nominees have joined the Board within the last five years, including five independent members who have joined the Board since the beginning of 2021.
One-on-One Interviews. On a rotating basis, the Chairman of the Board or the Lead Independent Director meet with each director individually. This process is designed to provide additional feedback on Board composition, overall Board effectiveness, and individual director performance and contributions.
The Board also annually reviews the President and CEO’s performance. The Lead Independent Director organizes and leads the evaluation in collaboration with the chair of the Human Resources and Compensation Committee and the Chairman of the Board.
Stockholders and others interested in communicating with the Lead Independent Director, the Chair of the Nominating and Corporate Governance Committee, the Audit Committee, or the non-employee directors may do so by email to business.ethics@marriott.com or by writing to the Business Ethics Department, Department 52/923, 7750 Wisconsin Avenue, Bethesda, Maryland 20814. Communications are forwarded to the appropriate directors for their review, except that the Board has instructed the Company not to forward solicitations, bulk mail or communications that do not address Company-related issues. The Company reports to the directors on the status of outstanding concerns addressed to the non-employee directors, the Lead Independent Director, the Chair of the Nominating and Corporate Governance Committee, or the Audit Committee on a regular basis. The non-employee directors, the Lead Independent Director, the Chair of the Nominating and Corporate Governance Committee, and the Audit Committee may direct special procedures, including the retention of outside advisors or counsel, for any concern addressed to them.
Members of the Audit Committee:
The Audit Committee’s Pre-Approval of Independent Auditor Fees and Services Policy provides for pre-approval of all audit, audit-related, tax and other permissible non-audit services provided by our independent auditor on an annual basis and additional services as needed. The policy also requires additional approval of any engagements that were previously approved but are anticipated to exceed pre-approved fee levels. The policy permits the Audit Committee Chair to pre-approve independent auditor services with estimated fees up to $100,000 (provided that the Audit Committee Chair reports to the full Audit Committee at the next meeting on any pre-approval determinations).
The Human Resources and Compensation Committee (the “Committee”), which is composed solely of independent members of the Board, assists the Board in fulfilling its responsibilities relating to the Company’s compensation and human resources policies and practices, including matters related to executive development, director and executive compensation and benefits, management succession planning, and talent development and retention. As part of its responsibilities, the Committee oversees the Company’s executive compensation programs, which are designed to enable the Company to attract, retain and motivate executives capable of establishing and implementing business plans in the best interests of the stockholders. The Committee, on behalf of and, in certain instances, subject to the approval of the Board, reviews and approves compensation programs for certain senior officers. In this context, the Committee reviewed and discussed with management the Company’s CD&A required by Item 402(b) of SEC Regulation S-K. Following the reviews and discussions referred to above, the Committee recommended to the Board that the CD&A be incorporated by reference in the Company’s Annual Report on Form 10-K and included in this proxy statement.
Members of the Human Resources and Compensation Committee:
Audit Committee Chair Fee
The policy provides that the Audit Committee reviews certain transactions subject to the policy and determines whether or not to approve or ratify those transactions. In doing so, the Audit Committee takes into account, among other things, whether the transaction is on terms no less favorable to the Company than those of similar contemporaneous transactions, arrangements or relationships with unrelated third parties and the materiality of the related person’s interest in the transaction, arrangement or relationship. The policy also provides that, prior to Audit Committee review, the Company’s Corporate Growth Committee, an internal management committee whose members include the Company’s President and CEO and members of the Company’s senior management, approve all such transactions.",text,PASS,"{""fiscal_year"": 2025, ""period_start"": ""2025-01-01"", ""period_end"": ""2025-12-31""}","{""run_id"": ""run:ordinary-integrated:a103861fcfa2b5c7955c8f9f1f13b327bb04082e12e8705e05f633ac435642a2"", ""result_id"": ""sha256:d2b64d11d63776aa2213330104a8878cdc1b30967d1834877d134a4b3b0f28d5"", ""spec_closure_hash"": ""sha256:fe99c55991a9f0d86cf31bcd8b009347dbe9b41ba7547a0fab1cc14ffb67cc41"", ""head"": ""1c9f5621e4e09f891d597fa7edcea970a3d434dc"", ""evidence_date"": ""2026-09-12"", ""current_code_replay_claim"": false}",SAVED_SEC_ORIGINAL_NATIVE_DEVELOPMENT_RESULT,SAVED_ORIGINAL_SEC_SOURCE_NO_NEW_ACQUISITION,"{""path"": ""docs/evidence/issue28_continuous/completed-v14-batch-340/summary.json"", ""selector"": ""marriott_international/C02""}",False,False,Current affected-path evidence and unified update/release acceptance; no blanket rerun claim
marriott_international,C03,NUMERIC_RESULT,EXACT,APPLICABLE,22970926,USD,PASS,"{""fiscal_year"": 2025, ""period_start"": ""2025-01-01"", ""period_end"": ""2025-12-31""}","{""run_id"": ""run:ordinary-integrated:0c6078f7325c8695342b2991853d25bc4aa0fe129ad77f46c06f08b3c4a5eca3"", ""result_id"": ""sha256:36f15c51f12ac59297989b1bd8b201397765bce8232871633f8668d5aaf7b16e"", ""spec_closure_hash"": ""sha256:47d1a8148805ad612674bd1b6b6ce11e1845791336b63f79f35d96598de9b772"", ""head"": ""1c9f5621e4e09f891d597fa7edcea970a3d434dc"", ""evidence_date"": ""2026-09-12"", ""current_code_replay_claim"": false}",SAVED_SEC_ORIGINAL_NATIVE_DEVELOPMENT_RESULT,SAVED_ORIGINAL_SEC_SOURCE_NO_NEW_ACQUISITION,"{""path"": ""docs/evidence/issue28_continuous/completed-v14-batch-340/summary.json"", ""selector"": ""marriott_international/C03""}",False,False,Current affected-path evidence and unified update/release acceptance; no blanket rerun claim
marriott_international,C04,NUMERIC_RESULT,EXACT,APPLICABLE,0,flag,PASS,"{""fiscal_year"": 2025, ""period_start"": ""2025-01-01"", ""period_end"": ""2025-12-31""}","{""run_id"": ""run:ordinary-integrated:1221738659ad2de0a509efad3c6162fdc04dcc0d491792ddb4851734fd5be8f5"", ""result_id"": ""sha256:77dc141eaf548783ca940471db8e3ce15cbab1a2431ebf06722df6d35d3d01c8"", ""spec_closure_hash"": ""sha256:e85274fbab94d7e316ca58710a41a00e3197688cdaff68d6c064470c17bd8f1d"", ""head"": ""1c9f5621e4e09f891d597fa7edcea970a3d434dc"", ""evidence_date"": ""2026-09-12"", ""current_code_replay_claim"": false}",SAVED_SEC_ORIGINAL_NATIVE_DEVELOPMENT_RESULT,SAVED_ORIGINAL_SEC_SOURCE_NO_NEW_ACQUISITION,"{""path"": ""docs/evidence/issue28_continuous/completed-v14-batch-340/summary.json"", ""selector"": ""marriott_international/C04""}",False,False,Current affected-path evidence and unified update/release acceptance; no blanket rerun claim
marriott_international,D01,TEXT_RESULT,EXACT,APPLICABLE,"Risks Relating to Our Industry
Our industry is highly competitive, which may impact our ability to compete successfully for guests
Economic and other global, national, and regional conditions and events have in the past materially impacted, and could in the future materially impact, our business, operations, financial results, and growth
Risks Relating to Our Business
Premature termination of our agreements with hotel owners could materially hurt our financial performance
Disagreements with hotel owners and other counterparties could materially impact our business, operations, financial results, and growth.
Changes in the way hotel rooms are booked could adversely impact our business
Our growth strategy depends upon attracting hotel owners to our platform, and future arrangements with these third parties may be less favorable to us, depending on the terms offered by our competitors
The effects of, or our failure to comply with, applicable laws, regulations, and government policies may disrupt our business, lower our revenues, increase our costs, reduce our profits, limit our growth, or damage our reputation.
Third-party claims that we infringe the intellectual property rights of others or our failure to defend our own intellectual property rights could materially adversely affect our business.
If our brands, goodwill, or other intangible assets become impaired, we may be required to record significant non-cash charges to earnings.
Our business depends on the quality and reputation of our Company and our brands, and any deterioration could adversely impact our market share, reputation, business, financial condition, or results of operations
Actions by our hotel owners or others could materially adversely affect our image and reputation
Collective bargaining activity and strikes could materially disrupt hotel operations, increase labor costs, and interfere with the ability of our management to focus on executing our business strategies
Our business could suffer if we or the hotels in our system cannot attract and retain associates or as the result of the loss of the services of our senior executives
Extreme weather, natural disasters, climate change, and sustainability-related concerns have impacted our business in the past and could in the future have a material adverse effect on our business and results of operations.
Insurance may not cover damage to, or losses involving, hotels in our system or other aspects of our business, and the cost of such insurance could increase
Our Loyalty Program plays a significant role in our business, and unfavorable developments affecting the program could adversely affect our business and results of operations.
Exchange rate fluctuations could result in significant foreign currency gains and losses and affect our business results
Our hotel owners depend on capital to buy, develop, and improve hotels, and they may be unable to access capital when necessary
Our ability to grow our system is subject to the range of risks associated with real estate investments
Our owned properties and other real estate investments subject us to numerous risks
Risks associated with development and sale of residential properties associated with our lodging properties or brands may reduce our profits
More hotel projects in our development pipeline may be cancelled or delayed in opening, which could adversely affect our growth prospects
Losses on loans or guarantees that we have made to third parties impact our profits
If hotel owners cannot repay or refinance mortgage loans secured by their properties, default under property leases, or experience other financial difficulties, our revenues and profits could materially decrease and our business could be significantly harmed
Disruption in the functioning of our reservation, Loyalty Program, or other core operational systems, or our use of certain new technologies, could adversely affect our business
A failure to keep pace with developments in technology could impair our operations or competitive position
We are exposed to risks and costs associated with protecting the integrity and security of data
The Data Security Incident, and other information security incidents, could have numerous adverse effects on our business
Additional cybersecurity incidents could have adverse effects on our business.
Changes in privacy and data security laws could increase our operating costs and increase our exposure to payment obligations and litigation.
Delaware law and our governing corporate documents contain, and our Board of Directors could implement, anti-takeover provisions that could deter takeover attempts.
Changes in tax law, interpretations of existing tax law, or agreements or disputes with tax authorities could increase our tax costs.",text,PASS,"{""fiscal_year"": 2025, ""period_start"": ""2025-01-01"", ""period_end"": ""2025-12-31""}","{""run_id"": ""run:ordinary-integrated:3c29bdd82bfa929b507cf76516ed7a0163e137a45cd59846293c7c48e84c17eb"", ""result_id"": ""sha256:6077181e489edc0859d6420a2fea7d1d6384daab5f391fdfc4ee7597008b7762"", ""spec_closure_hash"": ""sha256:2cf616ccdb70214edf453184505f984279be5cfa9fd0b966993eeb70b767b400"", ""head"": ""1c9f5621e4e09f891d597fa7edcea970a3d434dc"", ""evidence_date"": ""2026-09-12"", ""current_code_replay_claim"": false}",SAVED_SEC_ORIGINAL_NATIVE_DEVELOPMENT_RESULT,SAVED_ORIGINAL_SEC_SOURCE_NO_NEW_ACQUISITION,"{""path"": ""docs/evidence/issue28_continuous/completed-v14-batch-340/summary.json"", ""selector"": ""marriott_international/D01""}",False,False,Current affected-path evidence and unified update/release acceptance; no blanket rerun claim
marriott_international,D02,TEXT_RESULT,EXACT,APPLICABLE,"See the information under the “Litigation, Claims, and Government Investigations” caption in Note 7, which we incorporate here by reference. Within this section, we use a threshold of $1 million in disclosing material environmental proceedings involving a governmental authority, if any.
In the 2025 second quarter, we received a letter from the U.S. Environmental Protection Agency (the “EPA”) offering to engage in settlement discussions in relation to violations of the Clean Air Act that the EPA alleges occurred at a hotel we manage. We do not believe this matter will have a material adverse effect on our business, financial condition, results of operations, or cash flows.
From time to time, we are also subject to other legal proceedings and claims, including adjustments proposed during governmental examinations of the various tax returns we file. While management presently believes that the ultimate outcome of these other proceedings, individually and in aggregate, will not materially harm our business, financial condition, cash flows, or overall trends in results of operations, legal proceedings are inherently uncertain, and unfavorable rulings could, individually or in aggregate, have a material adverse effect on our business, financial condition, operating results, or cash flows.
We are subject to various legal proceedings and claims, the outcomes of which are uncertain. We record an accrual for legal contingencies when we determine that it is probable that we have incurred a liability and we can reasonably estimate the amount of the loss. In making such determinations we evaluate, among other things, the probability of an unfavorable outcome and, when we believe it probable that a liability has been incurred, our ability to make a reasonable estimate of the loss. We review these accruals each reporting period and make revisions based on changes in facts and circumstances.
Litigation, Claims, and Government Investigations
Following our announcement of the Data Security Incident, approximately 100 lawsuits were filed by consumers and others against us in U.S. federal, U.S. state and Canadian courts related to the incident. The plaintiffs in these cases, who generally purport to represent various classes of consumers, generally claim to have been harmed by alleged actions and/or omissions by the Company in connection with the Data Security Incident and assert a variety of common law and statutory claims seeking monetary damages, injunctive relief, costs and attorneys’ fees, and other related relief. The U.S. cases were consolidated in the U.S. District Court for the District of Maryland (the “District Court”), pursuant to orders of the U.S. Judicial Panel on Multidistrict Litigation (the “MDL”). On June 3, 2025, the U.S. Court of Appeals for the Fourth Circuit reversed the District Court’s certification of a class of consumer plaintiffs, holding that a class-action waiver signed by putative class members was enforceable. Following the Fourth Circuit’s reversal of class certification, some plaintiffs filed lawsuits in New York state court on an individual basis, alleging violations of New York statutory law and seeking monetary damages, attorneys’ fees, and other related relief. We have been engaged in mediation discussions with the consumer plaintiffs in the MDL. We believe it is probable that we will incur losses in relation to the MDL and the state court cases, and as of December
31, 2025, we have recorded an accrual for an estimated loss contingency related to these matters, which is not material to our Financial Statements. The Canadian cases have effectively been consolidated into a single case in the province of Ontario. We dispute the allegations in these lawsuits and are vigorously defending against such claims.
While we believe it is reasonably possible that we may incur losses in excess of the amounts recorded associated with the above-described lawsuits or regulatory investigations related to the Data Security Incident, it is not possible to reasonably estimate the amount of such losses or range of loss in excess of the amounts recorded that might result from adverse judgments, settlements, or other resolution of these proceedings based on: (1) in the case of the above-described lawsuits, the current stage of these proceedings, the absence of specificity as to alleged damages, the uncertainty as to the certification of a class or classes and the size of any certified class, and the lack of resolution of significant factual and legal issues, and (2) uncertainty regarding regulatory inquiries or investigations.
Other Legal Proceedings
We have been and are currently party to other legal proceedings involving claims that we infringe the intellectual property rights of others. At this time, we do not expect these proceedings to have a material impact on the Company’s business, financial condition, results of operations, or cash flows.",text,PASS,"{""fiscal_year"": 2025, ""period_start"": ""2025-01-01"", ""period_end"": ""2025-12-31""}","{""run_id"": ""run:ordinary-integrated:418ca80706e17c1764203c1e08d6b4f43416e39a9ffe00645ae606f2a60557ae"", ""result_id"": ""sha256:8cbb2504e5bcfa24ab3b235989b6531e23e1f6af7c612417ebd2317109ec5ced"", ""spec_closure_hash"": ""sha256:d0e1a602d16c329087fef7fcf9d5378fe6dbc451ccc8fb8124d219e412e76214"", ""head"": ""1c9f5621e4e09f891d597fa7edcea970a3d434dc"", ""evidence_date"": ""2026-09-12"", ""current_code_replay_claim"": false}",SAVED_SEC_ORIGINAL_NATIVE_DEVELOPMENT_RESULT,SAVED_ORIGINAL_SEC_SOURCE_NO_NEW_ACQUISITION,"{""path"": ""docs/evidence/issue28_continuous/completed-v14-batch-340/summary.json"", ""selector"": ""marriott_international/D02""}",False,False,Current affected-path evidence and unified update/release acceptance; no blanket rerun claim
marriott_international,D03,VALIDATION_OR_IMPLEMENTATION_PENDING,,APPLICABLE,,,D03_NATIVE_RESULT_ROUTE_AND_REAL_VALIDATION_PENDING,"{""fiscal_year"": 2025, ""period_start"": ""2025-01-01"", ""period_end"": ""2025-12-31""}","{""source_id"": ""sha256:7c4ff7b7321ae04d195d159255d12d8acd6f637a1184a7c893d2186ba518ab10"", ""request_context_format"": ""deepseek-v41-two-message-json-chat-1"", ""implementation_files"": ""docs/evidence/issue28_continuous/request-context-counting/implementation-files.json""}",SOURCE_PREPARATION_WITH_SEPARATE_RECORDED_OR_SYNTHETIC_DEVELOPMENT_EVIDENCE,SEE_ORIGINAL_SOURCE_PROOFS_NO_MODEL_RESULT_CREDIT,"{""path"": ""docs/evidence/issue28_continuous/request-context-counting/grouped-census.json"", ""selector"": ""marriott_international/D03""}",False,False,Complete current source-dependent native response/Review/Run validation; retain partials and failures at original scope
marriott_international,D04,VALIDATION_OR_IMPLEMENTATION_PENDING,,APPLICABLE,,,D04_COMPLETE_CURRENT_REAL_VALIDATION_PENDING,"{""fiscal_year"": 2025, ""period_start"": ""2025-01-01"", ""period_end"": ""2025-12-31""}","{""source_id"": ""sha256:9ca21cdad6362ff1836d43b41010ff5ce22c34cef1e0ce12b11d112d6b422c3b"", ""request_context_format"": ""deepseek-v41-two-message-json-chat-1"", ""implementation_files"": ""docs/evidence/issue28_continuous/request-context-counting/implementation-files.json""}",SOURCE_PREPARATION_WITH_SEPARATE_RECORDED_OR_SYNTHETIC_DEVELOPMENT_EVIDENCE,SEE_ORIGINAL_SOURCE_PROOFS_NO_MODEL_RESULT_CREDIT,"{""path"": ""docs/evidence/issue28_continuous/request-context-counting/grouped-census.json"", ""selector"": ""marriott_international/D04""}",False,False,Complete current source-dependent native response/Review/Run validation; retain partials and failures at original scope
marriott_international,E01,NUMERIC_RESULT,EXACT,APPLICABLE,0,count,PASS,"{""fiscal_year"": 2025, ""period_start"": ""2025-01-01"", ""period_end"": ""2025-12-31""}","{""run_id"": ""run:ordinary-integrated:0ce86539c8d529ffdf4c0e051ee0d897370da45c19accacef5dfe401be52547c"", ""result_id"": ""sha256:1870c574ee0054b417f735a1d89c87e8eb18b9dedcc98a0ea9214ba2f76cbc66"", ""spec_closure_hash"": ""sha256:7d5864cc3a591b5f0a3b903c4cadcaeb0782dcb60bfe2f75b744cef8f8364ccb"", ""head"": ""1c9f5621e4e09f891d597fa7edcea970a3d434dc"", ""evidence_date"": ""2026-09-12"", ""current_code_replay_claim"": false}",SAVED_SEC_ORIGINAL_NATIVE_DEVELOPMENT_RESULT,SAVED_ORIGINAL_SEC_SOURCE_NO_NEW_ACQUISITION,"{""path"": ""docs/evidence/issue28_continuous/completed-v14-batch-340/summary.json"", ""selector"": ""marriott_international/E01""}",False,False,Current affected-path evidence and unified update/release acceptance; no blanket rerun claim
marriott_international,E02,NUMERIC_RESULT,EXACT,APPLICABLE,0,count,PASS,"{""fiscal_year"": 2025, ""period_start"": ""2025-01-01"", ""period_end"": ""2025-12-31""}","{""run_id"": ""run:ordinary-integrated:4497655f8600458fc8860fc227172a64cf0aca9c7339fc9f1f67e2ea1500a219"", ""result_id"": ""sha256:c6d1db93d6de3daa1e6b3d7e48f00677837d7f8654d31014f3670ee79d0f59f7"", ""spec_closure_hash"": ""sha256:2225c56a35257b1ccf88dd4532f450dc264095fcbf4bcfa095a7a8f801e88465"", ""head"": ""1c9f5621e4e09f891d597fa7edcea970a3d434dc"", ""evidence_date"": ""2026-09-12"", ""current_code_replay_claim"": false}",SAVED_SEC_ORIGINAL_NATIVE_DEVELOPMENT_RESULT,SAVED_ORIGINAL_SEC_SOURCE_NO_NEW_ACQUISITION,"{""path"": ""docs/evidence/issue28_continuous/completed-v14-batch-340/summary.json"", ""selector"": ""marriott_international/E02""}",False,False,Current affected-path evidence and unified update/release acceptance; no blanket rerun claim
marriott_international,E03,NUMERIC_RESULT,EXACT,APPLICABLE,3,count,PASS,"{""fiscal_year"": 2025, ""period_start"": ""2025-01-01"", ""period_end"": ""2025-12-31""}","{""run_id"": ""run:ordinary-integrated:4fca799fe916d901797ef992c380bfe1b36f6a9fba7407acdcc3109c275ee681"", ""result_id"": ""sha256:194c54dd2b71af9c94019b454a3f4a4cce97e440ea0ba7e71934171a9e1c00fc"", ""spec_closure_hash"": ""sha256:6a53aad18d3a406b16f08c8ddf337cafca865d9ed3843044ae47fcfef17a74a7"", ""head"": ""1c9f5621e4e09f891d597fa7edcea970a3d434dc"", ""evidence_date"": ""2026-09-12"", ""current_code_replay_claim"": false}",SAVED_SEC_ORIGINAL_NATIVE_DEVELOPMENT_RESULT,SAVED_ORIGINAL_SEC_SOURCE_NO_NEW_ACQUISITION,"{""path"": ""docs/evidence/issue28_continuous/completed-v14-batch-340/summary.json"", ""selector"": ""marriott_international/E03""}",False,False,Current affected-path evidence and unified update/release acceptance; no blanket rerun claim
marriott_international,E04,NUMERIC_RESULT,EXACT,APPLICABLE,0,count,PASS,"{""fiscal_year"": 2025, ""period_start"": ""2025-01-01"", ""period_end"": ""2025-12-31""}","{""run_id"": ""run:ordinary-integrated:9af053f3cce24f6fffb5564b33922483bb37e9d967b20bbe55fdb3eb437d51cd"", ""result_id"": ""sha256:7d9fa3c8ac95b52aee2d9661961c45891240fdc69a233edbcdb061b106dd3e5d"", ""spec_closure_hash"": ""sha256:034565b73fcf2d88fcff21e36b9fcc5a7ce604c7e09bb8d8d6ab940e5d56b24d"", ""head"": ""1c9f5621e4e09f891d597fa7edcea970a3d434dc"", ""evidence_date"": ""2026-09-12"", ""current_code_replay_claim"": false}",SAVED_SEC_ORIGINAL_NATIVE_DEVELOPMENT_RESULT,SAVED_ORIGINAL_SEC_SOURCE_NO_NEW_ACQUISITION,"{""path"": ""docs/evidence/issue28_continuous/completed-v14-batch-340/summary.json"", ""selector"": ""marriott_international/E04""}",False,False,Current affected-path evidence and unified update/release acceptance; no blanket rerun claim
marriott_international,E05,NUMERIC_RESULT,EXACT,APPLICABLE,0,count,PASS,"{""fiscal_year"": 2025, ""period_start"": ""2025-01-01"", ""period_end"": ""2025-12-31""}","{""run_id"": ""run:ordinary-integrated:e2a21efa6c5ff92153f8ca21731cc6ebdad48b6636f1dbe0d6a268ad9c5f16e2"", ""result_id"": ""sha256:6a205f117a3b49cb89126cad1b9c7b6e719c926653601663561dba0e8981d554"", ""spec_closure_hash"": ""sha256:7f09c9630d318106f98f33d82b7914b583b8db6aef5bebc019b50b82c6f54cfd"", ""head"": ""1c9f5621e4e09f891d597fa7edcea970a3d434dc"", ""evidence_date"": ""2026-09-12"", ""current_code_replay_claim"": false}",SAVED_SEC_ORIGINAL_NATIVE_DEVELOPMENT_RESULT,SAVED_ORIGINAL_SEC_SOURCE_NO_NEW_ACQUISITION,"{""path"": ""docs/evidence/issue28_continuous/completed-v14-batch-340/summary.json"", ""selector"": ""marriott_international/E05""}",False,False,Current affected-path evidence and unified update/release acceptance; no blanket rerun claim
southwest_airlines,A01,STRUCTURAL_NOT_APPLICABLE,NONE,N_A_STRUCTURAL,,,TRAIT_NOT_APPLICABLE,"{""fiscal_year"": 2025, ""period_start"": ""2025-12-31"", ""period_end"": ""2025-12-31""}","{""run_id"": ""run:ordinary-integrated:db718126381d999bc25dd9f4394c570b5c191ccb886e8733d86c34936d592079"", ""result_id"": ""sha256:9ef183cbf101e1690da19cdbdba304e2e0806ba7fe62dc38d963c0a53d4dec03"", ""spec_closure_hash"": ""sha256:ee54ac53602bbc07c6449b627bd2449f30136e32d245764a847dc6282782a063"", ""head"": ""1c9f5621e4e09f891d597fa7edcea970a3d434dc"", ""evidence_date"": ""2026-09-12"", ""current_code_replay_claim"": false}",SAVED_SEC_ORIGINAL_NATIVE_DEVELOPMENT_RESULT,SAVED_ORIGINAL_SEC_SOURCE_NO_NEW_ACQUISITION,"{""path"": ""docs/evidence/issue28_continuous/completed-v14-batch-340/summary.json"", ""selector"": ""southwest_airlines/A01""}",False,False,Current affected-path evidence and unified update/release acceptance; no blanket rerun claim
southwest_airlines,A02,STRUCTURAL_NOT_APPLICABLE,NONE,N_A_STRUCTURAL,,,TRAIT_NOT_APPLICABLE,"{""fiscal_year"": 2025, ""period_start"": ""2025-12-31"", ""period_end"": ""2025-12-31""}","{""run_id"": ""run:ordinary-integrated:3725622cdf20540eaf0bd162147a9979688aaf575c67667cdab68d47be1b2ec9"", ""result_id"": ""sha256:ff95636358553d78754fd74c20314b560b75809a3a8e2b5fed5b44261e52b622"", ""spec_closure_hash"": ""sha256:9f8a3bbf1bd4ac8229960d9ea59887842a0fbe1e5573c2dbaf9965044e91636d"", ""head"": ""1c9f5621e4e09f891d597fa7edcea970a3d434dc"", ""evidence_date"": ""2026-09-12"", ""current_code_replay_claim"": false}",SAVED_SEC_ORIGINAL_NATIVE_DEVELOPMENT_RESULT,SAVED_ORIGINAL_SEC_SOURCE_NO_NEW_ACQUISITION,"{""path"": ""docs/evidence/issue28_continuous/completed-v14-batch-340/summary.json"", ""selector"": ""southwest_airlines/A02""}",False,False,Current affected-path evidence and unified update/release acceptance; no blanket rerun claim
southwest_airlines,A03,STRUCTURAL_NOT_APPLICABLE,NONE,N_A_STRUCTURAL,,,TRAIT_NOT_APPLICABLE,"{""fiscal_year"": 2025, ""period_start"": ""2025-01-01"", ""period_end"": ""2025-12-31""}","{""run_id"": ""run:ordinary-integrated:df744dc7df78e6e3eef15a52ec4c5c6b2cce6695a724cac62f498522a6465147"", ""result_id"": ""sha256:122d0eb97c20eaa2e9c5fbd6fafd5ea2cd79e22c738abc1baa7b53a70aac514c"", ""spec_closure_hash"": ""sha256:99ff7afa51744213038acd97d91f0d62d641a1090f96fa85d860708579d64601"", ""head"": ""1c9f5621e4e09f891d597fa7edcea970a3d434dc"", ""evidence_date"": ""2026-09-12"", ""current_code_replay_claim"": false}",SAVED_SEC_ORIGINAL_NATIVE_DEVELOPMENT_RESULT,SAVED_ORIGINAL_SEC_SOURCE_NO_NEW_ACQUISITION,"{""path"": ""docs/evidence/issue28_continuous/completed-v14-batch-340/summary.json"", ""selector"": ""southwest_airlines/A03""}",False,False,Current affected-path evidence and unified update/release acceptance; no blanket rerun claim
southwest_airlines,A04,STRUCTURAL_NOT_APPLICABLE,NONE,N_A_STRUCTURAL,,,TRAIT_NOT_APPLICABLE,"{""fiscal_year"": 2025, ""period_start"": ""2025-01-01"", ""period_end"": ""2025-12-31""}","{""run_id"": ""run:ordinary-integrated:2e0c23dc4ec4084b3d4d7d2e1d7fab86e1b177c6ae6cc6eaafeee60a08399b91"", ""result_id"": ""sha256:1eb325c8b06ad72534a23d91aeb2828c828ffee314fcf564647c20686a0ca1cb"", ""spec_closure_hash"": ""sha256:bf1f13bb535f9b2004629af329532e19d87362d41606540da719b789229e9282"", ""head"": ""1c9f5621e4e09f891d597fa7edcea970a3d434dc"", ""evidence_date"": ""2026-09-12"", ""current_code_replay_claim"": false}",SAVED_SEC_ORIGINAL_NATIVE_DEVELOPMENT_RESULT,SAVED_ORIGINAL_SEC_SOURCE_NO_NEW_ACQUISITION,"{""path"": ""docs/evidence/issue28_continuous/completed-v14-batch-340/summary.json"", ""selector"": ""southwest_airlines/A04""}",False,False,Current affected-path evidence and unified update/release acceptance; no blanket rerun claim
southwest_airlines,A05,STRUCTURAL_NOT_APPLICABLE,NONE,N_A_STRUCTURAL,,,TRAIT_NOT_APPLICABLE,"{""fiscal_year"": 2025, ""period_start"": ""2025-01-01"", ""period_end"": ""2025-12-31""}","{""run_id"": ""run:ordinary-integrated:ffd851d70cd0e456b612c6c0b277e54368797d1d937387617187e99007a08839"", ""result_id"": ""sha256:047f70aee1ef58b6ebe90886872c59c48d370e074fd3a14b5dff253b1f49ab83"", ""spec_closure_hash"": ""sha256:e0ecf50b6a31a389933921d927ba00ca640b5b49002526cb537afa70be1e7ca3"", ""head"": ""1c9f5621e4e09f891d597fa7edcea970a3d434dc"", ""evidence_date"": ""2026-09-12"", ""current_code_replay_claim"": false}",SAVED_SEC_ORIGINAL_NATIVE_DEVELOPMENT_RESULT,SAVED_ORIGINAL_SEC_SOURCE_NO_NEW_ACQUISITION,"{""path"": ""docs/evidence/issue28_continuous/completed-v14-batch-340/summary.json"", ""selector"": ""southwest_airlines/A05""}",False,False,Current affected-path evidence and unified update/release acceptance; no blanket rerun claim
southwest_airlines,A06,STRUCTURAL_NOT_APPLICABLE,NONE,N_A_STRUCTURAL,,,TRAIT_NOT_APPLICABLE,"{""fiscal_year"": 2025, ""period_start"": ""2025-01-01"", ""period_end"": ""2025-12-31""}","{""run_id"": ""run:ordinary-integrated:e27b020ef47341d0df39945885d69d49ea9afbec7e57609947371da3101ec924"", ""result_id"": ""sha256:511b81b9390d21f8aad82c81792d2be2a8ab65247b965807e4e076fddf6a185a"", ""spec_closure_hash"": ""sha256:db527edadcca6b1b16a6442dd42972c51ec1b9a45b54e3faf636387980327ee2"", ""head"": ""1c9f5621e4e09f891d597fa7edcea970a3d434dc"", ""evidence_date"": ""2026-09-12"", ""current_code_replay_claim"": false}",SAVED_SEC_ORIGINAL_NATIVE_DEVELOPMENT_RESULT,SAVED_ORIGINAL_SEC_SOURCE_NO_NEW_ACQUISITION,"{""path"": ""docs/evidence/issue28_continuous/completed-v14-batch-340/summary.json"", ""selector"": ""southwest_airlines/A06""}",False,False,Current affected-path evidence and unified update/release acceptance; no blanket rerun claim
southwest_airlines,A07,STRUCTURAL_NOT_APPLICABLE,NONE,N_A_STRUCTURAL,,,TRAIT_NOT_APPLICABLE,"{""fiscal_year"": 2025, ""period_start"": ""2025-01-01"", ""period_end"": ""2025-12-31""}","{""run_id"": ""run:ordinary-integrated:d12f3fec6bd729ba6624b1607eb06dcb6245458bb01e7799a4e1d56f60c5411c"", ""result_id"": ""sha256:146bd23357b4d45d0c713609b34ab604cf4748cbe3b05bf5b24df14611e66a4d"", ""spec_closure_hash"": ""sha256:3735428ca12d51893ed0b3e20a9563cb95cf7f90b4bcef3b2bcec9a947893b50"", ""head"": ""1c9f5621e4e09f891d597fa7edcea970a3d434dc"", ""evidence_date"": ""2026-09-12"", ""current_code_replay_claim"": false}",SAVED_SEC_ORIGINAL_NATIVE_DEVELOPMENT_RESULT,SAVED_ORIGINAL_SEC_SOURCE_NO_NEW_ACQUISITION,"{""path"": ""docs/evidence/issue28_continuous/completed-v14-batch-340/summary.json"", ""selector"": ""southwest_airlines/A07""}",False,False,Current affected-path evidence and unified update/release acceptance; no blanket rerun claim
southwest_airlines,A08,STRUCTURAL_NOT_APPLICABLE,NONE,N_A_STRUCTURAL,,,TRAIT_NOT_APPLICABLE,"{""fiscal_year"": 2025, ""period_start"": ""2025-01-01"", ""period_end"": ""2025-12-31""}","{""run_id"": ""run:ordinary-integrated:cacc14823669f335aa024652c62ee4d860197cd3a7ed5be59a5ba25ebd484bdd"", ""result_id"": ""sha256:67d839ae768143fef339c5beb1a0aa75121a02c8b8c4282de3b13f17ad7817cb"", ""spec_closure_hash"": ""sha256:7e4658f2194d7a47cb8f7db5ff517ffc1eda25bc02db87b548cf6cfea0d2b65c"", ""head"": ""1c9f5621e4e09f891d597fa7edcea970a3d434dc"", ""evidence_date"": ""2026-09-12"", ""current_code_replay_claim"": false}",SAVED_SEC_ORIGINAL_NATIVE_DEVELOPMENT_RESULT,SAVED_ORIGINAL_SEC_SOURCE_NO_NEW_ACQUISITION,"{""path"": ""docs/evidence/issue28_continuous/completed-v14-batch-340/summary.json"", ""selector"": ""southwest_airlines/A08""}",False,False,Current affected-path evidence and unified update/release acceptance; no blanket rerun claim
southwest_airlines,A09,STRUCTURAL_NOT_APPLICABLE,NONE,N_A_STRUCTURAL,,,TRAIT_NOT_APPLICABLE,"{""fiscal_year"": 2025, ""period_start"": ""2025-01-01"", ""period_end"": ""2025-12-31""}","{""run_id"": ""run:ordinary-integrated:82084fe3dd85d6dd528490bfb04bb9f234f2604ebb772c6d84ca0477014daf3e"", ""result_id"": ""sha256:be328e3f2954db5d3532ab75cecb56e7a9f9440574909a8374777189cec1eb69"", ""spec_closure_hash"": ""sha256:aaafb1f1c5a4318007074875776ccc6f92edffe5a78d610a729f0a46775b7dd4"", ""head"": ""1c9f5621e4e09f891d597fa7edcea970a3d434dc"", ""evidence_date"": ""2026-09-12"", ""current_code_replay_claim"": false}",SAVED_SEC_ORIGINAL_NATIVE_DEVELOPMENT_RESULT,SAVED_ORIGINAL_SEC_SOURCE_NO_NEW_ACQUISITION,"{""path"": ""docs/evidence/issue28_continuous/completed-v14-batch-340/summary.json"", ""selector"": ""southwest_airlines/A09""}",False,False,Current affected-path evidence and unified update/release acceptance; no blanket rerun claim
southwest_airlines,A10,STRUCTURAL_NOT_APPLICABLE,NONE,N_A_STRUCTURAL,,,TRAIT_NOT_APPLICABLE,"{""fiscal_year"": 2025, ""period_start"": ""2025-12-31"", ""period_end"": ""2025-12-31""}","{""run_id"": ""run:ordinary-integrated:3389a6d6c4832608a645537c81eb4f9b18e0229c759c04746ac01e2ed8d3d9b0"", ""result_id"": ""sha256:1f519261d8d005166005db1dd37128cb9853b9475584a1fbe2e354b73191e16a"", ""spec_closure_hash"": ""sha256:f8a5d6747d7e4d250993643766b19b83ab12f39ddbe3b0e9e341fe00cf5c5ffb"", ""head"": ""1c9f5621e4e09f891d597fa7edcea970a3d434dc"", ""evidence_date"": ""2026-09-12"", ""current_code_replay_claim"": false}",SAVED_SEC_ORIGINAL_NATIVE_DEVELOPMENT_RESULT,SAVED_ORIGINAL_SEC_SOURCE_NO_NEW_ACQUISITION,"{""path"": ""docs/evidence/issue28_continuous/completed-v14-batch-340/summary.json"", ""selector"": ""southwest_airlines/A10""}",False,False,Current affected-path evidence and unified update/release acceptance; no blanket rerun claim
southwest_airlines,A11,STRUCTURAL_NOT_APPLICABLE,NONE,N_A_STRUCTURAL,,,TRAIT_NOT_APPLICABLE,"{""fiscal_year"": 2025, ""period_start"": ""2025-01-01"", ""period_end"": ""2025-12-31""}","{""run_id"": ""run:ordinary-integrated:25946f2aecb8eefcc1d94e12b2c94d18eedb8be2dcc20eb88ff9e8752954b4a3"", ""result_id"": ""sha256:fd409b6f79ceb07df5c3a4a612fc350b9dce6fb3e0364d93d17ce6923f5b16db"", ""spec_closure_hash"": ""sha256:87645fa1422b2ac635a9383b5b30d40091d45a819a3789d8415c1ed00dbc234b"", ""head"": ""1c9f5621e4e09f891d597fa7edcea970a3d434dc"", ""evidence_date"": ""2026-09-12"", ""current_code_replay_claim"": false}",SAVED_SEC_ORIGINAL_NATIVE_DEVELOPMENT_RESULT,SAVED_ORIGINAL_SEC_SOURCE_NO_NEW_ACQUISITION,"{""path"": ""docs/evidence/issue28_continuous/completed-v14-batch-340/summary.json"", ""selector"": ""southwest_airlines/A11""}",False,False,Current affected-path evidence and unified update/release acceptance; no blanket rerun claim
southwest_airlines,A12,STRUCTURAL_NOT_APPLICABLE,NONE,N_A_STRUCTURAL,,,TRAIT_NOT_APPLICABLE,"{""fiscal_year"": 2025, ""period_start"": ""2025-01-01"", ""period_end"": ""2025-12-31""}","{""run_id"": ""run:ordinary-integrated:389fa2b56edc917aa36d4418205246d7a740c54cf88654bdd7838100f904483f"", ""result_id"": ""sha256:5f2918d4c18a528c7f8af66413a0c3f3bdb4ce74bbdccef9623ad64419091b42"", ""spec_closure_hash"": ""sha256:338264b583c2d2458cb3f73d060e1a42fa9d90a20e51be961394fc27ae62b213"", ""head"": ""1c9f5621e4e09f891d597fa7edcea970a3d434dc"", ""evidence_date"": ""2026-09-12"", ""current_code_replay_claim"": false}",SAVED_SEC_ORIGINAL_NATIVE_DEVELOPMENT_RESULT,SAVED_ORIGINAL_SEC_SOURCE_NO_NEW_ACQUISITION,"{""path"": ""docs/evidence/issue28_continuous/completed-v14-batch-340/summary.json"", ""selector"": ""southwest_airlines/A12""}",False,False,Current affected-path evidence and unified update/release acceptance; no blanket rerun claim
southwest_airlines,A13,STRUCTURAL_NOT_APPLICABLE,NONE,N_A_STRUCTURAL,,,TRAIT_NOT_APPLICABLE,"{""fiscal_year"": 2025, ""period_start"": ""2025-01-01"", ""period_end"": ""2025-12-31""}","{""run_id"": ""run:ordinary-integrated:b2bcfa0817d8602ec778c0989ca2056f0fc3bf875ea67056fbec9d602440c450"", ""result_id"": ""sha256:ef1b9bfbed994ea784b6b6a03cbeffdb7449c867b6126e316a6aaf44d70ec0ec"", ""spec_closure_hash"": ""sha256:94699b6e1c2c5d8f8e5b048007c5f863416fb4072489b274929dd4ae03716b09"", ""head"": ""1c9f5621e4e09f891d597fa7edcea970a3d434dc"", ""evidence_date"": ""2026-09-12"", ""current_code_replay_claim"": false}",SAVED_SEC_ORIGINAL_NATIVE_DEVELOPMENT_RESULT,SAVED_ORIGINAL_SEC_SOURCE_NO_NEW_ACQUISITION,"{""path"": ""docs/evidence/issue28_continuous/completed-v14-batch-340/summary.json"", ""selector"": ""southwest_airlines/A13""}",False,False,Current affected-path evidence and unified update/release acceptance; no blanket rerun claim
southwest_airlines,B01,NUMERIC_RESULT,EXACT,APPLICABLE,28063000000,USD,PASS,"{""fiscal_year"": 2025, ""period_start"": ""2025-01-01"", ""period_end"": ""2025-12-31""}","{""run_id"": ""run:ordinary-integrated:5cf305df104b1920a7a257eeef09b35cfbfff89884b7ba1e9cc82ce1b74c7f78"", ""result_id"": ""sha256:8197d3b73751dbbb4b2e354236111e95deef15a362db528292d7857af687bacc"", ""spec_closure_hash"": ""sha256:300424426d0397ce04f6ce6f6df3a2e12259904060d31e47d8664df6e5f3d8f8"", ""requirement_closure_hash"": ""sha256:2c7f64c2b35fc477988ba0779d173d43e900db4aca53ba08a11af03a7db1acbd""}",SAVED_SEC_ORIGINAL_NATIVE_DEVELOPMENT_RESULT,SAVED_ORIGINAL_SEC_SOURCE_NO_NEW_ACQUISITION,"{""path"": ""docs/evidence/issue28_continuous/integrated-amendment-repairs/southwest/summary.json"", ""selector"": ""southwest_airlines/B01""}",False,False,Current affected-path evidence and unified update/release acceptance; no blanket rerun claim
southwest_airlines,B02,NUMERIC_RESULT,EXACT,APPLICABLE,0.02110395517228832369100898737,ratio,PASS,"{""fiscal_year"": 2025, ""period_start"": ""2025-01-01"", ""period_end"": ""2025-12-31""}","{""run_id"": ""run:ordinary-integrated:ceb4332760169192245ccabf65c826bc33f6fea26daa81d68f4ac0a5b5e5f392"", ""result_id"": ""sha256:b761cc95b12b5cd3c30e1f78526ff134c171ff514dacbabbe85f6a9938072863"", ""spec_closure_hash"": ""sha256:7f569259f31e7d0bd237ca8ba6bc368cbf55d47453f86915c4cf8e0638868a76"", ""requirement_closure_hash"": ""sha256:2c7f64c2b35fc477988ba0779d173d43e900db4aca53ba08a11af03a7db1acbd""}",SAVED_SEC_ORIGINAL_NATIVE_DEVELOPMENT_RESULT,SAVED_ORIGINAL_SEC_SOURCE_NO_NEW_ACQUISITION,"{""path"": ""docs/evidence/issue28_continuous/integrated-amendment-repairs/southwest/summary.json"", ""selector"": ""southwest_airlines/B02""}",False,False,Current affected-path evidence and unified update/release acceptance; no blanket rerun claim
southwest_airlines,B03,NUMERIC_RESULT,EXACT,APPLICABLE,0.07084060863058119231728610626,ratio,PASS,"{""fiscal_year"": 2025, ""period_start"": ""2025-01-01"", ""period_end"": ""2025-12-31""}","{""run_id"": ""run:ordinary-integrated:c850e174019debfdeb56ea07def928dc8697a5d8361e470e073faf516bdccd9a"", ""result_id"": ""sha256:ada9703572318e4e183b5db1e9cb4ac103fde3487151180512254f22149216d8"", ""spec_closure_hash"": ""sha256:706e541ffaf0e1d2cc091b56a635485a2145e70f40f86a401fa2e2c5b0a471e5"", ""requirement_closure_hash"": ""sha256:2c7f64c2b35fc477988ba0779d173d43e900db4aca53ba08a11af03a7db1acbd""}",SAVED_SEC_ORIGINAL_NATIVE_DEVELOPMENT_RESULT,SAVED_ORIGINAL_SEC_SOURCE_NO_NEW_ACQUISITION,"{""path"": ""docs/evidence/issue28_continuous/integrated-amendment-repairs/southwest/summary.json"", ""selector"": ""southwest_airlines/B03""}",False,False,Current affected-path evidence and unified update/release acceptance; no blanket rerun claim
southwest_airlines,B04,NUMERIC_RESULT,EXACT,APPLICABLE,441000000,USD,PASS,"{""fiscal_year"": 2025, ""period_start"": ""2025-01-01"", ""period_end"": ""2025-12-31""}","{""run_id"": ""run:ordinary-integrated:91783f2216f39c91f7224570455ea1704faaf9ea65c270f0bde883b38e768d98"", ""result_id"": ""sha256:ebb94fd564b09ea4296d682a2447986605cb2bcf518cf834613acad072ee4789"", ""spec_closure_hash"": ""sha256:22b0fe3ad2841f90450d503cd628fe65207ae1777968156abc13c4ee28ffb3e2"", ""requirement_closure_hash"": ""sha256:2c7f64c2b35fc477988ba0779d173d43e900db4aca53ba08a11af03a7db1acbd""}",SAVED_SEC_ORIGINAL_NATIVE_DEVELOPMENT_RESULT,SAVED_ORIGINAL_SEC_SOURCE_NO_NEW_ACQUISITION,"{""path"": ""docs/evidence/issue28_continuous/integrated-amendment-repairs/southwest/summary.json"", ""selector"": ""southwest_airlines/B04""}",False,False,Current affected-path evidence and unified update/release acceptance; no blanket rerun claim
southwest_airlines,B05,NUMERIC_RESULT,EXACT,APPLICABLE,-831000000,USD,PASS,"{""fiscal_year"": 2025, ""period_start"": ""2025-01-01"", ""period_end"": ""2025-12-31""}","{""run_id"": ""run:ordinary-integrated:bc0d25bb1ee81c112f2f8e89fc0b871636d3dfe7c9aee93f0872a8763dcb40cd"", ""result_id"": ""sha256:a6118af5bb1081995cb2d062263c5df433b92a531a27dca9bf1523432e7f063e"", ""spec_closure_hash"": ""sha256:7fc421991b42d822b96675ac584b32e0af843a34923a90cb316cc13386debdae"", ""requirement_closure_hash"": ""sha256:2c7f64c2b35fc477988ba0779d173d43e900db4aca53ba08a11af03a7db1acbd""}",SAVED_SEC_ORIGINAL_NATIVE_DEVELOPMENT_RESULT,SAVED_ORIGINAL_SEC_SOURCE_NO_NEW_ACQUISITION,"{""path"": ""docs/evidence/issue28_continuous/integrated-amendment-repairs/southwest/summary.json"", ""selector"": ""southwest_airlines/B05""}",False,False,Current affected-path evidence and unified update/release acceptance; no blanket rerun claim
southwest_airlines,B06,IMPLEMENTATION_OR_SOURCE_PROOF_UNRESOLVED,NONE,APPLICABLE,,,B06_SOURCE_RELATIONSHIP_UNRESOLVED,"{""fiscal_year"": 2025, ""period_start"": ""2025-12-31"", ""period_end"": ""2025-12-31""}","{""run_id"": ""run:ordinary-integrated:d8df13276ae62f0422f1d96e907b98607797a4e5afabed5240681f2e5283cc01"", ""result_id"": ""sha256:f6165df7e0bb01ab81ace88cd14395c97632c82d0489bad5a83adfc7dbafe78e"", ""spec_closure_hash"": ""sha256:0361bf99806d1cbcc24464360acf16db20d98bafced81c5aa45fdfefe765dce1"", ""head"": ""1c9f5621e4e09f891d597fa7edcea970a3d434dc"", ""evidence_date"": ""2026-09-12"", ""current_code_replay_claim"": false}",SAVED_SEC_ORIGINAL_NATIVE_DEVELOPMENT_RESULT,SAVED_ORIGINAL_SEC_SOURCE_NO_NEW_ACQUISITION,"{""path"": ""docs/evidence/issue28_continuous/completed-v14-batch-340/summary.json"", ""selector"": ""southwest_airlines/B06""}",False,False,Distinguish actual source ambiguity from unsupported implementation through complete bounded source proof; no coordinate completion credit from refusal
southwest_airlines,B07,NUMERIC_RESULT,EXACT,APPLICABLE,2.562874251497005988023952096,ratio,PASS,"{""fiscal_year"": 2025, ""period_start"": ""2025-01-01"", ""period_end"": ""2025-12-31""}","{""run_id"": ""run:ordinary-integrated:53e48cfe48d55c00622bdf71dc40a884927cabba9ca4d6e674dfdd89055b2090"", ""result_id"": ""sha256:1dc8424e3bff62883070fb113de44842f208b0c17ee4e5d792f2656d9490260c"", ""spec_closure_hash"": ""sha256:0eb533e576d3bbcb418812e362d9e377373f83c76dd9bfa62ecb41d49475bb78"", ""requirement_closure_hash"": ""sha256:2c7f64c2b35fc477988ba0779d173d43e900db4aca53ba08a11af03a7db1acbd""}",SAVED_SEC_ORIGINAL_NATIVE_DEVELOPMENT_RESULT,SAVED_ORIGINAL_SEC_SOURCE_NO_NEW_ACQUISITION,"{""path"": ""docs/evidence/issue28_continuous/integrated-amendment-repairs/southwest/summary.json"", ""selector"": ""southwest_airlines/B07""}",False,False,Current affected-path evidence and unified update/release acceptance; no blanket rerun claim
southwest_airlines,B08,NUMERIC_RESULT,EXACT,APPLICABLE,0.5168940573207581723285413424,ratio,PASS,"{""fiscal_year"": 2025, ""period_start"": ""2025-12-31"", ""period_end"": ""2025-12-31""}","{""run_id"": ""run:ordinary-integrated:f53497bb4be256f0f66bfdf90794df943f999ac5af3f0260451fed5ad922a9f6"", ""result_id"": ""sha256:c82c03262b3e42ab2306ad507fcfdd5e8bc9ed533740f055f83686aa2faa2042"", ""spec_closure_hash"": ""sha256:5c803b9c8f773c348d4279249eeb56b603221e55938f39cba7801b3d77a517b6"", ""requirement_closure_hash"": ""sha256:2c7f64c2b35fc477988ba0779d173d43e900db4aca53ba08a11af03a7db1acbd""}",SAVED_SEC_ORIGINAL_NATIVE_DEVELOPMENT_RESULT,SAVED_ORIGINAL_SEC_SOURCE_NO_NEW_ACQUISITION,"{""path"": ""docs/evidence/issue28_continuous/integrated-amendment-repairs/southwest/summary.json"", ""selector"": ""southwest_airlines/B08""}",False,False,Current affected-path evidence and unified update/release acceptance; no blanket rerun claim
southwest_airlines,B09,NUMERIC_RESULT,EXACT,APPLICABLE,3231000000,USD,PASS,"{""fiscal_year"": 2025, ""period_start"": ""2025-12-31"", ""period_end"": ""2025-12-31""}","{""run_id"": ""run:ordinary-integrated:08acc073ec10c09080029def4a5b23c9d98abd9d501ce428621b35fd7c641c95"", ""result_id"": ""sha256:8b9ea9441163261f6cdb9b0f815947bdbe6b2e7a016d14d91fd425fe9b668b57"", ""spec_closure_hash"": ""sha256:25be3c461b082e4b74950c85e39b093568b807aa22c500370579f697f9381b3f"", ""requirement_closure_hash"": ""sha256:2c7f64c2b35fc477988ba0779d173d43e900db4aca53ba08a11af03a7db1acbd""}",SAVED_SEC_ORIGINAL_NATIVE_DEVELOPMENT_RESULT,SAVED_ORIGINAL_SEC_SOURCE_NO_NEW_ACQUISITION,"{""path"": ""docs/evidence/issue28_continuous/integrated-amendment-repairs/southwest/summary.json"", ""selector"": ""southwest_airlines/B09""}",False,False,Current affected-path evidence and unified update/release acceptance; no blanket rerun claim
southwest_airlines,B10,STRUCTURAL_NOT_APPLICABLE,NONE,N_A_STRUCTURAL,,,TRAIT_NOT_APPLICABLE,"{""fiscal_year"": 2025, ""period_start"": ""2025-01-01"", ""period_end"": ""2025-12-31""}","{""run_id"": ""run:ordinary-integrated:d2d6f2423fe242f8d33b4e847eedc8abf3c3c74a4c203b56a3e691e5dd8f62d7"", ""result_id"": ""sha256:2340cdcfa5e4ab6ca3c61d4982d9a3974c028545fa32210ed3b20851339a964d"", ""spec_closure_hash"": ""sha256:1e61acee56a83be8e1fc83b80c8ed3c5f53cc147376a0761280a64fa5a4ac817"", ""requirement_closure_hash"": ""sha256:f7352d6cffff8d28f18315c2acf2ff16205567b32d41cd526e2afb1327c95284""}",SAVED_SEC_ORIGINAL_NATIVE_DEVELOPMENT_RESULT,SAVED_ORIGINAL_SEC_SOURCE_NO_NEW_ACQUISITION,"{""path"": ""docs/evidence/issue28_continuous/ordinary-lodging/current-native/summary.json"", ""selector"": ""southwest_airlines/B10""}",False,False,Current affected-path evidence and unified update/release acceptance; no blanket rerun claim
southwest_airlines,B11,STRUCTURAL_NOT_APPLICABLE,NONE,N_A_STRUCTURAL,,,TRAIT_NOT_APPLICABLE,"{""fiscal_year"": 2025, ""period_start"": ""2025-01-01"", ""period_end"": ""2025-12-31""}","{""run_id"": ""run:ordinary-integrated:29311467a860027d8a556060c148fcc9fec93ce49d875439b8a088cd0cedf41c"", ""result_id"": ""sha256:9cc4e7f5c1b26fc8d2eb02859accc204cdbd84c383a06f0515f084a750143764"", ""spec_closure_hash"": ""sha256:6f9cab9c1c477f4210dadf7fa4f018ffeb7f67588be5f6811cf50bd6092e94bc"", ""requirement_closure_hash"": ""sha256:f7352d6cffff8d28f18315c2acf2ff16205567b32d41cd526e2afb1327c95284""}",SAVED_SEC_ORIGINAL_NATIVE_DEVELOPMENT_RESULT,SAVED_ORIGINAL_SEC_SOURCE_NO_NEW_ACQUISITION,"{""path"": ""docs/evidence/issue28_continuous/ordinary-lodging/current-native/summary.json"", ""selector"": ""southwest_airlines/B11""}",False,False,Current affected-path evidence and unified update/release acceptance; no blanket rerun claim
southwest_airlines,B12,STRUCTURAL_NOT_APPLICABLE,NONE,N_A_STRUCTURAL,,,TRAIT_NOT_APPLICABLE,"{""fiscal_year"": 2025, ""period_start"": ""2025-12-31"", ""period_end"": ""2025-12-31""}","{""run_id"": ""run:ordinary-integrated:5e6e29dbf0ca73817528ce68d011280f35f079a98f5edc6733472530d2444101"", ""result_id"": ""sha256:d6138c50427769a12d604034f55e80be521e59149f8541bc2736bb5fbbb07ec0"", ""spec_closure_hash"": ""sha256:267b9c81c20295935d3e400903dc41bf2e3e52f87de37cd8ec9d193245320267"", ""head"": ""1c9f5621e4e09f891d597fa7edcea970a3d434dc"", ""evidence_date"": ""2026-09-12"", ""current_code_replay_claim"": false}",SAVED_SEC_ORIGINAL_NATIVE_DEVELOPMENT_RESULT,SAVED_ORIGINAL_SEC_SOURCE_NO_NEW_ACQUISITION,"{""path"": ""docs/evidence/issue28_continuous/completed-v14-batch-340/summary.json"", ""selector"": ""southwest_airlines/B12""}",False,False,Current affected-path evidence and unified update/release acceptance; no blanket rerun claim
southwest_airlines,B13,STRUCTURAL_NOT_APPLICABLE,NONE,N_A_STRUCTURAL,,,TRAIT_NOT_APPLICABLE,"{""fiscal_year"": 2025, ""period_start"": ""2025-01-01"", ""period_end"": ""2025-12-31""}","{""run_id"": ""run:ordinary-integrated:9c0196add72a2f4b1361102084f66102541a552aa1610dc7d5846fb096344b02"", ""result_id"": ""sha256:be979f2b6d1f8a22e8b935530a89ecd4b30703cc2247f8ce4461df9983eb37ce"", ""spec_closure_hash"": ""sha256:7271dcbbc3bf761af1ec5dc130c6fdbc6528822a33bf11f98a3c0f2021f4fefb"", ""requirement_closure_hash"": ""sha256:4e6105c99e3d1741cbf72d9a4c0e71ee175740e6f3de6dc4c40a149b990ac95d""}",SAVED_SEC_ORIGINAL_NATIVE_DEVELOPMENT_RESULT,SAVED_ORIGINAL_SEC_SOURCE_NO_NEW_ACQUISITION,"{""path"": ""docs/evidence/issue28_continuous/b13-content-guards/structural-summary.json"", ""selector"": ""southwest_airlines/B13"", ""archive"": ""b13-content-guards/native-material.tar.gz"", ""run_records"": ""structural-3/southwest_airlines/run/records.jsonl"", ""run_manifest"": ""structural-3/southwest_airlines/run/manifest.json""}",False,False,Current affected-path evidence and unified update/release acceptance; no blanket rerun claim
southwest_airlines,C01,NUMERIC_RESULT,EXACT,APPLICABLE,4,count,PASS,"{""fiscal_year"": 2025, ""period_start"": ""2025-01-01"", ""period_end"": ""2025-12-31""}","{""run_id"": ""run:ordinary-integrated:7bf51a44da300a157de296e82b359f82e67155da380524e9abad09fd3f9928f5"", ""result_id"": ""sha256:41a83e0107e45e1ca5dfdb91c8a172d219b07f1f0336a2c447344e0c4eedc90e"", ""spec_closure_hash"": ""sha256:87a93dec6cb267aa2a6549a8ce060757267b9db8680662970f4959a040990ced"", ""requirement_closure_hash"": ""sha256:2c7f64c2b35fc477988ba0779d173d43e900db4aca53ba08a11af03a7db1acbd""}",SAVED_SEC_ORIGINAL_NATIVE_DEVELOPMENT_RESULT,SAVED_ORIGINAL_SEC_SOURCE_NO_NEW_ACQUISITION,"{""path"": ""docs/evidence/issue28_continuous/integrated-amendment-repairs/southwest/summary.json"", ""selector"": ""southwest_airlines/C01""}",False,False,Current affected-path evidence and unified update/release acceptance; no blanket rerun claim
southwest_airlines,C02,TEXT_RESULT,EXACT,APPLICABLE,"The Board of Directors (the “Board”) believes that strong corporate governance is critical to promoting the best long-term interests of our Shareholders, Employees, and Customers. Thoughtful consideration is given to the composition, refreshment, and structure of the Board for it to effectively fulfill its oversight responsibilities. The Board has nominated eleven Directors to stand for election at the Annual Meeting.
In evaluating Director candidates for membership, the Nominating and Corporate Governance Committee considers numerous factors, including, for example, diversity of experience, skills, background, and geography, with the goals of obtaining varied perspectives and promoting constructive debate.
The Board is composed of, and benefits from, individuals with distinguished leadership experience across multiple industries, including aviation/aerospace, transportation, manufacturing, energy, professional services, financial services, technology, government affairs, retail, and hospitality. Maintaining a Board of knowledgeable professionals with the backgrounds, experiences, perspectives, and skills that will best serve the Board’s and the Company’s needs is a top priority of the Board and the Nominating and Corporate Governance Committee.
9 out of 11 members of the Board are independent.
At the Annual Meeting of Shareholders, eleven Directors are nominated to be elected for terms expiring at the 2027 Annual Meeting of Shareholders or until their earlier death, retirement, resignation, or removal in accordance with the provisions of the Company’s bylaws. Robert E. Jordan, Tom Doxey, and Jeff Novota have been selected as a proxy committee by the Board, and it is the intention of the proxy committee that, unless otherwise directed therein, proxies will be voted for the election of all of the nominees listed below. Although it is not contemplated that any of the nominees will be unable to serve, if such a situation arises prior to the meeting, the proxy committee will act in accordance with its best judgment. Each of the nominees has indicated his or her willingness to serve as a member of the Board, if elected.
Strong financial acumen. Mr. Jordan served as the Chair of the Audit Committee at The Container Store from 2013 to 2023, providing financial oversight and risk management over sustained periods of year-over-year revenue growth under varied economic conditions. At Southwest, as Executive Vice President & Chief Commercial Officer, Mr. Jordan led teams covering marketing, revenue management, network planning, customer support and services, customer relations, and the customer experience.
The business of the Company is managed under the direction of the Board. Pursuant to the requirements of the New York Stock Exchange (“NYSE”), a majority of the members of the Board must be independent, as defined by NYSE rules. The Board meets on a regularly scheduled basis to review significant developments affecting the Company, to act on matters requiring approval by the Board, and to otherwise fulfill its responsibilities. The Board has adopted Corporate Governance Guidelines, based on the recommendation of its Nominating and Corporate Governance Committee, to further its goal of providing effective governance of the Company’s business for the long-term benefit of the Company’s Shareholders, Employees, and Customers. These guidelines set forth policies concerning overall governance practices for the Company and are reviewed by the Nominating and Corporate Governance Committee and approved by the Board at least annually.
The Company’s Nominating and Corporate Governance Committee is responsible for recommending to the Board the criteria for Board membership, as set forth in the Company’s Corporate Governance Guidelines.
The Corporate Governance Guidelines prohibit non-Employee Directors from serving on more than five public company boards and prohibit Employee Directors from serving on more than two public company boards. The Corporate Governance Guidelines also require that the nature and time involved in a Director’s service on other boards be considered in connection with the evaluation of the suitability of that Director. In addition, in accordance with the Corporate Governance Guidelines, Directors should advise the Chair of the Board and the Chair of the Nominating and Corporate Governance Committee in advance of accepting an invitation to serve on the board of directors, the audit committee, or the compensation committee of another publicly traded company.
The Board believes Board composition and refreshment are important elements of the effective fulfillment of the Board’s oversight responsibilities. As the Company navigated numerous challenges and changes in recent years, and in response to Shareholder feedback, the Board and the Nominating and Corporate Governance Committee have increasingly focused on Board refreshment, appointing one new Director in 2021, two new Directors in 2022, four new Directors in 2023, nine new Directors in 2024, and reducing the Board size to eleven members in 2026. The Nominating and Corporate Governance Committee has also put forth a concerted and ongoing effort to identify and build a pipeline of possible candidates to address the evolving needs of the Board and the Company. As part of this effort, and with input from the full Board, the Nominating and Corporate Governance Committee regularly reviews its candidate search process and recruitment criteria.
• Consulting with the Nominating and Corporate Governance Committee with respect to recommendations for the assignment of Board members to the Board’s committees and of the Chairs of those committees; and
In accordance with the Corporate Governance Guidelines and committee charters, the Board and each of its standing committees engage in self-evaluations at least annually. The Board believes this annual evaluation process supports the effectiveness and continuous improvement of the Board as a whole and of each of its committees.
The Nominating and Corporate Governance Committee is responsible for overseeing the annual evaluations of the performance of the Board and the Board’s committees. The Chair of the Nominating and Corporate Governance Committee reviews the format and substance of the annual self-evaluation questionnaire to help ensure feedback remains pertinent and appropriate.
The responses of the Board members are compiled on an anonymous basis and reviewed by the Nominating and Corporate Governance Committee. The Chairs of each committee also review the anonymous responses for their respective committee self-evaluations.
The Board has established the following standing committees to assist it with fulfilling its responsibilities: (i) Audit, (ii) Compensation, (iii) Nominating and Corporate Governance, and (iv) Safety and Operations. In July 2025, the Board also established an ad hoc Fleet Oversight Committee. The following table provides information on the Board’s current committee memberships.
The Audit Committee has been established in accordance with Section 3(a)(58)(A) of the Securities Exchange Act of 1934, as amended (the “Exchange Act”), and the Board has determined that each of the members of the Audit Committee is (and each Director who previously served on the Audit Committee during 2025 was) independent under all applicable rules of the Securities and Exchange Commission (the “SEC”) and the NYSE governing Audit Committee membership.
The Board has determined that each of the members of the Compensation Committee is (and each Director who previously served on the Compensation Committee during 2025 was) (i) independent under the NYSE’s rules governing Compensation Committee membership; and (ii) a “non-employee director” under Rule 16b-3 of the Exchange Act.
The Board has determined that each of the members of the Nominating and Corporate Governance Committee is (and each Director who previously served on the Nominating and Corporate Governance Committee during 2025 was) independent under the NYSE’s rules.
The primary functions of each of the Board’s standing committees and the ad hoc Fleet Oversight Committee are discussed below. A more detailed list of each Committee’s functions can be found in their respective charters on the Company’s website, www.southwestairlinesinvestorrelations.com/corporate-governance/board-committees.
* Satisfies the criteria adopted by the SEC to serve as an “audit committee financial expert”
The Nominating and Corporate Governance Committee identifies potential candidates for first-time nomination as a Board member using a variety of sources, such as recommendations from current Board members, management, and contacts in communities served by the Company. On occasion, the Nominating and Corporate Governance Committee also retains third-party executive search firms to identify candidates. In July 2025, the Nominating and Corporate Governance Committee engaged Heidrick to assist the committee with (i) assessing the Board’s size, composition, and effectiveness and (ii) identifying a pipeline of potential candidates for future Board membership.
The Company requires all of its Directors and executive officers to complete an annual questionnaire that requires them to identify and describe any transactions that they or their respective related parties may have with the Company, whether or not material. Separately, the Company’s Internal Audit Department analyzes accounts payable records to search for payments involving (i) the Company’s Directors and executive officers, (ii) known relatives of the Company’s Directors and executive officers, (iii) companies and organizations with which the Directors and executive officers are associated, and (iv) security holders known to the Company to be the beneficial owner of more than five percent of the Company’s common stock. The questionnaire for non-Employee Directors is also designed to elicit information that should be considered to determine that the Company satisfies the NYSE’s requirement that a majority of its Board members be independent within the meaning of the NYSE’s rules. Relevant information regarding Directors is then provided to the Nominating and Corporate Governance Committee, which is responsible for evaluating the qualifications of Board nominees, including independence, and for making recommendations to the Board regarding (i) nominations for Board membership and (ii) individual qualifications for committee membership, taking into account various additional regulatory requirements, including independence requirements, that specifically apply to the different Board committees. In making its recommendations to the Board, the Nominating and Corporate Governance Committee considers the following regulatory guidance: (i) Item 404(a) of Regulation S-K of the Securities Act of 1933, as amended (Transactions with Related Persons); (ii) Accounting Standards Codification Topic 850 (Related Party Disclosures); (iii) Public Company Accounting Oversight Board Auditing Standard No. 18 (Related Parties); and (iv) the NYSE’s governance standards related to independence determinations. Based on the foregoing, the Board has determined that the following Board members are independent under applicable NYSE standards: Lisa M. Atherton, Pierre R. Breber, Douglas H. Brooks, Sarah E. Feinberg, Rakesh Gangwal, David J. Grissen, David P. Hess, Christopher P. Reynolds, and Patricia A. Watson.
In determining her independence, the Board considered Ms. Atherton’s service as President & CEO of TXT and previously as President & CEO of Bell, a TXT subsidiary. In particular, the Board considered the Company’s ordinary course commercial transactions over the past three years with certain TXT subsidiaries, including Textron Ground Support Equipment and Able Aerospace Services. None of the cumulative business transactions in any of the prior three years involved an amount that exceeded 2% of the other company’s consolidated gross revenues. The Board determined that such transactions are not material to either TXT or to the Company and that Ms. Atherton does not have a direct or indirect material interest in the Company’s transactions with the TXT subsidiaries. The Board has concluded that these transactions and arrangements will not impair Ms. Atherton’s exercise of independent judgment in carrying out her responsibilities as Director. Therefore, the Board has determined that Lisa M. Atherton has no material relationship with the Company (either directly or as a partner, shareholder, or officer of an organization that has a relationship with the Company) and is independent under applicable NYSE standards.
Compensation Committee Interlocks and Insider Participation. No member of the Compensation Committee has ever been an executive officer or Employee of the Company. None of the Company’s executive officers currently serves, or has served during the last completed fiscal year, on the compensation committee or board of directors of any other entity that has one or more executive officers serving as a member of the Board or Compensation Committee.
Non-Employee Directors’ cash retainer fees for Board membership and standing committees are generally paid on an annual basis. Board of Director and committee fees earned by the non-Employee Directors on an annualized basis with respect to 2025 are set forth in the table below:
At the Compensation Committee’s request, Meridian provided market data and assessments regarding the adequacy of the Company’s compensation program for non-Employee members of the Board in 2025. Based on the information provided, the Compensation Committee recommended a $10,000 increase in the annual cash retainer for 2026 non-Employee Director compensation.
The named executive officer compensation structure for 2025 reflects the Compensation Committee’s goal to balance the following objectives: (i) providing fair pay for performance, while maintaining a view from the perspective of the Company’s Shareholders; and (ii) retaining talent, while treating Employees consistently to the extent feasible. To link pay to performance and Shareholder interests, the Compensation Committee tied 100 percent of each named executive officer’s short-term incentive compensation opportunity to pre-established performance metrics. In establishing 2025 performance metrics and related targets, the Compensation Committee focused on financial and operational performance as well as achievement of the Company’s major initiatives. In the Compensation Committee’s view, the resulting short-term incentive payouts for 2025 were fairly and appropriately aligned with Shareholder interests, as discussed in more detail above in “Compensation Discussion and Analysis – Determination of 2025 Executive Compensation; Analysis of Compensation Elements.” The named executive officers’ long-term incentive awards reflected the Compensation Committee’s belief that long-term incentive awards, including equity, should constitute a strong component of overall compensation in order to (i) align a significant percentage of the named executive officers’ compensation opportunities with the interests of the Company’s Shareholders; (ii) serve as a performance-based method to provide appropriate total compensation opportunities relative to market, while also serving as a retention mechanism; and (iii) provide a sufficient percentage of total pay at risk when combined with short-term incentive compensation. Additional detail regarding the Compensation Committee’s rationale for its short-term incentive and long-term incentive determinations is provided above under “Compensation Discussion and Analysis – Determination of 2025 Executive Compensation; Analysis of Compensation Elements.”
The firm of Ernst & Young LLP, independent auditors, has been selected by the Audit Committee to serve as the Company’s independent auditors for the fiscal year ending December 31, 2026. Shareholder ratification of the selection of Ernst & Young LLP as the Company’s independent auditors is not required by the Company’s bylaws or otherwise. However, the Board is submitting the selection of Ernst & Young LLP to the Shareholders for ratification as a matter of good corporate practice. If the Shareholders fail to ratify the selection, the Audit Committee will reconsider whether or not to retain Ernst & Young LLP. Even if the selection is ratified, the Audit Committee, in its discretion, may direct the selection of a different independent registered public accounting firm at any time during the year if the Audit Committee believes this change would be in the best interests of the Company and its Shareholders.",text,PASS,"{""fiscal_year"": 2025, ""period_start"": ""2025-01-01"", ""period_end"": ""2025-12-31""}","{""run_id"": ""run:ordinary-integrated:6a92eb6cb6aabcb93e927de1bf0bb0e34d220f418c059fe28c5a7e9e7fa1f39f"", ""result_id"": ""sha256:523ed88921723af1320ea7b2e438d68f502114417b0fe5c06190d932d95676d0"", ""spec_closure_hash"": ""sha256:fe99c55991a9f0d86cf31bcd8b009347dbe9b41ba7547a0fab1cc14ffb67cc41"", ""head"": ""1c9f5621e4e09f891d597fa7edcea970a3d434dc"", ""evidence_date"": ""2026-09-12"", ""current_code_replay_claim"": false}",SAVED_SEC_ORIGINAL_NATIVE_DEVELOPMENT_RESULT,SAVED_ORIGINAL_SEC_SOURCE_NO_NEW_ACQUISITION,"{""path"": ""docs/evidence/issue28_continuous/completed-v14-batch-340/summary.json"", ""selector"": ""southwest_airlines/C02""}",False,False,Current affected-path evidence and unified update/release acceptance; no blanket rerun claim
southwest_airlines,C03,NUMERIC_RESULT,EXACT,APPLICABLE,16587882,USD,PASS,"{""fiscal_year"": 2025, ""period_start"": ""2025-01-01"", ""period_end"": ""2025-12-31""}","{""run_id"": ""run:ordinary-integrated:abdeea4e529fb1bce1f321a28188a6612c6ae4327145a0ea27ef2a31989b4782"", ""result_id"": ""sha256:dd4ec66fa3482fdb3086c3c5d04fd3186d048862fdff2023699ff74e3cc587d5"", ""spec_closure_hash"": ""sha256:47d1a8148805ad612674bd1b6b6ce11e1845791336b63f79f35d96598de9b772"", ""head"": ""1c9f5621e4e09f891d597fa7edcea970a3d434dc"", ""evidence_date"": ""2026-09-12"", ""current_code_replay_claim"": false}",SAVED_SEC_ORIGINAL_NATIVE_DEVELOPMENT_RESULT,SAVED_ORIGINAL_SEC_SOURCE_NO_NEW_ACQUISITION,"{""path"": ""docs/evidence/issue28_continuous/completed-v14-batch-340/summary.json"", ""selector"": ""southwest_airlines/C03""}",False,False,Current affected-path evidence and unified update/release acceptance; no blanket rerun claim
southwest_airlines,C04,NUMERIC_RESULT,EXACT,APPLICABLE,0,flag,PASS,"{""fiscal_year"": 2025, ""period_start"": ""2025-01-01"", ""period_end"": ""2025-12-31""}","{""run_id"": ""run:ordinary-integrated:562c55e418a27b11f774bca11c4218ce7eadfbe2be8547a6bf735e23e9186fa7"", ""result_id"": ""sha256:2171ae2f78349dafc0eca33c372693916c7b43de7c1e1c1908c1685ea071bdb6"", ""spec_closure_hash"": ""sha256:e85274fbab94d7e316ca58710a41a00e3197688cdaff68d6c064470c17bd8f1d"", ""head"": ""1c9f5621e4e09f891d597fa7edcea970a3d434dc"", ""evidence_date"": ""2026-09-12"", ""current_code_replay_claim"": false}",SAVED_SEC_ORIGINAL_NATIVE_DEVELOPMENT_RESULT,SAVED_ORIGINAL_SEC_SOURCE_NO_NEW_ACQUISITION,"{""path"": ""docs/evidence/issue28_continuous/completed-v14-batch-340/summary.json"", ""selector"": ""southwest_airlines/C04""}",False,False,Current affected-path evidence and unified update/release acceptance; no blanket rerun claim
southwest_airlines,D01,TEXT_RESULT,EXACT,APPLICABLE,"Financial Risks
Operational Risks
Information Technology, Cybersecurity, and Data Privacy Risks
Legal, Regulatory, Compliance, and Reputational Risks
The airline industry is particularly sensitive to changes in economic conditions; in the event of continued or future unfavorable economic conditions or economic uncertainty, the Company's results of operations could be further negatively affected, which could require the Company to further adjust its business strategies.
The Company's business can be significantly affected by the availability of jet fuel, fuel prices, and volatility of fuel prices and the Company's operations are subject to disruption in the event of any delayed supply of fuel; therefore, the Company's strategic plans and future profitability are likely to be affected by fuel availability, price increases, and fuel price volatility.
The Company's low-cost structure has historically been one of its primary competitive advantages, and many factors have adversely affected and could continue to adversely affect the Company's ability to control its costs.
Increases in insurance costs or reductions in insurance coverage may adversely impact the Company’s operations and financial results.
The Company’s business, operating results, and financial condition could be adversely impacted if it is unable to effectively execute its strategic plans.
The airline industry is intensely competitive.
The Company is currently dependent on Boeing as the sole manufacturer of the Company's aircraft. If the MAX aircraft were to become unavailable for the Company's operations, or if the Company were to continue to experience prolonged delivery delays of MAX aircraft, the Company's business plans, strategies, and results of operations could be materially and adversely affected.
The Company may not be able to procure aircraft in the future in a timely manner or on favorable commercial terms, which could limit the Company’s growth or negatively affect the Company’s cost structure and competitive position.
Introducing a new aircraft manufacturer or fleet type could impose significant operational complexities, regulatory requirements, and costs on the Company.
The Company's business is labor intensive, with most Employees represented by labor unions; therefore, the Company could be materially adversely affected in the event of conflict with its Employees or its Employees' representatives.
The Company’s business is labor intensive; therefore, the Company has been, and could in the future be, adversely affected if it were unable to employ and retain appropriate numbers of qualified Employees to maintain its operations.
The Company is currently dependent on a single engine supplier, as well as single suppliers of certain other aircraft parts and equipment; therefore, the Company could be materially adversely affected (i) if it were unable to obtain timely or sufficient delivery of aircraft parts or equipment from Boeing or other suppliers or adequate maintenance or other support from any of these suppliers at commercially reasonable terms, (ii) if Boeing or other suppliers were unable to achieve and/or maintain required regulatory certifications or approvals of their parts or equipment, or (iii) in the event of a mechanical or regulatory issue associated with the Company’s aircraft parts or equipment.
The airline industry has faced on-going security concerns and related cost burdens; further threatened or actual terrorist attacks, war, or other hostilities, even if not made directly on the airline industry, could significantly harm the airline industry and the Company's operations.
Interruptions or disruptions in service at one of the Company’s core stations have had, and could in the future have, a material adverse impact on its operations.
The Company’s operations have been, and in the future may again be, materially and adversely disrupted by extreme weather events. An inability to quickly and effectively restore operations following adverse weather, a localized disaster, or disturbance in a key geography has adversely and materially impacted, and in the future could again adversely and materially impact, the Company’s business, results of operations, and financial condition.
The airline industry is made up of inherently complex systems and is affected by many conditions that are beyond its control, which can impact the Company's business strategies and results of operations.
The Company is heavily dependent on technology to operate its business and continues to implement substantial changes to its information systems; any failure, disruption, breach, or delay in the Company’s information systems or in implementation of necessary changes could materially adversely affect its operations.
The Company is increasingly exposed to cybersecurity attacks and data incidents impacting its IT Systems, or those of the Company’s vendors or service providers. Such cybersecurity incidents or data incidents could have a disruptive and material adverse effect on the Company’s business, financial position, or results of operations.
The Company is expanding its use of AI and machine-learning. Any failure in the Company’s AI implementation strategy, compliance with regulations, or failure to otherwise manage the risks related to AI technologies effectively could materially adversely affect its operations, reputation, and/or financial position.
The Company is subject to extensive government regulation that may disrupt or necessitate modifications to the Company’s operations, business plans, and strategies, increase the Company’s operating costs, or otherwise limit the Company’s ability to conduct business.
Airport capacity constraints and air traffic control inefficiencies have limited and could continue to limit the Company's growth.
The Company is subject to various environmental requirements and risks, including increased regulation, changing consumer preferences, physical, environmental, and climate risks, and risks associated with climate change; the cost of compliance with more stringent environmental regulations, failure to comply with environmental regulations, or failure to otherwise manage the risks of climate change effectively could have a material adverse effect on the Company’s results of operations.
The Company is subject to risks related to its sustainability goals and disclosures, which may affect stakeholder sentiment and the Company’s reputation and brand.
The Company’s future results may suffer if it is unable to effectively manage its current and contemplated international operations or Extended Operations (“ETOPS”).
The Company’s plans to develop commercial relationships with airlines in other parts of the world may not produce the results or returns it expects.
The Company is currently subject to regulatory actions and pending litigation, and if judgment, penalties, or fines were to be rendered against the Company, such judgment, penalties, or fines could adversely affect the Company's operating results.
Conflicting federal, state, and local laws and regulations may impose additional requirements and restrictions on the Company’s operations, which could increase the Company’s operating costs, result in service disruptions, and increase litigation risk.
The Company’s reputation and brand could be harmed if it were to experience significant negative publicity through social media or otherwise.
The Company’s business has been, and could in the future be, negatively affected as a result of actions of activist shareholders, and such activism could adversely affect the strategic direction and business results of the Company.
The Company has adopted certain provisions in its Bylaws that could increase costs to bring a claim, discourage claims, limit the ability of the Company’s Shareholders to bring a claim, or limit the ability of the Company’s Shareholders to bring a claim in a judicial forum viewed by the Shareholders as more favorable for disputes with the Company or the Company’s directors, officers, or other Employees.",text,PASS,"{""fiscal_year"": 2025, ""period_start"": ""2025-01-01"", ""period_end"": ""2025-12-31""}","{""run_id"": ""run:ordinary-integrated:97c3744e448c252ac7c9ec1acf954fce33cc5d19d417b4d8345c0e6ee8143de0"", ""result_id"": ""sha256:926d49f729ec7061eb76fb5795dbe431ef7f258e26901861b566bd62a39571e0"", ""spec_closure_hash"": ""sha256:2cf616ccdb70214edf453184505f984279be5cfa9fd0b966993eeb70b767b400"", ""head"": ""1c9f5621e4e09f891d597fa7edcea970a3d434dc"", ""evidence_date"": ""2026-09-12"", ""current_code_replay_claim"": false}",SAVED_SEC_ORIGINAL_NATIVE_DEVELOPMENT_RESULT,SAVED_ORIGINAL_SEC_SOURCE_NO_NEW_ACQUISITION,"{""path"": ""docs/evidence/issue28_continuous/completed-v14-batch-340/summary.json"", ""selector"": ""southwest_airlines/D01""}",False,False,Current affected-path evidence and unified update/release acceptance; no blanket rerun claim
southwest_airlines,D02,TEXT_RESULT,EXACT,APPLICABLE,"On June 30, 2015, the U.S. Department of Justice (“DOJ”) issued a Civil Investigative Demand (“CID”) to the Company. The CID sought information and documents about the Company’s capacity from January 2010 to the date of the CID, including public statements and communications with third parties about capacity. In June 2015, the Company also received a letter from the Connecticut Attorney General requesting information about capacity. The Company is cooperating fully with the DOJ CID and the state inquiry.
Further, on July 1, 2015, a complaint was filed in the United States District Court for the Southern District of New York on behalf of putative classes of consumers alleging collusion among the Company, American Airlines, Delta Air Lines, and United Airlines to limit capacity and maintain higher fares in violation of Section 1 of the Sherman Act. Since then, a number of similar class action complaints were filed in the United States District Courts for the Central District of California, the Northern District of California, the District of Columbia, the Middle District of Florida, the Southern District of Florida, the Northern District of Georgia, the Northern District of Illinois, the Southern District of Indiana, the Eastern District of Louisiana, the District of Minnesota, the District of New Jersey, the Eastern District of New York, the Southern District of New York, the Middle District of North Carolina, the District of Oklahoma, the Eastern District of Pennsylvania, the Northern District of Texas, the District of Vermont, and the Eastern District of Wisconsin. On October 13, 2015, the Judicial Panel on Multi-District Litigation centralized the cases to the United States District Court in the District of Columbia. On March 25, 2016, the plaintiffs filed a Consolidated Amended Complaint in the consolidated cases alleging that the defendants conspired to restrict capacity from 2009 to present. The plaintiffs seek to bring their claims on behalf of a class of persons who purchased tickets for domestic airline travel on the defendants' airlines from July 1, 2011 to present. They seek treble damages, injunctive relief, and attorneys' fees and expenses. On May 11, 2016, the defendants moved to dismiss the Consolidated Amended Complaint, which the Court denied on October 28, 2016. On December 20, 2017, the Company reached an agreement to settle these cases with a proposed class of all persons who purchased domestic airline transportation services from July 1, 2011, to the date of the settlement. The Company agreed to pay $15 million and to provide certain cooperation with the plaintiffs as set forth in the settlement agreement. After notice was provided to the proposed settlement class and the Court held a fairness hearing, the Court issued an order granting final approval of the settlement on May 9, 2019. On June 10, 2019, certain objectors filed notices of appeal to the United States Court of Appeals for the District of Columbia Circuit, which the Court dismissed on July 9, 2021, for lack of jurisdiction because the district court's order approving the settlements was not a final appealable order. The case is continuing as to the remaining defendants. The Company denies all allegations of wrongdoing.
On January 7, 2019, a complaint alleging a violation of the federal Uniformed Services Employment and Reemployment Rights Act (“USERRA”) and seeking a certification as a class action was filed against the Company in the United States District Court for the Northern District of California. The complaint alleges that the Company violates section 4316(b) of USERRA because it does not provide paid “short-term” military leave (i.e., a military leave of 14 days or fewer) but does provide paid jury duty leave, bereavement leave, and sick leave, which the plaintiff alleges are “comparable” forms of leave under USERRA and its implementing regulations. The complaint seeks declaratory and injunctive relief, damages, liquidated damages, interest, and attorneys’ fees, expert fees, and litigation costs. On February 3, 2021, the Court granted the plaintiff’s motion for class certification and issued an order certifying a class comprised of current or former Employees who, during their employment with the Company at any time from October 10, 2004, through the date of judgment in this action, have taken short-term military leave and were subject to a collective-bargaining agreement, except for Employees subject to the Transport Workers Union Local 550 agreement covering meteorologists. On January 11, 2022, the Court granted the parties’ stipulated request to vacate the trial date as the Department of Defense had not yet produced the class members’ military pay and service records pursuant to the Company’s third-party subpoena. On August 18, 2022, the Court entered an order that effectively stayed the action, except for attention to the third-party subpoena, until after the Ninth Circuit issued its opinion in the matter of Clarkson v. Alaska Airlines, Inc. and Horizon Industries, Inc., an appeal from an order by the United States District Court for the Eastern District of Washington granting summary judgment in defendants’ favor on substantially the same claims at issue in this action. The Ninth Circuit issued its order in Clarkson on February 1, 2023, reversing the district court’s grant of summary judgment and remanding the Clarkson case to the District Court with instructions to consider the “pay during leave” issue in the first instance. The Company has received the military pay and service records. On October 29, 2024, the Company filed a motion to decertify the class, which was then fully briefed and set for hearing. On February 13, 2025, the parties filed a notice of settlement advising the Court that they reached a settlement in principle, and the parties made a stipulated request for the Court to vacate the case schedule, including the hearing on the Company's decertification motion, and to set a deadline of June 19, 2025, for the filing of either a motion for preliminary approval of the class settlement or a status update about the timing of the remaining steps in the settlement process. The Court granted the stipulation on February 14, 2025. On June 20, 2025, the Court granted the parties’ stipulated request to continue the deadline for filing a motion for preliminary approval of the class settlement and the Court reset the deadline for
August 21, 2025. On September 25, 2025, plaintiffs filed a motion for preliminary approval of the settlement class. The class proposed in the settlement modifies the class definition to use an end date of January 1, 2026 (rather than treating the date of judgment as the end date). The settlement includes an $18.5 million settlement fund and prospective relief that includes a differential pay benefit for up to ten days of military leave per year, which will remain in place for at least five years once initiated. On December 11, 2025, the Court granted preliminary approval of the settlement and set the final approval hearing for May 14, 2026.
On December 27, 2019, a former customer service agent at Oakland International Airport, filed a putative class action complaint in the Superior Court of California, for the County of Santa Clara, against the Company alleging the following seven claims under the California Labor Code and Business & Professions Code: (1) failure to provide meal periods; (2) failure to provide rest periods; (3) failure to pay hourly wages; (4) failure to provide accurate wage statements; (5) failure to timely pay all final wages; (6) unfair competition; and (7) civil penalties for the foregoing. Plaintiff filed a First Amended Complaint on October 15, 2021, that asserted the same causes of action and added a named plaintiff. The First Amended Complaint primarily seeks unpaid wages, interest thereon, and associated civil and statutory penalties, along with attorneys’ fees and costs. On February 26, 2025, the Court granted class certification as to the first cause of action for failure to provide meal periods, denied certification on the second through fourth causes of action, and granted certification on the fifth and sixth causes of action only insofar as they are predicated on the first cause of action. The certified class consists of all of the Company’s non-exempt ground employees in California who worked a shift in excess of five hours for the time period between October 24, 2014, forward. On April 17, 2025, the Company filed a summary judgment motion arguing that Plaintiffs’ first cause of action, and all causes of action predicated thereon, failed as a matter of law. The motion was granted on July 25, 2025. Judgment was entered in favor of the Company on September 2, 2025, and Plaintiffs filed a notice of appeal on September 4, 2025. The Company intends to continue to vigorously defend itself in all respects.
On June 22, 2020, a derivative action for breach of fiduciary duty was filed in the United States District Court for the Northern District of Texas naming the members of the Company's Board of Directors (the “Board”) as defendants and the Company as a nominal defendant (the “Derivative Action”). The plaintiff alleges unspecified damage to Company’s reputation, goodwill, and standing in the community, as well as damage from exposure to civil and regulatory liability and defense costs. According to the lawsuit, these damages arise from the Company’s alleged failure to comply with safety and record maintenance regulations and false statements in public filings regarding the Company’s safety practices. The plaintiff alleges the Board, in the absence of good faith, exhibited reckless disregard for its duties of oversight. On October 7, 2020, the Court entered an order staying and administratively closing the Derivative Action, pending the District Court's final resolution of the Company's motion to dismiss in a parallel securities class action under Section 10(b) of the Exchange Act that was filed on February 19, 2020, or upon the occurrence of certain other conditions. While the parallel securities class action was dismissed with prejudice on October 5, 2023, the plaintiff in the Derivative Action has taken no steps to lift the stay in the case, which remains stayed. The Board and Company deny all allegations of wrongdoing made in the Derivative Action.
On August 26, 2021, a complaint alleging breach of contract and seeking certification as a class action was filed against the Company in the United States District Court for the Western District of Texas in Waco. The complaint alleges that the Company breached its Contract of Carriage and other alleged agreements in connection with its use of the allegedly defective MAX aircraft manufactured by The Boeing Company. The complaint seeks damages on behalf of putative classes of customers who provided valuable consideration, whether in money or other form (e.g., voucher, miles/points, etc.), in exchange for a ticket for air transportation with the Company, which transportation took place between August 29, 2017, and March 13, 2019. The complaint generally seeks money damages, declaratory relief, and attorneys’ fees and other costs. On October 27, 2021, the Company filed a multi-faceted motion challenging the complaint based upon lack of subject matter jurisdiction, the existence of a prior-filed complaint on appeal in the Fifth Circuit (the “Sherman Complaint”), improper venue, and failure to state a claim, and seeking to have the complaint's class contentions stricken. That motion was fully briefed by both parties and was argued to a United States Magistrate Judge on June 27, 2022. On July 5, 2022, the Magistrate Judge granted the motion in part and ordered the case stayed until the issuance of the Fifth Circuit's opinion in the Sherman Complaint. On November 28, 2022, the parties jointly notified the Court of the Fifth Circuit's decision regarding the Sherman Complaint. On March 23, 2023, the parties jointly notified the Court of the dismissal of the Sherman Complaint for lack of jurisdiction. Following more recent communications by the parties regarding the status of the stay, the Court directed the parties to file a joint status report, which was filed on February 24, 2025, with the
Company renewing its request that the case be dismissed for lack of standing and lack of subject matter jurisdiction in light of the Fifth Circuit’s decision regarding the Sherman Complaint, which the plaintiffs opposed. On March 11, 2025, the Court heard argument of the parties’ respective positions on the Company’s request for dismissal for lack of standing and lack of subject matter jurisdiction. On June 9, 2025, the Court issued an order dismissing the case for lack of standing and lack of subject matter jurisdiction and entered final judgment in favor of the Company. On July 9, 2025, the plaintiffs in the case filed a notice of appeal to the Fifth Circuit Court of Appeals. The appeal has now been fully briefed by the parties. No oral argument has been set. The Company continues to deny all allegations of wrongdoing, believes the plaintiffs' positions are without merit, and intends to vigorously defend itself against the appeal.
Two complaints alleging violations of federal securities laws and seeking certification as a class action were filed (on January 10, 2023, and March 13, 2023, respectively) against the Company and certain of its officers in the United States District Court for the Southern District of Texas in Houston. The complaints seek damages on behalf of a putative class of persons who purchased or otherwise acquired the Company's common stock between June 13, 2020, and December 31, 2022. The complaints assert claims under Sections 10(b) and 20 of the Exchange Act and allege that the Company made material misstatements to investors regarding the Company's internal technology and alleged vulnerability to large-scale flight disruptions. The complaints generally seek money damages, pre-judgment and post-judgment interest, and attorneys' fees and other costs. The deadline in the first of these two cases to file a motion seeking appointment of lead plaintiff was March 13, 2023; four separate motions were filed, and three of the parties seeking appointment contested the issue. On July 17, 2023, the Court signed an order consolidating the two federal securities cases into the first-filed suit and also appointed plaintiff Michael Berry as lead plaintiff in the consolidated case, with his counsel of record to serve as lead counsel and liaison counsel. On September 15, 2023, the lead plaintiff filed an amended complaint that expanded the class period to include persons who purchased or otherwise acquired the Company's common stock between February 4, 2020, and March 14, 2023, while continuing to assert claims under Sections 10(b) and 20 of the Exchange Act based on alleged misstatements regarding the Company's internal technology and alleged vulnerability to large-scale flight disruptions. On November 20, 2023, the Company and the individual defendants filed a motion to dismiss the amended complaint for failure to state a claim. Plaintiffs filed an opposition brief on January 26, 2024. The Company and the individual defendants filed a reply brief on February 23, 2024. On December 5, 2024, the United States District Court for the Southern District of Texas denied the motion to dismiss on the basis that ""the issues are better suited for a summary judgment motion after the parties have had the opportunity to engage in discovery."" On December 21, 2024, the Company moved for reconsideration of the December 5, 2024, order and, in the alternative, for permission to pursue an interlocutory appeal. The plaintiffs opposed both requests for relief. On April 3, 2025, the United States District Court for the Southern District of Texas conducted a hearing on the Company’s motion for reconsideration and requested the parties to confer and submit an agreed post-hearing briefing schedule in order for the Court to evaluate and determine the sufficiency of the allegations in Plaintiffs’ amended complaint in accordance with the Private Securities Litigation Reform Act. The parties' respective briefing on these issues has been completed and the matter remains pending for a decision by the Court. The Company denies all allegations of wrongdoing in the complaint, believes the plaintiffs' positions are without merit, and intends to vigorously defend itself in all respects.
Starting on or about January 24, 2023, the Company’s senior officers and the Board received multiple derivative demand letters from legal counsel for purported Southwest Shareholders demanding that the Board investigate claims, initiate legal action, and take remedial measures in connection with the service disruptions occurring in December 2022. Generally, the demand letters broadly assert that the Company’s directors and senior officers did not make sufficient investments in internal technology systems to prevent large-scale flight disruptions, did not exercise sufficient oversight over the Company’s operations, approved or received unwarranted compensation, caused the Company to make materially misleading public statements, and breached their fiduciary duties to the Company. Additionally, since January 27, 2023, the Company has received multiple letters from counsel for purported Southwest Shareholders making statutory demands for the production of various books and records of the Company, purportedly in an effort to investigate possible derivative claims similar to those made the subject of the derivative demands discussed above. On June 13, 2023, a shareholder derivative suit was filed against certain of the Company’s current and former officers and directors in the 14th Judicial District Court of Dallas County, Texas, asserting claims for damages from alleged breach of fiduciary duty, waste of corporate assets, and unjust enrichment derivatively on the Company’s behalf against the individual defendants based on similar factual allegations as contained in the demand letters and in the federal class action complaints. On June 15, 2023, a second shareholder derivative suit was filed against certain of the Company’s current and former officers and directors in the United States District Court for the Northern District of Texas, asserting claims under Section 14(a) of the Exchange Act
and for damages from alleged breach of fiduciary duty, indemnification, and unjust enrichment derivatively on the Company’s behalf against the individual defendants based on similar factual allegations as contained in the demand letters and in the federal class action complaints. On November 14, 2023, a third shareholder derivative suit was filed in the 134th Judicial District of Dallas County, Texas, by some of the same counsel involved in the June 13, 2023, suit against the same defendants in that suit and making allegations of the same operative facts and claims. On June 18, 2024, a fourth shareholder derivative suit was filed in the 101st Judicial District Court of Dallas County, Texas, asserting substantially similar claims as in the first two state court derivative suits. On June 26, 2024, a fifth shareholder derivative suit was filed in the United States District Court for the Northern District of Texas, asserting substantially similar claims as in the first federal derivative suit. On July 18, 2024, a sixth shareholder derivative suit was filed in the United States District Court for the Northern District of Texas, asserting substantially similar claims as in the first federal derivative suit (together with the previous demand letters and shareholder derivative suits, the “Derivative Actions and Demands”).
The Company and the Board have addressed the Derivative Actions and Demands in accordance with the applicable Texas statutes governing such demands and litigation. Pursuant to those statutes, a committee of independent and disinterested directors (the ""Special Litigation Committee"") was appointed to conduct an inquiry regarding the allegations in the Derivative Actions and Demands. The state court cases have been consolidated into one state court case, and the federal cases were later consolidated into one federal case.
As described above, pursuant to the applicable Texas statutes governing derivative demands and litigation, the Special Litigation Committee was duly appointed to conduct an inquiry regarding the claims and allegations asserted in the Derivative Actions and Demands. The Derivative Actions and Demands were all stayed, formally or by agreement, pending the outcome of the investigation by the Special Litigation Committee. On September 19, 2024, the Special Litigation Committee formally reported its findings and resolution concerning its investigation of the Derivative Actions and Demands, which began in July 2023 and concluded with the September 19, 2024 report and resolution, which in turn were delivered to the Company and its Board on September 23, 2024. The Special Litigation Committee retained two law firms to represent the Special Litigation Committee in connection with the Special Litigation Committee’s investigation of the Derivative Actions and Demands and the Special Litigation Committee’s review and assessment of evidence gathered in its investigation. The Special Litigation Committee further reported, among other details, upon its appointment, the independence and disinterestedness of its members, the Special Litigation Committee’s investigative processes, including meetings, scope of investigation, volume of documents reviewed, numbers of witnesses interviewed, other presentations received, review and analysis of evidence and applicable legal standards, work with its counsel, and findings and preparation of the final report and resolution of the Special Litigation Committee. Based upon the Special Litigation Committee report and the conclusions reached therein, the Special Litigation Committee, consistent with its appointment and delegated authority, unanimously adopted a resolution (i) determining that it is not in the best interests of the Company or its Shareholders to pursue the relief requested in the Derivative Actions and Demands; (ii) determining that it is in the best interests of the Company and its Shareholders to reject the Derivative Actions and Demands; (iii) determining that it is in the best interests of the Company and its Shareholders for the Company to move to dismiss the Derivative Actions and Demands; and (iv) instructing that the Company and counsel take all further actions necessary to implement the resolution. On December 26, 2024, the Board received a seventh demand letter, and on January 31, 2025, received an eighth demand letter, each containing allegations substantially similar to those presented in certain of the prior Derivative Actions and Demands, which are being addressed consistent with applicable Texas law governing such demands. On April 1, 2025, the Company filed a motion to dismiss or stay the consolidated state court derivative actions based on the forum selection clause in the Company’s bylaws and the pendency of the related federal derivative cases. In May 2025, the Company and the plaintiffs in the state court derivative actions filed a joint stipulation and proposed order to stay the state court derivative actions and, among other things, to make a ruling on a motion to dismiss in the federal derivative case binding upon the state court derivative actions. On June 18, 2025, the Company filed a motion to lift the stay in the consolidated federal derivative actions and an accompanying motion to dismiss based on the Special Litigation Committee's report, conclusions, and resolution. The parties have submitted to the Court a stipulation with a proposed schedule pertaining to further briefing and related proceedings in connection with the motion to dismiss. The stipulation has not yet been signed by the Court.
Based on the Company's wide-scale operational disruption, which led to the cancelation of a significant number of flights between December 21 and December 29, 2022, the Company has been subject to inquiries and investigations by governmental agencies (including with respect to a December 2023 settlement with the DOT) and could be
subject to fines and/or penalties resulting from those inquiries and investigations, as well as litigation from Customers and Shareholders.
On January 28, 2025, two participants in the Company’s retirement plans commenced a putative class action in the United States District Court for the Northern District of Texas against the Company, the Board, and certain of the Company’s officers. Plaintiffs purport to represent a class consisting of participants and beneficiaries in the Southwest Airlines Co. Retirement Savings Plan, the Southwest Airlines Co. 401(k) Plan, and the Southwest Airlines Co. ProfitSharing Plan (collectively, the “Plan”) who invested in the Harbor Capital Appreciation Fund from January 28, 2019 “through the date of judgment.” The complaint asserts that defendants mismanaged Plan assets and failed to monitor the Plan in violation of the Employee Retirement Income Security Act by, among other things, failing to remove the Harbor Fund as an investment option. The complaint seeks various forms of declaratory and monetary relief as well as attorneys’ fees, interest and other costs. The defendants deny all allegations of wrongdoing, believe the plaintiffs’ claims are without merit, and intend to vigorously defend against these claims.
On April 29, 2025, the Company received a demand letter addressed to the Board, dated April 28, 2025, from a purported Southwest Shareholder contending that the Company’s directors and senior officers breached their fiduciary duties in connection with the Board’s decision to end Southwest’s Bags Fly Free policy and to begin charging passengers for bags. The letter demanded that the Board investigate the circumstances surrounding the policy change and bring suit against individual directors and officers who allegedly breached their duties to the Company. On June 27, 2025, the Company sent a response to the demand letter on behalf of the Board rejecting the allegations and denying them and any other form of wrongdoing. The response letter also noted that the Board approved an amendment and restatement of the Company’s bylaws that, among other things, established a minimum ownership threshold of three percent of Southwest’s outstanding shares in order for a Southwest shareholder to institute or maintain a derivative proceeding, consistent with the provisions in Texas Senate Bill 29, which was signed into law on May 14, 2025. The response letter further noted that the purported shareholder who sent the demand letter claims to hold only 100 shares of the Company’s stock and thus fell well short of the three percent threshold. On July 10, 2025, the shareholder who sent the demand filed a shareholder derivative complaint in the United States District Court for the Northern District of Texas against various directors and officers of the Company based on the contentions asserted in the demand letter. The suit asserts, among other things, that the decision to change Southwest’s Bags Fly Free policy conflicts with the Company’s prior views regarding the policy and is detrimental to the Company’s business, and that the Company’s directors approved the policy to accede to pressure from large shareholder Elliott Investment Management L.P., to preserve their Board seats, or both, rather than to serve the Company’s interests. The complaint also asserts that the amendment and restatement of the Company’s bylaws is ineffective. On August 25, 2025, the Company and its Board moved to dismiss the derivative complaint and all claims on the grounds, among others, that the suit is barred by Texas Senate Bill 29 and the Company's bylaw passed pursuant thereto requiring a three percent ownership threshold in order for Company shareholders to bring derivative claims. The plaintiff opposed the motion, claiming the purportedly retroactive application of Texas Senate Bill 29 and the Company bylaw are unconstitutional; and the Company filed a reply in support of its motion to dismiss. Additionally, multiple entities sought and were granted leave to file three separate amicus curiae briefs in support of the Company's motion to dismiss and Texas Senate Bill 29; those included one amicus brief each by: (i) the Chamber of Commerce of the United States of America and the Texas Association of Business, (ii) the Alliance for Corporate Excellence, and (iii) Texans for Lawsuit Reform. Finally, in light of the constitutional challenge to Texas Senate Bill 29, on October 3, 2025, the State of Texas, represented by the Office of the Attorney General of Texas, filed a motion to intervene in the case and its own accompanying motion to dismiss the plaintiff's derivative suit and all claims therein as barred by Texas Senate Bill 29. The State of Texas’s motion to intervene was granted, and its motion to dismiss has been fully briefed by both the State and the plaintiff. The motions to dismiss of both the Company and the State of Texas remain pending and awaiting decision by the Court. The Company and its Board deny all allegations of wrongdoing, believe the plaintiffs' positions are without merit, and intend to vigorously defend themselves in all respects.
The Company is from time to time subject to various legal proceedings and claims arising in the ordinary course of business, including, but not limited to, examinations by the Internal Revenue Service and state and local income tax authorities.
The Company’s management does not expect that the outcome in any of its currently ongoing legal proceedings or the outcome of any proposed adjustments presented to date by the Internal Revenue Service and state and local
income tax authorities, individually or collectively, will have a material adverse effect on the Company’s financial condition, results of operations, or cash flow. Nevertheless, an adverse outcome for any of these matters could be material.
Based on the Company's wide-scale operational disruption, the Company could be subject to fines and/or penalties resulting from investigations by government agencies as well as litigation from Customers and Shareholders. During fourth quarter 2023, the Company reached a settlement with the Department of Transportation (the ""DOT"") based on their investigation into the disruption, and the Company accrued an associated expense of $107 million. On December 5, 2025, based on the Company's significant improvement to its ontime performance and completion factor since the time of the disruption, and as a result of its significant financial investment in its Network Operations Control function, the DOT waived the final settlement payment of $11 million, originally due January 2026. Other than these transactions, there were no material impacts to operating revenues or expenses as a result of this disruption beyond first quarter 2023.
The Company is from time to time subject to various legal proceedings and claims arising in the ordinary course of business and records a liability for such claims when it is probable that a loss will be incurred and the amount is reasonably estimable.
The Company is a defendant in class action litigation asserting it has not provided paid short-term military leave to certain Employees, in violation of the federal Uniformed Services Employment and Reemployment Rights Act (“USERRA”). The United States District Court for the Northern District of California previously issued an order to
effectively stay the action, pending an appeal from an order by the United States District Court for the Eastern District of Washington granting summary judgment in favor of an airline in a separate case involving substantially the same claims at issue in this action. On February 1, 2023, the Ninth Circuit reversed the district court’s grant of summary judgment and remanded the separate airline case to the District Court. The Ninth Circuit’s decision may adversely affect the Company’s defenses in the USERRA proceeding and may give rise to additional litigation in this or other areas. On October 29, 2024, the Company filed a motion to decertify the class. On February 13, 2025, the parties filed a notice of settlement advising the Court that they reached a settlement in principle, and the parties made a stipulated request for the Court to vacate the case schedule, including the hearing on the Company's decertification motion, and to set a deadline of June 19, 2025, for the filing of either a motion for preliminary approval of the class settlement or a status update about the timing of the remaining steps in the settlement process. The Court granted the stipulation on February 14, 2025. On June 20, 2025, the Court granted the parties’ stipulated request to continue the deadline for filing a motion for preliminary approval of the class settlement. On September 25, 2025, plaintiffs filed a motion for preliminary approval of the settlement class. The settlement includes an $18.5 million settlement fund and prospective relief that includes a differential pay benefit for up to 10 days of military leave per year, which will remain in place for at least five years once initiated. On December 11, 2025, the Court granted preliminary approval of the settlement and set the final approval hearing for May 14, 2026. The proposed settlement is fully accrued as of December 31, 2025.
On December 27, 2019, a former Customer Service Agent at Oakland International Airport, filed a putative class action complaint in the Superior Court of California, for the County of Santa Clara, against the Company alleging the following seven claims under the California Labor Code and Business & Professions Code: (1) failure to provide meal periods; (2) failure to provide rest periods; (3) failure to pay hourly wages; (4) failure to provide accurate wage statements; (5) failure to timely pay all final wages; (6) unfair competition; and (7) civil penalties for the foregoing. Plaintiff filed a First Amended Complaint on October 15, 2021, that asserted the same causes of action and added a named plaintiff. The First Amended Complaint primarily seeks unpaid wages, interest thereon, and associated civil and statutory penalties, along with attorneys’ fees and costs. On February 26, 2025, the Court granted class certification as to the first cause of action for failure to provide meal periods, denied certification on the second through fourth causes of action, and granted certification on the fifth and sixth causes of action only insofar as they are predicated on the first cause of action. The certified class consists of all of the Company’s non-exempt ground Employees in California who worked a shift in excess of five hours for the time period between October 24, 2014, forward. On April 17, 2025, the Company filed a summary judgment motion arguing that Plaintiffs’ first cause of action, and all causes of action predicated thereon, failed as a matter of law. The motion was granted on July 25, 2025. Judgment was entered in favor of the Company on September 2, 2025, and Plaintiffs filed a notice of appeal on September 4, 2025. The Company is currently not able to estimate a range of possible loss with regards to the litigation to which it is a defendant.",text,PASS,"{""fiscal_year"": 2025, ""period_start"": ""2025-01-01"", ""period_end"": ""2025-12-31""}","{""run_id"": ""run:ordinary-integrated:f49cb4745337b5a41299ca9bb59b97c0225131b08ec98d4506561eae78e1c670"", ""result_id"": ""sha256:13a019ec05c983947d52425d3f511c4c9a5c3502632beea37b384fe1ba3589c1"", ""spec_closure_hash"": ""sha256:d0e1a602d16c329087fef7fcf9d5378fe6dbc451ccc8fb8124d219e412e76214"", ""head"": ""1c9f5621e4e09f891d597fa7edcea970a3d434dc"", ""evidence_date"": ""2026-09-12"", ""current_code_replay_claim"": false}",SAVED_SEC_ORIGINAL_NATIVE_DEVELOPMENT_RESULT,SAVED_ORIGINAL_SEC_SOURCE_NO_NEW_ACQUISITION,"{""path"": ""docs/evidence/issue28_continuous/completed-v14-batch-340/summary.json"", ""selector"": ""southwest_airlines/D02""}",False,False,Current affected-path evidence and unified update/release acceptance; no blanket rerun claim
southwest_airlines,D03,VALIDATION_OR_IMPLEMENTATION_PENDING,,APPLICABLE,,,D03_NATIVE_RESULT_ROUTE_AND_REAL_VALIDATION_PENDING,"{""fiscal_year"": 2025, ""period_start"": ""2025-01-01"", ""period_end"": ""2025-12-31""}","{""source_id"": ""sha256:dbc72d74b8eb99472b340ff6e0ccf25b5f870b9e68471d74fb025de9bfadb2b9"", ""request_context_format"": ""deepseek-v41-two-message-json-chat-1"", ""implementation_files"": ""docs/evidence/issue28_continuous/request-context-counting/implementation-files.json""}",SOURCE_PREPARATION_WITH_SEPARATE_RECORDED_OR_SYNTHETIC_DEVELOPMENT_EVIDENCE,SEE_ORIGINAL_SOURCE_PROOFS_NO_MODEL_RESULT_CREDIT,"{""path"": ""docs/evidence/issue28_continuous/request-context-counting/grouped-census.json"", ""selector"": ""southwest_airlines/D03""}",False,False,Complete current source-dependent native response/Review/Run validation; retain partials and failures at original scope
southwest_airlines,D04,VALIDATION_OR_IMPLEMENTATION_PENDING,,APPLICABLE,,,D04_COMPLETE_CURRENT_REAL_VALIDATION_PENDING,"{""fiscal_year"": 2025, ""period_start"": ""2025-01-01"", ""period_end"": ""2025-12-31""}","{""source_id"": ""sha256:16167b084b2f78e5d8076729eed61afb4727ba7b95f1587b838d8eedd012e94f"", ""request_context_format"": ""deepseek-v41-two-message-json-chat-1"", ""implementation_files"": ""docs/evidence/issue28_continuous/request-context-counting/implementation-files.json""}",SOURCE_PREPARATION_WITH_SEPARATE_RECORDED_OR_SYNTHETIC_DEVELOPMENT_EVIDENCE,SEE_ORIGINAL_SOURCE_PROOFS_NO_MODEL_RESULT_CREDIT,"{""path"": ""docs/evidence/issue28_continuous/request-context-counting/grouped-census.json"", ""selector"": ""southwest_airlines/D04""}",False,False,Complete current source-dependent native response/Review/Run validation; retain partials and failures at original scope
southwest_airlines,E01,NUMERIC_RESULT,EXACT,APPLICABLE,2,count,PASS,"{""fiscal_year"": 2025, ""period_start"": ""2025-01-01"", ""period_end"": ""2025-12-31""}","{""run_id"": ""run:ordinary-integrated:9f43ad819ec2ecf9ed5a6daac70c58f46056db253a3c4604c4d03cbb1233ef9e"", ""result_id"": ""sha256:476829da253cedc01e18608c87c3d98eb952e48f3180d2b0254e96c2f73ffff9"", ""spec_closure_hash"": ""sha256:7d5864cc3a591b5f0a3b903c4cadcaeb0782dcb60bfe2f75b744cef8f8364ccb"", ""requirement_closure_hash"": ""sha256:2c7f64c2b35fc477988ba0779d173d43e900db4aca53ba08a11af03a7db1acbd""}",SAVED_SEC_ORIGINAL_NATIVE_DEVELOPMENT_RESULT,SAVED_ORIGINAL_SEC_SOURCE_NO_NEW_ACQUISITION,"{""path"": ""docs/evidence/issue28_continuous/integrated-amendment-repairs/southwest/summary.json"", ""selector"": ""southwest_airlines/E01""}",False,False,Current affected-path evidence and unified update/release acceptance; no blanket rerun claim
southwest_airlines,E02,NUMERIC_RESULT,EXACT,APPLICABLE,0,count,PASS,"{""fiscal_year"": 2025, ""period_start"": ""2025-01-01"", ""period_end"": ""2025-12-31""}","{""run_id"": ""run:ordinary-integrated:df139b4d75a249ea607dacb3441599608c341aa823667490f932d371522c43ff"", ""result_id"": ""sha256:1a200def37406b2cf72c2bb5c101b22bd03520f436ef8f3f3e79f7d666211214"", ""spec_closure_hash"": ""sha256:2225c56a35257b1ccf88dd4532f450dc264095fcbf4bcfa095a7a8f801e88465"", ""requirement_closure_hash"": ""sha256:2c7f64c2b35fc477988ba0779d173d43e900db4aca53ba08a11af03a7db1acbd""}",SAVED_SEC_ORIGINAL_NATIVE_DEVELOPMENT_RESULT,SAVED_ORIGINAL_SEC_SOURCE_NO_NEW_ACQUISITION,"{""path"": ""docs/evidence/issue28_continuous/integrated-amendment-repairs/southwest/summary.json"", ""selector"": ""southwest_airlines/E02""}",False,False,Current affected-path evidence and unified update/release acceptance; no blanket rerun claim
southwest_airlines,E03,NUMERIC_RESULT,EXACT,APPLICABLE,4,count,PASS,"{""fiscal_year"": 2025, ""period_start"": ""2025-01-01"", ""period_end"": ""2025-12-31""}","{""run_id"": ""run:ordinary-integrated:f1f6c2395129b241ec1bdb021fae48be9e4652e433b1458f0682b5fa6143c18c"", ""result_id"": ""sha256:5b8326d06680b1908f98570a4dc0c84e8dd5bef4da173e62eaf007785b696a30"", ""spec_closure_hash"": ""sha256:6a53aad18d3a406b16f08c8ddf337cafca865d9ed3843044ae47fcfef17a74a7"", ""requirement_closure_hash"": ""sha256:2c7f64c2b35fc477988ba0779d173d43e900db4aca53ba08a11af03a7db1acbd""}",SAVED_SEC_ORIGINAL_NATIVE_DEVELOPMENT_RESULT,SAVED_ORIGINAL_SEC_SOURCE_NO_NEW_ACQUISITION,"{""path"": ""docs/evidence/issue28_continuous/integrated-amendment-repairs/southwest/summary.json"", ""selector"": ""southwest_airlines/E03""}",False,False,Current affected-path evidence and unified update/release acceptance; no blanket rerun claim
southwest_airlines,E04,NUMERIC_RESULT,EXACT,APPLICABLE,0,count,PASS,"{""fiscal_year"": 2025, ""period_start"": ""2025-01-01"", ""period_end"": ""2025-12-31""}","{""run_id"": ""run:ordinary-integrated:f06b8920d85c12b82e15ce56045432e10f18288d6fb3c13c4bcf43377af65722"", ""result_id"": ""sha256:8574da1f96a5fbf9ef4c22ab785c0254a229fd17cc695271146e3612138dc1dc"", ""spec_closure_hash"": ""sha256:034565b73fcf2d88fcff21e36b9fcc5a7ce604c7e09bb8d8d6ab940e5d56b24d"", ""requirement_closure_hash"": ""sha256:2c7f64c2b35fc477988ba0779d173d43e900db4aca53ba08a11af03a7db1acbd""}",SAVED_SEC_ORIGINAL_NATIVE_DEVELOPMENT_RESULT,SAVED_ORIGINAL_SEC_SOURCE_NO_NEW_ACQUISITION,"{""path"": ""docs/evidence/issue28_continuous/integrated-amendment-repairs/southwest/summary.json"", ""selector"": ""southwest_airlines/E04""}",False,False,Current affected-path evidence and unified update/release acceptance; no blanket rerun claim
southwest_airlines,E05,NUMERIC_RESULT,EXACT,APPLICABLE,2,count,PASS,"{""fiscal_year"": 2025, ""period_start"": ""2025-01-01"", ""period_end"": ""2025-12-31""}","{""run_id"": ""run:ordinary-integrated:c1ce642bd9b917b4e3140f61c57f7721b9f2f4b101393477df7f732bb93776ad"", ""result_id"": ""sha256:082c0621a2a01bc80b3b636f5e59fe4cae5703bf87c73936488a856aec788eda"", ""spec_closure_hash"": ""sha256:7f09c9630d318106f98f33d82b7914b583b8db6aef5bebc019b50b82c6f54cfd"", ""requirement_closure_hash"": ""sha256:2c7f64c2b35fc477988ba0779d173d43e900db4aca53ba08a11af03a7db1acbd""}",SAVED_SEC_ORIGINAL_NATIVE_DEVELOPMENT_RESULT,SAVED_ORIGINAL_SEC_SOURCE_NO_NEW_ACQUISITION,"{""path"": ""docs/evidence/issue28_continuous/integrated-amendment-repairs/southwest/summary.json"", ""selector"": ""southwest_airlines/E05""}",False,False,Current affected-path evidence and unified update/release acceptance; no blanket rerun claim
ford_motor_company,A01,STRUCTURAL_NOT_APPLICABLE,NONE,N_A_STRUCTURAL,,,TRAIT_NOT_APPLICABLE,"{""fiscal_year"": 2025, ""period_start"": ""2025-12-31"", ""period_end"": ""2025-12-31""}","{""run_id"": ""run:ordinary-integrated:38f82742e9a5672ede5c21e9b1ded122b59877bcd9ae64fd909faf63f92e10f7"", ""result_id"": ""sha256:5beb918ca4a296bfce953c0aba9a7b3b145db9ee28a2949a6fc5b33fc01374df"", ""spec_closure_hash"": ""sha256:ee54ac53602bbc07c6449b627bd2449f30136e32d245764a847dc6282782a063"", ""head"": ""1c9f5621e4e09f891d597fa7edcea970a3d434dc"", ""evidence_date"": ""2026-09-12"", ""current_code_replay_claim"": false}",SAVED_SEC_ORIGINAL_NATIVE_DEVELOPMENT_RESULT,SAVED_ORIGINAL_SEC_SOURCE_NO_NEW_ACQUISITION,"{""path"": ""docs/evidence/issue28_continuous/completed-v14-batch-340/summary.json"", ""selector"": ""ford_motor_company/A01""}",False,False,Current affected-path evidence and unified update/release acceptance; no blanket rerun claim
ford_motor_company,A02,STRUCTURAL_NOT_APPLICABLE,NONE,N_A_STRUCTURAL,,,TRAIT_NOT_APPLICABLE,"{""fiscal_year"": 2025, ""period_start"": ""2025-12-31"", ""period_end"": ""2025-12-31""}","{""run_id"": ""run:ordinary-integrated:23641dbef091d646ebbbc168af18eaac20dd40ecbc590944c2e6675f8a3b38fd"", ""result_id"": ""sha256:5e1b6909192c3cfac278555690f397490afc2c158d6fd195f59767fb30038355"", ""spec_closure_hash"": ""sha256:9f8a3bbf1bd4ac8229960d9ea59887842a0fbe1e5573c2dbaf9965044e91636d"", ""head"": ""1c9f5621e4e09f891d597fa7edcea970a3d434dc"", ""evidence_date"": ""2026-09-12"", ""current_code_replay_claim"": false}",SAVED_SEC_ORIGINAL_NATIVE_DEVELOPMENT_RESULT,SAVED_ORIGINAL_SEC_SOURCE_NO_NEW_ACQUISITION,"{""path"": ""docs/evidence/issue28_continuous/completed-v14-batch-340/summary.json"", ""selector"": ""ford_motor_company/A02""}",False,False,Current affected-path evidence and unified update/release acceptance; no blanket rerun claim
ford_motor_company,A03,STRUCTURAL_NOT_APPLICABLE,NONE,N_A_STRUCTURAL,,,TRAIT_NOT_APPLICABLE,"{""fiscal_year"": 2025, ""period_start"": ""2025-01-01"", ""period_end"": ""2025-12-31""}","{""run_id"": ""run:ordinary-integrated:28c5f2768c7cf92e1fae627896778c699a922b9453afd02479793c86986e53f4"", ""result_id"": ""sha256:912680bb71514a2277d517f67f64876b34d80143fe71bd4aecc2447b233e6aea"", ""spec_closure_hash"": ""sha256:99ff7afa51744213038acd97d91f0d62d641a1090f96fa85d860708579d64601"", ""head"": ""1c9f5621e4e09f891d597fa7edcea970a3d434dc"", ""evidence_date"": ""2026-09-12"", ""current_code_replay_claim"": false}",SAVED_SEC_ORIGINAL_NATIVE_DEVELOPMENT_RESULT,SAVED_ORIGINAL_SEC_SOURCE_NO_NEW_ACQUISITION,"{""path"": ""docs/evidence/issue28_continuous/completed-v14-batch-340/summary.json"", ""selector"": ""ford_motor_company/A03""}",False,False,Current affected-path evidence and unified update/release acceptance; no blanket rerun claim
ford_motor_company,A04,STRUCTURAL_NOT_APPLICABLE,NONE,N_A_STRUCTURAL,,,TRAIT_NOT_APPLICABLE,"{""fiscal_year"": 2025, ""period_start"": ""2025-01-01"", ""period_end"": ""2025-12-31""}","{""run_id"": ""run:ordinary-integrated:8980c7e4607edf8fa20f7fe1965433391e50e0c2a713a5ddba1623ec7b16da72"", ""result_id"": ""sha256:59db780ef844b2aefc9aa693b642d538e4b85a4498a5708afaed97303ccf180b"", ""spec_closure_hash"": ""sha256:bf1f13bb535f9b2004629af329532e19d87362d41606540da719b789229e9282"", ""head"": ""1c9f5621e4e09f891d597fa7edcea970a3d434dc"", ""evidence_date"": ""2026-09-12"", ""current_code_replay_claim"": false}",SAVED_SEC_ORIGINAL_NATIVE_DEVELOPMENT_RESULT,SAVED_ORIGINAL_SEC_SOURCE_NO_NEW_ACQUISITION,"{""path"": ""docs/evidence/issue28_continuous/completed-v14-batch-340/summary.json"", ""selector"": ""ford_motor_company/A04""}",False,False,Current affected-path evidence and unified update/release acceptance; no blanket rerun claim
ford_motor_company,A05,STRUCTURAL_NOT_APPLICABLE,NONE,N_A_STRUCTURAL,,,TRAIT_NOT_APPLICABLE,"{""fiscal_year"": 2025, ""period_start"": ""2025-01-01"", ""period_end"": ""2025-12-31""}","{""run_id"": ""run:ordinary-integrated:f902d3db4b6aa99a31d1fc9a3abab25df77016c78ab85da996ad4a55c2d53801"", ""result_id"": ""sha256:b754fc09bf12b3fee6c150ca15304ce0082f0004ba2975fd839fd93add6f669b"", ""spec_closure_hash"": ""sha256:e0ecf50b6a31a389933921d927ba00ca640b5b49002526cb537afa70be1e7ca3"", ""head"": ""1c9f5621e4e09f891d597fa7edcea970a3d434dc"", ""evidence_date"": ""2026-09-12"", ""current_code_replay_claim"": false}",SAVED_SEC_ORIGINAL_NATIVE_DEVELOPMENT_RESULT,SAVED_ORIGINAL_SEC_SOURCE_NO_NEW_ACQUISITION,"{""path"": ""docs/evidence/issue28_continuous/completed-v14-batch-340/summary.json"", ""selector"": ""ford_motor_company/A05""}",False,False,Current affected-path evidence and unified update/release acceptance; no blanket rerun claim
ford_motor_company,A06,STRUCTURAL_NOT_APPLICABLE,NONE,N_A_STRUCTURAL,,,TRAIT_NOT_APPLICABLE,"{""fiscal_year"": 2025, ""period_start"": ""2025-01-01"", ""period_end"": ""2025-12-31""}","{""run_id"": ""run:ordinary-integrated:2444ac77d0059089d7d1f3737dc22a71db8ecdc8888fde1310378944d4197f62"", ""result_id"": ""sha256:074de576810458e12fbb5c067b8e1cca5ac89704708fcf86f4d08c0e052b146a"", ""spec_closure_hash"": ""sha256:db527edadcca6b1b16a6442dd42972c51ec1b9a45b54e3faf636387980327ee2"", ""head"": ""1c9f5621e4e09f891d597fa7edcea970a3d434dc"", ""evidence_date"": ""2026-09-12"", ""current_code_replay_claim"": false}",SAVED_SEC_ORIGINAL_NATIVE_DEVELOPMENT_RESULT,SAVED_ORIGINAL_SEC_SOURCE_NO_NEW_ACQUISITION,"{""path"": ""docs/evidence/issue28_continuous/completed-v14-batch-340/summary.json"", ""selector"": ""ford_motor_company/A06""}",False,False,Current affected-path evidence and unified update/release acceptance; no blanket rerun claim
ford_motor_company,A07,STRUCTURAL_NOT_APPLICABLE,NONE,N_A_STRUCTURAL,,,TRAIT_NOT_APPLICABLE,"{""fiscal_year"": 2025, ""period_start"": ""2025-01-01"", ""period_end"": ""2025-12-31""}","{""run_id"": ""run:ordinary-integrated:6931460945d7944ec2f0c65e93b425a5ae70e7ca2fcc7183bcb49a4f2e0f0be3"", ""result_id"": ""sha256:6ee204dc0126e89eaff2b5977eb4f9ed3cbfda260ee1a5faa994c96893af7282"", ""spec_closure_hash"": ""sha256:3735428ca12d51893ed0b3e20a9563cb95cf7f90b4bcef3b2bcec9a947893b50"", ""head"": ""1c9f5621e4e09f891d597fa7edcea970a3d434dc"", ""evidence_date"": ""2026-09-12"", ""current_code_replay_claim"": false}",SAVED_SEC_ORIGINAL_NATIVE_DEVELOPMENT_RESULT,SAVED_ORIGINAL_SEC_SOURCE_NO_NEW_ACQUISITION,"{""path"": ""docs/evidence/issue28_continuous/completed-v14-batch-340/summary.json"", ""selector"": ""ford_motor_company/A07""}",False,False,Current affected-path evidence and unified update/release acceptance; no blanket rerun claim
ford_motor_company,A08,STRUCTURAL_NOT_APPLICABLE,NONE,N_A_STRUCTURAL,,,TRAIT_NOT_APPLICABLE,"{""fiscal_year"": 2025, ""period_start"": ""2025-01-01"", ""period_end"": ""2025-12-31""}","{""run_id"": ""run:ordinary-integrated:275f71756d25aec76fc0ff740fa8cb33ad6980206627e3c97a45ccfdeeb77155"", ""result_id"": ""sha256:62674c4277029949ed3823002bea84ce53fa0bf42c8cf0b96052a235eebfa841"", ""spec_closure_hash"": ""sha256:7e4658f2194d7a47cb8f7db5ff517ffc1eda25bc02db87b548cf6cfea0d2b65c"", ""head"": ""1c9f5621e4e09f891d597fa7edcea970a3d434dc"", ""evidence_date"": ""2026-09-12"", ""current_code_replay_claim"": false}",SAVED_SEC_ORIGINAL_NATIVE_DEVELOPMENT_RESULT,SAVED_ORIGINAL_SEC_SOURCE_NO_NEW_ACQUISITION,"{""path"": ""docs/evidence/issue28_continuous/completed-v14-batch-340/summary.json"", ""selector"": ""ford_motor_company/A08""}",False,False,Current affected-path evidence and unified update/release acceptance; no blanket rerun claim
ford_motor_company,A09,STRUCTURAL_NOT_APPLICABLE,NONE,N_A_STRUCTURAL,,,TRAIT_NOT_APPLICABLE,"{""fiscal_year"": 2025, ""period_start"": ""2025-01-01"", ""period_end"": ""2025-12-31""}","{""run_id"": ""run:ordinary-integrated:2eb7aae0b4195d34187e56a66d1e596044e012d7eec291a988392ccc9b220076"", ""result_id"": ""sha256:17db8ec715246015d1d89f3a191c479c95bf851bd0d3f538459d849e2d425b0b"", ""spec_closure_hash"": ""sha256:aaafb1f1c5a4318007074875776ccc6f92edffe5a78d610a729f0a46775b7dd4"", ""head"": ""1c9f5621e4e09f891d597fa7edcea970a3d434dc"", ""evidence_date"": ""2026-09-12"", ""current_code_replay_claim"": false}",SAVED_SEC_ORIGINAL_NATIVE_DEVELOPMENT_RESULT,SAVED_ORIGINAL_SEC_SOURCE_NO_NEW_ACQUISITION,"{""path"": ""docs/evidence/issue28_continuous/completed-v14-batch-340/summary.json"", ""selector"": ""ford_motor_company/A09""}",False,False,Current affected-path evidence and unified update/release acceptance; no blanket rerun claim
ford_motor_company,A10,STRUCTURAL_NOT_APPLICABLE,NONE,N_A_STRUCTURAL,,,TRAIT_NOT_APPLICABLE,"{""fiscal_year"": 2025, ""period_start"": ""2025-12-31"", ""period_end"": ""2025-12-31""}","{""run_id"": ""run:ordinary-integrated:4d9103125b4c857871372e3df43d7a4fef1b0fee2b60ba3b2bf426c2657de85a"", ""result_id"": ""sha256:036219760f50277974c418d8aaea78c8a4efe7f815fec2fd23bdcc3417b4a8d1"", ""spec_closure_hash"": ""sha256:f8a5d6747d7e4d250993643766b19b83ab12f39ddbe3b0e9e341fe00cf5c5ffb"", ""head"": ""1c9f5621e4e09f891d597fa7edcea970a3d434dc"", ""evidence_date"": ""2026-09-12"", ""current_code_replay_claim"": false}",SAVED_SEC_ORIGINAL_NATIVE_DEVELOPMENT_RESULT,SAVED_ORIGINAL_SEC_SOURCE_NO_NEW_ACQUISITION,"{""path"": ""docs/evidence/issue28_continuous/completed-v14-batch-340/summary.json"", ""selector"": ""ford_motor_company/A10""}",False,False,Current affected-path evidence and unified update/release acceptance; no blanket rerun claim
ford_motor_company,A11,STRUCTURAL_NOT_APPLICABLE,NONE,N_A_STRUCTURAL,,,TRAIT_NOT_APPLICABLE,"{""fiscal_year"": 2025, ""period_start"": ""2025-01-01"", ""period_end"": ""2025-12-31""}","{""run_id"": ""run:ordinary-integrated:b3264c8fd77e74f0a8772587e7b129a63f537b7ac99ae5fb5d4f27f0fe5c4d2c"", ""result_id"": ""sha256:22e7ec5ab77b965b514a8a4ad78534e8f29c85bd1fcaec65f3d25b27aeceb14b"", ""spec_closure_hash"": ""sha256:87645fa1422b2ac635a9383b5b30d40091d45a819a3789d8415c1ed00dbc234b"", ""head"": ""1c9f5621e4e09f891d597fa7edcea970a3d434dc"", ""evidence_date"": ""2026-09-12"", ""current_code_replay_claim"": false}",SAVED_SEC_ORIGINAL_NATIVE_DEVELOPMENT_RESULT,SAVED_ORIGINAL_SEC_SOURCE_NO_NEW_ACQUISITION,"{""path"": ""docs/evidence/issue28_continuous/completed-v14-batch-340/summary.json"", ""selector"": ""ford_motor_company/A11""}",False,False,Current affected-path evidence and unified update/release acceptance; no blanket rerun claim
ford_motor_company,A12,STRUCTURAL_NOT_APPLICABLE,NONE,N_A_STRUCTURAL,,,TRAIT_NOT_APPLICABLE,"{""fiscal_year"": 2025, ""period_start"": ""2025-01-01"", ""period_end"": ""2025-12-31""}","{""run_id"": ""run:ordinary-integrated:4688b617f9df1689f4054676adeea5c13e8ea686e335ce5d2160d7e8e21e9db0"", ""result_id"": ""sha256:67685f587e1299705f21bc8cd5b1f004923dd325ba77f6a6a2e7c1f77a8298f6"", ""spec_closure_hash"": ""sha256:338264b583c2d2458cb3f73d060e1a42fa9d90a20e51be961394fc27ae62b213"", ""head"": ""1c9f5621e4e09f891d597fa7edcea970a3d434dc"", ""evidence_date"": ""2026-09-12"", ""current_code_replay_claim"": false}",SAVED_SEC_ORIGINAL_NATIVE_DEVELOPMENT_RESULT,SAVED_ORIGINAL_SEC_SOURCE_NO_NEW_ACQUISITION,"{""path"": ""docs/evidence/issue28_continuous/completed-v14-batch-340/summary.json"", ""selector"": ""ford_motor_company/A12""}",False,False,Current affected-path evidence and unified update/release acceptance; no blanket rerun claim
ford_motor_company,A13,STRUCTURAL_NOT_APPLICABLE,NONE,N_A_STRUCTURAL,,,TRAIT_NOT_APPLICABLE,"{""fiscal_year"": 2025, ""period_start"": ""2025-01-01"", ""period_end"": ""2025-12-31""}","{""run_id"": ""run:ordinary-integrated:e0795f9a384b327589b32e7a65dcf21a13189983ca14cc5adec73d8f684385eb"", ""result_id"": ""sha256:081c4f3275a85eac0f23534147e1de45ece11aad03cb38eaa0f8d7dc0d0cb1a5"", ""spec_closure_hash"": ""sha256:94699b6e1c2c5d8f8e5b048007c5f863416fb4072489b274929dd4ae03716b09"", ""head"": ""1c9f5621e4e09f891d597fa7edcea970a3d434dc"", ""evidence_date"": ""2026-09-12"", ""current_code_replay_claim"": false}",SAVED_SEC_ORIGINAL_NATIVE_DEVELOPMENT_RESULT,SAVED_ORIGINAL_SEC_SOURCE_NO_NEW_ACQUISITION,"{""path"": ""docs/evidence/issue28_continuous/completed-v14-batch-340/summary.json"", ""selector"": ""ford_motor_company/A13""}",False,False,Current affected-path evidence and unified update/release acceptance; no blanket rerun claim
ford_motor_company,B01,NUMERIC_RESULT,EXACT,APPLICABLE,187267000000,USD,PASS,"{""fiscal_year"": 2025, ""period_start"": ""2025-01-01"", ""period_end"": ""2025-12-31""}","{""run_id"": ""run:ordinary-integrated:5ac5f3e5172e53c10c580e4e8d2d64d3933e2848e27d8d2b02490a365ead3e50"", ""result_id"": ""sha256:3ad67e9da35dd8c6e55243d6fd324e377a65169f876b7521ea04996ceca3a5d4"", ""spec_closure_hash"": ""sha256:300424426d0397ce04f6ce6f6df3a2e12259904060d31e47d8664df6e5f3d8f8"", ""head"": ""1c9f5621e4e09f891d597fa7edcea970a3d434dc"", ""evidence_date"": ""2026-09-12"", ""current_code_replay_claim"": false}",SAVED_SEC_ORIGINAL_NATIVE_DEVELOPMENT_RESULT,SAVED_ORIGINAL_SEC_SOURCE_NO_NEW_ACQUISITION,"{""path"": ""docs/evidence/issue28_continuous/completed-v14-batch-340/summary.json"", ""selector"": ""ford_motor_company/B01""}",False,False,Current affected-path evidence and unified update/release acceptance; no blanket rerun claim
ford_motor_company,B02,NUMERIC_RESULT,EXACT,APPLICABLE,0.01229782909531222971804186127,ratio,PASS,"{""fiscal_year"": 2025, ""period_start"": ""2025-01-01"", ""period_end"": ""2025-12-31""}","{""run_id"": ""run:ordinary-integrated:b387619fafb53aaf6c0a41e1d2c39967fcf82bbbb13c1e8ccefbd45bf71c567b"", ""result_id"": ""sha256:98655c3bdd8b745eac7704960b88350e164bbb22c33e7d6b58aa811b7193af63"", ""spec_closure_hash"": ""sha256:7f569259f31e7d0bd237ca8ba6bc368cbf55d47453f86915c4cf8e0638868a76"", ""head"": ""1c9f5621e4e09f891d597fa7edcea970a3d434dc"", ""evidence_date"": ""2026-09-12"", ""current_code_replay_claim"": false}",SAVED_SEC_ORIGINAL_NATIVE_DEVELOPMENT_RESULT,SAVED_ORIGINAL_SEC_SOURCE_NO_NEW_ACQUISITION,"{""path"": ""docs/evidence/issue28_continuous/completed-v14-batch-340/summary.json"", ""selector"": ""ford_motor_company/B02""}",False,False,Current affected-path evidence and unified update/release acceptance; no blanket rerun claim
ford_motor_company,B03,NUMERIC_RESULT,EXACT,APPLICABLE,0.0363384899635280108080975292,ratio,PASS,"{""fiscal_year"": 2025, ""period_start"": ""2025-01-01"", ""period_end"": ""2025-12-31""}","{""run_id"": ""run:ordinary-integrated:99aac23d6a6aed1e14800cdad1a229300daf259ed49483a55d7d359569d11f11"", ""result_id"": ""sha256:1829d73dac66a195a590ab84ea1f1d1800a77fae60d828b6f37d5cbeec2abd30"", ""spec_closure_hash"": ""sha256:706e541ffaf0e1d2cc091b56a635485a2145e70f40f86a401fa2e2c5b0a471e5"", ""head"": ""1c9f5621e4e09f891d597fa7edcea970a3d434dc"", ""evidence_date"": ""2026-09-12"", ""current_code_replay_claim"": false}",SAVED_SEC_ORIGINAL_NATIVE_DEVELOPMENT_RESULT,SAVED_ORIGINAL_SEC_SOURCE_NO_NEW_ACQUISITION,"{""path"": ""docs/evidence/issue28_continuous/completed-v14-batch-340/summary.json"", ""selector"": ""ford_motor_company/B03""}",False,False,Current affected-path evidence and unified update/release acceptance; no blanket rerun claim
ford_motor_company,B04,NUMERIC_RESULT,EXACT,APPLICABLE,-8162000000,USD,PASS,"{""fiscal_year"": 2025, ""period_start"": ""2025-01-01"", ""period_end"": ""2025-12-31""}","{""run_id"": ""run:ordinary-integrated:28b8e7b89a1eca8176e341aaf9227d0e5fb6e8c481327af686a28ea1f029336c"", ""result_id"": ""sha256:89f9cc9df7dc78e52fcd0a97eb580afa3d793c787e65cc6500529f8a2d4662e7"", ""spec_closure_hash"": ""sha256:22b0fe3ad2841f90450d503cd628fe65207ae1777968156abc13c4ee28ffb3e2"", ""head"": ""1c9f5621e4e09f891d597fa7edcea970a3d434dc"", ""evidence_date"": ""2026-09-12"", ""current_code_replay_claim"": false}",SAVED_SEC_ORIGINAL_NATIVE_DEVELOPMENT_RESULT,SAVED_ORIGINAL_SEC_SOURCE_NO_NEW_ACQUISITION,"{""path"": ""docs/evidence/issue28_continuous/completed-v14-batch-340/summary.json"", ""selector"": ""ford_motor_company/B04""}",False,False,Current affected-path evidence and unified update/release acceptance; no blanket rerun claim
ford_motor_company,B05,NUMERIC_RESULT,EXACT,APPLICABLE,12467000000,USD,PASS,"{""fiscal_year"": 2025, ""period_start"": ""2025-01-01"", ""period_end"": ""2025-12-31""}","{""run_id"": ""run:ordinary-integrated:171d2fc5bba63c3227335a12bf9eca7c85853de69be38c1018412ac4b1aacf61"", ""result_id"": ""sha256:0c75dabf68763d976cba26db65151c415ac0a7b231df0605805da89b33ad467d"", ""spec_closure_hash"": ""sha256:7fc421991b42d822b96675ac584b32e0af843a34923a90cb316cc13386debdae"", ""head"": ""1c9f5621e4e09f891d597fa7edcea970a3d434dc"", ""evidence_date"": ""2026-09-12"", ""current_code_replay_claim"": false}",SAVED_SEC_ORIGINAL_NATIVE_DEVELOPMENT_RESULT,SAVED_ORIGINAL_SEC_SOURCE_NO_NEW_ACQUISITION,"{""path"": ""docs/evidence/issue28_continuous/completed-v14-batch-340/summary.json"", ""selector"": ""ford_motor_company/B05""}",False,False,Current affected-path evidence and unified update/release acceptance; no blanket rerun claim
ford_motor_company,B06,IMPLEMENTATION_OR_SOURCE_PROOF_UNRESOLVED,NONE,APPLICABLE,,,B06_SOURCE_RELATIONSHIP_UNRESOLVED,"{""fiscal_year"": 2025, ""period_start"": ""2025-12-31"", ""period_end"": ""2025-12-31""}","{""run_id"": ""run:ordinary-integrated:5f005421ba9aa7ed7d2e4a7e38175265910fc29f087741ccf7428eb4a69fd904"", ""result_id"": ""sha256:3cfdb4866a546c8ff41a65bfa14463e0b1717f54a946d417a245144b14cea07a"", ""spec_closure_hash"": ""sha256:0361bf99806d1cbcc24464360acf16db20d98bafced81c5aa45fdfefe765dce1"", ""requirement_closure_hash"": ""sha256:b9d1614716d407ab32cd1c07e75e2351becd1a1af2ce739e70ff84748d410501""}",SAVED_SEC_ORIGINAL_NATIVE_DEVELOPMENT_RESULT,PREEXISTING_SAVED_ACQUISITIONS_ONLY,"{""path"": ""docs/evidence/issue28_continuous/ordinary-special-debt-scope/scoped-coordinates.json"", ""selector"": ""ford_motor_company/B06"", ""archive"": ""ordinary-special-debt-scope/material.tar.gz"", ""coordinate_member"": ""special-debt-native-final/coordinates/ford_motor_company-B06.json"", ""run_records"": ""special-debt-native-final/runs/ford_motor_company/B06/records.jsonl"", ""run_manifest"": ""special-debt-native-final/runs/ford_motor_company/B06/manifest.json""}",False,False,Distinguish actual source ambiguity from unsupported implementation through complete bounded source proof; no coordinate completion credit from refusal
ford_motor_company,B07,NOT_MEANINGFUL,NOT_MEANINGFUL,APPLICABLE,,ratio,RATIO_NUMERATOR_NOT_POSITIVE,"{""fiscal_year"": 2025, ""period_start"": ""2025-01-01"", ""period_end"": ""2025-12-31""}","{""run_id"": ""run:ordinary-integrated:3ac4a314c75b948e58bf6fd9270bbc2f7c331d67456b5276142d7e4eef5c75e1"", ""result_id"": ""sha256:a19fed2da1f71c66d61db46fe0e1cff907000f5a2bf3d43714adc0a36306bf43"", ""spec_closure_hash"": ""sha256:0eb533e576d3bbcb418812e362d9e377373f83c76dd9bfa62ecb41d49475bb78"", ""requirement_closure_hash"": ""sha256:2c7f64c2b35fc477988ba0779d173d43e900db4aca53ba08a11af03a7db1acbd""}",SAVED_SEC_ORIGINAL_NATIVE_DEVELOPMENT_RESULT,SAVED_ORIGINAL_SEC_SOURCE_NO_NEW_ACQUISITION,"{""path"": ""docs/evidence/issue28_continuous/integrated-amendment-repairs/denominator/summary.json"", ""selector"": ""ford_motor_company/B07""}",False,False,Current affected-path evidence and unified update/release acceptance; no blanket rerun claim
ford_motor_company,B08,NUMERIC_RESULT,EXACT,APPLICABLE,1.074828096440073113412829663,ratio,PASS,"{""fiscal_year"": 2025, ""period_start"": ""2025-12-31"", ""period_end"": ""2025-12-31""}","{""run_id"": ""run:ordinary-integrated:07548aa474ee457e25ecf9f8767f7bea97f4ac474ef4a5fb13a37a732fb9d9b5"", ""result_id"": ""sha256:d8f49e8110ab17dc68120d55ba59be60b63daf052343079e842e382f980c5d63"", ""spec_closure_hash"": ""sha256:5c803b9c8f773c348d4279249eeb56b603221e55938f39cba7801b3d77a517b6"", ""head"": ""1c9f5621e4e09f891d597fa7edcea970a3d434dc"", ""evidence_date"": ""2026-09-12"", ""current_code_replay_claim"": false}",SAVED_SEC_ORIGINAL_NATIVE_DEVELOPMENT_RESULT,SAVED_ORIGINAL_SEC_SOURCE_NO_NEW_ACQUISITION,"{""path"": ""docs/evidence/issue28_continuous/completed-v14-batch-340/summary.json"", ""selector"": ""ford_motor_company/B08""}",False,False,Current affected-path evidence and unified update/release acceptance; no blanket rerun claim
ford_motor_company,B09,NUMERIC_RESULT,EXACT,APPLICABLE,23356000000,USD,PASS,"{""fiscal_year"": 2025, ""period_start"": ""2025-12-31"", ""period_end"": ""2025-12-31""}","{""run_id"": ""run:ordinary-integrated:74b21b7bce8bb5c2dbcf7553fbd9fa03ba5d2c432ac85a84cb6e358ed056702b"", ""result_id"": ""sha256:21a92bb0ffad0222b7935d3cef11ba7da07c3f90b5396ee7600428b8edce5e5e"", ""spec_closure_hash"": ""sha256:25be3c461b082e4b74950c85e39b093568b807aa22c500370579f697f9381b3f"", ""head"": ""1c9f5621e4e09f891d597fa7edcea970a3d434dc"", ""evidence_date"": ""2026-09-12"", ""current_code_replay_claim"": false}",SAVED_SEC_ORIGINAL_NATIVE_DEVELOPMENT_RESULT,SAVED_ORIGINAL_SEC_SOURCE_NO_NEW_ACQUISITION,"{""path"": ""docs/evidence/issue28_continuous/completed-v14-batch-340/summary.json"", ""selector"": ""ford_motor_company/B09""}",False,False,Current affected-path evidence and unified update/release acceptance; no blanket rerun claim
ford_motor_company,B10,STRUCTURAL_NOT_APPLICABLE,NONE,N_A_STRUCTURAL,,,TRAIT_NOT_APPLICABLE,"{""fiscal_year"": 2025, ""period_start"": ""2025-01-01"", ""period_end"": ""2025-12-31""}","{""run_id"": ""run:ordinary-integrated:09a5a060c94f6cd6475d7ed4df80ddff10825d9d3e1894d950255789f37bcddd"", ""result_id"": ""sha256:26f08af6494c2c9da1892c8e19fdb94feb52529cc76e98f8c3cc9963ff28298c"", ""spec_closure_hash"": ""sha256:5bb9522e676f369b08e13280ce67c59fe86104836295afa91bf9b882f80ed74a"", ""requirement_closure_hash"": ""sha256:8f38c1458f3af391a63d89c82c2662bac5e5d6e99cdf7307f60bd242bdf66de3""}",SAVED_SEC_ORIGINAL_NATIVE_DEVELOPMENT_RESULT,SAVED_ORIGINAL_SEC_SOURCE_NO_NEW_ACQUISITION,"{""path"": ""docs/evidence/issue28_continuous/ordinary-lodging/ten-company-before-role-move/summary.json"", ""selector"": ""ford_motor_company/B10""}",False,False,Current affected-path evidence and unified update/release acceptance; no blanket rerun claim
ford_motor_company,B11,STRUCTURAL_NOT_APPLICABLE,NONE,N_A_STRUCTURAL,,,TRAIT_NOT_APPLICABLE,"{""fiscal_year"": 2025, ""period_start"": ""2025-01-01"", ""period_end"": ""2025-12-31""}","{""run_id"": ""run:ordinary-integrated:b1942d836a1019da49b6d5283c10a5846a8e58278153d705b4ef73ccc7232d08"", ""result_id"": ""sha256:a6246f8f064a5bbd4021dd34b8af9a63d340422e2f571194431d80abc8ed6e18"", ""spec_closure_hash"": ""sha256:80ff12eb5ddb0f431450465c42ece9d7488ea8455af5021c933583c3833d1dd0"", ""requirement_closure_hash"": ""sha256:8f38c1458f3af391a63d89c82c2662bac5e5d6e99cdf7307f60bd242bdf66de3""}",SAVED_SEC_ORIGINAL_NATIVE_DEVELOPMENT_RESULT,SAVED_ORIGINAL_SEC_SOURCE_NO_NEW_ACQUISITION,"{""path"": ""docs/evidence/issue28_continuous/ordinary-lodging/ten-company-before-role-move/summary.json"", ""selector"": ""ford_motor_company/B11""}",False,False,Current affected-path evidence and unified update/release acceptance; no blanket rerun claim
ford_motor_company,B12,STRUCTURAL_NOT_APPLICABLE,NONE,N_A_STRUCTURAL,,,TRAIT_NOT_APPLICABLE,"{""fiscal_year"": 2025, ""period_start"": ""2025-12-31"", ""period_end"": ""2025-12-31""}","{""run_id"": ""run:ordinary-integrated:bf5c09152dbb7e9fc4c135cf05906f9ecb4a6c79447d897262ef67ab6db06194"", ""result_id"": ""sha256:7e45cb63433a654bcd4340aca04317aa45d7ba78b2f8fbcfdbdb688e9a72ca67"", ""spec_closure_hash"": ""sha256:267b9c81c20295935d3e400903dc41bf2e3e52f87de37cd8ec9d193245320267"", ""head"": ""1c9f5621e4e09f891d597fa7edcea970a3d434dc"", ""evidence_date"": ""2026-09-12"", ""current_code_replay_claim"": false}",SAVED_SEC_ORIGINAL_NATIVE_DEVELOPMENT_RESULT,SAVED_ORIGINAL_SEC_SOURCE_NO_NEW_ACQUISITION,"{""path"": ""docs/evidence/issue28_continuous/completed-v14-batch-340/summary.json"", ""selector"": ""ford_motor_company/B12""}",False,False,Current affected-path evidence and unified update/release acceptance; no blanket rerun claim
ford_motor_company,B13,VALIDATION_OR_IMPLEMENTATION_PENDING,,APPLICABLE,,,B13_COMPLETE_SOURCE_ROLE_AND_QUANTITY_VALIDATION_PENDING,"{""fiscal_year"": 2025, ""period_start"": ""2025-01-01"", ""period_end"": ""2025-12-31""}","{""source_id"": ""sha256:7ab97f649fd8a2fb3e28711896996facf3c6e0ddb5da4539cd930c8e994e45ba"", ""request_context_format"": ""deepseek-v41-two-message-json-chat-1"", ""implementation_files"": ""docs/evidence/issue28_continuous/request-context-counting/implementation-files.json""}",SOURCE_PREPARATION_WITH_SEPARATE_RECORDED_OR_SYNTHETIC_DEVELOPMENT_EVIDENCE,SEE_ORIGINAL_SOURCE_PROOFS_NO_MODEL_RESULT_CREDIT,"{""path"": ""docs/evidence/issue28_continuous/request-context-counting/grouped-census.json"", ""selector"": ""ford_motor_company/B13""}",False,False,Complete current source-dependent native response/Review/Run validation; retain partials and failures at original scope
ford_motor_company,C01,NUMERIC_RESULT,EXACT,APPLICABLE,3,count,PASS,"{""fiscal_year"": 2025, ""period_start"": ""2025-01-01"", ""period_end"": ""2025-12-31""}","{""run_id"": ""run:ordinary-integrated:55d2742c54c6c05fbdc265210a3018bd599be491d38b55ff0d75e2832a31caa7"", ""result_id"": ""sha256:131cee5746771a6035bf4132fdde1d2ab74aecee76c23f121c12058d99fcdc8e"", ""spec_closure_hash"": ""sha256:87a93dec6cb267aa2a6549a8ce060757267b9db8680662970f4959a040990ced"", ""head"": ""1c9f5621e4e09f891d597fa7edcea970a3d434dc"", ""evidence_date"": ""2026-09-12"", ""current_code_replay_claim"": false}",SAVED_SEC_ORIGINAL_NATIVE_DEVELOPMENT_RESULT,SAVED_ORIGINAL_SEC_SOURCE_NO_NEW_ACQUISITION,"{""path"": ""docs/evidence/issue28_continuous/completed-v14-batch-340/summary.json"", ""selector"": ""ford_motor_company/C01""}",False,False,Current affected-path evidence and unified update/release acceptance; no blanket rerun claim
ford_motor_company,C02,TEXT_RESULT,EXACT,APPLICABLE,"✔ Independent Board Committees. Each of the Audit Committee, Compensation, Talent and Culture Committee, and Nominating and Governance Committee is comprised entirely of independent directors.
The Nominating and Governance Committee also reviews and makes recommendations to the Board on matters such as the size and composition of the Board so that the Board includes the requisite expertise, and its membership consists of persons with sufficiently varied and independent
Only independent directors serve on the Audit Committee, Compensation, Talent and Culture Committee, and Nominating and Governance Committee, in accordance with the independence standards of the New York Stock Exchange LLC (“NYSE”) Listed Company and Securities and Exchange Commission (“SEC”) rules and the Company’s Corporate Governance Principles. Under these standards, members of the Audit Committee also satisfy the heightened SEC independence standards for audit committees, and the members of the Compensation, Talent and Culture Committee satisfy the additional NYSE independence standards for compensation committees. Each member of the Audit Committee also meets the financial literacy requirements of the NYSE Listed Company
rules, and the Board has determined that Mr. Veihmeyer qualifies as an “Audit Committee financial expert” within the meaning of SEC regulations and applicable NYSE rules. The Board, and each committee of the Board, has the authority to engage independent consultants and advisors at the Company’s expense.
• Each member of the Audit Committee is independent, in accordance with the NYSE standards and SEC rules and the Company’s Corporate Governance Principles
• Each member of the Audit Committee meets the financial literacy requirements of the NYSE Listed Company rules
• Each member of the Nominating and Governance Committee is independent, in accordance with the NYSE standards and SEC rules and the Company’s Corporate Governance Principles
The Charter of the Audit Committee provides that a member of the Audit Committee generally may not serve on the audit committee of more than two other public companies. The Board has determined that John B. Veihmeyer, the Chair of the Audit Committee, has the requisite skills and experience to be designated an “Audit Committee financial expert” as that term is defined in SEC rules and regulations. Mr. Veihmeyer and the other members of the Audit Committee also meet the independence standards for audit committee members under the NYSE Listed Company and SEC rules. The lead partner of the Company’s independent registered public accounting firm is rotated at least every five years.
The Compensation, Talent and Culture Committee establishes and reviews our executive compensation philosophy and strategy and oversees our various executive compensation programs. The Committee is responsible for evaluating the performance of and determining the compensation for our Executive Chair, the President and CEO, and other executive officers, including the Named Executives, and for approving the compensation structure for senior management, including officers. The Committee is currently composed of four directors who are considered independent under the NYSE Listed Company rules and our Corporate Governance Principles. The Committee’s membership is determined by our Board of Directors. The Committee operates under a written charter adopted by our Board of Directors, which is reviewed annually by the Committee. A copy of the Compensation, Talent and Culture Committee Charter may be found on our website at www.corporate.ford.com.
73% of the Director Nominees are independent. Each of the Audit Committee, Nominating and Governance Committee, and Compensation, Talent and Culture Committee is comprised entirely of independent directors.
• Interlocking Directorship. No director can be independent if he or she is, or in the past three years has been, part of an interlocking directorship in which an executive officer of the Company serves on the compensation committee of another company that employs the director.
In March 2026, the Nominating and Governance Committee conducted its annual review of directors’ relationships that may be relevant to independence. As a result of this review, the Board determined that based
on applicable independence standards and all of the relevant facts and circumstances, none of the following directors had any material relationship with the Company and, thus, are independent: Kimberly A. Casiano, Adriana Cisneros, William W. Helman IV, Jon M. Huntsman, William E. Kennard, John C. May, Beth E. Mooney, Lynn Radakovich, John L. Thornton, John B. Veihmeyer, and John S. Weinberg. Additionally, the Board determined that each of Kimberly A. Casiano, Adriana Cisneros, William W. Helman IV, Jon M. Huntsman, William E. Kennard, John C. May, Beth E. Mooney, Lynn Radakovich, John L. Thornton, and John B. Veihmeyer is independent under the heightened SEC independence standards for audit committees and that each of Kimberly A. Casiano, Adriana Cisneros, William W. Helman IV, Jon M. Huntsman, William E. Kennard, John C. May, Beth E. Mooney, Lynn Radakovich, John L. Thornton, John B. Veihmeyer, and John S. Weinberg is independent under the additional NYSE independence standards for compensation committees. Not all of the directors determined to be independent for a particular committee currently serve on that committee. Our committee membership is as noted on page 9. 73% of our director nominees are independent, and our Audit Committee, Compensation, Talent and Culture Committee, and Nominating and Governance Committee are fully independent.
With respect to the independent directors listed above, the Board considered the following relevant facts and circumstances in making the independence determinations:
Business transactions between Ford and its officers or directors, including companies in which a director or officer (or an immediate family member) has a direct or indirect material interest or a company where such director or officer (or an immediate family member) serves as an executive officer (“related person transactions”) are not prohibited; however, such transactions need to be reviewed by the Board to determine whether they are required to be disclosed. Accordingly, any related person transaction, regardless of amount, is required by our written related person transactions policy to be submitted to the Nominating and Governance Committee in advance for review and approval. All existing related person transactions are reviewed at least annually by the Nominating and Governance Committee. The Office of the General Counsel reviews all such related person transactions, existing or proposed, prior to submission to the Nominating and Governance Committee.
The Charter of the Nominating and Governance Committee provides that the Committee conducts all necessary and appropriate inquiries into the background and qualifications of possible candidates as directors. The Committee identifies candidates through a variety of means, including search firms, recommendations from members of the Committee and the Board, including the Executive Chair and the President and CEO, suggestions from Company management, and recommendations from shareholders. The Committee has the sole authority to retain and terminate any search firm to be used to assist it in identifying and evaluating candidates to serve as directors of the Company. The Company on behalf of the Committee has paid fees to third-party firms to assist the Committee in the identification and evaluation of potential Board members.
Fifteen directors will stand for election at this year’s annual meeting. Each nominee has agreed to be named in this proxy statement and to serve if elected. Should any nominee be unable to serve, the persons designated as proxies reserve full discretion to vote for another person, or the Board may reduce its size. If elected, each director will serve until the next annual meeting or until he or she is succeeded by another qualified director who has been elected, or until his or her earlier death, resignation, or removal.
Ms. Casiano has been the President of Kimberly Casiano & Associates since 2010. Her firm provides advisory services in marketing, recruiting, communications, and advocacy. Ms. Casiano also serves as a director of the Federal Home Loan Bank of Atlanta since 2024, where she serves as Vice Chair of the Audit Committee. From 1994 through 2009, Ms. Casiano served as President and Chief Operating Officer of Casiano Communications, Inc., a U.S. Hispanic media and direct marketing company. She joined Casiano Communications in 1987 and has held various management positions during her time with the company. Prior to that, Ms. Casiano was a consultant in the Caribbean and Latin America for the U.S. Agency for International Development (A.I.D.) of the U.S. Department of State, focusing on economic development, trade, and investment promotion programs. Ms. Casiano is a member of the Board of Advisors of Moffitt Cancer Center in Tampa, a member of the founding Board of Directors of the Latino Corporate Directors Association, and a former member of the global Alumni Board of Harvard Business School.
Mr. Farley was elected President and Chief Executive Officer of Ford Motor Company effective October 1, 2020, and in March 2022 took on the additional role of President, Ford Model e. Mr. Farley previously served as Chief Operating Officer, overseeing all of Ford’s global markets and automotive operations including Product Development, Purchasing, Enterprise Product Line Management, Manufacturing & Labor Affairs, Marketing, Sales & Service, and Quality & New Model Launch. He also oversaw Mobility Partnerships and Ford Autonomous Vehicles LLC. From 2019 to 2020, Mr. Farley served as President of New Businesses, Technology and Strategy, leading Ford’s strategic transformation into a higher growth, higher margin business by leveraging smart, connected vehicles and breakthrough customer experiences. From 2017 to 2019, he served as Ford’s Executive Vice President and President of Global Markets, responsible for overseeing Ford’s business units around the world, the Lincoln Motor Company, Global Marketing & Sales, and the strategy and business model development for electrified vehicles. From 2015 to 2017, Mr. Farley served as Executive Vice President and President, Ford Europe, Middle East and Africa. Mr. Farley has also served as Executive Vice President of Global Marketing, Sales & Service, and Group Vice President, Global Marketing and Canada, Mexico and South America. Before joining Ford in November 2007, Mr. Farley held various leadership positions at Toyota over a 17-year career. Mr. Farley is also a member and serves on the executive committee of The Business Council.
Mr. Ford has served as Chair of the Board of Directors since he was elected to that position in January 1999. He served as Chief Executive Officer of the Company from October 2001 until September 2006 when he was elected Executive Chair. Mr. Ford has held a number of management positions within Ford, including Vice President of the company’s Commercial Truck Vehicle Center. Mr. Ford is Chair of the Finance Committee, a position he has held since 2007 and that he also held from 1995 until October 2001. Mr. Ford is also Vice Chair of the Detroit Lions, Inc., former Chair of the Detroit Economic Club, and a member of the Board of Trustees of The Henry Ford. He also is a member of the Board of Business Leaders for Michigan.
Annual Audit Committee chair fee $ 30,000
3.Perquisites and Evaluation Vehicle Program. All amounts shown in this column reflect: (i) the cost of evaluation vehicles provided to non-executive Directors; (ii) the cost of gifts made to or on behalf of the directors, and (iii) the cost of healthcare insurance for the seven directors that have elected Company-provided healthcare insurance that is identical to healthcare insurance provided to employees, except that directors do not pay any portion of the premium. We calculate the aggregate incremental costs of providing the evaluation vehicles by estimating the lease fee of a comparable vehicle under our Management Lease Program. The lease fee under that program takes into account the cost of using the vehicle, maintenance, license, title and registration fees, and insurance. We provide non-executive directors with the use of up to two Company vehicles free of charge. Directors are expected to provide evaluations of the vehicles to the Company.
The Audit Committee is currently composed of three directors, all of whom meet the independence standards contained in the NYSE Listed Company rules, SEC rules, and Ford’s Corporate Governance Principles, and operates under a written charter adopted by the Board of Directors. A copy of the Audit Committee Charter may be found on the Company’s website, www.corporate.ford.com. The Audit Committee selects, subject to shareholder ratification, the Company’s independent registered public accounting firm.",text,PASS,"{""fiscal_year"": 2025, ""period_start"": ""2025-01-01"", ""period_end"": ""2025-12-31""}","{""run_id"": ""run:ordinary-integrated:012746ed7a401796ae787f7a0c5152e150a8b6b8bbe7b0196ef20fce29e33724"", ""result_id"": ""sha256:b699482cc4246b4ba2a69c6670eb0063763307c418a9d5076069f3e7027974d8"", ""spec_closure_hash"": ""sha256:fe99c55991a9f0d86cf31bcd8b009347dbe9b41ba7547a0fab1cc14ffb67cc41"", ""head"": ""1c9f5621e4e09f891d597fa7edcea970a3d434dc"", ""evidence_date"": ""2026-09-12"", ""current_code_replay_claim"": false}",SAVED_SEC_ORIGINAL_NATIVE_DEVELOPMENT_RESULT,SAVED_ORIGINAL_SEC_SOURCE_NO_NEW_ACQUISITION,"{""path"": ""docs/evidence/issue28_continuous/completed-v14-batch-340/summary.json"", ""selector"": ""ford_motor_company/C02""}",False,False,Current affected-path evidence and unified update/release acceptance; no blanket rerun claim
ford_motor_company,C03,NUMERIC_RESULT,EXACT,APPLICABLE,27519558,USD,PASS,"{""fiscal_year"": 2025, ""period_start"": ""2025-01-01"", ""period_end"": ""2025-12-31""}","{""run_id"": ""run:ordinary-integrated:7f8dfc414a8c493d2530b01748d9c9ad5e0f3769cd770686f98a32ed76472fd3"", ""result_id"": ""sha256:12d4387c28331e371b91d4d358483fd5d799573d1d287107106db3f50769584e"", ""spec_closure_hash"": ""sha256:47d1a8148805ad612674bd1b6b6ce11e1845791336b63f79f35d96598de9b772"", ""head"": ""1c9f5621e4e09f891d597fa7edcea970a3d434dc"", ""evidence_date"": ""2026-09-12"", ""current_code_replay_claim"": false}",SAVED_SEC_ORIGINAL_NATIVE_DEVELOPMENT_RESULT,SAVED_ORIGINAL_SEC_SOURCE_NO_NEW_ACQUISITION,"{""path"": ""docs/evidence/issue28_continuous/completed-v14-batch-340/summary.json"", ""selector"": ""ford_motor_company/C03""}",False,False,Current affected-path evidence and unified update/release acceptance; no blanket rerun claim
ford_motor_company,C04,NUMERIC_RESULT,EXACT,APPLICABLE,0,flag,PASS,"{""fiscal_year"": 2025, ""period_start"": ""2025-01-01"", ""period_end"": ""2025-12-31""}","{""run_id"": ""run:ordinary-integrated:8641e3ee407bf927c8a629eade1ab7fbe84e81156a3e5df26344c0f1ff0a0bfe"", ""result_id"": ""sha256:204287910b1533af0784a367442167a2cefbff164e77288e258e825414efba17"", ""spec_closure_hash"": ""sha256:e85274fbab94d7e316ca58710a41a00e3197688cdaff68d6c064470c17bd8f1d"", ""head"": ""1c9f5621e4e09f891d597fa7edcea970a3d434dc"", ""evidence_date"": ""2026-09-12"", ""current_code_replay_claim"": false}",SAVED_SEC_ORIGINAL_NATIVE_DEVELOPMENT_RESULT,SAVED_ORIGINAL_SEC_SOURCE_NO_NEW_ACQUISITION,"{""path"": ""docs/evidence/issue28_continuous/completed-v14-batch-340/summary.json"", ""selector"": ""ford_motor_company/C04""}",False,False,Current affected-path evidence and unified update/release acceptance; no blanket rerun claim
ford_motor_company,D01,TEXT_RESULT,EXACT,APPLICABLE,"Operational Risks
Ford’s long-term success depends on delivering the Ford+ plan, including improving cost competitiveness.
Ford’s products have been and could continue to be affected by defects that result in recall campaigns, increased warranty costs, or delays in new model launches, and the time it takes to improve the quality of our products and services and reduce the costs associated therewith could continue to have an adverse effect on our business.
Ford is highly dependent on its suppliers to deliver components in accordance with Ford’s production schedule and specifications, and a shortage of or inability to timely acquire key components or raw materials has previously disrupted and may, in the future, disrupt Ford’s operations.
Ford’s production, as well as Ford’s suppliers’ production, and/or the ability to deliver products to consumers could be disrupted by labor issues, public health issues, natural or man-made disasters, adverse effects of climate change, financial distress, production difficulties, capacity limitations, or other factors.
Ford may not realize the anticipated benefits of existing or pending strategic alliances, joint ventures, acquisitions, divestitures, commercial relationships, or business strategies or the benefits may take longer than expected to materialize.
Ford may not realize the anticipated benefits of restructuring actions and such actions may cause Ford to incur significant charges, disrupt our operations, or harm our reputation.
Failure to develop and deploy secure digital services that appeal to customers, retain existing subscribers, and grow our subscription rates could have a negative impact on Ford’s business.
Ford’s ability to maintain a competitive cost structure could be affected by labor or other constraints.
Ford’s ability to attract, develop, grow, support, and reward talent is critical to its success and competitiveness.
Operational information systems, security systems, products, and services could be affected by cybersecurity incidents, ransomware attacks, and other disruptions and impact Ford, Ford Credit, their suppliers, and dealers.
To facilitate access to the raw materials and other components necessary for the manufacture of electrified products, Ford has entered into and may, in the future, enter into multi-year commitments to raw material and other suppliers that subject Ford to risks associated with lower future demand for such items as well as costs that fluctuate and are difficult to accurately forecast.
Macroeconomic, Market, and Strategic Risks
With a global footprint and supply chain, Ford’s results and operations have been and could continue to be adversely affected by economic or geopolitical developments, including protectionist trade policies such as tariffs, or other events.
Ford’s new and existing products and digital, software, and physical services are subject to market acceptance and face significant competition from existing and new entrants in the automotive and digital and software services industries, and Ford’s reputation may be harmed based on positions it takes or if it is unable to achieve the initiatives it has announced.
Ford may face increased price competition for its products and services, including pricing pressure resulting from industry excess capacity, currency fluctuations, competitive actions, legal and policy changes, or economic or other factors, particularly for electrified vehicles.
Inflationary pressure and fluctuations in commodity and energy prices, foreign currency exchange rates, interest rates, and market value of Ford or Ford Credit’s investments, including marketable securities, can have a significant effect on results.
Ford’s results are dependent on sales of larger, more profitable vehicles, particularly in the United States.
Industry sales volume can be volatile and could decline if there is a financial crisis, recession, public health emergency, or significant geopolitical event.
Financial Risks
The impact of government incentives on Ford’s business has been and could continue to be significant, and Ford’s receipt of government incentives could be subject to reduction, termination, or clawback.
Ford and Ford Credit’s access to debt, securitization, or derivative markets around the world at competitive rates or in sufficient amounts could be affected by credit rating downgrades, market volatility, market disruption, regulatory requirements, asset portfolios, or other factors.
Ford Credit could experience higher-than-expected credit losses, lower-than-anticipated residual values, or higher-than-expected return volumes for leased vehicles.
Economic and demographic experience for pension and OPEB plans (e.g., discount rates or investment returns) could be worse than Ford has assumed.
Pension and other postretirement liabilities could adversely affect Ford’s liquidity and financial condition.
Legal and Regulatory Risks
Ford and Ford Credit have experienced and could continue to experience unusual or significant litigation, governmental investigations, or adverse publicity arising out of alleged defects in products, services, perceived environmental impacts, or otherwise.
Ford may need to substantially modify its product plans and facilities to respond to shifting consumer sentiment and competitive dynamics as a result of policy changes affecting, or otherwise to comply with, safety, emissions, fuel economy, autonomous driving technology, environmental, and other regulations.
Ford and Ford Credit could be affected by the continued development of more stringent privacy, data use, data protection, data access, and artificial intelligence laws and regulations as well as consumers’ heightened expectations to safeguard their personal information.
Ford Credit could be subject to new or increased credit regulations, consumer protection regulations, or other regulations.",text,PASS,"{""fiscal_year"": 2025, ""period_start"": ""2025-01-01"", ""period_end"": ""2025-12-31""}","{""run_id"": ""run:ordinary-integrated:2671ba42875651bb8d7f73a4464e750ee22982b219f51eea126e9a0eac5fcdde"", ""result_id"": ""sha256:f2af8b38cbdb369927309f28206dd679b4f946cb4fb5d91407816a40cdf0ea5f"", ""spec_closure_hash"": ""sha256:2cf616ccdb70214edf453184505f984279be5cfa9fd0b966993eeb70b767b400"", ""head"": ""1c9f5621e4e09f891d597fa7edcea970a3d434dc"", ""evidence_date"": ""2026-09-12"", ""current_code_replay_claim"": false}",SAVED_SEC_ORIGINAL_NATIVE_DEVELOPMENT_RESULT,SAVED_ORIGINAL_SEC_SOURCE_NO_NEW_ACQUISITION,"{""path"": ""docs/evidence/issue28_continuous/completed-v14-batch-340/summary.json"", ""selector"": ""ford_motor_company/D01""}",False,False,Current affected-path evidence and unified update/release acceptance; no blanket rerun claim
ford_motor_company,D02,TEXT_RESULT,EXACT,APPLICABLE,"The litigation process is subject to many uncertainties, and the outcome of individual matters is not predictable with assurance. See Note 24 of the Notes to the Financial Statements for a discussion of loss contingencies. Following is a discussion of our significant pending legal proceedings:
PRODUCT LIABILITY MATTERS
We are a defendant in numerous actions in state and federal courts within and outside of the United States alleging damages from injuries resulting from (or aggravated by) alleged defects in our vehicles. In many actions, no monetary amount of damages is specified or the specific amount alleged is the jurisdictional minimum. Our experience with litigation alleging a specific amount of damages suggests that such amounts, on average, bear little relation to the actual amount of damages, if any, that we will pay in resolving such matters.
In addition to pending actions, we assess the likelihood of incidents that likely have occurred but not yet been reported to us. We also take into consideration specific matters that have been raised as claims but have not yet proceeded to litigation. Individual product liability matters that have more than a remote risk of loss and such loss would likely be significant if the matter is resolved unfavorably to us would be described herein. Currently, there is one such matter to report:
Hetsler v. Ford. Plaintiff, Robert Hetsler, filed this product liability action against Ford in the Circuit Court of the Fourth Judicial Circuit in and for Duval County, Florida on April 24, 2020 alleging that a 2016 Roush Mustang had a manufacturing defect in an unidentified component of the engine compartment that resulted in a fire. After a trial in February 2024, a jury found Ford liable and awarded plaintiff $103 million in damages. On August 22, 2024, Ford appealed the judgment to the Fifth District Court of Appeal. Ford believes a new trial is warranted based on the trial court’s improper instructions to the jury and the trial court’s improper admission of undisclosed expert opinions. On November 18, 2025, the Fifth District Court of Appeal issued a per curiam affirmance with no written opinion. On December 3, 2025, Ford filed a Motion for Issuance of a Written Opinion, Including a Certification to the Florida Supreme Court, or in the Alternative, for Rehearing En Banc. The Fifth District Court of Appeal has not ruled on Ford’s motion.
ASBESTOS MATTERS
Asbestos was used in some brakes, clutches, and other automotive components from the early 1900s. Along with other vehicle manufacturers, we have been the target of asbestos litigation and, as a result, are a defendant in various actions for injuries claimed to have resulted from alleged exposure to Ford parts and other products containing asbestos. Plaintiffs in these personal injury cases allege various health problems as a result of asbestos exposure, either from component parts found in older vehicles, insulation or other asbestos products in our facilities, or asbestos aboard our former maritime fleet. We believe that we are targeted more aggressively in asbestos suits because many previously targeted companies have filed for bankruptcy or emerged from bankruptcy relieved of liability for such claims.
Most of the asbestos litigation we face involves individuals who claim to have worked on the brakes of our vehicles. We are prepared to defend these cases and believe that the scientific evidence confirms our long-standing position that there is no increased risk of asbestos-related disease as a result of exposure to the type of asbestos formerly used in the brakes on our vehicles. The extent of our financial exposure to asbestos litigation remains very difficult to estimate and could include both compensatory and punitive damage awards. The majority of our asbestos cases do not specify a dollar amount for damages; in many of the other cases the dollar amount specified is the jurisdictional minimum, and the vast majority of these cases involve multiple defendants. Some of these cases may also involve multiple plaintiffs, and we may be unable to tell from the pleadings which plaintiffs are making claims against us (as opposed to other defendants). Annual payout and defense costs may become significant in the future. Our accrual for asbestos matters includes probable losses for both asserted and unasserted claims.
CONSUMER MATTERS
We provide warranties on the vehicles we sell. Warranties are offered for specific periods of time and/or mileage and vary depending upon the type of product and the geographic location of its sale. Pursuant to these warranties, we will repair, replace, or adjust parts on a vehicle that are defective in factory-supplied materials or workmanship during the specified warranty period. Software updates are increasingly a component of vehicle service and may be performed during warranty coverage repairs, through field service actions, or through over-the-air updates. We are a defendant in numerous actions in state and federal courts alleging breach of warranty and claiming damages based on state and federal consumer protection laws. Remedies under these statutes may include vehicle repurchase, civil penalties, and payment by Ford of the plaintiff’s attorneys’ fees. In some cases, plaintiffs also include an allegation of fraud. Remedies for a fraud claim may include contract rescission, vehicle repurchase, and punitive damages. Annual payout and defense costs may become significant in the future.
The cost of these litigation matters is included in our warranty costs. We accrue obligations for warranty costs at the time of sale using a patterned estimation model that includes historical information regarding the nature, frequency, and average cost of claims for each vehicle line by model year. We reevaluate the adequacy of our accruals on a regular basis.
We are currently a defendant in a significant number of litigation matters relating to the performance of vehicles, including those equipped with DPS6 transmissions.
ENVIRONMENTAL MATTERS
We have received notices under various federal and state environmental laws that we (along with others) are or may be a potentially responsible party for the costs associated with remediating numerous hazardous substance storage, recycling, or disposal sites in many states and, in some instances, for natural resource damages. We also may have been a generator of hazardous substances at a number of other sites. The amount of any such costs or damages for which we may be held responsible could be significant. Any legal proceeding arising under any federal, state, or local provisions that have been enacted or adopted regulating the discharge of materials into the environment or primarily for the purpose of protecting the environment, in which (i) a governmental authority is a party, and (ii) we believe there is the possibility of monetary sanctions (exclusive of interest and costs) in excess of $1,000,000 is described herein.
On June 16, 2022, the New Jersey Department of Environmental Protection (“NJDEP”) filed a complaint in the Superior Court of New Jersey (Bergen County) seeking natural resource damages and other claims related to the Ringwood Mines/Landfill Site located in Ringwood, New Jersey. On February 21, 2023, the court denied our motion to dismiss. We continue to defend against the NJDEP’s allegations.
CLASS ACTIONS
In light of the fact that few of the purported class actions filed against us in the past have been certified by the courts as class actions, in general we list those actions that (i) have been certified as a class action by a court of competent jurisdiction (and any additional purported class actions that raise allegations substantially similar to an existing and certified class), and (ii) have more than a remote risk of loss, and such loss would likely be significant if the action is resolved unfavorably to us. At this time, we have no such class actions filed against us.
OTHER MATTERS
Brazilian Tax Matters. One Brazilian state (São Paulo) and the Brazilian federal tax authority currently have outstanding substantial tax assessments against Ford Motor Company Brasil Ltda. (“Ford Brazil”) related to state and federal tax incentives Ford Brazil received for its operations in the Brazilian state of Bahia. The São Paulo assessment is part of a broader conflict among various states in Brazil. The federal legislature enacted laws designed to encourage the states to end that conflict, and in 2017 the states reached an agreement on a framework for resolution. Ford Brazil continues to pursue a resolution under the framework and expects the amount of any remaining assessments by the states to be resolved under that framework. The federal assessments are outside the scope of the legislation.
All of the outstanding assessments have been appealed to the relevant administrative court of each jurisdiction and some appeals are now pending in the judicial court system. To proceed with an appeal within the judicial court system, an appellant may be required to post collateral. If we are required to post collateral, which could be in excess of $1 billion for all the cases in the aggregate, we expect it to be in the form of fixed assets, surety bonds, and/or letters of credit, but we may be required to post cash collateral. To date, we have received collateral waivers for most of the cases that have been appealed to the judicial court system, although we have been required to post less than $100 million of collateral. Although the ultimate resolution of these matters may take many years, we consider our overall risk of loss to be remote.
NOTE 24. COMMITMENTS AND CONTINGENCIES
Commitments and contingencies primarily consist of guarantees and indemnifications, litigation and claims, and warranty and field service actions.
Guarantees and Indemnifications
Financial Guarantees. Financial guarantees and indemnifications are recorded at fair value at their inception. Subsequent to initial recognition, the guarantee liability is adjusted at each reporting period to reflect the current estimate of expected payments resulting from possible default events over the remaining life of the guarantee. The maximum potential payments for financial guarantees were $5.3 billion and $5.4 billion at December 31, 2024 and 2025, respectively. See Note 23 for additional information. The carrying value of recorded liabilities related to financial guarantees was $144 million and $92 million at December 31, 2024 and 2025, respectively.
Our financial guarantees consist of debt and lease obligations of certain joint ventures, as well as certain financial obligations of outside third parties, including suppliers, to support our business and economic growth. Expiration dates vary through 2040, and guarantees will terminate on payment and/or cancellation of the underlying obligation. A payment by us would be triggered by failure of the joint venture or other third party to fulfill its obligation covered by the guarantee. In some circumstances, we are entitled to recover from a third party amounts paid by us under the guarantee.
Non-Financial Guarantees. Non-financial guarantees and indemnifications are recorded at fair value at their inception. We regularly review our performance risk under these arrangements, and in the event it becomes probable we will be required to perform under a guarantee or indemnity, the probable amount of payment is recorded. The maximum potential payments and carrying values of recorded liabilities related to non-financial guarantees were de minimis at both December 31, 2024 and 2025.
In the ordinary course of business, we execute contracts involving indemnifications standard in the industry and indemnifications specific to a transaction, such as the sale of a business. These indemnifications might include and are not limited to claims relating to any of the following: environmental, tax, and shareholder matters; intellectual property rights; power generation contracts; governmental regulations and employment-related matters; dealer, supplier, and other commercial contractual relationships; and financial matters, such as securitizations. Performance under these indemnities generally would be triggered by a breach of contract claim brought by a counterparty, including a joint venture or alliance partner, or a third-party claim. While some of these indemnifications are limited in nature, many of them do not limit potential payment. Therefore, we are unable to estimate a maximum amount of future payments that could result from claims made under these unlimited indemnities.
FORD MOTOR COMPANY AND SUBSIDIARIES
NOTES TO THE FINANCIAL STATEMENTS
NOTE 24. COMMITMENTS AND CONTINGENCIES (Continued)
Litigation and Claims
Various legal actions, proceedings, and claims (generally, “matters”) are pending or may be instituted or asserted against us. These include, but are not limited to, matters arising out of alleged defects in our products; product warranties; governmental regulations relating to safety, emissions, and fuel economy or other matters; government incentives; tax matters, including trade and customs; alleged illegal acts resulting in fines or penalties; financial services; employment-related matters; dealer, supplier, and other contractual relationships; intellectual property rights; environmental matters; shareholder or investor matters; and financial reporting matters. Certain of the pending legal actions are, or purport to be, class actions. Some of the matters involve or may involve claims for compensatory, punitive, or antitrust or other treble damages that are significant, or demands for field service actions, environmental remediation programs, sanctions, loss of government incentives, assessments, or other relief, which, if granted, would require significant expenditures.
The extent of our financial exposure to these matters is difficult to estimate. Many matters do not specify a dollar amount for damages, and many others specify only a jurisdictional minimum. To the extent an amount is asserted, our historical experience suggests that in most instances the amount asserted is not a reliable indicator of the ultimate outcome.
We accrue for matters when losses are deemed probable and reasonably estimable. In evaluating matters for accrual and disclosure purposes, we take into consideration factors such as our historical experience with matters of a similar nature, the specific facts and circumstances asserted, the likelihood that we will prevail, and the severity of any potential loss. We reevaluate and update our accruals as matters progress over time.
For the majority of matters, which generally arise out of alleged defects in our products, we establish an accrual based on our extensive historical experience with similar matters. We do not believe there is a reasonably possible outcome materially in excess of our accrual for these matters. For the remaining matters, where our historical experience with similar matters is of more limited value (i.e., “non-pattern matters”), we evaluate the matters primarily based on the individual facts and circumstances. For non-pattern matters, we evaluate whether there is a reasonable possibility of a material loss in excess of any accrual that can be estimated.
Our estimate of reasonably possible loss in excess of our accruals for all material matters currently reflects indirect tax and regulatory matters, for which we estimate the aggregate risk to be a range of up to about $0.6 billion.
As noted, the litigation process is subject to many uncertainties, and the outcome of individual matters is not predictable with assurance. Our assessments are based on our knowledge and experience, but the ultimate outcome of any matter could require payment substantially in excess of the amount that we have accrued and/or disclosed.
FORD MOTOR COMPANY AND SUBSIDIARIES
NOTES TO THE FINANCIAL STATEMENTS
NOTE 24. COMMITMENTS AND CONTINGENCIES (Continued)
Warranty and Field Service Actions
We accrue the estimated cost of both base warranty coverages and field service actions at the time of sale. We establish our estimate of base warranty obligations using a patterned estimation model, using historical information regarding the nature, frequency, and average cost of claims for each vehicle line by model year. We establish our estimates of field service action obligations using a patterned estimation model, using historical information regarding the nature, frequency, severity, and average cost of claims for each model year. In addition, from time to time, we issue extended warranties at our expense, the estimated cost of which is accrued at the time of issuance. Warranty and field service action obligations are reported in Other liabilities and deferred revenue. We reevaluate the adequacy of our accruals on a regular basis.
We recognize the benefit from a recovery of the costs associated with our warranty and field service actions when specifics of the recovery have been agreed with our supplier and the amount of recovery is virtually certain. Recoveries are reported in Trade and other receivables, net and Other assets.
The estimate of our future warranty and field service action costs, net of estimated supplier recoveries, for the years ended December 31 was as follows (in millions):
Beginning balance$11,504 $14,032
Payments made during the period(5,831)(5,733)
Changes in accrual related to warranties issued during the period6,294 6,707
Changes in accrual related to pre-existing warranties2,690 2,266
Foreign currency translation and other(625)(82)
Ending balance$14,032 $17,190
Changes to our estimated costs are reported as changes in accrual related to pre-existing warranties in the table above. In addition, our estimate of reasonably possible costs in excess of our accruals for material field service actions and customer satisfaction actions is a range of up to about $1.7 billion in the aggregate.
FORD MOTOR COMPANY AND SUBSIDIARIES
NOTES TO THE FINANCIAL STATEMENTS",text,PASS,"{""fiscal_year"": 2025, ""period_start"": ""2025-01-01"", ""period_end"": ""2025-12-31""}","{""run_id"": ""run:ordinary-integrated:dfc13f44052e393b27402163f645cdad17c7608cba6dcbcdb2343b39cd78e940"", ""result_id"": ""sha256:a5e3f3ff357d3ce7b83c5037ace4b40f69d3830340856ba678222f4d472474fb"", ""spec_closure_hash"": ""sha256:d0e1a602d16c329087fef7fcf9d5378fe6dbc451ccc8fb8124d219e412e76214"", ""head"": ""1c9f5621e4e09f891d597fa7edcea970a3d434dc"", ""evidence_date"": ""2026-09-12"", ""current_code_replay_claim"": false}",SAVED_SEC_ORIGINAL_NATIVE_DEVELOPMENT_RESULT,SAVED_ORIGINAL_SEC_SOURCE_NO_NEW_ACQUISITION,"{""path"": ""docs/evidence/issue28_continuous/completed-v14-batch-340/summary.json"", ""selector"": ""ford_motor_company/D02""}",False,False,Current affected-path evidence and unified update/release acceptance; no blanket rerun claim
ford_motor_company,D03,VALIDATION_OR_IMPLEMENTATION_PENDING,,APPLICABLE,,,D03_NATIVE_RESULT_ROUTE_AND_REAL_VALIDATION_PENDING,"{""fiscal_year"": 2025, ""period_start"": ""2025-01-01"", ""period_end"": ""2025-12-31""}","{""source_id"": ""sha256:c255d9bf2781c0b3bb1622ce35d2c2f84398597f9620990b1ff03af15ddc9f1b"", ""request_context_format"": ""deepseek-v41-two-message-json-chat-1"", ""implementation_files"": ""docs/evidence/issue28_continuous/request-context-counting/implementation-files.json""}",SOURCE_PREPARATION_WITH_SEPARATE_RECORDED_OR_SYNTHETIC_DEVELOPMENT_EVIDENCE,SEE_ORIGINAL_SOURCE_PROOFS_NO_MODEL_RESULT_CREDIT,"{""path"": ""docs/evidence/issue28_continuous/request-context-counting/grouped-census.json"", ""selector"": ""ford_motor_company/D03""}",False,False,Complete current source-dependent native response/Review/Run validation; retain partials and failures at original scope
ford_motor_company,D04,VALIDATION_OR_IMPLEMENTATION_PENDING,,APPLICABLE,,,D04_COMPLETE_CURRENT_REAL_VALIDATION_PENDING,"{""fiscal_year"": 2025, ""period_start"": ""2025-01-01"", ""period_end"": ""2025-12-31""}","{""source_id"": ""sha256:eb76fb5b712ab7fe61abbed45be0f6a2de94c066ddaf380cc978b5dd95df37f3"", ""request_context_format"": ""deepseek-v41-two-message-json-chat-1"", ""implementation_files"": ""docs/evidence/issue28_continuous/request-context-counting/implementation-files.json""}",SOURCE_PREPARATION_WITH_SEPARATE_RECORDED_OR_SYNTHETIC_DEVELOPMENT_EVIDENCE,SEE_ORIGINAL_SOURCE_PROOFS_NO_MODEL_RESULT_CREDIT,"{""path"": ""docs/evidence/issue28_continuous/request-context-counting/grouped-census.json"", ""selector"": ""ford_motor_company/D04""}",False,False,Complete current source-dependent native response/Review/Run validation; retain partials and failures at original scope
ford_motor_company,E01,NUMERIC_RESULT,EXACT,APPLICABLE,2,count,PASS,"{""fiscal_year"": 2025, ""period_start"": ""2025-01-01"", ""period_end"": ""2025-12-31""}","{""run_id"": ""run:ordinary-integrated:a5a861c39e3abe8965adde00ba58958a9db421ad90da01078b4c28d4caf00a81"", ""result_id"": ""sha256:ad429204f625d04682026883564e86d95e1e1fbd00d137677b1d2da279dd721c"", ""spec_closure_hash"": ""sha256:7d5864cc3a591b5f0a3b903c4cadcaeb0782dcb60bfe2f75b744cef8f8364ccb"", ""head"": ""1c9f5621e4e09f891d597fa7edcea970a3d434dc"", ""evidence_date"": ""2026-09-12"", ""current_code_replay_claim"": false}",SAVED_SEC_ORIGINAL_NATIVE_DEVELOPMENT_RESULT,SAVED_ORIGINAL_SEC_SOURCE_NO_NEW_ACQUISITION,"{""path"": ""docs/evidence/issue28_continuous/completed-v14-batch-340/summary.json"", ""selector"": ""ford_motor_company/E01""}",False,False,Current affected-path evidence and unified update/release acceptance; no blanket rerun claim
ford_motor_company,E02,NUMERIC_RESULT,EXACT,APPLICABLE,0,count,PASS,"{""fiscal_year"": 2025, ""period_start"": ""2025-01-01"", ""period_end"": ""2025-12-31""}","{""run_id"": ""run:ordinary-integrated:4ea03978b7d811339aded116583cfaac698ece3863e9201c0dcb0489d9bca539"", ""result_id"": ""sha256:24a77dbd5e0cb87fe3cc36a9f71ef2b7e03e7d4b5244bd908905c2268c47ea9d"", ""spec_closure_hash"": ""sha256:2225c56a35257b1ccf88dd4532f450dc264095fcbf4bcfa095a7a8f801e88465"", ""head"": ""1c9f5621e4e09f891d597fa7edcea970a3d434dc"", ""evidence_date"": ""2026-09-12"", ""current_code_replay_claim"": false}",SAVED_SEC_ORIGINAL_NATIVE_DEVELOPMENT_RESULT,SAVED_ORIGINAL_SEC_SOURCE_NO_NEW_ACQUISITION,"{""path"": ""docs/evidence/issue28_continuous/completed-v14-batch-340/summary.json"", ""selector"": ""ford_motor_company/E02""}",False,False,Current affected-path evidence and unified update/release acceptance; no blanket rerun claim
ford_motor_company,E03,NUMERIC_RESULT,EXACT,APPLICABLE,3,count,PASS,"{""fiscal_year"": 2025, ""period_start"": ""2025-01-01"", ""period_end"": ""2025-12-31""}","{""run_id"": ""run:ordinary-integrated:3dae83ea64de33182d1ce0c2d03fe8fae40cecaa45a8fd8478c79964033c06cd"", ""result_id"": ""sha256:484d0279a7bc58af01eb27f2721f002fe3550a2817a27b3f0c1aa3b54f790394"", ""spec_closure_hash"": ""sha256:6a53aad18d3a406b16f08c8ddf337cafca865d9ed3843044ae47fcfef17a74a7"", ""head"": ""1c9f5621e4e09f891d597fa7edcea970a3d434dc"", ""evidence_date"": ""2026-09-12"", ""current_code_replay_claim"": false}",SAVED_SEC_ORIGINAL_NATIVE_DEVELOPMENT_RESULT,SAVED_ORIGINAL_SEC_SOURCE_NO_NEW_ACQUISITION,"{""path"": ""docs/evidence/issue28_continuous/completed-v14-batch-340/summary.json"", ""selector"": ""ford_motor_company/E03""}",False,False,Current affected-path evidence and unified update/release acceptance; no blanket rerun claim
ford_motor_company,E04,NUMERIC_RESULT,EXACT,APPLICABLE,0,count,PASS,"{""fiscal_year"": 2025, ""period_start"": ""2025-01-01"", ""period_end"": ""2025-12-31""}","{""run_id"": ""run:ordinary-integrated:49813f5311b29e1cea1740079ed4f7d24b073c2057b3e6be3bcc1252c74def44"", ""result_id"": ""sha256:a0223bf37f97872936021b3ac4b32feaea5f1178dc297507e1fb801dc44b35db"", ""spec_closure_hash"": ""sha256:034565b73fcf2d88fcff21e36b9fcc5a7ce604c7e09bb8d8d6ab940e5d56b24d"", ""head"": ""1c9f5621e4e09f891d597fa7edcea970a3d434dc"", ""evidence_date"": ""2026-09-12"", ""current_code_replay_claim"": false}",SAVED_SEC_ORIGINAL_NATIVE_DEVELOPMENT_RESULT,SAVED_ORIGINAL_SEC_SOURCE_NO_NEW_ACQUISITION,"{""path"": ""docs/evidence/issue28_continuous/completed-v14-batch-340/summary.json"", ""selector"": ""ford_motor_company/E04""}",False,False,Current affected-path evidence and unified update/release acceptance; no blanket rerun claim
ford_motor_company,E05,NUMERIC_RESULT,EXACT,APPLICABLE,2,count,PASS,"{""fiscal_year"": 2025, ""period_start"": ""2025-01-01"", ""period_end"": ""2025-12-31""}","{""run_id"": ""run:ordinary-integrated:225e55d42b7c0962c1325de44334b90b172a8d89c27dbf1674c1ddcc91ef39e7"", ""result_id"": ""sha256:5947abbb4e7172fdc491efd96c0c3bd192547478f8479043109c54ac83f64275"", ""spec_closure_hash"": ""sha256:7f09c9630d318106f98f33d82b7914b583b8db6aef5bebc019b50b82c6f54cfd"", ""head"": ""1c9f5621e4e09f891d597fa7edcea970a3d434dc"", ""evidence_date"": ""2026-09-12"", ""current_code_replay_claim"": false}",SAVED_SEC_ORIGINAL_NATIVE_DEVELOPMENT_RESULT,SAVED_ORIGINAL_SEC_SOURCE_NO_NEW_ACQUISITION,"{""path"": ""docs/evidence/issue28_continuous/completed-v14-batch-340/summary.json"", ""selector"": ""ford_motor_company/E05""}",False,False,Current affected-path evidence and unified update/release acceptance; no blanket rerun claim
pfizer,A01,STRUCTURAL_NOT_APPLICABLE,NONE,N_A_STRUCTURAL,,,TRAIT_NOT_APPLICABLE,"{""fiscal_year"": 2025, ""period_start"": ""2025-12-31"", ""period_end"": ""2025-12-31""}","{""run_id"": ""run:ordinary-integrated:f465f64f906bd16247165367d7e1cbe9943bcb89618a7313aadbc52824b42428"", ""result_id"": ""sha256:6b091aaebadc90bd6f2888e9288be84e7f1e589fe09b72ca8475ffdbd9558087"", ""spec_closure_hash"": ""sha256:ee54ac53602bbc07c6449b627bd2449f30136e32d245764a847dc6282782a063"", ""head"": ""1c9f5621e4e09f891d597fa7edcea970a3d434dc"", ""evidence_date"": ""2026-09-12"", ""current_code_replay_claim"": false}",SAVED_SEC_ORIGINAL_NATIVE_DEVELOPMENT_RESULT,SAVED_ORIGINAL_SEC_SOURCE_NO_NEW_ACQUISITION,"{""path"": ""docs/evidence/issue28_continuous/completed-v14-batch-340/summary.json"", ""selector"": ""pfizer/A01""}",False,False,Current affected-path evidence and unified update/release acceptance; no blanket rerun claim
pfizer,A02,STRUCTURAL_NOT_APPLICABLE,NONE,N_A_STRUCTURAL,,,TRAIT_NOT_APPLICABLE,"{""fiscal_year"": 2025, ""period_start"": ""2025-12-31"", ""period_end"": ""2025-12-31""}","{""run_id"": ""run:ordinary-integrated:74d5000a74e3ed1b63c510f7b2dc25715626540545ff8ab22e9401ac2bcab958"", ""result_id"": ""sha256:0f04f25f465ef3d289b1f20650e417d9e775fef1cf99da4d0c3e83020fdd8853"", ""spec_closure_hash"": ""sha256:9f8a3bbf1bd4ac8229960d9ea59887842a0fbe1e5573c2dbaf9965044e91636d"", ""head"": ""1c9f5621e4e09f891d597fa7edcea970a3d434dc"", ""evidence_date"": ""2026-09-12"", ""current_code_replay_claim"": false}",SAVED_SEC_ORIGINAL_NATIVE_DEVELOPMENT_RESULT,SAVED_ORIGINAL_SEC_SOURCE_NO_NEW_ACQUISITION,"{""path"": ""docs/evidence/issue28_continuous/completed-v14-batch-340/summary.json"", ""selector"": ""pfizer/A02""}",False,False,Current affected-path evidence and unified update/release acceptance; no blanket rerun claim
pfizer,A03,STRUCTURAL_NOT_APPLICABLE,NONE,N_A_STRUCTURAL,,,TRAIT_NOT_APPLICABLE,"{""fiscal_year"": 2025, ""period_start"": ""2025-01-01"", ""period_end"": ""2025-12-31""}","{""run_id"": ""run:ordinary-integrated:8d5e1d908445f77a969d72f2b5199ec82f37fe05e5e4b1e9bdb2f57cd19c11b4"", ""result_id"": ""sha256:3cb893593e6fc0a9ab1e6a0a8d54ce6a8803144799bb636ded4a357f9674a4fb"", ""spec_closure_hash"": ""sha256:99ff7afa51744213038acd97d91f0d62d641a1090f96fa85d860708579d64601"", ""head"": ""1c9f5621e4e09f891d597fa7edcea970a3d434dc"", ""evidence_date"": ""2026-09-12"", ""current_code_replay_claim"": false}",SAVED_SEC_ORIGINAL_NATIVE_DEVELOPMENT_RESULT,SAVED_ORIGINAL_SEC_SOURCE_NO_NEW_ACQUISITION,"{""path"": ""docs/evidence/issue28_continuous/completed-v14-batch-340/summary.json"", ""selector"": ""pfizer/A03""}",False,False,Current affected-path evidence and unified update/release acceptance; no blanket rerun claim
pfizer,A04,STRUCTURAL_NOT_APPLICABLE,NONE,N_A_STRUCTURAL,,,TRAIT_NOT_APPLICABLE,"{""fiscal_year"": 2025, ""period_start"": ""2025-01-01"", ""period_end"": ""2025-12-31""}","{""run_id"": ""run:ordinary-integrated:fc6753c1c0662348a28573ff604b68171a7b3e8578396fb1f8bca2635112b200"", ""result_id"": ""sha256:111c1b7a6cc79074a764701b7aa21b90fbcfcd8c5789b846f74769432f9dd889"", ""spec_closure_hash"": ""sha256:bf1f13bb535f9b2004629af329532e19d87362d41606540da719b789229e9282"", ""head"": ""1c9f5621e4e09f891d597fa7edcea970a3d434dc"", ""evidence_date"": ""2026-09-12"", ""current_code_replay_claim"": false}",SAVED_SEC_ORIGINAL_NATIVE_DEVELOPMENT_RESULT,SAVED_ORIGINAL_SEC_SOURCE_NO_NEW_ACQUISITION,"{""path"": ""docs/evidence/issue28_continuous/completed-v14-batch-340/summary.json"", ""selector"": ""pfizer/A04""}",False,False,Current affected-path evidence and unified update/release acceptance; no blanket rerun claim
pfizer,A05,STRUCTURAL_NOT_APPLICABLE,NONE,N_A_STRUCTURAL,,,TRAIT_NOT_APPLICABLE,"{""fiscal_year"": 2025, ""period_start"": ""2025-01-01"", ""period_end"": ""2025-12-31""}","{""run_id"": ""run:ordinary-integrated:fadb7ff45b5dc53a707570447a14e6b0a875eb07005bfcc8b19b5df04fd83f17"", ""result_id"": ""sha256:a0939a9aef6bf525b67939a39f50c46d860136e91392701e151298a40bdca66b"", ""spec_closure_hash"": ""sha256:e0ecf50b6a31a389933921d927ba00ca640b5b49002526cb537afa70be1e7ca3"", ""head"": ""1c9f5621e4e09f891d597fa7edcea970a3d434dc"", ""evidence_date"": ""2026-09-12"", ""current_code_replay_claim"": false}",SAVED_SEC_ORIGINAL_NATIVE_DEVELOPMENT_RESULT,SAVED_ORIGINAL_SEC_SOURCE_NO_NEW_ACQUISITION,"{""path"": ""docs/evidence/issue28_continuous/completed-v14-batch-340/summary.json"", ""selector"": ""pfizer/A05""}",False,False,Current affected-path evidence and unified update/release acceptance; no blanket rerun claim
pfizer,A06,STRUCTURAL_NOT_APPLICABLE,NONE,N_A_STRUCTURAL,,,TRAIT_NOT_APPLICABLE,"{""fiscal_year"": 2025, ""period_start"": ""2025-01-01"", ""period_end"": ""2025-12-31""}","{""run_id"": ""run:ordinary-integrated:51ba3304170be329f6fe148ce3ae42d9ae077cf4e5a97e0c365bc24151e94804"", ""result_id"": ""sha256:b600317f9b0595b6edc519b18ad8215c89d95e6085762666cc29fa07ac52cf84"", ""spec_closure_hash"": ""sha256:db527edadcca6b1b16a6442dd42972c51ec1b9a45b54e3faf636387980327ee2"", ""head"": ""1c9f5621e4e09f891d597fa7edcea970a3d434dc"", ""evidence_date"": ""2026-09-12"", ""current_code_replay_claim"": false}",SAVED_SEC_ORIGINAL_NATIVE_DEVELOPMENT_RESULT,SAVED_ORIGINAL_SEC_SOURCE_NO_NEW_ACQUISITION,"{""path"": ""docs/evidence/issue28_continuous/completed-v14-batch-340/summary.json"", ""selector"": ""pfizer/A06""}",False,False,Current affected-path evidence and unified update/release acceptance; no blanket rerun claim
pfizer,A07,STRUCTURAL_NOT_APPLICABLE,NONE,N_A_STRUCTURAL,,,TRAIT_NOT_APPLICABLE,"{""fiscal_year"": 2025, ""period_start"": ""2025-01-01"", ""period_end"": ""2025-12-31""}","{""run_id"": ""run:ordinary-integrated:1135b954a33b324c9e25027c7d3efd4b87fb653b9115bd7ec3cec7c830923d05"", ""result_id"": ""sha256:eccd831fd1353eba76992960b181fa2e61a4263f3e6521f0f5d96145f68d99d3"", ""spec_closure_hash"": ""sha256:3735428ca12d51893ed0b3e20a9563cb95cf7f90b4bcef3b2bcec9a947893b50"", ""head"": ""1c9f5621e4e09f891d597fa7edcea970a3d434dc"", ""evidence_date"": ""2026-09-12"", ""current_code_replay_claim"": false}",SAVED_SEC_ORIGINAL_NATIVE_DEVELOPMENT_RESULT,SAVED_ORIGINAL_SEC_SOURCE_NO_NEW_ACQUISITION,"{""path"": ""docs/evidence/issue28_continuous/completed-v14-batch-340/summary.json"", ""selector"": ""pfizer/A07""}",False,False,Current affected-path evidence and unified update/release acceptance; no blanket rerun claim
pfizer,A08,STRUCTURAL_NOT_APPLICABLE,NONE,N_A_STRUCTURAL,,,TRAIT_NOT_APPLICABLE,"{""fiscal_year"": 2025, ""period_start"": ""2025-01-01"", ""period_end"": ""2025-12-31""}","{""run_id"": ""run:ordinary-integrated:ab5ff026ebce5d5f3678966891655ebdf4340f5baa1e1215aeea380fc329d5c7"", ""result_id"": ""sha256:bd34df7ca623e590861d1632a8c45f7f201a6fe7d03e77c08bd81d9ef00e1c80"", ""spec_closure_hash"": ""sha256:7e4658f2194d7a47cb8f7db5ff517ffc1eda25bc02db87b548cf6cfea0d2b65c"", ""head"": ""1c9f5621e4e09f891d597fa7edcea970a3d434dc"", ""evidence_date"": ""2026-09-12"", ""current_code_replay_claim"": false}",SAVED_SEC_ORIGINAL_NATIVE_DEVELOPMENT_RESULT,SAVED_ORIGINAL_SEC_SOURCE_NO_NEW_ACQUISITION,"{""path"": ""docs/evidence/issue28_continuous/completed-v14-batch-340/summary.json"", ""selector"": ""pfizer/A08""}",False,False,Current affected-path evidence and unified update/release acceptance; no blanket rerun claim
pfizer,A09,STRUCTURAL_NOT_APPLICABLE,NONE,N_A_STRUCTURAL,,,TRAIT_NOT_APPLICABLE,"{""fiscal_year"": 2025, ""period_start"": ""2025-01-01"", ""period_end"": ""2025-12-31""}","{""run_id"": ""run:ordinary-integrated:9dff3bb0e2520c9292a4793bf69438a59f90215743119f7b50c846f794562820"", ""result_id"": ""sha256:756ab6b5a25a2b018ef3386a10cad85646475cadb3156f190e91b812af5274af"", ""spec_closure_hash"": ""sha256:aaafb1f1c5a4318007074875776ccc6f92edffe5a78d610a729f0a46775b7dd4"", ""head"": ""1c9f5621e4e09f891d597fa7edcea970a3d434dc"", ""evidence_date"": ""2026-09-12"", ""current_code_replay_claim"": false}",SAVED_SEC_ORIGINAL_NATIVE_DEVELOPMENT_RESULT,SAVED_ORIGINAL_SEC_SOURCE_NO_NEW_ACQUISITION,"{""path"": ""docs/evidence/issue28_continuous/completed-v14-batch-340/summary.json"", ""selector"": ""pfizer/A09""}",False,False,Current affected-path evidence and unified update/release acceptance; no blanket rerun claim
pfizer,A10,STRUCTURAL_NOT_APPLICABLE,NONE,N_A_STRUCTURAL,,,TRAIT_NOT_APPLICABLE,"{""fiscal_year"": 2025, ""period_start"": ""2025-12-31"", ""period_end"": ""2025-12-31""}","{""run_id"": ""run:ordinary-integrated:a65f85456a10a641d897e73b2f2b6fa2e31876a2b431352794abe009a321a2e0"", ""result_id"": ""sha256:cdb5b038302e41044576534a616a342fc4dee11b730f9e788b9f2714f92fca75"", ""spec_closure_hash"": ""sha256:f8a5d6747d7e4d250993643766b19b83ab12f39ddbe3b0e9e341fe00cf5c5ffb"", ""head"": ""1c9f5621e4e09f891d597fa7edcea970a3d434dc"", ""evidence_date"": ""2026-09-12"", ""current_code_replay_claim"": false}",SAVED_SEC_ORIGINAL_NATIVE_DEVELOPMENT_RESULT,SAVED_ORIGINAL_SEC_SOURCE_NO_NEW_ACQUISITION,"{""path"": ""docs/evidence/issue28_continuous/completed-v14-batch-340/summary.json"", ""selector"": ""pfizer/A10""}",False,False,Current affected-path evidence and unified update/release acceptance; no blanket rerun claim
pfizer,A11,STRUCTURAL_NOT_APPLICABLE,NONE,N_A_STRUCTURAL,,,TRAIT_NOT_APPLICABLE,"{""fiscal_year"": 2025, ""period_start"": ""2025-01-01"", ""period_end"": ""2025-12-31""}","{""run_id"": ""run:ordinary-integrated:b433e23c8a2adb98cbbe094379099842db0f341a044d6a087a90eda11f92fe76"", ""result_id"": ""sha256:3e3dffe1d72c22cdcfd4c71de116888f68ed5755461e30fef82e9283acc72269"", ""spec_closure_hash"": ""sha256:87645fa1422b2ac635a9383b5b30d40091d45a819a3789d8415c1ed00dbc234b"", ""head"": ""1c9f5621e4e09f891d597fa7edcea970a3d434dc"", ""evidence_date"": ""2026-09-12"", ""current_code_replay_claim"": false}",SAVED_SEC_ORIGINAL_NATIVE_DEVELOPMENT_RESULT,SAVED_ORIGINAL_SEC_SOURCE_NO_NEW_ACQUISITION,"{""path"": ""docs/evidence/issue28_continuous/completed-v14-batch-340/summary.json"", ""selector"": ""pfizer/A11""}",False,False,Current affected-path evidence and unified update/release acceptance; no blanket rerun claim
pfizer,A12,STRUCTURAL_NOT_APPLICABLE,NONE,N_A_STRUCTURAL,,,TRAIT_NOT_APPLICABLE,"{""fiscal_year"": 2025, ""period_start"": ""2025-01-01"", ""period_end"": ""2025-12-31""}","{""run_id"": ""run:ordinary-integrated:a5495b4743dd753780df63ea45e7d0a56b82d2885c6f30560477a573a665bcc1"", ""result_id"": ""sha256:1c642dc2242d369ed9a2eff58dbba9f14369ac0f77c9f464a9ceeeb7db073dad"", ""spec_closure_hash"": ""sha256:338264b583c2d2458cb3f73d060e1a42fa9d90a20e51be961394fc27ae62b213"", ""head"": ""1c9f5621e4e09f891d597fa7edcea970a3d434dc"", ""evidence_date"": ""2026-09-12"", ""current_code_replay_claim"": false}",SAVED_SEC_ORIGINAL_NATIVE_DEVELOPMENT_RESULT,SAVED_ORIGINAL_SEC_SOURCE_NO_NEW_ACQUISITION,"{""path"": ""docs/evidence/issue28_continuous/completed-v14-batch-340/summary.json"", ""selector"": ""pfizer/A12""}",False,False,Current affected-path evidence and unified update/release acceptance; no blanket rerun claim
pfizer,A13,STRUCTURAL_NOT_APPLICABLE,NONE,N_A_STRUCTURAL,,,TRAIT_NOT_APPLICABLE,"{""fiscal_year"": 2025, ""period_start"": ""2025-01-01"", ""period_end"": ""2025-12-31""}","{""run_id"": ""run:ordinary-integrated:d72a9095746feec4075854a6b46e9c8d553f151350e2af6801ece641ddb1524b"", ""result_id"": ""sha256:f4289ce6007605854ba37d97f934e643467d18dc11652693075bbc6de2eae40d"", ""spec_closure_hash"": ""sha256:94699b6e1c2c5d8f8e5b048007c5f863416fb4072489b274929dd4ae03716b09"", ""head"": ""1c9f5621e4e09f891d597fa7edcea970a3d434dc"", ""evidence_date"": ""2026-09-12"", ""current_code_replay_claim"": false}",SAVED_SEC_ORIGINAL_NATIVE_DEVELOPMENT_RESULT,SAVED_ORIGINAL_SEC_SOURCE_NO_NEW_ACQUISITION,"{""path"": ""docs/evidence/issue28_continuous/completed-v14-batch-340/summary.json"", ""selector"": ""pfizer/A13""}",False,False,Current affected-path evidence and unified update/release acceptance; no blanket rerun claim
pfizer,B01,NUMERIC_RESULT,EXACT,APPLICABLE,62579000000,USD,PASS,"{""fiscal_year"": 2025, ""period_start"": ""2025-01-01"", ""period_end"": ""2025-12-31""}","{""run_id"": ""run:ordinary-integrated:9f7127148b4c1724893c1172139be0199ba1902c05a0d46fb60b9a39d26219e5"", ""result_id"": ""sha256:536f3b1286e2f586e083ebd1ae7361c965f287cb4ec7ea176c08005f0d1ee1bf"", ""spec_closure_hash"": ""sha256:300424426d0397ce04f6ce6f6df3a2e12259904060d31e47d8664df6e5f3d8f8"", ""head"": ""1c9f5621e4e09f891d597fa7edcea970a3d434dc"", ""evidence_date"": ""2026-09-12"", ""current_code_replay_claim"": false}",SAVED_SEC_ORIGINAL_NATIVE_DEVELOPMENT_RESULT,SAVED_ORIGINAL_SEC_SOURCE_NO_NEW_ACQUISITION,"{""path"": ""docs/evidence/issue28_continuous/completed-v14-batch-340/summary.json"", ""selector"": ""pfizer/B01""}",False,False,Current affected-path evidence and unified update/release acceptance; no blanket rerun claim
pfizer,B02,NUMERIC_RESULT,EXACT,APPLICABLE,-0.01647099501783833906989171264,ratio,PASS,"{""fiscal_year"": 2025, ""period_start"": ""2025-01-01"", ""period_end"": ""2025-12-31""}","{""run_id"": ""run:ordinary-integrated:5e347130fbd9fdda66f1547b40910066dee893a1ffb09aaa819fbbb7ea7e82ec"", ""result_id"": ""sha256:dd3ef27fccfd53902e901b4fca8b63f2e5dc1177ed5f3800b87053f0a6dec782"", ""spec_closure_hash"": ""sha256:7f569259f31e7d0bd237ca8ba6bc368cbf55d47453f86915c4cf8e0638868a76"", ""head"": ""1c9f5621e4e09f891d597fa7edcea970a3d434dc"", ""evidence_date"": ""2026-09-12"", ""current_code_replay_claim"": false}",SAVED_SEC_ORIGINAL_NATIVE_DEVELOPMENT_RESULT,SAVED_ORIGINAL_SEC_SOURCE_NO_NEW_ACQUISITION,"{""path"": ""docs/evidence/issue28_continuous/completed-v14-batch-340/summary.json"", ""selector"": ""pfizer/B02""}",False,False,Current affected-path evidence and unified update/release acceptance; no blanket rerun claim
pfizer,B03,NUMERIC_RESULT,APPROX,APPLICABLE,0.3329551446971028619824541779,ratio,PASS,"{""fiscal_year"": 2025, ""period_start"": ""2025-01-01"", ""period_end"": ""2025-12-31""}","{""run_id"": ""run:ordinary-integrated:31b320886f6f923cd8a247a9ff414629d7704ead92e03de6d0d59da6436ec4b9"", ""result_id"": ""sha256:b6d0e8c0f7decc22cbe4598de6ceff4f59820258b30bd6012af06e7c4cb0799b"", ""spec_closure_hash"": ""sha256:706e541ffaf0e1d2cc091b56a635485a2145e70f40f86a401fa2e2c5b0a471e5"", ""head"": ""1c9f5621e4e09f891d597fa7edcea970a3d434dc"", ""evidence_date"": ""2026-09-12"", ""current_code_replay_claim"": false}",SAVED_SEC_ORIGINAL_NATIVE_DEVELOPMENT_RESULT,SAVED_ORIGINAL_SEC_SOURCE_NO_NEW_ACQUISITION,"{""path"": ""docs/evidence/issue28_continuous/completed-v14-batch-340/summary.json"", ""selector"": ""pfizer/B03""}",False,False,Current affected-path evidence and unified update/release acceptance; no blanket rerun claim
pfizer,B04,NUMERIC_RESULT,EXACT,APPLICABLE,7771000000,USD,PASS,"{""fiscal_year"": 2025, ""period_start"": ""2025-01-01"", ""period_end"": ""2025-12-31""}","{""run_id"": ""run:ordinary-integrated:9af63327d6320eb59a8496514441ba731a45da71baa4d28d08cad3e57b316e3a"", ""result_id"": ""sha256:27c15b1ff55fd121e3bab4d8ee170125bafdfe4c651397c15c38b85ac6180d2e"", ""spec_closure_hash"": ""sha256:22b0fe3ad2841f90450d503cd628fe65207ae1777968156abc13c4ee28ffb3e2"", ""head"": ""1c9f5621e4e09f891d597fa7edcea970a3d434dc"", ""evidence_date"": ""2026-09-12"", ""current_code_replay_claim"": false}",SAVED_SEC_ORIGINAL_NATIVE_DEVELOPMENT_RESULT,SAVED_ORIGINAL_SEC_SOURCE_NO_NEW_ACQUISITION,"{""path"": ""docs/evidence/issue28_continuous/completed-v14-batch-340/summary.json"", ""selector"": ""pfizer/B04""}",False,False,Current affected-path evidence and unified update/release acceptance; no blanket rerun claim
pfizer,B05,NUMERIC_RESULT,EXACT,APPLICABLE,9075000000,USD,PASS,"{""fiscal_year"": 2025, ""period_start"": ""2025-01-01"", ""period_end"": ""2025-12-31""}","{""run_id"": ""run:ordinary-integrated:4596c2b4d3543d7bf8850091fc1582d77371179e30ab98a0c560dc684c4c4b17"", ""result_id"": ""sha256:ae93b771fc731d72c03cd242c6eb53f0533d8a72ecab9e1372f7cfe5ffd4e728"", ""spec_closure_hash"": ""sha256:7fc421991b42d822b96675ac584b32e0af843a34923a90cb316cc13386debdae"", ""head"": ""1c9f5621e4e09f891d597fa7edcea970a3d434dc"", ""evidence_date"": ""2026-09-12"", ""current_code_replay_claim"": false}",SAVED_SEC_ORIGINAL_NATIVE_DEVELOPMENT_RESULT,SAVED_ORIGINAL_SEC_SOURCE_NO_NEW_ACQUISITION,"{""path"": ""docs/evidence/issue28_continuous/completed-v14-batch-340/summary.json"", ""selector"": ""pfizer/B05""}",False,False,Current affected-path evidence and unified update/release acceptance; no blanket rerun claim
pfizer,B06,IMPLEMENTATION_OR_SOURCE_PROOF_UNRESOLVED,NONE,APPLICABLE,,,B06_SOURCE_RELATIONSHIP_UNRESOLVED,"{""fiscal_year"": 2025, ""period_start"": ""2025-12-31"", ""period_end"": ""2025-12-31""}","{""run_id"": ""run:ordinary-integrated:cc7179a3dfa900530d99a81bd8753abfc71a56643edb4d6963735d4dd2589b00"", ""result_id"": ""sha256:c7d41480d9693a431bf9dd2d84d11b1388ccd0b5eeffb9e0134870b865ae6d1b"", ""spec_closure_hash"": ""sha256:0361bf99806d1cbcc24464360acf16db20d98bafced81c5aa45fdfefe765dce1"", ""head"": ""1c9f5621e4e09f891d597fa7edcea970a3d434dc"", ""evidence_date"": ""2026-09-12"", ""current_code_replay_claim"": false}",SAVED_SEC_ORIGINAL_NATIVE_DEVELOPMENT_RESULT,SAVED_ORIGINAL_SEC_SOURCE_NO_NEW_ACQUISITION,"{""path"": ""docs/evidence/issue28_continuous/completed-v14-batch-340/summary.json"", ""selector"": ""pfizer/B06""}",False,False,Distinguish actual source ambiguity from unsupported implementation through complete bounded source proof; no coordinate completion credit from refusal
pfizer,B07,NUMERIC_RESULT,APPROX,APPLICABLE,5.332834144515162860351928117,ratio,PASS,"{""fiscal_year"": 2025, ""period_start"": ""2025-01-01"", ""period_end"": ""2025-12-31""}","{""run_id"": ""run:ordinary-integrated:bba78db0ebd3edd5ce4dd297081c167e30673dbea3f1d88aac5cf353d5be6ae9"", ""result_id"": ""sha256:67a66a040e0c1111a9a1f1b589a3abfc1a9fc17e0c1d89cc977c48abb4ba1af6"", ""spec_closure_hash"": ""sha256:0eb533e576d3bbcb418812e362d9e377373f83c76dd9bfa62ecb41d49475bb78"", ""head"": ""1c9f5621e4e09f891d597fa7edcea970a3d434dc"", ""evidence_date"": ""2026-09-12"", ""current_code_replay_claim"": false}",SAVED_SEC_ORIGINAL_NATIVE_DEVELOPMENT_RESULT,SAVED_ORIGINAL_SEC_SOURCE_NO_NEW_ACQUISITION,"{""path"": ""docs/evidence/issue28_continuous/completed-v14-batch-340/summary.json"", ""selector"": ""pfizer/B07""}",False,False,Current affected-path evidence and unified update/release acceptance; no blanket rerun claim
pfizer,B08,NUMERIC_RESULT,EXACT,APPLICABLE,1.159906986805104910231451438,ratio,PASS,"{""fiscal_year"": 2025, ""period_start"": ""2025-12-31"", ""period_end"": ""2025-12-31""}","{""run_id"": ""run:ordinary-integrated:6a75e3f7b46abf8c29b1ec9839ec62d3870f142232406deb5c3bacd73a92fc45"", ""result_id"": ""sha256:ec8e2ace97044b2c7da314c3d98abbd9dd38d0a8eea3fedba47c8d66538f99d9"", ""spec_closure_hash"": ""sha256:5c803b9c8f773c348d4279249eeb56b603221e55938f39cba7801b3d77a517b6"", ""head"": ""1c9f5621e4e09f891d597fa7edcea970a3d434dc"", ""evidence_date"": ""2026-09-12"", ""current_code_replay_claim"": false}",SAVED_SEC_ORIGINAL_NATIVE_DEVELOPMENT_RESULT,SAVED_ORIGINAL_SEC_SOURCE_NO_NEW_ACQUISITION,"{""path"": ""docs/evidence/issue28_continuous/completed-v14-batch-340/summary.json"", ""selector"": ""pfizer/B08""}",False,False,Current affected-path evidence and unified update/release acceptance; no blanket rerun claim
pfizer,B09,NUMERIC_RESULT,EXACT,APPLICABLE,1142000000,USD,PASS,"{""fiscal_year"": 2025, ""period_start"": ""2025-12-31"", ""period_end"": ""2025-12-31""}","{""run_id"": ""run:ordinary-integrated:9d4bff33e86b2ea3f443a58e783aa2ce2e4c62c74744034ea2f95b4322a9b5bb"", ""result_id"": ""sha256:64a89e4079f824f8e53d4f14d8f516eed4c4f903435f236177a377dd15d83b6a"", ""spec_closure_hash"": ""sha256:25be3c461b082e4b74950c85e39b093568b807aa22c500370579f697f9381b3f"", ""head"": ""1c9f5621e4e09f891d597fa7edcea970a3d434dc"", ""evidence_date"": ""2026-09-12"", ""current_code_replay_claim"": false}",SAVED_SEC_ORIGINAL_NATIVE_DEVELOPMENT_RESULT,SAVED_ORIGINAL_SEC_SOURCE_NO_NEW_ACQUISITION,"{""path"": ""docs/evidence/issue28_continuous/completed-v14-batch-340/summary.json"", ""selector"": ""pfizer/B09""}",False,False,Current affected-path evidence and unified update/release acceptance; no blanket rerun claim
pfizer,B10,STRUCTURAL_NOT_APPLICABLE,NONE,N_A_STRUCTURAL,,,TRAIT_NOT_APPLICABLE,"{""fiscal_year"": 2025, ""period_start"": ""2025-01-01"", ""period_end"": ""2025-12-31""}","{""run_id"": ""run:ordinary-integrated:86d1fa5bfeea9ef4e796f5cf7911aae8ac0cdb64d25aa809beb33273bb4880d8"", ""result_id"": ""sha256:2ae1c63b8a3dd2063bcd3ce047fb578aa3414ad8a1b81ebe9e0cb71b9978b318"", ""spec_closure_hash"": ""sha256:5bb9522e676f369b08e13280ce67c59fe86104836295afa91bf9b882f80ed74a"", ""requirement_closure_hash"": ""sha256:8f38c1458f3af391a63d89c82c2662bac5e5d6e99cdf7307f60bd242bdf66de3""}",SAVED_SEC_ORIGINAL_NATIVE_DEVELOPMENT_RESULT,SAVED_ORIGINAL_SEC_SOURCE_NO_NEW_ACQUISITION,"{""path"": ""docs/evidence/issue28_continuous/ordinary-lodging/ten-company-before-role-move/summary.json"", ""selector"": ""pfizer/B10""}",False,False,Current affected-path evidence and unified update/release acceptance; no blanket rerun claim
pfizer,B11,STRUCTURAL_NOT_APPLICABLE,NONE,N_A_STRUCTURAL,,,TRAIT_NOT_APPLICABLE,"{""fiscal_year"": 2025, ""period_start"": ""2025-01-01"", ""period_end"": ""2025-12-31""}","{""run_id"": ""run:ordinary-integrated:75909ef47e87d97b3c0a71a8bd902b3a5c631c9931ad6b128138bf9ea37f801c"", ""result_id"": ""sha256:25efe5b47debd93f92f36927f493b7b514e09bdf89607cfdb7e3b590a629606c"", ""spec_closure_hash"": ""sha256:80ff12eb5ddb0f431450465c42ece9d7488ea8455af5021c933583c3833d1dd0"", ""requirement_closure_hash"": ""sha256:8f38c1458f3af391a63d89c82c2662bac5e5d6e99cdf7307f60bd242bdf66de3""}",SAVED_SEC_ORIGINAL_NATIVE_DEVELOPMENT_RESULT,SAVED_ORIGINAL_SEC_SOURCE_NO_NEW_ACQUISITION,"{""path"": ""docs/evidence/issue28_continuous/ordinary-lodging/ten-company-before-role-move/summary.json"", ""selector"": ""pfizer/B11""}",False,False,Current affected-path evidence and unified update/release acceptance; no blanket rerun claim
pfizer,B12,STRUCTURAL_NOT_APPLICABLE,NONE,N_A_STRUCTURAL,,,TRAIT_NOT_APPLICABLE,"{""fiscal_year"": 2025, ""period_start"": ""2025-12-31"", ""period_end"": ""2025-12-31""}","{""run_id"": ""run:ordinary-integrated:4e731d3f2d9bf76183ec8677e702abd878a1ad56471d5ab6e45b3d3bbfffaad1"", ""result_id"": ""sha256:56290ed7ba365011f5142bfc05d351708f3fafe088c8fa70d45cd47f87bc8c64"", ""spec_closure_hash"": ""sha256:267b9c81c20295935d3e400903dc41bf2e3e52f87de37cd8ec9d193245320267"", ""head"": ""1c9f5621e4e09f891d597fa7edcea970a3d434dc"", ""evidence_date"": ""2026-09-12"", ""current_code_replay_claim"": false}",SAVED_SEC_ORIGINAL_NATIVE_DEVELOPMENT_RESULT,SAVED_ORIGINAL_SEC_SOURCE_NO_NEW_ACQUISITION,"{""path"": ""docs/evidence/issue28_continuous/completed-v14-batch-340/summary.json"", ""selector"": ""pfizer/B12""}",False,False,Current affected-path evidence and unified update/release acceptance; no blanket rerun claim
pfizer,B13,STRUCTURAL_NOT_APPLICABLE,NONE,N_A_STRUCTURAL,,,TRAIT_NOT_APPLICABLE,"{""fiscal_year"": 2025, ""period_start"": ""2025-01-01"", ""period_end"": ""2025-12-31""}","{""run_id"": ""run:ordinary-integrated:a8000095bb43bb00e888ade90bdf7bce874857b33b399a028d5dfa9815f300a2"", ""result_id"": ""sha256:5363e6d8558c7994a4b66269f8b7e27b17614cba950acbb882270c0391cbaae1"", ""spec_closure_hash"": ""sha256:7271dcbbc3bf761af1ec5dc130c6fdbc6528822a33bf11f98a3c0f2021f4fefb"", ""requirement_closure_hash"": ""sha256:4e6105c99e3d1741cbf72d9a4c0e71ee175740e6f3de6dc4c40a149b990ac95d""}",SAVED_SEC_ORIGINAL_NATIVE_DEVELOPMENT_RESULT,SAVED_ORIGINAL_SEC_SOURCE_NO_NEW_ACQUISITION,"{""path"": ""docs/evidence/issue28_continuous/b13-content-guards/structural-summary.json"", ""selector"": ""pfizer/B13"", ""archive"": ""b13-content-guards/native-material.tar.gz"", ""run_records"": ""structural-3/pfizer/run/records.jsonl"", ""run_manifest"": ""structural-3/pfizer/run/manifest.json""}",False,False,Current affected-path evidence and unified update/release acceptance; no blanket rerun claim
pfizer,C01,NUMERIC_RESULT,EXACT,APPLICABLE,0,count,PASS,"{""fiscal_year"": 2025, ""period_start"": ""2025-01-01"", ""period_end"": ""2025-12-31""}","{""run_id"": ""run:ordinary-integrated:454723888d0f1e6548080ab7b2a2cc046aebeea618cd344b26a8bdf6f2877dcb"", ""result_id"": ""sha256:a609ba9cace7fb83b07dabbaf3493e3a60bc58bdb20ecb6716fba5607dbd0014"", ""spec_closure_hash"": ""sha256:87a93dec6cb267aa2a6549a8ce060757267b9db8680662970f4959a040990ced"", ""head"": ""1c9f5621e4e09f891d597fa7edcea970a3d434dc"", ""evidence_date"": ""2026-09-12"", ""current_code_replay_claim"": false}",SAVED_SEC_ORIGINAL_NATIVE_DEVELOPMENT_RESULT,SAVED_ORIGINAL_SEC_SOURCE_NO_NEW_ACQUISITION,"{""path"": ""docs/evidence/issue28_continuous/completed-v14-batch-340/summary.json"", ""selector"": ""pfizer/C01""}",False,False,Current affected-path evidence and unified update/release acceptance; no blanket rerun claim
pfizer,C02,TEXT_RESULT,EXACT,APPLICABLE,"Shareholder engagement remained a priority in 2025. After strong executive compensation program support averaging 93.5% from 2015 through 2024, in 2025, our Say-on-Pay vote received 54.7% support, lower than historical levels. In response, we sought shareholder input on possible next steps, including improvements to our executive compensation program and disclosures. Compensation Committee Chair Jim Smith led discussions with several of Pfizer’s largest investors, underscoring our commitment to engaging with shareholders and the importance we place on hearing shareholder perspectives firsthand. Further details on the Board’s responses to our 2025 Say-on-Pay vote are provided in the Compensation Discussion and Analysis section of this Proxy Statement.
1.To elect 12 members of the Board of Directors, each until our next Annual Meeting and until his or her successor has been duly elected and qualified.
Twelve members of our Board are standing for re-election. In an uncontested Director election, the number of votes cast “for” a Director nominee must exceed the number of votes cast “against” that nominee. Our Corporate Governance Principles (Principles) contain detailed procedures to be followed in the event that one or more Directors do not receive a majority of the votes cast “for” his or her election at the Annual Meeting. Each nominee elected as a Director will continue in office until our next Annual Meeting and until his or her successor has been duly elected and qualified, or until a Director’s earlier death, resignation, removal or retirement. While we expect each nominee to be able to serve if elected, if any nominee is not able to serve, the persons appointed by the Board and named as proxies in the proxy materials or, if applicable, their substitutes (the Proxy Committee), may vote their proxies for substitute nominees, unless the Board chooses to reduce the number of Directors. Dr. Susan Hockfield will retire from the Board and her committee roles in April 2026.
The Board and each Committee conduct annual evaluations to help ensure that each of its members individually, and the Board as a whole, continue to meet the criteria for Board membership. Based on these activities and their review of the current composition of the Board, in December 2025, the Governance Committee and the Board determined that the criteria for Board membership have been satisfied, and in February 2026, the Board nominated the existing Directors, other than Dr. Hockfield, who is retiring effective as of the 2026 Annual Meeting, as the slate of Director nominees for election in April 2026.
The Board has determined that all of our current Directors (other than Dr. Albert Bourla) are independent of the company and its management and meet Pfizer’s criteria for independence. The independent Directors are Drs. Susan Desmond-Hellmann, Scott Gottlieb, Susan Hockfield and Dan R. Littman; Ms. Suzanne Nora Johnson; and Messrs. Ronald E. Blaylock, Mortimer J. Buckley, Joseph J. Echevarria, Shantanu Narayen, James Quincey, James C. Smith and Cyrus Taraporevala. In addition, the Board previously determined that former Director Dr. Helen H. Hobbs was independent.
•Assist in screening candidates being considered by the Governance Committee for membership on the company’s Board of Directors
The results of the Board evaluation were reported to the full Board by the Chair of the Governance Committee at the April Board Meeting and were discussed in executive session.
The Board, upon recommendation from the Governance Committee, reviews and determines the composition of the Committees and appoints the Committee Chairs. Through periodic committee refreshment, we balance the benefits derived from continuity and depth of experience with those gained from fresh perspectives and enhancing our Directors’ understanding of different aspects of our business. No changes to Committee compositions occurred in 2025 other than the election of Dr. Desmond-Hellman as Chair of the Science and Technology Committee and to reflect the retirement of Dr. Hobbs.
Compensation Committee Interlocks and Insider Participation. During 2025 and as of the date of this Proxy Statement, none of the members of the Committee was or is an officer or employee of Pfizer, and no executive officer of the company served or serves on the compensation committee or board of any company that employed or employs any member of Pfizer’s Compensation Committee or Board of Directors.
Board and Committee Matters: We assessed the Directors’ qualifications for serving on various Committees and their independence. We reviewed, among other factors, Director service on other boards and other commitments held by Directors. As a result, we determined that all Directors are in compliance with the company’s Principles and have sufficient time, energy, and attention to effectively serve on our Board. Additionally, the Committee reviewed and, where appropriate, recommended changes to certain of our governance documents. We also reviewed the non-employee Director compensation program, in consultation with Meridian Compensation Partners, LLC, and recommended no changes to the level of compensation provided to non-employee Directors. We approved a minor, technical amendment to the Nonfunded Deferred Compensation and Unit Award Plan for Non-Employee Directors to facilitate reporting obligations under Section 16 of the Securities Exchange Act of 1934.
Shareholder Engagement: We reviewed shareholder and stakeholder communications at each of our meetings and were informed of shareholder feedback received during Pfizer’s year-round investor outreach, which included the participation of the Chair of the Compensation Committee, Mr. Smith, when appropriate. The Committee was also kept apprised of all shareholder proposals received and discussions with the proponents.
During the 2025 proxy season, the company actively engaged with the proponents of shareholder proposals, listened to their concerns, and worked collaboratively to try to reach mutual agreements to address them. After filing the 2025 Proxy Statement, Pfizer invited its 100 largest institutional investors, representing approximately 46% of the company’s outstanding shares, to engage in discussions regarding the proxy voting items. Out of these invitations, we held meetings with investors representing approximately 26% of the company’s shares outstanding. The discussions during most of these engagements focused on Say-on-Pay and the August 2024 modifications to certain long-term incentive awards. Mr. Smith, Chair of the Compensation Committee, led a portion of these discussions with certain of our largest investors, representing approximately 25% of the company’s shares outstanding, so that he could hear their feedback and discuss any executive compensation-related concerns, including those related to the modifications to certain long-term incentive awards.
At each Governance Committee meeting, we share investor and other stakeholder feedback directly with the Committee. We view communication between our shareholders and the Board as a dialogue and, when appropriate, members of our Board engage directly with our shareholders.
Shareholders and other interested parties may communicate with any of our Directors, including the Lead Independent Director and the Audit Committee Chair, as follows:
In accordance with SEC rules and KPMG policies, audit partners are subject to rotation requirements to limit the number of consecutive years an individual partner may provide audit services to our company. For lead and concurring review partners, the maximum number of consecutive years of service in that capacity is five years. The process for selection of the lead audit partner under this rotation policy involves a meeting between the Chair of the Audit Committee and the candidate for the role, as well as discussion by the full Committee and with management. Consistent with this process, in 2025, we welcomed a new lead audit partner.
The Chair of the Audit Committee, on behalf of the Committee, has been delegated authority to pre-approve services by the firm. The Committee may also delegate pre-approval authority to one or more of its other members. Any pre-approval decisions by the Chair or any other members to whom pre-approval authority has been delegated must be reported, for informational purposes only, to the Committee at its next scheduled meeting.
The Compensation Committee Chair, Jim Smith, led executive compensation-related discussions with several of the company’s largest investors, representing approximately 21% of our outstanding shares. These efforts underscore our commitment to engaging with shareholders and the importance we place on understanding their perspectives. We take shareholders’ feedback seriously and are committed to listening to and addressing their concerns. Most of the shareholders with whom we engaged broadly supported the overall structure of our executive compensation program, appreciated the robust disclosure on the 2024 modifications to certain LTI awards and understood the rationale behind the modifications despite mixed support for the modifications themselves.
–After its review of Dr. Bourla's performance, as discussed in the NEO Assessment later in this Proxy Statement, the Committee and the independent members of the Board determined he had done an outstanding job leading the company to strong operational results.
Fees Paid. The total amount of fees paid to Meridian for services provided to the Compensation Committee in 2025 was $213,639 (including reasonable travel and business expenses, as applicable). In addition, Meridian serves as the independent advisor to the Governance Committee regarding non-employee Director compensation matters, as appropriate, and received $56,895 for services relating to Director compensation for the same time period.
The Board has determined that the CEO must use company-provided aircraft for all air travel, including personal travel, to the maximum extent practicable, based on the recommendations contained in an independent, third-party security study. This study also recommends that the CEO’s spouse use company-provided aircraft when accompanying the CEO, to the maximum extent practicable. Personal travel by the CEO is subject to taxation and disclosure. Travel by the spouse is generally considered personal use and is subject to taxation and disclosure. All taxes on personal travel are paid by the CEO.
The Corporate Governance Principles require that the independent Directors elect a Chairman annually based on recommendations from the Governance Committee. The Board does not have a preferred structure and recognizes that the right structure may vary as circumstances warrant. The Chairman may or may not be the CEO, but when the CEO also serves as Chairman, a Lead Independent Director is elected. The Board values having the flexibility to select the optimal leadership structure for Pfizer and its shareholders at any given time. The independent Directors, with their distinct backgrounds and perspectives and knowledge of the company, are best positioned to evaluate and select the optimal leadership structure at any given time.
In December 2025, following a thorough review by the Governance Committee, the independent Directors evaluated the Board’s leadership structure taking into consideration the company’s performance under the current operating and governance environment and investor feedback. The Committee, with input from the other independent Directors, determined that it would be in the best interest of the company and its shareholders for Dr. Bourla to continue serving as Chairman of the Board in 2026. The Board concluded that Dr. Bourla demonstrates the leadership and vision necessary to lead the Board. His deep scientific, industry and regulatory expertise, along with his extensive company knowledge enables him to effectively lead the Board.
On an ongoing basis, the Governance Committee considers potential candidates identified on its own initiative, as well as those identified by other Directors, members of management, search firms, shareholders and other sources (including individuals seeking to join the Board). Shareholders who wish to recommend candidates may contact the Governance Committee as described in “How to Communicate with Our Directors” earlier in this Proxy Statement.
(i) “Committee” shall mean the Compensation Committee of the Board or such other persons or committee to whom it has delegated any authority, as may be appropriate. A person may serve on the Compensation Committee only if he or she is a “Non-Employee Director” for purposes of Rule 16b-3 under the Exchange Act.",text,PASS,"{""fiscal_year"": 2025, ""period_start"": ""2025-01-01"", ""period_end"": ""2025-12-31""}","{""run_id"": ""run:ordinary-integrated:de69fbc16f08a7ab84519a044c7b5cd72770815747c3e6e30856ef4ee5203b9a"", ""result_id"": ""sha256:cd35101fa8013371da3dff7f8f0d9c46d55bf32954417d399cbd90d3dddd9108"", ""spec_closure_hash"": ""sha256:fe99c55991a9f0d86cf31bcd8b009347dbe9b41ba7547a0fab1cc14ffb67cc41"", ""head"": ""1c9f5621e4e09f891d597fa7edcea970a3d434dc"", ""evidence_date"": ""2026-09-12"", ""current_code_replay_claim"": false}",SAVED_SEC_ORIGINAL_NATIVE_DEVELOPMENT_RESULT,SAVED_ORIGINAL_SEC_SOURCE_NO_NEW_ACQUISITION,"{""path"": ""docs/evidence/issue28_continuous/completed-v14-batch-340/summary.json"", ""selector"": ""pfizer/C02""}",False,False,Current affected-path evidence and unified update/release acceptance; no blanket rerun claim
pfizer,C03,NUMERIC_RESULT,EXACT,APPLICABLE,27585301,USD,PASS,"{""fiscal_year"": 2025, ""period_start"": ""2025-01-01"", ""period_end"": ""2025-12-31""}","{""run_id"": ""run:ordinary-integrated:f480a5a0b9e212021fad400ca2e2b482231a5f6f2469d1889f63c54409853357"", ""result_id"": ""sha256:2d294ea4ea7b7a883dfd1c3105b66b84472859dc3d91b02e973b1df683d60544"", ""spec_closure_hash"": ""sha256:47d1a8148805ad612674bd1b6b6ce11e1845791336b63f79f35d96598de9b772"", ""head"": ""1c9f5621e4e09f891d597fa7edcea970a3d434dc"", ""evidence_date"": ""2026-09-12"", ""current_code_replay_claim"": false}",SAVED_SEC_ORIGINAL_NATIVE_DEVELOPMENT_RESULT,SAVED_ORIGINAL_SEC_SOURCE_NO_NEW_ACQUISITION,"{""path"": ""docs/evidence/issue28_continuous/completed-v14-batch-340/summary.json"", ""selector"": ""pfizer/C03""}",False,False,Current affected-path evidence and unified update/release acceptance; no blanket rerun claim
pfizer,C04,NUMERIC_RESULT,EXACT,APPLICABLE,0,flag,PASS,"{""fiscal_year"": 2025, ""period_start"": ""2025-01-01"", ""period_end"": ""2025-12-31""}","{""run_id"": ""run:ordinary-integrated:6a24b7d4ffdb429503e562f258bd1ee7f60dcb6530bc0461312e93810394c35c"", ""result_id"": ""sha256:0f583d42abefdaebea6ca3ee7dad30277c8b18a75cf6130b7e56d4645f08ef0d"", ""spec_closure_hash"": ""sha256:e85274fbab94d7e316ca58710a41a00e3197688cdaff68d6c064470c17bd8f1d"", ""head"": ""1c9f5621e4e09f891d597fa7edcea970a3d434dc"", ""evidence_date"": ""2026-09-12"", ""current_code_replay_claim"": false}",SAVED_SEC_ORIGINAL_NATIVE_DEVELOPMENT_RESULT,SAVED_ORIGINAL_SEC_SOURCE_NO_NEW_ACQUISITION,"{""path"": ""docs/evidence/issue28_continuous/completed-v14-batch-340/summary.json"", ""selector"": ""pfizer/C04""}",False,False,Current affected-path evidence and unified update/release acceptance; no blanket rerun claim
pfizer,D01,TEXT_RESULT,EXACT,APPLICABLE,"RISKS RELATED TO OUR BUSINESS, INDUSTRY AND OPERATIONS:
MANAGED CARE TRENDS
COMPETITIVE PRODUCTS
CONCENTRATION
RESEARCH AND DEVELOPMENT
GLOBAL OPERATIONS
PRODUCT MANUFACTURING, SALES AND MARKETING RISKS
COLLABORATIONS AND OTHER RELATIONSHIPS WITH THIRD PARTIES
COUNTERFEIT PRODUCTS
RISKS RELATED TO GOVERNMENT REGULATION AND LEGAL PROCEEDINGS:
PRICING AND REIMBURSEMENT
U.S. HEALTHCARE REGULATION
DEVELOPMENT, REGULATORY APPROVAL AND MARKETING OF PRODUCTS
POST-AUTHORIZATION/APPROVAL DATA
LEGAL MATTERS
RISKS RELATED TO INTELLECTUAL PROPERTY, TECHNOLOGY AND SECURITY:
INTELLECTUAL PROPERTY PROTECTION
THIRD-PARTY INTELLECTUAL PROPERTY CLAIMS
INFORMATION TECHNOLOGY AND CYBERSECURITY
GENERAL RISKS
BUSINESS DEVELOPMENT ACTIVITIES AND STRATEGIC GOALS
PANDEMICS
COVID-19
RESPONSIBLE BUSINESS PRACTICES
MARKET FLUCTUATIONS IN OUR EQUITY AND OTHER INVESTMENTS
COST AND EXPENSE CONTROL AND UNUSUAL EVENTS
INTANGIBLE ASSETS, GOODWILL AND EQUITY-METHOD INVESTMENTS
CHANGES IN LAWS AND ACCOUNTING STANDARDS",text,PASS,"{""fiscal_year"": 2025, ""period_start"": ""2025-01-01"", ""period_end"": ""2025-12-31""}","{""run_id"": ""run:ordinary-integrated:671e8dbbeed259420f1c36922d7a2395b3429d4425e608ede0f7feed11acdbbb"", ""result_id"": ""sha256:8747c8494aa8f5c4ed728e0fdc16e321aaa19f3aafada7b263ba5cbbbdc136a9"", ""spec_closure_hash"": ""sha256:2cf616ccdb70214edf453184505f984279be5cfa9fd0b966993eeb70b767b400"", ""head"": ""1c9f5621e4e09f891d597fa7edcea970a3d434dc"", ""evidence_date"": ""2026-09-12"", ""current_code_replay_claim"": false}",SAVED_SEC_ORIGINAL_NATIVE_DEVELOPMENT_RESULT,SAVED_ORIGINAL_SEC_SOURCE_NO_NEW_ACQUISITION,"{""path"": ""docs/evidence/issue28_continuous/completed-v14-batch-340/summary.json"", ""selector"": ""pfizer/D01""}",False,False,Current affected-path evidence and unified update/release acceptance; no blanket rerun claim
pfizer,D02,TEXT_RESULT,EXACT,APPLICABLE,"INFORMATION ABOUT OUR EXECUTIVE OFFICERS
The executive officers of the Company are set forth in this table. Each holds the office or offices indicated until his or her successor is chosen and qualified at the regular meeting of the BOD to be held on the date of the 2026 Annual Meeting of Shareholders, or until his or her earlier death, resignation or removal. Each of the executive officers is a member of the Pfizer Executive Leadership Team.
NameAgePosition
Albert Bourla, DVM, Ph.D.
Chairman of the Board since January 2020 and Chief Executive Officer since January 2019. Chief Operating Officer from January 2018 until December 2018. Group President, Pfizer Innovative Health from June 2016 until December 2017. Group President, Global Innovative Pharma Business (responsible for Vaccines, Oncology and Consumer Healthcare since 2014) from February 2016 until June 2016. President and General Manager of Established Products Business Unit from December 2010 until December 2013. Our Director since February 2018.
Andrew Baum, MA, BM ChB
Chief Strategy and Innovation Officer and Executive Vice President since 2024. Prior to joining Pfizer, he was Head of Global Healthcare - Managing Director Equity Research at Citigroup from 2011 until 2024.
Chris Boshoff, MD, FRCP, FMedSci, Ph.D.
Chief Scientific Officer and President, Research & Development, since January 2025; Chief Oncology Officer, Executive Vice President from December 2023 until December 2024; Chief Oncology Research and Development Officer and Executive Vice President from July 2023 until December 2023; Senior Vice President, Oncology, from 2017 until 2023.
David M. Denton60
Chief Financial Officer, Executive Vice President since May 2022. Executive Vice President, Chief Financial Officer, Lowe’s Companies, Inc., from November 2018 until April 2022; Executive Vice President and Chief Financial Officer, CVS Health Corporation (a diversified health solutions company), from January 2010 until November 2018. Served as Director of Haleon plc from March 2023 to December 2024.
Alexandre de Germay58
Chief International Commercial Officer, Executive Vice President since December 2023. Chief Executive Officer, Laboratoires Majorelle (a specialty pharma company based in France dedicated to women’s health and urology) from 2021 until January 2024 (assisting with transition matters after December 15, 2023). From 2020 until 2021 was Senior Vice President; Global Franchise Head of Cardiology, Transplant and Established Products, and from 2016 until 2020 was Head of Mature Markets General Medicines of Sanofi. Regional President of Asia-Pacific of Pfizer Inc. from 2013 until 2016.
Lidia Fonseca57
Chief Digital and Technology Officer, Executive Vice President since January 2019. Chief Information Officer and Senior Vice President of Quest Diagnostics Incorporated from 2014 to 2018. Senior Vice President of Laboratory Corporation of America Holdings from 2008 until March 2013. Director of Medtronic plc.
Douglas M. Lankler60
Chief Legal Officer, Executive Vice President since January 2025. General Counsel, Executive Vice President from December 2013 until December 2024. Corporate Secretary from January 2014 until February 2014. Executive Vice President, Chief Compliance and Risk Officer from February 2011 until December 2013.
Aamir Malik50
Chief U.S. Commercial Officer, Executive Vice President since December 2023. Chief Business Innovation Officer, Executive Vice President from August 2021 until December 2023. Various U.S. geographic leadership roles with McKinsey & Company from 2019 to 2021; previously co-led McKinsey & Company’s Global Pharmaceuticals & Medical Products practice from 2015 to 2018.
2025 Form 10-K
NameAgePosition
Michael McDermott60
Chief Global Supply and Quality Officer, Executive Vice President since January 2025. Chief Global Supply Officer, Executive Vice President from 2022 until December 2024. President of Pfizer Global Supply from 2018 until 2021. Vice President of Pfizer Global Supply from 2014 until 2018. Vice President of the Biotechnology Unit from 2012 until 2014.
Payal Sahni51
Chief People Experience Officer, Executive Vice President since January 2022. Chief Human Resources Officer, Executive Vice President from June 2020 to December 2021. From May 2016 until June 2020 served as Senior Vice President of Human Resources for multiple operating units. Vice President of Human Resources, Vaccines, Oncology & Consumer from 2015 until 2016. Ms. Sahni has served in a number of positions in the Human Resources organization with increasing responsibility since joining Pfizer in 1997.
2025 Form 10-K
Evaluation of product liability and other product-related litigation
As discussed in Notes 1S and 16 to the consolidated financial statements, the Company is involved in product liability and other product-related litigation, which can include personal injury, consumer fraud, off-label promotion, securities, antitrust and breach of contract claims, among others. Certain of these pending product and other product-related legal proceedings could result in losses that could be substantial. The accrued liability and/or disclosure for the pending product liability and other product-related legal proceedings requires a complex series of judgments by the Company about future events, which involves a number of uncertainties.
We identified the evaluation of product liability and other product-related litigation as a critical audit matter. Challenging auditor judgment was required to evaluate the Company’s judgments about future events and uncertainties.
The following are the primary procedures we performed to address this critical audit matter. We evaluated the design and tested the operating effectiveness of certain internal controls over the Company’s product liability and other product-related litigation processes, including controls related to (1) the evaluation of information from external and internal legal counsel, (2) forward-looking expectations, and (3) new legal proceedings, or other legal proceedings not currently reserved or disclosed. We read letters received directly from the Company’s external and internal legal counsel that described the Company’s probable or reasonably possible legal contingency to pending product liability and other product-related legal proceedings. We inspected the Company’s minutes from meetings of the Audit Committee, which included the status of key litigation matters. We evaluated the Company’s ability to estimate its monetary exposure to pending product and other product-related legal proceedings by comparing historically recorded liabilities to actual monetary amounts incurred upon resolution of prior legal matters. We analyzed relevant publicly available information about the Company, its competitors, and the industry.
Our estimates are often based on complex judgments and assumptions that we believe to be reasonable, but that can be inherently uncertain and unpredictable. If our estimates and assumptions are not representative of actual outcomes, our results could be materially impacted. As future events and their effects cannot be determined with precision, our estimates and assumptions may prove to be incomplete or inaccurate, or unanticipated events and circumstances may occur that might cause us to change those estimates and assumptions. We are subject to risks and uncertainties that may cause actual results to differ from estimated amounts, such as changes in the healthcare environment, competition, litigation, legislation, development of competing assets by us or others, regulatory actions, or product recalls or withdrawals. We regularly evaluate our estimates and assumptions using historical experience and expectations about the future. We adjust our estimates and assumptions when facts and circumstances indicate the need for change.
In determining the reserve percentages for each pool of trade accounts receivables, we considered our historical experience with certain customers and customer types, regulatory and legal environments, country and political risk, and other relevant current and future forecasted macroeconomic factors. These credit risk indicators are monitored on a quarterly basis to determine whether there have been any changes in the economic environment that would indicate the established reserve percentages should be adjusted, and are considered on a regional basis to reflect more geographic-specific metrics. Additionally, write-offs and recoveries of customer receivables are tracked against collections on a quarterly basis to determine whether the reserve percentages remain appropriate. When management becomes aware of certain customer-specific factors that impact credit risk, specific allowances for these known troubled accounts are recorded. Trade accounts receivable are written off after all reasonable means to collect the full amount (including litigation, where appropriate) have been exhausted.
We and certain of our subsidiaries are subject to numerous contingencies arising in the ordinary course of business, such as patent litigation, product liability and other product-related litigation, commercial and other asserted or unasserted matters, environmental claims and proceedings, government investigations and guarantees and indemnifications. In assessing contingencies related to legal and environmental proceedings that are pending against the Company, or unasserted claims that are probable of being asserted, we record accruals for these contingencies to the extent that we conclude that a loss is both probable and reasonably estimable. If some amount within a range of loss appears to be a better estimate than any other amount within the range, we accrue that amount. Alternatively, when no amount within a range of loss appears to be a better estimate than any other amount, we accrue the lowest amount in the range. We record anticipated recoveries under existing insurance contracts when recovery is assured.
•Legal Matters—Seagen is involved in various legal proceedings, including patent, intellectual property, and product liability matters of a nature considered normal to its business. The contingencies arising from legal matters are not significant to our consolidated financial statements.
A. Legal Proceedings
•Patent litigation, which typically involves challenges to the coverage and/or validity of patents on various products, processes or dosage forms. An adverse outcome could result in loss of patent protection for a product, a significant loss of revenues from a product or impairment of the value of associated assets. We are the plaintiff in the majority of these actions.
•Product liability and other product-related litigation related to current or former products, which can include personal injury, consumer fraud, off-label promotion, securities, antitrust and breach of contract claims, among others, and often involves highly complex issues relating to
We believe that our claims and defenses in matters in which we are a defendant are substantial, but litigation is inherently unpredictable and excessive verdicts do occur. We do not believe that any of these matters will have a material adverse effect on our financial position. However, we could incur judgments, enter into settlements or revise our expectations regarding the outcome of matters, which could have a material adverse effect on our results of operations and/or our cash flows in the period in which the amounts are accrued or paid.
The principal pending matters to which we are a party are discussed below. In determining whether a pending matter is a principal matter, we consider both quantitative and qualitative factors to assess materiality, such as, among others, the amount of damages and the nature of other relief sought, if specified; our view of the merits of the claims and of the strength of our defenses; whether the action purports to be, or is, a class action and, if not certified, our view of the likelihood that a class will be certified by the court; the jurisdiction in which the proceeding is pending; whether related actions have been transferred to multidistrict litigation; any experience that we or, to our knowledge, other companies have had in similar proceedings; whether disclosure of the action would be important to a reader of our financial statements, including whether disclosure might change a reader’s judgment about our financial statements in light of all of the information that is available to the reader; the potential impact of the proceeding on our reputation; and the extent of public interest in the matter. In addition, with respect to patent matters in which we are the plaintiff, we consider, among other things, the financial significance of the product protected by the patent(s) at issue. Some of the matters discussed below include those which management believes that the likelihood of possible loss in excess of amounts accrued is remote.
A1. Legal Proceedings––Patent Litigation
We are also subject to patent litigation pursuant to which one or more third parties seek damages and/or injunctive relief to compensate for alleged infringement of its patents by our commercial or other activities. If one of our marketed products (or a product of our collaboration/licensing partners to which we have licenses or co-promotion rights) is found to infringe valid patent rights of a third party, such third party may
In April 2024, GlaxoSmithKline Biologicals SA and GlaxoSmithKline LLC (collectively, GSK Group) sued Pfizer and Pharmacia & Upjohn Company LLC, BioNTech, BioNTech Manufacturing GmbH and BioNTech US Inc. in the U.S. District Court for the District of Delaware, alleging that Comirnaty infringes five U.S. patents and seeking unspecified money damages. In August 2024, GSK Group filed an amended complaint alleging that Comirnaty infringes three additional U.S. patents. In July 2025, GSK Group sued several Pfizer and BioNTech entities in Ireland, alleging that Comirnaty infringes three European patents. Also in July 2025, GSK Group sued several Pfizer and BioNTech entities in the Unified Patent Court, alleging that Comirnaty infringes two European patents, both of which are at issue in the Irish lawsuit. Additional patent infringement actions between GSK Group and Pfizer/BioNTech are ongoing in certain other ex-U.S. jurisdictions.
A2. Legal Proceedings––Product Litigation
Numerous lawsuits against Pfizer and certain of its previously owned subsidiaries are pending in various federal and state courts seeking damages for alleged personal injury from exposure to products allegedly containing asbestos and other allegedly hazardous materials sold by Pfizer and certain of its previously owned subsidiaries.
There also are a small number of lawsuits pending in various federal and state courts seeking damages for alleged exposure to asbestos in facilities owned or formerly owned by Pfizer or its subsidiaries.
A number of lawsuits have been filed against Hospira and Pfizer in various federal and state courts alleging that plaintiffs who were treated with Docetaxel developed permanent hair loss. Hospira is a wholly-owned subsidiary that we acquired in September 2015. The significant majority of the cases also name other defendants, including the manufacturer of the branded product, Taxotere. Plaintiffs seek compensatory and punitive damages. Additional lawsuits have been filed in which plaintiffs allege they developed blocked tear ducts following their treatment with Docetaxel.
A number of lawsuits have been filed against Pfizer in various federal and state courts alleging that plaintiffs developed various types of cancer, or face an increased risk of developing cancer, purportedly as a result of the ingestion of Zantac. The significant majority of these cases also name other defendants that have historically manufactured and/or sold Zantac. Pfizer has not sold Zantac since 2006, and only sold an OTC version of the product. In 2006, Pfizer sold the consumer business that included its Zantac OTC rights to Johnson & Johnson and transferred the assets and liabilities related to Zantac OTC to Johnson & Johnson in connection with the sale. Plaintiffs in these cases seek compensatory and punitive damages.
In February 2020, the federal actions were transferred for coordinated pre-trial proceedings to an MDL in the U.S. District Court for the Southern District of Florida (the Federal MDL Court). Plaintiffs in the MDL filed against Pfizer and many other defendants a master personal injury complaint, a consolidated consumer class action complaint alleging, among other things, claims under consumer protection statutes of all 50 states, and a medical monitoring complaint seeking to certify medical monitoring classes under the laws of 13 states. In December 2022, the Federal MDL Court granted defendants’ Daubert motions to exclude plaintiffs’ expert testimony and motion for summary judgment on general causation, which has resulted in the dismissal of all complaints in the litigation. Plaintiffs have appealed the Federal MDL Court’s rulings.
A number of lawsuits have been filed against Pfizer and certain subsidiaries in various federal and state courts alleging that plaintiffs who used the injectable version of Depo-Provera (active ingredient medroxyprogesterone acetate, or MPA) for contraception developed meningioma. Some cases also name other defendants, including the manufacturers of generic versions of injectable MPA for contraception. Plaintiffs assert claims against Pfizer relating to both Depo-Provera and generic MPA products, and seek compensatory and punitive damages. In February 2025, the federal cases were transferred for coordinated pre-trial proceedings to an MDL in the U.S. District Court for the Northern District of Florida. Also, in 2025, coordinated proceedings were established in several U.S. state jurisdictions, including California, Connecticut, Delaware, and New York.
A3. Legal Proceedings––Commercial and Other Matters
In connection with its spin-off that was completed in 2002, New Monsanto assumed, and agreed to indemnify Pharmacia for, any liabilities related to Pharmacia’s former agricultural business. New Monsanto has defended and/or is defending Pharmacia in connection with various claims and litigation arising out of, or related to, the agricultural business, and has been indemnifying Pharmacia when liability has been imposed or settlement has been reached regarding such claims and litigation.
In connection with its spin-off in 1997, Solutia assumed, and agreed to indemnify Pharmacia for, liabilities related to Former Monsanto’s chemical businesses. As the result of its reorganization under Chapter 11 of the U.S. Bankruptcy Code, Solutia’s indemnification obligations relating to Former Monsanto’s chemical businesses are primarily limited to sites that Solutia has owned or operated. In addition, in connection with its spin-off that was completed in 2002, New Monsanto assumed, and agreed to indemnify Pharmacia for, any liabilities primarily related to Former Monsanto’s chemical businesses, including, but not limited to, any such liabilities that Solutia assumed. Solutia’s and New Monsanto’s assumption of, and agreement to indemnify Pharmacia for, these liabilities apply to pending actions and any future actions related to Former Monsanto’s chemical businesses in which Pharmacia is named as a defendant, including, without limitation, actions asserting environmental claims, including alleged exposure to polychlorinated biphenyls. Solutia and/or New Monsanto are defending Pharmacia in connection with various claims and litigation arising out of, or related to, Former Monsanto’s chemical businesses, and have been indemnifying Pharmacia when liability has been imposed or settlement has been reached regarding such claims and litigation. In 2018, Bayer AG acquired Monsanto Company (New Monsanto), which is now a subsidiary of Bayer AG. Since the acquisition, New Monsanto has continued to defend and indemnify Pharmacia for these liabilities.
A4. Legal Proceedings––Government Investigations
Like other multi-national pharmaceutical companies, we are subject to extensive regulation by government agencies in the U.S., other developed markets and multiple emerging markets in which we operate. Criminal charges, substantial fines and/or civil penalties, limitations on our ability to conduct business in applicable jurisdictions, corporate integrity or deferred prosecution agreements, as well as reputational harm and increased public interest in the matter could result from government investigations in the U.S. and other jurisdictions in which we do business. These matters often involve government requests for information on a voluntary basis or through subpoenas after which the government may seek additional information through follow-up requests or additional subpoenas. In addition, in a qui tam lawsuit in which the government declines to intervene, the relator may still pursue a suit for the recovery of civil damages and penalties on behalf of the government. Among the investigations by government agencies are the matters discussed below.
Greenstone Antitrust Litigation
In 2019 and 2020, Attorneys General of more than 50 states and territories filed two complaints in the U.S. District Court for the District of Connecticut against a number of pharmaceutical companies, including Pfizer and Greenstone—a former Pfizer subsidiary that sold generic drugs. As to Greenstone and Pfizer, the complaints allege anticompetitive conduct in violation of federal and state antitrust laws and state consumer protection laws. The State Attorney General complaints were initially transferred to an MDL in the U.S. District Court for the Eastern District of Pennsylvania for coordinated pre-trial proceedings but were transferred back to the District of Connecticut in April 2024. The Greenstone antitrust litigation also includes civil complaints filed in federal and state court by private and governmental plaintiffs against Pfizer, Greenstone, and a number of other defendants. These related civil lawsuits assert allegations that generally overlap with those asserted by the State Attorneys General. All of the related federal lawsuits are part of the MDL pending in Pennsylvania.
See Legal Proceedings––Product Litigation––Zantac above for information regarding civil actions separately filed by the State of New Mexico and the Mayor and City Council of Baltimore alleging various state statutory and common law claims in connection with the defendants’ alleged sale of Zantac in those jurisdictions.
In April 2023, we received a HIPAA subpoena issued by the U.S. Attorney’s Office for the Western District of Virginia, in coordination with the Department of Justice’s Commercial Litigation Branch, seeking records and information related to programs Pfizer sponsored in retail pharmacies relating to Xeljanz. We have produced records pursuant to this request.",text,PASS,"{""fiscal_year"": 2025, ""period_start"": ""2025-01-01"", ""period_end"": ""2025-12-31""}","{""run_id"": ""run:ordinary-integrated:c3cdb25a492fb5dd4288e7ff5745e593048aa9d2627c2addad98a5e6186eb33f"", ""result_id"": ""sha256:ab1bfcb4f1673b07580b64eab4b219744802bcac55ef04cb7c09f20c631fcd4a"", ""spec_closure_hash"": ""sha256:d0e1a602d16c329087fef7fcf9d5378fe6dbc451ccc8fb8124d219e412e76214"", ""head"": ""1c9f5621e4e09f891d597fa7edcea970a3d434dc"", ""evidence_date"": ""2026-09-12"", ""current_code_replay_claim"": false}",SAVED_SEC_ORIGINAL_NATIVE_DEVELOPMENT_RESULT,SAVED_ORIGINAL_SEC_SOURCE_NO_NEW_ACQUISITION,"{""path"": ""docs/evidence/issue28_continuous/completed-v14-batch-340/summary.json"", ""selector"": ""pfizer/D02""}",False,False,Current affected-path evidence and unified update/release acceptance; no blanket rerun claim
pfizer,D03,VALIDATION_OR_IMPLEMENTATION_PENDING,,APPLICABLE,,,D03_NATIVE_RESULT_ROUTE_AND_REAL_VALIDATION_PENDING,"{""fiscal_year"": 2025, ""period_start"": ""2025-01-01"", ""period_end"": ""2025-12-31""}","{""source_id"": ""sha256:20afd846ee0a45d2850119953f5140b442f0b0a72c56cbda5fcf23800e648839"", ""request_context_format"": ""deepseek-v41-two-message-json-chat-1"", ""implementation_files"": ""docs/evidence/issue28_continuous/request-context-counting/implementation-files.json""}",SOURCE_PREPARATION_WITH_SEPARATE_RECORDED_OR_SYNTHETIC_DEVELOPMENT_EVIDENCE,SEE_ORIGINAL_SOURCE_PROOFS_NO_MODEL_RESULT_CREDIT,"{""path"": ""docs/evidence/issue28_continuous/request-context-counting/grouped-census.json"", ""selector"": ""pfizer/D03""}",False,False,Complete current source-dependent native response/Review/Run validation; retain partials and failures at original scope
pfizer,D04,VALIDATION_OR_IMPLEMENTATION_PENDING,,APPLICABLE,,,D04_COMPLETE_CURRENT_REAL_VALIDATION_PENDING,"{""fiscal_year"": 2025, ""period_start"": ""2025-01-01"", ""period_end"": ""2025-12-31""}","{""source_id"": ""sha256:04fb425b178a277596a063b87e379aedef139c923508457a0b22c13e86eb5176"", ""request_context_format"": ""deepseek-v41-two-message-json-chat-1"", ""implementation_files"": ""docs/evidence/issue28_continuous/request-context-counting/implementation-files.json""}",SOURCE_PREPARATION_WITH_SEPARATE_RECORDED_OR_SYNTHETIC_DEVELOPMENT_EVIDENCE,SEE_ORIGINAL_SOURCE_PROOFS_NO_MODEL_RESULT_CREDIT,"{""path"": ""docs/evidence/issue28_continuous/request-context-counting/grouped-census.json"", ""selector"": ""pfizer/D04""}",False,False,Complete current source-dependent native response/Review/Run validation; retain partials and failures at original scope
pfizer,E01,NUMERIC_RESULT,EXACT,APPLICABLE,0,count,PASS,"{""fiscal_year"": 2025, ""period_start"": ""2025-01-01"", ""period_end"": ""2025-12-31""}","{""run_id"": ""run:ordinary-integrated:fba16e1354f49fb83df57d9235f7cc5f87b5822767777e18a6c3f10db7aed229"", ""result_id"": ""sha256:277086505f0eac3cc0367f60ed7341785fb1fc7600ba5bbb952f0130e9fab0d1"", ""spec_closure_hash"": ""sha256:7d5864cc3a591b5f0a3b903c4cadcaeb0782dcb60bfe2f75b744cef8f8364ccb"", ""head"": ""1c9f5621e4e09f891d597fa7edcea970a3d434dc"", ""evidence_date"": ""2026-09-12"", ""current_code_replay_claim"": false}",SAVED_SEC_ORIGINAL_NATIVE_DEVELOPMENT_RESULT,SAVED_ORIGINAL_SEC_SOURCE_NO_NEW_ACQUISITION,"{""path"": ""docs/evidence/issue28_continuous/completed-v14-batch-340/summary.json"", ""selector"": ""pfizer/E01""}",False,False,Current affected-path evidence and unified update/release acceptance; no blanket rerun claim
pfizer,E02,NUMERIC_RESULT,EXACT,APPLICABLE,0,count,PASS,"{""fiscal_year"": 2025, ""period_start"": ""2025-01-01"", ""period_end"": ""2025-12-31""}","{""run_id"": ""run:ordinary-integrated:f53049a6e6c278c898aeef98317a94e48f870c7253abc01935fe9282c652c3fa"", ""result_id"": ""sha256:bd170d67634f18b4980eb72ab76eeddd67aee80689844a59d63a8d18a89a8cbf"", ""spec_closure_hash"": ""sha256:2225c56a35257b1ccf88dd4532f450dc264095fcbf4bcfa095a7a8f801e88465"", ""head"": ""1c9f5621e4e09f891d597fa7edcea970a3d434dc"", ""evidence_date"": ""2026-09-12"", ""current_code_replay_claim"": false}",SAVED_SEC_ORIGINAL_NATIVE_DEVELOPMENT_RESULT,SAVED_ORIGINAL_SEC_SOURCE_NO_NEW_ACQUISITION,"{""path"": ""docs/evidence/issue28_continuous/completed-v14-batch-340/summary.json"", ""selector"": ""pfizer/E02""}",False,False,Current affected-path evidence and unified update/release acceptance; no blanket rerun claim
pfizer,E03,NUMERIC_RESULT,EXACT,APPLICABLE,0,count,PASS,"{""fiscal_year"": 2025, ""period_start"": ""2025-01-01"", ""period_end"": ""2025-12-31""}","{""run_id"": ""run:ordinary-integrated:52750d3d4df747ccb33f0bd1b41c93086e4ec2211782314e07e87fb70acdbcda"", ""result_id"": ""sha256:1fdc9996d056c0914c41cc1629cac72c22fabe540baf90edaa8dc2670fb0a5be"", ""spec_closure_hash"": ""sha256:6a53aad18d3a406b16f08c8ddf337cafca865d9ed3843044ae47fcfef17a74a7"", ""head"": ""1c9f5621e4e09f891d597fa7edcea970a3d434dc"", ""evidence_date"": ""2026-09-12"", ""current_code_replay_claim"": false}",SAVED_SEC_ORIGINAL_NATIVE_DEVELOPMENT_RESULT,SAVED_ORIGINAL_SEC_SOURCE_NO_NEW_ACQUISITION,"{""path"": ""docs/evidence/issue28_continuous/completed-v14-batch-340/summary.json"", ""selector"": ""pfizer/E03""}",False,False,Current affected-path evidence and unified update/release acceptance; no blanket rerun claim
pfizer,E04,NUMERIC_RESULT,EXACT,APPLICABLE,0,count,PASS,"{""fiscal_year"": 2025, ""period_start"": ""2025-01-01"", ""period_end"": ""2025-12-31""}","{""run_id"": ""run:ordinary-integrated:c40fe1cb704c49ea469bae591aa44359b51339fac5f174484a6aab61564de1fd"", ""result_id"": ""sha256:53b87409783be3e13efbcbe30f63f520de1203b7f9024cc9596574132a03cb74"", ""spec_closure_hash"": ""sha256:034565b73fcf2d88fcff21e36b9fcc5a7ce604c7e09bb8d8d6ab940e5d56b24d"", ""head"": ""1c9f5621e4e09f891d597fa7edcea970a3d434dc"", ""evidence_date"": ""2026-09-12"", ""current_code_replay_claim"": false}",SAVED_SEC_ORIGINAL_NATIVE_DEVELOPMENT_RESULT,SAVED_ORIGINAL_SEC_SOURCE_NO_NEW_ACQUISITION,"{""path"": ""docs/evidence/issue28_continuous/completed-v14-batch-340/summary.json"", ""selector"": ""pfizer/E04""}",False,False,Current affected-path evidence and unified update/release acceptance; no blanket rerun claim
pfizer,E05,NUMERIC_RESULT,EXACT,APPLICABLE,0,count,PASS,"{""fiscal_year"": 2025, ""period_start"": ""2025-01-01"", ""period_end"": ""2025-12-31""}","{""run_id"": ""run:ordinary-integrated:9eb66a3279523f7e1c7249b3614dfc64e09d21e79bc9c89c86729f5f9b727377"", ""result_id"": ""sha256:d97cc73f992fdc626d625972bae6a3e3a747e228fb0c8c9d895aa7e212606206"", ""spec_closure_hash"": ""sha256:7f09c9630d318106f98f33d82b7914b583b8db6aef5bebc019b50b82c6f54cfd"", ""head"": ""1c9f5621e4e09f891d597fa7edcea970a3d434dc"", ""evidence_date"": ""2026-09-12"", ""current_code_replay_claim"": false}",SAVED_SEC_ORIGINAL_NATIVE_DEVELOPMENT_RESULT,SAVED_ORIGINAL_SEC_SOURCE_NO_NEW_ACQUISITION,"{""path"": ""docs/evidence/issue28_continuous/completed-v14-batch-340/summary.json"", ""selector"": ""pfizer/E05""}",False,False,Current affected-path evidence and unified update/release acceptance; no blanket rerun claim
jpmorgan_chase,A01,NUMERIC_RESULT,EXACT,APPLICABLE,0.155,ratio,PASS,"{""fiscal_year"": 2025, ""period_start"": ""2025-12-31"", ""period_end"": ""2025-12-31""}","{""run_id"": ""run:ordinary-integrated:8fb06eab76add3f901f14eb37f4e5dc937e935a7a040fe92cd49a021a48df862"", ""result_id"": ""sha256:f722274515ec25dac702daf2be530bfb726d42058a3589808e66cc4c85c21e93"", ""spec_closure_hash"": ""sha256:ee54ac53602bbc07c6449b627bd2449f30136e32d245764a847dc6282782a063"", ""head"": ""1c9f5621e4e09f891d597fa7edcea970a3d434dc"", ""evidence_date"": ""2026-09-12"", ""current_code_replay_claim"": false}",SAVED_SEC_ORIGINAL_NATIVE_DEVELOPMENT_RESULT,SAVED_ORIGINAL_SEC_SOURCE_NO_NEW_ACQUISITION,"{""path"": ""docs/evidence/issue28_continuous/completed-v14-batch-340/summary.json"", ""selector"": ""jpmorgan_chase/A01""}",False,False,Current affected-path evidence and unified update/release acceptance; no blanket rerun claim
jpmorgan_chase,A02,NUMERIC_RESULT,EXACT,APPLICABLE,0.146,ratio,PASS,"{""fiscal_year"": 2025, ""period_start"": ""2025-12-31"", ""period_end"": ""2025-12-31""}","{""run_id"": ""run:ordinary-integrated:66856f2a8ff381a4aaee3e2ef5a46ea2ff4535871ad1e98e576389acb3175e86"", ""result_id"": ""sha256:9744ed5ff34de4599adb151113117878578895dc56e382b5a031eb7813ffb7c3"", ""spec_closure_hash"": ""sha256:9f8a3bbf1bd4ac8229960d9ea59887842a0fbe1e5573c2dbaf9965044e91636d"", ""head"": ""1c9f5621e4e09f891d597fa7edcea970a3d434dc"", ""evidence_date"": ""2026-09-12"", ""current_code_replay_claim"": false}",SAVED_SEC_ORIGINAL_NATIVE_DEVELOPMENT_RESULT,SAVED_ORIGINAL_SEC_SOURCE_NO_NEW_ACQUISITION,"{""path"": ""docs/evidence/issue28_continuous/completed-v14-batch-340/summary.json"", ""selector"": ""jpmorgan_chase/A02""}",False,False,Current affected-path evidence and unified update/release acceptance; no blanket rerun claim
jpmorgan_chase,A03,NUMERIC_RESULT,EXACT,APPLICABLE,1.11,ratio,PASS,"{""fiscal_year"": 2025, ""period_start"": ""2025-10-01"", ""period_end"": ""2025-12-31""}","{""run_id"": ""run:ordinary-integrated:9cc58241fbbcf9451ad3d4d360fd45b0c3fda30699619b85061b5a35a861b308"", ""result_id"": ""sha256:414052e6c1a0f5ff1a46ea4bc6f37bdc8c2a307d2d01715ae13823dc673173b7"", ""spec_closure_hash"": ""sha256:99ff7afa51744213038acd97d91f0d62d641a1090f96fa85d860708579d64601"", ""head"": ""1c9f5621e4e09f891d597fa7edcea970a3d434dc"", ""evidence_date"": ""2026-09-12"", ""current_code_replay_claim"": false}",SAVED_SEC_ORIGINAL_NATIVE_DEVELOPMENT_RESULT,SAVED_ORIGINAL_SEC_SOURCE_NO_NEW_ACQUISITION,"{""path"": ""docs/evidence/issue28_continuous/completed-v14-batch-340/summary.json"", ""selector"": ""jpmorgan_chase/A03""}",False,False,Current affected-path evidence and unified update/release acceptance; no blanket rerun claim
jpmorgan_chase,A04,NUMERIC_RESULT,EXACT,APPLICABLE,0.025,ratio,PASS,"{""fiscal_year"": 2025, ""period_start"": ""2025-01-01"", ""period_end"": ""2025-12-31""}","{""run_id"": ""run:ordinary-integrated:442bc3f3402b2e5ebcd71451bb1d3594ebc83e8fc19a27a539c174d092a0e8f4"", ""result_id"": ""sha256:7665c600bf5ab70102240981d7df0d0ae38d7253785c255aa553b80aef80d8eb"", ""spec_closure_hash"": ""sha256:bf1f13bb535f9b2004629af329532e19d87362d41606540da719b789229e9282"", ""head"": ""1c9f5621e4e09f891d597fa7edcea970a3d434dc"", ""evidence_date"": ""2026-09-12"", ""current_code_replay_claim"": false}",SAVED_SEC_ORIGINAL_NATIVE_DEVELOPMENT_RESULT,SAVED_ORIGINAL_SEC_SOURCE_NO_NEW_ACQUISITION,"{""path"": ""docs/evidence/issue28_continuous/completed-v14-batch-340/summary.json"", ""selector"": ""jpmorgan_chase/A04""}",False,False,Current affected-path evidence and unified update/release acceptance; no blanket rerun claim
jpmorgan_chase,A05,NUMERIC_RESULT,EXACT,APPLICABLE,0.01353819078340816975991354239,ratio,PASS,"{""fiscal_year"": 2025, ""period_start"": ""2025-01-01"", ""period_end"": ""2025-12-31""}","{""run_id"": ""run:ordinary-integrated:43d5f9f40ea4ba4ad9105cd672d65b470b2152d3f649e9d9496fbc44efac9051"", ""result_id"": ""sha256:f8f2a182897cd8ab4dd3f0ad16c399fc8ba259cc4c1706ff4db59e76ffd68639"", ""spec_closure_hash"": ""sha256:e0ecf50b6a31a389933921d927ba00ca640b5b49002526cb537afa70be1e7ca3"", ""requirement_closure_hash"": ""sha256:fc6de0fa5027a4c98dba805db0dc4bde6ed65973b1e0098ec8160a50c8637a18""}",SAVED_SEC_ORIGINAL_NATIVE_DEVELOPMENT_RESULT,VERIFIED_SEC_ACQUISITION,"{""path"": ""docs/evidence/issue28_continuous/ordinary-document-identity/restored-coordinates.json"", ""selector"": ""jpmorgan_chase/A05"", ""archive"": ""ordinary-document-identity/material.tar.gz"", ""coordinate_member"": ""live-restored-jpm-native/coordinates/jpmorgan_chase-A05.json"", ""run_records"": ""live-restored-jpm-native/runs/jpmorgan_chase/A05/records.jsonl"", ""run_manifest"": ""live-restored-jpm-native/runs/jpmorgan_chase/A05/manifest.json""}",False,False,Current affected-path evidence and unified update/release acceptance; no blanket rerun claim
jpmorgan_chase,A06,NUMERIC_RESULT,EXACT,APPLICABLE,0.1613357541615054383791763528,ratio,PASS,"{""fiscal_year"": 2025, ""period_start"": ""2025-01-01"", ""period_end"": ""2025-12-31""}","{""run_id"": ""run:ordinary-integrated:9e523315f741dac8c53acd36dd75a6fc0f165011033e9dd06b6d266a1bd883aa"", ""result_id"": ""sha256:972b2069f35f7d2543913f95f3112384d3436b04c25cf54f67b8dcb547168085"", ""spec_closure_hash"": ""sha256:db527edadcca6b1b16a6442dd42972c51ec1b9a45b54e3faf636387980327ee2"", ""requirement_closure_hash"": ""sha256:fc6de0fa5027a4c98dba805db0dc4bde6ed65973b1e0098ec8160a50c8637a18""}",SAVED_SEC_ORIGINAL_NATIVE_DEVELOPMENT_RESULT,VERIFIED_SEC_ACQUISITION,"{""path"": ""docs/evidence/issue28_continuous/ordinary-document-identity/restored-coordinates.json"", ""selector"": ""jpmorgan_chase/A06"", ""archive"": ""ordinary-document-identity/material.tar.gz"", ""coordinate_member"": ""live-restored-jpm-native/coordinates/jpmorgan_chase-A06.json"", ""run_records"": ""live-restored-jpm-native/runs/jpmorgan_chase/A06/records.jsonl"", ""run_manifest"": ""live-restored-jpm-native/runs/jpmorgan_chase/A06/manifest.json""}",False,False,Current affected-path evidence and unified update/release acceptance; no blanket rerun claim
jpmorgan_chase,A07,NUMERIC_RESULT,EXACT,APPLICABLE,-1423000000,USD,PASS,"{""fiscal_year"": 2025, ""period_start"": ""2025-01-01"", ""period_end"": ""2025-12-31""}","{""run_id"": ""run:ordinary-integrated:cc964913e53be62ab8cc4e8848bac2b5783e24fae430965f5cfbca33f56b617f"", ""result_id"": ""sha256:bd65b8e73fc4fa182c47fefcd2b734f50a4e4451b28ca40f4a499bb55564f950"", ""spec_closure_hash"": ""sha256:3735428ca12d51893ed0b3e20a9563cb95cf7f90b4bcef3b2bcec9a947893b50"", ""requirement_closure_hash"": ""sha256:fc6de0fa5027a4c98dba805db0dc4bde6ed65973b1e0098ec8160a50c8637a18""}",SAVED_SEC_ORIGINAL_NATIVE_DEVELOPMENT_RESULT,VERIFIED_SEC_ACQUISITION,"{""path"": ""docs/evidence/issue28_continuous/ordinary-document-identity/restored-coordinates.json"", ""selector"": ""jpmorgan_chase/A07"", ""archive"": ""ordinary-document-identity/material.tar.gz"", ""coordinate_member"": ""live-restored-jpm-native/coordinates/jpmorgan_chase-A07.json"", ""run_records"": ""live-restored-jpm-native/runs/jpmorgan_chase/A07/records.jsonl"", ""run_manifest"": ""live-restored-jpm-native/runs/jpmorgan_chase/A07/manifest.json""}",False,False,Current affected-path evidence and unified update/release acceptance; no blanket rerun claim
jpmorgan_chase,A08,NUMERIC_RESULT,EXACT,APPLICABLE,0.9115807340506899405928145595,ratio,PASS,"{""fiscal_year"": 2025, ""period_start"": ""2025-01-01"", ""period_end"": ""2025-12-31""}","{""run_id"": ""run:ordinary-integrated:c2b59f8c4fd87fe58531bd2346498b9ae01b9c04868b7659684c5a7b23611135"", ""result_id"": ""sha256:270e95d22c056e1ac0f674cbf491b4bd07e344e0cbacddaa72b7714703f9ac64"", ""spec_closure_hash"": ""sha256:7e4658f2194d7a47cb8f7db5ff517ffc1eda25bc02db87b548cf6cfea0d2b65c"", ""head"": ""1c9f5621e4e09f891d597fa7edcea970a3d434dc"", ""evidence_date"": ""2026-09-12"", ""current_code_replay_claim"": false}",SAVED_SEC_ORIGINAL_NATIVE_DEVELOPMENT_RESULT,SAVED_ORIGINAL_SEC_SOURCE_NO_NEW_ACQUISITION,"{""path"": ""docs/evidence/issue28_continuous/completed-v14-batch-340/summary.json"", ""selector"": ""jpmorgan_chase/A08""}",False,False,Current affected-path evidence and unified update/release acceptance; no blanket rerun claim
jpmorgan_chase,A09,NUMERIC_RESULT,EXACT,APPLICABLE,0.0066,ratio,PASS,"{""fiscal_year"": 2025, ""period_start"": ""2025-12-31"", ""period_end"": ""2025-12-31""}","{""run_id"": ""run:ordinary-integrated:bbb9679806bb89a134dc4381433950f85256305b84c59b3111b5869b95b3c881"", ""result_id"": ""sha256:4fc0a25c75387c44e29a980f81e83600a5e3f15834ad32ce4e6b1a731dfb5205"", ""spec_closure_hash"": ""sha256:aaafb1f1c5a4318007074875776ccc6f92edffe5a78d610a729f0a46775b7dd4"", ""head"": ""1c9f5621e4e09f891d597fa7edcea970a3d434dc"", ""evidence_date"": ""2026-09-12"", ""current_code_replay_claim"": false}",SAVED_SEC_ORIGINAL_NATIVE_DEVELOPMENT_RESULT,SAVED_ORIGINAL_SEC_SOURCE_NO_NEW_ACQUISITION,"{""path"": ""docs/evidence/issue28_continuous/completed-v14-batch-340/summary.json"", ""selector"": ""jpmorgan_chase/A09""}",False,False,Current affected-path evidence and unified update/release acceptance; no blanket rerun claim
jpmorgan_chase,A10,NUMERIC_RESULT,EXACT,APPLICABLE,0.01828725144704575539159843992,ratio,PASS,"{""fiscal_year"": 2025, ""period_start"": ""2025-12-31"", ""period_end"": ""2025-12-31""}","{""run_id"": ""run:ordinary-integrated:a8d5c8b114b6b7904f505ac6a363a1d84f84b9f00eaddcbf92df82caa062f887"", ""result_id"": ""sha256:2a936246c02a9e3a75a087a38835555fc018ed0f3230839e90c4ef4bf042d4bf"", ""spec_closure_hash"": ""sha256:f8a5d6747d7e4d250993643766b19b83ab12f39ddbe3b0e9e341fe00cf5c5ffb"", ""head"": ""1c9f5621e4e09f891d597fa7edcea970a3d434dc"", ""evidence_date"": ""2026-09-12"", ""current_code_replay_claim"": false}",SAVED_SEC_ORIGINAL_NATIVE_DEVELOPMENT_RESULT,SAVED_ORIGINAL_SEC_SOURCE_NO_NEW_ACQUISITION,"{""path"": ""docs/evidence/issue28_continuous/completed-v14-batch-340/summary.json"", ""selector"": ""jpmorgan_chase/A10""}",False,False,Current affected-path evidence and unified update/release acceptance; no blanket rerun claim
jpmorgan_chase,A11,NUMERIC_RESULT,EXACT,APPLICABLE,4791000000000,USD,PASS,"{""fiscal_year"": 2025, ""period_start"": ""2025-12-31"", ""period_end"": ""2025-12-31""}","{""run_id"": ""run:ordinary-integrated:ae6fa00037dd6596124784be8c2cade031f2cd43b20d342cb88e93039f1ab2ad"", ""result_id"": ""sha256:cfa36940a86782a672a583c9319c222ef9c99b9f0081e83ff6f966eb750e9103"", ""spec_closure_hash"": ""sha256:87645fa1422b2ac635a9383b5b30d40091d45a819a3789d8415c1ed00dbc234b"", ""head"": ""1c9f5621e4e09f891d597fa7edcea970a3d434dc"", ""evidence_date"": ""2026-09-12"", ""current_code_replay_claim"": false}",SAVED_SEC_ORIGINAL_NATIVE_DEVELOPMENT_RESULT,SAVED_ORIGINAL_SEC_SOURCE_NO_NEW_ACQUISITION,"{""path"": ""docs/evidence/issue28_continuous/completed-v14-batch-340/summary.json"", ""selector"": ""jpmorgan_chase/A11""}",False,False,Current affected-path evidence and unified update/release acceptance; no blanket rerun claim
jpmorgan_chase,A12,NUMERIC_RESULT,EXACT,APPLICABLE,40000000,USD,PASS,"{""fiscal_year"": 2025, ""period_start"": ""2025-01-01"", ""period_end"": ""2025-12-31""}","{""run_id"": ""run:ordinary-integrated:8e448a5e5119a154bb01cc3f29ad048ae2cdae029f49d81a909c57b0e841cec9"", ""result_id"": ""sha256:5cb6093a18b27174448eadd1927196622aa049097286a157d89b32e062336cf1"", ""spec_closure_hash"": ""sha256:338264b583c2d2458cb3f73d060e1a42fa9d90a20e51be961394fc27ae62b213"", ""head"": ""1c9f5621e4e09f891d597fa7edcea970a3d434dc"", ""evidence_date"": ""2026-09-12"", ""current_code_replay_claim"": false}",SAVED_SEC_ORIGINAL_NATIVE_DEVELOPMENT_RESULT,SAVED_ORIGINAL_SEC_SOURCE_NO_NEW_ACQUISITION,"{""path"": ""docs/evidence/issue28_continuous/completed-v14-batch-340/summary.json"", ""selector"": ""jpmorgan_chase/A12""}",False,False,Current affected-path evidence and unified update/release acceptance; no blanket rerun claim
jpmorgan_chase,A13,NUMERIC_RESULT,EXACT,APPLICABLE,42758000000,USD,PASS,"{""fiscal_year"": 2025, ""period_start"": ""2025-01-01"", ""period_end"": ""2025-12-31""}","{""run_id"": ""run:ordinary-integrated:673e53418b4b35742587cf7eb8f8219825450f02da1fd2f22f3677e80d15546d"", ""result_id"": ""sha256:c44e83db5ce88168004cb89a76652d424f83e38cc94405fb9bbe5375d8ca0d8f"", ""spec_closure_hash"": ""sha256:94699b6e1c2c5d8f8e5b048007c5f863416fb4072489b274929dd4ae03716b09"", ""head"": ""1c9f5621e4e09f891d597fa7edcea970a3d434dc"", ""evidence_date"": ""2026-09-12"", ""current_code_replay_claim"": false}",SAVED_SEC_ORIGINAL_NATIVE_DEVELOPMENT_RESULT,SAVED_ORIGINAL_SEC_SOURCE_NO_NEW_ACQUISITION,"{""path"": ""docs/evidence/issue28_continuous/completed-v14-batch-340/summary.json"", ""selector"": ""jpmorgan_chase/A13""}",False,False,Current affected-path evidence and unified update/release acceptance; no blanket rerun claim
jpmorgan_chase,B01,STRUCTURAL_NOT_APPLICABLE,NONE,N_A_STRUCTURAL,,,TRAIT_NOT_APPLICABLE,"{""fiscal_year"": 2025, ""period_start"": ""2025-01-01"", ""period_end"": ""2025-12-31""}","{""run_id"": ""run:ordinary-integrated:ad262ab0c7f01a8df7e66ccee80a22c300c59a4603c9fec80c853468ca2b3261"", ""result_id"": ""sha256:acda5475f270d4888d1c9d38b8e5b869adafc3317e2da05f6c9048c9fcfa5de1"", ""spec_closure_hash"": ""sha256:300424426d0397ce04f6ce6f6df3a2e12259904060d31e47d8664df6e5f3d8f8"", ""head"": ""1c9f5621e4e09f891d597fa7edcea970a3d434dc"", ""evidence_date"": ""2026-09-12"", ""current_code_replay_claim"": false}",SAVED_SEC_ORIGINAL_NATIVE_DEVELOPMENT_RESULT,SAVED_ORIGINAL_SEC_SOURCE_NO_NEW_ACQUISITION,"{""path"": ""docs/evidence/issue28_continuous/completed-v14-batch-340/summary.json"", ""selector"": ""jpmorgan_chase/B01""}",False,False,Current affected-path evidence and unified update/release acceptance; no blanket rerun claim
jpmorgan_chase,B02,STRUCTURAL_NOT_APPLICABLE,NONE,N_A_STRUCTURAL,,,TRAIT_NOT_APPLICABLE,"{""fiscal_year"": 2025, ""period_start"": ""2025-01-01"", ""period_end"": ""2025-12-31""}","{""run_id"": ""run:ordinary-integrated:312f85886abba9683a74d1490d555cec921a6780c8e355583c42a31fd4f31f12"", ""result_id"": ""sha256:e6251d33bd7e2f6a31db9bf53eda28c2b6feafedbdd5eea76403aee115a3dbf1"", ""spec_closure_hash"": ""sha256:7f569259f31e7d0bd237ca8ba6bc368cbf55d47453f86915c4cf8e0638868a76"", ""head"": ""1c9f5621e4e09f891d597fa7edcea970a3d434dc"", ""evidence_date"": ""2026-09-12"", ""current_code_replay_claim"": false}",SAVED_SEC_ORIGINAL_NATIVE_DEVELOPMENT_RESULT,SAVED_ORIGINAL_SEC_SOURCE_NO_NEW_ACQUISITION,"{""path"": ""docs/evidence/issue28_continuous/completed-v14-batch-340/summary.json"", ""selector"": ""jpmorgan_chase/B02""}",False,False,Current affected-path evidence and unified update/release acceptance; no blanket rerun claim
jpmorgan_chase,B03,STRUCTURAL_NOT_APPLICABLE,NONE,N_A_STRUCTURAL,,,TRAIT_NOT_APPLICABLE,"{""fiscal_year"": 2025, ""period_start"": ""2025-01-01"", ""period_end"": ""2025-12-31""}","{""run_id"": ""run:ordinary-integrated:34031e40fb876f635b98e422ade48459ad8a40ac7178e5900e74db7280e28ae5"", ""result_id"": ""sha256:d9e2eb8fa5e51152d021c21f11b05a820db98693b6e08a1cea3b6034b0aba988"", ""spec_closure_hash"": ""sha256:706e541ffaf0e1d2cc091b56a635485a2145e70f40f86a401fa2e2c5b0a471e5"", ""head"": ""1c9f5621e4e09f891d597fa7edcea970a3d434dc"", ""evidence_date"": ""2026-09-12"", ""current_code_replay_claim"": false}",SAVED_SEC_ORIGINAL_NATIVE_DEVELOPMENT_RESULT,SAVED_ORIGINAL_SEC_SOURCE_NO_NEW_ACQUISITION,"{""path"": ""docs/evidence/issue28_continuous/completed-v14-batch-340/summary.json"", ""selector"": ""jpmorgan_chase/B03""}",False,False,Current affected-path evidence and unified update/release acceptance; no blanket rerun claim
jpmorgan_chase,B04,STRUCTURAL_NOT_APPLICABLE,NONE,N_A_STRUCTURAL,,,TRAIT_NOT_APPLICABLE,"{""fiscal_year"": 2025, ""period_start"": ""2025-01-01"", ""period_end"": ""2025-12-31""}","{""run_id"": ""run:ordinary-integrated:d5928c1a05c1f1478107418c0db3b0cdc3853898ebf516fb94fc908f0c0e63b7"", ""result_id"": ""sha256:8c66ba702c8c2c418b194830d21e423c41424746567e9d1e068b0247483546ab"", ""spec_closure_hash"": ""sha256:22b0fe3ad2841f90450d503cd628fe65207ae1777968156abc13c4ee28ffb3e2"", ""head"": ""1c9f5621e4e09f891d597fa7edcea970a3d434dc"", ""evidence_date"": ""2026-09-12"", ""current_code_replay_claim"": false}",SAVED_SEC_ORIGINAL_NATIVE_DEVELOPMENT_RESULT,SAVED_ORIGINAL_SEC_SOURCE_NO_NEW_ACQUISITION,"{""path"": ""docs/evidence/issue28_continuous/completed-v14-batch-340/summary.json"", ""selector"": ""jpmorgan_chase/B04""}",False,False,Current affected-path evidence and unified update/release acceptance; no blanket rerun claim
jpmorgan_chase,B05,STRUCTURAL_NOT_APPLICABLE,NONE,N_A_STRUCTURAL,,,TRAIT_NOT_APPLICABLE,"{""fiscal_year"": 2025, ""period_start"": ""2025-01-01"", ""period_end"": ""2025-12-31""}","{""run_id"": ""run:ordinary-integrated:525d67646230a9340723c6623a12bc18271f8d6104b451304d909dc2cbcfb33b"", ""result_id"": ""sha256:47b7f51b2d214d15c494673f5c52223a5d4b1e5368206622703104c4365778f7"", ""spec_closure_hash"": ""sha256:7fc421991b42d822b96675ac584b32e0af843a34923a90cb316cc13386debdae"", ""head"": ""1c9f5621e4e09f891d597fa7edcea970a3d434dc"", ""evidence_date"": ""2026-09-12"", ""current_code_replay_claim"": false}",SAVED_SEC_ORIGINAL_NATIVE_DEVELOPMENT_RESULT,SAVED_ORIGINAL_SEC_SOURCE_NO_NEW_ACQUISITION,"{""path"": ""docs/evidence/issue28_continuous/completed-v14-batch-340/summary.json"", ""selector"": ""jpmorgan_chase/B05""}",False,False,Current affected-path evidence and unified update/release acceptance; no blanket rerun claim
jpmorgan_chase,B06,IMPLEMENTATION_OR_SOURCE_PROOF_UNRESOLVED,NONE,APPLICABLE,,,B06_SOURCE_RELATIONSHIP_UNRESOLVED,"{""fiscal_year"": 2025, ""period_start"": ""2025-12-31"", ""period_end"": ""2025-12-31""}","{""run_id"": ""run:ordinary-integrated:7035e132a0b0bbe2b61e778071aa6a19a40e30b99abc26dd162516818aef3ec6"", ""result_id"": ""sha256:3b0bb5720c9f0fb6f0229baa5423cbb437c6bdc8b13655bc29364736ca3f4095"", ""spec_closure_hash"": ""sha256:0361bf99806d1cbcc24464360acf16db20d98bafced81c5aa45fdfefe765dce1"", ""requirement_closure_hash"": ""sha256:b9d1614716d407ab32cd1c07e75e2351becd1a1af2ce739e70ff84748d410501""}",SAVED_SEC_ORIGINAL_NATIVE_DEVELOPMENT_RESULT,VERIFIED_SEC_ACQUISITION,"{""path"": ""docs/evidence/issue28_continuous/ordinary-special-debt-scope/scoped-coordinates.json"", ""selector"": ""jpmorgan_chase/B06"", ""archive"": ""ordinary-special-debt-scope/material.tar.gz"", ""coordinate_member"": ""special-debt-native-final/coordinates/jpmorgan_chase-B06.json"", ""run_records"": ""special-debt-native-final/runs/jpmorgan_chase/B06/records.jsonl"", ""run_manifest"": ""special-debt-native-final/runs/jpmorgan_chase/B06/manifest.json""}",False,False,Distinguish actual source ambiguity from unsupported implementation through complete bounded source proof; no coordinate completion credit from refusal
jpmorgan_chase,B07,STRUCTURAL_NOT_APPLICABLE,NONE,N_A_STRUCTURAL,,,TRAIT_NOT_APPLICABLE,"{""fiscal_year"": 2025, ""period_start"": ""2025-01-01"", ""period_end"": ""2025-12-31""}","{""run_id"": ""run:ordinary-integrated:548d896118a96afeb90a4161c8f0b527ff8bd8db742ef166e3f2db8f00c1a8de"", ""result_id"": ""sha256:3cb5450a371a5e7d02dc5dfc2737f87e99b2a3977d105eb25a868c725e37bdab"", ""spec_closure_hash"": ""sha256:0eb533e576d3bbcb418812e362d9e377373f83c76dd9bfa62ecb41d49475bb78"", ""head"": ""1c9f5621e4e09f891d597fa7edcea970a3d434dc"", ""evidence_date"": ""2026-09-12"", ""current_code_replay_claim"": false}",SAVED_SEC_ORIGINAL_NATIVE_DEVELOPMENT_RESULT,SAVED_ORIGINAL_SEC_SOURCE_NO_NEW_ACQUISITION,"{""path"": ""docs/evidence/issue28_continuous/completed-v14-batch-340/summary.json"", ""selector"": ""jpmorgan_chase/B07""}",False,False,Current affected-path evidence and unified update/release acceptance; no blanket rerun claim
jpmorgan_chase,B08,STRUCTURAL_NOT_APPLICABLE,NONE,N_A_STRUCTURAL,,,TRAIT_NOT_APPLICABLE,"{""fiscal_year"": 2025, ""period_start"": ""2025-12-31"", ""period_end"": ""2025-12-31""}","{""run_id"": ""run:ordinary-integrated:8fab319f278b1263c2aa1531ab47494fa8f682c92e85241164d283b1831e6be0"", ""result_id"": ""sha256:e9afd66def86016a72fea8cb72e67e94c1b2d5a0283627ad27338655cd749a84"", ""spec_closure_hash"": ""sha256:5c803b9c8f773c348d4279249eeb56b603221e55938f39cba7801b3d77a517b6"", ""head"": ""1c9f5621e4e09f891d597fa7edcea970a3d434dc"", ""evidence_date"": ""2026-09-12"", ""current_code_replay_claim"": false}",SAVED_SEC_ORIGINAL_NATIVE_DEVELOPMENT_RESULT,SAVED_ORIGINAL_SEC_SOURCE_NO_NEW_ACQUISITION,"{""path"": ""docs/evidence/issue28_continuous/completed-v14-batch-340/summary.json"", ""selector"": ""jpmorgan_chase/B08""}",False,False,Current affected-path evidence and unified update/release acceptance; no blanket rerun claim
jpmorgan_chase,B09,STRUCTURAL_NOT_APPLICABLE,NONE,N_A_STRUCTURAL,,,TRAIT_NOT_APPLICABLE,"{""fiscal_year"": 2025, ""period_start"": ""2025-12-31"", ""period_end"": ""2025-12-31""}","{""run_id"": ""run:ordinary-integrated:57a3fa9aae7a37c0e8053793ef95319e9bcebbc30b01955cdd97a5f6aa75d156"", ""result_id"": ""sha256:1f06fc5abf3f09647c6738a9402f62cd69090b908fd97a2403a5d7e165167dde"", ""spec_closure_hash"": ""sha256:25be3c461b082e4b74950c85e39b093568b807aa22c500370579f697f9381b3f"", ""head"": ""1c9f5621e4e09f891d597fa7edcea970a3d434dc"", ""evidence_date"": ""2026-09-12"", ""current_code_replay_claim"": false}",SAVED_SEC_ORIGINAL_NATIVE_DEVELOPMENT_RESULT,SAVED_ORIGINAL_SEC_SOURCE_NO_NEW_ACQUISITION,"{""path"": ""docs/evidence/issue28_continuous/completed-v14-batch-340/summary.json"", ""selector"": ""jpmorgan_chase/B09""}",False,False,Current affected-path evidence and unified update/release acceptance; no blanket rerun claim
jpmorgan_chase,B10,STRUCTURAL_NOT_APPLICABLE,NONE,N_A_STRUCTURAL,,,TRAIT_NOT_APPLICABLE,"{""fiscal_year"": 2025, ""period_start"": ""2025-01-01"", ""period_end"": ""2025-12-31""}","{""run_id"": ""run:ordinary-integrated:4004c91d997cd927e2bc6ee2c1b341f0fb317b2e54bba17b8b7111ba4ad69018"", ""result_id"": ""sha256:599f7a74f0927d19c25033b08694e2ed8673fe4f7b2c57db71b3edc4197130b5"", ""spec_closure_hash"": ""sha256:5bb9522e676f369b08e13280ce67c59fe86104836295afa91bf9b882f80ed74a"", ""requirement_closure_hash"": ""sha256:8f38c1458f3af391a63d89c82c2662bac5e5d6e99cdf7307f60bd242bdf66de3""}",SAVED_SEC_ORIGINAL_NATIVE_DEVELOPMENT_RESULT,SAVED_ORIGINAL_SEC_SOURCE_NO_NEW_ACQUISITION,"{""path"": ""docs/evidence/issue28_continuous/ordinary-lodging/ten-company-before-role-move/summary.json"", ""selector"": ""jpmorgan_chase/B10""}",False,False,Current affected-path evidence and unified update/release acceptance; no blanket rerun claim
jpmorgan_chase,B11,STRUCTURAL_NOT_APPLICABLE,NONE,N_A_STRUCTURAL,,,TRAIT_NOT_APPLICABLE,"{""fiscal_year"": 2025, ""period_start"": ""2025-01-01"", ""period_end"": ""2025-12-31""}","{""run_id"": ""run:ordinary-integrated:edd51680521324a83881dd6917a5c7f94bac209d3e8e14ee92fc6b6d5eb5cf93"", ""result_id"": ""sha256:a29fe58f3297a5c150e4601495036ea762480a5b46dcda34da9a237d9f496aec"", ""spec_closure_hash"": ""sha256:80ff12eb5ddb0f431450465c42ece9d7488ea8455af5021c933583c3833d1dd0"", ""requirement_closure_hash"": ""sha256:8f38c1458f3af391a63d89c82c2662bac5e5d6e99cdf7307f60bd242bdf66de3""}",SAVED_SEC_ORIGINAL_NATIVE_DEVELOPMENT_RESULT,SAVED_ORIGINAL_SEC_SOURCE_NO_NEW_ACQUISITION,"{""path"": ""docs/evidence/issue28_continuous/ordinary-lodging/ten-company-before-role-move/summary.json"", ""selector"": ""jpmorgan_chase/B11""}",False,False,Current affected-path evidence and unified update/release acceptance; no blanket rerun claim
jpmorgan_chase,B12,STRUCTURAL_NOT_APPLICABLE,NONE,N_A_STRUCTURAL,,,TRAIT_NOT_APPLICABLE,"{""fiscal_year"": 2025, ""period_start"": ""2025-12-31"", ""period_end"": ""2025-12-31""}","{""run_id"": ""run:ordinary-integrated:b64121443ce936c2ecf1755b82fae592bd1fdcf00a5c348b93064a3cccbc4f4d"", ""result_id"": ""sha256:1dc3e1e705e11fedfe8b9da871f27453ff04ec8c42ae31045520af3497f2263c"", ""spec_closure_hash"": ""sha256:267b9c81c20295935d3e400903dc41bf2e3e52f87de37cd8ec9d193245320267"", ""head"": ""1c9f5621e4e09f891d597fa7edcea970a3d434dc"", ""evidence_date"": ""2026-09-12"", ""current_code_replay_claim"": false}",SAVED_SEC_ORIGINAL_NATIVE_DEVELOPMENT_RESULT,SAVED_ORIGINAL_SEC_SOURCE_NO_NEW_ACQUISITION,"{""path"": ""docs/evidence/issue28_continuous/completed-v14-batch-340/summary.json"", ""selector"": ""jpmorgan_chase/B12""}",False,False,Current affected-path evidence and unified update/release acceptance; no blanket rerun claim
jpmorgan_chase,B13,STRUCTURAL_NOT_APPLICABLE,NONE,N_A_STRUCTURAL,,,TRAIT_NOT_APPLICABLE,"{""fiscal_year"": 2025, ""period_start"": ""2025-01-01"", ""period_end"": ""2025-12-31""}","{""run_id"": ""run:ordinary-integrated:bb6047e16e1c1c415c95982efcb7b496dd57f7e497b033597df1c3226ac6c278"", ""result_id"": ""sha256:c49050f9f9f2de8be39764f3e154d8941d4c4391aa391cb71a279552b558355c"", ""spec_closure_hash"": ""sha256:7271dcbbc3bf761af1ec5dc130c6fdbc6528822a33bf11f98a3c0f2021f4fefb"", ""requirement_closure_hash"": ""sha256:4e6105c99e3d1741cbf72d9a4c0e71ee175740e6f3de6dc4c40a149b990ac95d""}",SAVED_SEC_ORIGINAL_NATIVE_DEVELOPMENT_RESULT,SAVED_ORIGINAL_SEC_SOURCE_NO_NEW_ACQUISITION,"{""path"": ""docs/evidence/issue28_continuous/b13-content-guards/structural-summary.json"", ""selector"": ""jpmorgan_chase/B13"", ""archive"": ""b13-content-guards/native-material.tar.gz"", ""run_records"": ""structural-3/jpmorgan_chase/run/records.jsonl"", ""run_manifest"": ""structural-3/jpmorgan_chase/run/manifest.json""}",False,False,Current affected-path evidence and unified update/release acceptance; no blanket rerun claim
jpmorgan_chase,C01,NUMERIC_RESULT,EXACT,APPLICABLE,3,count,PASS,"{""fiscal_year"": 2025, ""period_start"": ""2025-01-01"", ""period_end"": ""2025-12-31""}","{""run_id"": ""run:ordinary-integrated:2d2de3e031f04dae75feddb7450d1eef90f65cadee7d9b414667f8b04cdebdf8"", ""result_id"": ""sha256:0250970aac275a12baa1c24c1769d6e97156ac7b26bd75b5aa9310662205d4d3"", ""spec_closure_hash"": ""sha256:87a93dec6cb267aa2a6549a8ce060757267b9db8680662970f4959a040990ced"", ""requirement_closure_hash"": ""sha256:b9d1614716d407ab32cd1c07e75e2351becd1a1af2ce739e70ff84748d410501""}",SAVED_SEC_ORIGINAL_NATIVE_DEVELOPMENT_RESULT,VERIFIED_SEC_ACQUISITION,"{""path"": ""docs/evidence/issue28_continuous/ordinary-history-identities/restored-and-regression-coordinates.json"", ""selector"": ""jpmorgan_chase/C01"", ""archive"": ""ordinary-history-identities/material.tar.gz"", ""coordinate_member"": ""live-jpm-governance-events-first/coordinates/jpmorgan_chase-C01.json"", ""run_records"": ""live-jpm-governance-events-first/runs/jpmorgan_chase/C01/records.jsonl"", ""run_manifest"": ""live-jpm-governance-events-first/runs/jpmorgan_chase/C01/manifest.json""}",False,False,Current affected-path evidence and unified update/release acceptance; no blanket rerun claim
jpmorgan_chase,C02,TEXT_RESULT,EXACT,APPLICABLE,"We are proud of the Board’s strong culture—one that values independence, constructive interaction with management, and diversity of thought. Our independent directors meet separately at every regular Board meeting, allowing for candid discussion and effective oversight. Our directors bring a wide range of qualifications, backgrounds, perspectives, and tenure, and we regularly review and refresh committee assignments to best leverage these strengths. Earlier this year, we made several committee changes based on these factors: Ginni Rometty now serves as Chair of the Corporate Governance & Nominating Committee (""CGNC""), Alex Gorsky and Michele Buck have joined CGNC, and Brad Smith and Alicia Boler Davis have joined the Public Responsibility Committee.
The Board of Directors has nominated the 11 individuals listed below. All are independent other than our CEO. If elected at the annual meeting, all nominees are expected to serve until next year’s annual meeting.
2Principal standing committees
Our Board of Directors has nominated 11 directors, who, if elected by shareholders at our annual meeting, will be expected to serve until next year’s annual meeting.
•A significant portion of Board oversight responsibilities of key issues is carried out by the principal standing committees, which consist solely of independent Board members
Directors are expected to attend our annual meetings. All 12 directors serving on our Board at the time of the 2025 annual meeting attended last year's meeting.
•Public Company Governance: Broad governance expertise through public company board service and as former Chair of the Business Roundtable’s Corporate Governance Committee
•Worldwide Chairman of the Surgical Care Group and the Medical Devices and Diagnostics Group and member of the Executive Committee (2009)
•Former Member and Chair of the Corporate Governance Committee, Business Roundtable
To be considered independent, a director must have no disqualifying relationships, as defined by the NYSE, and the Board must have affirmatively determined that he or she has no material relationships with JPMorganChase, either directly or as a partner, shareholder or officer of another organization that has a relationship with the Firm.
In assessing the materiality of relationships with the Firm, the Board considers relevant facts and circumstances. Given the nature and broad scope of the products and services provided by the Firm, there are from time to time ordinary course of business transactions between the Firm and a director, his or her immediate family members, or principal business affiliations. These may include, among other relationships: extensions of credit; provision of other financial and financial advisory products and services; business transactions for property or services; and charitable contributions made by the JPMorgan Chase Foundation or the Firm to a nonprofit organization of which a director is an officer. The Board reviews these relationships to assess their materiality and determine if any such relationship would impair the independence and judgment of the relevant director. The Board considered:
The Board, having reviewed the relevant relationships between the Firm and each non-management director, determined, in accordance with the NYSE’s listing standards and the Firm’s independence standards, that each non-management director (Linda B. Bammann, Michele G. Buck, Stephen B. Burke, Alicia Boler Davis, Alex Gorsky, Mellody Hobson, Phebe N. Novakovic, Virginia M. Rometty, Brad D. Smith, and Mark A. Weinberger) had only immaterial relationships with JPMorganChase and accordingly is independent. Todd A. Combs, who resigned from the Board in December 2025, had only immaterial relationships with JPMorganChase while a member of the Board and accordingly, was an independent director during the term of his service. In 2026, Mr. Combs was hired by the Firm and additional information is provided on page 35.
All directors who served on the Audit and Compensation & Management Development Committees of the Board were also determined to meet the additional independence and qualitative criteria of the NYSE listing standards applicable to directors serving on those committees. For more information about the committees of the Board, see pages 23-26.
The Governance Committee oversees the ongoing evaluation of candidates for Board membership and the candidate nomination process.
The potential nominee meets with the Governance Committee, Lead Independent Director, Chair of the Board, other members of the Board and senior management, as appropriate.
The Governance Committee is engaged in an ongoing recruitment process designed to build a strong pipeline of prospective directors for the near and long term. This includes candidates who are not available for board membership immediately but may become available in the future, such as candidates whose current professional commitments preclude board service and emerging leaders who require more experience. Often the Board works to develop a relationship with prospective candidates, becoming familiar with their skills and effectiveness, before the candidate is formally considered. The Board looks to recruit those who will contribute individually, and it seeks to balance skills, experience, personal attributes and tenure. All candidates recommended to the Governance Committee are evaluated based on the same standards outlined above.
The Board’s leadership structure is designed to promote Board effectiveness and to appropriately allocate authority and responsibility between the Board and management. Based on consideration of the factors described on page 22, our Board has determined that combining the roles of Chair and CEO is the most effective leadership structure for the Board at this time. The Board believes the present structure provides the Firm and the Board with strong leadership, appropriate independent oversight of management, continuity of experience that complements ongoing Board refreshment, and the ability to clearly communicate the Firm’s business and strategy to shareholders, clients, employees, regulators and the public.
In March 2026, the independent directors conducted their annual review of the Board’s leadership structure. This review was conducted first by the Governance Committee, which considered the factors on page 22, the Firm’s governance practices, which include executive sessions of independent directors as part of each regularly scheduled Board meeting and the directors’ frequent and open interactions with senior management, and the effectiveness of the Lead Independent Director role. Following its review, the Governance Committee recommended that the Board continue its current leadership structure and that Stephen B. Burke be re-appointed as Lead Independent Director. The independent directors of the Board then conducted their own review, again taking into account the factors on page 22, the Governance Committee’s recommendation and Mr. Burke’s strong performance in the Lead Independent Director role over the course of the prior year, and determined to maintain the current leadership structure with Mr. Burke serving as Lead Independent Director.
standing committees
A significant portion of our Board’s oversight responsibilities is carried out through its five independent, principal standing committees: Audit Committee, CMDC, Governance Committee, Public Responsibility Committee (“PRC”) and Risk Committee. Allocating responsibilities among committees allows more in-depth attention devoted to the Board’s oversight of the business and affairs of the Firm.
The Board has determined each member of the Audit Committee (Michele G. Buck, Alex Gorsky, Phebe N. Novakovic and Mark A. Weinberger) to be an audit committee financial expert in accordance with the definition established by the SEC, and that Ms. Bammann, the chair of the Risk Committee, has experience in identifying, assessing and managing risk exposures of large, complex financial firms in accordance with rules issued by the Board of Governors of the Federal Reserve System (“Federal Reserve”).
Key oversight responsibilities of the principal standing committees of the Board
Other standing committees
The Board has two additional standing committees:
The Board may establish additional standing committees as needed.
Audit and Risk Committee chair retainer30,000
The Board may periodically ask directors to serve on one or more specific purpose committees or other committees that are not one of the Board’s principal standing committees or to serve on the board of directors of a subsidiary of the Firm. Any compensation for such service is included in the “2025 Director compensation table” on the next page.
As stated in the Governance Principles, each director retains all shares of the Firm’s common stock he or she purchased on the open market or received pursuant to his or her service as a Board member for as long as he or she serves on our Board absent any exceptions discussed by the Governance Committee. In addition, shares held personally by a director may not be held in margin accounts or otherwise pledged as collateral, nor may the economic risk of such shares be hedged. Further information on the Firm’s “Anti-hedging/anti-pledging provisions” can be found on page 50.
After becoming aware of any transaction which may be subject to the Related Persons Policy, the director or executive officer involved in such transaction is required to report all relevant facts with respect to the transaction to the General Counsel of the Firm. Upon determination by the General Counsel that a transaction requires review under the Related Persons Policy, the material facts of the transaction and the related person’s interest in the transaction are provided to the Governance Committee. The transaction is then reviewed by the disinterested members of the Governance Committee, who determine whether approval or ratification of the transaction shall be granted. In reviewing a transaction, the Governance Committee considers facts and circumstances that it deems relevant to its determination, such as management’s assessment of the commercial reasonableness of the transaction; the materiality of the related person’s direct or indirect interest in the transaction; whether the transaction may involve an actual, or the appearance of, a conflict of interest; and, if the transaction involves a director, the impact of the transaction on the director’s independence.
The members of the CMDC are listed on page 25. No member of the CMDC is or ever was a JPMorganChase officer or employee, other than Linda B. Bammann, who previously served as an officer of JPMorganChase 15 years before joining the CMDC and 8 years before joining the Board. No JPMorganChase executive officer is, or was during 2025, a member of the board of directors or compensation committee (or other committee serving an equivalent function) of another company that has, or had during 2025, an executive officer serving as a member of our Board or the CMDC. All of the members of the CMDC, and/or some of their immediate family members and affiliated entities, were customers of, or had transactions with or involving, JPMorganChase or our banking or other subsidiaries in the ordinary course of business during 2025. Additional transactions may be expected to take place in the future. Any outstanding loans to the directors serving on the CMDC and their immediate family members and affiliated entities, and any transactions involving other financial products and services provided by the Firm to such persons and entities, were made in accordance with the standards stated above for transactions with directors, executive officers and 5% shareholders.
In determining Mr. Dimon’s compensation, independent members of the Board considered his exemplary leadership and achievements across the Firm’s four broad performance dimensions.
The members of the Audit Committee and the Board believe that continued retention of PwC as the Firm’s independent external auditor is in the best interests of JPMorganChase and its shareholders. PwC and its predecessors have acted as our independent registered public accounting firm since 1965. The Board believes the Firm receives significant benefits from the extensive history PwC has with the Firm. These benefits include:
In accordance with SEC rules and PwC policies, audit engagement partners are subject to rotation requirements to limit the number of consecutive years of service an individual partner may provide audit services to the Firm. The lead audit engagement partner may provide services to our Firm for a maximum of five consecutive years. As a result of these rotation requirements, a new lead audit engagement partner was selected commencing with the 2026 audit engagement and is expected to serve in this capacity through the end of the 2030 audit. Management considered feedback from the Audit Committee Chair in selecting the new lead audit engagement partner.
Pre-approved services to be performed by PwC with estimated costs in excess of a set threshold are approved by the Chair of the Audit Committee and other pre-approved services are delegated to the Firmwide Controller’s office.
The Audit Committee of the Board of Directors of JPMorganChase is comprised of four non-management directors. The Board has determined that each member of our committee has no material relationship with the Firm under the Board’s director independence standards and that each member is independent under the listing standards of the NYSE, where the Firm’s securities are listed, and under the SEC’s standards relating to the independence of audit committees. The Board has also determined that each member is financially literate and is an audit committee financial expert as defined by the SEC.
Management is responsible for the Firm’s internal control over financial reporting, the financial reporting process and JPMorganChase’s Consolidated Financial Statements. PwC is responsible for performing an independent audit of JPMorganChase’s Consolidated Financial Statements and of the effectiveness of internal control over financial reporting in accordance with auditing standards promulgated by the PCAOB. The Firm’s Internal Audit function, under the direction of the General Auditor, is independent of the Firm’s businesses and the Independent Risk Management function. Internal Audit reports directly to the Audit Committee (and administratively to the Firm’s CEO) and is responsible for preparing an annual audit plan and conducting internal audits intended to independently test and evaluate the Firm’s governance, risk management and internal controls. The members of the Audit Committee are not professionally engaged in the practice of accounting or auditing; as noted above, the Audit Committee’s responsibility is to monitor and oversee these processes.
The Audit Committee regularly meets and holds discussions with the Firm’s management, internal auditors and with PwC, and also holds private sessions with the General Auditor and with PwC, without members of management present. These discussions include issues encountered during the audit, the Firm’s quarterly earnings materials, and Quarterly and Annual Reports on Form 10-Q and Form 10-K, respectively, prior to filing with the SEC; as well as actions the Audit Committee has taken during the prior year.
The Governance Principles, Code of Conduct, Code of Ethics for Finance Professionals, Business Principles, the Political Engagement and Public Policy Statement, Sustainability Report, the By-laws and the charters of our principal standing committees are posted on our website at jpmorganchase.com. These documents will also be made available to any shareholder who requests them by writing to the Secretary at corporate.secretary@jpmchase.com, or Office of the Secretary, JPMorgan Chase & Co., 270 Park Avenue, New York, New York 10017.
The Firm’s By-laws provide for a right of proxy access. This By-law enables shareholders, under specified conditions, to include their nominees for election as directors in the Firm’s proxy statement. Under By-law Section 1.10, a shareholder (or group of up to 20 shareholders) who has continuously owned at least 3% of the Firm’s outstanding shares for at least three consecutive years may nominate up to 20% of the Board (but in any event at least two directors) and have such nominee(s) included in the Firm’s proxy statement, if the shareholder(s) and the nominee(s) satisfy the applicable requirements set forth in the Firm’s By-laws.",text,PASS,"{""fiscal_year"": 2025, ""period_start"": ""2025-01-01"", ""period_end"": ""2025-12-31""}","{""run_id"": ""run:ordinary-integrated:f5525c123ee549e5ccb638c9e3dfa322254498899522104fb6a1dd969debe08d"", ""result_id"": ""sha256:5f6ec648144fa842c833b3a46cb390d9d5e46f67854083bb5ace3c0adf708400"", ""spec_closure_hash"": ""sha256:fe99c55991a9f0d86cf31bcd8b009347dbe9b41ba7547a0fab1cc14ffb67cc41"", ""head"": ""1c9f5621e4e09f891d597fa7edcea970a3d434dc"", ""evidence_date"": ""2026-09-12"", ""current_code_replay_claim"": false}",SAVED_SEC_ORIGINAL_NATIVE_DEVELOPMENT_RESULT,SAVED_ORIGINAL_SEC_SOURCE_NO_NEW_ACQUISITION,"{""path"": ""docs/evidence/issue28_continuous/completed-v14-batch-340/summary.json"", ""selector"": ""jpmorgan_chase/C02""}",False,False,Current affected-path evidence and unified update/release acceptance; no blanket rerun claim
jpmorgan_chase,C03,NUMERIC_RESULT,EXACT,APPLICABLE,40632724,USD,PASS,"{""fiscal_year"": 2025, ""period_start"": ""2025-01-01"", ""period_end"": ""2025-12-31""}","{""run_id"": ""run:ordinary-integrated:0238647d8828482605b1eee176ce61c8c98be2f6bfd28e05c47d2c9f955ec2f6"", ""result_id"": ""sha256:0b02a59dd20ee970f9f4fc667ebe4821254f402dfbdcb71cecd307fa6820fc63"", ""spec_closure_hash"": ""sha256:47d1a8148805ad612674bd1b6b6ce11e1845791336b63f79f35d96598de9b772"", ""head"": ""1c9f5621e4e09f891d597fa7edcea970a3d434dc"", ""evidence_date"": ""2026-09-12"", ""current_code_replay_claim"": false}",SAVED_SEC_ORIGINAL_NATIVE_DEVELOPMENT_RESULT,SAVED_ORIGINAL_SEC_SOURCE_NO_NEW_ACQUISITION,"{""path"": ""docs/evidence/issue28_continuous/completed-v14-batch-340/summary.json"", ""selector"": ""jpmorgan_chase/C03""}",False,False,Current affected-path evidence and unified update/release acceptance; no blanket rerun claim
jpmorgan_chase,C04,NUMERIC_RESULT,EXACT,APPLICABLE,0,flag,PASS,"{""fiscal_year"": 2025, ""period_start"": ""2025-01-01"", ""period_end"": ""2025-12-31""}","{""run_id"": ""run:ordinary-integrated:99aefdf9b50bd0c7de6c1b1f48ce0c867c5beb93e842a7bfda08045ee01d9ec7"", ""result_id"": ""sha256:890ae65c835e31bed6598e05a76030a6aab79b7ce0f98ec648b28985d914e8db"", ""spec_closure_hash"": ""sha256:e85274fbab94d7e316ca58710a41a00e3197688cdaff68d6c064470c17bd8f1d"", ""requirement_closure_hash"": ""sha256:0acc91d0bad45660d98feadecc3842eb697dcdef7fcf17c1ae513f6bd13a79dd""}",SAVED_SEC_ORIGINAL_NATIVE_DEVELOPMENT_RESULT,VERIFIED_SEC_ACQUISITION,"{""path"": ""docs/evidence/issue28_continuous/ordinary-history-identities/restored-and-regression-coordinates.json"", ""selector"": ""jpmorgan_chase/C04"", ""archive"": ""ordinary-history-identities/material.tar.gz"", ""coordinate_member"": ""history-identity-native-final/coordinates/jpmorgan_chase-C04.json"", ""run_records"": ""history-identity-native-final/runs/jpmorgan_chase/C04/records.jsonl"", ""run_manifest"": ""history-identity-native-final/runs/jpmorgan_chase/C04/manifest.json""}",False,False,Current affected-path evidence and unified update/release acceptance; no blanket rerun claim
jpmorgan_chase,D01,TEXT_RESULT,EXACT,APPLICABLE,"Summary
Legal and Regulatory
JPMorganChase’s businesses are highly regulated and are significantly affected by applicable law and supervisory expectations.
Differences in the supervision and regulation of financial services firms could require JPMorganChase to modify its operations and incur higher operational and compliance costs.
JPMorganChase faces significant legal risks from civil and governmental proceedings, including litigation, investigations and enforcement actions.
Resolving an investigation by a governmental authority could subject JPMorganChase to significant penalties and other repercussions.
JPMorganChase’s compliance risk and operating costs could be higher in jurisdictions with less predictable legal, regulatory and judicial frameworks.
JPMorganChase's business and operations could be negatively affected by governmental policies that discourage or penalize doing business with certain industries or that require specific business practices.
Changes in the requirements for the regulatory evaluation of JPMorganChase’s resolution plan could increase its funding or operational costs or require restructuring or curtailment of its businesses.
Holders of JPMorgan Chase & Co.’s debt and equity securities will absorb losses if it were to enter into a resolution.
Political
JPMorganChase’s businesses could be negatively affected by economic uncertainty resulting from political and geopolitical developments.
Market
Adverse economic and market events and conditions could negatively affect JPMorganChase’s results of operations and investment and market-making positions.
JPMorganChase’s consumer businesses could be negatively affected by adverse economic conditions and adverse impacts of governmental policies.
Unfavorable market and economic conditions could adversely affect JPMorganChase’s wholesale businesses.
Changes in interest rates and credit spreads could adversely affect JPMorganChase’s earnings or its liquidity and capital levels.
JPMorganChase’s results could be materially affected by market fluctuations and significant changes in the valuation of financial instruments.
Credit
JPMorganChase could be negatively affected by adverse changes in the financial condition of clients, counterparties, CCPs and other market participants.
JPMorganChase could suffer losses if the value of collateral declines.
JPMorganChase could incur significant losses arising from concentrations of credit and market risk.
Liquidity
JPMorganChase’s ability to operate its businesses could be impaired if its liquidity is constrained.
JPMorgan Chase & Co. is a holding company and depends on its subsidiaries for funding to make payments on its outstanding securities.
JPMorganChase’s liquidity and cost of funding could be adversely affected by downgrades in its credit ratings.
Capital
JPMorganChase’s ability to distribute capital to shareholders, and to support its business activities could be limited if it does not satisfy applicable regulatory capital requirements.
Operational
JPMorganChase’s businesses could be adversely affected by the failure or disruption of operational systems on which they depend.
JPMorganChase’s interconnectedness with clients, customers and other external parties could be a source of significant operational risk.
A successful cyber attack could cause significant harm to JPMorganChase and its clients and customers.
JPMorganChase’s businesses could be adversely affected if it fails to identify and address operational risks associated with the introduction of or changes to products, services, delivery platforms or technologies.
JPMorganChase’s business and operations rely on appropriate staffing and on the competence, trustworthiness, health and safety of employees.
JPMorganChase faces substantial legal and operational risks related to the processing and safeguarding of personal information.
JPMorganChase’s operations, results and reputation could be harmed by occurrences of extraordinary events beyond its control.
Any failure to maintain adequate data management processes could adversely affect JPMorganChase’s ability to effectively manage its businesses, comply with applicable law or make informed business decisions.
Enhanced regulatory and other standards for the oversight of JPMorganChase’s vendors and other service providers could result in higher costs and other potential exposures.
JPMorganChase could incur losses arising from any significant inadequacy or lapse in its risk management framework and control environment.
JPMorganChase could recognize unexpected losses, its capital levels could be reduced and it could face greater regulatory scrutiny if its models, estimations or judgments, including those used in its financial statements, are inadequate or incorrect.
A significant inadequacy in disclosure or financial reporting controls could negatively affect JPMorganChase’s business, operations and reputation.
Strategic
JPMorganChase’s results or competitive standing could suffer if its management fails to develop and execute effective business strategies and to anticipate changes affecting those strategies.
Competition in the financial services industry could lead to negative effects on JPMorganChase’s results of operations.
JPMorganChase’s operations, results, and competitive standing could be adversely affected by the development of advanced technologies such as AI.
The effects of climate change could adversely affect JPMorganChase’s business and operations, both directly and as a result of impacts on its clients and customers.
Conduct
Conduct failure by JPMorganChase employees could trigger litigation and regulatory actions and harm JPMorganChase’s reputation.
Reputation
Damage to JPMorganChase’s reputation could negatively affect its business, results and prospects.
Failure to effectively manage potential conflicts of interest or to satisfy fiduciary obligations could result in litigation and enforcement actions and cause reputational harm.
Country
An outbreak or escalation of hostilities between countries or within a country or region could have a material adverse effect on the global economy and on JPMorganChase’s businesses within the affected region or globally.
JPMorganChase’s business and operations in certain countries could be adversely affected by local economic, political, regulatory and social factors.
People
Various factors could impact JPMorganChase’s workforce.
Parts I and II",text,PASS,"{""fiscal_year"": 2025, ""period_start"": ""2025-01-01"", ""period_end"": ""2025-12-31""}","{""run_id"": ""run:ordinary-integrated:3071d32523af1c760801547f66eb0e54de575f770817a2e8263230088cc6e581"", ""result_id"": ""sha256:994427388d20f9ee0aef09c080a0e1f5b8420fcb5f4fd276a6489734193c1242"", ""spec_closure_hash"": ""sha256:2cf616ccdb70214edf453184505f984279be5cfa9fd0b966993eeb70b767b400"", ""head"": ""1c9f5621e4e09f891d597fa7edcea970a3d434dc"", ""evidence_date"": ""2026-09-12"", ""current_code_replay_claim"": false}",SAVED_SEC_ORIGINAL_NATIVE_DEVELOPMENT_RESULT,SAVED_ORIGINAL_SEC_SOURCE_NO_NEW_ACQUISITION,"{""path"": ""docs/evidence/issue28_continuous/completed-v14-batch-340/summary.json"", ""selector"": ""jpmorgan_chase/D01""}",False,False,Current affected-path evidence and unified update/release acceptance; no blanket rerun claim
jpmorgan_chase,D02,TEXT_RESULT,EXACT,APPLICABLE,"Refer to Note 30 for a description of the Firm’s material legal proceedings.
Note 30 – Litigation
Contingencies
As of December 31, 2025, the Firm and its subsidiaries and affiliates are defendants or respondents in numerous evolving legal proceedings, including private proceedings, public proceedings, government investigations, regulatory enforcement matters, and the matters described below. These range from individual actions involving a single plaintiff to class action lawsuits with potentially millions of class members. Investigations and regulatory enforcement matters involve both formal and informal proceedings, by both governmental agencies and self-regulatory organizations. These legal proceedings are at varying stages of adjudication, arbitration or investigation, and involve each of the Firm’s lines of business in several geographies and varied claims (including common law tort and contract claims and statutory antitrust, securities and consumer protection claims), some of which present novel legal theories.
The Firm estimates the aggregate range of reasonably possible losses, in excess of reserves established, for its legal proceedings is from $0 to approximately $1.2 billion at December 31, 2025. This estimated aggregate range of reasonably possible losses was based upon information available as of that date for those proceedings in which the Firm believes that an estimate of reasonably possible loss can be made. For certain matters, the Firm does not believe that such an estimate can be made, as of that date. The Firm’s estimate of the aggregate range of reasonably possible losses involves significant judgment, given:
•the number, variety and varying stages of the proceedings, including the fact that many are in preliminary stages,
•the existence in many such proceedings of multiple defendants, including the Firm, whose share of liability (if any) has yet to be determined,
•the numerous yet-unresolved issues in many of the proceedings, including issues regarding class certification and the scope of many of the claims, and
•the uncertainty of the various potential outcomes of such proceedings, including where the Firm has made assumptions concerning future rulings by the court or other adjudicator, or about the behavior or incentives of adverse parties or regulatory authorities, and those assumptions later prove to be incorrect.
In addition, the outcome of a particular proceeding may be a result that the Firm did not take into account in its estimate because the Firm had deemed the likelihood of that outcome to be remote. Accordingly, the Firm’s estimate of the aggregate range of
reasonably possible losses will change from time to time, and actual losses may vary significantly.
Set forth below are descriptions of the Firm’s material legal proceedings.
Amrapali. India’s Enforcement Directorate (“ED”) is investigating J.P. Morgan India Private Limited in connection with investments made in 2010 and 2012 by two offshore funds formerly managed by JPMorganChase entities into residential housing projects developed by the Amrapali Group (“Amrapali”) relating to delays in delivering or failure to deliver residential units. In July 2019, the Supreme Court of India issued an order making preliminary findings that Amrapali and other parties, including unspecified JPMorganChase entities, violated certain criminal currency control and money laundering provisions, and ordered the ED to conduct a further inquiry. The Firm is cooperating with the inquiry. In addition, in August 2021, the ED issued an order fining J.P. Morgan India Private Limited approximately $31.5 million, which the Firm is appealing.
Fair Access to Banking. In August 2025, the President of the United States issued an Executive Order entitled “Guaranteeing Fair Banking for All Americans” that addressed access to financial services and directed several actions by certain federal agencies, including a review and revision of their internal policies and manuals. JPMorganChase is responding to requests from government authorities and other external parties regarding, among other things, the Firm’s policies and processes and the provision of services to customers and potential customers. Certain of these matters are at various stages, including reviews, investigations, and legal proceedings, including a civil lawsuit filed in January 2026 in Florida state court by President Donald J. Trump, in his personal capacity, and several affiliated corporate entities, against JPMorgan Chase Bank, N.A. and its CEO.
Foreign Exchange Investigations and Litigation. The Firm previously reported settlements with certain government authorities relating to its foreign exchange (“FX”) sales and trading activities and controls related to those activities. Among those resolutions, in May 2015, the Firm pleaded guilty to a single violation of federal antitrust law. The Department of Labor (""DOL"") granted the Firm exemptions that permit the Firm and its affiliates to continue to rely on the Qualified Professional Asset Manager exemption under the Employee Retirement Income Security Act (“ERISA”) through the ten-year disqualification period, which began in January 2017. The only remaining FX-related governmental inquiry is a South Africa Competition Commission matter which
JPMorgan Chase & Co./2025 Form 10-K
is currently pending before the South Africa Competition Tribunal.
With respect to civil litigation matters, some FX-related individual and putative class actions filed outside the U.S., including in the U.K., Israel, the Netherlands and Brazil remain. In December 2025, the U.K. Supreme Court confirmed the initial decision of the Competition Appeal Tribunal, which denied a request for class certification on an opt-out basis. In Israel, a settlement in principle has been reached on the putative class action, which remains subject to court approval.
Interchange Litigation. Groups of merchants and retail associations filed a series of class action complaints alleging that Visa and Mastercard, as well as certain banks, conspired to set the price of credit and debit card interchange fees and enacted related rules in violation of antitrust laws.
In September 2018, the parties settled the class action seeking monetary relief. A separate class action seeking injunctive relief continues. In June 2024, the District Court for the Eastern District of New York denied preliminary approval of a settlement of the injunctive class action in which Visa and Mastercard agreed to certain changes to their respective network rules and system-wide reductions in interchange rates for U.S.-based merchants. In November 2025, the parties to that settlement reached a superseding and amended class settlement and submitted the agreement to the District Court for its approval.
Of the merchants who opted out of the damages class settlement, certain merchants filed individual actions raising similar allegations against Visa and Mastercard, as well as against the Firm and other banks. The defendants have reached settlements with the merchants who opted out representing over 90% of the combined Mastercard-branded and Visa-branded payment card sales volume. The remaining opt out actions are pending. A number of these actions are pending in the United States District Court for the Southern District of New York, and that court has scheduled a trial of the claims brought by several merchants to begin in April 2026.
LIBOR and Other Benchmark Rate Investigations and Litigation. JPMorganChase has responded to inquiries from various governmental agencies and entities around the world relating primarily to the British Bankers Association’s (“BBA”) London Interbank Offered Rate (“LIBOR”) for various currencies and the European Banking Federation’s Euro Interbank Offered Rate (“EURIBOR”). The Firm appealed a December 2016 decision by the European Commission against the Firm and other banks finding an infringement of European antitrust rules relating to EURIBOR. In December 2023, the European General Court annulled the fine imposed by the European
Commission, but exercised its discretion to re-impose a fine in an identical amount. In March 2024, the Firm filed an appeal of this decision with the Court of Justice of the European Union, which held a hearing in January 2026 and reserved judgment.
In addition, the Firm was named as a defendant along with other banks in various individual and putative class actions related to benchmark rates, including U.S. dollar LIBOR. In September 2025, the United States District Court for the Southern District of New York granted summary judgment in favor of the defendants on all remaining claims related to U.S. dollar LIBOR, decertified the class, and dismissed all claims in their entirety with prejudice to refiling. Plaintiffs have filed an appeal.
Russian Litigation. The Firm is obligated to comply with international sanctions laws, which mandate the blocking of certain assets. These laws apply when assets associated with individuals, companies, products or services are within the scope of the sanctions. The Firm has faced actual and threatened litigation in Russia seeking payments that the Firm cannot make under, and is contractually excused from paying as a result of, relevant sanctions laws. In claims involving the Firm and claims filed against other financial institutions, Russian courts have disregarded the parties’ contractual agreements concerning forum selection and did not recognize foreign sanctions laws as a basis for not making payment. Russian courts have entered judgment against the Firm in a number of claims. This includes one claim for $439 million, for which the courts have stayed the enforcement of the judgment against the Firm's unprotected assets in Russia pending the outcome of an appeal, and a judgment for another claim has been executed against assets held onshore by the Firm in Russia. The total amount of the judgments exceeds the total amount of available assets that the Firm holds in Russia. Russian courts have allowed plaintiffs to withhold dividends due to the Firm’s clients for the purpose of satisfying judgments, which the Firm is opposing as unlawful. The Firm continues to appeal the Russian courts' decisions, but certain judgments are now enforceable against Firm assets in Russia. Russian courts have also ordered interim freezes of Firm assets in Russia (including, among other things, funds in bank accounts, securities, shares in authorized capital, and certain trademarks, of the named defendants) pending a determination of certain underlying claims against the Firm. The Firm has challenged claims being pursued in the Russian courts and related freeze orders in other jurisdictions provided for by the parties’ contractual forum selections. If further claims are enforced despite the actions taken by the Firm to challenge the claims and orders and to seek the proper application of law, the Firm’s assets in Russia could be seized in full, and certain client assets could
JPMorgan Chase & Co./2025 Form 10-K
Notes to consolidated financial statements
also be seized, or the Firm could be prevented from complying with its obligations.
Shareholder Litigation. A shareholder derivative action purporting to act on behalf of the Firm is pending in the United States District Court for the Eastern District of New York against the Firm, its Board of Directors and certain of its current and former officers relating to historical trading practices by former employees in the precious metals and U.S. treasuries markets and related conduct which were the subject of the Firm’s resolutions with the DOJ, CFTC and SEC in September 2020. Defendants have moved to dismiss the complaint.
In addition to the various legal proceedings discussed above, JPMorganChase and its subsidiaries are named as defendants or are otherwise involved in a substantial number of other legal proceedings. The Firm believes it has meritorious defenses to the claims asserted against it in its currently outstanding legal proceedings and it intends to defend itself vigorously. Additional legal proceedings may be initiated from time to time in the future.
The Firm has established reserves for several hundred of its currently outstanding legal proceedings. Under U.S. GAAP for contingencies, the Firm accrues for a litigation-related liability when it is probable that such a liability has been incurred and the amount of the loss can be reasonably estimated. The Firm evaluates its outstanding legal proceedings each quarter to assess its litigation reserves, and makes adjustments in such reserves, upward or downward, as appropriate, based on management’s best judgment after consultation with counsel. The Firm’s legal expense was $361 million, $740 million and $1.4 billion for the years ended December 31, 2025, 2024 and 2023, respectively. There is no assurance that the Firm’s litigation reserves will not need to be adjusted in the future.
In view of the inherent difficulty of predicting the outcome of legal proceedings, particularly where the claimants seek very large or indeterminate damages, or where the matters present novel legal theories, involve a large number of parties or are in early stages of discovery, the Firm cannot state with confidence what will be the eventual outcomes of the currently pending matters, the timing of their ultimate resolution or the eventual losses, fines, penalties or consequences related to those matters. JPMorganChase believes, based upon its current knowledge and after consultation with counsel, consideration of the material legal proceedings described above and after taking into account its current litigation reserves and its estimated aggregate range of possible losses, that the other legal proceedings currently pending against it should not
have a material adverse effect on the Firm’s consolidated financial condition. The Firm notes, however, that in light of the uncertainties involved in such proceedings, there is no assurance that the ultimate resolution of these matters will not significantly exceed the reserves it has currently accrued or that a matter will not have material reputational consequences. As a result, the outcome of a particular matter may be material to JPMorganChase’s operating results for a particular period, depending on, among other factors, the size of the loss or liability imposed and the level of JPMorganChase’s income for that period.
JPMorgan Chase & Co./2025 Form 10-K",text,PASS,"{""fiscal_year"": 2025, ""period_start"": ""2025-01-01"", ""period_end"": ""2025-12-31""}","{""run_id"": ""run:ordinary-integrated:d2c6edc8a6f5b1489f0ade8b7741f860b200d313ff9b6170a69eefd441cb01be"", ""result_id"": ""sha256:3c7230d0dae3e7e7cb91ae748f2904f84f9df00bb741cb3382f1b395e377cd59"", ""spec_closure_hash"": ""sha256:d0e1a602d16c329087fef7fcf9d5378fe6dbc451ccc8fb8124d219e412e76214"", ""head"": ""1c9f5621e4e09f891d597fa7edcea970a3d434dc"", ""evidence_date"": ""2026-09-12"", ""current_code_replay_claim"": false}",SAVED_SEC_ORIGINAL_NATIVE_DEVELOPMENT_RESULT,SAVED_ORIGINAL_SEC_SOURCE_NO_NEW_ACQUISITION,"{""path"": ""docs/evidence/issue28_continuous/completed-v14-batch-340/summary.json"", ""selector"": ""jpmorgan_chase/D02""}",False,False,Current affected-path evidence and unified update/release acceptance; no blanket rerun claim
jpmorgan_chase,D03,VALIDATION_OR_IMPLEMENTATION_PENDING,,APPLICABLE,,,D03_NATIVE_RESULT_ROUTE_AND_REAL_VALIDATION_PENDING,"{""fiscal_year"": 2025, ""period_start"": ""2025-01-01"", ""period_end"": ""2025-12-31""}","{""source_id"": ""sha256:e528535fbcae2c73a155f89c5e776105527a993fbd3663fbfe1005f21d3e122f"", ""request_context_format"": ""deepseek-v41-two-message-json-chat-1"", ""implementation_files"": ""docs/evidence/issue28_continuous/request-context-counting/implementation-files.json""}",SOURCE_PREPARATION_WITH_SEPARATE_RECORDED_OR_SYNTHETIC_DEVELOPMENT_EVIDENCE,SEE_ORIGINAL_SOURCE_PROOFS_NO_MODEL_RESULT_CREDIT,"{""path"": ""docs/evidence/issue28_continuous/request-context-counting/grouped-census.json"", ""selector"": ""jpmorgan_chase/D03""}",False,False,Complete current source-dependent native response/Review/Run validation; retain partials and failures at original scope
jpmorgan_chase,D04,VALIDATION_OR_IMPLEMENTATION_PENDING,,APPLICABLE,,,D04_COMPLETE_CURRENT_REAL_VALIDATION_PENDING,"{""fiscal_year"": 2025, ""period_start"": ""2025-01-01"", ""period_end"": ""2025-12-31""}","{""source_id"": ""sha256:361042e8224d3184e647269208128e5ce5047ea128f790399bd6fb045165babe"", ""request_context_format"": ""deepseek-v41-two-message-json-chat-1"", ""implementation_files"": ""docs/evidence/issue28_continuous/request-context-counting/implementation-files.json""}",SOURCE_PREPARATION_WITH_SEPARATE_RECORDED_OR_SYNTHETIC_DEVELOPMENT_EVIDENCE,SEE_ORIGINAL_SOURCE_PROOFS_NO_MODEL_RESULT_CREDIT,"{""path"": ""docs/evidence/issue28_continuous/request-context-counting/grouped-census.json"", ""selector"": ""jpmorgan_chase/D04""}",False,False,Complete current source-dependent native response/Review/Run validation; retain partials and failures at original scope
jpmorgan_chase,E01,NUMERIC_RESULT,EXACT,APPLICABLE,0,count,PASS,"{""fiscal_year"": 2025, ""period_start"": ""2025-01-01"", ""period_end"": ""2025-12-31""}","{""run_id"": ""run:ordinary-integrated:794cb14ed20daad241aca6c6fba5c194a03476e20bc205cd79c82d4e95bc9f79"", ""result_id"": ""sha256:c2cba910bc6e389a3476ecc964d994ec83834dfb12d7283b4d3f7014394994e9"", ""spec_closure_hash"": ""sha256:7d5864cc3a591b5f0a3b903c4cadcaeb0782dcb60bfe2f75b744cef8f8364ccb"", ""requirement_closure_hash"": ""sha256:b9d1614716d407ab32cd1c07e75e2351becd1a1af2ce739e70ff84748d410501""}",SAVED_SEC_ORIGINAL_NATIVE_DEVELOPMENT_RESULT,VERIFIED_SEC_ACQUISITION,"{""path"": ""docs/evidence/issue28_continuous/ordinary-history-identities/restored-and-regression-coordinates.json"", ""selector"": ""jpmorgan_chase/E01"", ""archive"": ""ordinary-history-identities/material.tar.gz"", ""coordinate_member"": ""live-jpm-governance-events-first/coordinates/jpmorgan_chase-E01.json"", ""run_records"": ""live-jpm-governance-events-first/runs/jpmorgan_chase/E01/records.jsonl"", ""run_manifest"": ""live-jpm-governance-events-first/runs/jpmorgan_chase/E01/manifest.json""}",False,False,Current affected-path evidence and unified update/release acceptance; no blanket rerun claim
jpmorgan_chase,E02,NUMERIC_RESULT,EXACT,APPLICABLE,0,count,PASS,"{""fiscal_year"": 2025, ""period_start"": ""2025-01-01"", ""period_end"": ""2025-12-31""}","{""run_id"": ""run:ordinary-integrated:735027edbd8e52d33de9a66baa152cab2084222c3c4f14f6f0d6cb4eaf75c7dd"", ""result_id"": ""sha256:344c949ae117a3d11582865093e57573bca583032471260ff1bb46078c25e7c2"", ""spec_closure_hash"": ""sha256:2225c56a35257b1ccf88dd4532f450dc264095fcbf4bcfa095a7a8f801e88465"", ""requirement_closure_hash"": ""sha256:b9d1614716d407ab32cd1c07e75e2351becd1a1af2ce739e70ff84748d410501""}",SAVED_SEC_ORIGINAL_NATIVE_DEVELOPMENT_RESULT,VERIFIED_SEC_ACQUISITION,"{""path"": ""docs/evidence/issue28_continuous/ordinary-history-identities/restored-and-regression-coordinates.json"", ""selector"": ""jpmorgan_chase/E02"", ""archive"": ""ordinary-history-identities/material.tar.gz"", ""coordinate_member"": ""live-jpm-governance-events-first/coordinates/jpmorgan_chase-E02.json"", ""run_records"": ""live-jpm-governance-events-first/runs/jpmorgan_chase/E02/records.jsonl"", ""run_manifest"": ""live-jpm-governance-events-first/runs/jpmorgan_chase/E02/manifest.json""}",False,False,Current affected-path evidence and unified update/release acceptance; no blanket rerun claim
jpmorgan_chase,E03,NUMERIC_RESULT,EXACT,APPLICABLE,3,count,PASS,"{""fiscal_year"": 2025, ""period_start"": ""2025-01-01"", ""period_end"": ""2025-12-31""}","{""run_id"": ""run:ordinary-integrated:c153d3f606d447c5623df20658bdb87fa2ff11db89b3917fc544cfbc5c420dcc"", ""result_id"": ""sha256:538d7949bcb266ae324d743c489cde02aca4d14f584fbaf7e4a7686d1a5c7a9d"", ""spec_closure_hash"": ""sha256:6a53aad18d3a406b16f08c8ddf337cafca865d9ed3843044ae47fcfef17a74a7"", ""requirement_closure_hash"": ""sha256:b9d1614716d407ab32cd1c07e75e2351becd1a1af2ce739e70ff84748d410501""}",SAVED_SEC_ORIGINAL_NATIVE_DEVELOPMENT_RESULT,VERIFIED_SEC_ACQUISITION,"{""path"": ""docs/evidence/issue28_continuous/ordinary-history-identities/restored-and-regression-coordinates.json"", ""selector"": ""jpmorgan_chase/E03"", ""archive"": ""ordinary-history-identities/material.tar.gz"", ""coordinate_member"": ""live-jpm-governance-events-first/coordinates/jpmorgan_chase-E03.json"", ""run_records"": ""live-jpm-governance-events-first/runs/jpmorgan_chase/E03/records.jsonl"", ""run_manifest"": ""live-jpm-governance-events-first/runs/jpmorgan_chase/E03/manifest.json""}",False,False,Current affected-path evidence and unified update/release acceptance; no blanket rerun claim
jpmorgan_chase,E04,NUMERIC_RESULT,EXACT,APPLICABLE,0,count,PASS,"{""fiscal_year"": 2025, ""period_start"": ""2025-01-01"", ""period_end"": ""2025-12-31""}","{""run_id"": ""run:ordinary-integrated:74e15d2d1c7ecf3598f14866a05aac129066bf7d76f59e8ad505176816814fcd"", ""result_id"": ""sha256:9d876d539a9b76356f4cdb30014836ad4801510baf609899e59573e9c3106774"", ""spec_closure_hash"": ""sha256:034565b73fcf2d88fcff21e36b9fcc5a7ce604c7e09bb8d8d6ab940e5d56b24d"", ""requirement_closure_hash"": ""sha256:b9d1614716d407ab32cd1c07e75e2351becd1a1af2ce739e70ff84748d410501""}",SAVED_SEC_ORIGINAL_NATIVE_DEVELOPMENT_RESULT,VERIFIED_SEC_ACQUISITION,"{""path"": ""docs/evidence/issue28_continuous/ordinary-history-identities/restored-and-regression-coordinates.json"", ""selector"": ""jpmorgan_chase/E04"", ""archive"": ""ordinary-history-identities/material.tar.gz"", ""coordinate_member"": ""live-jpm-governance-events-first/coordinates/jpmorgan_chase-E04.json"", ""run_records"": ""live-jpm-governance-events-first/runs/jpmorgan_chase/E04/records.jsonl"", ""run_manifest"": ""live-jpm-governance-events-first/runs/jpmorgan_chase/E04/manifest.json""}",False,False,Current affected-path evidence and unified update/release acceptance; no blanket rerun claim
jpmorgan_chase,E05,NUMERIC_RESULT,EXACT,APPLICABLE,0,count,PASS,"{""fiscal_year"": 2025, ""period_start"": ""2025-01-01"", ""period_end"": ""2025-12-31""}","{""run_id"": ""run:ordinary-integrated:9b3787e15f14ecb6d126da4fe608ab0bfe9fe446c3f53025105041086ac0f18c"", ""result_id"": ""sha256:145edabdfa990a351be60b2b9238525a98537e55a96d3b255d7df862c1fd761d"", ""spec_closure_hash"": ""sha256:7f09c9630d318106f98f33d82b7914b583b8db6aef5bebc019b50b82c6f54cfd"", ""requirement_closure_hash"": ""sha256:b9d1614716d407ab32cd1c07e75e2351becd1a1af2ce739e70ff84748d410501""}",SAVED_SEC_ORIGINAL_NATIVE_DEVELOPMENT_RESULT,VERIFIED_SEC_ACQUISITION,"{""path"": ""docs/evidence/issue28_continuous/ordinary-history-identities/restored-and-regression-coordinates.json"", ""selector"": ""jpmorgan_chase/E05"", ""archive"": ""ordinary-history-identities/material.tar.gz"", ""coordinate_member"": ""live-jpm-governance-events-first/coordinates/jpmorgan_chase-E05.json"", ""run_records"": ""live-jpm-governance-events-first/runs/jpmorgan_chase/E05/records.jsonl"", ""run_manifest"": ""live-jpm-governance-events-first/runs/jpmorgan_chase/E05/manifest.json""}",False,False,Current affected-path evidence and unified update/release acceptance; no blanket rerun claim
salesforce,A01,STRUCTURAL_NOT_APPLICABLE,NONE,N_A_STRUCTURAL,,,TRAIT_NOT_APPLICABLE,"{""fiscal_year"": 2026, ""period_start"": ""2026-01-31"", ""period_end"": ""2026-01-31""}","{""run_id"": ""run:ordinary-integrated:b630cfd6e20cc78968359490645290f1301ba07c2c580f568cb9750e21ecd7c0"", ""result_id"": ""sha256:5fd6676df4de18e07f74de4ec4ab60f2c1f1ab8f36c4f31b935577feae684402"", ""spec_closure_hash"": ""sha256:ee54ac53602bbc07c6449b627bd2449f30136e32d245764a847dc6282782a063"", ""head"": ""1c9f5621e4e09f891d597fa7edcea970a3d434dc"", ""evidence_date"": ""2026-09-12"", ""current_code_replay_claim"": false}",SAVED_SEC_ORIGINAL_NATIVE_DEVELOPMENT_RESULT,SAVED_ORIGINAL_SEC_SOURCE_NO_NEW_ACQUISITION,"{""path"": ""docs/evidence/issue28_continuous/completed-v14-batch-340/summary.json"", ""selector"": ""salesforce/A01""}",False,False,Current affected-path evidence and unified update/release acceptance; no blanket rerun claim
salesforce,A02,STRUCTURAL_NOT_APPLICABLE,NONE,N_A_STRUCTURAL,,,TRAIT_NOT_APPLICABLE,"{""fiscal_year"": 2026, ""period_start"": ""2026-01-31"", ""period_end"": ""2026-01-31""}","{""run_id"": ""run:ordinary-integrated:d937f614fece39f61adb157488c45c72d058c083c9976f92dcfc1e23a948a39f"", ""result_id"": ""sha256:7bfee54c6044ff93e6064aa524364ff7fe5f35815a6c7201f3f5e8d23099f219"", ""spec_closure_hash"": ""sha256:9f8a3bbf1bd4ac8229960d9ea59887842a0fbe1e5573c2dbaf9965044e91636d"", ""head"": ""1c9f5621e4e09f891d597fa7edcea970a3d434dc"", ""evidence_date"": ""2026-09-12"", ""current_code_replay_claim"": false}",SAVED_SEC_ORIGINAL_NATIVE_DEVELOPMENT_RESULT,SAVED_ORIGINAL_SEC_SOURCE_NO_NEW_ACQUISITION,"{""path"": ""docs/evidence/issue28_continuous/completed-v14-batch-340/summary.json"", ""selector"": ""salesforce/A02""}",False,False,Current affected-path evidence and unified update/release acceptance; no blanket rerun claim
salesforce,A03,STRUCTURAL_NOT_APPLICABLE,NONE,N_A_STRUCTURAL,,,TRAIT_NOT_APPLICABLE,"{""fiscal_year"": 2026, ""period_start"": ""2025-02-01"", ""period_end"": ""2026-01-31""}","{""run_id"": ""run:ordinary-integrated:22e8e3e75f7811e32429418c1f6cb486810544efddda7cd71269f33dfe3ed2d7"", ""result_id"": ""sha256:7f5ddfc400fefd1d535721f9d5bb834db3fdcb62b1a2252e1c010e8fee0cf0b5"", ""spec_closure_hash"": ""sha256:99ff7afa51744213038acd97d91f0d62d641a1090f96fa85d860708579d64601"", ""head"": ""1c9f5621e4e09f891d597fa7edcea970a3d434dc"", ""evidence_date"": ""2026-09-12"", ""current_code_replay_claim"": false}",SAVED_SEC_ORIGINAL_NATIVE_DEVELOPMENT_RESULT,SAVED_ORIGINAL_SEC_SOURCE_NO_NEW_ACQUISITION,"{""path"": ""docs/evidence/issue28_continuous/completed-v14-batch-340/summary.json"", ""selector"": ""salesforce/A03""}",False,False,Current affected-path evidence and unified update/release acceptance; no blanket rerun claim
salesforce,A04,STRUCTURAL_NOT_APPLICABLE,NONE,N_A_STRUCTURAL,,,TRAIT_NOT_APPLICABLE,"{""fiscal_year"": 2026, ""period_start"": ""2025-02-01"", ""period_end"": ""2026-01-31""}","{""run_id"": ""run:ordinary-integrated:7f6201ac3dac9bc358f88abb04749ee32467010192dc38dd8c79060f832d9ece"", ""result_id"": ""sha256:8fb04a30d9bbc30ea135a865fc1549941ceff963211e9fa277cdf5a5081b02e2"", ""spec_closure_hash"": ""sha256:bf1f13bb535f9b2004629af329532e19d87362d41606540da719b789229e9282"", ""head"": ""1c9f5621e4e09f891d597fa7edcea970a3d434dc"", ""evidence_date"": ""2026-09-12"", ""current_code_replay_claim"": false}",SAVED_SEC_ORIGINAL_NATIVE_DEVELOPMENT_RESULT,SAVED_ORIGINAL_SEC_SOURCE_NO_NEW_ACQUISITION,"{""path"": ""docs/evidence/issue28_continuous/completed-v14-batch-340/summary.json"", ""selector"": ""salesforce/A04""}",False,False,Current affected-path evidence and unified update/release acceptance; no blanket rerun claim
salesforce,A05,STRUCTURAL_NOT_APPLICABLE,NONE,N_A_STRUCTURAL,,,TRAIT_NOT_APPLICABLE,"{""fiscal_year"": 2026, ""period_start"": ""2025-02-01"", ""period_end"": ""2026-01-31""}","{""run_id"": ""run:ordinary-integrated:75611dca1092f399e7170647ce4f859b58b217259ad533e60aa8c6f66548085b"", ""result_id"": ""sha256:4993f4fb31d68056251d8e59cfc0b7ff236a9264806ba9733a41f1a0f4f7aa17"", ""spec_closure_hash"": ""sha256:e0ecf50b6a31a389933921d927ba00ca640b5b49002526cb537afa70be1e7ca3"", ""head"": ""1c9f5621e4e09f891d597fa7edcea970a3d434dc"", ""evidence_date"": ""2026-09-12"", ""current_code_replay_claim"": false}",SAVED_SEC_ORIGINAL_NATIVE_DEVELOPMENT_RESULT,SAVED_ORIGINAL_SEC_SOURCE_NO_NEW_ACQUISITION,"{""path"": ""docs/evidence/issue28_continuous/completed-v14-batch-340/summary.json"", ""selector"": ""salesforce/A05""}",False,False,Current affected-path evidence and unified update/release acceptance; no blanket rerun claim
salesforce,A06,STRUCTURAL_NOT_APPLICABLE,NONE,N_A_STRUCTURAL,,,TRAIT_NOT_APPLICABLE,"{""fiscal_year"": 2026, ""period_start"": ""2025-02-01"", ""period_end"": ""2026-01-31""}","{""run_id"": ""run:ordinary-integrated:3a2b49edb3eb8343f6569c7f055f32c0a5c569f45a2d285c9ee33b50996deca4"", ""result_id"": ""sha256:9c06f2008ca82a788a17da56cd3677c0a121874e3f7cd4857ae740c8ebf0385a"", ""spec_closure_hash"": ""sha256:db527edadcca6b1b16a6442dd42972c51ec1b9a45b54e3faf636387980327ee2"", ""head"": ""1c9f5621e4e09f891d597fa7edcea970a3d434dc"", ""evidence_date"": ""2026-09-12"", ""current_code_replay_claim"": false}",SAVED_SEC_ORIGINAL_NATIVE_DEVELOPMENT_RESULT,SAVED_ORIGINAL_SEC_SOURCE_NO_NEW_ACQUISITION,"{""path"": ""docs/evidence/issue28_continuous/completed-v14-batch-340/summary.json"", ""selector"": ""salesforce/A06""}",False,False,Current affected-path evidence and unified update/release acceptance; no blanket rerun claim
salesforce,A07,STRUCTURAL_NOT_APPLICABLE,NONE,N_A_STRUCTURAL,,,TRAIT_NOT_APPLICABLE,"{""fiscal_year"": 2026, ""period_start"": ""2025-02-01"", ""period_end"": ""2026-01-31""}","{""run_id"": ""run:ordinary-integrated:95a35dde54c352a38d84e27e04189cbcad1a258b35b64f28c940c8d9645ec7ec"", ""result_id"": ""sha256:a75768fe80dd7986aa13f06aed79476642c5191743d59e421876b7d5e7c04822"", ""spec_closure_hash"": ""sha256:3735428ca12d51893ed0b3e20a9563cb95cf7f90b4bcef3b2bcec9a947893b50"", ""head"": ""1c9f5621e4e09f891d597fa7edcea970a3d434dc"", ""evidence_date"": ""2026-09-12"", ""current_code_replay_claim"": false}",SAVED_SEC_ORIGINAL_NATIVE_DEVELOPMENT_RESULT,SAVED_ORIGINAL_SEC_SOURCE_NO_NEW_ACQUISITION,"{""path"": ""docs/evidence/issue28_continuous/completed-v14-batch-340/summary.json"", ""selector"": ""salesforce/A07""}",False,False,Current affected-path evidence and unified update/release acceptance; no blanket rerun claim
salesforce,A08,STRUCTURAL_NOT_APPLICABLE,NONE,N_A_STRUCTURAL,,,TRAIT_NOT_APPLICABLE,"{""fiscal_year"": 2026, ""period_start"": ""2025-02-01"", ""period_end"": ""2026-01-31""}","{""run_id"": ""run:ordinary-integrated:01b636e9dc616b3a7ba5fd54e67451cb9e0439c85a686f8d2d6d451b6fa3ae2d"", ""result_id"": ""sha256:5196fc74c849f1b8a33fdbec801073e4fb1726cb0c0b4ca77d33cfe4caa09438"", ""spec_closure_hash"": ""sha256:7e4658f2194d7a47cb8f7db5ff517ffc1eda25bc02db87b548cf6cfea0d2b65c"", ""head"": ""1c9f5621e4e09f891d597fa7edcea970a3d434dc"", ""evidence_date"": ""2026-09-12"", ""current_code_replay_claim"": false}",SAVED_SEC_ORIGINAL_NATIVE_DEVELOPMENT_RESULT,SAVED_ORIGINAL_SEC_SOURCE_NO_NEW_ACQUISITION,"{""path"": ""docs/evidence/issue28_continuous/completed-v14-batch-340/summary.json"", ""selector"": ""salesforce/A08""}",False,False,Current affected-path evidence and unified update/release acceptance; no blanket rerun claim
salesforce,A09,STRUCTURAL_NOT_APPLICABLE,NONE,N_A_STRUCTURAL,,,TRAIT_NOT_APPLICABLE,"{""fiscal_year"": 2026, ""period_start"": ""2025-02-01"", ""period_end"": ""2026-01-31""}","{""run_id"": ""run:ordinary-integrated:44b80f58a503f1e8680c5a5d18463f8f0f2c6c5cf6d63ae51144f0989def043c"", ""result_id"": ""sha256:762263e19b7ef66fed958b5d148c5e56c52d736269731a541f4ef77180f6342c"", ""spec_closure_hash"": ""sha256:aaafb1f1c5a4318007074875776ccc6f92edffe5a78d610a729f0a46775b7dd4"", ""head"": ""1c9f5621e4e09f891d597fa7edcea970a3d434dc"", ""evidence_date"": ""2026-09-12"", ""current_code_replay_claim"": false}",SAVED_SEC_ORIGINAL_NATIVE_DEVELOPMENT_RESULT,SAVED_ORIGINAL_SEC_SOURCE_NO_NEW_ACQUISITION,"{""path"": ""docs/evidence/issue28_continuous/completed-v14-batch-340/summary.json"", ""selector"": ""salesforce/A09""}",False,False,Current affected-path evidence and unified update/release acceptance; no blanket rerun claim
salesforce,A10,STRUCTURAL_NOT_APPLICABLE,NONE,N_A_STRUCTURAL,,,TRAIT_NOT_APPLICABLE,"{""fiscal_year"": 2026, ""period_start"": ""2026-01-31"", ""period_end"": ""2026-01-31""}","{""run_id"": ""run:ordinary-integrated:618f3bf687dea9cca77475d6ecbe0953dcee952236284bbb739d2d6c36ceae62"", ""result_id"": ""sha256:bafba48a98e746c90c06f24a3b5acd2d605fe79d0567e5342c4593af97df8df5"", ""spec_closure_hash"": ""sha256:f8a5d6747d7e4d250993643766b19b83ab12f39ddbe3b0e9e341fe00cf5c5ffb"", ""head"": ""1c9f5621e4e09f891d597fa7edcea970a3d434dc"", ""evidence_date"": ""2026-09-12"", ""current_code_replay_claim"": false}",SAVED_SEC_ORIGINAL_NATIVE_DEVELOPMENT_RESULT,SAVED_ORIGINAL_SEC_SOURCE_NO_NEW_ACQUISITION,"{""path"": ""docs/evidence/issue28_continuous/completed-v14-batch-340/summary.json"", ""selector"": ""salesforce/A10""}",False,False,Current affected-path evidence and unified update/release acceptance; no blanket rerun claim
salesforce,A11,STRUCTURAL_NOT_APPLICABLE,NONE,N_A_STRUCTURAL,,,TRAIT_NOT_APPLICABLE,"{""fiscal_year"": 2026, ""period_start"": ""2025-02-01"", ""period_end"": ""2026-01-31""}","{""run_id"": ""run:ordinary-integrated:b2800c37c15f4302cf5b6393be1b5ed65de878a8086515e148a3b3d370ebebf0"", ""result_id"": ""sha256:f74a8caaf3932e4cffa94991e81d013e0d9573a8b347012577a58304585843eb"", ""spec_closure_hash"": ""sha256:87645fa1422b2ac635a9383b5b30d40091d45a819a3789d8415c1ed00dbc234b"", ""head"": ""1c9f5621e4e09f891d597fa7edcea970a3d434dc"", ""evidence_date"": ""2026-09-12"", ""current_code_replay_claim"": false}",SAVED_SEC_ORIGINAL_NATIVE_DEVELOPMENT_RESULT,SAVED_ORIGINAL_SEC_SOURCE_NO_NEW_ACQUISITION,"{""path"": ""docs/evidence/issue28_continuous/completed-v14-batch-340/summary.json"", ""selector"": ""salesforce/A11""}",False,False,Current affected-path evidence and unified update/release acceptance; no blanket rerun claim
salesforce,A12,STRUCTURAL_NOT_APPLICABLE,NONE,N_A_STRUCTURAL,,,TRAIT_NOT_APPLICABLE,"{""fiscal_year"": 2026, ""period_start"": ""2025-02-01"", ""period_end"": ""2026-01-31""}","{""run_id"": ""run:ordinary-integrated:55686776f0b6ccf26bec7d658e1e33c3048a33df5efd03ed6c80a03fa8d3328b"", ""result_id"": ""sha256:183229872dc706a78d61a686db9571b23873e68e0e0937bd3e6b42ef4e37f066"", ""spec_closure_hash"": ""sha256:338264b583c2d2458cb3f73d060e1a42fa9d90a20e51be961394fc27ae62b213"", ""head"": ""1c9f5621e4e09f891d597fa7edcea970a3d434dc"", ""evidence_date"": ""2026-09-12"", ""current_code_replay_claim"": false}",SAVED_SEC_ORIGINAL_NATIVE_DEVELOPMENT_RESULT,SAVED_ORIGINAL_SEC_SOURCE_NO_NEW_ACQUISITION,"{""path"": ""docs/evidence/issue28_continuous/completed-v14-batch-340/summary.json"", ""selector"": ""salesforce/A12""}",False,False,Current affected-path evidence and unified update/release acceptance; no blanket rerun claim
salesforce,A13,STRUCTURAL_NOT_APPLICABLE,NONE,N_A_STRUCTURAL,,,TRAIT_NOT_APPLICABLE,"{""fiscal_year"": 2026, ""period_start"": ""2025-02-01"", ""period_end"": ""2026-01-31""}","{""run_id"": ""run:ordinary-integrated:69df8c392bf37f33c917b9eee66a7068509a97a71de86f3a1708df0474d3a464"", ""result_id"": ""sha256:73a66db65b35452cabd9440e96b12392fecfb11910dc5b31f9ebd1768131601c"", ""spec_closure_hash"": ""sha256:94699b6e1c2c5d8f8e5b048007c5f863416fb4072489b274929dd4ae03716b09"", ""head"": ""1c9f5621e4e09f891d597fa7edcea970a3d434dc"", ""evidence_date"": ""2026-09-12"", ""current_code_replay_claim"": false}",SAVED_SEC_ORIGINAL_NATIVE_DEVELOPMENT_RESULT,SAVED_ORIGINAL_SEC_SOURCE_NO_NEW_ACQUISITION,"{""path"": ""docs/evidence/issue28_continuous/completed-v14-batch-340/summary.json"", ""selector"": ""salesforce/A13""}",False,False,Current affected-path evidence and unified update/release acceptance; no blanket rerun claim
salesforce,B01,NUMERIC_RESULT,EXACT,APPLICABLE,41525000000,USD,PASS,"{""fiscal_year"": 2026, ""period_start"": ""2025-02-01"", ""period_end"": ""2026-01-31""}","{""run_id"": ""run:ordinary-integrated:ebdb30dc991e3a060a7fe7ba19f5fd68eacddd3c1f42a221cde90dd03b692ffe"", ""result_id"": ""sha256:8cecba16403adcd8197747cecd1bbb27cb8cb851b4eb236eed2ad74f895ff60d"", ""spec_closure_hash"": ""sha256:300424426d0397ce04f6ce6f6df3a2e12259904060d31e47d8664df6e5f3d8f8"", ""head"": ""1c9f5621e4e09f891d597fa7edcea970a3d434dc"", ""evidence_date"": ""2026-09-12"", ""current_code_replay_claim"": false}",SAVED_SEC_ORIGINAL_NATIVE_DEVELOPMENT_RESULT,SAVED_ORIGINAL_SEC_SOURCE_NO_NEW_ACQUISITION,"{""path"": ""docs/evidence/issue28_continuous/completed-v14-batch-340/summary.json"", ""selector"": ""salesforce/B01""}",False,False,Current affected-path evidence and unified update/release acceptance; no blanket rerun claim
salesforce,B02,NUMERIC_RESULT,EXACT,APPLICABLE,0.09579100145137880986937590711,ratio,PASS,"{""fiscal_year"": 2026, ""period_start"": ""2025-02-01"", ""period_end"": ""2026-01-31""}","{""run_id"": ""run:ordinary-integrated:9d7f1e3b1dea6dd9972e92b7c6726674673370f27683a2fb34c266818e457454"", ""result_id"": ""sha256:f8aa49b89c92a77c1a70ede5962016a0845c7578557f4db16a873d7360b11410"", ""spec_closure_hash"": ""sha256:7f569259f31e7d0bd237ca8ba6bc368cbf55d47453f86915c4cf8e0638868a76"", ""head"": ""1c9f5621e4e09f891d597fa7edcea970a3d434dc"", ""evidence_date"": ""2026-09-12"", ""current_code_replay_claim"": false}",SAVED_SEC_ORIGINAL_NATIVE_DEVELOPMENT_RESULT,SAVED_ORIGINAL_SEC_SOURCE_NO_NEW_ACQUISITION,"{""path"": ""docs/evidence/issue28_continuous/completed-v14-batch-340/summary.json"", ""selector"": ""salesforce/B02""}",False,False,Current affected-path evidence and unified update/release acceptance; no blanket rerun claim
salesforce,B03,NUMERIC_RESULT,EXACT,APPLICABLE,0.2295243829018663455749548465,ratio,PASS,"{""fiscal_year"": 2026, ""period_start"": ""2025-02-01"", ""period_end"": ""2026-01-31""}","{""run_id"": ""run:ordinary-integrated:33022c5a443709d65e4cf3776c8311646f24eabbbae3bb3b1eb2e8cc8e4eec58"", ""result_id"": ""sha256:f07e137e0919271b8ea3b5d7a4742de5088d4d0a7481b33b93ff5f8498528120"", ""spec_closure_hash"": ""sha256:706e541ffaf0e1d2cc091b56a635485a2145e70f40f86a401fa2e2c5b0a471e5"", ""head"": ""1c9f5621e4e09f891d597fa7edcea970a3d434dc"", ""evidence_date"": ""2026-09-12"", ""current_code_replay_claim"": false}",SAVED_SEC_ORIGINAL_NATIVE_DEVELOPMENT_RESULT,SAVED_ORIGINAL_SEC_SOURCE_NO_NEW_ACQUISITION,"{""path"": ""docs/evidence/issue28_continuous/completed-v14-batch-340/summary.json"", ""selector"": ""salesforce/B03""}",False,False,Current affected-path evidence and unified update/release acceptance; no blanket rerun claim
salesforce,B04,NUMERIC_RESULT,EXACT,APPLICABLE,7457000000,USD,PASS,"{""fiscal_year"": 2026, ""period_start"": ""2025-02-01"", ""period_end"": ""2026-01-31""}","{""run_id"": ""run:ordinary-integrated:994a9d816a54d004f6847dfc14f3cee81bc42c94eb5464ef27307a99226033b3"", ""result_id"": ""sha256:c381836a0c8ec3c44aee90fa908157f059b66c481d90a585449d14b910367e78"", ""spec_closure_hash"": ""sha256:22b0fe3ad2841f90450d503cd628fe65207ae1777968156abc13c4ee28ffb3e2"", ""head"": ""1c9f5621e4e09f891d597fa7edcea970a3d434dc"", ""evidence_date"": ""2026-09-12"", ""current_code_replay_claim"": false}",SAVED_SEC_ORIGINAL_NATIVE_DEVELOPMENT_RESULT,SAVED_ORIGINAL_SEC_SOURCE_NO_NEW_ACQUISITION,"{""path"": ""docs/evidence/issue28_continuous/completed-v14-batch-340/summary.json"", ""selector"": ""salesforce/B04""}",False,False,Current affected-path evidence and unified update/release acceptance; no blanket rerun claim
salesforce,B05,NUMERIC_RESULT,EXACT,APPLICABLE,14402000000,USD,PASS,"{""fiscal_year"": 2026, ""period_start"": ""2025-02-01"", ""period_end"": ""2026-01-31""}","{""run_id"": ""run:ordinary-integrated:385e6f40ef7c3b0396eef40ea2eb1146fc56da8f7989f1d4b5fe520b401f6d9f"", ""result_id"": ""sha256:5412d38f2346745fc30a452cc0502295d3ea3ed82a7e5a86da3d78b115221c27"", ""spec_closure_hash"": ""sha256:7fc421991b42d822b96675ac584b32e0af843a34923a90cb316cc13386debdae"", ""head"": ""1c9f5621e4e09f891d597fa7edcea970a3d434dc"", ""evidence_date"": ""2026-09-12"", ""current_code_replay_claim"": false}",SAVED_SEC_ORIGINAL_NATIVE_DEVELOPMENT_RESULT,SAVED_ORIGINAL_SEC_SOURCE_NO_NEW_ACQUISITION,"{""path"": ""docs/evidence/issue28_continuous/completed-v14-batch-340/summary.json"", ""selector"": ""salesforce/B05""}",False,False,Current affected-path evidence and unified update/release acceptance; no blanket rerun claim
salesforce,B06,NUMERIC_RESULT,EXACT,APPLICABLE,0.2531872442595786412363464205,ratio,PASS,"{""fiscal_year"": 2026, ""period_start"": ""2026-01-31"", ""period_end"": ""2026-01-31""}","{""run_id"": ""run:ordinary-integrated:fa1bba47885d6e1e253701c67396aac2136cc073e315694eb3b0da8c28616318"", ""result_id"": ""sha256:c2e619af76783a5329cdfecd9245df3107f4482540857a88b9b2ec0e71d71696"", ""spec_closure_hash"": ""sha256:0361bf99806d1cbcc24464360acf16db20d98bafced81c5aa45fdfefe765dce1"", ""head"": ""1c9f5621e4e09f891d597fa7edcea970a3d434dc"", ""evidence_date"": ""2026-09-12"", ""current_code_replay_claim"": false}",SAVED_SEC_ORIGINAL_NATIVE_DEVELOPMENT_RESULT,SAVED_ORIGINAL_SEC_SOURCE_NO_NEW_ACQUISITION,"{""path"": ""docs/evidence/issue28_continuous/completed-v14-batch-340/summary.json"", ""selector"": ""salesforce/B06""}",False,False,Current affected-path evidence and unified update/release acceptance; no blanket rerun claim
salesforce,B07,NUMERIC_RESULT,EXACT,APPLICABLE,25.71296296296296296296296296,ratio,PASS,"{""fiscal_year"": 2026, ""period_start"": ""2025-02-01"", ""period_end"": ""2026-01-31""}","{""run_id"": ""run:ordinary-integrated:513ec2488025c26c5ed8fcd36504a5fd3181429b90f013bee5df1558ae55c97c"", ""result_id"": ""sha256:043c03088226133c318ea90f2301bfa9c283ae6c0a36957a46184e75b7ee8875"", ""spec_closure_hash"": ""sha256:0eb533e576d3bbcb418812e362d9e377373f83c76dd9bfa62ecb41d49475bb78"", ""head"": ""1c9f5621e4e09f891d597fa7edcea970a3d434dc"", ""evidence_date"": ""2026-09-12"", ""current_code_replay_claim"": false}",SAVED_SEC_ORIGINAL_NATIVE_DEVELOPMENT_RESULT,SAVED_ORIGINAL_SEC_SOURCE_NO_NEW_ACQUISITION,"{""path"": ""docs/evidence/issue28_continuous/completed-v14-batch-340/summary.json"", ""selector"": ""salesforce/B07""}",False,False,Current affected-path evidence and unified update/release acceptance; no blanket rerun claim
salesforce,B08,NUMERIC_RESULT,EXACT,APPLICABLE,0.7603319144350449916482569104,ratio,PASS,"{""fiscal_year"": 2026, ""period_start"": ""2026-01-31"", ""period_end"": ""2026-01-31""}","{""run_id"": ""run:ordinary-integrated:6030bc831fcd3c248ad3f427f0c42cab32a5321a0079ac8094ead973cb979903"", ""result_id"": ""sha256:16f73f950cf724839deb1ee04536fdc2bcaf910cc8ded82d5cb13dd887618e06"", ""spec_closure_hash"": ""sha256:5c803b9c8f773c348d4279249eeb56b603221e55938f39cba7801b3d77a517b6"", ""head"": ""1c9f5621e4e09f891d597fa7edcea970a3d434dc"", ""evidence_date"": ""2026-09-12"", ""current_code_replay_claim"": false}",SAVED_SEC_ORIGINAL_NATIVE_DEVELOPMENT_RESULT,SAVED_ORIGINAL_SEC_SOURCE_NO_NEW_ACQUISITION,"{""path"": ""docs/evidence/issue28_continuous/completed-v14-batch-340/summary.json"", ""selector"": ""salesforce/B08""}",False,False,Current affected-path evidence and unified update/release acceptance; no blanket rerun claim
salesforce,B09,NUMERIC_RESULT,EXACT,APPLICABLE,7327000000,USD,PASS,"{""fiscal_year"": 2026, ""period_start"": ""2026-01-31"", ""period_end"": ""2026-01-31""}","{""run_id"": ""run:ordinary-integrated:e6fff43a0d4cac7500fb6014044469b9a93a12324b6a957a1d06e65c13ce2a4c"", ""result_id"": ""sha256:52005a5b4b33dd1f0a460640a567364197e7da2345199b4fac180b796cc2dcc7"", ""spec_closure_hash"": ""sha256:25be3c461b082e4b74950c85e39b093568b807aa22c500370579f697f9381b3f"", ""head"": ""1c9f5621e4e09f891d597fa7edcea970a3d434dc"", ""evidence_date"": ""2026-09-12"", ""current_code_replay_claim"": false}",SAVED_SEC_ORIGINAL_NATIVE_DEVELOPMENT_RESULT,SAVED_ORIGINAL_SEC_SOURCE_NO_NEW_ACQUISITION,"{""path"": ""docs/evidence/issue28_continuous/completed-v14-batch-340/summary.json"", ""selector"": ""salesforce/B09""}",False,False,Current affected-path evidence and unified update/release acceptance; no blanket rerun claim
salesforce,B10,STRUCTURAL_NOT_APPLICABLE,NONE,N_A_STRUCTURAL,,,TRAIT_NOT_APPLICABLE,"{""fiscal_year"": 2026, ""period_start"": ""2025-02-01"", ""period_end"": ""2026-01-31""}","{""run_id"": ""run:ordinary-integrated:25d7a303020ffd2d0feda284c4da4596a08e13a2be3a0095254357c50430d7ba"", ""result_id"": ""sha256:dcf9d0ebfb10069cbd04c75bd94d155c94483d3475e5e804991ab5bdacdcae9f"", ""spec_closure_hash"": ""sha256:5bb9522e676f369b08e13280ce67c59fe86104836295afa91bf9b882f80ed74a"", ""requirement_closure_hash"": ""sha256:8f38c1458f3af391a63d89c82c2662bac5e5d6e99cdf7307f60bd242bdf66de3""}",SAVED_SEC_ORIGINAL_NATIVE_DEVELOPMENT_RESULT,SAVED_ORIGINAL_SEC_SOURCE_NO_NEW_ACQUISITION,"{""path"": ""docs/evidence/issue28_continuous/ordinary-lodging/ten-company-before-role-move/summary.json"", ""selector"": ""salesforce/B10""}",False,False,Current affected-path evidence and unified update/release acceptance; no blanket rerun claim
salesforce,B11,STRUCTURAL_NOT_APPLICABLE,NONE,N_A_STRUCTURAL,,,TRAIT_NOT_APPLICABLE,"{""fiscal_year"": 2026, ""period_start"": ""2025-02-01"", ""period_end"": ""2026-01-31""}","{""run_id"": ""run:ordinary-integrated:567c8a1f2cff9abac6896ce7ff346e37adfcc46df82dd46cf4ef9f9d1997c331"", ""result_id"": ""sha256:e00381ce8c1e973e2a12b2ec093d7e37e64fd4aece8b4f20b4c8e47c9d50423e"", ""spec_closure_hash"": ""sha256:80ff12eb5ddb0f431450465c42ece9d7488ea8455af5021c933583c3833d1dd0"", ""requirement_closure_hash"": ""sha256:8f38c1458f3af391a63d89c82c2662bac5e5d6e99cdf7307f60bd242bdf66de3""}",SAVED_SEC_ORIGINAL_NATIVE_DEVELOPMENT_RESULT,SAVED_ORIGINAL_SEC_SOURCE_NO_NEW_ACQUISITION,"{""path"": ""docs/evidence/issue28_continuous/ordinary-lodging/ten-company-before-role-move/summary.json"", ""selector"": ""salesforce/B11""}",False,False,Current affected-path evidence and unified update/release acceptance; no blanket rerun claim
salesforce,B12,NUMERIC_RESULT,EXACT,APPLICABLE,72400000000,USD,PASS,"{""fiscal_year"": 2026, ""period_start"": ""2026-01-31"", ""period_end"": ""2026-01-31""}","{""run_id"": ""run:ordinary-integrated:ea957d0173d4753c5e2778f2449bfe71d23871efc8ea3d481523f331c667ef67"", ""result_id"": ""sha256:4b0d136ff319d3a1b2b9d6bcfc322542af8fe843174bffd843ea77f7c892e364"", ""spec_closure_hash"": ""sha256:267b9c81c20295935d3e400903dc41bf2e3e52f87de37cd8ec9d193245320267"", ""head"": ""1c9f5621e4e09f891d597fa7edcea970a3d434dc"", ""evidence_date"": ""2026-09-12"", ""current_code_replay_claim"": false}",SAVED_SEC_ORIGINAL_NATIVE_DEVELOPMENT_RESULT,SAVED_ORIGINAL_SEC_SOURCE_NO_NEW_ACQUISITION,"{""path"": ""docs/evidence/issue28_continuous/completed-v14-batch-340/summary.json"", ""selector"": ""salesforce/B12""}",False,False,Current affected-path evidence and unified update/release acceptance; no blanket rerun claim
salesforce,B13,STRUCTURAL_NOT_APPLICABLE,NONE,N_A_STRUCTURAL,,,TRAIT_NOT_APPLICABLE,"{""fiscal_year"": 2026, ""period_start"": ""2025-02-01"", ""period_end"": ""2026-01-31""}","{""run_id"": ""run:ordinary-integrated:bf9be0b2b26e82232ce371594d51df4dffd9606154becfc4ba8c28d63f98bcfc"", ""result_id"": ""sha256:2f94cb67f1c8b42460988f25e5611e64f302e3834d22cb30f729c8301d7b72c4"", ""spec_closure_hash"": ""sha256:7271dcbbc3bf761af1ec5dc130c6fdbc6528822a33bf11f98a3c0f2021f4fefb"", ""requirement_closure_hash"": ""sha256:4e6105c99e3d1741cbf72d9a4c0e71ee175740e6f3de6dc4c40a149b990ac95d""}",SAVED_SEC_ORIGINAL_NATIVE_DEVELOPMENT_RESULT,SAVED_ORIGINAL_SEC_SOURCE_NO_NEW_ACQUISITION,"{""path"": ""docs/evidence/issue28_continuous/b13-content-guards/structural-summary.json"", ""selector"": ""salesforce/B13"", ""archive"": ""b13-content-guards/native-material.tar.gz"", ""run_records"": ""structural-3/salesforce/run/records.jsonl"", ""run_manifest"": ""structural-3/salesforce/run/manifest.json""}",False,False,Current affected-path evidence and unified update/release acceptance; no blanket rerun claim
salesforce,C01,NUMERIC_RESULT,EXACT,APPLICABLE,3,count,PASS,"{""fiscal_year"": 2026, ""period_start"": ""2025-02-01"", ""period_end"": ""2026-01-31""}","{""run_id"": ""run:ordinary-integrated:1190a515392cbe02ad15e752dab9c8690f1bb0084b8989b1376aeeda8c7510e0"", ""result_id"": ""sha256:6aa90b9551b1e5dbfdf425ca6f933aa2073336cc79c2c818d759a0609b66ba16"", ""spec_closure_hash"": ""sha256:87a93dec6cb267aa2a6549a8ce060757267b9db8680662970f4959a040990ced"", ""requirement_closure_hash"": ""sha256:fc6de0fa5027a4c98dba805db0dc4bde6ed65973b1e0098ec8160a50c8637a18""}",SAVED_SEC_ORIGINAL_NATIVE_DEVELOPMENT_RESULT,VERIFIED_SEC_ACQUISITION,"{""path"": ""docs/evidence/issue28_continuous/ordinary-document-identity/restored-coordinates.json"", ""selector"": ""salesforce/C01"", ""archive"": ""ordinary-document-identity/material.tar.gz"", ""coordinate_member"": ""live-restored-salesforce-native/coordinates/salesforce-C01.json"", ""run_records"": ""live-restored-salesforce-native/runs/salesforce/C01/records.jsonl"", ""run_manifest"": ""live-restored-salesforce-native/runs/salesforce/C01/manifest.json""}",False,False,Current affected-path evidence and unified update/release acceptance; no blanket rerun claim
salesforce,C02,TEXT_RESULT,EXACT,APPLICABLE,"The Board believes that it should consist of a substantial majority of independent directors. The Board has adopted and applied the standards established by the NYSE to determine the independence of each of its directors. The Board has determined that, except for Marc Benioff, Parker Harris, and Robin Washington, each of our director nominees has no material relationship with Salesforce and is independent within the meaning of the standards established by the NYSE, as currently in effect. Maynard Webb, who is not standing for reelection at the Annual Meeting, is also deemed to be independent within the meaning of such standards. In making its determination regarding the independence of our directors, the Board considered all relevant facts and circumstances, including transactions in which we and any director had an interest, relationships between us and our directors or their family members, transactions involving payments made between us and other companies in the ordinary course of business where any of our directors or their family members is a director or an employee of the other company, and each director’s commercial, investment, banking, consulting, advisory, legal, accounting, charitable, and familial relationships, as applicable.
Importantly, the Board has a strong and empowered Lead Independent Director to provide an effective independent voice in our Board leadership structure. Per our Corporate Governance Guidelines, the Lead Independent Director shall serve for a two-year term and shall be the Chair of the Nominating and Corporate Governance Committee, unless otherwise elected by the independent directors. In March 2025, the independent directors elected Arnold Donald to succeed Robin Washington as the Lead Independent Director. The independent directors’ decision to select Mr. Donald took into consideration the tenures and capabilities of each independent director, along with the potential candidates’ demonstrated leadership in the boardroom, as well as willingness and ability to serve as Lead Independent Director with the understanding that the position entails significant responsibility and time commitment. Throughout Mr. Donald’s tenure on our Board, including as a member of our Audit and Governance Committees, he has worked closely with his fellow directors and is deeply trusted in the boardroom. The Board believes that, with his extensive board and corporate governance experience over three decades across multiple industries, as well as the significant responsibility and risk oversight that his service on the Board and its committees have entailed, Mr. Donald is well positioned to guide the Board in its oversight of the Company’s strategy and risk management.
Directors are also expected to participate in our annual meeting of stockholders absent an unavoidable and irreconcilable conflict. Of the 12 directors then-serving on our Board, all 12 directors participated in the 2025 Annual Meeting of Stockholders. Stockholders and other interested parties may communicate with the Lead Independent Director, or with any and all other members of the Board, by mail addressed to the intended recipient in care of our Corporate Secretary at our principal executive offices or by email to corporatesecretary@salesforce.com. The Corporate Secretary will periodically forward such communications or a summary thereof to the Board or the applicable director or directors, to the extent appropriate. The purpose of this screening is to allow the Board to avoid having to consider irrelevant or inappropriate communications (such as advertisements, solicitations, and hostile communications).
The Board reviews and determines the makeup of the Board’s committees and committee chairs with a view toward balancing the benefits derived from continuity against the benefits derived from having new perspectives represented. The Board has determined that all members of the Audit and Finance Committee, the Compensation Committee, and the Nominating and Corporate Governance Committee are independent under the applicable rules and regulations of the NYSE and the SEC. The Board has further determined that Sachin Mehra qualifies as an “audit committee financial expert” as defined by the SEC. Pursuant to the Company’s Bylaws, the Board in its discretion may designate other standing or ad hoc committees to serve at the pleasure of the Board from time to time. Other standing committees in place during fiscal 2026 were the Cybersecurity and Privacy Committee and the Business Transformation Committee.
The Compensation Committee reviews and approves the compensation and benefits of our executive officers, including: reviewing and approving corporate goals and objectives relevant to compensation of the CEO and other executive officers; evaluating the performance of these officers in light of those goals and objectives; and setting compensation of these officers taking into account such evaluations. Among other matters, the Compensation Committee also: oversees our equity and incentive-based plans and administers the issuance of stock options, restricted stock units, and other awards under these plans; oversees succession planning for executive officers other than the CEO; reviews strategies and policies related to human capital management, including the impact of AI initiatives on human capital planning; annually reviews its charter and its performance; and prepares executive compensation reports as required under SEC rules. The Compensation Committee may from time to time delegate duties or responsibilities to subcommittees, or to one or more members of such committee, when appropriate. The Compensation Committee has delegated limited authority to members of management to determine equity awards under our 2013 Equity Incentive Plan and cash awards under our cash incentive plans for non-executive officers. The Compensation Committee has the authority to engage independent advisors to assist it in carrying out its responsibilities, and it periodically engages an outside consultant to advise on compensation-related matters.
The Nominating and Corporate Governance Committee (the “Governance Committee”) is responsible for director nomination matters and corporate governance matters generally. Among other matters, the Governance Committee: oversees the development and recommendation of corporate governance principles applicable to the Company; identifies individuals qualified to become members of the Board; recommends to the Board director nominees for each election of directors; develops and recommends to the Board criteria for selecting qualified director candidates; considers committee member qualifications, appointments, and removals; reviews for-profit directorships offered to directors and executive officers; reviews and makes recommendations to the Board regarding properly presented stockholder proposals; reviews and recommends to the Board the compensation of Board and committee members; and provides oversight in the evaluation of management, the Board and each committee. The Governance Committee also periodically reviews the Company’s CEO succession planning, including policies and principles for CEO selection and succession in the event of an emergency or the retirement of the CEO, and oversees the Company’s policies and practices concerning sustainability initiatives, corporate political contributions, and lobbying activities. The Governance Committee also oversees the Company’s stockholder engagement program as it relates to director nominations, stockholder proposals, and corporate governance policies and practices, including those relating to AI governance.
The Governance Committee uses a variety of methods for identifying and evaluating director nominees. Candidates may come to the attention of the Governance Committee through directors, management, stockholders, or third parties, including an independent search firm. In 2025, Amy Chang and David B. Kirk were appointed to the Board following a robust assessment and recruiting process overseen by the Chair of our Governance Committee working closely with a third-party search firm, including extensive candidate interviews as well as formal reviews and recommendations by the Governance Committee. Ms. Chang and Mr. Kirk were initially identified as potential candidates for the Board by a third-party search firm and our CEO, respectively.
The Governance Committee evaluates and recommends candidates for membership on the Board consistent with criteria established by the committee. Directors should possess the highest personal and professional ethics, integrity, and values, and be committed to representing the long-term interests of our stockholders. They must have an inquisitive and objective perspective and mature judgment. They must also have experience in positions with a high degree of responsibility and be leaders in the companies or institutions with which they are affiliated. The Governance Committee also focuses on building and maintaining a Board that reflects different and complementary backgrounds, experiences, perspectives, and skills. Finally, director candidates also must have sufficient time available in the judgment of the Governance Committee to perform all Board and committee responsibilities. Members of the Board are expected to prepare for, attend, and participate in Board and applicable committee meetings. The Governance Committee assesses its effectiveness in this regard as part of the annual Board evaluation process described on page 19.
The Company also conducts regular enterprise risk surveys, typically at least semi-annually, with a cross-functional group of executives. The survey process is designed to help the Company identify and prioritize material operational, strategic, and financial risks, including emerging risks. Survey results are reported to and discussed with members of senior management as well as the Audit Committee. In addition, members of management, including those involved in enterprise risk management, have access to and periodically meet with external advisors to help monitor trends, identify potential threats, and assess the Company’s risk environment. Our enterprise risk management program also plays a role in our annual strategic planning process and our disclosure controls and procedures. For example, members of management involved in enterprise risk management regularly participate in meetings of our disclosure committee and regularly review risk factors and other disclosures in the Company’s SEC filings.
Pursuant to our fiscal 2026 compensation policy for non-employee directors, (i) on February 1, 2025, each non-employee director serving at such time (other than Mr. Morfit, who waived receipt of the fiscal 2026 grant) received a restricted stock unit (“RSU”) award with a grant date fair value of approximately $375,000, and (ii) upon their appointment to the Board in July 2025, Ms. Chang and Mr. Kirk each received a prorated RSU grant based on their length of service during fiscal 2026. The RSU grants vest in four equal installments on February 22, May 22, August 22, and November 22, 2025 (or two equal installments on August 22 and November 22, 2025 for Ms. Chang and Mr. Kirk), subject to the applicable non-employee director’s continued service through the applicable vesting date. All RSU awards were made under our 2013 Equity Incentive Plan. In addition, also pursuant to our fiscal 2026 compensation policy for non-employee directors, we pay annual cash fees to our Lead Independent Director and the chairs of each Board committee. The fiscal 2026 annual fees for these Board leadership roles were as follows: $150,000 for the Lead Independent Director, $50,000 for the chair of each of the Audit Committee, Governance Committee, and Compensation Committee, and $25,000 for the chairs of each other standing committee of the Board. These cash fees are paid on a quarterly basis. We also reimbursed our non-employee directors for travel, lodging, and other reasonable expenses incurred in connection with attending Company meetings and events.
The following table sets forth information on the compensation earned during fiscal 2026 by our non-employee directors. The table excludes Messrs. Benioff and Harris, who receive compensation as Executive Officers and do not receive separate compensation for their service as directors. In accordance with SEC disclosure rules, the table also excludes Ms. Washington, whose fiscal 2026 non-employee director compensation is reported in the Summary Compensation Table of this Proxy Statement in connection with her former roles as Lead Independent Director and Chair of the Governance Committee. Upon her appointment as Chief Operating and Financial Officer, effective March 21, 2025, Ms. Washington no longer received non-employee director compensation and forfeited the unvested portion of her fiscal 2026 non-employee director RSU award. On March 21, 2025, Mr. Donald assumed the role of Lead Independent Director, and Mr. Roos assumed the role of Chair of the Governance Committee. Mr. Donald received a prorated portion of the Lead Independent Director fee for the first quarter of fiscal 2026 and the full Lead Independent Director fee for the second, third, and fourth quarters of fiscal 2026. Mr. Roos received the full fee associated with his role as Chair of the Governance Committee for the second, third, and fourth quarters of fiscal 2026.
3.Mr. Morfit waived receipt of the cash fees for his service as Chair of the Compensation Committee during fiscal 2026.
4.Cash fees paid to Mr. Roos relate to his service as Chair of the Compensation Committee for the first quarter of fiscal 2026 and as Chair of the Governance Committee for the second, third, and fourth quarters of fiscal 2026.
The following table sets forth the names, ages, and certain other information for each of our director nominees, as well as the membership of our standing committees. Maynard Webb, who has served as a director of the Company faithfully and with distinction since 2006, will not be standing for reelection at the Annual Meeting.
Now in my second year as Chair of the Compensation Committee, I want to share some thoughts on how we think about executive compensation at Salesforce, what we paid for in fiscal 2026, and the one refinement we’ve made for fiscal 2027.
The compensation consultant attended Compensation Committee and Governance Committee meetings, as requested, and also communicated with these committees outside of meetings. In addition, the compensation consultant met with various members of management to collect data and obtain management’s perspective on our compensation programs for Executive Officers and non-employee directors.
Reporting directly to the Compensation Committee and the Governance Committee, the compensation consultant maintained independence when meeting with members of management and individuals in our Total Rewards and Employee Success (human resources) departments for purposes of gathering information on proposals that management may make to the Compensation Committee or Governance Committee. Both committees retain the authority to change or supplement their advisors at any time.
Mr. Benioff provides input to the Compensation Committee on the performance and compensation of members of the executive leadership team. The Compensation Committee considers his input when determining and approving Executive Officer compensation. Executive leaders in our Employee Success, Legal, and Finance organizations provide general administrative support to the Compensation Committee throughout the year, including providing legal advice and overseeing the documentation of equity plans and awards as approved by the Compensation Committee or its authorized delegate, and attending Compensation Committee meetings, as requested.
Following this review, the Compensation Committee, with support from the compensation consultant, approved a new peer group comprised of the 17 companies listed in the table below. At the time it was selected in October 2024, the fiscal 2026 peer group placed Salesforce just above mid-range for revenue (55th percentile) and in the top quartile for market capitalization (81st percentile).
In addition, Ms. Washington is eligible to participate in the compensation and benefit programs generally available to senior executives of the Company. In March 2025, the Compensation Committee approved a long-term equity award for Ms. Washington with an intended target value of $18 million. This grant serves as both her initial new hire award and her annual equity award for fiscal 2026. In determining the intended value of the award, the Compensation Committee considered a variety of factors in consultation with its independent compensation consultant, including the scope and responsibilities of the COFO role, the value of awards granted to Salesforce executives, market and peer compensation paid to similarly situated executives at her level and caliber, the long-term nature of our equity compensation program, internal pay alignment, and the competitive landscape. Ms. Washington’s fiscal 2026 annual equity award was granted in March 2025 and was delivered in the form of PRSUs (33%), performance options (17%), and RSUs (50%), consistent with the standard mix, weighting, and design applicable to the fiscal 2026 PRSU awards, performance options, and RSUs granted to other NEOs (other than our CEO) in March 2025. For more information on the long-term equity awards granted to our NEOs in fiscal 2026, see above under “— Fiscal 2026 Long-Term Equity Incentives” and “—Fiscal 2026 Long-Term Equity Award Decisions.”
To allow our NEOs to focus solely on making decisions that are in the best interests of our stockholders in the event of a possible, threatened, or pending change of control transaction, and to encourage them to remain with us despite the possibility that a change of control might affect them adversely, we have entered into Change of Control and Retention Agreements with each of our Executive Officers, including our NEOs, that provide them with certain payments and benefits if their employment is terminated within the three-month period prior to, or the 18-month period following, a change of control of the Company (the “change of control period”). Severance payments and benefits under these agreements are conditioned on an Executive Officer’s effective release of claims against the Company. The Compensation Committee and the Board believe that these “double-trigger” agreements serve as an important retention tool to ensure that personal uncertainties do not dilute our NEOs’ focus on building stockholder value.
C.Represents amounts paid to Ms. Washington under our Director Compensation Program, as described above under “—Compensation of Directors,” for her services as a non-employee director during fiscal 2026. This amount includes $50,000 in cash fees received by Ms. Washington for her service as Lead Independent Director ($37,500) and Chair of the Nominating & Corporate Governance Committee ($12,500) prior to becoming President and COFO. The annual cash fees are paid on a quarterly basis to the Lead Independent Director and the chairs of each Board committee under our Director Compensation Program. Ms. Washington stepped down from these Board leadership roles upon her appointment to President and COFO on March 21, 2025, and accordingly, did not receive additional cash fees.
David B. Kirk, Neelie Kroes, Mason Morfit, John V. Roos, and Maynard Webb served on the Compensation Committee during fiscal 2026. No member of the Compensation Committee was an employee, officer, or former officer of the Company or any of our subsidiaries. No member of the Compensation Committee had any relationship requiring disclosure under the “Related Party and Other Transactions” section below.
The Audit Committee, which is comprised entirely of non-management directors, oversees the Company’s financial reporting process on behalf of the Board. Management is responsible for the Company’s internal controls, financial reporting process, and compliance with laws and regulations and ethical business standards. Ernst & Young LLP (“EY”), the independent auditor, is responsible for performing an independent audit of the Company’s consolidated financial statements and an independent audit of the Company’s internal controls over financial reporting, both in accordance with the standards of the Public Company Accounting Oversight Board (United States) (“PCAOB”). Part of the Audit Committee’s responsibility is to monitor and oversee this process, including monitoring independence and performance.
Based on this evaluation, the Audit Committee has concluded that EY is independent and believes it is in the best interests of the Company and its stockholders to retain EY to serve as the Company’s independent registered public accounting firm for fiscal 2027. Accordingly, the Audit Committee has reappointed EY as the Company’s independent auditor for fiscal 2027.
Members of the Audit Committee rely without independent verification on the information provided to them and on the representations made by management and the independent auditor. Accordingly, Audit Committee oversight does not provide an independent basis to determine that management has operated according to appropriate accounting and financial reporting principles or maintained appropriate internal controls and procedures designed to assure compliance with accounting standards and applicable laws and regulations. Furthermore, the Audit Committee’s considerations and discussions referred to above do not assure that the audit of our financial statements has been carried out in accordance with the standards of the PCAOB, that the consolidated financial statements are presented in accordance with U.S. generally accepted accounting principles or that EY is in fact “independent.”
As recommended by the Nominating and Corporate Governance Committee, the Board’s nominees for election to the Board by the stockholders are the following current members of the Board: Marc Benioff, Laura Alber, Amy Chang, Craig Conway, Arnold Donald, Parker Harris, David B. Kirk, Neelie Kroes, Sachin Mehra, Mason Morfit, Oscar Munoz, John V. Roos, and Robin Washington. Ms. Chang and Mr. Kirk were appointed by the Board effective July 9, 2025, and each of the other nominees was most recently elected by stockholders at the 2025 Annual Meeting of Stockholders.
•Administration. The 2013 Plan is administered by the Compensation Committee of the Board, which is comprised entirely of independent, non-employee directors.
The 2013 Plan will be administered by the Board or a committee of individuals satisfying applicable laws appointed by the Board (the “Committee”). The Board has appointed its Compensation Committee as the Committee administering the 2013 Plan. Different Committees may administer the 2013 Plan with respect to different groups of service providers. If the Administrator desires to qualify grants to certain officers and key employees of the Company as exempt under Rule 16b-3 of the Exchange Act, the members of the Committee must qualify as “non-employee directors” under such rule. (For purposes of this summary of the 2013 Plan, the term “Administrator” will refer to either the Committee or the Board.) The Administrator may delegate day-to-day administration of the 2013 Plan, and any of the functions assigned to it, to one or more individuals.
All audit and non-audit services provided by EY to the Company must be pre-approved by the Audit Committee. The Audit Committee uses the following procedures in pre-approving all audit and non-audit services provided by EY. The Audit Committee is presented with a detailed listing of the individual audit and non-audit services and fees (separately describing audit-related services, tax services, and other services) expected to be provided by EY during the year. Quarterly, the Audit Committee is presented with an update of any new audit and non-audit services to be provided by EY. The Audit Committee reviews the update and approves the services outlined therein if such services are acceptable to the Audit Committee. To ensure prompt handling of unexpected matters, the Audit Committee delegates to the chair of the Audit Committee the authority to amend or modify the list of audit and non-audit services and fees. However, approval of such additional or amended services is not permitted if it would affect EY’s independence under applicable SEC rules. The chair of the Audit Committee reports any such action taken to the Audit Committee at the next Audit Committee meeting.",text,PASS,"{""fiscal_year"": 2026, ""period_start"": ""2025-02-01"", ""period_end"": ""2026-01-31""}","{""run_id"": ""run:ordinary-integrated:35f1067c96f45ecef1c4f3baa9c08b60103478a17b5b208e149d55e47a7f5bc2"", ""result_id"": ""sha256:6d2608aed318b6113f7de35984cefaab059bcc38b949b2c6a7c6b9eda3e2ac5a"", ""spec_closure_hash"": ""sha256:fe99c55991a9f0d86cf31bcd8b009347dbe9b41ba7547a0fab1cc14ffb67cc41"", ""head"": ""1c9f5621e4e09f891d597fa7edcea970a3d434dc"", ""evidence_date"": ""2026-09-12"", ""current_code_replay_claim"": false}",SAVED_SEC_ORIGINAL_NATIVE_DEVELOPMENT_RESULT,SAVED_ORIGINAL_SEC_SOURCE_NO_NEW_ACQUISITION,"{""path"": ""docs/evidence/issue28_continuous/completed-v14-batch-340/summary.json"", ""selector"": ""salesforce/C02""}",False,False,Current affected-path evidence and unified update/release acceptance; no blanket rerun claim
salesforce,C03,NUMERIC_RESULT,EXACT,APPLICABLE,49379252,USD,PASS,"{""fiscal_year"": 2026, ""period_start"": ""2025-02-01"", ""period_end"": ""2026-01-31""}","{""run_id"": ""run:ordinary-integrated:eb7872d56b582bb997764a1ecfba2077463430ef377f40c4461b7e725e670c90"", ""result_id"": ""sha256:965d6f4719b70e609e4c507bb25eab026e6c4c1e5ab9d56e0e0884025f9cbad9"", ""spec_closure_hash"": ""sha256:47d1a8148805ad612674bd1b6b6ce11e1845791336b63f79f35d96598de9b772"", ""head"": ""1c9f5621e4e09f891d597fa7edcea970a3d434dc"", ""evidence_date"": ""2026-09-12"", ""current_code_replay_claim"": false}",SAVED_SEC_ORIGINAL_NATIVE_DEVELOPMENT_RESULT,SAVED_ORIGINAL_SEC_SOURCE_NO_NEW_ACQUISITION,"{""path"": ""docs/evidence/issue28_continuous/completed-v14-batch-340/summary.json"", ""selector"": ""salesforce/C03""}",False,False,Current affected-path evidence and unified update/release acceptance; no blanket rerun claim
salesforce,C04,NUMERIC_RESULT,EXACT,APPLICABLE,0,flag,PASS,"{""fiscal_year"": 2026, ""period_start"": ""2025-02-01"", ""period_end"": ""2026-01-31""}","{""run_id"": ""run:ordinary-integrated:3fbe309b87ef148ded186c51e04d4bdbc1b94017e65d379243edafb2ed0a27b3"", ""result_id"": ""sha256:4f766e720528b9ec2fe19132c2eccff0cf041562b2024b9c412fabaaf104bee9"", ""spec_closure_hash"": ""sha256:e85274fbab94d7e316ca58710a41a00e3197688cdaff68d6c064470c17bd8f1d"", ""requirement_closure_hash"": ""sha256:0acc91d0bad45660d98feadecc3842eb697dcdef7fcf17c1ae513f6bd13a79dd""}",SAVED_SEC_ORIGINAL_NATIVE_DEVELOPMENT_RESULT,VERIFIED_SEC_ACQUISITION,"{""path"": ""docs/evidence/issue28_continuous/ordinary-history-identities/restored-and-regression-coordinates.json"", ""selector"": ""salesforce/C04"", ""archive"": ""ordinary-history-identities/material.tar.gz"", ""coordinate_member"": ""history-identity-native-final/coordinates/salesforce-C04.json"", ""run_records"": ""history-identity-native-final/runs/salesforce/C04/records.jsonl"", ""run_manifest"": ""history-identity-native-final/runs/salesforce/C04/manifest.json""}",False,False,Current affected-path evidence and unified update/release acceptance; no blanket rerun claim
salesforce,D01,TEXT_RESULT,EXACT,APPLICABLE,"Risk Factor Summary
Operational and Execution Risks
Strategic and Industry Risks
Legal and Regulatory Risks
Financial Risks
Risks Related to Owning Our Common Stock
General Risks
If our security measures, or those of our third-party data center providers, cloud computing platform providers, customers, partners, other third-party vendors or the underlying Internet infrastructure, are breached or otherwise compromised, resulting in the unauthorized access to, disclosure, alteration, corruption, destruction or loss of customer data, our data or our IT systems, or disruption of authorized access thereto, our services may be perceived as insecure, customers may reduce or terminate their use of our services, and we may incur significant reputational harm, legal liability, regulatory scrutiny or a negative financial impact.
Defects or disruptions in our services could diminish demand for our services and subject us to substantial liability.
Any interruptions or delays in services from third parties, including data center hosting facilities, cloud computing platform providers and other hardware and software vendors, as well as Internet infrastructure, or from our inability to adequately plan for and manage service interruptions or infrastructure capacity requirements, could impair the delivery of our services and harm our business.
As we acquire companies or technologies, we may not realize the expected business or financial benefits and the acquisitions could prove difficult to integrate, disrupt our business, dilute stockholder value and adversely affect our operating results and the market value of our common stock.
Supporting our existing and growing customer base could strain our personnel resources and infrastructure, and if we are unable to scale our operations and increase productivity, we may not be able to successfully implement our business plan.
If our customers do not renew their subscriptions or if they reduce subscriptions at renewal, our revenue and current remaining performance obligation could decline and our business may suffer. If customer usage of consumption-based offerings is below expected levels, our revenue could decline. If we cannot accurately predict subscription renewals or upgrade rates or optimal pricing for consumption-based contracts, we may not meet our revenue targets, which may adversely affect our stock price.
Periodic changes to our sales organization can be disruptive and may reduce our rate of growth.
Sales to customers outside the United States expose us to risks inherent in international operations.
Sales to larger enterprise customers may involve more time-consuming and expensive sales cycles, pricing pressure and implementation and configuration challenges, and, for some complex transactions, delayed revenue recognition, all of which could harm our business and operating results.
We may lose key members of our management team or development and operations personnel, and may be unable to attract and retain employees we need to support our operations and growth.
Any failure in the delivery of high-quality professional and technical support services related to our online applications may adversely affect our relationships with our customers and our financial results.
The markets in which we participate are intensely competitive, and if we do not compete effectively, our operating results could be harmed.
Our efforts to expand our service offerings and to develop and integrate our existing services in order to keep pace with technological developments may not succeed and may reduce our revenue growth rate and harm our business.
Our continued success depends on our ability to maintain and enhance our brands.
We are subject to risks associated with our strategic investments, including partial or complete loss of invested capital. Significant changes in the fair value of this portfolio could negatively impact our financial results.
If third-party developers and vendors do not continue to embrace our technology delivery model and enterprise cloud computing services, or if our customers seek warranties from us for third-party applications, integrations, data and content, our business could be harmed.
Social, ethical, and regulatory issues, including the development, deployment, use or capabilities of AI in our offerings, may result in reputational harm, legal liability and increased compliance costs.
The evolving landscape related to environmental, social and governance matters may expose us to risks that could adversely affect our reputation and performance.
Privacy concerns and laws as well as evolving regulation of cloud computing, AI services, cross-border data transfers and other domestic or foreign regulations may limit the use and adoption of our services and adversely affect our business.
Industry-specific regulations and other requirements and standards are evolving and industry-specific laws, regulations, interpretive positions or standards could harm our business.
We have been and may in the future be sued by third parties for various claims, including alleged infringement of proprietary rights.
Any failure to obtain registration or protection of our intellectual property rights could impair our ability to protect our proprietary technology and our brand, causing us to incur significant expenses and harm our business.
We may be subject to risks related to government contracts and related procurement regulations.
We may be subject to risks from governmental sanctions and export and import controls that could impair our ability to compete in international markets and subject us to liability if we are not in full compliance with applicable laws.
Because we generally recognize revenue from subscriptions for our services over the term of the subscription, downturns or upturns in new business may not be immediately reflected in our operating results.
If we experience significant fluctuations in our rate of anticipated growth and fail to balance our expenses with our revenue forecasts, our business could be harmed and our stock price could decline.
Unanticipated changes in our effective tax rate and additional tax liabilities and global tax developments may impact our financial results.
We are exposed to fluctuations in currency exchange rates that have in the past and could in the future negatively impact our financial results and cash flows from changes in the value of the U.S. Dollar versus local currencies.
Our debt service obligations, lease commitments and other contractual obligations may adversely affect our financial condition, results of operations and cash flows.
Our quarterly results are likely to fluctuate, which may cause the value of our common stock to decline substantially.
Our stock price is likely to be volatile and could subject us to litigation.
Provisions in our governing documents and Delaware law might discourage, delay or prevent a change of control of the Company or changes in our management and, therefore, depress our stock price.
There can be no assurance that we will continue to declare cash dividends in any particular amounts, or at all.
Volatile and significantly weakened global economic conditions have in the past and may in the future adversely affect our industry, business and results of operations.
Geopolitical crises, natural disasters and other catastrophic events beyond our control have in the past and may in the future materially adversely affect us.
Climate change may have an impact on our business.",text,PASS,"{""fiscal_year"": 2026, ""period_start"": ""2025-02-01"", ""period_end"": ""2026-01-31""}","{""run_id"": ""run:ordinary-integrated:f2c4eb9026b055e70d61f2b8f23864a9aff7f613de48b9e91e3e3b9a263f249a"", ""result_id"": ""sha256:6f9deeb337014c0a18af0bb1415850dc79ff82eaca86870461d1afc7ffa03852"", ""spec_closure_hash"": ""sha256:2cf616ccdb70214edf453184505f984279be5cfa9fd0b966993eeb70b767b400"", ""head"": ""1c9f5621e4e09f891d597fa7edcea970a3d434dc"", ""evidence_date"": ""2026-09-12"", ""current_code_replay_claim"": false}",SAVED_SEC_ORIGINAL_NATIVE_DEVELOPMENT_RESULT,SAVED_ORIGINAL_SEC_SOURCE_NO_NEW_ACQUISITION,"{""path"": ""docs/evidence/issue28_continuous/completed-v14-batch-340/summary.json"", ""selector"": ""salesforce/D01""}",False,False,Current affected-path evidence and unified update/release acceptance; no blanket rerun claim
salesforce,D02,TEXT_RESULT,EXACT,APPLICABLE,"We evaluate all claims and lawsuits with respect to their potential merits, our potential defenses and counterclaims, settlement or litigation potential and the expected effect on us. Our technologies may be subject to an injunction if they are found to infringe the rights of a third party. In addition, many of our subscription agreements require us to indemnify our customers for third-party intellectual property infringement claims, which could increase the cost to us of an adverse ruling on such a claim.
The outcome of any claims or litigation, regardless of the merits, is inherently uncertain. Any claims and other lawsuits, and the disposition of such claims and lawsuits, whether through settlement or litigation, could be time-consuming and expensive to resolve, divert our attention from executing our business plan, result in efforts to enjoin our activities, lead to attempts by third parties to seek similar claims and, in the case of intellectual property claims, require us to change our technology, change our business practices, pay monetary damages or enter into short- or long-term royalty or licensing agreements.
For more information regarding legal proceedings see Note 14 “Legal Proceedings and Claims” to the consolidated financial statements in Item 8 of Part II.
14. Legal Proceedings and Claims
The Company makes a provision for a liability relating to legal matters when it is both probable that a liability has been incurred and the amount of the loss can be reasonably estimated. These provisions are reviewed at least quarterly and adjusted to reflect the impacts of negotiations, estimated settlements, legal rulings, advice of legal counsel and other information and events pertaining to a particular matter. The outcomes of legal proceedings and other contingencies are, however, inherently unpredictable and subject to significant uncertainties. At this time, the Company is not able to reasonably estimate the amount or range of possible losses in excess of any amounts accrued, including losses that could arise as a result of application of non-monetary remedies, with respect to the contingencies it faces, and the Company’s estimates may not prove to be accurate.
Slack Litigation
Beginning in September 2019, seven purported class action lawsuits were filed against Slack, its directors, certain of its officers and certain investment funds associated with certain of its directors, each alleging violations of securities laws in connection with Slack’s registration statement on Form S-1 (the “Registration Statement”) filed with the SEC. All but one of these actions were filed in the Superior Court of California for the County of San Mateo, though one plaintiff originally filed in the County of San Francisco before refiling in the County of San Mateo (and the original San Francisco action was dismissed). The remaining action was filed in the U.S. District Court for the Northern District of California (the “Federal Action”). In the Federal Action, captioned Dennee v. Slack Technologies, Inc., Case No. 3:19-CV-05857-SI, Slack and the other defendants filed a motion to dismiss the complaint in January 2020. In April 2020, the court granted in part and denied in part the motion to dismiss. In May 2020, Slack and the other defendants filed a motion to certify the court’s order for interlocutory appeal, which the court granted. Slack and the other defendants filed a petition for permission to appeal the district court’s order to the Ninth Circuit Court of Appeals, which was granted in July 2020. Oral argument was heard in May 2021. On September 20, 2021, the Ninth Circuit affirmed the district court’s ruling. Slack filed a petition for rehearing with the Ninth Circuit on November 3, 2021, which was denied on May 2, 2022. Slack filed a petition for a writ of certiorari with the U.S. Supreme Court on August 31, 2022, which was granted on December 13, 2022. On June 1, 2023, the Supreme Court issued a unanimous decision vacating the Ninth Circuit’s decision and remanded for further proceedings. The Ninth Circuit ordered the parties to submit additional briefing in light of the Supreme Court’s decision. On February 10, 2025, the Ninth Circuit issued an opinion reversing the district court’s order and instructing the district court to dismiss the complaint with prejudice. On July 10, 2025, the plaintiff filed a petition for a writ of certiorari with the U.S. Supreme Court, which was denied on October 6, 2025. On November 4, 2025, the defendants requested that the district court enter judgment against the plaintiff in the Federal Action. On November 10, 2025, the court entered judgment for defendants and against the plaintiff, which marks the conclusion of the Federal Action. The state court actions were consolidated in November 2019, and the consolidated action is captioned In re Slack Technologies, Inc. Shareholder Litigation, Lead Case No. 19CIV05370 (the “State Court Action”). An additional state court action was filed in San Mateo County in June 2020 but was consolidated with the State Court Action in July 2020. Slack and the other defendants filed demurrers to the complaint in the State Court Action in February 2020. In August 2020, the court sustained in part and overruled in part the demurrers, and granted plaintiffs leave to file an amended complaint, which they filed in October 2020. Slack and the other defendants answered the complaint in November 2020. Plaintiffs filed a motion for class certification
Backpage Litigation
Since May 2023, a number of similar actions have been filed in federal and state courts, including principally: (1) actions filed by 30 plaintiffs in the U.S. District Court for the Northern District of Texas, which were consolidated as S.M.A. v. Salesforce, Inc., Case No. 3:23-CV-0915-B (“S.M.A”); (2) actions filed by 21 plaintiffs in Texas state court in Dallas County, which were removed to the U.S. District Court for the Northern District of Texas and consolidated as A.S. v. Salesforce, Inc., Case No. 3:23-CV-1039-B (“A.S.”); (3) an action by a single plaintiff filed in Texas state court in Harris County, which was removed to the U.S. District Court for the Southern District of Texas as T.S. v. Salesforce, Inc., Case No. 4:23-CV-01792 (“T.S.”); (4) an action by a single plaintiff filed in Texas state court in Harris County, which was removed to the U.S. District Court for the Southern District of Texas as A.A. v. Salesforce, Inc., Case No. 4:26-CV-00757 (“A.A.”); (5) an action filed by a single plaintiff in the U.S. District Court for the Southern District of Texas as Jane Doe (C.S.) v. Salesforce, Inc., Case No. 2:25-CV-189 (“C.S.”); (6) an action filed by a single plaintiff in the U.S. District Court for the Western District of Washington as M.K. v. Salesforce.com, Inc, Case No. 2:23-CV-435 (“M.K.”); (7) an action filed by a single plaintiff in the U.S. District Court for the Middle District of Florida as I.H. v. Salesforce.com, LLC, Case No. 8:24-CV-1678 (“I.H.”); (8) an action filed by 13 plaintiffs in the U.S. District Court for the Northern District of Illinois as A.G.B. v. Salesforce, Inc., Case No. 25-CV-15801 (“A.G.B.”); and an action filed by a single plaintiff in the U.S. District Court for the Northern District of Illinois as J.L.D. v. Salesforce, Inc., Case No. 26-CV-01580 (“J.L.D.”). Six actions have further been filed by 244 plaintiffs in the U.S. District Court for the Northern District of Illinois and have been consolidated with G.G. (“G.G. consolidated cases”): A.I.R. v. Salesforce, Inc., Case No. 1:25-CV-6867; J.M.M. v. Salesforce, Inc., Case No. 1:25-CV-6868; K.B. v. Salesforce, Inc., Case No. 1:25-CV-6869; N.R.J. v. Salesforce, Inc., Case No. 1:25-CV-6870; M.K. v. Salesforce, Inc., Case No. 1:25-CV-6871; and N.A.M. v. Salesforce, Inc., Case No. 1:25-CV-6872. Separately, 19 actions have been filed by 19 plaintiffs in Texas state court, which are proceeding in a Texas state court multidistrict litigation in Harris County District Court, captioned In re Jane Doe Cases, MDL 2020-28545 (“Texas MDL”). In March 2024, the district court in S.M.A. granted the Company’s consolidated motion to dismiss the complaint on the ground that plaintiffs had not alleged the requisite intent element under the federal trafficking statute, and in April 2024 an amended complaint was filed amending the federal law claim and adding a Texas state law claim. In May 2024, the Company moved to dismiss the amended complaint. In March 2025, the district court granted the motion as to the Texas state law claims, dismissed the Texas claim with prejudice, and denied the motion as to the federal law claim. In October 2025, S.M.A. was stayed pursuant to 18 U.S.C. § 1595(b) pending the final adjudication of the criminal proceedings involving Backpage. In September 2024, the district court in A.S. denied the Company’s motion to dismiss. In November 2024, the Company moved for judgment on the pleadings. In May 2025, the district court granted that motion with leave to amend. Plaintiffs then filed a consolidated amended complaint, and on June 20, 2025, the Company moved to dismiss that complaint. This motion was pending when, in October 2025, A.S. also was stayed pursuant to 18 U.S.C. § 1595(b) pending the final adjudication of the criminal proceedings involving Backpage. In June 2023, the Company moved to dismiss T.S., and that motion remains pending. In March 2024, T.S. was stayed pending the interlocutory appeal in A.B., which was remanded to",text,PASS,"{""fiscal_year"": 2026, ""period_start"": ""2025-02-01"", ""period_end"": ""2026-01-31""}","{""run_id"": ""run:ordinary-integrated:089041fe0c8881aae462f16f34f74b0a2f5d60065a0bc08753e552162ac89312"", ""result_id"": ""sha256:70d93fda316b0d12a7bc7cf7228a489ec5de9863e50251d93fd314dd58661b5a"", ""spec_closure_hash"": ""sha256:d0e1a602d16c329087fef7fcf9d5378fe6dbc451ccc8fb8124d219e412e76214"", ""head"": ""1c9f5621e4e09f891d597fa7edcea970a3d434dc"", ""evidence_date"": ""2026-09-12"", ""current_code_replay_claim"": false}",SAVED_SEC_ORIGINAL_NATIVE_DEVELOPMENT_RESULT,SAVED_ORIGINAL_SEC_SOURCE_NO_NEW_ACQUISITION,"{""path"": ""docs/evidence/issue28_continuous/completed-v14-batch-340/summary.json"", ""selector"": ""salesforce/D02""}",False,False,Current affected-path evidence and unified update/release acceptance; no blanket rerun claim
salesforce,D03,VALIDATION_OR_IMPLEMENTATION_PENDING,,APPLICABLE,,,D03_NATIVE_RESULT_ROUTE_AND_REAL_VALIDATION_PENDING,"{""fiscal_year"": 2026, ""period_start"": ""2025-02-01"", ""period_end"": ""2026-01-31""}","{""source_id"": ""sha256:19a224c36c701ae527ab15928a1e913177d0eff8e5d3934e6b1565d5a6dc854e"", ""request_context_format"": ""deepseek-v41-two-message-json-chat-1"", ""implementation_files"": ""docs/evidence/issue28_continuous/request-context-counting/implementation-files.json""}",SOURCE_PREPARATION_WITH_SEPARATE_RECORDED_OR_SYNTHETIC_DEVELOPMENT_EVIDENCE,SEE_ORIGINAL_SOURCE_PROOFS_NO_MODEL_RESULT_CREDIT,"{""path"": ""docs/evidence/issue28_continuous/request-context-counting/grouped-census.json"", ""selector"": ""salesforce/D03""}",False,False,Complete current source-dependent native response/Review/Run validation; retain partials and failures at original scope
salesforce,D04,VALIDATION_OR_IMPLEMENTATION_PENDING,,APPLICABLE,,,D04_COMPLETE_CURRENT_REAL_VALIDATION_PENDING,"{""fiscal_year"": 2026, ""period_start"": ""2025-02-01"", ""period_end"": ""2026-01-31""}","{""source_id"": ""sha256:fa0cf3c8bbfb847e36a1279d54e6640b394ff8a483f6fadb764b33f183bf837e"", ""request_context_format"": ""deepseek-v41-two-message-json-chat-1"", ""implementation_files"": ""docs/evidence/issue28_continuous/request-context-counting/implementation-files.json""}",SOURCE_PREPARATION_WITH_SEPARATE_RECORDED_OR_SYNTHETIC_DEVELOPMENT_EVIDENCE,SEE_ORIGINAL_SOURCE_PROOFS_NO_MODEL_RESULT_CREDIT,"{""path"": ""docs/evidence/issue28_continuous/request-context-counting/grouped-census.json"", ""selector"": ""salesforce/D04""}",False,False,Complete current source-dependent native response/Review/Run validation; retain partials and failures at original scope
salesforce,E01,NUMERIC_RESULT,EXACT,APPLICABLE,1,count,PASS,"{""fiscal_year"": 2026, ""period_start"": ""2025-02-01"", ""period_end"": ""2026-01-31""}","{""run_id"": ""run:ordinary-integrated:5a27de998f848baf0b517d58d060c4ca2387bc5ca8a37834d7d59735b899de85"", ""result_id"": ""sha256:996f71fb0b405f11673b4d451fd209d241a7b5a47a56556b573bf4f71dfdc6f6"", ""spec_closure_hash"": ""sha256:7d5864cc3a591b5f0a3b903c4cadcaeb0782dcb60bfe2f75b744cef8f8364ccb"", ""requirement_closure_hash"": ""sha256:fc6de0fa5027a4c98dba805db0dc4bde6ed65973b1e0098ec8160a50c8637a18""}",SAVED_SEC_ORIGINAL_NATIVE_DEVELOPMENT_RESULT,VERIFIED_SEC_ACQUISITION,"{""path"": ""docs/evidence/issue28_continuous/ordinary-document-identity/restored-coordinates.json"", ""selector"": ""salesforce/E01"", ""archive"": ""ordinary-document-identity/material.tar.gz"", ""coordinate_member"": ""live-restored-salesforce-native/coordinates/salesforce-E01.json"", ""run_records"": ""live-restored-salesforce-native/runs/salesforce/E01/records.jsonl"", ""run_manifest"": ""live-restored-salesforce-native/runs/salesforce/E01/manifest.json""}",False,False,Current affected-path evidence and unified update/release acceptance; no blanket rerun claim
salesforce,E02,NUMERIC_RESULT,EXACT,APPLICABLE,0,count,PASS,"{""fiscal_year"": 2026, ""period_start"": ""2025-02-01"", ""period_end"": ""2026-01-31""}","{""run_id"": ""run:ordinary-integrated:fb107c052c624c571d553310c2d12ae6e04728795e0d0d4cb9820e540833383e"", ""result_id"": ""sha256:ab24f9a27b68644617d016ec97f0bf003cd5a3d6a80cc953f341afc8c7074b62"", ""spec_closure_hash"": ""sha256:2225c56a35257b1ccf88dd4532f450dc264095fcbf4bcfa095a7a8f801e88465"", ""requirement_closure_hash"": ""sha256:fc6de0fa5027a4c98dba805db0dc4bde6ed65973b1e0098ec8160a50c8637a18""}",SAVED_SEC_ORIGINAL_NATIVE_DEVELOPMENT_RESULT,VERIFIED_SEC_ACQUISITION,"{""path"": ""docs/evidence/issue28_continuous/ordinary-document-identity/restored-coordinates.json"", ""selector"": ""salesforce/E02"", ""archive"": ""ordinary-document-identity/material.tar.gz"", ""coordinate_member"": ""live-restored-salesforce-native/coordinates/salesforce-E02.json"", ""run_records"": ""live-restored-salesforce-native/runs/salesforce/E02/records.jsonl"", ""run_manifest"": ""live-restored-salesforce-native/runs/salesforce/E02/manifest.json""}",False,False,Current affected-path evidence and unified update/release acceptance; no blanket rerun claim
salesforce,E03,NUMERIC_RESULT,EXACT,APPLICABLE,3,count,PASS,"{""fiscal_year"": 2026, ""period_start"": ""2025-02-01"", ""period_end"": ""2026-01-31""}","{""run_id"": ""run:ordinary-integrated:5ccc1335965717a8dfbf5d7b2d7e13e93ad50bc89bf17715e3970273126403a9"", ""result_id"": ""sha256:87474135026dea7096bfce69cccdc0a17100c39d102a6ea22685f20df96b1a34"", ""spec_closure_hash"": ""sha256:6a53aad18d3a406b16f08c8ddf337cafca865d9ed3843044ae47fcfef17a74a7"", ""requirement_closure_hash"": ""sha256:fc6de0fa5027a4c98dba805db0dc4bde6ed65973b1e0098ec8160a50c8637a18""}",SAVED_SEC_ORIGINAL_NATIVE_DEVELOPMENT_RESULT,VERIFIED_SEC_ACQUISITION,"{""path"": ""docs/evidence/issue28_continuous/ordinary-document-identity/restored-coordinates.json"", ""selector"": ""salesforce/E03"", ""archive"": ""ordinary-document-identity/material.tar.gz"", ""coordinate_member"": ""live-restored-salesforce-native/coordinates/salesforce-E03.json"", ""run_records"": ""live-restored-salesforce-native/runs/salesforce/E03/records.jsonl"", ""run_manifest"": ""live-restored-salesforce-native/runs/salesforce/E03/manifest.json""}",False,False,Current affected-path evidence and unified update/release acceptance; no blanket rerun claim
salesforce,E04,NUMERIC_RESULT,EXACT,APPLICABLE,0,count,PASS,"{""fiscal_year"": 2026, ""period_start"": ""2025-02-01"", ""period_end"": ""2026-01-31""}","{""run_id"": ""run:ordinary-integrated:a90d384c94e89d8a051c240642ba824b35125a3758266ad4674c5e36c378d010"", ""result_id"": ""sha256:341d24586f51a0a778d0b923b2d1af6368a9c51443bd1ac2628f55ee28a7aafa"", ""spec_closure_hash"": ""sha256:034565b73fcf2d88fcff21e36b9fcc5a7ce604c7e09bb8d8d6ab940e5d56b24d"", ""requirement_closure_hash"": ""sha256:fc6de0fa5027a4c98dba805db0dc4bde6ed65973b1e0098ec8160a50c8637a18""}",SAVED_SEC_ORIGINAL_NATIVE_DEVELOPMENT_RESULT,VERIFIED_SEC_ACQUISITION,"{""path"": ""docs/evidence/issue28_continuous/ordinary-document-identity/restored-coordinates.json"", ""selector"": ""salesforce/E04"", ""archive"": ""ordinary-document-identity/material.tar.gz"", ""coordinate_member"": ""live-restored-salesforce-native/coordinates/salesforce-E04.json"", ""run_records"": ""live-restored-salesforce-native/runs/salesforce/E04/records.jsonl"", ""run_manifest"": ""live-restored-salesforce-native/runs/salesforce/E04/manifest.json""}",False,False,Current affected-path evidence and unified update/release acceptance; no blanket rerun claim
salesforce,E05,NUMERIC_RESULT,EXACT,APPLICABLE,1,count,PASS,"{""fiscal_year"": 2026, ""period_start"": ""2025-02-01"", ""period_end"": ""2026-01-31""}","{""run_id"": ""run:ordinary-integrated:81ff36636be4d7d48bc559b61d6b7f3042e43c6fb39976d4787f9ba3b7218916"", ""result_id"": ""sha256:eb7cc0a3646f6990203e4206c887d886d1c3628f8d6eb37c8434e64c6e5fb276"", ""spec_closure_hash"": ""sha256:7f09c9630d318106f98f33d82b7914b583b8db6aef5bebc019b50b82c6f54cfd"", ""requirement_closure_hash"": ""sha256:fc6de0fa5027a4c98dba805db0dc4bde6ed65973b1e0098ec8160a50c8637a18""}",SAVED_SEC_ORIGINAL_NATIVE_DEVELOPMENT_RESULT,VERIFIED_SEC_ACQUISITION,"{""path"": ""docs/evidence/issue28_continuous/ordinary-document-identity/restored-coordinates.json"", ""selector"": ""salesforce/E05"", ""archive"": ""ordinary-document-identity/material.tar.gz"", ""coordinate_member"": ""live-restored-salesforce-native/coordinates/salesforce-E05.json"", ""run_records"": ""live-restored-salesforce-native/runs/salesforce/E05/records.jsonl"", ""run_manifest"": ""live-restored-salesforce-native/runs/salesforce/E05/manifest.json""}",False,False,Current affected-path evidence and unified update/release acceptance; no blanket rerun claim
lumen_technologies,A01,STRUCTURAL_NOT_APPLICABLE,NONE,N_A_STRUCTURAL,,,TRAIT_NOT_APPLICABLE,"{""fiscal_year"": 2025, ""period_start"": ""2025-12-31"", ""period_end"": ""2025-12-31""}","{""run_id"": ""run:ordinary-integrated:6f1e88d85a63c6496089b3730beadd2100ffbfa4357e8f046ef9ba439a58d540"", ""result_id"": ""sha256:151aec0abfbce7157f0bc92c5d75a357e139609e6cff5d9dfd7cf3e04f2f52c1"", ""spec_closure_hash"": ""sha256:ee54ac53602bbc07c6449b627bd2449f30136e32d245764a847dc6282782a063"", ""head"": ""1c9f5621e4e09f891d597fa7edcea970a3d434dc"", ""evidence_date"": ""2026-09-12"", ""current_code_replay_claim"": false}",SAVED_SEC_ORIGINAL_NATIVE_DEVELOPMENT_RESULT,SAVED_ORIGINAL_SEC_SOURCE_NO_NEW_ACQUISITION,"{""path"": ""docs/evidence/issue28_continuous/completed-v14-batch-340/summary.json"", ""selector"": ""lumen_technologies/A01""}",False,False,Current affected-path evidence and unified update/release acceptance; no blanket rerun claim
lumen_technologies,A02,STRUCTURAL_NOT_APPLICABLE,NONE,N_A_STRUCTURAL,,,TRAIT_NOT_APPLICABLE,"{""fiscal_year"": 2025, ""period_start"": ""2025-12-31"", ""period_end"": ""2025-12-31""}","{""run_id"": ""run:ordinary-integrated:9361e1c1174b45a4794e377d452db2b6584a04c884e9af548b952e840581a9c9"", ""result_id"": ""sha256:04a479966ac0e77341b9b7c63455fdde589267d89b8db4bf53e148850572b441"", ""spec_closure_hash"": ""sha256:9f8a3bbf1bd4ac8229960d9ea59887842a0fbe1e5573c2dbaf9965044e91636d"", ""head"": ""1c9f5621e4e09f891d597fa7edcea970a3d434dc"", ""evidence_date"": ""2026-09-12"", ""current_code_replay_claim"": false}",SAVED_SEC_ORIGINAL_NATIVE_DEVELOPMENT_RESULT,SAVED_ORIGINAL_SEC_SOURCE_NO_NEW_ACQUISITION,"{""path"": ""docs/evidence/issue28_continuous/completed-v14-batch-340/summary.json"", ""selector"": ""lumen_technologies/A02""}",False,False,Current affected-path evidence and unified update/release acceptance; no blanket rerun claim
lumen_technologies,A03,STRUCTURAL_NOT_APPLICABLE,NONE,N_A_STRUCTURAL,,,TRAIT_NOT_APPLICABLE,"{""fiscal_year"": 2025, ""period_start"": ""2025-01-01"", ""period_end"": ""2025-12-31""}","{""run_id"": ""run:ordinary-integrated:7fe0dc7a38267a0b9a7d31e2e56fb015736dd33979fb366b64ab1229aba7f730"", ""result_id"": ""sha256:215c5270c8db3259d8230d004ec98b176a4ded57074a25e649bf5d692ad878f7"", ""spec_closure_hash"": ""sha256:99ff7afa51744213038acd97d91f0d62d641a1090f96fa85d860708579d64601"", ""head"": ""1c9f5621e4e09f891d597fa7edcea970a3d434dc"", ""evidence_date"": ""2026-09-12"", ""current_code_replay_claim"": false}",SAVED_SEC_ORIGINAL_NATIVE_DEVELOPMENT_RESULT,SAVED_ORIGINAL_SEC_SOURCE_NO_NEW_ACQUISITION,"{""path"": ""docs/evidence/issue28_continuous/completed-v14-batch-340/summary.json"", ""selector"": ""lumen_technologies/A03""}",False,False,Current affected-path evidence and unified update/release acceptance; no blanket rerun claim
lumen_technologies,A04,STRUCTURAL_NOT_APPLICABLE,NONE,N_A_STRUCTURAL,,,TRAIT_NOT_APPLICABLE,"{""fiscal_year"": 2025, ""period_start"": ""2025-01-01"", ""period_end"": ""2025-12-31""}","{""run_id"": ""run:ordinary-integrated:9b6ba58d2a31c2f73ba62e0d5ac28ebfe65c0ade48d53d6eef2efea526591756"", ""result_id"": ""sha256:1d90315f0476521f06d04c21f99d2e1d3e2e306e926c73c1581700b3b28e42a2"", ""spec_closure_hash"": ""sha256:bf1f13bb535f9b2004629af329532e19d87362d41606540da719b789229e9282"", ""head"": ""1c9f5621e4e09f891d597fa7edcea970a3d434dc"", ""evidence_date"": ""2026-09-12"", ""current_code_replay_claim"": false}",SAVED_SEC_ORIGINAL_NATIVE_DEVELOPMENT_RESULT,SAVED_ORIGINAL_SEC_SOURCE_NO_NEW_ACQUISITION,"{""path"": ""docs/evidence/issue28_continuous/completed-v14-batch-340/summary.json"", ""selector"": ""lumen_technologies/A04""}",False,False,Current affected-path evidence and unified update/release acceptance; no blanket rerun claim
lumen_technologies,A05,STRUCTURAL_NOT_APPLICABLE,NONE,N_A_STRUCTURAL,,,TRAIT_NOT_APPLICABLE,"{""fiscal_year"": 2025, ""period_start"": ""2025-01-01"", ""period_end"": ""2025-12-31""}","{""run_id"": ""run:ordinary-integrated:331aef75e22103d3223ac01726828a1c7819d7e9f8f4cdcfd98188a02fab9866"", ""result_id"": ""sha256:e6d20622c64aa2a824fa7772c85bc9373f83ca17cffb7573c1b0910927aada4e"", ""spec_closure_hash"": ""sha256:e0ecf50b6a31a389933921d927ba00ca640b5b49002526cb537afa70be1e7ca3"", ""head"": ""1c9f5621e4e09f891d597fa7edcea970a3d434dc"", ""evidence_date"": ""2026-09-12"", ""current_code_replay_claim"": false}",SAVED_SEC_ORIGINAL_NATIVE_DEVELOPMENT_RESULT,SAVED_ORIGINAL_SEC_SOURCE_NO_NEW_ACQUISITION,"{""path"": ""docs/evidence/issue28_continuous/completed-v14-batch-340/summary.json"", ""selector"": ""lumen_technologies/A05""}",False,False,Current affected-path evidence and unified update/release acceptance; no blanket rerun claim
lumen_technologies,A06,STRUCTURAL_NOT_APPLICABLE,NONE,N_A_STRUCTURAL,,,TRAIT_NOT_APPLICABLE,"{""fiscal_year"": 2025, ""period_start"": ""2025-01-01"", ""period_end"": ""2025-12-31""}","{""run_id"": ""run:ordinary-integrated:d25a34ea1670d9f41d0fd09ca27417790079a967a282337d27b416b556e69b28"", ""result_id"": ""sha256:e033999aad7dcf12fafa32a57f32efc320f62c6cd7c1f474e0ec70ad7ee41a70"", ""spec_closure_hash"": ""sha256:db527edadcca6b1b16a6442dd42972c51ec1b9a45b54e3faf636387980327ee2"", ""head"": ""1c9f5621e4e09f891d597fa7edcea970a3d434dc"", ""evidence_date"": ""2026-09-12"", ""current_code_replay_claim"": false}",SAVED_SEC_ORIGINAL_NATIVE_DEVELOPMENT_RESULT,SAVED_ORIGINAL_SEC_SOURCE_NO_NEW_ACQUISITION,"{""path"": ""docs/evidence/issue28_continuous/completed-v14-batch-340/summary.json"", ""selector"": ""lumen_technologies/A06""}",False,False,Current affected-path evidence and unified update/release acceptance; no blanket rerun claim
lumen_technologies,A07,STRUCTURAL_NOT_APPLICABLE,NONE,N_A_STRUCTURAL,,,TRAIT_NOT_APPLICABLE,"{""fiscal_year"": 2025, ""period_start"": ""2025-01-01"", ""period_end"": ""2025-12-31""}","{""run_id"": ""run:ordinary-integrated:83ab4e7dc2056e965a6276d92c998dcd431d72cfc822efc951feb9288fae3e3a"", ""result_id"": ""sha256:fbc797e42b8268579f0ec42cd9f9d1ca217858a8b095157cbfd082382026040d"", ""spec_closure_hash"": ""sha256:3735428ca12d51893ed0b3e20a9563cb95cf7f90b4bcef3b2bcec9a947893b50"", ""head"": ""1c9f5621e4e09f891d597fa7edcea970a3d434dc"", ""evidence_date"": ""2026-09-12"", ""current_code_replay_claim"": false}",SAVED_SEC_ORIGINAL_NATIVE_DEVELOPMENT_RESULT,SAVED_ORIGINAL_SEC_SOURCE_NO_NEW_ACQUISITION,"{""path"": ""docs/evidence/issue28_continuous/completed-v14-batch-340/summary.json"", ""selector"": ""lumen_technologies/A07""}",False,False,Current affected-path evidence and unified update/release acceptance; no blanket rerun claim
lumen_technologies,A08,STRUCTURAL_NOT_APPLICABLE,NONE,N_A_STRUCTURAL,,,TRAIT_NOT_APPLICABLE,"{""fiscal_year"": 2025, ""period_start"": ""2025-01-01"", ""period_end"": ""2025-12-31""}","{""run_id"": ""run:ordinary-integrated:66f8fb4a65a3157d954e34a7937e319e12b4e72d6784c63fc61c8f6a689f2fbe"", ""result_id"": ""sha256:34b2b2712a492f85ef3806e2009e52aee726fd8a95062ca2d6aa517a185abae4"", ""spec_closure_hash"": ""sha256:7e4658f2194d7a47cb8f7db5ff517ffc1eda25bc02db87b548cf6cfea0d2b65c"", ""head"": ""1c9f5621e4e09f891d597fa7edcea970a3d434dc"", ""evidence_date"": ""2026-09-12"", ""current_code_replay_claim"": false}",SAVED_SEC_ORIGINAL_NATIVE_DEVELOPMENT_RESULT,SAVED_ORIGINAL_SEC_SOURCE_NO_NEW_ACQUISITION,"{""path"": ""docs/evidence/issue28_continuous/completed-v14-batch-340/summary.json"", ""selector"": ""lumen_technologies/A08""}",False,False,Current affected-path evidence and unified update/release acceptance; no blanket rerun claim
lumen_technologies,A09,STRUCTURAL_NOT_APPLICABLE,NONE,N_A_STRUCTURAL,,,TRAIT_NOT_APPLICABLE,"{""fiscal_year"": 2025, ""period_start"": ""2025-01-01"", ""period_end"": ""2025-12-31""}","{""run_id"": ""run:ordinary-integrated:88908e5071f36a718ab37c875b411e8ba3c65f30262478428e19e6a17dba6d56"", ""result_id"": ""sha256:13a92ee3bb08888e83920eeefb9b0628c5a8a031fd5b39a86202e45499f6524c"", ""spec_closure_hash"": ""sha256:aaafb1f1c5a4318007074875776ccc6f92edffe5a78d610a729f0a46775b7dd4"", ""head"": ""1c9f5621e4e09f891d597fa7edcea970a3d434dc"", ""evidence_date"": ""2026-09-12"", ""current_code_replay_claim"": false}",SAVED_SEC_ORIGINAL_NATIVE_DEVELOPMENT_RESULT,SAVED_ORIGINAL_SEC_SOURCE_NO_NEW_ACQUISITION,"{""path"": ""docs/evidence/issue28_continuous/completed-v14-batch-340/summary.json"", ""selector"": ""lumen_technologies/A09""}",False,False,Current affected-path evidence and unified update/release acceptance; no blanket rerun claim
lumen_technologies,A10,STRUCTURAL_NOT_APPLICABLE,NONE,N_A_STRUCTURAL,,,TRAIT_NOT_APPLICABLE,"{""fiscal_year"": 2025, ""period_start"": ""2025-12-31"", ""period_end"": ""2025-12-31""}","{""run_id"": ""run:ordinary-integrated:a51ac825ca3bd5c6298ae32d1e49f02c45ae9b43e3af8af6881e829760e2a094"", ""result_id"": ""sha256:c3d4ad5d8c881b013e85457f8cd18e43c038708e0998db3dc57a4dd4dab9f8e7"", ""spec_closure_hash"": ""sha256:f8a5d6747d7e4d250993643766b19b83ab12f39ddbe3b0e9e341fe00cf5c5ffb"", ""head"": ""1c9f5621e4e09f891d597fa7edcea970a3d434dc"", ""evidence_date"": ""2026-09-12"", ""current_code_replay_claim"": false}",SAVED_SEC_ORIGINAL_NATIVE_DEVELOPMENT_RESULT,SAVED_ORIGINAL_SEC_SOURCE_NO_NEW_ACQUISITION,"{""path"": ""docs/evidence/issue28_continuous/completed-v14-batch-340/summary.json"", ""selector"": ""lumen_technologies/A10""}",False,False,Current affected-path evidence and unified update/release acceptance; no blanket rerun claim
lumen_technologies,A11,STRUCTURAL_NOT_APPLICABLE,NONE,N_A_STRUCTURAL,,,TRAIT_NOT_APPLICABLE,"{""fiscal_year"": 2025, ""period_start"": ""2025-01-01"", ""period_end"": ""2025-12-31""}","{""run_id"": ""run:ordinary-integrated:8cf53eb8d17b9198eec5d36a2e2791bdfa8f8e9ba42a42c6bfe8949b642f6e22"", ""result_id"": ""sha256:9d8f0c8dbf6959951c49c4a9e18496c051f27956fab13949a658dd131b101e6f"", ""spec_closure_hash"": ""sha256:87645fa1422b2ac635a9383b5b30d40091d45a819a3789d8415c1ed00dbc234b"", ""head"": ""1c9f5621e4e09f891d597fa7edcea970a3d434dc"", ""evidence_date"": ""2026-09-12"", ""current_code_replay_claim"": false}",SAVED_SEC_ORIGINAL_NATIVE_DEVELOPMENT_RESULT,SAVED_ORIGINAL_SEC_SOURCE_NO_NEW_ACQUISITION,"{""path"": ""docs/evidence/issue28_continuous/completed-v14-batch-340/summary.json"", ""selector"": ""lumen_technologies/A11""}",False,False,Current affected-path evidence and unified update/release acceptance; no blanket rerun claim
lumen_technologies,A12,STRUCTURAL_NOT_APPLICABLE,NONE,N_A_STRUCTURAL,,,TRAIT_NOT_APPLICABLE,"{""fiscal_year"": 2025, ""period_start"": ""2025-01-01"", ""period_end"": ""2025-12-31""}","{""run_id"": ""run:ordinary-integrated:a7aab7122e2ab1931ea6ecb31b9e4b065e07c9b0ce3ea065e680d97c19d81929"", ""result_id"": ""sha256:526a591c6572a9b47f1a2770ceae61e66efd9694ea652277a7a56d0487328d24"", ""spec_closure_hash"": ""sha256:338264b583c2d2458cb3f73d060e1a42fa9d90a20e51be961394fc27ae62b213"", ""head"": ""1c9f5621e4e09f891d597fa7edcea970a3d434dc"", ""evidence_date"": ""2026-09-12"", ""current_code_replay_claim"": false}",SAVED_SEC_ORIGINAL_NATIVE_DEVELOPMENT_RESULT,SAVED_ORIGINAL_SEC_SOURCE_NO_NEW_ACQUISITION,"{""path"": ""docs/evidence/issue28_continuous/completed-v14-batch-340/summary.json"", ""selector"": ""lumen_technologies/A12""}",False,False,Current affected-path evidence and unified update/release acceptance; no blanket rerun claim
lumen_technologies,A13,STRUCTURAL_NOT_APPLICABLE,NONE,N_A_STRUCTURAL,,,TRAIT_NOT_APPLICABLE,"{""fiscal_year"": 2025, ""period_start"": ""2025-01-01"", ""period_end"": ""2025-12-31""}","{""run_id"": ""run:ordinary-integrated:b791f4a91314d8ed4987b5acd0b15912d970563ed4b39ab35b78f6e5f4ce8086"", ""result_id"": ""sha256:69c8b0e9c483a4b4cf0d54406ccaa259c0900a280045de73e04d9d454243eaef"", ""spec_closure_hash"": ""sha256:94699b6e1c2c5d8f8e5b048007c5f863416fb4072489b274929dd4ae03716b09"", ""head"": ""1c9f5621e4e09f891d597fa7edcea970a3d434dc"", ""evidence_date"": ""2026-09-12"", ""current_code_replay_claim"": false}",SAVED_SEC_ORIGINAL_NATIVE_DEVELOPMENT_RESULT,SAVED_ORIGINAL_SEC_SOURCE_NO_NEW_ACQUISITION,"{""path"": ""docs/evidence/issue28_continuous/completed-v14-batch-340/summary.json"", ""selector"": ""lumen_technologies/A13""}",False,False,Current affected-path evidence and unified update/release acceptance; no blanket rerun claim
lumen_technologies,B01,NUMERIC_RESULT,EXACT,APPLICABLE,11331000000,USD,PASS,"{""fiscal_year"": 2025, ""period_start"": ""2025-01-01"", ""period_end"": ""2025-12-31""}","{""run_id"": ""run:ordinary-integrated:90feed9e2386968db1e4b221b122ed992faeb6cc041907c554d697bdb6bcd6e8"", ""result_id"": ""sha256:7fcf383616ec80d771c6918957b3bf1abda4722691abe0fd2cd0b57484069d9b"", ""spec_closure_hash"": ""sha256:300424426d0397ce04f6ce6f6df3a2e12259904060d31e47d8664df6e5f3d8f8"", ""head"": ""1c9f5621e4e09f891d597fa7edcea970a3d434dc"", ""evidence_date"": ""2026-09-12"", ""current_code_replay_claim"": false}",SAVED_SEC_ORIGINAL_NATIVE_DEVELOPMENT_RESULT,SAVED_ORIGINAL_SEC_SOURCE_NO_NEW_ACQUISITION,"{""path"": ""docs/evidence/issue28_continuous/completed-v14-batch-340/summary.json"", ""selector"": ""lumen_technologies/B01""}",False,False,Current affected-path evidence and unified update/release acceptance; no blanket rerun claim
lumen_technologies,B02,NUMERIC_RESULT,EXACT,APPLICABLE,-0.06579272817214939401434578283,ratio,PASS,"{""fiscal_year"": 2025, ""period_start"": ""2025-01-01"", ""period_end"": ""2025-12-31""}","{""run_id"": ""run:ordinary-integrated:3067c51f4ea99e3b54ee189123d834911d2db7621a6e7ed4d272371c124c7f18"", ""result_id"": ""sha256:f0c9bed5e63186bdbda1d035d5125dfd514a43c3adbb56e58fb95050c43aac3a"", ""spec_closure_hash"": ""sha256:7f569259f31e7d0bd237ca8ba6bc368cbf55d47453f86915c4cf8e0638868a76"", ""head"": ""1c9f5621e4e09f891d597fa7edcea970a3d434dc"", ""evidence_date"": ""2026-09-12"", ""current_code_replay_claim"": false}",SAVED_SEC_ORIGINAL_NATIVE_DEVELOPMENT_RESULT,SAVED_ORIGINAL_SEC_SOURCE_NO_NEW_ACQUISITION,"{""path"": ""docs/evidence/issue28_continuous/completed-v14-batch-340/summary.json"", ""selector"": ""lumen_technologies/B02""}",False,False,Current affected-path evidence and unified update/release acceptance; no blanket rerun claim
lumen_technologies,B03,NUMERIC_RESULT,EXACT,APPLICABLE,0.1709469596681669755537904863,ratio,PASS,"{""fiscal_year"": 2025, ""period_start"": ""2025-01-01"", ""period_end"": ""2025-12-31""}","{""run_id"": ""run:ordinary-integrated:8e162ff22cb597ad722ca3c1de912f117bbaf2b36a75b8ef861d16a36df80138"", ""result_id"": ""sha256:1afee89f9ee092a0d0f273792907462b349a4f793aa82bd1a5119e775aae167e"", ""spec_closure_hash"": ""sha256:706e541ffaf0e1d2cc091b56a635485a2145e70f40f86a401fa2e2c5b0a471e5"", ""head"": ""1c9f5621e4e09f891d597fa7edcea970a3d434dc"", ""evidence_date"": ""2026-09-12"", ""current_code_replay_claim"": false}",SAVED_SEC_ORIGINAL_NATIVE_DEVELOPMENT_RESULT,SAVED_ORIGINAL_SEC_SOURCE_NO_NEW_ACQUISITION,"{""path"": ""docs/evidence/issue28_continuous/completed-v14-batch-340/summary.json"", ""selector"": ""lumen_technologies/B03""}",False,False,Current affected-path evidence and unified update/release acceptance; no blanket rerun claim
lumen_technologies,B04,NUMERIC_RESULT,EXACT,APPLICABLE,-1739000000,USD,PASS,"{""fiscal_year"": 2025, ""period_start"": ""2025-01-01"", ""period_end"": ""2025-12-31""}","{""run_id"": ""run:ordinary-integrated:e612e9f45d62a1e996e4af9c21d0185117736403cb03922bbae4b23a5b099903"", ""result_id"": ""sha256:97521a513592376d10040b034da3e961a9308df8343d3946c7f88a968061a8e8"", ""spec_closure_hash"": ""sha256:22b0fe3ad2841f90450d503cd628fe65207ae1777968156abc13c4ee28ffb3e2"", ""head"": ""1c9f5621e4e09f891d597fa7edcea970a3d434dc"", ""evidence_date"": ""2026-09-12"", ""current_code_replay_claim"": false}",SAVED_SEC_ORIGINAL_NATIVE_DEVELOPMENT_RESULT,SAVED_ORIGINAL_SEC_SOURCE_NO_NEW_ACQUISITION,"{""path"": ""docs/evidence/issue28_continuous/completed-v14-batch-340/summary.json"", ""selector"": ""lumen_technologies/B04""}",False,False,Current affected-path evidence and unified update/release acceptance; no blanket rerun claim
lumen_technologies,B05,NUMERIC_RESULT,EXACT,APPLICABLE,371000000,USD,PASS,"{""fiscal_year"": 2025, ""period_start"": ""2025-01-01"", ""period_end"": ""2025-12-31""}","{""run_id"": ""run:ordinary-integrated:8a1cb160dfb33217313aaa5475774f3806b598976d80362090299d198696bd22"", ""result_id"": ""sha256:80f7292700f913b0f8ae0e3537be4490a4e42b532beb662c3dc837833dde7d47"", ""spec_closure_hash"": ""sha256:7fc421991b42d822b96675ac584b32e0af843a34923a90cb316cc13386debdae"", ""head"": ""1c9f5621e4e09f891d597fa7edcea970a3d434dc"", ""evidence_date"": ""2026-09-12"", ""current_code_replay_claim"": false}",SAVED_SEC_ORIGINAL_NATIVE_DEVELOPMENT_RESULT,SAVED_ORIGINAL_SEC_SOURCE_NO_NEW_ACQUISITION,"{""path"": ""docs/evidence/issue28_continuous/completed-v14-batch-340/summary.json"", ""selector"": ""lumen_technologies/B05""}",False,False,Current affected-path evidence and unified update/release acceptance; no blanket rerun claim
lumen_technologies,B06,NOT_MEANINGFUL,NOT_MEANINGFUL,APPLICABLE,,,DENOMINATOR_NONPOSITIVE,"{""fiscal_year"": 2025, ""period_start"": ""2025-12-31"", ""period_end"": ""2025-12-31""}","{""run_id"": ""run:ordinary-integrated:0c6e419e34b49936a1fd2a6573118eb50c230abb10415b79f0813d4f21b46ee0"", ""result_id"": ""sha256:de85e95241c10d0ef220d12960fb01941f25b0c910a5cdd16168f89a4b389530"", ""spec_closure_hash"": ""sha256:53f9e16980b3401f1ad2fa90e44ea16ff908f9e6a9f73fa6a443ef73b28cb1e0"", ""requirement_closure_hash"": ""sha256:2c7f64c2b35fc477988ba0779d173d43e900db4aca53ba08a11af03a7db1acbd""}",SAVED_SEC_ORIGINAL_NATIVE_DEVELOPMENT_RESULT,SAVED_ORIGINAL_SEC_SOURCE_NO_NEW_ACQUISITION,"{""path"": ""docs/evidence/issue28_continuous/integrated-amendment-repairs/denominator/summary.json"", ""selector"": ""lumen_technologies/B06""}",False,False,Current affected-path evidence and unified update/release acceptance; no blanket rerun claim
lumen_technologies,B07,NOT_MEANINGFUL,NOT_MEANINGFUL,APPLICABLE,,ratio,RATIO_NUMERATOR_NOT_POSITIVE,"{""fiscal_year"": 2025, ""period_start"": ""2025-01-01"", ""period_end"": ""2025-12-31""}","{""run_id"": ""run:ordinary-integrated:5c8eed9131dc25a8ca56f6a2ccf3f228f1b09ad36f07544b5f71cb1c822b6711"", ""result_id"": ""sha256:f54cef3ed1950e369ca87556477a12f8fb871a0c928a21b2ae4684a8a47eca7e"", ""spec_closure_hash"": ""sha256:0eb533e576d3bbcb418812e362d9e377373f83c76dd9bfa62ecb41d49475bb78"", ""requirement_closure_hash"": ""sha256:2c7f64c2b35fc477988ba0779d173d43e900db4aca53ba08a11af03a7db1acbd""}",SAVED_SEC_ORIGINAL_NATIVE_DEVELOPMENT_RESULT,SAVED_ORIGINAL_SEC_SOURCE_NO_NEW_ACQUISITION,"{""path"": ""docs/evidence/issue28_continuous/integrated-amendment-repairs/denominator/summary.json"", ""selector"": ""lumen_technologies/B07""}",False,False,Current affected-path evidence and unified update/release acceptance; no blanket rerun claim
lumen_technologies,B08,NUMERIC_RESULT,EXACT,APPLICABLE,1.801594533029612756264236902,ratio,PASS,"{""fiscal_year"": 2025, ""period_start"": ""2025-12-31"", ""period_end"": ""2025-12-31""}","{""run_id"": ""run:ordinary-integrated:58ce355b71ef18d8d0ff07a23c62bc7f57ff6778751bff4aa419b6a4ac4ef44d"", ""result_id"": ""sha256:f85566c11c81bb9c1346dec759bb44430afed6e30ba2c34a15b6c3118ffacdf9"", ""spec_closure_hash"": ""sha256:5c803b9c8f773c348d4279249eeb56b603221e55938f39cba7801b3d77a517b6"", ""head"": ""1c9f5621e4e09f891d597fa7edcea970a3d434dc"", ""evidence_date"": ""2026-09-12"", ""current_code_replay_claim"": false}",SAVED_SEC_ORIGINAL_NATIVE_DEVELOPMENT_RESULT,SAVED_ORIGINAL_SEC_SOURCE_NO_NEW_ACQUISITION,"{""path"": ""docs/evidence/issue28_continuous/completed-v14-batch-340/summary.json"", ""selector"": ""lumen_technologies/B08""}",False,False,Current affected-path evidence and unified update/release acceptance; no blanket rerun claim
lumen_technologies,B09,NUMERIC_RESULT,EXACT,APPLICABLE,1003000000,USD,PASS,"{""fiscal_year"": 2025, ""period_start"": ""2025-12-31"", ""period_end"": ""2025-12-31""}","{""run_id"": ""run:ordinary-integrated:137f62ee1fa618ac788255a5558a0c6c2cbbbd8cf0b516d8ba081353e492935e"", ""result_id"": ""sha256:65c5aa65f941e3ebe88898693800d814e227a8115c6cd2d606c53bd9b5f2f2a6"", ""spec_closure_hash"": ""sha256:25be3c461b082e4b74950c85e39b093568b807aa22c500370579f697f9381b3f"", ""head"": ""1c9f5621e4e09f891d597fa7edcea970a3d434dc"", ""evidence_date"": ""2026-09-12"", ""current_code_replay_claim"": false}",SAVED_SEC_ORIGINAL_NATIVE_DEVELOPMENT_RESULT,SAVED_ORIGINAL_SEC_SOURCE_NO_NEW_ACQUISITION,"{""path"": ""docs/evidence/issue28_continuous/completed-v14-batch-340/summary.json"", ""selector"": ""lumen_technologies/B09""}",False,False,Current affected-path evidence and unified update/release acceptance; no blanket rerun claim
lumen_technologies,B10,STRUCTURAL_NOT_APPLICABLE,NONE,N_A_STRUCTURAL,,,TRAIT_NOT_APPLICABLE,"{""fiscal_year"": 2025, ""period_start"": ""2025-01-01"", ""period_end"": ""2025-12-31""}","{""run_id"": ""run:ordinary-integrated:a5b21498a3bb975d08b6a8ddd8e2628b46b383035513c7879004ff8cecddf297"", ""result_id"": ""sha256:0b6ae7ff5adc6c410dc5a10a952a25d6e2e3e796e1b28ede04e394b758aa16fc"", ""spec_closure_hash"": ""sha256:5bb9522e676f369b08e13280ce67c59fe86104836295afa91bf9b882f80ed74a"", ""requirement_closure_hash"": ""sha256:8f38c1458f3af391a63d89c82c2662bac5e5d6e99cdf7307f60bd242bdf66de3""}",SAVED_SEC_ORIGINAL_NATIVE_DEVELOPMENT_RESULT,SAVED_ORIGINAL_SEC_SOURCE_NO_NEW_ACQUISITION,"{""path"": ""docs/evidence/issue28_continuous/ordinary-lodging/ten-company-before-role-move/summary.json"", ""selector"": ""lumen_technologies/B10""}",False,False,Current affected-path evidence and unified update/release acceptance; no blanket rerun claim
lumen_technologies,B11,STRUCTURAL_NOT_APPLICABLE,NONE,N_A_STRUCTURAL,,,TRAIT_NOT_APPLICABLE,"{""fiscal_year"": 2025, ""period_start"": ""2025-01-01"", ""period_end"": ""2025-12-31""}","{""run_id"": ""run:ordinary-integrated:a223e2aabfb694e2471bf90c49030a5d9b1047fc532de8c63fa8d9e466858287"", ""result_id"": ""sha256:11f1308b696f1c7e757a8bcd5df764ca8f6283489c1fd47194fbfaebf4af6e99"", ""spec_closure_hash"": ""sha256:80ff12eb5ddb0f431450465c42ece9d7488ea8455af5021c933583c3833d1dd0"", ""requirement_closure_hash"": ""sha256:8f38c1458f3af391a63d89c82c2662bac5e5d6e99cdf7307f60bd242bdf66de3""}",SAVED_SEC_ORIGINAL_NATIVE_DEVELOPMENT_RESULT,SAVED_ORIGINAL_SEC_SOURCE_NO_NEW_ACQUISITION,"{""path"": ""docs/evidence/issue28_continuous/ordinary-lodging/ten-company-before-role-move/summary.json"", ""selector"": ""lumen_technologies/B11""}",False,False,Current affected-path evidence and unified update/release acceptance; no blanket rerun claim
lumen_technologies,B12,STRUCTURAL_NOT_APPLICABLE,NONE,N_A_STRUCTURAL,,,TRAIT_NOT_APPLICABLE,"{""fiscal_year"": 2025, ""period_start"": ""2025-12-31"", ""period_end"": ""2025-12-31""}","{""run_id"": ""run:ordinary-integrated:23da9df225348a282b351389b88044aca1536bf5510801f9945440a9f7fec055"", ""result_id"": ""sha256:9e1122d504c1f3aa9be946a04ca53678ac239b6dd0c90cccbc23023f0fde6aef"", ""spec_closure_hash"": ""sha256:267b9c81c20295935d3e400903dc41bf2e3e52f87de37cd8ec9d193245320267"", ""head"": ""1c9f5621e4e09f891d597fa7edcea970a3d434dc"", ""evidence_date"": ""2026-09-12"", ""current_code_replay_claim"": false}",SAVED_SEC_ORIGINAL_NATIVE_DEVELOPMENT_RESULT,SAVED_ORIGINAL_SEC_SOURCE_NO_NEW_ACQUISITION,"{""path"": ""docs/evidence/issue28_continuous/completed-v14-batch-340/summary.json"", ""selector"": ""lumen_technologies/B12""}",False,False,Current affected-path evidence and unified update/release acceptance; no blanket rerun claim
lumen_technologies,B13,STRUCTURAL_NOT_APPLICABLE,NONE,N_A_STRUCTURAL,,,TRAIT_NOT_APPLICABLE,"{""fiscal_year"": 2025, ""period_start"": ""2025-01-01"", ""period_end"": ""2025-12-31""}","{""run_id"": ""run:ordinary-integrated:9076a10fa0c0e19ffc11fc7db242bec1cb6d4a65d30cc18314f197b79d3ace92"", ""result_id"": ""sha256:6dc0abb01c16b7dbd4846a4fd0acf25ba9cd6f02295e40da2371e789ca66b85c"", ""spec_closure_hash"": ""sha256:7271dcbbc3bf761af1ec5dc130c6fdbc6528822a33bf11f98a3c0f2021f4fefb"", ""requirement_closure_hash"": ""sha256:4e6105c99e3d1741cbf72d9a4c0e71ee175740e6f3de6dc4c40a149b990ac95d""}",SAVED_SEC_ORIGINAL_NATIVE_DEVELOPMENT_RESULT,SAVED_ORIGINAL_SEC_SOURCE_NO_NEW_ACQUISITION,"{""path"": ""docs/evidence/issue28_continuous/b13-content-guards/structural-summary.json"", ""selector"": ""lumen_technologies/B13"", ""archive"": ""b13-content-guards/native-material.tar.gz"", ""run_records"": ""structural-3/lumen_technologies/run/records.jsonl"", ""run_manifest"": ""structural-3/lumen_technologies/run/manifest.json""}",False,False,Current affected-path evidence and unified update/release acceptance; no blanket rerun claim
lumen_technologies,C01,NUMERIC_RESULT,EXACT,APPLICABLE,2,count,PASS,"{""fiscal_year"": 2025, ""period_start"": ""2025-01-01"", ""period_end"": ""2025-12-31""}","{""run_id"": ""run:ordinary-integrated:a86bce44aa455fa5e156e1f2a6832aa86468400d4aaa9628e9ca873d42914c27"", ""result_id"": ""sha256:ee481300b4c568832a61a74c2c156571d208b8cd50cdc6db257d6d5095138363"", ""spec_closure_hash"": ""sha256:87a93dec6cb267aa2a6549a8ce060757267b9db8680662970f4959a040990ced"", ""head"": ""1c9f5621e4e09f891d597fa7edcea970a3d434dc"", ""evidence_date"": ""2026-09-12"", ""current_code_replay_claim"": false}",SAVED_SEC_ORIGINAL_NATIVE_DEVELOPMENT_RESULT,SAVED_ORIGINAL_SEC_SOURCE_NO_NEW_ACQUISITION,"{""path"": ""docs/evidence/issue28_continuous/completed-v14-batch-340/summary.json"", ""selector"": ""lumen_technologies/C01""}",False,False,Current affected-path evidence and unified update/release acceptance; no blanket rerun claim
lumen_technologies,C02,TEXT_RESULT,EXACT,APPLICABLE,"•Michelle J. Goldberg appointed as Chair of the Audit Committee and Diankha Linear appointed as Chair of the Risk Committee following the Annual Meeting.
Following the NCG Committee’s recommendation, the Board of Directors has nominated each of the nine nominees below for a one-year term expiring at our 2027 annual meeting of shareholders or until his or her successor is duly elected and qualified. Except for Michael Collins, a new director nominee, all of the nominees were elected to the Board at the 2025 annual meeting.
•Commvault Systems (since 2018) (chair of Nominations and Governance Committee and member of the Audit Committee)
•Sportsman’s Warehouse Holdings, Inc. (since 2019) (chair of Nominating and Governance Committee and member of Audit Committee)
The NCG Committee assesses each director candidate based on the individual’s independence, character, judgment, and talent and endeavors to assemble a Board that has a comprehensive and diverse set of skills, experiences, perspectives, and backgrounds in the context of the needs of the Board at that time. The NCG Committee may, but has not formally chosen to, establish additional qualifications. Potential conflicts and “overboarding” are also evaluated, and no director may serve on more than three other unaffiliated public company boards, unless this prohibition is waived by the Board. Director tenure is considered as part of the Board's ongoing evaluation of its overall composition, including the mix of experience, skills, and perspectives needed to support the Company's strategy. We set a goal of all Board members (except our CEO) being independent and it is also the Board’s general sense that, in the absence of compelling reasons to the contrary, as a guideline, a director should not stand for election if he or she will have attained the age of 75 or if his or her service on the Board will have exceeded 15 years, in either case at any time during the calendar year of the next annual meeting of shareholders.
In early 2026, the Board reviewed all relationships between the Company and each current director and director nominee and affirmatively determined that each is independent other than our CEO, Ms. Johnson. The Board also determined that each of the current members of the HRCC and each director that will become a member of the HRCC effective on the date of the 2026 Annual Meeting, if elected, satisfies the heightened independence and other qualification requirements applicable to members of that committee, as set forth in the committee’s charter, SEC rules, or the NYSE listing standards. Further, the Board determined that (1) each director who is currently a member of the Audit Committee and each director that will become a member of the Audit Committee effective on the date of the 2026 Annual Meeting, if elected, satisfies the heightened independence and other qualification requirements applicable to members of that committee, as set forth in the committee’s charter, SEC rules, or the NYSE listing standards, including the financial literacy requirements of the NYSE listing standards and (2) each of Messrs. Capossela, Collins, Jones and McMillan and Ms. Goldberg is an audit committee financial expert within the meaning of SEC rules. The Board also determined that each of the former directors who left the Board in 2025 was independent during the period in which he or she served on the Board.
Directors are expected to attend all Board meetings, meetings of committees on which they serve, and the annual shareholders meeting. All then-current directors attended our 2025 annual meeting. During 2025, there were 32 total meetings of the full Board and its standing committees, consisting of seven regular meetings of the Board and 25 committee meetings. During 2025, our independent directors met in executive session on a quarterly basis, led by our Chairman. Each director attended at least 90% of the total number of both the 2025 Board and the respective committee meetings on which he or she then served.
Nominating and Corporate Governance Committee Chair
In addition to the Company’s Corporate Compliance program and Integrity Line, the Audit Committee has established procedures for the receipt and evaluation, on a confidential basis, of any complaints or concerns regarding our accounting, auditing, financial reporting or related matters. To report such matters, please send written correspondence to Audit Committee Chair, P.O. Box 4364, Monroe, Louisiana 71211.
In its determination to approve the proposed A&R 2024 Plan, our Board reviewed with Compensia, which serves as independent compensation consultant to the Compensation Committee, an analysis of our historical share usage and certain burn rate metrics. Specifically, our Board of Directors considered the following:
Eligibility. Key employees, officers and directors of the Company, along with consultants and advisors, are eligible to receive awards (which we sometimes refer to as Incentives) under the A&R 2024 Plan. As of March 11, 2026, there were approximately 1,300 employees and officers, 9 directors, 1 consultant and 0 advisors who were eligible to receive awards under the A&R 2024 Plan.
•Mr. Sharritts serves on the board of directors of Mueller Water Products, where he serves on the Nominating and Corporate Governance Committee and as Chair of the Compensation Committee.
Letter from the Chair of the Human Resources and Compensation Committee
We appreciate the care you take in reading and considering this disclosure. As Chair of the Human Resources and Compensation Committee (“HRCC”), I want to underscore the HRCC’s responsibility to provide independent oversight of the Company’s executive compensation programs and ensure they are thoughtfully designed to motivate performance that drives sustainable long-term shareholder value. The HRCC works to align executive pay with the Company’s strategic priorities and the interests of our shareholders, while maintaining disciplined governance and oversight of compensation practices. We believe our programs appropriately balance performance-based incentives with prudent oversight, enabling us to attract, retain, and motivate leaders who are focused on delivering superior results and executing on Lumen’s transformation.
As further described in “Board of Directors and Governance—Board Committees—Human Resources and Compensation Committee,” the HRCC, which is composed of solely of independent directors, is responsible for, among other things, the following:
Review Procedures. At the beginning of each year, our Legal department requests that each of our directors and executive officers complete a detailed questionnaire soliciting information on, among other things, related parties (e.g., immediate family members or any entities in which any of them have a significant interest). The SEC Finance department reviews information on payments to or from our directors or executive officers, or any of their related parties, to determine if Lumen intends to or has engaged in any related person transactions (which are transactions required to be disclosed pursuant to Item 404 of Regulation S-K). This analysis is then shared with the Audit Committee. The Audit Committee chair, in turn, reports on this related party transaction analysis to the Board. In addition, the Legal department and SEC Finance department continues to monitor for related person transactions during the course of the year. If any related person transactions are identified, they are presented, together with a relevant facts and circumstances, to an independent committee of the Board to consider and determine whether to approve or ratify such transaction. The Company does not have a written policy on related person transactions.
2.1 Composition. This Plan shall generally be administered by the Human Resources and Compensation Committee of the Board of Directors of Lumen (the “Board”) or by a subcommittee thereof (such administrator, as used in this Plan, the “Committee”). The Committee shall consist of not fewer than two members of the Board, each of whom shall qualify as a “non-employee director” under Rule 16b-3 under the Securities Exchange Act of 1934 (the “1934 Act”) or any successor rule.",text,PASS,"{""fiscal_year"": 2025, ""period_start"": ""2025-01-01"", ""period_end"": ""2025-12-31""}","{""run_id"": ""run:ordinary-integrated:4ae651a2bee9792705dac1462f496ec3e7a58b254bf1d019515410a72ecd04c0"", ""result_id"": ""sha256:293febe4934ac3ff3789aba6b57fb1ca27bfb2d580560fcdffa79b06dd0b5a45"", ""spec_closure_hash"": ""sha256:fe99c55991a9f0d86cf31bcd8b009347dbe9b41ba7547a0fab1cc14ffb67cc41"", ""head"": ""1c9f5621e4e09f891d597fa7edcea970a3d434dc"", ""evidence_date"": ""2026-09-12"", ""current_code_replay_claim"": false}",SAVED_SEC_ORIGINAL_NATIVE_DEVELOPMENT_RESULT,SAVED_ORIGINAL_SEC_SOURCE_NO_NEW_ACQUISITION,"{""path"": ""docs/evidence/issue28_continuous/completed-v14-batch-340/summary.json"", ""selector"": ""lumen_technologies/C02""}",False,False,Current affected-path evidence and unified update/release acceptance; no blanket rerun claim
lumen_technologies,C03,NUMERIC_RESULT,EXACT,APPLICABLE,24936641,USD,PASS,"{""fiscal_year"": 2025, ""period_start"": ""2025-01-01"", ""period_end"": ""2025-12-31""}","{""run_id"": ""run:ordinary-integrated:dba5660eff76a3ce2f60213202c32d75eedcbb8c6726ddbc8ca969c335535373"", ""result_id"": ""sha256:3fc4086f85f22108b13b6a652cc52242602a54cd1b44b08de1b19717e4c53903"", ""spec_closure_hash"": ""sha256:47d1a8148805ad612674bd1b6b6ce11e1845791336b63f79f35d96598de9b772"", ""head"": ""1c9f5621e4e09f891d597fa7edcea970a3d434dc"", ""evidence_date"": ""2026-09-12"", ""current_code_replay_claim"": false}",SAVED_SEC_ORIGINAL_NATIVE_DEVELOPMENT_RESULT,SAVED_ORIGINAL_SEC_SOURCE_NO_NEW_ACQUISITION,"{""path"": ""docs/evidence/issue28_continuous/completed-v14-batch-340/summary.json"", ""selector"": ""lumen_technologies/C03""}",False,False,Current affected-path evidence and unified update/release acceptance; no blanket rerun claim
lumen_technologies,C04,NUMERIC_RESULT,EXACT,APPLICABLE,0,flag,PASS,"{""fiscal_year"": 2025, ""period_start"": ""2025-01-01"", ""period_end"": ""2025-12-31""}","{""run_id"": ""run:ordinary-integrated:3cb452cf47d9383ac1974dd1e45546605c032bff7bf55cb3fa126bedaa9e837a"", ""result_id"": ""sha256:7c5431068f5f8d2ed191b9eebf0e261ce4957adb01f9248d202e231bea423c30"", ""spec_closure_hash"": ""sha256:e85274fbab94d7e316ca58710a41a00e3197688cdaff68d6c064470c17bd8f1d"", ""head"": ""1c9f5621e4e09f891d597fa7edcea970a3d434dc"", ""evidence_date"": ""2026-09-12"", ""current_code_replay_claim"": false}",SAVED_SEC_ORIGINAL_NATIVE_DEVELOPMENT_RESULT,SAVED_ORIGINAL_SEC_SOURCE_NO_NEW_ACQUISITION,"{""path"": ""docs/evidence/issue28_continuous/completed-v14-batch-340/summary.json"", ""selector"": ""lumen_technologies/C04""}",False,False,Current affected-path evidence and unified update/release acceptance; no blanket rerun claim
lumen_technologies,D01,TEXT_RESULT,EXACT,APPLICABLE,"Business Risks
Challenges with integrating, modernizing, and digitally transforming our systems could adversely affect our business and financial results.
We may not realize the anticipated benefits of our strategic focus on PCF solutions.
Our attempts to capitalize on emerging market opportunities — especially AI — may fall short.
We operate in an intensely competitive industry, and existing and future competitive pressures could harm our performance.
Our ability to compete could be diminished if we fail to innovate and deliver advanced solutions timely.
Talent constraints and evolving work models could significantly impede our ability to attract, develop and retain qualified personnel and may impair execution of our transformation and strategic initiatives.
Declining revenues and financial uncertainty could adversely affect our business.
Damage to our reputation or brands could have a material adverse effect on our business.
We could be materially impacted by cyber-attacks.
Network, platform, or service failures could materially impact us.
Our ability to conduct our operations is materially reliant on key suppliers, vendors, customers, and other third parties.
Reliance on other communications providers
Reliance on key suppliers and vendors
Reliance on key licensors
Reliance on key customer contracts
Reliance on landowners
Extreme weather and climate change could disrupt operations and increase costs.
Our environmental, social, and governance programs and disclosures may expose us to legal, operational, and reputational risks.
We face other business risks.
Legal and Regulatory Risks
Complex and evolving regulations could increase operational and compliance costs.
We may face legal and reputational risks related to third-party content on our network.
Our pending legal proceedings could have a material adverse impact on us.
We may not be successful in protecting and enforcing our intellectual property rights.
Our use of AI technology may create operational, legal, and reputational risks.
Intellectual property claims could result in significant costs and operational disruptions.
Any actual or perceived failure to comply with new or existing laws, regulations and other requirements relating to the privacy, security and processing of Personal Information could materially impact our business.
Labor disputes or failure to renew collective bargaining agreements could materially affect our operations.
International operations expose us to regulatory, economic, and political risks.
Allegations regarding lead-sheathed cables could result in regulatory or governmental actions, litigation, significant costs, and reputational harm.
Financial Risks
Our significant debt levels expose us to a broad range of risks.
Our ability to obtain future financing may be limited, and failure to refinance debt could adversely affect us.
We have a highly complex debt structure, which could impact the rights of our investors.
Restrictive covenants and potential defaults under our debt agreements could materially affect our operations and liquidity.
Our cash flows may not adequately fund all of our cash requirements.
Our ability to meet our obligations depends on cash flows from our subsidiaries.
We may not be able to fully utilize our NOLs.
Funding obligations for employee benefit plans could negatively impact profitability
Lapses in our disclosure controls and procedures or internal control over financial reporting could materially and adversely affect us.
We face other financial risks.
Divestiture Risks
We may not realize the anticipated benefits of prior completed divestitures, including the 2026 sale of our Mass Markets Fiber-to-the-Home business and our 2023 EMEA divestiture.
General Risks
Changes in government trade policies could adversely affect our business.
Unfavorable general economic, societal, health, or environmental conditions could negatively impact us.
We currently do not pay dividends to our common shareholders.
Shareholder or debtholder activism efforts could cause a material disruption to our business.
Our agreements, organizational documents, and applicable law could restrict another party’s ability to acquire us.",text,PASS,"{""fiscal_year"": 2025, ""period_start"": ""2025-01-01"", ""period_end"": ""2025-12-31""}","{""run_id"": ""run:ordinary-integrated:4e01e4a2fa373c2c41d344fa9b0911dbff18e268230b19973fb61d327eaa4f8e"", ""result_id"": ""sha256:d6b8e02f98e88a0ac93f92a16f8c3940d81d8fe46b183c63172152eb371b69b9"", ""spec_closure_hash"": ""sha256:2cf616ccdb70214edf453184505f984279be5cfa9fd0b966993eeb70b767b400"", ""head"": ""1c9f5621e4e09f891d597fa7edcea970a3d434dc"", ""evidence_date"": ""2026-09-12"", ""current_code_replay_claim"": false}",SAVED_SEC_ORIGINAL_NATIVE_DEVELOPMENT_RESULT,SAVED_ORIGINAL_SEC_SOURCE_NO_NEW_ACQUISITION,"{""path"": ""docs/evidence/issue28_continuous/completed-v14-batch-340/summary.json"", ""selector"": ""lumen_technologies/D01""}",False,False,Current affected-path evidence and unified update/release acceptance; no blanket rerun claim
lumen_technologies,D02,TEXT_RESULT,EXACT,APPLICABLE,"The information contained under the subheadings ""Principal Proceedings"" and ""Other Proceedings, Disputes and Contingencies"" in Note 17 — Commitments, Contingencies and Other Items in Item 8 is incorporated herein by reference.
In the normal course of our business, we incur costs to hire and retain external legal counsel to advise us on finance, regulatory, litigation, and other matters. Subject to certain exceptions, we expense these costs as the related services are received.
We are subject to various claims, legal proceedings and other contingent liabilities, including the matters described below, which individually or in the aggregate could materially affect our financial condition, future results of operations or cash flows.
We review our litigation accrual liabilities on a quarterly basis, but in accordance with applicable accounting guidelines only establish accrual liabilities when losses are deemed probable and reasonably estimable and only revise previously established accrual liabilities when warranted by changes in circumstances, in each case based on then-available information. As such, as of any given date we could have exposure to losses under proceedings as to which no liability has been accrued or as to which the accrued liability is inadequate. Subject to these limitations, as of December 31, 2025 and December 31, 2024, we had accrued $71 million and $78 million, respectively, in the aggregate for our litigation and non-income tax contingencies, which is included in Other current liabilities or Other liabilities on our consolidated balance sheets as of such dates. Although we quantify our exposure for certain matters below, we cannot at this time estimate the reasonably possible loss or range of loss, if any, in excess of our $71 million accrual as of December 31, 2025 due to the inherent uncertainties and speculative nature of contested proceedings. The establishment of an accrual does not mean that actual funds have been set aside to satisfy a given contingency. Thus, the resolution of a particular contingency for the amount accrued could have no effect on our results of operations but nonetheless could have an adverse effect on our cash flows.
Lumen and certain of its current and former officers and directors were named as defendants in a putative shareholder class action lawsuit filed on June 12, 2018 in the Boulder County District Court of the state of Colorado, captioned Houser et al. v. CenturyLink, et al. The original complaint asserted claims on behalf of a putative class of former Level 3 Communications, Inc. (""Level 3"") shareholders who became CenturyLink, Inc. shareholders as a result of our acquisition of Level 3. It alleged that the proxy statement provided to the Level 3 shareholders failed to disclose various material information, including information about strategic revenue, customer loss rates, and customer account issues, among other items. The original complaint sought damages, costs and fees, rescission, rescissory damages, and other equitable relief. In May 2020, the court dismissed the original complaint. The plaintiffs appealed that decision, and in March 2022, the appellate court affirmed the district court's order in part and reversed it in part. It then remanded the case to the district court for further proceedings. The plaintiffs filed an amended complaint asserting the same claims and prayer for relief, and we filed a motion to dismiss. The court granted our motion to dismiss in May 2023 and the plaintiffs appealed that dismissal. In August 2024, the appellate court set aside the trial court's dismissal. In October 2024, we filed a petition with the Colorado Supreme Court seeking a review of the appellate court's decision, and the petition for review was granted.
Lead-Sheathed Cable Litigation
Disclosure Litigation
On September 15, 2023, a purported shareholder of Lumen filed a putative class action complaint originally captioned Glauber, et al. v. Lumen Technologies (now captioned In re Lumen Technologies, Inc. Securities Litigation II, Case 3:23-cv-01290), in the U.S. District Court for the Western District of Louisiana. The complaint alleged that Lumen and certain of its current and former officers violated the federal securities laws by omitting or misstating material information related to Lumen’s responsibility for environmental degradation allegedly caused by the lead sheathing of certain telecommunications cables. The court appointed lead plaintiffs who filed an amended complaint, seeking money damages, attorneys’ fees and costs, and other relief. On March 31, 2025, the court granted Lumen's motion to dismiss plaintiffs' claims with prejudice. On April 30, 2025, the plaintiffs filed an appeal which is captioned McLemore v. Lumen Technologies, Case 25-30264, in the U.S. Court of Appeals for the Fifth Circuit. On January 30, 2026, the Fifth Circuit reversed on prejudice only and modified the dismissal to be without prejudice.
Derivative Litigation
On June 11, 2024, a purported shareholder of Lumen filed a shareholder derivative complaint on behalf of Lumen captioned Brown v. Johnson, et al., Case 3:24-cv-00798-TAD-KDM, in the U.S. District Court for the Western District of Louisiana. The complaint alleges claims for breach of fiduciary duty, violations of the federal securities laws, and other causes of action against current and former officers and directors of Lumen relating to placement or presence of lead-sheathed telecommunications cables. The complaint seeks damages, injunctive relief, and attorneys' fees. Substantially similar derivative cases have been filed as follows: (i) on August 9, 2024, Pourarian v. Johnson, et al., Case 3:24-cv-01071-TAD-KMM in the U.S. District Court for the Western District of Louisiana; (ii) on September 9, 2024, Capistrano v. Johnson, et al., Case 3:24-cv-01234-TAD-KMM in the U.S. District Court for the Western District of Louisiana; (iii) on September 16, 2024, Vogel v. Perry, et al., Case 2024-3360 in the 4th Judicial District Court for the Parish of Ouachita, State of Louisiana, subsequently removed on September 17, 2024 to the U.S. District Court for the Western District of Louisiana as Case 3:24-cv-01274-TAD-KMM; and (iv) on September 25, 2024, Murray v. Allen, et al., Case 3:24-cv-01320 in the U.S. District Court for the Western District of Louisiana. In April 2025, the court consolidated the Brown, Pourarian, Capistrano, and Murray actions and stayed the consolidated action pending further developments in In re Lumen Technologies, Inc. Securities Litigation II. In July 2025, the court similarly stayed the Vogel action.
Environmental Litigation
FCRA Litigation
Marshall Fire Litigation
On December 30, 2021, a wildfire referred to as the Marshall Fire ignited near Boulder, Colorado. The Marshall Fire killed two people, and it burned thousands of acres, including entire neighborhoods. Approximately 300 lawsuits seeking substantial monetary relief have been filed naming as defendants our affiliate Qwest Corporation, an additional telecommunications company, and certain power companies. The complaints involving Qwest have been consolidated with Kupfner et al., v. Public Service Company of Colorado, et al., Case 2022-cv-30195 pending in Colorado District Court, Boulder, Colorado. In September 2025, the court vacated the trial date because the defendants reached agreements in principle to settle with virtually all of the plaintiffs, subject to final documentation. The court has held periodic status conferences and set a further status conference for February 26, 2026.
We are currently defending several patent infringement lawsuits asserted against us by non-practicing entities which are seeking substantial recoveries. These cases have progressed to various stages and one or more may go to trial within the next twelve months if they are not otherwise resolved. Where applicable, we are seeking full or partial indemnification from our vendors and suppliers.",text,PASS,"{""fiscal_year"": 2025, ""period_start"": ""2025-01-01"", ""period_end"": ""2025-12-31""}","{""run_id"": ""run:ordinary-integrated:398c174041a2845f1d79be91d6ad66f582e57c3ba8be2e1b3b4cb47a2b5d676c"", ""result_id"": ""sha256:7e2d21f01d5b0cd93ab46b619d5979e2d6cd8efc119cfd2469980ed42edc436f"", ""spec_closure_hash"": ""sha256:d0e1a602d16c329087fef7fcf9d5378fe6dbc451ccc8fb8124d219e412e76214"", ""head"": ""1c9f5621e4e09f891d597fa7edcea970a3d434dc"", ""evidence_date"": ""2026-09-12"", ""current_code_replay_claim"": false}",SAVED_SEC_ORIGINAL_NATIVE_DEVELOPMENT_RESULT,SAVED_ORIGINAL_SEC_SOURCE_NO_NEW_ACQUISITION,"{""path"": ""docs/evidence/issue28_continuous/completed-v14-batch-340/summary.json"", ""selector"": ""lumen_technologies/D02""}",False,False,Current affected-path evidence and unified update/release acceptance; no blanket rerun claim
lumen_technologies,D03,VALIDATION_OR_IMPLEMENTATION_PENDING,,APPLICABLE,,,D03_NATIVE_RESULT_ROUTE_AND_REAL_VALIDATION_PENDING,"{""fiscal_year"": 2025, ""period_start"": ""2025-01-01"", ""period_end"": ""2025-12-31""}","{""source_id"": ""sha256:ed7acfec65e1f4a8d68fa85811ebf93f835801712a5378aa652eff9f10b09852"", ""request_context_format"": ""deepseek-v41-two-message-json-chat-1"", ""implementation_files"": ""docs/evidence/issue28_continuous/request-context-counting/implementation-files.json""}",SOURCE_PREPARATION_WITH_SEPARATE_RECORDED_OR_SYNTHETIC_DEVELOPMENT_EVIDENCE,SEE_ORIGINAL_SOURCE_PROOFS_NO_MODEL_RESULT_CREDIT,"{""path"": ""docs/evidence/issue28_continuous/request-context-counting/grouped-census.json"", ""selector"": ""lumen_technologies/D03""}",False,False,Complete current source-dependent native response/Review/Run validation; retain partials and failures at original scope
lumen_technologies,D04,VALIDATION_OR_IMPLEMENTATION_PENDING,,APPLICABLE,,,D04_COMPLETE_CURRENT_REAL_VALIDATION_PENDING,"{""fiscal_year"": 2025, ""period_start"": ""2025-01-01"", ""period_end"": ""2025-12-31""}","{""source_id"": ""sha256:b83a7c5e14823b6aafc384ed63b79fdbe6723b00e46c666c15b2c4536337324b"", ""request_context_format"": ""deepseek-v41-two-message-json-chat-1"", ""implementation_files"": ""docs/evidence/issue28_continuous/request-context-counting/implementation-files.json""}",SOURCE_PREPARATION_WITH_SEPARATE_RECORDED_OR_SYNTHETIC_DEVELOPMENT_EVIDENCE,SEE_ORIGINAL_SOURCE_PROOFS_NO_MODEL_RESULT_CREDIT,"{""path"": ""docs/evidence/issue28_continuous/request-context-counting/grouped-census.json"", ""selector"": ""lumen_technologies/D04""}",False,False,Complete current source-dependent native response/Review/Run validation; retain partials and failures at original scope
lumen_technologies,E01,NUMERIC_RESULT,EXACT,APPLICABLE,7,count,PASS,"{""fiscal_year"": 2025, ""period_start"": ""2025-01-01"", ""period_end"": ""2025-12-31""}","{""run_id"": ""run:ordinary-integrated:c5ab3c461125354af074b514e8ec74744467bbaf4419bbcf10be179f97228758"", ""result_id"": ""sha256:21824ee7aae2ebbaa80673d394e62e897e18e66566c728d4c1c558692d56a037"", ""spec_closure_hash"": ""sha256:7d5864cc3a591b5f0a3b903c4cadcaeb0782dcb60bfe2f75b744cef8f8364ccb"", ""head"": ""1c9f5621e4e09f891d597fa7edcea970a3d434dc"", ""evidence_date"": ""2026-09-12"", ""current_code_replay_claim"": false}",SAVED_SEC_ORIGINAL_NATIVE_DEVELOPMENT_RESULT,SAVED_ORIGINAL_SEC_SOURCE_NO_NEW_ACQUISITION,"{""path"": ""docs/evidence/issue28_continuous/completed-v14-batch-340/summary.json"", ""selector"": ""lumen_technologies/E01""}",False,False,Current affected-path evidence and unified update/release acceptance; no blanket rerun claim
lumen_technologies,E02,NUMERIC_RESULT,EXACT,APPLICABLE,0,count,PASS,"{""fiscal_year"": 2025, ""period_start"": ""2025-01-01"", ""period_end"": ""2025-12-31""}","{""run_id"": ""run:ordinary-integrated:1210bd96267ce886b302d57b48975b047aa0e95dd6a4f5539d5c2f6f354600d7"", ""result_id"": ""sha256:c589a9dc1ef8fbfa8d8b08918ae64f52f937e177278a467995f40caee5abd6be"", ""spec_closure_hash"": ""sha256:2225c56a35257b1ccf88dd4532f450dc264095fcbf4bcfa095a7a8f801e88465"", ""head"": ""1c9f5621e4e09f891d597fa7edcea970a3d434dc"", ""evidence_date"": ""2026-09-12"", ""current_code_replay_claim"": false}",SAVED_SEC_ORIGINAL_NATIVE_DEVELOPMENT_RESULT,SAVED_ORIGINAL_SEC_SOURCE_NO_NEW_ACQUISITION,"{""path"": ""docs/evidence/issue28_continuous/completed-v14-batch-340/summary.json"", ""selector"": ""lumen_technologies/E02""}",False,False,Current affected-path evidence and unified update/release acceptance; no blanket rerun claim
lumen_technologies,E03,NUMERIC_RESULT,EXACT,APPLICABLE,2,count,PASS,"{""fiscal_year"": 2025, ""period_start"": ""2025-01-01"", ""period_end"": ""2025-12-31""}","{""run_id"": ""run:ordinary-integrated:50ace0bff523faa3400c4710a995d10baba21ece544814ac4c9162f57bcb1da5"", ""result_id"": ""sha256:0e6e051e066c1c94102b91432724e6c358614627625c72c29f58fac81ba7758d"", ""spec_closure_hash"": ""sha256:6a53aad18d3a406b16f08c8ddf337cafca865d9ed3843044ae47fcfef17a74a7"", ""head"": ""1c9f5621e4e09f891d597fa7edcea970a3d434dc"", ""evidence_date"": ""2026-09-12"", ""current_code_replay_claim"": false}",SAVED_SEC_ORIGINAL_NATIVE_DEVELOPMENT_RESULT,SAVED_ORIGINAL_SEC_SOURCE_NO_NEW_ACQUISITION,"{""path"": ""docs/evidence/issue28_continuous/completed-v14-batch-340/summary.json"", ""selector"": ""lumen_technologies/E03""}",False,False,Current affected-path evidence and unified update/release acceptance; no blanket rerun claim
lumen_technologies,E04,NUMERIC_RESULT,EXACT,APPLICABLE,0,count,PASS,"{""fiscal_year"": 2025, ""period_start"": ""2025-01-01"", ""period_end"": ""2025-12-31""}","{""run_id"": ""run:ordinary-integrated:7eba1b4cd9a90e5e5625a32bebf339aa224beeb9b6081481988af9858190d830"", ""result_id"": ""sha256:a720b60268372ff33a7718a431b39ae240f208bf23ee180472ea9b10a1411ca6"", ""spec_closure_hash"": ""sha256:034565b73fcf2d88fcff21e36b9fcc5a7ce604c7e09bb8d8d6ab940e5d56b24d"", ""head"": ""1c9f5621e4e09f891d597fa7edcea970a3d434dc"", ""evidence_date"": ""2026-09-12"", ""current_code_replay_claim"": false}",SAVED_SEC_ORIGINAL_NATIVE_DEVELOPMENT_RESULT,SAVED_ORIGINAL_SEC_SOURCE_NO_NEW_ACQUISITION,"{""path"": ""docs/evidence/issue28_continuous/completed-v14-batch-340/summary.json"", ""selector"": ""lumen_technologies/E04""}",False,False,Current affected-path evidence and unified update/release acceptance; no blanket rerun claim
lumen_technologies,E05,NUMERIC_RESULT,EXACT,APPLICABLE,7,count,PASS,"{""fiscal_year"": 2025, ""period_start"": ""2025-01-01"", ""period_end"": ""2025-12-31""}","{""run_id"": ""run:ordinary-integrated:0108ef7dfa1081837dd0382f8ca526da03495ad51fd9917c94f539539411e792"", ""result_id"": ""sha256:757571efce528f0ca2c813ceb40e803acf676789562b7f5408325d6aac7e3ed4"", ""spec_closure_hash"": ""sha256:7f09c9630d318106f98f33d82b7914b583b8db6aef5bebc019b50b82c6f54cfd"", ""head"": ""1c9f5621e4e09f891d597fa7edcea970a3d434dc"", ""evidence_date"": ""2026-09-12"", ""current_code_replay_claim"": false}",SAVED_SEC_ORIGINAL_NATIVE_DEVELOPMENT_RESULT,SAVED_ORIGINAL_SEC_SOURCE_NO_NEW_ACQUISITION,"{""path"": ""docs/evidence/issue28_continuous/completed-v14-batch-340/summary.json"", ""selector"": ""lumen_technologies/E05""}",False,False,Current affected-path evidence and unified update/release acceptance; no blanket rerun claim
macys,A01,STRUCTURAL_NOT_APPLICABLE,NONE,N_A_STRUCTURAL,,,TRAIT_NOT_APPLICABLE,"{""fiscal_year"": 2025, ""period_start"": ""2026-01-31"", ""period_end"": ""2026-01-31""}","{""run_id"": ""run:ordinary-integrated:1707e051e2dda42ffa09a589efda171a93962cbf3639f13ad5620e47b36bca92"", ""result_id"": ""sha256:6891ee181bdec9e56c673cf3836ad517806f37e430b51c175f78d55c08a53dc5"", ""spec_closure_hash"": ""sha256:ee54ac53602bbc07c6449b627bd2449f30136e32d245764a847dc6282782a063"", ""head"": ""1c9f5621e4e09f891d597fa7edcea970a3d434dc"", ""evidence_date"": ""2026-09-12"", ""current_code_replay_claim"": false}",SAVED_SEC_ORIGINAL_NATIVE_DEVELOPMENT_RESULT,SAVED_ORIGINAL_SEC_SOURCE_NO_NEW_ACQUISITION,"{""path"": ""docs/evidence/issue28_continuous/completed-v14-batch-340/summary.json"", ""selector"": ""macys/A01""}",False,False,Current affected-path evidence and unified update/release acceptance; no blanket rerun claim
macys,A02,STRUCTURAL_NOT_APPLICABLE,NONE,N_A_STRUCTURAL,,,TRAIT_NOT_APPLICABLE,"{""fiscal_year"": 2025, ""period_start"": ""2026-01-31"", ""period_end"": ""2026-01-31""}","{""run_id"": ""run:ordinary-integrated:d39312613b8600b957e400156eabb744563a9b726d8e2d3199eb84d59e20bb6b"", ""result_id"": ""sha256:f71ca1f7fcc9db8e0f896e58ce4f224cc4918c83d2a4c9c146471ebf277144c9"", ""spec_closure_hash"": ""sha256:9f8a3bbf1bd4ac8229960d9ea59887842a0fbe1e5573c2dbaf9965044e91636d"", ""head"": ""1c9f5621e4e09f891d597fa7edcea970a3d434dc"", ""evidence_date"": ""2026-09-12"", ""current_code_replay_claim"": false}",SAVED_SEC_ORIGINAL_NATIVE_DEVELOPMENT_RESULT,SAVED_ORIGINAL_SEC_SOURCE_NO_NEW_ACQUISITION,"{""path"": ""docs/evidence/issue28_continuous/completed-v14-batch-340/summary.json"", ""selector"": ""macys/A02""}",False,False,Current affected-path evidence and unified update/release acceptance; no blanket rerun claim
macys,A03,STRUCTURAL_NOT_APPLICABLE,NONE,N_A_STRUCTURAL,,,TRAIT_NOT_APPLICABLE,"{""fiscal_year"": 2025, ""period_start"": ""2025-02-02"", ""period_end"": ""2026-01-31""}","{""run_id"": ""run:ordinary-integrated:c535f485002f7d100bc26f259e769bdf3025052090047d04c64e246a7940ab21"", ""result_id"": ""sha256:413e14eb8e15909af5e56882e8b9107a5c1cb1ba7f2eb200dc735ff6c3198428"", ""spec_closure_hash"": ""sha256:99ff7afa51744213038acd97d91f0d62d641a1090f96fa85d860708579d64601"", ""head"": ""1c9f5621e4e09f891d597fa7edcea970a3d434dc"", ""evidence_date"": ""2026-09-12"", ""current_code_replay_claim"": false}",SAVED_SEC_ORIGINAL_NATIVE_DEVELOPMENT_RESULT,SAVED_ORIGINAL_SEC_SOURCE_NO_NEW_ACQUISITION,"{""path"": ""docs/evidence/issue28_continuous/completed-v14-batch-340/summary.json"", ""selector"": ""macys/A03""}",False,False,Current affected-path evidence and unified update/release acceptance; no blanket rerun claim
macys,A04,STRUCTURAL_NOT_APPLICABLE,NONE,N_A_STRUCTURAL,,,TRAIT_NOT_APPLICABLE,"{""fiscal_year"": 2025, ""period_start"": ""2025-02-02"", ""period_end"": ""2026-01-31""}","{""run_id"": ""run:ordinary-integrated:7cfe2377a93fae3d8d48bda98d3ec559bfd8255ba09b9ee718a5b58b27a77f76"", ""result_id"": ""sha256:2abb1cbd3ec84bddfb673ab584c9eff1e3f3cf30b4f6b70d8a8c8cb0c926f814"", ""spec_closure_hash"": ""sha256:bf1f13bb535f9b2004629af329532e19d87362d41606540da719b789229e9282"", ""head"": ""1c9f5621e4e09f891d597fa7edcea970a3d434dc"", ""evidence_date"": ""2026-09-12"", ""current_code_replay_claim"": false}",SAVED_SEC_ORIGINAL_NATIVE_DEVELOPMENT_RESULT,SAVED_ORIGINAL_SEC_SOURCE_NO_NEW_ACQUISITION,"{""path"": ""docs/evidence/issue28_continuous/completed-v14-batch-340/summary.json"", ""selector"": ""macys/A04""}",False,False,Current affected-path evidence and unified update/release acceptance; no blanket rerun claim
macys,A05,STRUCTURAL_NOT_APPLICABLE,NONE,N_A_STRUCTURAL,,,TRAIT_NOT_APPLICABLE,"{""fiscal_year"": 2025, ""period_start"": ""2025-02-02"", ""period_end"": ""2026-01-31""}","{""run_id"": ""run:ordinary-integrated:b1e0278557c29feb6f66873d847bcd08e94a75a7af81a3840e20bcfee0860af8"", ""result_id"": ""sha256:19bb4a06f43bea6b825b483fa3075e5f72b27d5a344a6dd5349573e23685b08e"", ""spec_closure_hash"": ""sha256:e0ecf50b6a31a389933921d927ba00ca640b5b49002526cb537afa70be1e7ca3"", ""head"": ""1c9f5621e4e09f891d597fa7edcea970a3d434dc"", ""evidence_date"": ""2026-09-12"", ""current_code_replay_claim"": false}",SAVED_SEC_ORIGINAL_NATIVE_DEVELOPMENT_RESULT,SAVED_ORIGINAL_SEC_SOURCE_NO_NEW_ACQUISITION,"{""path"": ""docs/evidence/issue28_continuous/completed-v14-batch-340/summary.json"", ""selector"": ""macys/A05""}",False,False,Current affected-path evidence and unified update/release acceptance; no blanket rerun claim
macys,A06,STRUCTURAL_NOT_APPLICABLE,NONE,N_A_STRUCTURAL,,,TRAIT_NOT_APPLICABLE,"{""fiscal_year"": 2025, ""period_start"": ""2025-02-02"", ""period_end"": ""2026-01-31""}","{""run_id"": ""run:ordinary-integrated:71f9f562fe5c088eb6c19739f3cdabf515e386c4e3bb7f1edfed07532849f67d"", ""result_id"": ""sha256:28586b2b30ae345b23ac14053f118738fd0815a2eef8a18a9d58241bd7d15ca4"", ""spec_closure_hash"": ""sha256:db527edadcca6b1b16a6442dd42972c51ec1b9a45b54e3faf636387980327ee2"", ""head"": ""1c9f5621e4e09f891d597fa7edcea970a3d434dc"", ""evidence_date"": ""2026-09-12"", ""current_code_replay_claim"": false}",SAVED_SEC_ORIGINAL_NATIVE_DEVELOPMENT_RESULT,SAVED_ORIGINAL_SEC_SOURCE_NO_NEW_ACQUISITION,"{""path"": ""docs/evidence/issue28_continuous/completed-v14-batch-340/summary.json"", ""selector"": ""macys/A06""}",False,False,Current affected-path evidence and unified update/release acceptance; no blanket rerun claim
macys,A07,STRUCTURAL_NOT_APPLICABLE,NONE,N_A_STRUCTURAL,,,TRAIT_NOT_APPLICABLE,"{""fiscal_year"": 2025, ""period_start"": ""2025-02-02"", ""period_end"": ""2026-01-31""}","{""run_id"": ""run:ordinary-integrated:4dc10d0c8cb2a9a23b9b06435a70582ebe297cefab9658e6aef803e8cedfc278"", ""result_id"": ""sha256:acbab7f839fb2923169a53ce15b1602614eee4daa102c8a487d78e4502226c91"", ""spec_closure_hash"": ""sha256:3735428ca12d51893ed0b3e20a9563cb95cf7f90b4bcef3b2bcec9a947893b50"", ""head"": ""1c9f5621e4e09f891d597fa7edcea970a3d434dc"", ""evidence_date"": ""2026-09-12"", ""current_code_replay_claim"": false}",SAVED_SEC_ORIGINAL_NATIVE_DEVELOPMENT_RESULT,SAVED_ORIGINAL_SEC_SOURCE_NO_NEW_ACQUISITION,"{""path"": ""docs/evidence/issue28_continuous/completed-v14-batch-340/summary.json"", ""selector"": ""macys/A07""}",False,False,Current affected-path evidence and unified update/release acceptance; no blanket rerun claim
macys,A08,STRUCTURAL_NOT_APPLICABLE,NONE,N_A_STRUCTURAL,,,TRAIT_NOT_APPLICABLE,"{""fiscal_year"": 2025, ""period_start"": ""2025-02-02"", ""period_end"": ""2026-01-31""}","{""run_id"": ""run:ordinary-integrated:be992070aa4e2d25c55bc54f6fc43cd5cd5e60cfff916f208e471489eba90039"", ""result_id"": ""sha256:8ddd4ae73bb77e9d0eb210025767d417a878918ad5d9cfecfcd44a7766c1d304"", ""spec_closure_hash"": ""sha256:7e4658f2194d7a47cb8f7db5ff517ffc1eda25bc02db87b548cf6cfea0d2b65c"", ""head"": ""1c9f5621e4e09f891d597fa7edcea970a3d434dc"", ""evidence_date"": ""2026-09-12"", ""current_code_replay_claim"": false}",SAVED_SEC_ORIGINAL_NATIVE_DEVELOPMENT_RESULT,SAVED_ORIGINAL_SEC_SOURCE_NO_NEW_ACQUISITION,"{""path"": ""docs/evidence/issue28_continuous/completed-v14-batch-340/summary.json"", ""selector"": ""macys/A08""}",False,False,Current affected-path evidence and unified update/release acceptance; no blanket rerun claim
macys,A09,STRUCTURAL_NOT_APPLICABLE,NONE,N_A_STRUCTURAL,,,TRAIT_NOT_APPLICABLE,"{""fiscal_year"": 2025, ""period_start"": ""2025-02-02"", ""period_end"": ""2026-01-31""}","{""run_id"": ""run:ordinary-integrated:a275763ee641bb4b2ef7628d00a0d4648f266ada23a6799e341cf7c126e50111"", ""result_id"": ""sha256:b166c4329fe1f3dd67d9cd8534e0710fc2064638b8b0443c190c81becae5285b"", ""spec_closure_hash"": ""sha256:aaafb1f1c5a4318007074875776ccc6f92edffe5a78d610a729f0a46775b7dd4"", ""head"": ""1c9f5621e4e09f891d597fa7edcea970a3d434dc"", ""evidence_date"": ""2026-09-12"", ""current_code_replay_claim"": false}",SAVED_SEC_ORIGINAL_NATIVE_DEVELOPMENT_RESULT,SAVED_ORIGINAL_SEC_SOURCE_NO_NEW_ACQUISITION,"{""path"": ""docs/evidence/issue28_continuous/completed-v14-batch-340/summary.json"", ""selector"": ""macys/A09""}",False,False,Current affected-path evidence and unified update/release acceptance; no blanket rerun claim
macys,A10,STRUCTURAL_NOT_APPLICABLE,NONE,N_A_STRUCTURAL,,,TRAIT_NOT_APPLICABLE,"{""fiscal_year"": 2025, ""period_start"": ""2026-01-31"", ""period_end"": ""2026-01-31""}","{""run_id"": ""run:ordinary-integrated:cc078f5122c4651b40701e16d0e0f0270330bcf779dcc5f4cd28640702462f54"", ""result_id"": ""sha256:da2eaee0a12cc0031d440e34572107087dd8d25168fa61363b18f1c2cdeb4287"", ""spec_closure_hash"": ""sha256:f8a5d6747d7e4d250993643766b19b83ab12f39ddbe3b0e9e341fe00cf5c5ffb"", ""head"": ""1c9f5621e4e09f891d597fa7edcea970a3d434dc"", ""evidence_date"": ""2026-09-12"", ""current_code_replay_claim"": false}",SAVED_SEC_ORIGINAL_NATIVE_DEVELOPMENT_RESULT,SAVED_ORIGINAL_SEC_SOURCE_NO_NEW_ACQUISITION,"{""path"": ""docs/evidence/issue28_continuous/completed-v14-batch-340/summary.json"", ""selector"": ""macys/A10""}",False,False,Current affected-path evidence and unified update/release acceptance; no blanket rerun claim
macys,A11,STRUCTURAL_NOT_APPLICABLE,NONE,N_A_STRUCTURAL,,,TRAIT_NOT_APPLICABLE,"{""fiscal_year"": 2025, ""period_start"": ""2025-02-02"", ""period_end"": ""2026-01-31""}","{""run_id"": ""run:ordinary-integrated:3bfe57aee61fbf47ae9de4cd21763d081b52d61166212614075c365326829bed"", ""result_id"": ""sha256:5a47c7858f8345b67fd712f6bd3d87802f740c3f25efd261923ac63759961571"", ""spec_closure_hash"": ""sha256:87645fa1422b2ac635a9383b5b30d40091d45a819a3789d8415c1ed00dbc234b"", ""head"": ""1c9f5621e4e09f891d597fa7edcea970a3d434dc"", ""evidence_date"": ""2026-09-12"", ""current_code_replay_claim"": false}",SAVED_SEC_ORIGINAL_NATIVE_DEVELOPMENT_RESULT,SAVED_ORIGINAL_SEC_SOURCE_NO_NEW_ACQUISITION,"{""path"": ""docs/evidence/issue28_continuous/completed-v14-batch-340/summary.json"", ""selector"": ""macys/A11""}",False,False,Current affected-path evidence and unified update/release acceptance; no blanket rerun claim
macys,A12,STRUCTURAL_NOT_APPLICABLE,NONE,N_A_STRUCTURAL,,,TRAIT_NOT_APPLICABLE,"{""fiscal_year"": 2025, ""period_start"": ""2025-02-02"", ""period_end"": ""2026-01-31""}","{""run_id"": ""run:ordinary-integrated:2eae4a1ffe6986b70e26b6dcbbc10a805ba1474df14842220d03a260314b2ec7"", ""result_id"": ""sha256:5fbad5571bff061809cb3031770a0c2562004e517a27db27bdcaffee3b3ac15e"", ""spec_closure_hash"": ""sha256:338264b583c2d2458cb3f73d060e1a42fa9d90a20e51be961394fc27ae62b213"", ""head"": ""1c9f5621e4e09f891d597fa7edcea970a3d434dc"", ""evidence_date"": ""2026-09-12"", ""current_code_replay_claim"": false}",SAVED_SEC_ORIGINAL_NATIVE_DEVELOPMENT_RESULT,SAVED_ORIGINAL_SEC_SOURCE_NO_NEW_ACQUISITION,"{""path"": ""docs/evidence/issue28_continuous/completed-v14-batch-340/summary.json"", ""selector"": ""macys/A12""}",False,False,Current affected-path evidence and unified update/release acceptance; no blanket rerun claim
macys,A13,STRUCTURAL_NOT_APPLICABLE,NONE,N_A_STRUCTURAL,,,TRAIT_NOT_APPLICABLE,"{""fiscal_year"": 2025, ""period_start"": ""2025-02-02"", ""period_end"": ""2026-01-31""}","{""run_id"": ""run:ordinary-integrated:745102167e8d38dfd204c928778d08f2604c45f83e094f7e0ef7dc268fdd3fd7"", ""result_id"": ""sha256:eec6666b4748f41bbc532d854db96a51098f6b1e2f2433297640a6e863dcf7bf"", ""spec_closure_hash"": ""sha256:94699b6e1c2c5d8f8e5b048007c5f863416fb4072489b274929dd4ae03716b09"", ""head"": ""1c9f5621e4e09f891d597fa7edcea970a3d434dc"", ""evidence_date"": ""2026-09-12"", ""current_code_replay_claim"": false}",SAVED_SEC_ORIGINAL_NATIVE_DEVELOPMENT_RESULT,SAVED_ORIGINAL_SEC_SOURCE_NO_NEW_ACQUISITION,"{""path"": ""docs/evidence/issue28_continuous/completed-v14-batch-340/summary.json"", ""selector"": ""macys/A13""}",False,False,Current affected-path evidence and unified update/release acceptance; no blanket rerun claim
macys,B01,NUMERIC_RESULT,EXACT,APPLICABLE,21764000000,USD,PASS,"{""fiscal_year"": 2025, ""period_start"": ""2025-02-02"", ""period_end"": ""2026-01-31""}","{""run_id"": ""run:ordinary-integrated:089e31600f80a8276f6032a3c9a935972cf374b934a5889f6319c154ea9871f1"", ""result_id"": ""sha256:cdd9caf6aa5eb77bf233fa14446adbfeef5e16a606f8a264a8b14063cdf4b1b2"", ""spec_closure_hash"": ""sha256:300424426d0397ce04f6ce6f6df3a2e12259904060d31e47d8664df6e5f3d8f8"", ""head"": ""1c9f5621e4e09f891d597fa7edcea970a3d434dc"", ""evidence_date"": ""2026-09-12"", ""current_code_replay_claim"": false}",SAVED_SEC_ORIGINAL_NATIVE_DEVELOPMENT_RESULT,SAVED_ORIGINAL_SEC_SOURCE_NO_NEW_ACQUISITION,"{""path"": ""docs/evidence/issue28_continuous/completed-v14-batch-340/summary.json"", ""selector"": ""macys/B01""}",False,False,Current affected-path evidence and unified update/release acceptance; no blanket rerun claim
macys,B02,NUMERIC_RESULT,EXACT,APPLICABLE,-0.02372942179159377383035033419,ratio,PASS,"{""fiscal_year"": 2025, ""period_start"": ""2025-02-02"", ""period_end"": ""2026-01-31""}","{""run_id"": ""run:ordinary-integrated:5a4d2872b87e34021067ba02d9de63a4636267f0d598855231295ee42b8aba8e"", ""result_id"": ""sha256:66d0234b888976f0da475d1fbabe7e90408ca3c0ad74fd47340f9646e81765e3"", ""spec_closure_hash"": ""sha256:7f569259f31e7d0bd237ca8ba6bc368cbf55d47453f86915c4cf8e0638868a76"", ""head"": ""1c9f5621e4e09f891d597fa7edcea970a3d434dc"", ""evidence_date"": ""2026-09-12"", ""current_code_replay_claim"": false}",SAVED_SEC_ORIGINAL_NATIVE_DEVELOPMENT_RESULT,SAVED_ORIGINAL_SEC_SOURCE_NO_NEW_ACQUISITION,"{""path"": ""docs/evidence/issue28_continuous/completed-v14-batch-340/summary.json"", ""selector"": ""macys/B02""}",False,False,Current affected-path evidence and unified update/release acceptance; no blanket rerun claim
macys,B03,NUMERIC_RESULT,EXACT,APPLICABLE,0.08840286712001470317956258041,ratio,PASS,"{""fiscal_year"": 2025, ""period_start"": ""2025-02-02"", ""period_end"": ""2026-01-31""}","{""run_id"": ""run:ordinary-integrated:e2b419c0f7ff720c20c42d3295edf75bd7828518f2c51f4b1d68b4e7b289ec6f"", ""result_id"": ""sha256:bcdc08b42abf6fc78d7c2ff9df8dbc99265b28e674b1ddd9c3cda930906c5899"", ""spec_closure_hash"": ""sha256:706e541ffaf0e1d2cc091b56a635485a2145e70f40f86a401fa2e2c5b0a471e5"", ""head"": ""1c9f5621e4e09f891d597fa7edcea970a3d434dc"", ""evidence_date"": ""2026-09-12"", ""current_code_replay_claim"": false}",SAVED_SEC_ORIGINAL_NATIVE_DEVELOPMENT_RESULT,SAVED_ORIGINAL_SEC_SOURCE_NO_NEW_ACQUISITION,"{""path"": ""docs/evidence/issue28_continuous/completed-v14-batch-340/summary.json"", ""selector"": ""macys/B03""}",False,False,Current affected-path evidence and unified update/release acceptance; no blanket rerun claim
macys,B04,NUMERIC_RESULT,EXACT,APPLICABLE,642000000,USD,PASS,"{""fiscal_year"": 2025, ""period_start"": ""2025-02-02"", ""period_end"": ""2026-01-31""}","{""run_id"": ""run:ordinary-integrated:dd7292c69e59f5187dc250e99a5d752e54dba4a4067319106e72a79f7ab4b508"", ""result_id"": ""sha256:c880c8c8f8b91425b925884f18d7209ab6bd0cb3bb104019ceb3fddbee02cced"", ""spec_closure_hash"": ""sha256:22b0fe3ad2841f90450d503cd628fe65207ae1777968156abc13c4ee28ffb3e2"", ""head"": ""1c9f5621e4e09f891d597fa7edcea970a3d434dc"", ""evidence_date"": ""2026-09-12"", ""current_code_replay_claim"": false}",SAVED_SEC_ORIGINAL_NATIVE_DEVELOPMENT_RESULT,SAVED_ORIGINAL_SEC_SOURCE_NO_NEW_ACQUISITION,"{""path"": ""docs/evidence/issue28_continuous/completed-v14-batch-340/summary.json"", ""selector"": ""macys/B04""}",False,False,Current affected-path evidence and unified update/release acceptance; no blanket rerun claim
macys,B05,NUMERIC_RESULT,EXACT,APPLICABLE,1057000000,USD,PASS,"{""fiscal_year"": 2025, ""period_start"": ""2025-02-02"", ""period_end"": ""2026-01-31""}","{""run_id"": ""run:ordinary-integrated:1834dcefc83fcc4062a12e5e4d9db322fc9f28388377b6538dfddc277a9cb0ff"", ""result_id"": ""sha256:8b2b6c7f1b09964cd5c404ec852b96644bfc29b6c4bb27f2da0f4216ea05d02a"", ""spec_closure_hash"": ""sha256:7fc421991b42d822b96675ac584b32e0af843a34923a90cb316cc13386debdae"", ""head"": ""1c9f5621e4e09f891d597fa7edcea970a3d434dc"", ""evidence_date"": ""2026-09-12"", ""current_code_replay_claim"": false}",SAVED_SEC_ORIGINAL_NATIVE_DEVELOPMENT_RESULT,SAVED_ORIGINAL_SEC_SOURCE_NO_NEW_ACQUISITION,"{""path"": ""docs/evidence/issue28_continuous/completed-v14-batch-340/summary.json"", ""selector"": ""macys/B05""}",False,False,Current affected-path evidence and unified update/release acceptance; no blanket rerun claim
macys,B06,NUMERIC_RESULT,EXACT,APPLICABLE,0.5030864197530864197530864198,ratio,PASS,"{""period_start"": ""2026-01-31"", ""period_end"": ""2026-01-31""}","{""run_id"": ""run:ordinary-integrated:7c8fa85d597a511f99938167af781e958febcae108e4a0f92dc12469ebdcd8c1"", ""result_id"": ""sha256:990fb4fc163a01a5e8d2b78484671a96cf2d1b2380630d8d40d3920fd6a1b5bc"", ""spec_closure_hash"": ""sha256:79ca5c03e6b51ccf3e4adbccf422a171e3fdfab2a0cadcea8750d5ac1799140d"", ""requirement_closure_hash"": ""sha256:7db6f9f6f45636174f7a8809a5b533a077a4eb6ee2f94301d87b5d47542c9bc9""}",REAL_SAVED_SEC_CONTENT_NATIVE_RESULT_WITH_RECORDED_SOURCE_ADMISSION,RECORDED_TEST_ONLY,"{""path"": ""docs/evidence/issue28_continuous/remaining-current-source-routes/positive-debt-summary.json"", ""selector"": ""macys/B06"", ""archive"": ""remaining-current-source-routes/positive-debt-routes.tar.gz"", ""run_records"": ""macys/run/records.jsonl"", ""run_manifest"": ""macys/run/manifest.json""}",False,False,Preserve proved source-content calculation; recorded source admission is not a new live acquisition or real model result
macys,B07,NUMERIC_RESULT,EXACT,APPLICABLE,7.410071942446043165467625899,ratio,PASS,"{""fiscal_year"": 2025, ""period_start"": ""2025-02-02"", ""period_end"": ""2026-01-31""}","{""run_id"": ""run:ordinary-integrated:12b0014a0a36829244475e76fc76acb599d425126b39e8c94835d5be80eea503"", ""result_id"": ""sha256:cdfe53a2605122ed577b1cc7e12700693d9b7f4c4427feae9133043811823b20"", ""spec_closure_hash"": ""sha256:0eb533e576d3bbcb418812e362d9e377373f83c76dd9bfa62ecb41d49475bb78"", ""head"": ""1c9f5621e4e09f891d597fa7edcea970a3d434dc"", ""evidence_date"": ""2026-09-12"", ""current_code_replay_claim"": false}",SAVED_SEC_ORIGINAL_NATIVE_DEVELOPMENT_RESULT,SAVED_ORIGINAL_SEC_SOURCE_NO_NEW_ACQUISITION,"{""path"": ""docs/evidence/issue28_continuous/completed-v14-batch-340/summary.json"", ""selector"": ""macys/B07""}",False,False,Current affected-path evidence and unified update/release acceptance; no blanket rerun claim
macys,B08,NUMERIC_RESULT,EXACT,APPLICABLE,1.485199198753616737146672602,ratio,PASS,"{""fiscal_year"": 2025, ""period_start"": ""2026-01-31"", ""period_end"": ""2026-01-31""}","{""run_id"": ""run:ordinary-integrated:61b5e8bcdf8a220f1296621b6868d9bd8f1a84bdb13e69428d3a852b0a033454"", ""result_id"": ""sha256:58b983c78e08caef101d14bd2930fb966b340ce184f50f70ab426d445b061164"", ""spec_closure_hash"": ""sha256:5c803b9c8f773c348d4279249eeb56b603221e55938f39cba7801b3d77a517b6"", ""head"": ""1c9f5621e4e09f891d597fa7edcea970a3d434dc"", ""evidence_date"": ""2026-09-12"", ""current_code_replay_claim"": false}",SAVED_SEC_ORIGINAL_NATIVE_DEVELOPMENT_RESULT,SAVED_ORIGINAL_SEC_SOURCE_NO_NEW_ACQUISITION,"{""path"": ""docs/evidence/issue28_continuous/completed-v14-batch-340/summary.json"", ""selector"": ""macys/B08""}",False,False,Current affected-path evidence and unified update/release acceptance; no blanket rerun claim
macys,B09,NUMERIC_RESULT,EXACT,APPLICABLE,1246000000,USD,PASS,"{""fiscal_year"": 2025, ""period_start"": ""2026-01-31"", ""period_end"": ""2026-01-31""}","{""run_id"": ""run:ordinary-integrated:4ddf2018361b6a01070e6df97e5ec59c0437b3d3886788421b212ee555d17bde"", ""result_id"": ""sha256:3bf61f92ddd2b0ab18a2041ed9c71bf364b6bb7449af1fa199c527f589198f38"", ""spec_closure_hash"": ""sha256:25be3c461b082e4b74950c85e39b093568b807aa22c500370579f697f9381b3f"", ""head"": ""1c9f5621e4e09f891d597fa7edcea970a3d434dc"", ""evidence_date"": ""2026-09-12"", ""current_code_replay_claim"": false}",SAVED_SEC_ORIGINAL_NATIVE_DEVELOPMENT_RESULT,SAVED_ORIGINAL_SEC_SOURCE_NO_NEW_ACQUISITION,"{""path"": ""docs/evidence/issue28_continuous/completed-v14-batch-340/summary.json"", ""selector"": ""macys/B09""}",False,False,Current affected-path evidence and unified update/release acceptance; no blanket rerun claim
macys,B10,STRUCTURAL_NOT_APPLICABLE,NONE,N_A_STRUCTURAL,,,TRAIT_NOT_APPLICABLE,"{""fiscal_year"": 2025, ""period_start"": ""2025-02-02"", ""period_end"": ""2026-01-31""}","{""run_id"": ""run:ordinary-integrated:5efc4c4b01b7668d0d97260785a2efeba838a10a8d5cec6c8e38f661d831bec9"", ""result_id"": ""sha256:8145c7b3ecebb7d9812adc4c54c5c5b3d824ed91b864dc15e166c06074346894"", ""spec_closure_hash"": ""sha256:5bb9522e676f369b08e13280ce67c59fe86104836295afa91bf9b882f80ed74a"", ""requirement_closure_hash"": ""sha256:8f38c1458f3af391a63d89c82c2662bac5e5d6e99cdf7307f60bd242bdf66de3""}",SAVED_SEC_ORIGINAL_NATIVE_DEVELOPMENT_RESULT,SAVED_ORIGINAL_SEC_SOURCE_NO_NEW_ACQUISITION,"{""path"": ""docs/evidence/issue28_continuous/ordinary-lodging/ten-company-before-role-move/summary.json"", ""selector"": ""macys/B10""}",False,False,Current affected-path evidence and unified update/release acceptance; no blanket rerun claim
macys,B11,STRUCTURAL_NOT_APPLICABLE,NONE,N_A_STRUCTURAL,,,TRAIT_NOT_APPLICABLE,"{""fiscal_year"": 2025, ""period_start"": ""2025-02-02"", ""period_end"": ""2026-01-31""}","{""run_id"": ""run:ordinary-integrated:89b96280fa51656b21339bbcc925ee30ca00042a76f3b552bb7b9dcf5956be33"", ""result_id"": ""sha256:79cd9acd8aa8fad5f53b5ddfe198709d97f95d0c22bf0f1f1734120f271912c9"", ""spec_closure_hash"": ""sha256:80ff12eb5ddb0f431450465c42ece9d7488ea8455af5021c933583c3833d1dd0"", ""requirement_closure_hash"": ""sha256:8f38c1458f3af391a63d89c82c2662bac5e5d6e99cdf7307f60bd242bdf66de3""}",SAVED_SEC_ORIGINAL_NATIVE_DEVELOPMENT_RESULT,SAVED_ORIGINAL_SEC_SOURCE_NO_NEW_ACQUISITION,"{""path"": ""docs/evidence/issue28_continuous/ordinary-lodging/ten-company-before-role-move/summary.json"", ""selector"": ""macys/B11""}",False,False,Current affected-path evidence and unified update/release acceptance; no blanket rerun claim
macys,B12,STRUCTURAL_NOT_APPLICABLE,NONE,N_A_STRUCTURAL,,,TRAIT_NOT_APPLICABLE,"{""fiscal_year"": 2025, ""period_start"": ""2026-01-31"", ""period_end"": ""2026-01-31""}","{""run_id"": ""run:ordinary-integrated:334361835c384ef5838389d004e778fd013313b19c9e95df1733d08ba68e1e42"", ""result_id"": ""sha256:822db7eef7de6690cdf80d9041fcb42b8f19ede10102bed52a3f5119abaa16c8"", ""spec_closure_hash"": ""sha256:267b9c81c20295935d3e400903dc41bf2e3e52f87de37cd8ec9d193245320267"", ""head"": ""1c9f5621e4e09f891d597fa7edcea970a3d434dc"", ""evidence_date"": ""2026-09-12"", ""current_code_replay_claim"": false}",SAVED_SEC_ORIGINAL_NATIVE_DEVELOPMENT_RESULT,SAVED_ORIGINAL_SEC_SOURCE_NO_NEW_ACQUISITION,"{""path"": ""docs/evidence/issue28_continuous/completed-v14-batch-340/summary.json"", ""selector"": ""macys/B12""}",False,False,Current affected-path evidence and unified update/release acceptance; no blanket rerun claim
macys,B13,STRUCTURAL_NOT_APPLICABLE,NONE,N_A_STRUCTURAL,,,TRAIT_NOT_APPLICABLE,"{""fiscal_year"": 2025, ""period_start"": ""2025-02-02"", ""period_end"": ""2026-01-31""}","{""run_id"": ""run:ordinary-integrated:b2c8c9f347488bcde91158030d93ca169a74b567a7435e04256a635574790f45"", ""result_id"": ""sha256:ec816e3fb7be2ab97b573e0c7dd3047fa76ca6f65b9a22a8a94e59b3b3271768"", ""spec_closure_hash"": ""sha256:7271dcbbc3bf761af1ec5dc130c6fdbc6528822a33bf11f98a3c0f2021f4fefb"", ""requirement_closure_hash"": ""sha256:4e6105c99e3d1741cbf72d9a4c0e71ee175740e6f3de6dc4c40a149b990ac95d""}",SAVED_SEC_ORIGINAL_NATIVE_DEVELOPMENT_RESULT,SAVED_ORIGINAL_SEC_SOURCE_NO_NEW_ACQUISITION,"{""path"": ""docs/evidence/issue28_continuous/b13-content-guards/structural-summary.json"", ""selector"": ""macys/B13"", ""archive"": ""b13-content-guards/native-material.tar.gz"", ""run_records"": ""structural-3/macys/run/records.jsonl"", ""run_manifest"": ""structural-3/macys/run/manifest.json""}",False,False,Current affected-path evidence and unified update/release acceptance; no blanket rerun claim
macys,C01,NUMERIC_RESULT,EXACT,APPLICABLE,2,count,PASS,"{""fiscal_year"": 2025, ""period_start"": ""2025-02-02"", ""period_end"": ""2026-01-31""}","{""run_id"": ""run:ordinary-integrated:f55daf9382b775ef3c1f3dea716ab08d270b77e61cca6e2ad8f943a3c6eb128f"", ""result_id"": ""sha256:2f7c44fd52bc881b72bd7c892c2f64a8a06e088ec8b89e3bf41b3f95a7def057"", ""spec_closure_hash"": ""sha256:87a93dec6cb267aa2a6549a8ce060757267b9db8680662970f4959a040990ced"", ""head"": ""1c9f5621e4e09f891d597fa7edcea970a3d434dc"", ""evidence_date"": ""2026-09-12"", ""current_code_replay_claim"": false}",SAVED_SEC_ORIGINAL_NATIVE_DEVELOPMENT_RESULT,SAVED_ORIGINAL_SEC_SOURCE_NO_NEW_ACQUISITION,"{""path"": ""docs/evidence/issue28_continuous/completed-v14-batch-340/summary.json"", ""selector"": ""macys/C01""}",False,False,Current affected-path evidence and unified update/release acceptance; no blanket rerun claim
macys,C02,TEXT_RESULT,EXACT,APPLICABLE,"9 of 10 Director nominees are independent
Richard Clark, Douglas W. Sesler and Tracey Zhen, who have served as directors since 2024, 2024 and 2021, respectively, will not stand for re-election to the Board, and their terms in office will expire at the Annual Meeting. We thank Mr. Clark, Mr. Sesler and Ms. Zhen for their years of service to Macy’s and its shareholders. The Board has approved a decrease in the size of the Board from 13 to ten members effective as of the Annual Meeting.
Finance Experience – Beyond Charles Schwab Investment Management, Ms. Chandoha’s career in financial services has spanned executive roles at major global financial institutions, including leading the fixed income business of Barclays Global Investors and BlackRock. Her core competencies include finance, investment management, strategy, regulatory dynamics and risk management, among others. Ms. Chandoha serves as Chair of the Risk Committee and Member of the Audit Committee on the State Street Corporation board, and American Banker recognized her each year from 2014 to 2018 as one of the 20 Most Powerful Women in Finance.
Industry Knowledge and Experience – Mr. Spring has extensive knowledge of merchandising, marketing, and operations for brick-and-mortar and online retail, having worked across functions at Bloomingdale’s for over 25 years, most recently serving as Chairman and Chief Executive Officer from 2014 to 2023. Mr. Spring serves as a member of the Executive Committee of the National Retail Federation and recently served as the board chair for the National Retail Federation Foundation.
Finance Experience – At Brown Forman, Mr. Varga produced an industry-leading 20% Return on Invested Capital through excellent capital deployment, regular reinvestment in the business, targeted acquisitions and dispositions, conservative debt profile, share repurchases, and dividend consistency, as evidenced by the company’s standing as a S&P Dividend Aristocrat. Mr. Varga currently serves as a Member of the Audit Committee on the Churchill Downs Incorporated board.
Our Corporate Governance Principles require that a majority of the Board consist of directors who the Board has determined are independent under the independence standards adopted by the Board, which comply with the listing standards of the New York Stock Exchange (NYSE). Accordingly, the Board has adopted Standards for Director Independence to assist the Board in determining director independence, which require that the Board consist of directors who the Board has determined do not have any material relationship with the Company and who are otherwise independent. The Standards for Director Independence are available on our website at www.macysinc.com/investors/corporate-governance/governance-documents. The NYSE listing standards also include additional independence requirements and considerations for members of the Audit Committee and CMD Committee. Our Board has determined that each of the following directors and director nominees qualifies as independent under NYSE rules and satisfies our Standards for Director Independence: Emilie Arel, Torrence N. Boone, Marie Chandoha, Robert B. Chavez, Naveen K. Chopra, Deirdre P. Connelly, Jill Granoff, Richard L. Markee and Paul C. Varga. Our Board also previously determined that Richard Clark, Douglas W. Sesler and Tracey Zhen, who are currently serving as Non-Employee directors but not standing for re-election at the Annual Meeting, and Sara Levinson, who served as a director during 2025, qualified as independent under NYSE rules and satisfied our Standards for Director Independence. Tony Spring is employed by Macy’s and therefore he does not meet the independence standards set forth under the NYSE rules and our Standards for Director Independence.
The Board also affirmatively determined that each member of the Audit Committee meets the heightened independence standards required for audit committee members under the NYSE listing standards and the SEC rules. As it relates to the members of the CMD Committee, the Board considered the additional factors under the NYSE listing standards relating to such members before determining that each of them is independent.
We have implemented an AI governance structure, in addition to Board and Audit Committee oversight of AI risk and strategy, designed to help take advantage of the benefits of AI while minimizing potential liability or jeopardizing company values or customer information. Guardrails include review and approval of AI use by an internal group composed of cross-functional leaders.
The Board had the following standing committees throughout fiscal 2025: Audit Committee, CMD Committee, Finance Committee, and NCG Committee. Committee memberships noted below reflect committee composition as of March 19, 2026 and includes members of the Board not standing for re-election at the Annual Meeting of Shareholders.
●relevant experience and background that would benefit the Company, including any special criteria applicable to service on standing committees of the Board, independence criteria set forth in the NYSE listing standards and our Standards for Director Independence;
Board members are expected to confirm that other commitments do not materially interfere with their service as a director of Macy’s. Pursuant to the Company’s Corporate Governance Principles, directors should advise the Chair of the NCG Committee and the CEO before accepting membership on other boards of directors, membership on the audit committee of
Audit Committee Chair Retainer
The Board has adopted a written Audit Committee charter. All members of the Audit Committee are independent, as defined in Sections 303A.06 and 303A.07 of the NYSE’s listing standards.",text,PASS,"{""fiscal_year"": 2025, ""period_start"": ""2025-02-02"", ""period_end"": ""2026-01-31""}","{""run_id"": ""run:ordinary-integrated:9c488590e4ef5f55ed688385b891399c3c551e062bdf9202b2578f77eae62998"", ""result_id"": ""sha256:ec1db68a0ccb02d9cc4f9753dc3d6b1f8f01175223c7b8cb0b5c0b3cdb3c3c7d"", ""spec_closure_hash"": ""sha256:fe99c55991a9f0d86cf31bcd8b009347dbe9b41ba7547a0fab1cc14ffb67cc41"", ""head"": ""1c9f5621e4e09f891d597fa7edcea970a3d434dc"", ""evidence_date"": ""2026-09-12"", ""current_code_replay_claim"": false}",SAVED_SEC_ORIGINAL_NATIVE_DEVELOPMENT_RESULT,SAVED_ORIGINAL_SEC_SOURCE_NO_NEW_ACQUISITION,"{""path"": ""docs/evidence/issue28_continuous/completed-v14-batch-340/summary.json"", ""selector"": ""macys/C02""}",False,False,Current affected-path evidence and unified update/release acceptance; no blanket rerun claim
macys,C03,NUMERIC_RESULT,EXACT,APPLICABLE,14104067,USD,PASS,"{""fiscal_year"": 2025, ""period_start"": ""2025-02-02"", ""period_end"": ""2026-01-31""}","{""run_id"": ""run:ordinary-integrated:49d780dfdaf68ec2109569372620e4e45b88721327b393788eb46b525e3bfc1d"", ""result_id"": ""sha256:04fdb8c7b0b0c2933fa2848d5c9d2c07cae8b674b84df3bf1daaa92a8b4ece7d"", ""spec_closure_hash"": ""sha256:47d1a8148805ad612674bd1b6b6ce11e1845791336b63f79f35d96598de9b772"", ""head"": ""1c9f5621e4e09f891d597fa7edcea970a3d434dc"", ""evidence_date"": ""2026-09-12"", ""current_code_replay_claim"": false}",SAVED_SEC_ORIGINAL_NATIVE_DEVELOPMENT_RESULT,SAVED_ORIGINAL_SEC_SOURCE_NO_NEW_ACQUISITION,"{""path"": ""docs/evidence/issue28_continuous/completed-v14-batch-340/summary.json"", ""selector"": ""macys/C03""}",False,False,Current affected-path evidence and unified update/release acceptance; no blanket rerun claim
macys,C04,NUMERIC_RESULT,EXACT,APPLICABLE,0,flag,PASS,"{""fiscal_year"": 2025, ""period_start"": ""2025-02-02"", ""period_end"": ""2026-01-31""}","{""run_id"": ""run:ordinary-integrated:32b564a293c58d119504e950612f082031a67ebbdbc8876e332c98aad25ae57f"", ""result_id"": ""sha256:55b0c0614545a26c813e6f88e0902c19c7527ed53117d7f90d1a87a02a92f306"", ""spec_closure_hash"": ""sha256:e85274fbab94d7e316ca58710a41a00e3197688cdaff68d6c064470c17bd8f1d"", ""head"": ""1c9f5621e4e09f891d597fa7edcea970a3d434dc"", ""evidence_date"": ""2026-09-12"", ""current_code_replay_claim"": false}",SAVED_SEC_ORIGINAL_NATIVE_DEVELOPMENT_RESULT,SAVED_ORIGINAL_SEC_SOURCE_NO_NEW_ACQUISITION,"{""path"": ""docs/evidence/issue28_continuous/completed-v14-batch-340/summary.json"", ""selector"": ""macys/C04""}",False,False,Current affected-path evidence and unified update/release acceptance; no blanket rerun claim
macys,D01,TEXT_RESULT,EXACT,APPLICABLE,"Strategic, Operational and Competitive Risks
Our strategic plans and initiatives may not be successful, which could negatively affect our profitability and growth.
We may not timely identify or effectively respond to consumer needs, expectations, or trends, which could adversely affect our relationship with customers, the demand for our products and services and our market share.
Our advertising, marketing and loyalty programs may not be successful.
Our sales and operating results depend on our ability to manage our inventory, merchandise selection and protect against inventory shortage.
The Company faces significant competition and depends on its ability to differentiate itself in retail's ever-changing environment.
Our ability to grow depends in part on our stores remaining relevant and attractive to customers.
We may not be able to successfully execute our real estate strategy.
Our revenues and cash requirements are affected by the seasonal nature of our business.
We depend on our ability to attract, train, develop and retain quality colleagues.
Increases in labor costs and the cost of employee benefits could impact our financial results and cash flow.
If revenue from our private label and co-branded credit cards decline, our financial and operational results may be negatively impacted.
Our defined benefit plan funding requirements or plan settlement expense could impact our financial results and cash flow.
If our Company's reputation and brand image are not maintained at a high level, our operations and financial results may suffer.
If we are unable to protect our intellectual property, our brands and business could be damaged.
Infrastructure Risks
Unforeseen disruptions in our distribution and fulfillment centers could have an adverse impact on our business and operations.
Failure of a key information technology system or process could adversely affect our business.
AI creates business, legal and ethical challenges.
Disruptions in our customer-facing technology systems could impair our digital retail strategy and give rise to negative customer experiences.
Information Security, Cybersecurity, Privacy and Data Management Risks
A breach of our information technology systems could adversely affect our reputation, business partner and customer relationships and operations and result in higher costs.
Supply Chain and Third-Party Risks
We depend on vendors and other sources of merchandise, goods and services outside the U.S. Our business has been and could in the future continue to be affected by disruptions in, or other legal, regulatory, political, economic or public health issues associated with, our supply network.
Disruption of global sourcing activities and quality and other concerns over our own brands could negatively impact brand reputation and earnings.
Material disruptions in relationships with third-parties with whom the Company does business could adversely affect its operations.
Economic, Global, Legal and External Risks
The Company's business is subject to discretionary consumer spending, unfavorable economic and political conditions and other related risks.
Our business could be materially adversely affected by extreme weather conditions, natural disasters or regional or global health pandemics.
Legislation, litigation, regulatory requirements or non-compliance could adversely affect our business and results of operations.
Climate Change-Related Risks
Climate change, or legal, regulatory, or market measures to address climate change, could adversely affect our business and results of operations.
Financial Risks
We have incurred losses due to impairment of tangible and intangible long-lived assets.
Inability to access capital markets could adversely affect our business or financial condition.
Our level of indebtedness may adversely affect our ability to operate our business, remain in compliance with debt covenants, react to changes in our business or the industry in which we operate, or prevent us from making payments on our indebtedness.",text,PASS,"{""fiscal_year"": 2025, ""period_start"": ""2025-02-02"", ""period_end"": ""2026-01-31""}","{""run_id"": ""run:ordinary-integrated:9125ee00d51bcafa757fa2d8581cac8fd5ffbaffc54174bebab4dc284d853931"", ""result_id"": ""sha256:30726f870d860719815909d0f5ceaca9a5df4a56e5e8963ce2ba2cd1cd3090ff"", ""spec_closure_hash"": ""sha256:2cf616ccdb70214edf453184505f984279be5cfa9fd0b966993eeb70b767b400"", ""head"": ""1c9f5621e4e09f891d597fa7edcea970a3d434dc"", ""evidence_date"": ""2026-09-12"", ""current_code_replay_claim"": false}",SAVED_SEC_ORIGINAL_NATIVE_DEVELOPMENT_RESULT,SAVED_ORIGINAL_SEC_SOURCE_NO_NEW_ACQUISITION,"{""path"": ""docs/evidence/issue28_continuous/completed-v14-batch-340/summary.json"", ""selector"": ""macys/D01""}",False,False,Current affected-path evidence and unified update/release acceptance; no blanket rerun claim
macys,D02,TEXT_RESULT,EXACT,APPLICABLE,"The Company and its subsidiaries are involved in various proceedings that are incidental to the normal course of their businesses. As of the date of this report, the Company does not expect that any of such proceedings will have a material adverse effect on the Company's financial position or results of operations.
In January 2026, the Company entered into settlement agreements to resolve credit card interchange fee litigation matters in which it was a plaintiff. As a result of these settlements, the Company recorded gains within the interchange fee settlement, net line item on the Consolidated Statements of Income of $328 million, net of legal fees. As of January 31, 2026, $328 million is included in receivables on the Consolidated Balance Sheets related to this matter.
The Company, through its insurance subsidiary, is self-insured for workers compensation and general liability claims up to certain maximum liability amounts. Although the amounts accrued are actuarially determined based on analysis of historical trends of losses, settlements, litigation costs and other factors, the amounts the Company will ultimately disburse could differ from such accrued amounts.",text,PASS,"{""fiscal_year"": 2025, ""period_start"": ""2025-02-02"", ""period_end"": ""2026-01-31""}","{""run_id"": ""run:ordinary-integrated:0a23462526321ee9deee531a4d632e744e959bea3d47afaf0fac7992d3926cb1"", ""result_id"": ""sha256:e20efdbd587e5b22cc684b5a573eac3e700f83144bf408291b9135a53ae62f91"", ""spec_closure_hash"": ""sha256:d0e1a602d16c329087fef7fcf9d5378fe6dbc451ccc8fb8124d219e412e76214"", ""head"": ""1c9f5621e4e09f891d597fa7edcea970a3d434dc"", ""evidence_date"": ""2026-09-12"", ""current_code_replay_claim"": false}",SAVED_SEC_ORIGINAL_NATIVE_DEVELOPMENT_RESULT,SAVED_ORIGINAL_SEC_SOURCE_NO_NEW_ACQUISITION,"{""path"": ""docs/evidence/issue28_continuous/completed-v14-batch-340/summary.json"", ""selector"": ""macys/D02""}",False,False,Current affected-path evidence and unified update/release acceptance; no blanket rerun claim
macys,D03,VALIDATION_OR_IMPLEMENTATION_PENDING,,APPLICABLE,,,D03_NATIVE_RESULT_ROUTE_AND_REAL_VALIDATION_PENDING,"{""fiscal_year"": 2025, ""period_start"": ""2025-02-02"", ""period_end"": ""2026-01-31""}","{""source_id"": ""sha256:5b8592d366d6ddf1ccd5d728779fed83f3887b4efcb71e9c336ff7fc486bd5c3"", ""request_context_format"": ""deepseek-v41-two-message-json-chat-1"", ""implementation_files"": ""docs/evidence/issue28_continuous/request-context-counting/implementation-files.json""}",SOURCE_PREPARATION_WITH_SEPARATE_RECORDED_OR_SYNTHETIC_DEVELOPMENT_EVIDENCE,SEE_ORIGINAL_SOURCE_PROOFS_NO_MODEL_RESULT_CREDIT,"{""path"": ""docs/evidence/issue28_continuous/request-context-counting/grouped-census.json"", ""selector"": ""macys/D03""}",False,False,Complete current source-dependent native response/Review/Run validation; retain partials and failures at original scope
macys,D04,VALIDATION_OR_IMPLEMENTATION_PENDING,,APPLICABLE,,,D04_COMPLETE_CURRENT_REAL_VALIDATION_PENDING,"{""fiscal_year"": 2025, ""period_start"": ""2025-02-02"", ""period_end"": ""2026-01-31""}","{""source_id"": ""sha256:a6e45ac10ed8852996ad03f9edd2e8dfa56be2eb6f87eea7e506421ad0ee49bc"", ""request_context_format"": ""deepseek-v41-two-message-json-chat-1"", ""implementation_files"": ""docs/evidence/issue28_continuous/request-context-counting/implementation-files.json""}",SOURCE_PREPARATION_WITH_SEPARATE_RECORDED_OR_SYNTHETIC_DEVELOPMENT_EVIDENCE,SEE_ORIGINAL_SOURCE_PROOFS_NO_MODEL_RESULT_CREDIT,"{""path"": ""docs/evidence/issue28_continuous/request-context-counting/grouped-census.json"", ""selector"": ""macys/D04""}",False,False,Complete current source-dependent native response/Review/Run validation; retain partials and failures at original scope
macys,E01,NUMERIC_RESULT,EXACT,APPLICABLE,2,count,PASS,"{""fiscal_year"": 2025, ""period_start"": ""2025-02-02"", ""period_end"": ""2026-01-31""}","{""run_id"": ""run:ordinary-integrated:e5fb9fb8b2926c9ba08044a1acb1b53e79a2058d41a3c6775befc86f1461fd46"", ""result_id"": ""sha256:ba457ef857aa34408be5d12097ac734c0f44baf3ceaf20a9498a2af969c3c111"", ""spec_closure_hash"": ""sha256:7d5864cc3a591b5f0a3b903c4cadcaeb0782dcb60bfe2f75b744cef8f8364ccb"", ""head"": ""1c9f5621e4e09f891d597fa7edcea970a3d434dc"", ""evidence_date"": ""2026-09-12"", ""current_code_replay_claim"": false}",SAVED_SEC_ORIGINAL_NATIVE_DEVELOPMENT_RESULT,SAVED_ORIGINAL_SEC_SOURCE_NO_NEW_ACQUISITION,"{""path"": ""docs/evidence/issue28_continuous/completed-v14-batch-340/summary.json"", ""selector"": ""macys/E01""}",False,False,Current affected-path evidence and unified update/release acceptance; no blanket rerun claim
macys,E02,NUMERIC_RESULT,EXACT,APPLICABLE,0,count,PASS,"{""fiscal_year"": 2025, ""period_start"": ""2025-02-02"", ""period_end"": ""2026-01-31""}","{""run_id"": ""run:ordinary-integrated:1dd6a683e474155d323a728803129847863688a283aa038602ce40f92c4cf772"", ""result_id"": ""sha256:73fbecc8287b04daa5d48d2564125a7a292ffecb07588c569c2e387b24f5796f"", ""spec_closure_hash"": ""sha256:2225c56a35257b1ccf88dd4532f450dc264095fcbf4bcfa095a7a8f801e88465"", ""head"": ""1c9f5621e4e09f891d597fa7edcea970a3d434dc"", ""evidence_date"": ""2026-09-12"", ""current_code_replay_claim"": false}",SAVED_SEC_ORIGINAL_NATIVE_DEVELOPMENT_RESULT,SAVED_ORIGINAL_SEC_SOURCE_NO_NEW_ACQUISITION,"{""path"": ""docs/evidence/issue28_continuous/completed-v14-batch-340/summary.json"", ""selector"": ""macys/E02""}",False,False,Current affected-path evidence and unified update/release acceptance; no blanket rerun claim
macys,E03,NUMERIC_RESULT,EXACT,APPLICABLE,2,count,PASS,"{""fiscal_year"": 2025, ""period_start"": ""2025-02-02"", ""period_end"": ""2026-01-31""}","{""run_id"": ""run:ordinary-integrated:a6e680bfac11be2f851b3652632bdcf3272fe031802732c064ae894d643b3823"", ""result_id"": ""sha256:6490ef582b57925692c6d0af37c2fa23370d1c54d0bfa5d9b917bab4068fc2fc"", ""spec_closure_hash"": ""sha256:6a53aad18d3a406b16f08c8ddf337cafca865d9ed3843044ae47fcfef17a74a7"", ""head"": ""1c9f5621e4e09f891d597fa7edcea970a3d434dc"", ""evidence_date"": ""2026-09-12"", ""current_code_replay_claim"": false}",SAVED_SEC_ORIGINAL_NATIVE_DEVELOPMENT_RESULT,SAVED_ORIGINAL_SEC_SOURCE_NO_NEW_ACQUISITION,"{""path"": ""docs/evidence/issue28_continuous/completed-v14-batch-340/summary.json"", ""selector"": ""macys/E03""}",False,False,Current affected-path evidence and unified update/release acceptance; no blanket rerun claim
macys,E04,NUMERIC_RESULT,EXACT,APPLICABLE,0,count,PASS,"{""fiscal_year"": 2025, ""period_start"": ""2025-02-02"", ""period_end"": ""2026-01-31""}","{""run_id"": ""run:ordinary-integrated:2714cb565262f9a5d2d18311e01c7d5d109c9eb1efae0bfcafd3f2b57e772e4d"", ""result_id"": ""sha256:32994bc982055dd5e4a767f13f03b0b57cb750560a63da7f533643e2c2293dd7"", ""spec_closure_hash"": ""sha256:034565b73fcf2d88fcff21e36b9fcc5a7ce604c7e09bb8d8d6ab940e5d56b24d"", ""head"": ""1c9f5621e4e09f891d597fa7edcea970a3d434dc"", ""evidence_date"": ""2026-09-12"", ""current_code_replay_claim"": false}",SAVED_SEC_ORIGINAL_NATIVE_DEVELOPMENT_RESULT,SAVED_ORIGINAL_SEC_SOURCE_NO_NEW_ACQUISITION,"{""path"": ""docs/evidence/issue28_continuous/completed-v14-batch-340/summary.json"", ""selector"": ""macys/E04""}",False,False,Current affected-path evidence and unified update/release acceptance; no blanket rerun claim
macys,E05,NUMERIC_RESULT,EXACT,APPLICABLE,2,count,PASS,"{""fiscal_year"": 2025, ""period_start"": ""2025-02-02"", ""period_end"": ""2026-01-31""}","{""run_id"": ""run:ordinary-integrated:799f771fb2c7b16d9647bc46957e1a3e8aac756a595fff347610b12bb6313d2d"", ""result_id"": ""sha256:a61b78c7a73bf33640b3923edf1e3527a055a145402f6b16ccf77a030bfa13dc"", ""spec_closure_hash"": ""sha256:7f09c9630d318106f98f33d82b7914b583b8db6aef5bebc019b50b82c6f54cfd"", ""head"": ""1c9f5621e4e09f891d597fa7edcea970a3d434dc"", ""evidence_date"": ""2026-09-12"", ""current_code_replay_claim"": false}",SAVED_SEC_ORIGINAL_NATIVE_DEVELOPMENT_RESULT,SAVED_ORIGINAL_SEC_SOURCE_NO_NEW_ACQUISITION,"{""path"": ""docs/evidence/issue28_continuous/completed-v14-batch-340/summary.json"", ""selector"": ""macys/E05""}",False,False,Current affected-path evidence and unified update/release acceptance; no blanket rerun claim
paramount_skydance_paramount_global,A01,STRUCTURAL_NOT_APPLICABLE,NONE,N_A_STRUCTURAL,,,TRAIT_NOT_APPLICABLE,"{""fiscal_year"": 2025, ""period_start"": ""2025-12-31"", ""period_end"": ""2025-12-31""}","{""run_id"": ""run:ordinary-integrated:b38f23a4fd840a35590abca063e6fb307fcff283a66704bdcbd3b8a23d374fdb"", ""result_id"": ""sha256:42e9dd8e78e072c22df3bd1362dbdbbf8bd75d1454288d9c26f318b22c48e2a5"", ""spec_closure_hash"": ""sha256:ee54ac53602bbc07c6449b627bd2449f30136e32d245764a847dc6282782a063"", ""head"": ""1c9f5621e4e09f891d597fa7edcea970a3d434dc"", ""evidence_date"": ""2026-09-12"", ""current_code_replay_claim"": false}",SAVED_SEC_ORIGINAL_NATIVE_DEVELOPMENT_RESULT,SAVED_ORIGINAL_SEC_SOURCE_NO_NEW_ACQUISITION,"{""path"": ""docs/evidence/issue28_continuous/completed-v14-batch-340/summary.json"", ""selector"": ""paramount_skydance_paramount_global/A01""}",False,False,Current affected-path evidence and unified update/release acceptance; no blanket rerun claim
paramount_skydance_paramount_global,A02,STRUCTURAL_NOT_APPLICABLE,NONE,N_A_STRUCTURAL,,,TRAIT_NOT_APPLICABLE,"{""fiscal_year"": 2025, ""period_start"": ""2025-12-31"", ""period_end"": ""2025-12-31""}","{""run_id"": ""run:ordinary-integrated:32664dfc242eef9a89426afc2ce854d9b956420da4c7773bc54ef8f37b23e319"", ""result_id"": ""sha256:c7b0b86e006870eeb9cfbc17c31af7d157f5dbd590dc39fcb1d3dca18209f38a"", ""spec_closure_hash"": ""sha256:9f8a3bbf1bd4ac8229960d9ea59887842a0fbe1e5573c2dbaf9965044e91636d"", ""head"": ""1c9f5621e4e09f891d597fa7edcea970a3d434dc"", ""evidence_date"": ""2026-09-12"", ""current_code_replay_claim"": false}",SAVED_SEC_ORIGINAL_NATIVE_DEVELOPMENT_RESULT,SAVED_ORIGINAL_SEC_SOURCE_NO_NEW_ACQUISITION,"{""path"": ""docs/evidence/issue28_continuous/completed-v14-batch-340/summary.json"", ""selector"": ""paramount_skydance_paramount_global/A02""}",False,False,Current affected-path evidence and unified update/release acceptance; no blanket rerun claim
paramount_skydance_paramount_global,A03,STRUCTURAL_NOT_APPLICABLE,NONE,N_A_STRUCTURAL,,,TRAIT_NOT_APPLICABLE,"{""fiscal_year"": 2025, ""period_start"": ""2025-01-01"", ""period_end"": ""2025-12-31""}","{""run_id"": ""run:ordinary-integrated:117b74168dc332132ef09bbec9a41870e7d052e376187a0198a2de8a5ed033fb"", ""result_id"": ""sha256:f32ca7f065113bceb05def92bb74cd54f53f2c13c5d519f4a1d7b7d5eb44beaa"", ""spec_closure_hash"": ""sha256:99ff7afa51744213038acd97d91f0d62d641a1090f96fa85d860708579d64601"", ""head"": ""1c9f5621e4e09f891d597fa7edcea970a3d434dc"", ""evidence_date"": ""2026-09-12"", ""current_code_replay_claim"": false}",SAVED_SEC_ORIGINAL_NATIVE_DEVELOPMENT_RESULT,SAVED_ORIGINAL_SEC_SOURCE_NO_NEW_ACQUISITION,"{""path"": ""docs/evidence/issue28_continuous/completed-v14-batch-340/summary.json"", ""selector"": ""paramount_skydance_paramount_global/A03""}",False,False,Current affected-path evidence and unified update/release acceptance; no blanket rerun claim
paramount_skydance_paramount_global,A04,STRUCTURAL_NOT_APPLICABLE,NONE,N_A_STRUCTURAL,,,TRAIT_NOT_APPLICABLE,"{""fiscal_year"": 2025, ""period_start"": ""2025-01-01"", ""period_end"": ""2025-12-31""}","{""run_id"": ""run:ordinary-integrated:78504d51e0d51fb711cf05229d4b188f96bfebc07ec59926475fbc54b6f0a550"", ""result_id"": ""sha256:5fe59465d0efbc4cd6691e3bf34217c981ae4d0b0517f2f2adef91c88c9b2d1d"", ""spec_closure_hash"": ""sha256:bf1f13bb535f9b2004629af329532e19d87362d41606540da719b789229e9282"", ""head"": ""1c9f5621e4e09f891d597fa7edcea970a3d434dc"", ""evidence_date"": ""2026-09-12"", ""current_code_replay_claim"": false}",SAVED_SEC_ORIGINAL_NATIVE_DEVELOPMENT_RESULT,SAVED_ORIGINAL_SEC_SOURCE_NO_NEW_ACQUISITION,"{""path"": ""docs/evidence/issue28_continuous/completed-v14-batch-340/summary.json"", ""selector"": ""paramount_skydance_paramount_global/A04""}",False,False,Current affected-path evidence and unified update/release acceptance; no blanket rerun claim
paramount_skydance_paramount_global,A05,STRUCTURAL_NOT_APPLICABLE,NONE,N_A_STRUCTURAL,,,TRAIT_NOT_APPLICABLE,"{""fiscal_year"": 2025, ""period_start"": ""2025-01-01"", ""period_end"": ""2025-12-31""}","{""run_id"": ""run:ordinary-integrated:5eef20af7346051281450d7a9471f837e2c14c55d9ae6082139fd6519c42aabb"", ""result_id"": ""sha256:d0aa47f90d3b7d9b3a0b82d10e15194222e0f4d3787acd6700ed51c751c0a349"", ""spec_closure_hash"": ""sha256:e0ecf50b6a31a389933921d927ba00ca640b5b49002526cb537afa70be1e7ca3"", ""head"": ""1c9f5621e4e09f891d597fa7edcea970a3d434dc"", ""evidence_date"": ""2026-09-12"", ""current_code_replay_claim"": false}",SAVED_SEC_ORIGINAL_NATIVE_DEVELOPMENT_RESULT,SAVED_ORIGINAL_SEC_SOURCE_NO_NEW_ACQUISITION,"{""path"": ""docs/evidence/issue28_continuous/completed-v14-batch-340/summary.json"", ""selector"": ""paramount_skydance_paramount_global/A05""}",False,False,Current affected-path evidence and unified update/release acceptance; no blanket rerun claim
paramount_skydance_paramount_global,A06,STRUCTURAL_NOT_APPLICABLE,NONE,N_A_STRUCTURAL,,,TRAIT_NOT_APPLICABLE,"{""fiscal_year"": 2025, ""period_start"": ""2025-01-01"", ""period_end"": ""2025-12-31""}","{""run_id"": ""run:ordinary-integrated:84b88492775021db65b50f9f0ee1233721e40ffeb32cf9ec5eef1b6e73300360"", ""result_id"": ""sha256:a4b3c93360873eb35200f5f2da2f56ab828a287eb0c6252ad0312e25d5691b9e"", ""spec_closure_hash"": ""sha256:db527edadcca6b1b16a6442dd42972c51ec1b9a45b54e3faf636387980327ee2"", ""head"": ""1c9f5621e4e09f891d597fa7edcea970a3d434dc"", ""evidence_date"": ""2026-09-12"", ""current_code_replay_claim"": false}",SAVED_SEC_ORIGINAL_NATIVE_DEVELOPMENT_RESULT,SAVED_ORIGINAL_SEC_SOURCE_NO_NEW_ACQUISITION,"{""path"": ""docs/evidence/issue28_continuous/completed-v14-batch-340/summary.json"", ""selector"": ""paramount_skydance_paramount_global/A06""}",False,False,Current affected-path evidence and unified update/release acceptance; no blanket rerun claim
paramount_skydance_paramount_global,A07,STRUCTURAL_NOT_APPLICABLE,NONE,N_A_STRUCTURAL,,,TRAIT_NOT_APPLICABLE,"{""fiscal_year"": 2025, ""period_start"": ""2025-01-01"", ""period_end"": ""2025-12-31""}","{""run_id"": ""run:ordinary-integrated:51b690d8a3e1da527c34fd4ed15eeb534a3e72ac8f7dd570d56671adcf77ef44"", ""result_id"": ""sha256:a46391942e17234df59160442b22122b45ec794dc6539bb97cffd747d93a76db"", ""spec_closure_hash"": ""sha256:3735428ca12d51893ed0b3e20a9563cb95cf7f90b4bcef3b2bcec9a947893b50"", ""head"": ""1c9f5621e4e09f891d597fa7edcea970a3d434dc"", ""evidence_date"": ""2026-09-12"", ""current_code_replay_claim"": false}",SAVED_SEC_ORIGINAL_NATIVE_DEVELOPMENT_RESULT,SAVED_ORIGINAL_SEC_SOURCE_NO_NEW_ACQUISITION,"{""path"": ""docs/evidence/issue28_continuous/completed-v14-batch-340/summary.json"", ""selector"": ""paramount_skydance_paramount_global/A07""}",False,False,Current affected-path evidence and unified update/release acceptance; no blanket rerun claim
paramount_skydance_paramount_global,A08,STRUCTURAL_NOT_APPLICABLE,NONE,N_A_STRUCTURAL,,,TRAIT_NOT_APPLICABLE,"{""fiscal_year"": 2025, ""period_start"": ""2025-01-01"", ""period_end"": ""2025-12-31""}","{""run_id"": ""run:ordinary-integrated:7eb9544970cf6495e5267e45a9830d6c38daa676599abaaad19f5b93df4489f4"", ""result_id"": ""sha256:70481a62c686bf2b75f7468bfd2cf4f1a71f83c638276670088ee95242fd83df"", ""spec_closure_hash"": ""sha256:7e4658f2194d7a47cb8f7db5ff517ffc1eda25bc02db87b548cf6cfea0d2b65c"", ""head"": ""1c9f5621e4e09f891d597fa7edcea970a3d434dc"", ""evidence_date"": ""2026-09-12"", ""current_code_replay_claim"": false}",SAVED_SEC_ORIGINAL_NATIVE_DEVELOPMENT_RESULT,SAVED_ORIGINAL_SEC_SOURCE_NO_NEW_ACQUISITION,"{""path"": ""docs/evidence/issue28_continuous/completed-v14-batch-340/summary.json"", ""selector"": ""paramount_skydance_paramount_global/A08""}",False,False,Current affected-path evidence and unified update/release acceptance; no blanket rerun claim
paramount_skydance_paramount_global,A09,STRUCTURAL_NOT_APPLICABLE,NONE,N_A_STRUCTURAL,,,TRAIT_NOT_APPLICABLE,"{""fiscal_year"": 2025, ""period_start"": ""2025-01-01"", ""period_end"": ""2025-12-31""}","{""run_id"": ""run:ordinary-integrated:435074ba42d32ac8848cd54784ba2ead66984213cfeb3ace6792f950fc8352a3"", ""result_id"": ""sha256:73146119a471217a9caec6a438fcbf4c38d4585bc2c5501be0d7d72592ff8fe8"", ""spec_closure_hash"": ""sha256:aaafb1f1c5a4318007074875776ccc6f92edffe5a78d610a729f0a46775b7dd4"", ""head"": ""1c9f5621e4e09f891d597fa7edcea970a3d434dc"", ""evidence_date"": ""2026-09-12"", ""current_code_replay_claim"": false}",SAVED_SEC_ORIGINAL_NATIVE_DEVELOPMENT_RESULT,SAVED_ORIGINAL_SEC_SOURCE_NO_NEW_ACQUISITION,"{""path"": ""docs/evidence/issue28_continuous/completed-v14-batch-340/summary.json"", ""selector"": ""paramount_skydance_paramount_global/A09""}",False,False,Current affected-path evidence and unified update/release acceptance; no blanket rerun claim
paramount_skydance_paramount_global,A10,STRUCTURAL_NOT_APPLICABLE,NONE,N_A_STRUCTURAL,,,TRAIT_NOT_APPLICABLE,"{""fiscal_year"": 2025, ""period_start"": ""2025-12-31"", ""period_end"": ""2025-12-31""}","{""run_id"": ""run:ordinary-integrated:ad480b276ea0b471d7478fe3ab4c390df95cfeca01a8f7e21d3293f5961930d9"", ""result_id"": ""sha256:bd9bf428b9aa26e2d84c308881759248505f918be32ccb1a8cd17847cfc231a1"", ""spec_closure_hash"": ""sha256:f8a5d6747d7e4d250993643766b19b83ab12f39ddbe3b0e9e341fe00cf5c5ffb"", ""head"": ""1c9f5621e4e09f891d597fa7edcea970a3d434dc"", ""evidence_date"": ""2026-09-12"", ""current_code_replay_claim"": false}",SAVED_SEC_ORIGINAL_NATIVE_DEVELOPMENT_RESULT,SAVED_ORIGINAL_SEC_SOURCE_NO_NEW_ACQUISITION,"{""path"": ""docs/evidence/issue28_continuous/completed-v14-batch-340/summary.json"", ""selector"": ""paramount_skydance_paramount_global/A10""}",False,False,Current affected-path evidence and unified update/release acceptance; no blanket rerun claim
paramount_skydance_paramount_global,A11,STRUCTURAL_NOT_APPLICABLE,NONE,N_A_STRUCTURAL,,,TRAIT_NOT_APPLICABLE,"{""fiscal_year"": 2025, ""period_start"": ""2025-01-01"", ""period_end"": ""2025-12-31""}","{""run_id"": ""run:ordinary-integrated:d00accfa4701af3ccae7da6f3366a8b8181b11d910c8d34a6c7597fb1a8596ad"", ""result_id"": ""sha256:8ac485948d9873d35e4f1a3c608742b621d4e673fbf3c866f5d6e926851b7629"", ""spec_closure_hash"": ""sha256:87645fa1422b2ac635a9383b5b30d40091d45a819a3789d8415c1ed00dbc234b"", ""head"": ""1c9f5621e4e09f891d597fa7edcea970a3d434dc"", ""evidence_date"": ""2026-09-12"", ""current_code_replay_claim"": false}",SAVED_SEC_ORIGINAL_NATIVE_DEVELOPMENT_RESULT,SAVED_ORIGINAL_SEC_SOURCE_NO_NEW_ACQUISITION,"{""path"": ""docs/evidence/issue28_continuous/completed-v14-batch-340/summary.json"", ""selector"": ""paramount_skydance_paramount_global/A11""}",False,False,Current affected-path evidence and unified update/release acceptance; no blanket rerun claim
paramount_skydance_paramount_global,A12,STRUCTURAL_NOT_APPLICABLE,NONE,N_A_STRUCTURAL,,,TRAIT_NOT_APPLICABLE,"{""fiscal_year"": 2025, ""period_start"": ""2025-01-01"", ""period_end"": ""2025-12-31""}","{""run_id"": ""run:ordinary-integrated:cde611222c62bdd8ce4d48926df074b3bd9895d8076ff5d00f69e862cfa40325"", ""result_id"": ""sha256:b7786a31cacd0a90582b6c5ce92f485abdc97bf3d40c694b161ee917397fff3f"", ""spec_closure_hash"": ""sha256:338264b583c2d2458cb3f73d060e1a42fa9d90a20e51be961394fc27ae62b213"", ""head"": ""1c9f5621e4e09f891d597fa7edcea970a3d434dc"", ""evidence_date"": ""2026-09-12"", ""current_code_replay_claim"": false}",SAVED_SEC_ORIGINAL_NATIVE_DEVELOPMENT_RESULT,SAVED_ORIGINAL_SEC_SOURCE_NO_NEW_ACQUISITION,"{""path"": ""docs/evidence/issue28_continuous/completed-v14-batch-340/summary.json"", ""selector"": ""paramount_skydance_paramount_global/A12""}",False,False,Current affected-path evidence and unified update/release acceptance; no blanket rerun claim
paramount_skydance_paramount_global,A13,STRUCTURAL_NOT_APPLICABLE,NONE,N_A_STRUCTURAL,,,TRAIT_NOT_APPLICABLE,"{""fiscal_year"": 2025, ""period_start"": ""2025-01-01"", ""period_end"": ""2025-12-31""}","{""run_id"": ""run:ordinary-integrated:237fe6f7551c2650ebfa7b1c8e991032498002a8626cba5289f3250d1050f8a6"", ""result_id"": ""sha256:dfbec7f4b846b9a309829a80ca9db2f824dbf8862e5cae63909a42001471b1a5"", ""spec_closure_hash"": ""sha256:94699b6e1c2c5d8f8e5b048007c5f863416fb4072489b274929dd4ae03716b09"", ""head"": ""1c9f5621e4e09f891d597fa7edcea970a3d434dc"", ""evidence_date"": ""2026-09-12"", ""current_code_replay_claim"": false}",SAVED_SEC_ORIGINAL_NATIVE_DEVELOPMENT_RESULT,SAVED_ORIGINAL_SEC_SOURCE_NO_NEW_ACQUISITION,"{""path"": ""docs/evidence/issue28_continuous/completed-v14-batch-340/summary.json"", ""selector"": ""paramount_skydance_paramount_global/A13""}",False,False,Current affected-path evidence and unified update/release acceptance; no blanket rerun claim
paramount_skydance_paramount_global,B01,NOT_MEANINGFUL,NOT_MEANINGFUL,APPLICABLE,,,ANNUAL_DURATION_OUT_OF_RANGE,"{""fiscal_year"": 2025, ""period_start"": ""2025-08-08"", ""period_end"": ""2025-12-31""}","{""run_id"": ""run:ordinary-integrated:7bd074f3bbdf28f67d8f91b29792bceab4933a39bbf4cfb7445d1995baa23b17"", ""result_id"": ""sha256:c3d535b65ac4d34ba6929e9428371904cd5c568494ce67b1ed2009cec033bc05"", ""spec_closure_hash"": ""sha256:300424426d0397ce04f6ce6f6df3a2e12259904060d31e47d8664df6e5f3d8f8"", ""requirement_closure_hash"": ""sha256:fed10ec2653f6889b37c24f74ab21aeb744b1e53e1f842b506987bdb0d97235e""}",SAVED_SEC_ORIGINAL_NATIVE_DEVELOPMENT_RESULT,PREEXISTING_SAVED_ACQUISITIONS_ONLY,"{""path"": ""docs/evidence/issue28_continuous/ordinary-current-income/income-coordinates.json"", ""selector"": ""paramount_skydance_paramount_global/B01"", ""archive"": ""ordinary-current-income/material.tar.gz"", ""coordinate_member"": ""current-income-native-first/coordinates/paramount_skydance_paramount_global-B01.json"", ""run_records"": ""current-income-native-first/runs/paramount_skydance_paramount_global/B01/records.jsonl"", ""run_manifest"": ""current-income-native-first/runs/paramount_skydance_paramount_global/B01/manifest.json""}",False,False,Current affected-path evidence and unified update/release acceptance; no blanket rerun claim
paramount_skydance_paramount_global,B02,NOT_MEANINGFUL,NOT_MEANINGFUL,APPLICABLE,,,ENTITY_CONTINUITY_NOT_COMPARABLE,"{""fiscal_year"": 2025, ""period_start"": ""2025-01-01"", ""period_end"": ""2025-12-31""}","{""run_id"": ""run:ordinary-integrated:6bec10f05d0b6fff1c0addcd1021cf7e1ac8e3fc9f51cd22f24a48c72ed628bb"", ""result_id"": ""sha256:cbab8165ffac6c5cbe9c4ea0b56a037980e46574a68419bb1916ba8f8a5299ef"", ""spec_closure_hash"": ""sha256:7f569259f31e7d0bd237ca8ba6bc368cbf55d47453f86915c4cf8e0638868a76"", ""requirement_closure_hash"": ""sha256:e0ebf50afb0f46c20b161d195d99a9541253f884164dc04d9cd1086f71545b5b""}",SAVED_SEC_ORIGINAL_NATIVE_DEVELOPMENT_RESULT,SAVED_ORIGINAL_SEC_SOURCE_NO_NEW_ACQUISITION,"{""path"": ""docs/evidence/issue28_continuous/ordinary-continuity-policy/native-continuity-material.tar.gz"", ""selector"": ""paramount_skydance_paramount_global/B02"", ""summary_member"": ""continuity-policy-native-second/summary.json"", ""run_manifest"": ""continuity-policy-native-second/runs/paramount_skydance_paramount_global/B02/manifest.json"", ""run_records"": ""continuity-policy-native-second/runs/paramount_skydance_paramount_global/B02/records.jsonl""}",False,False,Current affected-path evidence and unified update/release acceptance; no blanket rerun claim
paramount_skydance_paramount_global,B03,NOT_MEANINGFUL,NOT_MEANINGFUL,APPLICABLE,,,ANNUAL_DURATION_OUT_OF_RANGE,"{""fiscal_year"": 2025, ""period_start"": ""2025-08-08"", ""period_end"": ""2025-12-31""}","{""run_id"": ""run:ordinary-integrated:681c4d8ca901ca3b77523521ee2f63cbdc6573197c2c1d12833a169ee2bd5b9f"", ""result_id"": ""sha256:1a7fdb5c4509dcba0293ec0eef1a4abc44e55089362f6d6106ed86c2a7c493d7"", ""spec_closure_hash"": ""sha256:706e541ffaf0e1d2cc091b56a635485a2145e70f40f86a401fa2e2c5b0a471e5"", ""requirement_closure_hash"": ""sha256:fed10ec2653f6889b37c24f74ab21aeb744b1e53e1f842b506987bdb0d97235e""}",SAVED_SEC_ORIGINAL_NATIVE_DEVELOPMENT_RESULT,PREEXISTING_SAVED_ACQUISITIONS_ONLY,"{""path"": ""docs/evidence/issue28_continuous/ordinary-current-income/income-coordinates.json"", ""selector"": ""paramount_skydance_paramount_global/B03"", ""archive"": ""ordinary-current-income/material.tar.gz"", ""coordinate_member"": ""current-income-native-first/coordinates/paramount_skydance_paramount_global-B03.json"", ""run_records"": ""current-income-native-first/runs/paramount_skydance_paramount_global/B03/records.jsonl"", ""run_manifest"": ""current-income-native-first/runs/paramount_skydance_paramount_global/B03/manifest.json""}",False,False,Current affected-path evidence and unified update/release acceptance; no blanket rerun claim
paramount_skydance_paramount_global,B04,NOT_MEANINGFUL,NOT_MEANINGFUL,APPLICABLE,,,ENTITY_CONTINUITY_NOT_COMPARABLE,"{""fiscal_year"": 2025, ""period_start"": ""2025-01-01"", ""period_end"": ""2025-12-31""}","{""run_id"": ""run:ordinary-integrated:ae948fa398ad595d2c05965aa6cc1e8f52b178ac06684944aaa340a4f08c3a65"", ""result_id"": ""sha256:aafc16bdde5283a21fb2a29960bf5283d5fef5a41a1073c34a17db911e50fe6b"", ""spec_closure_hash"": ""sha256:22b0fe3ad2841f90450d503cd628fe65207ae1777968156abc13c4ee28ffb3e2"", ""requirement_closure_hash"": ""sha256:e0ebf50afb0f46c20b161d195d99a9541253f884164dc04d9cd1086f71545b5b""}",SAVED_SEC_ORIGINAL_NATIVE_DEVELOPMENT_RESULT,SAVED_ORIGINAL_SEC_SOURCE_NO_NEW_ACQUISITION,"{""path"": ""docs/evidence/issue28_continuous/ordinary-continuity-policy/native-continuity-material.tar.gz"", ""selector"": ""paramount_skydance_paramount_global/B04"", ""summary_member"": ""continuity-policy-native-second/summary.json"", ""run_manifest"": ""continuity-policy-native-second/runs/paramount_skydance_paramount_global/B04/manifest.json"", ""run_records"": ""continuity-policy-native-second/runs/paramount_skydance_paramount_global/B04/records.jsonl""}",False,False,Current affected-path evidence and unified update/release acceptance; no blanket rerun claim
paramount_skydance_paramount_global,B05,NOT_MEANINGFUL,NOT_MEANINGFUL,APPLICABLE,,,ENTITY_CONTINUITY_NOT_COMPARABLE,"{""fiscal_year"": 2025, ""period_start"": ""2025-01-01"", ""period_end"": ""2025-12-31""}","{""run_id"": ""run:ordinary-integrated:54d70b96630f27a1c12db8d4d94d3ceb2c440e9e8ef26e5b2029bcf30619b871"", ""result_id"": ""sha256:b014e48036c81dfb2607ecc2ababec4fcd59f48ead8e7c413b07aba690b14ec7"", ""spec_closure_hash"": ""sha256:7fc421991b42d822b96675ac584b32e0af843a34923a90cb316cc13386debdae"", ""requirement_closure_hash"": ""sha256:e0ebf50afb0f46c20b161d195d99a9541253f884164dc04d9cd1086f71545b5b""}",SAVED_SEC_ORIGINAL_NATIVE_DEVELOPMENT_RESULT,SAVED_ORIGINAL_SEC_SOURCE_NO_NEW_ACQUISITION,"{""path"": ""docs/evidence/issue28_continuous/ordinary-continuity-policy/native-continuity-material.tar.gz"", ""selector"": ""paramount_skydance_paramount_global/B05"", ""summary_member"": ""continuity-policy-native-second/summary.json"", ""run_manifest"": ""continuity-policy-native-second/runs/paramount_skydance_paramount_global/B05/manifest.json"", ""run_records"": ""continuity-policy-native-second/runs/paramount_skydance_paramount_global/B05/records.jsonl""}",False,False,Current affected-path evidence and unified update/release acceptance; no blanket rerun claim
paramount_skydance_paramount_global,B06,NUMERIC_RESULT,EXACT,APPLICABLE,1.168049260241169930727785855,ratio,PASS,"{""period_start"": ""2025-12-31"", ""period_end"": ""2025-12-31""}","{""run_id"": ""run:ordinary-integrated:3f46f245539d7bd4c8e24a9c7e35c394f0741be4924448ee1a36e2964fc6b967"", ""result_id"": ""sha256:d2453e8b020075cc7165ade36c17448e387e0e0b25ca484dcdd5286e5265d17e"", ""spec_closure_hash"": ""sha256:4ad7f5e5ab1925de7d4113eb28f1a3a5fdd3f4219c95cc0604c6e454eb3db744"", ""requirement_closure_hash"": ""sha256:7db6f9f6f45636174f7a8809a5b533a077a4eb6ee2f94301d87b5d47542c9bc9""}",REAL_SAVED_SEC_CONTENT_NATIVE_RESULT_WITH_RECORDED_SOURCE_ADMISSION,RECORDED_TEST_ONLY,"{""path"": ""docs/evidence/issue28_continuous/remaining-current-source-routes/positive-debt-summary.json"", ""selector"": ""paramount_skydance_paramount_global/B06"", ""archive"": ""remaining-current-source-routes/positive-debt-routes.tar.gz"", ""run_records"": ""paramount_skydance_paramount_global/run/records.jsonl"", ""run_manifest"": ""paramount_skydance_paramount_global/run/manifest.json""}",False,False,Preserve proved source-content calculation; recorded source admission is not a new live acquisition or real model result
paramount_skydance_paramount_global,B07,NOT_MEANINGFUL,NOT_MEANINGFUL,APPLICABLE,,,ENTITY_CONTINUITY_NOT_COMPARABLE,"{""fiscal_year"": 2025, ""period_start"": ""2025-01-01"", ""period_end"": ""2025-12-31""}","{""run_id"": ""run:ordinary-integrated:16d01e55ff210ea6db22152a093dd36b698bad33f7bff9802f3accd548cc4a59"", ""result_id"": ""sha256:1422ef8d536f353fe17b295937fdf915cd285d387312caee5368309f2c8a0add"", ""spec_closure_hash"": ""sha256:0eb533e576d3bbcb418812e362d9e377373f83c76dd9bfa62ecb41d49475bb78"", ""requirement_closure_hash"": ""sha256:e0ebf50afb0f46c20b161d195d99a9541253f884164dc04d9cd1086f71545b5b""}",SAVED_SEC_ORIGINAL_NATIVE_DEVELOPMENT_RESULT,SAVED_ORIGINAL_SEC_SOURCE_NO_NEW_ACQUISITION,"{""path"": ""docs/evidence/issue28_continuous/ordinary-continuity-policy/native-continuity-material.tar.gz"", ""selector"": ""paramount_skydance_paramount_global/B07"", ""summary_member"": ""continuity-policy-native-second/summary.json"", ""run_manifest"": ""continuity-policy-native-second/runs/paramount_skydance_paramount_global/B07/manifest.json"", ""run_records"": ""continuity-policy-native-second/runs/paramount_skydance_paramount_global/B07/records.jsonl""}",False,False,Current affected-path evidence and unified update/release acceptance; no blanket rerun claim
paramount_skydance_paramount_global,B08,NUMERIC_RESULT,EXACT,APPLICABLE,1.256722332295499575431644495,ratio,PASS,"{""fiscal_year"": 2025, ""period_start"": ""2025-12-31"", ""period_end"": ""2025-12-31""}","{""run_id"": ""run:ordinary-integrated:f7253f66e28777e05386e18da840b37aa169ebd9ece820b3d76ab0cdedb1836e"", ""result_id"": ""sha256:8a4762a8016e8ceb967b7e6439c151f6d3a1f3e51f92564ed589e319f96e271f"", ""spec_closure_hash"": ""sha256:5c803b9c8f773c348d4279249eeb56b603221e55938f39cba7801b3d77a517b6"", ""requirement_closure_hash"": ""sha256:e0ebf50afb0f46c20b161d195d99a9541253f884164dc04d9cd1086f71545b5b""}",SAVED_SEC_ORIGINAL_NATIVE_DEVELOPMENT_RESULT,SAVED_ORIGINAL_SEC_SOURCE_NO_NEW_ACQUISITION,"{""path"": ""docs/evidence/issue28_continuous/ordinary-continuity-policy/native-continuity-material.tar.gz"", ""selector"": ""paramount_skydance_paramount_global/B08"", ""summary_member"": ""continuity-policy-native-second/summary.json"", ""run_manifest"": ""continuity-policy-native-second/runs/paramount_skydance_paramount_global/B08/manifest.json"", ""run_records"": ""continuity-policy-native-second/runs/paramount_skydance_paramount_global/B08/records.jsonl""}",False,False,Current affected-path evidence and unified update/release acceptance; no blanket rerun claim
paramount_skydance_paramount_global,B09,NUMERIC_RESULT,EXACT,APPLICABLE,3274000000,USD,PASS,"{""fiscal_year"": 2025, ""period_start"": ""2025-12-31"", ""period_end"": ""2025-12-31""}","{""run_id"": ""run:ordinary-integrated:df1395e8f234d5e5755ea76d3c9fdc2de693304306e0ede6beeae2001b3e6e7b"", ""result_id"": ""sha256:9c25e591c2e5e9c7798c58e0444141e7a29be75ad202c368978efd54ffa3e1cc"", ""spec_closure_hash"": ""sha256:25be3c461b082e4b74950c85e39b093568b807aa22c500370579f697f9381b3f"", ""requirement_closure_hash"": ""sha256:e0ebf50afb0f46c20b161d195d99a9541253f884164dc04d9cd1086f71545b5b""}",SAVED_SEC_ORIGINAL_NATIVE_DEVELOPMENT_RESULT,SAVED_ORIGINAL_SEC_SOURCE_NO_NEW_ACQUISITION,"{""path"": ""docs/evidence/issue28_continuous/ordinary-continuity-policy/native-continuity-material.tar.gz"", ""selector"": ""paramount_skydance_paramount_global/B09"", ""summary_member"": ""continuity-policy-native-second/summary.json"", ""run_manifest"": ""continuity-policy-native-second/runs/paramount_skydance_paramount_global/B09/manifest.json"", ""run_records"": ""continuity-policy-native-second/runs/paramount_skydance_paramount_global/B09/records.jsonl""}",False,False,Current affected-path evidence and unified update/release acceptance; no blanket rerun claim
paramount_skydance_paramount_global,B10,STRUCTURAL_NOT_APPLICABLE,NONE,N_A_STRUCTURAL,,,TRAIT_NOT_APPLICABLE,"{""fiscal_year"": 2025, ""period_start"": ""2025-01-01"", ""period_end"": ""2025-12-31""}","{""run_id"": ""run:ordinary-integrated:b88f114c718a6d057efdeae60e6872705902334d410824bc5cee153f402818b9"", ""result_id"": ""sha256:ac284217c3d59bb239a30788f968387ee02d9cb80ee89b98de3da460af21e1ec"", ""spec_closure_hash"": ""sha256:5bb9522e676f369b08e13280ce67c59fe86104836295afa91bf9b882f80ed74a"", ""requirement_closure_hash"": ""sha256:8f38c1458f3af391a63d89c82c2662bac5e5d6e99cdf7307f60bd242bdf66de3""}",SAVED_SEC_ORIGINAL_NATIVE_DEVELOPMENT_RESULT,SAVED_ORIGINAL_SEC_SOURCE_NO_NEW_ACQUISITION,"{""path"": ""docs/evidence/issue28_continuous/ordinary-lodging/ten-company-before-role-move/summary.json"", ""selector"": ""paramount_skydance_paramount_global/B10""}",False,False,Current affected-path evidence and unified update/release acceptance; no blanket rerun claim
paramount_skydance_paramount_global,B11,STRUCTURAL_NOT_APPLICABLE,NONE,N_A_STRUCTURAL,,,TRAIT_NOT_APPLICABLE,"{""fiscal_year"": 2025, ""period_start"": ""2025-01-01"", ""period_end"": ""2025-12-31""}","{""run_id"": ""run:ordinary-integrated:9d83ecc451e68ed1efd5639cb96c58a8418ced5f16eb8d462118ea0ff4d63299"", ""result_id"": ""sha256:64fe246fef615e79369e15b5124f7fbc323a4fb9e7e61222378628654d348ee7"", ""spec_closure_hash"": ""sha256:80ff12eb5ddb0f431450465c42ece9d7488ea8455af5021c933583c3833d1dd0"", ""requirement_closure_hash"": ""sha256:8f38c1458f3af391a63d89c82c2662bac5e5d6e99cdf7307f60bd242bdf66de3""}",SAVED_SEC_ORIGINAL_NATIVE_DEVELOPMENT_RESULT,SAVED_ORIGINAL_SEC_SOURCE_NO_NEW_ACQUISITION,"{""path"": ""docs/evidence/issue28_continuous/ordinary-lodging/ten-company-before-role-move/summary.json"", ""selector"": ""paramount_skydance_paramount_global/B11""}",False,False,Current affected-path evidence and unified update/release acceptance; no blanket rerun claim
paramount_skydance_paramount_global,B12,STRUCTURAL_NOT_APPLICABLE,NONE,N_A_STRUCTURAL,,,TRAIT_NOT_APPLICABLE,"{""fiscal_year"": 2025, ""period_start"": ""2025-12-31"", ""period_end"": ""2025-12-31""}","{""run_id"": ""run:ordinary-integrated:4d3bdf379dc9dc9b828fe51d64dd82ba362b06fe4133792280af46fc60956992"", ""result_id"": ""sha256:b8784ff685401d5d66f93ac5647065edcea279d7951111eabaaea9352b34e741"", ""spec_closure_hash"": ""sha256:267b9c81c20295935d3e400903dc41bf2e3e52f87de37cd8ec9d193245320267"", ""head"": ""1c9f5621e4e09f891d597fa7edcea970a3d434dc"", ""evidence_date"": ""2026-09-12"", ""current_code_replay_claim"": false}",SAVED_SEC_ORIGINAL_NATIVE_DEVELOPMENT_RESULT,SAVED_ORIGINAL_SEC_SOURCE_NO_NEW_ACQUISITION,"{""path"": ""docs/evidence/issue28_continuous/completed-v14-batch-340/summary.json"", ""selector"": ""paramount_skydance_paramount_global/B12""}",False,False,Current affected-path evidence and unified update/release acceptance; no blanket rerun claim
paramount_skydance_paramount_global,B13,STRUCTURAL_NOT_APPLICABLE,NONE,N_A_STRUCTURAL,,,TRAIT_NOT_APPLICABLE,"{""fiscal_year"": 2025, ""period_start"": ""2025-01-01"", ""period_end"": ""2025-12-31""}","{""run_id"": ""run:ordinary-integrated:216eb21cfc89bea0905414266e3a20e2900d331ba76b8c979f65fe99bd933814"", ""result_id"": ""sha256:2c95c04d3f4bf7f740a25cfad19df3ba3d44a6356c93a620d02172326a636013"", ""spec_closure_hash"": ""sha256:7271dcbbc3bf761af1ec5dc130c6fdbc6528822a33bf11f98a3c0f2021f4fefb"", ""requirement_closure_hash"": ""sha256:4e6105c99e3d1741cbf72d9a4c0e71ee175740e6f3de6dc4c40a149b990ac95d""}",SAVED_SEC_ORIGINAL_NATIVE_DEVELOPMENT_RESULT,SAVED_ORIGINAL_SEC_SOURCE_NO_NEW_ACQUISITION,"{""path"": ""docs/evidence/issue28_continuous/b13-content-guards/structural-summary.json"", ""selector"": ""paramount_skydance_paramount_global/B13"", ""archive"": ""b13-content-guards/native-material.tar.gz"", ""run_records"": ""structural-3/paramount_skydance_paramount_global/run/records.jsonl"", ""run_manifest"": ""structural-3/paramount_skydance_paramount_global/run/manifest.json""}",False,False,Current affected-path evidence and unified update/release acceptance; no blanket rerun claim
paramount_skydance_paramount_global,C01,NUMERIC_RESULT,EXACT,APPLICABLE,12,count,PASS,"{""fiscal_year"": 2025, ""period_start"": ""2025-01-01"", ""period_end"": ""2025-12-31""}","{""run_id"": ""run:ordinary-integrated:c472780e654f3c5cfaefa1d115ea790a47d21028cde14d054fc37123c359f0a0"", ""result_id"": ""sha256:ff929f410bb7f2b0591ce48201761347ae82af2ecb92e048aa6e3de55d0af7d8"", ""spec_closure_hash"": ""sha256:87a93dec6cb267aa2a6549a8ce060757267b9db8680662970f4959a040990ced"", ""requirement_closure_hash"": ""sha256:4faf6b957454a4e814d0ba9f37172587f61b997336a429e8000e529ca30c2434""}",SAVED_SEC_ORIGINAL_NATIVE_DEVELOPMENT_RESULT,VERIFIED_SEC_ACQUISITION,"{""path"": ""docs/evidence/issue28_continuous/ordinary-registered-event-runs/event-coordinates.json"", ""selector"": ""paramount_skydance_paramount_global/C01"", ""archive"": ""ordinary-registered-event-runs/material.tar.gz"", ""coordinate_member"": ""registered-event-native-second/coordinates/paramount_skydance_paramount_global-C01.json"", ""run_records"": ""registered-event-native-second/runs/paramount_skydance_paramount_global/C01/records.jsonl"", ""run_manifest"": ""registered-event-native-second/runs/paramount_skydance_paramount_global/C01/manifest.json""}",False,False,Current affected-path evidence and unified update/release acceptance; no blanket rerun claim
paramount_skydance_paramount_global,C02,TEXT_RESULT,EXACT,APPLICABLE,"Our Board of Directors (“Board”) is currently comprised of ten members, each serving until the next annual meeting or until his or her successor is duly elected and qualified: David Ellison, Andrew Brandon-Gordon, Barbara M. Byrne, Andrew Campion, Gerald Cardinale, Safra A. Catz, Justin G. Hamill, Sherry Lansing, Paul Marinelli and John L. Thornton. The Board has three standing committees: the Audit Committee, the Compensation Committee and the Nominating and Governance Committee.
Ms. Byrne has served as a member of our Board since August 2025. Ms. Byrne is a former Vice Chairman of Investment Banking at Barclays PLC and a former Vice Chairman of Lehman Brothers. Ms. Byrne served as a member of the boards of Paramount Global and its predecessor CBS Corporation since 2018 when she retired from investment banking. Ms. Byrne has served as a director of LanzaTech NZ Inc since 2023 and of Carta, Inc. since 2021. She previously served on the boards of Power School Holdings, Inc., Hennessy Capital Investment Corp. V and Slam Corp. She is also a Lifetime Member of the Council on Foreign Relations and the Audit Committee Leadership Network. She previously served as an Executive in Residence at Columbia Business School, a Trustee of the Institute of International Education, a Trustee of Mount Holyoke College and a member of the Investment Committee of Catalyst. We believe Ms. Byrne is qualified to serve as a member of our Board because of her more than 40 years of financial services experience and extensive business and financial expertise in complex transactions, risk management, strategy and other financial matters.
Our Audit Committee is comprised of Ms. Byrne and Messrs. Campion and Hamill. Ms. Byrne is the Chair of the Audit Committee.
The Audit Committee Charter provides that the Audit Committee will be comprised of at least three members. The Committee must have at least one “audit committee financial expert” (as described below), and all Audit Committee members must be able to read and understand fundamental financial statements. The Audit Committee holds at least four regular meetings each year, and it meets separately throughout the year with the independent auditor and the internal auditor, and members of management.
The Audit Committee has the power to delegate its authority and duties to subcommittees or individual members of the Audit Committee, as well as to retain outside advisors, in its sole discretion. The Audit Committee has the sole authority to retain and terminate the services of any such advisors and to review and approve such advisors’ fees and other retention terms.
The Board has determined that each of Ms. Byrne and Messrs. Campion and Hamill is “financially sophisticated” under the listing rules of the Nasdaq stock market (“Nasdaq”) and qualifies as “independent” for Audit Committee purposes pursuant to applicable Nasdaq and SEC rules, and that each of Ms. Byrne and Mr. Campion qualifies as an “audit committee financial expert” as defined in the regulations promulgated under the Securities Act of 1933, as amended.
The Compensation Committee is composed of Gerald Cardinale (Chair), Safra A. Catz and Justin G. Hamill.
For compensation established on the Closing Date, the Committee considered market data from Semler Brossy, Skydance’s compensation consultant. In December 2025, the Committee retained Compensia as its independent compensation consultant. The Committee has the sole authority to retain and terminate the independent compensation consultant’s services and to review and approve the firm’s fees and other retention terms. Compensia does not provide services to the Company other than its services to the Committee and to the Board pertaining to non-employee director compensation. In April 2026, the Compensation Committee assessed the independence of Compensia and determined that the firm’s work for the Committee does not raise any conflicts of interest.
Members of the Compensation Committee
We are a “controlled company” under the Nasdaq rules. As a result, we qualify for exemptions from, and have elected not to comply with, certain corporate governance requirements under the rules, including the requirements that we have a board that is composed of a majority of “independent directors,” as defined under the Nasdaq rules, and a compensation committee and a nominating and governance committee that are composed entirely of independent directors. Even though we are a controlled company, we are required to comply with the rules of the SEC and the Nasdaq rules relating to the membership, qualifications and operations of our audit committee.
In making its independence determinations, the Board reviewed and discussed information provided by the directors with regard to each director’s business and personal activities and any relationships that they have with us and our management. As a result of this review, our Board, upon the recommendation of the Nominating and Governance Committee, determined that four of our ten directors - Mses. Byrne and Lansing and Messrs. Hamill and Campion - are independent under the applicable Nasdaq rules. The directors who were not determined to be independent under the applicable Nasdaq rules are Ms. Catz (Compensation Committee) and Messrs. Ellison, Cardinale (Compensation Committee), Brandon-Gordon, Marinelli (Nominating and Governance Committee), and Thornton (Nominating and Governance Committee). In making its independence determination with respect to Ms. Lansing, the Board considered Ms. Lansing’s service as Chair of the Board of Directors of Universal Music Group, with which Paramount has certain commercial relationships involving the licensing of music and publishing rights. The Board determined that this relationship and arrangement is not a bar to Ms. Lansing’s independence under applicable Nasdaq rules. In making its independence determinations with respect to Mr. Hamill, the Board also considered that Latham provided legal services to Skydance while Mr. Hamill was employed there. Mr. Hamill is no longer a partner at Latham and has no active role in providing such services.
The Board has determined that each of Ms. Byrne and Messrs. Campion and Hamill is “financially sophisticated” under the Nasdaq rules, and qualifies as “independent” for Audit Committee purposes pursuant to applicable Nasdaq and SEC rules, and that each of Ms. Byrne and Mr. Campion qualifies as an “audit committee financial expert” as defined in the regulations promulgated under the Securities Act of 1933, as amended.",text,PASS,"{""fiscal_year"": 2025, ""period_start"": ""2025-01-01"", ""period_end"": ""2025-12-31""}","{""run_id"": ""run:ordinary-integrated:dec2535d05423c2fe62af605fc1c7c2f7fed537075cd7230fd539e6c25b8ace7"", ""result_id"": ""sha256:b37865b74f2ae8157b09041026c5ad72c88efb5950d04c1c073d79e6e2f8cfd0"", ""spec_closure_hash"": ""sha256:fe99c55991a9f0d86cf31bcd8b009347dbe9b41ba7547a0fab1cc14ffb67cc41"", ""head"": ""1c9f5621e4e09f891d597fa7edcea970a3d434dc"", ""evidence_date"": ""2026-09-12"", ""current_code_replay_claim"": false}",SAVED_SEC_ORIGINAL_NATIVE_DEVELOPMENT_RESULT,SAVED_ORIGINAL_SEC_SOURCE_NO_NEW_ACQUISITION,"{""path"": ""docs/evidence/issue28_continuous/completed-v14-batch-340/summary.json"", ""selector"": ""paramount_skydance_paramount_global/C02""}",False,False,Current affected-path evidence and unified update/release acceptance; no blanket rerun claim
paramount_skydance_paramount_global,C03,NUMERIC_RESULT,EXACT,APPLICABLE,63211569,USD,PASS,"{""fiscal_year"": 2025, ""period_start"": ""2025-08-07"", ""period_end"": ""2025-12-31""}","{""run_id"": ""run:ordinary-integrated:6443614c7b5e8a6614033dcfcb745cb1655015e328c0059242e3f9193ed49a06"", ""result_id"": ""sha256:a3a5fa1b790731fd5382472a3ae307b5e1ba55b9a38d2bbd91e781b6cd7695e3"", ""spec_closure_hash"": ""sha256:0f5527096806bae71d6677a0d68a8c159f76c8b035d7ae50d175747af155dc76"", ""head"": ""1c9f5621e4e09f891d597fa7edcea970a3d434dc"", ""evidence_date"": ""2026-09-12"", ""current_code_replay_claim"": false}",SAVED_SEC_ORIGINAL_NATIVE_DEVELOPMENT_RESULT,SAVED_ORIGINAL_SEC_SOURCE_NO_NEW_ACQUISITION,"{""path"": ""docs/evidence/issue28_continuous/completed-v14-batch-340/summary.json"", ""selector"": ""paramount_skydance_paramount_global/C03""}",False,False,Current affected-path evidence and unified update/release acceptance; no blanket rerun claim
paramount_skydance_paramount_global,C04,IMPLEMENTATION_OR_SOURCE_PROOF_UNRESOLVED,NONE,APPLICABLE,,,C04_COMPARABLE_AUDITOR_FACTS_MISSING,"{""fiscal_year"": 2025, ""period_start"": ""2025-01-01"", ""period_end"": ""2025-12-31""}","{""run_id"": ""run:ordinary-integrated:5fe2b4160a2599209487949e50b3aa4a7042448d0cfcbecfa2727981f96736ca"", ""result_id"": ""sha256:f6616f6a8f7d985a8092c76a7895649c8b010d3e9b7758c3ceb0c224ebdf1ef5"", ""spec_closure_hash"": ""sha256:e85274fbab94d7e316ca58710a41a00e3197688cdaff68d6c064470c17bd8f1d"", ""head"": ""1c9f5621e4e09f891d597fa7edcea970a3d434dc"", ""evidence_date"": ""2026-09-12"", ""current_code_replay_claim"": false}",SAVED_SEC_ORIGINAL_NATIVE_DEVELOPMENT_RESULT,SAVED_ORIGINAL_SEC_SOURCE_NO_NEW_ACQUISITION,"{""path"": ""docs/evidence/issue28_continuous/completed-v14-batch-340/summary.json"", ""selector"": ""paramount_skydance_paramount_global/C04""}",False,False,Distinguish actual source ambiguity from unsupported implementation through complete bounded source proof; no coordinate completion credit from refusal
paramount_skydance_paramount_global,D01,TEXT_RESULT,EXACT,APPLICABLE,"Risks Relating to Our Business and Industry
If our streaming business is unsuccessful, our business, financial condition or results of operations could be adversely affected.
Our advertising revenues have been and may continue to be adversely impacted by several factors, including changes in consumer behavior and advertising market conditions.
We operate in highly competitive and dynamic industries and our business, financial condition or results of operations could be adversely affected if we do not compete effectively.
The unpredictable and constantly shifting nature of consumer behavior, as well as evolving technologies and distribution models, have affected, and could continue to adversely affect, our business, financial condition or results of operations.
Decisions to invest in new businesses, products, services and technologies, and the evolution of our business strategy, could adversely affect our business, financial condition or results of operations.
The loss of affiliation and distribution agreements, renewals on less favorable terms or adverse interpretations thereof could have an adverse effect on our business, financial condition or results of operations.
Damage to our reputation or brands could adversely affect our business, financial condition or results of operations.
Losses due to asset impairment charges for goodwill, content and long-lived assets, including finite-lived intangible assets, could have an adverse effect on our business, financial condition or results of operations.
Our liabilities related to discontinued operations and former businesses could adversely affect our business, financial condition or results of operations.
Increasing scrutiny of, and evolving expectations for, sustainability initiatives could increase costs, harm our reputation or otherwise adversely impact our business, financial condition or results of operations.
Risks Relating to Business Continuity, Cybersecurity and Privacy and Data Protection
Disruptions or failures of, or attacks on, our or our service providers’ networks, information systems and other technologies could result in the disclosure of business or personal information, disruption of our businesses, damage to our brands and reputation, and legal exposure and financial losses.
Risks Relating to Intellectual Property
Challenges in protecting and maintaining our intellectual property rights could have an adverse effect on our business, financial condition or results of operations.
Risks Relating to Macroeconomic and Political Conditions
Economic and political conditions in the U.S. and around the world could have an adverse effect on our business, financial condition or results of operations.
Risks Relating to Legal and Regulatory Matters
Failures to comply with or changes in U
We are subject to complex, often inconsistent and potentially costly laws, regulations, industry standards and contractual obligations relating to privacy and data protection.
Changes and uncertainties with respect to taxes in the jurisdictions in which we operate may have an adverse effect on our business, financial condition or results of operations.
Risks Relating to Human Capital
The inability to hire or retain key employees or secure creative talent could adversely affect our business, financial condition or results of operations.
Labor disputes could disrupt our operations and adversely affect our business, financial condition or results of operations.
Risks Relating to the Transactions
Combining Paramount Global’s and Skydance’s businesses may be more difficult, time-consuming or costly than expected and the actual benefits of the combination may be less than expected, either or both of which may adversely affect our future results.
Several lawsuits have been filed in connection with the Transactions and additional lawsuits may be filed in the future challenging the Transactions. An adverse ruling in any such lawsuit could result in substantial costs and otherwise adversely affect our business, financial condition or results of operations.
Risks Relating to Ownership of Our Common Stock
We have experienced, and may continue to experience, volatility in the price of our Class B Common Stock.
Our dual class capital structure and the concentrated control by the entities controlled by the Ellison Family may adversely affect our stock price or business.
If the entities controlled by the Ellison Family sell a controlling interest in our Company to a third party in a private transaction, our stockholders may not realize any change of control premium on shares of our Class B Common Stock and we may become subject to the control of a presently unknown third party.
Risk Factors Relating to Our Organization and Structure
We are exempt from certain corporate governance requirements because we are a “controlled company” within the meaning of Nasdaq rules, and as a result our stockholders do not have the protections afforded by these corporate governance requirements.
Holders of our Class B Common Stock have no voting rights and, as a result, do not have any ability to influence stockholder decisions.
Anti-takeover provisions contained in our Charter and Bylaws, as well as provisions of Delaware law, could impair a takeover attempt.
The provisions of our Charter requiring exclusive venue in the Court of Chancery of the State of Delaware for certain types of lawsuits and the federal district courts of the U.S. for the resolution of any complaint asserting a cause of action under the Securities Act may have the effect of discouraging lawsuits against our directors and officers.
The competitive opportunity provisions in our Charter could enable certain directors, principals, officers, employees, members and/or equity holders or their respective affiliates to benefit from competitive opportunities that might otherwise be available to us.
We are a holding company, and our principal assets are equity interests in our subsidiaries and, accordingly, we are dependent upon distributions from our subsidiaries to pay taxes and other expenses.",text,PASS,"{""fiscal_year"": 2025, ""period_start"": ""2025-01-01"", ""period_end"": ""2025-12-31""}","{""run_id"": ""run:ordinary-integrated:3db326b2b92a7d79b139bd291b19a38e5b8c89e1143b8df6905f0b50fff904b3"", ""result_id"": ""sha256:a7a52ae7df0eb150b4cc6cf66c08b508056febcfbd013ea7a9ec85026c144cca"", ""spec_closure_hash"": ""sha256:2cf616ccdb70214edf453184505f984279be5cfa9fd0b966993eeb70b767b400"", ""head"": ""1c9f5621e4e09f891d597fa7edcea970a3d434dc"", ""evidence_date"": ""2026-09-12"", ""current_code_replay_claim"": false}",SAVED_SEC_ORIGINAL_NATIVE_DEVELOPMENT_RESULT,SAVED_ORIGINAL_SEC_SOURCE_NO_NEW_ACQUISITION,"{""path"": ""docs/evidence/issue28_continuous/completed-v14-batch-340/summary.json"", ""selector"": ""paramount_skydance_paramount_global/D01""}",False,False,Current affected-path evidence and unified update/release acceptance; no blanket rerun claim
paramount_skydance_paramount_global,D02,TEXT_RESULT,EXACT,APPLICABLE,"The information set forth under the caption “Legal Matters” in Note 18 to the consolidated financial statements in “Item 8. Financial Statements and Supplementary Data—Notes to Consolidated Financial Statements” is incorporated herein by reference.
(h) The estimated fair value of Paramount Global’s contingent liabilities as of August 7, 2025 was $1.4 billion, which relate principally to the defense and settlement of lawsuits claiming various personal injuries related to exposure to asbestos as well as claims from federal and state environmental regulatory agencies and other entities asserting liability for environmental cleanup costs and related damages (see Note 18).
During the Successor period from August 7 - December 31, 2025, we recorded $81 million of transaction-related costs, principally for legal and other professional fees associated with the Warner Bros. offer. During the Predecessor period from January 1 - August 6, 2025, we recorded $199 million, principally for banking, legal, advisory, and other professional fees relating to the Transactions, and transaction awards that became payable to eligible employees upon closing. During 2024, we recorded costs for transaction-related items of $62 million associated with legal and advisory services related to the Transactions, and during 2023, we recorded a benefit of $156 million, principally associated with stockholder litigation related to the 2019 merger of Viacom Inc. (“Viacom”) and CBS Corporation (“CBS”).
The Credit Facility has one principal financial covenant which sets a maximum Consolidated Total Leverage Ratio (“Leverage Ratio”) at the end of each quarter. The maximum Leverage Ratio was 4.75x for the quarter ended December 31, 2025 and will decrease to 4.5x for the quarter ending March 31, 2026, and will remain at this level until maturity. The Leverage Ratio reflects the ratio of our Consolidated Indebtedness, net of unrestricted cash and cash equivalents at the end of a quarter, to our Consolidated EBITDA (each as defined in the credit agreement) for the trailing twelve-month period. In May 2025, Paramount Global entered into an amendment to the Credit Facility, which increased the maximum amount of unrestricted cash and cash equivalents that can be netted against Consolidated Indebtedness, in the calculation of the Leverage Ratio, from $1.50 billion to $3.0 billion and amended the definition of Consolidated EBITDA to include an additional add-back (which is capped at 15% of Consolidated EBITDA after giving effect to such add-back) for cash items associated with provisions for restructuring or other business optimization programs, litigation and environmental reserves, and losses on the disposition of businesses. We met the covenant as of December 31, 2025.
On an ongoing basis, we vigorously defend ourselves in numerous lawsuits and proceedings and respond to various investigations and inquiries from federal, state, local and international authorities (collectively, “Litigation”). Litigation may be brought against us without merit, is inherently uncertain and always difficult to predict. However, based on our understanding and evaluation of the relevant facts and circumstances, we believe that the following matters are not likely, in the aggregate, to result in a material adverse effect on our business, financial condition and results of operations.
Litigation Relating to the Transactions
In connection with the Transactions, in July 2024, Scott Baker, a purported holder of Paramount Global Class B Common Stock, filed a putative class action lawsuit in the Court of Chancery of the State of Delaware against NAI, Shari E. Redstone, Barbara M. Byrne, Linda M. Griego, Judith A. McHale, Charles E. Phillips, Jr., Susan Schuman, Skydance and David Ellison (the “Baker Action”). The complaint alleges breaches of fiduciary duties to Paramount Global Class B stockholders in connection with the negotiation and approval of the Transaction Agreement, among other claims, and seeks unspecified damages, costs and expenses, as well as other relief. In November 2024, the Court granted the parties’ stipulation in the Baker Action to (i) postpone briefing on the motions to dismiss until the filing or designation of an operative complaint following resolution of the plaintiff’s motion to appoint him and the Baerlocher Family Trust, a purported holder of Paramount Global Class B Common Stock, as co-lead plaintiffs and Berger Montague PC as interim class counsel (the “Baker Leadership Motion”), and (ii) stay discovery until resolution of any motion to dismiss an operative complaint following resolution of the Baker Leadership Motion. In October 2024, various purported stockholders filed motions to intervene to oppose the Baker Leadership Motion. In December 2024, the plaintiff, along with Mark Baerlocher, as trustee for the Baerlocher Family Trust, filed an amended complaint alleging the same breaches of fiduciary duties against the same defendants as in the original complaint. In June 2025, counsel for Mr. Baker informed the Court that the Baker Leadership Motion would be withdrawn without prejudice and that the group of purported stockholders seeking lead plaintiff status would meet and confer to propose a schedule for resolving lead plaintiff applications.
Additionally, in August 2024, LiveVideo.AI Corp. filed a lawsuit in the U.S. District Court for the Southern District of New York against Shari E. Redstone, NAI, Christine Varney and Monica Seligman, alleging that the defendants did not fairly consider its offer to purchase Paramount Global. The complaint asserts claims for unfair competition, tortious interference, unjust enrichment and aiding and abetting breach of fiduciary duty, among others, and seeks unspecified monetary damages, costs and other relief. The defendants were never served. The parties exchanged several filings related to service and default. In August 2025, the magistrate judge issued a Report and Recommendation recommending that the case be dismissed and that the Court impose $10,000 in monetary sanctions against LiveVideo.AI Corp. In September 2025, the district judge adopted the report in full, dismissed the case, imposed the sanctions, and enjoined LiveVideo.AI Corp. from filing any further lawsuits in any federal district court arising out of the Transactions. LiveVideo.AI filed a Notice of Appeal in November 2025.
In February 2025, New York City Employees’ Retirement System, the New York City Fire Department Pension Fund, the New York City Police Pension Fund, the New York City Board of Education Retirement System, and the Teachers’ Retirement System of the City of New York, purported holders of Paramount Global Class B Common Stock and Class A Common Stock, filed a putative class action lawsuit in the Court of Chancery of the State of Delaware against Barbara M. Byrne, Linda M. Griego, Judith A. McHale and Susan Schuman, alleging breaches of fiduciary duties for their alleged failure to sufficiently consider an alternative offer that the plaintiffs claimed was superior to the Transactions (the “NYCERS Action”). The plaintiffs argue that the no-shop provision in the Transaction Agreement should be declared invalid and unenforceable because it prevented the parties from engaging in further deal discussions and negotiations with companies other than Skydance, including, specifically, Project Rise Partners, after the no-shop period began. The plaintiffs further assert that the Court has the power to invalidate this provision because Skydance allegedly aided and abetted NAI’s and Shari E. Redstone’s breach of fiduciary duties, including by agreeing to indemnify Shari E. Redstone (through Skydance’s separate agreement with NAI) for any breach of fiduciary duty claims arising out of the Transactions up to a certain amount. Skydance, NAI, Shari E. Redstone and Paramount Global were not named as defendants in the original complaint. The
NYCERS Action originally sought, among other forms of relief, an order from the Court enjoining the closing of the Transactions until the Court reached a final resolution on the plaintiffs’ claims and an order compelling the special committee of Paramount Global’s Board of Directors to evaluate Project Rise Partners’ alternative offer to, among other things, acquire Paramount Global Class A Common Stock for $23.00 per share and Paramount Global Class B Common Stock for $19.00 per share. The Project Rise Partners’ offer was made after the go-shop period in the Transaction Agreement had ended. The plaintiffs filed a motion for expedited proceedings along with their complaint. In February 2025, the plaintiffs moved to join Paramount Global, Skydance, Shari E. Redstone, NAI and various other entities named in the Transaction Agreement as necessary parties to the litigation and moved for a temporary restraining order preventing the closing of the Transactions until the Court considered the plaintiffs’ anticipated motion for injunctive relief following expedited discovery. In March 2025, the court allowed plaintiffs to amend the complaint to add Paramount Global, Skydance, Shari E. Redstone, NAI and the various other entities as defendants. The amended complaint seeks compensatory damages. The parties reached an agreement to withdraw the plaintiffs’ request for expedition and their application for injunctive relief in exchange for targeted discovery from certain of the defendants and third parties. The matter is in discovery.
Litigation Related to Distribution Agreements
In October 2024, Sony Pictures Television Inc., along with Jeopardy Productions, Inc. and Califon Productions, Inc. (collectively, “Sony”), filed a civil complaint for damages against CBS Studios Inc. in the Superior Court of the State of California, for Los Angeles County, asserting a breach of contract claim against us relating to our exclusive right to distribute Wheel of Fortune and Jeopardy! (the “Distribution Agreements”). In December 2024, we filed a cross-complaint against Sony seeking, among other things, a declaration that the Distribution Agreements remain in full force and effect. On February 3, 2025, Sony purported to assume our distribution functions, and on February 4, 2025, we filed an ex parte application, seeking a temporary restraining order preventing Sony from assuming these distribution functions, which the trial court granted on February 5, 2025. On April 10, 2025, the trial court declined to issue a preliminary injunction preventing Sony from assuming these distribution functions for the duration of the litigation. On April 11, 2025, we appealed the trial court’s ruling and requested a stay of the order denying the preliminary injunction, which was granted on April 16, 2025. The parties have reached a settlement of this matter.
We are a defendant in lawsuits claiming various personal injuries related to asbestos and other materials, which allegedly occurred as a result of exposure caused by various products manufactured by Westinghouse, a
predecessor, generally prior to the early 1970s. Westinghouse was neither a producer nor a manufacturer of asbestos. We are typically named as one of a large number of defendants in both state and federal cases. In the majority of asbestos lawsuits, the plaintiffs have not identified which of our products is the basis of a claim. Claims against us in which a product has been identified most commonly relate to allegations of exposure to asbestos-containing insulating material used in conjunction with turbines and electrical equipment.
In connection with recording Paramount Global’s net assets at the Ultimate Parent’s basis, “Other liabilities” was increased to reflect the fair value of Paramount Global’s estimated contingent liabilities for the defense and settlement of asbestos lawsuits as well as claims from federal and state environmental regulatory agencies and other entities asserting liability for environmental cleanup costs and related damages (See Note 2). The estimated fair value of the asbestos-related liability was determined in consultation with a third-party firm with expertise in estimating asbestos liability and represents the estimate of the amount a third party would pay to take on the risk of any asbestos-related future losses.
We record an accrual for a loss contingency when it is both probable that a liability has been incurred and when the amount of the loss can be reasonably estimated. The reasonably estimable period for our long-term asbestos liability is 10 years, which we determine in consultation with a third-party firm with expertise in estimating asbestos liability and is due to the inherent uncertainties in the tort litigation system. This estimate is based upon many factors, including the number of outstanding claims, estimated average cost per claim, the breakdown of claims by disease type, historic claim filings, costs per claim of resolution and the filing of new claims, and is assessed in consultation with the third-party firm. Based on an assessment of these factors during the fourth quarters of 2024 and 2023 (Predecessor), we increased the accrual for asbestos matters by $57 million and $23 million, respectively, which were recorded as charges in “Restructuring, transaction-related items, and other corporate matters” on the Consolidated Statements of Operations. The increased accrual in each year was primarily the result of a lower-than-expected rate of decline in new claims. No adjustment to the accrual was required as of December 31, 2025. While we believe that our accruals for these matters are adequate, there can be no assurance that circumstances will not change in future periods and, as a result, our actual liabilities may be higher or lower than our accrual.",text,PASS,"{""fiscal_year"": 2025, ""period_start"": ""2025-01-01"", ""period_end"": ""2025-12-31""}","{""run_id"": ""run:ordinary-integrated:ca72d77353544cbcdf8ef7f5cccc90e0ab461162e11f5593f60265091f698670"", ""result_id"": ""sha256:a65cdc379d52ed8bc70fbe3f40be274dc93ea7682af654e08a16a1db76da7b46"", ""spec_closure_hash"": ""sha256:d0e1a602d16c329087fef7fcf9d5378fe6dbc451ccc8fb8124d219e412e76214"", ""head"": ""1c9f5621e4e09f891d597fa7edcea970a3d434dc"", ""evidence_date"": ""2026-09-12"", ""current_code_replay_claim"": false}",SAVED_SEC_ORIGINAL_NATIVE_DEVELOPMENT_RESULT,SAVED_ORIGINAL_SEC_SOURCE_NO_NEW_ACQUISITION,"{""path"": ""docs/evidence/issue28_continuous/completed-v14-batch-340/summary.json"", ""selector"": ""paramount_skydance_paramount_global/D02""}",False,False,Current affected-path evidence and unified update/release acceptance; no blanket rerun claim
paramount_skydance_paramount_global,D03,VALIDATION_OR_IMPLEMENTATION_PENDING,,APPLICABLE,,,D03_NATIVE_RESULT_ROUTE_AND_REAL_VALIDATION_PENDING,"{""fiscal_year"": 2025, ""period_start"": ""2025-01-01"", ""period_end"": ""2025-12-31""}","{""source_id"": ""sha256:5d4c082163db4ac6f00b05347d9302100c10a5ebc4c50c5f4a3da92e011d1149"", ""request_context_format"": ""deepseek-v41-two-message-json-chat-1"", ""implementation_files"": ""docs/evidence/issue28_continuous/request-context-counting/implementation-files.json""}",SOURCE_PREPARATION_WITH_SEPARATE_RECORDED_OR_SYNTHETIC_DEVELOPMENT_EVIDENCE,SEE_ORIGINAL_SOURCE_PROOFS_NO_MODEL_RESULT_CREDIT,"{""path"": ""docs/evidence/issue28_continuous/request-context-counting/grouped-census.json"", ""selector"": ""paramount_skydance_paramount_global/D03""}",False,False,Complete current source-dependent native response/Review/Run validation; retain partials and failures at original scope
paramount_skydance_paramount_global,D04,VALIDATION_OR_IMPLEMENTATION_PENDING,,APPLICABLE,,,D04_COMPLETE_CURRENT_REAL_VALIDATION_PENDING,"{""fiscal_year"": 2025, ""period_start"": ""2025-01-01"", ""period_end"": ""2025-12-31""}","{""source_id"": ""sha256:d504a044f8c3a6265a8dc6620068d0a53550e6f35d077e3c80b1aee7c97cc851"", ""request_context_format"": ""deepseek-v41-two-message-json-chat-1"", ""implementation_files"": ""docs/evidence/issue28_continuous/request-context-counting/implementation-files.json""}",SOURCE_PREPARATION_WITH_SEPARATE_RECORDED_OR_SYNTHETIC_DEVELOPMENT_EVIDENCE,SEE_ORIGINAL_SOURCE_PROOFS_NO_MODEL_RESULT_CREDIT,"{""path"": ""docs/evidence/issue28_continuous/request-context-counting/grouped-census.json"", ""selector"": ""paramount_skydance_paramount_global/D04""}",False,False,Complete current source-dependent native response/Review/Run validation; retain partials and failures at original scope
paramount_skydance_paramount_global,E01,NUMERIC_RESULT,EXACT,APPLICABLE,5,count,PASS,"{""fiscal_year"": 2025, ""period_start"": ""2025-01-01"", ""period_end"": ""2025-12-31""}","{""run_id"": ""run:ordinary-integrated:e2966f243bce9d646ccc133968c1ebc252452e8e9deb480f8e54711206180899"", ""result_id"": ""sha256:4b6893b85bfa206f399e049bb6aca1419ff07208693ffb631536050c3ed4ca46"", ""spec_closure_hash"": ""sha256:7d5864cc3a591b5f0a3b903c4cadcaeb0782dcb60bfe2f75b744cef8f8364ccb"", ""requirement_closure_hash"": ""sha256:4faf6b957454a4e814d0ba9f37172587f61b997336a429e8000e529ca30c2434""}",SAVED_SEC_ORIGINAL_NATIVE_DEVELOPMENT_RESULT,VERIFIED_SEC_ACQUISITION,"{""path"": ""docs/evidence/issue28_continuous/ordinary-registered-event-runs/event-coordinates.json"", ""selector"": ""paramount_skydance_paramount_global/E01"", ""archive"": ""ordinary-registered-event-runs/material.tar.gz"", ""coordinate_member"": ""registered-event-native-second/coordinates/paramount_skydance_paramount_global-E01.json"", ""run_records"": ""registered-event-native-second/runs/paramount_skydance_paramount_global/E01/records.jsonl"", ""run_manifest"": ""registered-event-native-second/runs/paramount_skydance_paramount_global/E01/manifest.json""}",False,False,Current affected-path evidence and unified update/release acceptance; no blanket rerun claim
paramount_skydance_paramount_global,E02,NUMERIC_RESULT,EXACT,APPLICABLE,0,count,PASS,"{""fiscal_year"": 2025, ""period_start"": ""2025-01-01"", ""period_end"": ""2025-12-31""}","{""run_id"": ""run:ordinary-integrated:2f00924ea6d23ee6402fa3fd6f71f923787d222ffcaefdf021e3efe134faba1f"", ""result_id"": ""sha256:154cf570c329e1ff5a35467983b0f1f66fa3f03a35a0e657205fd2e8315bae1e"", ""spec_closure_hash"": ""sha256:2225c56a35257b1ccf88dd4532f450dc264095fcbf4bcfa095a7a8f801e88465"", ""requirement_closure_hash"": ""sha256:4faf6b957454a4e814d0ba9f37172587f61b997336a429e8000e529ca30c2434""}",SAVED_SEC_ORIGINAL_NATIVE_DEVELOPMENT_RESULT,VERIFIED_SEC_ACQUISITION,"{""path"": ""docs/evidence/issue28_continuous/ordinary-registered-event-runs/event-coordinates.json"", ""selector"": ""paramount_skydance_paramount_global/E02"", ""archive"": ""ordinary-registered-event-runs/material.tar.gz"", ""coordinate_member"": ""registered-event-native-second/coordinates/paramount_skydance_paramount_global-E02.json"", ""run_records"": ""registered-event-native-second/runs/paramount_skydance_paramount_global/E02/records.jsonl"", ""run_manifest"": ""registered-event-native-second/runs/paramount_skydance_paramount_global/E02/manifest.json""}",False,False,Current affected-path evidence and unified update/release acceptance; no blanket rerun claim
paramount_skydance_paramount_global,E03,NUMERIC_RESULT,EXACT,APPLICABLE,12,count,PASS,"{""fiscal_year"": 2025, ""period_start"": ""2025-01-01"", ""period_end"": ""2025-12-31""}","{""run_id"": ""run:ordinary-integrated:b0e169d512a4933fa92d2d58e2e5b247d2e94d33896f56c21a41f1f2e71e9368"", ""result_id"": ""sha256:4749e3e396df60e3fec2298d7c98de8a7c63e568be8146252d2b200052dfe735"", ""spec_closure_hash"": ""sha256:6a53aad18d3a406b16f08c8ddf337cafca865d9ed3843044ae47fcfef17a74a7"", ""requirement_closure_hash"": ""sha256:4faf6b957454a4e814d0ba9f37172587f61b997336a429e8000e529ca30c2434""}",SAVED_SEC_ORIGINAL_NATIVE_DEVELOPMENT_RESULT,VERIFIED_SEC_ACQUISITION,"{""path"": ""docs/evidence/issue28_continuous/ordinary-registered-event-runs/event-coordinates.json"", ""selector"": ""paramount_skydance_paramount_global/E03"", ""archive"": ""ordinary-registered-event-runs/material.tar.gz"", ""coordinate_member"": ""registered-event-native-second/coordinates/paramount_skydance_paramount_global-E03.json"", ""run_records"": ""registered-event-native-second/runs/paramount_skydance_paramount_global/E03/records.jsonl"", ""run_manifest"": ""registered-event-native-second/runs/paramount_skydance_paramount_global/E03/manifest.json""}",False,False,Current affected-path evidence and unified update/release acceptance; no blanket rerun claim
paramount_skydance_paramount_global,E04,NUMERIC_RESULT,EXACT,APPLICABLE,0,count,PASS,"{""fiscal_year"": 2025, ""period_start"": ""2025-01-01"", ""period_end"": ""2025-12-31""}","{""run_id"": ""run:ordinary-integrated:ab50f30efb86ccba555c2ac3a66901352f0e238499bc2f0efe816333a2e3d410"", ""result_id"": ""sha256:8ed68dec4c6f770918fee231242dfc3bce868981947dcc3f12ace25176818803"", ""spec_closure_hash"": ""sha256:034565b73fcf2d88fcff21e36b9fcc5a7ce604c7e09bb8d8d6ab940e5d56b24d"", ""requirement_closure_hash"": ""sha256:4faf6b957454a4e814d0ba9f37172587f61b997336a429e8000e529ca30c2434""}",SAVED_SEC_ORIGINAL_NATIVE_DEVELOPMENT_RESULT,VERIFIED_SEC_ACQUISITION,"{""path"": ""docs/evidence/issue28_continuous/ordinary-registered-event-runs/event-coordinates.json"", ""selector"": ""paramount_skydance_paramount_global/E04"", ""archive"": ""ordinary-registered-event-runs/material.tar.gz"", ""coordinate_member"": ""registered-event-native-second/coordinates/paramount_skydance_paramount_global-E04.json"", ""run_records"": ""registered-event-native-second/runs/paramount_skydance_paramount_global/E04/records.jsonl"", ""run_manifest"": ""registered-event-native-second/runs/paramount_skydance_paramount_global/E04/manifest.json""}",False,False,Current affected-path evidence and unified update/release acceptance; no blanket rerun claim
paramount_skydance_paramount_global,E05,NUMERIC_RESULT,EXACT,APPLICABLE,4,count,PASS,"{""fiscal_year"": 2025, ""period_start"": ""2025-01-01"", ""period_end"": ""2025-12-31""}","{""run_id"": ""run:ordinary-integrated:1c110cb6081c3565de1a46cbf63c3a5644fce6c1152c9b2cec67b5501ed2b9ac"", ""result_id"": ""sha256:207170ca0b192d47e00b352d9045a729b164a864b13990bad25f8571918e21c7"", ""spec_closure_hash"": ""sha256:7f09c9630d318106f98f33d82b7914b583b8db6aef5bebc019b50b82c6f54cfd"", ""requirement_closure_hash"": ""sha256:4faf6b957454a4e814d0ba9f37172587f61b997336a429e8000e529ca30c2434""}",SAVED_SEC_ORIGINAL_NATIVE_DEVELOPMENT_RESULT,VERIFIED_SEC_ACQUISITION,"{""path"": ""docs/evidence/issue28_continuous/ordinary-registered-event-runs/event-coordinates.json"", ""selector"": ""paramount_skydance_paramount_global/E05"", ""archive"": ""ordinary-registered-event-runs/material.tar.gz"", ""coordinate_member"": ""registered-event-native-second/coordinates/paramount_skydance_paramount_global-E05.json"", ""run_records"": ""registered-event-native-second/runs/paramount_skydance_paramount_global/E05/records.jsonl"", ""run_manifest"": ""registered-event-native-second/runs/paramount_skydance_paramount_global/E05/manifest.json""}",False,False,Current affected-path evidence and unified update/release acceptance; no blanket rerun claim
enphase_energy,A01,STRUCTURAL_NOT_APPLICABLE,NONE,N_A_STRUCTURAL,,,TRAIT_NOT_APPLICABLE,"{""fiscal_year"": 2025, ""period_start"": ""2025-12-31"", ""period_end"": ""2025-12-31""}","{""run_id"": ""run:ordinary-integrated:905aadc8193ea2ed5c12facb800257f1ec5a51a6b60fa8bc84491791ceab558d"", ""result_id"": ""sha256:41e97d172920317acdbb5985f9809c46d95ef243948acb3ceebc5a62013f3327"", ""spec_closure_hash"": ""sha256:ee54ac53602bbc07c6449b627bd2449f30136e32d245764a847dc6282782a063"", ""head"": ""1c9f5621e4e09f891d597fa7edcea970a3d434dc"", ""evidence_date"": ""2026-09-12"", ""current_code_replay_claim"": false}",SAVED_SEC_ORIGINAL_NATIVE_DEVELOPMENT_RESULT,SAVED_ORIGINAL_SEC_SOURCE_NO_NEW_ACQUISITION,"{""path"": ""docs/evidence/issue28_continuous/completed-v14-batch-340/summary.json"", ""selector"": ""enphase_energy/A01""}",False,False,Current affected-path evidence and unified update/release acceptance; no blanket rerun claim
enphase_energy,A02,STRUCTURAL_NOT_APPLICABLE,NONE,N_A_STRUCTURAL,,,TRAIT_NOT_APPLICABLE,"{""fiscal_year"": 2025, ""period_start"": ""2025-12-31"", ""period_end"": ""2025-12-31""}","{""run_id"": ""run:ordinary-integrated:7d7e7197c9c7bea4ad6face2ce06f9a1ba79aab4ebb330e53ba6faced0f6a8c3"", ""result_id"": ""sha256:fadee85286affa099ba880b7a1bb1cfdf4bd11ec52c23388435bcbeff43cea0e"", ""spec_closure_hash"": ""sha256:9f8a3bbf1bd4ac8229960d9ea59887842a0fbe1e5573c2dbaf9965044e91636d"", ""head"": ""1c9f5621e4e09f891d597fa7edcea970a3d434dc"", ""evidence_date"": ""2026-09-12"", ""current_code_replay_claim"": false}",SAVED_SEC_ORIGINAL_NATIVE_DEVELOPMENT_RESULT,SAVED_ORIGINAL_SEC_SOURCE_NO_NEW_ACQUISITION,"{""path"": ""docs/evidence/issue28_continuous/completed-v14-batch-340/summary.json"", ""selector"": ""enphase_energy/A02""}",False,False,Current affected-path evidence and unified update/release acceptance; no blanket rerun claim
enphase_energy,A03,STRUCTURAL_NOT_APPLICABLE,NONE,N_A_STRUCTURAL,,,TRAIT_NOT_APPLICABLE,"{""fiscal_year"": 2025, ""period_start"": ""2025-01-01"", ""period_end"": ""2025-12-31""}","{""run_id"": ""run:ordinary-integrated:3dafcfc609203fcb63937a1d230d1142859d5f5b4483f60707089b66fa3c46f7"", ""result_id"": ""sha256:b43dfdd2b0a1bad1c4825044f8526390b2f0927733f5be69859eef6d29cf341e"", ""spec_closure_hash"": ""sha256:99ff7afa51744213038acd97d91f0d62d641a1090f96fa85d860708579d64601"", ""head"": ""1c9f5621e4e09f891d597fa7edcea970a3d434dc"", ""evidence_date"": ""2026-09-12"", ""current_code_replay_claim"": false}",SAVED_SEC_ORIGINAL_NATIVE_DEVELOPMENT_RESULT,SAVED_ORIGINAL_SEC_SOURCE_NO_NEW_ACQUISITION,"{""path"": ""docs/evidence/issue28_continuous/completed-v14-batch-340/summary.json"", ""selector"": ""enphase_energy/A03""}",False,False,Current affected-path evidence and unified update/release acceptance; no blanket rerun claim
enphase_energy,A04,STRUCTURAL_NOT_APPLICABLE,NONE,N_A_STRUCTURAL,,,TRAIT_NOT_APPLICABLE,"{""fiscal_year"": 2025, ""period_start"": ""2025-01-01"", ""period_end"": ""2025-12-31""}","{""run_id"": ""run:ordinary-integrated:c5b41937d5f4f006acf810791af072713b2a70051760a0677fd6b82db6e5ef1f"", ""result_id"": ""sha256:ba5cfde14e2535473302945ad9c154251c90a3b4ee6fddd44ae85a79fc8b9f2d"", ""spec_closure_hash"": ""sha256:bf1f13bb535f9b2004629af329532e19d87362d41606540da719b789229e9282"", ""head"": ""1c9f5621e4e09f891d597fa7edcea970a3d434dc"", ""evidence_date"": ""2026-09-12"", ""current_code_replay_claim"": false}",SAVED_SEC_ORIGINAL_NATIVE_DEVELOPMENT_RESULT,SAVED_ORIGINAL_SEC_SOURCE_NO_NEW_ACQUISITION,"{""path"": ""docs/evidence/issue28_continuous/completed-v14-batch-340/summary.json"", ""selector"": ""enphase_energy/A04""}",False,False,Current affected-path evidence and unified update/release acceptance; no blanket rerun claim
enphase_energy,A05,STRUCTURAL_NOT_APPLICABLE,NONE,N_A_STRUCTURAL,,,TRAIT_NOT_APPLICABLE,"{""fiscal_year"": 2025, ""period_start"": ""2025-01-01"", ""period_end"": ""2025-12-31""}","{""run_id"": ""run:ordinary-integrated:2ea7d97579e8c3ff9679cb84ed314a1d1c9492ca1de14887ebbc16e683d8e3ba"", ""result_id"": ""sha256:8ddf81917c98767b2dcefc6175aa19e9a292b2f0ed72f13ccf3d81b54da7ff28"", ""spec_closure_hash"": ""sha256:e0ecf50b6a31a389933921d927ba00ca640b5b49002526cb537afa70be1e7ca3"", ""head"": ""1c9f5621e4e09f891d597fa7edcea970a3d434dc"", ""evidence_date"": ""2026-09-12"", ""current_code_replay_claim"": false}",SAVED_SEC_ORIGINAL_NATIVE_DEVELOPMENT_RESULT,SAVED_ORIGINAL_SEC_SOURCE_NO_NEW_ACQUISITION,"{""path"": ""docs/evidence/issue28_continuous/completed-v14-batch-340/summary.json"", ""selector"": ""enphase_energy/A05""}",False,False,Current affected-path evidence and unified update/release acceptance; no blanket rerun claim
enphase_energy,A06,STRUCTURAL_NOT_APPLICABLE,NONE,N_A_STRUCTURAL,,,TRAIT_NOT_APPLICABLE,"{""fiscal_year"": 2025, ""period_start"": ""2025-01-01"", ""period_end"": ""2025-12-31""}","{""run_id"": ""run:ordinary-integrated:0c7d879813ae73ce311dd58df93e0f25811a54791c8a7b92b15bf9ea209a741a"", ""result_id"": ""sha256:f7021c73b8ce8c5457ffa1a67289ff6d2141cdec6f681a414f034469daa94464"", ""spec_closure_hash"": ""sha256:db527edadcca6b1b16a6442dd42972c51ec1b9a45b54e3faf636387980327ee2"", ""head"": ""1c9f5621e4e09f891d597fa7edcea970a3d434dc"", ""evidence_date"": ""2026-09-12"", ""current_code_replay_claim"": false}",SAVED_SEC_ORIGINAL_NATIVE_DEVELOPMENT_RESULT,SAVED_ORIGINAL_SEC_SOURCE_NO_NEW_ACQUISITION,"{""path"": ""docs/evidence/issue28_continuous/completed-v14-batch-340/summary.json"", ""selector"": ""enphase_energy/A06""}",False,False,Current affected-path evidence and unified update/release acceptance; no blanket rerun claim
enphase_energy,A07,STRUCTURAL_NOT_APPLICABLE,NONE,N_A_STRUCTURAL,,,TRAIT_NOT_APPLICABLE,"{""fiscal_year"": 2025, ""period_start"": ""2025-01-01"", ""period_end"": ""2025-12-31""}","{""run_id"": ""run:ordinary-integrated:58702f8030aba5923ee1a5d0e18d19f6179d40fada731055129cba46a5f55485"", ""result_id"": ""sha256:45136f54d7abfc34743e919dda8335924aeb2b59f36ace7d87db73efabe7ddd9"", ""spec_closure_hash"": ""sha256:3735428ca12d51893ed0b3e20a9563cb95cf7f90b4bcef3b2bcec9a947893b50"", ""head"": ""1c9f5621e4e09f891d597fa7edcea970a3d434dc"", ""evidence_date"": ""2026-09-12"", ""current_code_replay_claim"": false}",SAVED_SEC_ORIGINAL_NATIVE_DEVELOPMENT_RESULT,SAVED_ORIGINAL_SEC_SOURCE_NO_NEW_ACQUISITION,"{""path"": ""docs/evidence/issue28_continuous/completed-v14-batch-340/summary.json"", ""selector"": ""enphase_energy/A07""}",False,False,Current affected-path evidence and unified update/release acceptance; no blanket rerun claim
enphase_energy,A08,STRUCTURAL_NOT_APPLICABLE,NONE,N_A_STRUCTURAL,,,TRAIT_NOT_APPLICABLE,"{""fiscal_year"": 2025, ""period_start"": ""2025-01-01"", ""period_end"": ""2025-12-31""}","{""run_id"": ""run:ordinary-integrated:91b153912124e6d28b9f3cfd2e482451cdc65d3907d4e9f87dff0fa40a81f5e2"", ""result_id"": ""sha256:d0cb878f2e841670f5736397c73b60c74437990e92ec8d06af6427331dcd39b1"", ""spec_closure_hash"": ""sha256:7e4658f2194d7a47cb8f7db5ff517ffc1eda25bc02db87b548cf6cfea0d2b65c"", ""head"": ""1c9f5621e4e09f891d597fa7edcea970a3d434dc"", ""evidence_date"": ""2026-09-12"", ""current_code_replay_claim"": false}",SAVED_SEC_ORIGINAL_NATIVE_DEVELOPMENT_RESULT,SAVED_ORIGINAL_SEC_SOURCE_NO_NEW_ACQUISITION,"{""path"": ""docs/evidence/issue28_continuous/completed-v14-batch-340/summary.json"", ""selector"": ""enphase_energy/A08""}",False,False,Current affected-path evidence and unified update/release acceptance; no blanket rerun claim
enphase_energy,A09,STRUCTURAL_NOT_APPLICABLE,NONE,N_A_STRUCTURAL,,,TRAIT_NOT_APPLICABLE,"{""fiscal_year"": 2025, ""period_start"": ""2025-01-01"", ""period_end"": ""2025-12-31""}","{""run_id"": ""run:ordinary-integrated:38f15ab4c894dcaf8d03c32c3ff1212de2b17f1a219bc34021fa004847583fb2"", ""result_id"": ""sha256:51027548543cb5f084ee7022816872482e1c8ddaf8f18bb58a9a7689e6e2f386"", ""spec_closure_hash"": ""sha256:aaafb1f1c5a4318007074875776ccc6f92edffe5a78d610a729f0a46775b7dd4"", ""head"": ""1c9f5621e4e09f891d597fa7edcea970a3d434dc"", ""evidence_date"": ""2026-09-12"", ""current_code_replay_claim"": false}",SAVED_SEC_ORIGINAL_NATIVE_DEVELOPMENT_RESULT,SAVED_ORIGINAL_SEC_SOURCE_NO_NEW_ACQUISITION,"{""path"": ""docs/evidence/issue28_continuous/completed-v14-batch-340/summary.json"", ""selector"": ""enphase_energy/A09""}",False,False,Current affected-path evidence and unified update/release acceptance; no blanket rerun claim
enphase_energy,A10,STRUCTURAL_NOT_APPLICABLE,NONE,N_A_STRUCTURAL,,,TRAIT_NOT_APPLICABLE,"{""fiscal_year"": 2025, ""period_start"": ""2025-12-31"", ""period_end"": ""2025-12-31""}","{""run_id"": ""run:ordinary-integrated:40569c98f57df38999820878bb38262f75287175cdb00faf496364ad5146be7b"", ""result_id"": ""sha256:b880fe95e9d7ad1954c681e7c60d537469273a922ab6ba23ec126b728ab14ec7"", ""spec_closure_hash"": ""sha256:f8a5d6747d7e4d250993643766b19b83ab12f39ddbe3b0e9e341fe00cf5c5ffb"", ""head"": ""1c9f5621e4e09f891d597fa7edcea970a3d434dc"", ""evidence_date"": ""2026-09-12"", ""current_code_replay_claim"": false}",SAVED_SEC_ORIGINAL_NATIVE_DEVELOPMENT_RESULT,SAVED_ORIGINAL_SEC_SOURCE_NO_NEW_ACQUISITION,"{""path"": ""docs/evidence/issue28_continuous/completed-v14-batch-340/summary.json"", ""selector"": ""enphase_energy/A10""}",False,False,Current affected-path evidence and unified update/release acceptance; no blanket rerun claim
enphase_energy,A11,STRUCTURAL_NOT_APPLICABLE,NONE,N_A_STRUCTURAL,,,TRAIT_NOT_APPLICABLE,"{""fiscal_year"": 2025, ""period_start"": ""2025-01-01"", ""period_end"": ""2025-12-31""}","{""run_id"": ""run:ordinary-integrated:c9beae3ba9ce01454c968e89fc54e479953d2e8556a7a9c3e5d9254f9165fc32"", ""result_id"": ""sha256:841c70c94e6fef0296547c35d27a693340c89ed2132c494d6ed1b6a26e3c9785"", ""spec_closure_hash"": ""sha256:87645fa1422b2ac635a9383b5b30d40091d45a819a3789d8415c1ed00dbc234b"", ""head"": ""1c9f5621e4e09f891d597fa7edcea970a3d434dc"", ""evidence_date"": ""2026-09-12"", ""current_code_replay_claim"": false}",SAVED_SEC_ORIGINAL_NATIVE_DEVELOPMENT_RESULT,SAVED_ORIGINAL_SEC_SOURCE_NO_NEW_ACQUISITION,"{""path"": ""docs/evidence/issue28_continuous/completed-v14-batch-340/summary.json"", ""selector"": ""enphase_energy/A11""}",False,False,Current affected-path evidence and unified update/release acceptance; no blanket rerun claim
enphase_energy,A12,STRUCTURAL_NOT_APPLICABLE,NONE,N_A_STRUCTURAL,,,TRAIT_NOT_APPLICABLE,"{""fiscal_year"": 2025, ""period_start"": ""2025-01-01"", ""period_end"": ""2025-12-31""}","{""run_id"": ""run:ordinary-integrated:d14663165b46d293eef2ba8c4517b20296ce4c95c0c7b93751eea45ae371c09c"", ""result_id"": ""sha256:4e25661e633155c69a61fc97f57d0af31227b1f1ea7b90df7d7afd8f7f0fdda8"", ""spec_closure_hash"": ""sha256:338264b583c2d2458cb3f73d060e1a42fa9d90a20e51be961394fc27ae62b213"", ""head"": ""1c9f5621e4e09f891d597fa7edcea970a3d434dc"", ""evidence_date"": ""2026-09-12"", ""current_code_replay_claim"": false}",SAVED_SEC_ORIGINAL_NATIVE_DEVELOPMENT_RESULT,SAVED_ORIGINAL_SEC_SOURCE_NO_NEW_ACQUISITION,"{""path"": ""docs/evidence/issue28_continuous/completed-v14-batch-340/summary.json"", ""selector"": ""enphase_energy/A12""}",False,False,Current affected-path evidence and unified update/release acceptance; no blanket rerun claim
enphase_energy,A13,STRUCTURAL_NOT_APPLICABLE,NONE,N_A_STRUCTURAL,,,TRAIT_NOT_APPLICABLE,"{""fiscal_year"": 2025, ""period_start"": ""2025-01-01"", ""period_end"": ""2025-12-31""}","{""run_id"": ""run:ordinary-integrated:ea8c3126a0a10869d3c3c1b5c56be9751434e70e798ea3204d5b5bedff0c756b"", ""result_id"": ""sha256:7fafe10505c3d2be0ff5e61f4d5ab05e7b7679627b53462c0945ca42e33e2b3a"", ""spec_closure_hash"": ""sha256:94699b6e1c2c5d8f8e5b048007c5f863416fb4072489b274929dd4ae03716b09"", ""head"": ""1c9f5621e4e09f891d597fa7edcea970a3d434dc"", ""evidence_date"": ""2026-09-12"", ""current_code_replay_claim"": false}",SAVED_SEC_ORIGINAL_NATIVE_DEVELOPMENT_RESULT,SAVED_ORIGINAL_SEC_SOURCE_NO_NEW_ACQUISITION,"{""path"": ""docs/evidence/issue28_continuous/completed-v14-batch-340/summary.json"", ""selector"": ""enphase_energy/A13""}",False,False,Current affected-path evidence and unified update/release acceptance; no blanket rerun claim
enphase_energy,B01,NUMERIC_RESULT,EXACT,APPLICABLE,1472985000,USD,PASS,"{""fiscal_year"": 2025, ""period_start"": ""2025-01-01"", ""period_end"": ""2025-12-31""}","{""run_id"": ""run:ordinary-integrated:b15f2ab3615bfaedb1f941e32af9c802def82e551643126830bfd61676e52763"", ""result_id"": ""sha256:d061ef63cca5bfb1c243374adef3108e114e6aae4f0954883511c64d9867f5ba"", ""spec_closure_hash"": ""sha256:300424426d0397ce04f6ce6f6df3a2e12259904060d31e47d8664df6e5f3d8f8"", ""head"": ""1c9f5621e4e09f891d597fa7edcea970a3d434dc"", ""evidence_date"": ""2026-09-12"", ""current_code_replay_claim"": false}",SAVED_SEC_ORIGINAL_NATIVE_DEVELOPMENT_RESULT,SAVED_ORIGINAL_SEC_SOURCE_NO_NEW_ACQUISITION,"{""path"": ""docs/evidence/issue28_continuous/completed-v14-batch-340/summary.json"", ""selector"": ""enphase_energy/B01""}",False,False,Current affected-path evidence and unified update/release acceptance; no blanket rerun claim
enphase_energy,B02,NUMERIC_RESULT,EXACT,APPLICABLE,0.1071886817555546034487812908,ratio,PASS,"{""fiscal_year"": 2025, ""period_start"": ""2025-01-01"", ""period_end"": ""2025-12-31""}","{""run_id"": ""run:ordinary-integrated:65222e91e3324bf5f8f71341e183157cd4024b27827b690dd1820f90a50c211a"", ""result_id"": ""sha256:5bbc45e0480d7830120003e32b33fbe337edb1df1c282000debee72ca2b1c9e0"", ""spec_closure_hash"": ""sha256:7f569259f31e7d0bd237ca8ba6bc368cbf55d47453f86915c4cf8e0638868a76"", ""head"": ""1c9f5621e4e09f891d597fa7edcea970a3d434dc"", ""evidence_date"": ""2026-09-12"", ""current_code_replay_claim"": false}",SAVED_SEC_ORIGINAL_NATIVE_DEVELOPMENT_RESULT,SAVED_ORIGINAL_SEC_SOURCE_NO_NEW_ACQUISITION,"{""path"": ""docs/evidence/issue28_continuous/completed-v14-batch-340/summary.json"", ""selector"": ""enphase_energy/B02""}",False,False,Current affected-path evidence and unified update/release acceptance; no blanket rerun claim
enphase_energy,B03,NUMERIC_RESULT,EXACT,APPLICABLE,0.1616927531509146393208349033,ratio,PASS,"{""fiscal_year"": 2025, ""period_start"": ""2025-01-01"", ""period_end"": ""2025-12-31""}","{""run_id"": ""run:ordinary-integrated:fb44544373683198a24dc06bcf406abf01353743e354129406b933777662b493"", ""result_id"": ""sha256:fdde35ac1d5f380e3ab3d2c474108fb24f736ba3972f057126a0d9912f60930e"", ""spec_closure_hash"": ""sha256:706e541ffaf0e1d2cc091b56a635485a2145e70f40f86a401fa2e2c5b0a471e5"", ""head"": ""1c9f5621e4e09f891d597fa7edcea970a3d434dc"", ""evidence_date"": ""2026-09-12"", ""current_code_replay_claim"": false}",SAVED_SEC_ORIGINAL_NATIVE_DEVELOPMENT_RESULT,SAVED_ORIGINAL_SEC_SOURCE_NO_NEW_ACQUISITION,"{""path"": ""docs/evidence/issue28_continuous/completed-v14-batch-340/summary.json"", ""selector"": ""enphase_energy/B03""}",False,False,Current affected-path evidence and unified update/release acceptance; no blanket rerun claim
enphase_energy,B04,NUMERIC_RESULT,EXACT,APPLICABLE,172133000,USD,PASS,"{""fiscal_year"": 2025, ""period_start"": ""2025-01-01"", ""period_end"": ""2025-12-31""}","{""run_id"": ""run:ordinary-integrated:16f42d9be6ac466acdf8ede56f9ea096e8085d8b88357d24cc3355ab663c432b"", ""result_id"": ""sha256:c1fa7ca38cf3908865d26ea99265bbdb9ac7626fa2e1586d63541657a310f2cf"", ""spec_closure_hash"": ""sha256:22b0fe3ad2841f90450d503cd628fe65207ae1777968156abc13c4ee28ffb3e2"", ""head"": ""1c9f5621e4e09f891d597fa7edcea970a3d434dc"", ""evidence_date"": ""2026-09-12"", ""current_code_replay_claim"": false}",SAVED_SEC_ORIGINAL_NATIVE_DEVELOPMENT_RESULT,SAVED_ORIGINAL_SEC_SOURCE_NO_NEW_ACQUISITION,"{""path"": ""docs/evidence/issue28_continuous/completed-v14-batch-340/summary.json"", ""selector"": ""enphase_energy/B04""}",False,False,Current affected-path evidence and unified update/release acceptance; no blanket rerun claim
enphase_energy,B05,NUMERIC_RESULT,EXACT,APPLICABLE,95901000,USD,PASS,"{""fiscal_year"": 2025, ""period_start"": ""2025-01-01"", ""period_end"": ""2025-12-31""}","{""run_id"": ""run:ordinary-integrated:6c4c28517b3337b7a363191e1c648f59c8e9b4b71fa5907729638e68f0c1ba4d"", ""result_id"": ""sha256:8f13217b1d545018a596f514d68d12c1c9926cddc62bde57db28b28fca006aaf"", ""spec_closure_hash"": ""sha256:7fc421991b42d822b96675ac584b32e0af843a34923a90cb316cc13386debdae"", ""head"": ""1c9f5621e4e09f891d597fa7edcea970a3d434dc"", ""evidence_date"": ""2026-09-12"", ""current_code_replay_claim"": false}",SAVED_SEC_ORIGINAL_NATIVE_DEVELOPMENT_RESULT,SAVED_ORIGINAL_SEC_SOURCE_NO_NEW_ACQUISITION,"{""path"": ""docs/evidence/issue28_continuous/completed-v14-batch-340/summary.json"", ""selector"": ""enphase_energy/B05""}",False,False,Current affected-path evidence and unified update/release acceptance; no blanket rerun claim
enphase_energy,B06,NUMERIC_RESULT,EXACT,APPLICABLE,1.107959077222837051285943352,ratio,PASS,"{""period_start"": ""2025-12-31"", ""period_end"": ""2025-12-31""}","{""run_id"": ""run:ordinary-integrated:43983e5dc903d3a023f1ee9649026bdcf33d84d08d7f11f2b6166b2647b595bf"", ""result_id"": ""sha256:2983956c0931dd39384f3e2ebeb6fff4cef9f770a6d12b5d9acc0c0e4b85d26c"", ""spec_closure_hash"": ""sha256:c094c3cfbb647d922ab7b2d64d3a5b548a56f12de5a92117ee5d4777f8f3e957"", ""requirement_closure_hash"": ""sha256:7db6f9f6f45636174f7a8809a5b533a077a4eb6ee2f94301d87b5d47542c9bc9""}",REAL_SAVED_SEC_CONTENT_NATIVE_RESULT_WITH_RECORDED_SOURCE_ADMISSION,RECORDED_TEST_ONLY,"{""path"": ""docs/evidence/issue28_continuous/remaining-current-source-routes/positive-debt-summary.json"", ""selector"": ""enphase_energy/B06"", ""archive"": ""remaining-current-source-routes/positive-debt-routes.tar.gz"", ""run_records"": ""enphase_energy/run/records.jsonl"", ""run_manifest"": ""enphase_energy/run/manifest.json""}",False,False,Preserve proved source-content calculation; recorded source admission is not a new live acquisition or real model result
enphase_energy,B07,NUMERIC_RESULT,EXACT,APPLICABLE,34.84317628843176288431762884,ratio,PASS,"{""fiscal_year"": 2025, ""period_start"": ""2025-01-01"", ""period_end"": ""2025-12-31""}","{""run_id"": ""run:ordinary-integrated:d42546e14549559cb748ade7bcd0e4d985ab882e89f4502e7fb2185ccf45ef36"", ""result_id"": ""sha256:0cf0ab44195a23e8e5758703f604fa3d8d6c00311fc34ae2a2202e0963d42aba"", ""spec_closure_hash"": ""sha256:0eb533e576d3bbcb418812e362d9e377373f83c76dd9bfa62ecb41d49475bb78"", ""head"": ""1c9f5621e4e09f891d597fa7edcea970a3d434dc"", ""evidence_date"": ""2026-09-12"", ""current_code_replay_claim"": false}",SAVED_SEC_ORIGINAL_NATIVE_DEVELOPMENT_RESULT,SAVED_ORIGINAL_SEC_SOURCE_NO_NEW_ACQUISITION,"{""path"": ""docs/evidence/issue28_continuous/completed-v14-batch-340/summary.json"", ""selector"": ""enphase_energy/B07""}",False,False,Current affected-path evidence and unified update/release acceptance; no blanket rerun claim
enphase_energy,B08,NUMERIC_RESULT,EXACT,APPLICABLE,2.065412193479380422295289783,ratio,PASS,"{""fiscal_year"": 2025, ""period_start"": ""2025-12-31"", ""period_end"": ""2025-12-31""}","{""run_id"": ""run:ordinary-integrated:a3aaaa6d7a463fe7cf7ffa02a67c0150cf3db7fba59a1d8bb67bebbb64c5d4a2"", ""result_id"": ""sha256:ae6a346765af6e6e68ca6aae505c9ae4681a12f80777d00cb90d14d62e8b613d"", ""spec_closure_hash"": ""sha256:5c803b9c8f773c348d4279249eeb56b603221e55938f39cba7801b3d77a517b6"", ""head"": ""1c9f5621e4e09f891d597fa7edcea970a3d434dc"", ""evidence_date"": ""2026-09-12"", ""current_code_replay_claim"": false}",SAVED_SEC_ORIGINAL_NATIVE_DEVELOPMENT_RESULT,SAVED_ORIGINAL_SEC_SOURCE_NO_NEW_ACQUISITION,"{""path"": ""docs/evidence/issue28_continuous/completed-v14-batch-340/summary.json"", ""selector"": ""enphase_energy/B08""}",False,False,Current affected-path evidence and unified update/release acceptance; no blanket rerun claim
enphase_energy,B09,NUMERIC_RESULT,EXACT,APPLICABLE,474318000,USD,PASS,"{""fiscal_year"": 2025, ""period_start"": ""2025-12-31"", ""period_end"": ""2025-12-31""}","{""run_id"": ""run:ordinary-integrated:6f8306316cfc737c6ef1eec250a33ec8e71fbd27729c3688d9e8a31e596412bd"", ""result_id"": ""sha256:53e6428b31d18dfa9ce57ec64a15ecebf95e4148f6d934b782746476a48d0108"", ""spec_closure_hash"": ""sha256:25be3c461b082e4b74950c85e39b093568b807aa22c500370579f697f9381b3f"", ""head"": ""1c9f5621e4e09f891d597fa7edcea970a3d434dc"", ""evidence_date"": ""2026-09-12"", ""current_code_replay_claim"": false}",SAVED_SEC_ORIGINAL_NATIVE_DEVELOPMENT_RESULT,SAVED_ORIGINAL_SEC_SOURCE_NO_NEW_ACQUISITION,"{""path"": ""docs/evidence/issue28_continuous/completed-v14-batch-340/summary.json"", ""selector"": ""enphase_energy/B09""}",False,False,Current affected-path evidence and unified update/release acceptance; no blanket rerun claim
enphase_energy,B10,STRUCTURAL_NOT_APPLICABLE,NONE,N_A_STRUCTURAL,,,TRAIT_NOT_APPLICABLE,"{""fiscal_year"": 2025, ""period_start"": ""2025-01-01"", ""period_end"": ""2025-12-31""}","{""run_id"": ""run:ordinary-integrated:db328392cae50378dd05dcc8a301cfe4f56cf18e2375cbe1595feb293b4cb27f"", ""result_id"": ""sha256:5ae9356c3851f2e0573ba8235c18cbba09e1fbafcbadc2e221712ea7414ed9c8"", ""spec_closure_hash"": ""sha256:5bb9522e676f369b08e13280ce67c59fe86104836295afa91bf9b882f80ed74a"", ""requirement_closure_hash"": ""sha256:8f38c1458f3af391a63d89c82c2662bac5e5d6e99cdf7307f60bd242bdf66de3""}",SAVED_SEC_ORIGINAL_NATIVE_DEVELOPMENT_RESULT,SAVED_ORIGINAL_SEC_SOURCE_NO_NEW_ACQUISITION,"{""path"": ""docs/evidence/issue28_continuous/ordinary-lodging/ten-company-before-role-move/summary.json"", ""selector"": ""enphase_energy/B10""}",False,False,Current affected-path evidence and unified update/release acceptance; no blanket rerun claim
enphase_energy,B11,STRUCTURAL_NOT_APPLICABLE,NONE,N_A_STRUCTURAL,,,TRAIT_NOT_APPLICABLE,"{""fiscal_year"": 2025, ""period_start"": ""2025-01-01"", ""period_end"": ""2025-12-31""}","{""run_id"": ""run:ordinary-integrated:462ad4b3716a508d92b5c737a6d96b914e91a862ec4863db38d9503d4f7cbb94"", ""result_id"": ""sha256:8f7ed279e500922beb182b15d30042656347dbc63e8bb0a4d9c1a6db9e911fce"", ""spec_closure_hash"": ""sha256:80ff12eb5ddb0f431450465c42ece9d7488ea8455af5021c933583c3833d1dd0"", ""requirement_closure_hash"": ""sha256:8f38c1458f3af391a63d89c82c2662bac5e5d6e99cdf7307f60bd242bdf66de3""}",SAVED_SEC_ORIGINAL_NATIVE_DEVELOPMENT_RESULT,SAVED_ORIGINAL_SEC_SOURCE_NO_NEW_ACQUISITION,"{""path"": ""docs/evidence/issue28_continuous/ordinary-lodging/ten-company-before-role-move/summary.json"", ""selector"": ""enphase_energy/B11""}",False,False,Current affected-path evidence and unified update/release acceptance; no blanket rerun claim
enphase_energy,B12,STRUCTURAL_NOT_APPLICABLE,NONE,N_A_STRUCTURAL,,,TRAIT_NOT_APPLICABLE,"{""fiscal_year"": 2025, ""period_start"": ""2025-12-31"", ""period_end"": ""2025-12-31""}","{""run_id"": ""run:ordinary-integrated:a6d0d823d32e4762928ac41fbef58b6cc0741d326e00a2cd8e2f191d5b75c35f"", ""result_id"": ""sha256:7066ad4326a768e0a581a22e267e7f547fbe99e4e16edff3739436510eea447a"", ""spec_closure_hash"": ""sha256:267b9c81c20295935d3e400903dc41bf2e3e52f87de37cd8ec9d193245320267"", ""head"": ""1c9f5621e4e09f891d597fa7edcea970a3d434dc"", ""evidence_date"": ""2026-09-12"", ""current_code_replay_claim"": false}",SAVED_SEC_ORIGINAL_NATIVE_DEVELOPMENT_RESULT,SAVED_ORIGINAL_SEC_SOURCE_NO_NEW_ACQUISITION,"{""path"": ""docs/evidence/issue28_continuous/completed-v14-batch-340/summary.json"", ""selector"": ""enphase_energy/B12""}",False,False,Current affected-path evidence and unified update/release acceptance; no blanket rerun claim
enphase_energy,B13,VALIDATION_OR_IMPLEMENTATION_PENDING,,APPLICABLE,,,B13_COMPLETE_SOURCE_ROLE_AND_QUANTITY_VALIDATION_PENDING,"{""fiscal_year"": 2025, ""period_start"": ""2025-01-01"", ""period_end"": ""2025-12-31""}","{""source_id"": ""sha256:1d6ef3826a0632309ab2b1741f084a65b64900ae7615ed869013d66adbfc26b0"", ""request_context_format"": ""deepseek-v41-two-message-json-chat-1"", ""implementation_files"": ""docs/evidence/issue28_continuous/request-context-counting/implementation-files.json""}",SOURCE_PREPARATION_WITH_SEPARATE_RECORDED_OR_SYNTHETIC_DEVELOPMENT_EVIDENCE,SEE_ORIGINAL_SOURCE_PROOFS_NO_MODEL_RESULT_CREDIT,"{""path"": ""docs/evidence/issue28_continuous/request-context-counting/grouped-census.json"", ""selector"": ""enphase_energy/B13""}",False,False,Complete current source-dependent native response/Review/Run validation; retain partials and failures at original scope
enphase_energy,C01,NUMERIC_RESULT,EXACT,APPLICABLE,1,count,PASS,"{""fiscal_year"": 2025, ""period_start"": ""2025-01-01"", ""period_end"": ""2025-12-31""}","{""run_id"": ""run:ordinary-integrated:ced5f7cef7962f4a87e574ed30c3edd72f405cb1087290537e53759451939e1c"", ""result_id"": ""sha256:1d8c6b6d675bbe0e1f0658ef4e23ae1ed0437ca56c776aeed4704500b521b94c"", ""spec_closure_hash"": ""sha256:87a93dec6cb267aa2a6549a8ce060757267b9db8680662970f4959a040990ced"", ""head"": ""1c9f5621e4e09f891d597fa7edcea970a3d434dc"", ""evidence_date"": ""2026-09-12"", ""current_code_replay_claim"": false}",SAVED_SEC_ORIGINAL_NATIVE_DEVELOPMENT_RESULT,SAVED_ORIGINAL_SEC_SOURCE_NO_NEW_ACQUISITION,"{""path"": ""docs/evidence/issue28_continuous/completed-v14-batch-340/summary.json"", ""selector"": ""enphase_energy/C01""}",False,False,Current affected-path evidence and unified update/release acceptance; no blanket rerun claim
enphase_energy,C02,TEXT_RESULT,EXACT,APPLICABLE,"Our Board of Directors (the “Board”) has nominated three directors to serve for three-year terms until 2029. The nominees and members have a broad and diverse set of skills, perspectives and experiences that are integral to our success. We believe in a classified board structure to promote boardroom continuity and institutional knowledge, as well as helping to drive execution of long-term strategy.
A Board member (when requested), together with our General Counsel and Corporate Secretary, our head of investor relations, and other members of the legal team, participated in our outreach efforts in the Fall and Winter of 2025/26. All feedback was shared and discussed with the Compensation Committee of the Board (the “Compensation Committee”), the Nominating and Corporate Governance Committee of the Board (the “Nominating and Corporate Governance Committee”) and the full Board.
We are asking our stockholders to elect three Class II nominees to serve on the Board each for a three-year term and until their successors are duly elected and qualified. The current Class II nominees up for election are Jamie Haenggi, Benjamin Kortlang and Richard Mora. The Board currently has seven members and is divided into three classes, each with a three-year term. Class I currently has two members, Class II has three members and Class III has two members. We believe a classified board provides stability and continuity, permitting directors to share institutional knowledge, develop and advance our strategy, and focus on near- and long-term success.
Directors are elected by a plurality of the votes of the holders of shares present in person or represented by proxy at the Annual Meeting and entitled to vote generally on the election of directors. The three nominees receiving the highest number of votes “FOR” will be elected. Shares represented by executed proxies will be voted, if authority to do so is not withheld, for the election of the nominees named below. If any or all of the nominees become unavailable for election as a result of an unexpected occurrence, shares represented by executed proxies that would have been voted for each such nominee instead will be voted for such substitute nominee as the Nominating and Corporate Governance Committee may propose. Each of the nominees is a director of Enphase and has been previously elected by the stockholders. The persons nominated for election have agreed to serve if elected. Our management has no reason to believe that any nominee will be unable to serve.
As the Chair of the Nominating and Corporate Governance Committee, Mr. Kortlang leads Board oversight of the Company’s sustainability report, director evaluation and nominations, and corporate governance matters. Mr. Kortlang also serves on the Board’s pricing committee related to the repurchase of the Company’s common stock under the share repurchase program authorized by the Board.
Mr. Gomo brings to the Board valuable financial and business expertise through his years of experience as a chief financial officer with publicly traded companies, as well as serving as a board member of privately-held and publicly-traded companies. Mr. Gomo provides an important role in leading the Board’s activities as the Board Chair, and on financial and auditing matters as the Audit Committee Chair, as well as collaborating with our independent registered public accounting firm and management team in these areas.
The Board is responsible for selecting nominees for election as directors. The Board delegates the initial screening process to the Nominating and Corporate Governance Committee with the expectation that other members of the Board participate in this process, as appropriate. On an ongoing basis, including in connection with the annual Board self-evaluation and setting the director slate for the annual meeting, the Nominating and Corporate Governance Committee regularly assesses the composition of the Board to maintain alignment with the company’s strategy and other priorities.
Under The Nasdaq Stock Market LLC (“Nasdaq”) listing standards, a majority of the members of a listed company’s board of directors must qualify as “independent,” as affirmatively determined by the board of directors. In addition, Nasdaq listing standards require that, subject to specified exceptions, each member of a listed company’s audit, compensation and nominating committees be independent within the meaning of the Nasdaq listing standards. Under the Nasdaq listing standards, a director will only qualify as an “independent director” if, in the opinion of a company’s board of directors, that person does not have a relationship that would interfere with the exercise of independent judgment in carrying out the responsibilities of a director. Audit committee members must also satisfy the independence criteria set forth in Rule 10A-3 under the Exchange Act of 1934, as amended (the “Exchange Act”).
The Board undertook a review of the independence of each director. Based on information provided by each director concerning his or her background, employment and affiliations, the Board determined that each of Messrs. Gomo, Kortlang, Malchow, Mora and Rodgers and Ms. Haenggi do not have a relationship with Enphase that would interfere with the exercise of independent judgment in carrying out the responsibilities of a director, and that each of these is “independent” as that term is defined under the applicable rules and regulations of the SEC and the Nasdaq listing standards. Accordingly, a majority of our directors are independent, as required under Nasdaq listing standards. The Board determined that Mr. Kothandaraman is not “independent” as defined under the applicable Nasdaq listing standards due to his services as our president and CEO.
At the 2025 Annual Meeting, Mr. Rodgers did not receive a majority of the votes cast but was elected under our plurality voting standard for directors. The Nominating and Corporate Governance Committee strongly recommended to the Board that he remain a member of the Board, which was unanimously approved by all directors (excluding Mr. Rodgers). The Board believed that Mr. Rodgers received less than 50% of the votes cast primarily due to proxy voting guidelines related to over-boarding policies at several of our largest institutional stockholders. However, Mr. Rodgers had served with distinction on the Board since 2017, as an engaged and active member, and was and is an indispensable force on the Board and to the long-term success of Enphase. In addition, Mr. Rodgers attended 100% of the Board and committee meetings in 2024 and 2025.
One of the Board’s key functions is informed oversight of our risk management process. The Board does not have a standing risk management committee, but rather administers this oversight function directly through the Board as a whole, as well as through various Board standing committees that address risks inherent in their respective areas of oversight. In particular, the Board is responsible for monitoring and assessing strategic risk exposure, including a determination of the nature and level of risk appropriate for Enphase.
The Board has three standing committees: an Audit Committee, a Compensation Committee and a Nominating and Corporate Governance Committee, each of which has the composition and responsibilities described below. All directors on the Board also participate on the Strategic Committee, which was established by the Board to consider and make recommendations regarding issues impacting our strategic direction, with participation from management, from time to time.
The Audit Committee is composed of three directors: Messrs. Gomo, Kortlang and Mora. The Audit Committee met five times in 2025. The Audit Committee has adopted a written charter, which is reviewed annually, and is available to stockholders on our website at https://investor.enphase.com/corporate-governance.
The Board reviews the Nasdaq listing standards definition of independence for Audit Committee members on an annual basis and has determined that all members of the Audit Committee are independent, as required by Rule 5605(c)(2)(A)(i) and (ii) of the Nasdaq listing standards.
The Board has determined that each member of the Audit Committee can read and understand fundamental financial statements in accordance with applicable requirements. The Board has also determined that Messrs. Gomo and Mora each qualify as an “audit committee financial expert,” as defined in SEC rules. The Board made a qualitative assessment of their level of knowledge and experience based on a number of factors, including formal education, experience as a chief financial officer for public reporting companies or experience as a chief executive officer with financial oversight responsibilities.
The Compensation Committee is composed of two directors: Messrs. Mora and Rodgers. All members of the Compensation Committee have been and are “independent,” as required by Rules 5605(a)(2) and 5605(d)(2) of the Nasdaq listing standards. The Compensation Committee met four times in 2025. The Compensation Committee has adopted a written charter, which is reviewed annually, and is available to stockholders on our website at https://investor.enphase.com/corporate-governance.
The agenda for each meeting is usually developed by the Chair of the Compensation Committee, in consultation with our CEO
and senior vice president of human resources. The Compensation Committee meets periodically in executive session, without management. From time to time, various members of management and other employees as well as outside advisors or consultants may be invited by the Compensation Committee to make presentations, to provide financial or other background information or advice or to otherwise participate in Compensation Committee meetings. Our CEO does not participate in, and is not present during, any deliberations or determinations of the Compensation Committee regarding his compensation or individual performance objectives. The charter of the Compensation Committee grants the Compensation Committee full access to all books, records, facilities and personnel, as well as authority to obtain, at the expense of Enphase, advice and assistance from internal and external legal, accounting or other advisors and consultants and other external resources that the Compensation Committee considers necessary or appropriate in the performance of its duties. In particular, the Compensation Committee has the sole authority to retain compensation consultants to assist in its evaluation of executive and director compensation, including the authority to approve the consultant’s independence, reasonable fees and other retention terms.
The Nominating and Corporate Governance Committee is responsible for identifying, reviewing and evaluating candidates to serve as directors (consistent with criteria approved by the Board), reviewing and evaluating incumbent directors, recommending to the Board for selection candidates for election to the Board, making recommendations to the Board regarding the membership of the committees of the Board, assessing the performance of the Board, and developing a set of corporate governance principles. The Nominating and Corporate Governance Committee is also responsible for overseeing our sustainability strategy, initiatives and policies, including communications with employees, investors and other stakeholders.
The Nominating and Corporate Governance Committee was composed of four directors during 2025: Messrs. Kortlang, Malchow and Rodgers and Ms. Haenggi. The Board appointed Mr. Malchow to serve as the fourth member of the Nominating and Governance Committee as of January 23, 2025. All members of the Nominating and Corporate Governance Committee are independent (as independence is defined in Rule 5605(a)(2) of the Nasdaq listing standards). The Nominating and Corporate Governance Committee met four times in 2025, and Nominating and Corporate Governance Committee business was also discussed from time to time during meetings of the Board. The Nominating and Corporate Governance Committee has adopted a written charter, which is reviewed annually, and is available to stockholders on our website at https://investor.enphase.com/corporate-governance.
The Nominating and Corporate Governance Committee, to date, has not adopted a formal policy with regard to the consideration of director candidates recommended by stockholders and will consider director candidates recommended by stockholders on a case-by-case basis, as appropriate. The Nominating and Corporate Governance Committee believes that it is in the best position to identify, review, evaluate and select qualified candidates for Board membership, based on the comprehensive criteria for Board membership approved by the Board. The Nominating and Corporate Governance Committee does not intend to alter the manner in which it evaluates candidates, including the minimum criteria set forth above, based on whether the candidate was recommended by a stockholder. The Board amended our Amended and Restated Bylaws (as amended, the “Bylaws”), effective April 6, 2022, in order to implement proxy access. Pursuant to the proxy access provision, a stockholder or a group of no more than twenty (20) stockholders owning three percent (3%) or more of the voting power of the our outstanding capital stock continuously for at least three (3) years may nominate, and include in our proxy statement for an annual meeting, director nominees constituting up to the greater of two (2) individuals or twenty percent (20%) of the number of directors in office, provided that the stockholders satisfy the requirements specified in the Bylaws.
To date, the Nominating and Corporate Governance Committee has not received any such nominations, nor has it rejected a director nominee from a stockholder or stockholders holding more than 5% of our voting stock. Stockholders who wish to recommend individuals for consideration by the Nominating and Corporate Governance Committee to become nominees for election to the Board at the next annual meeting may do so by delivering a written recommendation to our Corporate Secretary at the following address: 47281 Bayside Parkway, Fremont, CA 94538, not earlier than the close of business on November 2, 2026 and not later than the close of business on December 2, 2026. Submissions must include the full name of the proposed nominee, a description of the proposed nominee’s business experience for at least the previous five years, complete biographical information, a description of the proposed nominee’s qualifications as a director and a representation that the nominating stockholder is a beneficial or record holder of our stock and has been a holder for at least one year. Any such submission must be accompanied by the written consent of the proposed nominee to be named as a nominee and to serve as a director if elected.
The Board and its principal committees perform an annual self-assessment to foster a culture of accountability for performance and continuous improvement so that the Board is able to meet its strategic objectives. As part of the process, directors are requested to complete written questionnaires, which are benchmarked and refreshed each year focusing on the performance of the Board and each of its committees as well as the objectives and priorities for the upcoming year. The annual evaluation process provides the Board with valuable insight regarding areas where the Board believes it functions effectively, and where it can improve. This process is overseen by the chair of the Nominating and Governance Committee and the General Counsel.
In addition, any interested person, including any stockholder, may communicate directly with our non-employee directors. Persons interested in communicating directly with our non-employee directors regarding any concerns or issues may do so by addressing correspondence to a particular director, or to our non-employee directors generally, in care of Enphase Energy, Inc. 47281 Bayside Parkway, Fremont, CA 94538. If no particular director is named, letters will be forwarded, depending upon the subject matter, to the Chair of the Board, the Chair of the Audit Committee, the Chair of the Compensation Committee, or the Chair of the Nominating and Corporate Governance Committee.
The Compensation Committee last made changes to our non-employee director compensation policy in November 2020 in order to ensure that our compensation for directors remains competitive and allows us to attract and retain highly qualified members of the Board. Based on the Compensation Committee’s most recent review of director compensation in 2024, no further changes were recommended. As a result, the Non-Employee Director Compensation Policy summarized below provided the following compensation package for our non-employee directors in 2025.
Additional retainer Audit Committee chair
Additional retainer Compensation Committee chair
Additional retainer Nominating and Corporate Governance Committee chair
Messrs. Rodgers and Mora served on the Compensation Committee for the entire fiscal year ended December 31, 2025. None of the members of the Compensation Committee have, at any time, been one of our officers or employees. None of our executive officers serve, or in the past year have served, as a member of the board of directors or compensation committee of any entity that has one or more executive officers who serve on the Board or the Compensation Committee.
We do not have any formal policies for allocating compensation among salary, bonus awards and equity grants. Instead, the Compensation Committee and Board set the compensation of our NEOs at levels they determine to be competitive and appropriate for each NEO, using compensation information benchmarked against our peer companies and those companies against whom we compete for talent and the professional experience, and the judgment of the Compensation Committee and Board members. In order to align the NEOs’ incentives with the interests of our stockholders and corporate goals, a significant portion of the NEOs’ total target compensation is comprised of performance-based quarterly cash bonus opportunities and long-term equity awards that vest based upon achievement of performance goals and also upon continuous service over time. Separately, upon initial commencement of employment, our NEOs generally are awarded an initial new hire equity grant. We may also make equity grants to our NEOs in connection with promotions on a case-by-case basis. New hire and promotion equity grants are based primarily on competitive conditions applicable to each specific executive position, and no such grants were made in 2025.
The Compensation Committee works with and receives information and analysis from management, including our legal, finance and human resources departments, and our CEO, and considers the information and analyses in determining the structure and amount of compensation to be paid to our employees, including our CFO. Our legal, finance and human resources departments work with our CEO to: design and develop recommended compensation programs for our NEOs and other senior executives; recommend changes to existing compensation programs; recommend financial and other performance targets to be achieved under those programs; prepare analyses of financial data; prepare peer data comparisons and other briefing materials; and ultimately implement the decisions of the Compensation Committee. Our CEO evaluates the individual performance of our CFO and provides the Compensation Committee with such performance assessments and management’s recommendations and proposals regarding NEO compensation programs and decisions affecting base salaries, performance bonuses, equity compensation and other compensation-related matters outside of the presence of any other NEOs. However, the Compensation Committee and the Board retain the final authority to make all compensation decisions. While the CEO and members of our management team discuss recommendations and compensation arrangements with the Compensation Committee, they do not participate in the deliberations concerning or the determination of their own compensation.
The Compensation Committee generally reviews our NEOs’ base salaries on an annual basis. As shown in the chart below, the annual base salaries of our NEOs remained unchanged in 2025, as compared with 2024 levels, because the Compensation Committee determined that each NEO’s total compensation – comprised of salary, bonus and equity awards – remained competitive based on market data. The Compensation Committee believed it was more important to tie a greater percentage of each NEO’s total compensation to rewarding performance, whether through cash bonus payments or performance-based equity awards that can be earned based on Relative TSR and the achievement of SMART Goals, as further described below.
Our insider trading policy prohibits our directors, NEOs and any other employee required to comply with the blackout periods and pre-clearance requirements from engaging in short sales, transactions in put or call options, hedging transactions, pledges, or other inherently speculative transactions relating to our common stock. In addition, our directors, NEOs and any person required to comply with the blackout periods and pre-clearance requirements under our insider trading policy are prohibited from pledging our securities as collateral for loans and may not hold our securities in margin accounts unless permitted by the Clearing Officer with the approval of the Chair of the Board, Chair of the Audit Committee, or the Board.
As of March 20, 2026, the date of this report, the Audit Committee consisted of three members: Steven J. Gomo, who serves as the Chair of the Committee, Benjamin Kortlang and Richard Mora. Each member is an independent director under Nasdaq and SEC rules, and meets the standards for committee independence as set forth in our Corporate Governance Guidelines. The Audit Committee has the duties and powers described in its written charter adopted by the Board. A copy of the charter is available on our website at https://investor.enphase.com/corporate-governance.",text,PASS,"{""fiscal_year"": 2025, ""period_start"": ""2025-01-01"", ""period_end"": ""2025-12-31""}","{""run_id"": ""run:ordinary-integrated:6d4c835aa86e560cba3625a28c15889c600d6ca37fda89bd8c787212e47c5d40"", ""result_id"": ""sha256:405e208e4ef48ef4dea3e462ef419aeb60fcfb0c78c8b4ab9310a94d4937764c"", ""spec_closure_hash"": ""sha256:fe99c55991a9f0d86cf31bcd8b009347dbe9b41ba7547a0fab1cc14ffb67cc41"", ""head"": ""1c9f5621e4e09f891d597fa7edcea970a3d434dc"", ""evidence_date"": ""2026-09-12"", ""current_code_replay_claim"": false}",SAVED_SEC_ORIGINAL_NATIVE_DEVELOPMENT_RESULT,SAVED_ORIGINAL_SEC_SOURCE_NO_NEW_ACQUISITION,"{""path"": ""docs/evidence/issue28_continuous/completed-v14-batch-340/summary.json"", ""selector"": ""enphase_energy/C02""}",False,False,Current affected-path evidence and unified update/release acceptance; no blanket rerun claim
enphase_energy,C03,NUMERIC_RESULT,EXACT,APPLICABLE,9601958,USD,PASS,"{""fiscal_year"": 2025, ""period_start"": ""2025-01-01"", ""period_end"": ""2025-12-31""}","{""run_id"": ""run:ordinary-integrated:7b61df99fa1234a601e91ee8f0620bcdecaaf2f62b66ed4c3a8c20735c9905d2"", ""result_id"": ""sha256:8da2152b36f5b6a2cf482f65d6f397985579163d4e214d17ce2fe640a9862187"", ""spec_closure_hash"": ""sha256:47d1a8148805ad612674bd1b6b6ce11e1845791336b63f79f35d96598de9b772"", ""head"": ""1c9f5621e4e09f891d597fa7edcea970a3d434dc"", ""evidence_date"": ""2026-09-12"", ""current_code_replay_claim"": false}",SAVED_SEC_ORIGINAL_NATIVE_DEVELOPMENT_RESULT,SAVED_ORIGINAL_SEC_SOURCE_NO_NEW_ACQUISITION,"{""path"": ""docs/evidence/issue28_continuous/completed-v14-batch-340/summary.json"", ""selector"": ""enphase_energy/C03""}",False,False,Current affected-path evidence and unified update/release acceptance; no blanket rerun claim
enphase_energy,C04,NUMERIC_RESULT,EXACT,APPLICABLE,0,flag,PASS,"{""fiscal_year"": 2025, ""period_start"": ""2025-01-01"", ""period_end"": ""2025-12-31""}","{""run_id"": ""run:ordinary-integrated:3457c7f1bade3eea4a72fdcf02c38bb76c5638903659f9057c4d9c3255e8e80c"", ""result_id"": ""sha256:dc39cddaf98acc8cc9c39b7525d0acc3ad9d8ef7241c9113a89c7626f1fad408"", ""spec_closure_hash"": ""sha256:e85274fbab94d7e316ca58710a41a00e3197688cdaff68d6c064470c17bd8f1d"", ""head"": ""1c9f5621e4e09f891d597fa7edcea970a3d434dc"", ""evidence_date"": ""2026-09-12"", ""current_code_replay_claim"": false}",SAVED_SEC_ORIGINAL_NATIVE_DEVELOPMENT_RESULT,SAVED_ORIGINAL_SEC_SOURCE_NO_NEW_ACQUISITION,"{""path"": ""docs/evidence/issue28_continuous/completed-v14-batch-340/summary.json"", ""selector"": ""enphase_energy/C04""}",False,False,Current affected-path evidence and unified update/release acceptance; no blanket rerun claim
enphase_energy,D01,TEXT_RESULT,EXACT,APPLICABLE,"Risks Related to our Business, Operations and Our Industry
The reduction, elimination or expiration of government subsidies and economic incentives for on-grid solar electricity applications could reduce demand for solar PV systems and harm our business.
The inability of our products to comply with the minimum domestic content tax credit thresholds, inclusive of FEOC regulations, could negatively impact our business, financial condition and results of operations.
Unfavorable macroeconomic and market conditions may adversely affect our industry, business and financial results.
If demand for solar energy solutions does not grow or grows at a slower rate than we anticipate, our business will suffer.
The solar industry is highly competitive, and we expect to face increased competition as new and existing competitors introduce products or develop alternative technologies, which could negatively impact our business, financial condition and results of operations.
Changes in the United States trade environment, including the imposition of import tariffs, has and could adversely affect the amount or timing of our revenue, results of operations or cash flows.
We may fail to capture customers as we design and develop new products and update existing products.
We depend upon a small number of outside contract manufacturers, and our business and operations could be disrupted if we encounter problems with these contract manufacturers.
We depend on solar distributors, installers and providers of solar financing to assist in selling our products to customers, and if they fail to perform at the expected level, or at all, our business, financial condition and results of our operations could be harmed.
We depend on limited-source suppliers for key components and products. If we are unable to source these components and products on a timely basis, we will not be able to deliver our products to our customers.
If we or our contract manufacturers are unable to obtain raw materials in a timely manner or if the price of raw materials increases significantly, production time and product costs could increase, which may adversely affect our business.
Our recent and planned expansion into existing and new markets could subject us to additional business, financial and competitive risks.
Manufacturing problems could result in delays in product shipments, which would adversely affect our revenue, competitive position and reputation.
The loss of, or events affecting, one of our major customers could reduce our sales and have an adverse effect on our business, financial condition and results of operations.
If our products contain manufacturing or software defects, our business and financial results could be harmed.
If we fail to retain our key personnel or if we fail to attract additional qualified personnel, we may not be able to maintain or achieve our anticipated level of growth and our business could suffer.
Restructuring activities could disrupt our business and adversely affect our results of operations.
Any failure by management to properly manage growth could have a material adverse effect on our business, operating results and financial condition.
Our business has been and could continue to be affected by seasonal trends and construction cycles
If we are unsuccessful in continuing to expand our direct-to-consumer sales channel by driving purchases through our website or third-party websites, our business and results of operation could be harmed.
Risks Related to our Intellectual Property and Technology
We are dependent on information technology systems, infrastructure and data. We or third parties whom we interact with could be subject to breaches of information technology systems caused by system security risks, failure of data protection, cyber-attacks and erroneous or non-malicious actions or failures to act by employees or others, which could cause significant reputational, legal and financial damages.
We are subject to stringent and evolving data privacy and security laws, contractual obligations, information security policies and other obligations governing the use, processing and transfer of personal information, and any unauthorized access to, or disclosure or theft of, personal information we gather, store or use could harm our reputation and subject us to claims or litigation.
We may be subject to disruptions or failures in information technology systems and network infrastructures that could have a material adverse effect on our business and financial condition.
If we fail to protect, or incur significant costs in enforcing, our intellectual property and other proprietary rights, our business and results of operations could be materially harmed.
Third parties may assert that we are infringing upon their intellectual property rights, which could divert management’s attention, cause us to incur significant costs, and prevent us from selling or using the technology to which such rights relate.
Our failure to obtain the right to use necessary third-party intellectual property rights on reasonable terms, or our failure to maintain and comply with the terms and conditions applicable to these rights, could harm our business and prospects.
Emerging issues related to the development and use of artificial intelligence could give rise to legal or regulatory action, damage our reputation, or otherwise materially harm of our business.
The software we use in providing system configuration recommendations or potential energy savings estimates to customers relies in part on third-party information that may not be accurate or up-to-date; this may therefore generate inaccurate recommendations or estimates, resulting in a loss of reputation and customer confidence.
Risks related to Legal Proceedings and Regulations
Changes in current laws or regulations or the imposition of new laws or regulations, or new interpretations thereof, in the solar energy sector, by federal or state agencies in the United States or foreign jurisdictions could impair our ability to compete and could materially harm our business, financial condition and results of operations.
Our significant international operations subject us to additional risks that could adversely affect our business, results of operations and financial condition.
From time to time we are involved in a number of legal proceedings and, while we cannot predict the outcomes of such proceedings and other contingencies with certainty, some of these outcomes could adversely affect our business and financial condition.
We could be adversely affected by any violations of the FCPA, the U.K. Bribery Act, and other foreign anti-bribery laws.
Expectations relating to ESG considerations and related reporting obligations may expose our business to potential liabilities, increased costs, and reputational harm.
Risks Related to our Financial Condition and Liquidity
Our gross profit may fluctuate over time, which could impair our ability to achieve or maintain profitability.
We are under continuous pressure to reduce the prices of our products, which has adversely affected, and may continue to adversely affect, our gross margins.
If we do not forecast demand for our products accurately, we may experience product shortages, delays in product shipment or excess product inventory, any of which will adversely affect our business and financial condition.
A drop in the retail price of electricity derived from the utility grid or from alternative energy sources, or a change in utility pricing structures, may harm our business, financial condition and results of operations.
Our portfolio of marketable securities is subject to market, interest and credit risk that may reduce its value.
Risks Related to our Acquisition Activity
We have made and expect to continue to make acquisitions. If we fail to successfully select, execute or integrate our acquisitions, then our business and operating results could be harmed and our stock price could decline.
We invest in companies for both strategic and financial reasons but may not realize a return on our investments.
An impairment in the carrying value of goodwill or other intangible and long-lived assets could negatively affect our operating results.
Risks Related to our Debt and Equity Securities
Our financial results may vary significantly from quarter to quarter due to a number of factors, which may lead to volatility in our stock price.
Conversion of our Convertible Notes may dilute the ownership interest of existing stockholders or may otherwise depress the price of our common stock, adversely affect our financial condition and operating results.
Servicing our debts requires a significant amount of cash, and we may not have sufficient cash flow from our business to pay our debts.
We may not have the ability to raise the funds necessary to settle conversions of the Convertible Notes or repurchase the Convertible Note upon a fundamental change, and our future debt may contain limitations on our ability to pay cash upon conversion or repurchase of the Convertible Notes.
The convertible note hedge and warrant transactions and/or their early termination may affect the value of our common stock.
Changes in current accounting methods, standards, or regulations applicable to the Convertible Notes due 2028 and Notes due 2026 could have a material impact on our reported financial results, future financial results, future cash flows, and/or our stock price.
We may not be able to raise additional capital to execute on our current or future business opportunities on favorable terms, if at all, or without dilution to our stockholders.
We currently do not intend to pay dividends on our common stock and, consequently, your only opportunity to achieve a return on your investment is if the price of our common stock appreciates.
General Risk Factors
Natural disasters, public health events, significant disruptions of information technology systems, data security breaches, or other catastrophic events could adversely affect our operations.
If we fail to maintain an effective system of internal controls or are unable to remediate any deficiencies in our internal controls, we might not be able to report our financial results accurately or prevent fraud; in that case, our stockholders could lose confidence in our financial reporting, which would harm our business and could negatively impact the price of our stock.
Our business is subject to tax liabilities.
Our charter documents and Delaware law could prevent a takeover that stockholders consider favorable and could also reduce the market price of our stock.",text,PASS,"{""fiscal_year"": 2025, ""period_start"": ""2025-01-01"", ""period_end"": ""2025-12-31""}","{""run_id"": ""run:ordinary-integrated:083a648a23608fde347e33328308cc4d252d8d7ed4af4fee1f0354ab40f91076"", ""result_id"": ""sha256:f9f6cbd102530bbea79132f84da9fc693d1e8e79050b459a5b314186149b3fd3"", ""spec_closure_hash"": ""sha256:2cf616ccdb70214edf453184505f984279be5cfa9fd0b966993eeb70b767b400"", ""head"": ""1c9f5621e4e09f891d597fa7edcea970a3d434dc"", ""evidence_date"": ""2026-09-12"", ""current_code_replay_claim"": false}",SAVED_SEC_ORIGINAL_NATIVE_DEVELOPMENT_RESULT,SAVED_ORIGINAL_SEC_SOURCE_NO_NEW_ACQUISITION,"{""path"": ""docs/evidence/issue28_continuous/completed-v14-batch-340/summary.json"", ""selector"": ""enphase_energy/D01""}",False,False,Current affected-path evidence and unified update/release acceptance; no blanket rerun claim
enphase_energy,D02,TEXT_RESULT,EXACT,APPLICABLE,"From time to time, we might be subject to various legal proceedings relating to claims arising out of our operations. The outcome of litigation is inherently uncertain. If one or more legal matters were resolved against us in a reporting period for amounts above management’s expectations, our business, results of operations, financial position and cash flows for that reporting period could be materially adversely affected. Except as described in this Item 3, we are not currently involved in any material legal proceedings, the ultimate disposition of which could have a material adverse effect on our operations, financial condition or cash flows.
Securities Class Action Lawsuits
On July 15, 2024, a putative class action complaint was filed against us, our chief executive officer and our chief financial officer (collectively, the “Initial Defendants”) in the United States District Court for the Northern District of California, captioned Hayes v. Enphase Energy, Inc., Case No. 3:24-cv-04249 (the “Securities Class Action”), purportedly on behalf of a class of individuals who purchased or otherwise acquired our common stock between December 12, 2022 and April 25, 2023. The Securities Class Action alleges that Initial Defendants made false and/or misleading statements in violation of Sections 10(b) and 20(a) of the Exchange Act and Rule 10b-5 promulgated thereunder. The complaint seeks unspecified monetary damages and other relief.
On or about July 29, 2024, six additional stockholders filed motions to be appointed lead plaintiff and have their selection of counsel appointed as lead counsel in the Securities Class Action. The Court held a hearing on the lead plaintiff motions on September 5, 2024, and appointed Lon D. Praytor as lead plaintiff on March 31, 2025. On April 17, 2025, movant Andrey Ponomarchuk filed a motion for reconsideration of the Court’s order appointing Praytor as lead plaintiff. Lead plaintiff Praytor filed an amended complaint on May 21, 2025, alleging violations of Sections 10(b) and 20(a) of the Exchange Act and Rule 10b-5 promulgated thereunder by Enphase and our chief executive officer, purported only on behalf of a class of individuals who purchased or otherwise acquired our common stock between February 7, 2023 and April 25, 2023 and removing our chief financial officer as a defendant (the remaining defendants referred hereto as “Defendants”). Defendants filed a motion to dismiss on July 2, 2025. Lead Plaintiff’s filed his opposition on August 15, 2025, and Defendants’ filed their reply on September 15, 2025. The Court has not yet issued a decision on Defendants’ motion to dismiss.
On December 13, 2024, another putative class action complaint was filed naming us, our chief executive officer and our chief products officer (collectively, “Defendants II”) in the United States District Court for the Northern District of California, captioned Trustees of the Welfare and Pension Funds of Local 464A v. Enphase Energy, Inc., Case No. 4:24-cv-09038 (the “Pension Fund Action”), purportedly on behalf of a class of individuals who purchased or otherwise acquired our common stock between April 25, 2023 and October 22, 2024. The Pension Fund Action alleges that Defendants II made false and/or misleading statements in violation of Sections 10(b) and 20(a) of the Exchange Act and Rule 10b-5 promulgated thereunder. The complaint seeks unspecified monetary damages and other relief.
On or about February 11, 2025, several additional stockholders moved to be appointed lead plaintiff in the Pension Fund Action and have their selection of counsel appointed as lead counsel. On August 20, 2025, the Court appointed HANSAINVEST Hanseatische Investment-GMBH as lead plaintiff. Lead plaintiff filed its amended complaint on October 20, 2025. Defendants’ filed their motion to dismiss on December 12, 2025. Lead plaintiff’s filed its opposition on February 10, 2026, and Defendants’ reply will be due March 27, 2026. A hearing is currently scheduled for May 7, 2026. We dispute the allegations in each of the above-referenced lawsuits and intend to defend the matters vigorously.
Shareholder Derivative Lawsuits
On July 16, 2024, a shareholder derivative lawsuit was filed purportedly on our behalf against the Initial Defendants, our non-employee directors and us (as nominal defendant) in the United States District Court for the Northern District of California, captioned Ibarra v. Kothandaraman, et al., Case No. 3:24-cv-04278 (the “Ibarra Action”). The Ibarra Action asserts claims for breaches of fiduciary duty, unjust enrichment, abuse of control, gross mismanagement, waste of corporate assets, and violations of Sections 14(a), 10(b) and 20(a) of the Exchange Act, and contribution under Sections 10(b) and 21D of the Exchange Act based on the purported dissemination of substantially the same allegedly false and misleading statements asserted in the Securities Class Action. The Ibarra Action is seeking unspecified damages and other relief, including reforms and improvements to our corporate governance and internal procedures.
Enphase Energy, Inc. | 2025 Form 10-K | 46
On September 5, 2024, another shareholder derivative lawsuit was filed purportedly on our behalf against the Initial Defendants, our non-employee directors and us (as nominal defendant) in the United States District Court for the Northern District of California, captioned Isaac v. Kothandaraman, et al., Case No. 4:24-cv-06257 (the “Isaac Action”), containing substantially the same allegations as those in the Ibarra Action. On September 20, 2024, the Court consolidated the Isaac and Ibarra Actions for all purposes into one action under the title In re Enphase Energy, Inc. Stockholder Derivative Litigation (the “Derivative Action”).
On October 11, 2024, the Court granted the parties’ stipulation to stay the Derivative Action until all motions to dismiss the Securities Class Action are decided.
On December 31, 2024, a shareholder derivative lawsuit was filed purportedly on our behalf against Defendants II, our non-employee directors and us (as nominal defendant) in the United States District Court for the Northern District of California, captioned Hirani v. Kothandaraman, et al., Case No. 4:24-cv-09532 (the “Hirani Action”). The Hirani Action asserts claims for breaches of fiduciary duty, unjust enrichment, abuse of control, gross mismanagement, waste of corporate assets, and violations of Sections 14(a), 10(b) and 20(a) of the Exchange Act, and contribution under Sections 10(b) and 21D of the Exchange Act based on the purported dissemination of substantially the same allegedly false and misleading statements asserted in the Pension Fund Action. The Hirani Action is seeking unspecified damages and other relief, including reforms and improvements to our corporate governance and internal procedures.
On January 17, 2025, another shareholder derivative lawsuit was filed purportedly on our behalf against Defendants II, our non-employee directors and us (as nominal defendant) in the United States District Court for the Northern District of California, captioned Hanowski v. Kothandaraman, et al., Case No. 4:25-cv-000652 (the “Hanowski Action”). The Hanowski Action asserts claims substantially similar to those asserted in the Hirani Action, also based on the same allegedly false and misleading statements asserted in the Pension Fund Action. The Hanowski Action is seeking unspecified damages and other relief, including reforms and improvements to our corporate governance and internal procedures.
On January 31, 2025, the plaintiffs in the Hirani and Hanowski Actions filed a motion to relate their actions to the Pension Fund Action, which the Court approved on February 18, 2025. On March 7, 2025, the Court granted the parties’ stipulation to consolidate the Hirani and Hanowski Actions for all purposes into one action under the title In re Enphase Energy, Inc. 2025 Shareholder Derivative Litigation (the “Derivative II Action”). On May 8, 2025, the Court stayed the Derivative II Action pending resolution of all motion(s) to dismiss in the Pension Fund Action. On January 28, 2026, purported shareholder Ahmed Ibrahim filed a motion to intervene in the Derivative II Action.
We dispute the allegations in each of the above-referenced lawsuits and intend to defend the matters vigorously.
The pending lawsuits and any other related lawsuits are subject to inherent uncertainties, and the actual defense and disposition costs will depend upon many unknown factors. We could be forced to expend significant resources in the defense of the pending lawsuits and any additional lawsuits, and we may not prevail. In addition, we may incur substantial legal fees and costs in connection with such lawsuits.
In the normal course of business, the Company is subject to loss contingencies, such as legal proceedings and claims arising out of its business. An accrual for a loss contingency is recognized when it is probable and the amount of loss can be reasonably estimated.
The Company is subject to various legal proceedings and claims that have arisen in the ordinary course of business and that have not been fully resolved. An accrual for a loss contingency is recognized when it is probable and the amount of loss or recovery can be reasonably estimated. The outcome of litigation is inherently uncertain. If one or more legal matters were resolved against the Company in a reporting period for amounts above management’s expectations, the Company’s business, results of operations, financial position and cash flows for that reporting period could be materially adversely affected. As of December 31, 2025, in the opinion of management, there was not at least a reasonable possibility the Company may have incurred a material loss, or a material loss greater than a recorded accrual, concerning loss contingencies for asserted legal and other claims.",text,PASS,"{""fiscal_year"": 2025, ""period_start"": ""2025-01-01"", ""period_end"": ""2025-12-31""}","{""run_id"": ""run:ordinary-integrated:f015dee32abec9f792255e63e67ea05989fa631da129e7010e4f6181328ca452"", ""result_id"": ""sha256:1f8e6698e8f6e4c211e4b0170e0f767c0709da60cd2e310dc282fcd0b0424fce"", ""spec_closure_hash"": ""sha256:d0e1a602d16c329087fef7fcf9d5378fe6dbc451ccc8fb8124d219e412e76214"", ""head"": ""1c9f5621e4e09f891d597fa7edcea970a3d434dc"", ""evidence_date"": ""2026-09-12"", ""current_code_replay_claim"": false}",SAVED_SEC_ORIGINAL_NATIVE_DEVELOPMENT_RESULT,SAVED_ORIGINAL_SEC_SOURCE_NO_NEW_ACQUISITION,"{""path"": ""docs/evidence/issue28_continuous/completed-v14-batch-340/summary.json"", ""selector"": ""enphase_energy/D02""}",False,False,Current affected-path evidence and unified update/release acceptance; no blanket rerun claim
enphase_energy,D03,VALIDATION_OR_IMPLEMENTATION_PENDING,,APPLICABLE,,,D03_NATIVE_RESULT_ROUTE_AND_REAL_VALIDATION_PENDING,"{""fiscal_year"": 2025, ""period_start"": ""2025-01-01"", ""period_end"": ""2025-12-31""}","{""source_id"": ""sha256:ddf3b22d270bde70e359b066b688a8afaad9da1e89ca8b10bf9052103bb1003b"", ""request_context_format"": ""deepseek-v41-two-message-json-chat-1"", ""implementation_files"": ""docs/evidence/issue28_continuous/request-context-counting/implementation-files.json""}",SOURCE_PREPARATION_WITH_SEPARATE_RECORDED_OR_SYNTHETIC_DEVELOPMENT_EVIDENCE,SEE_ORIGINAL_SOURCE_PROOFS_NO_MODEL_RESULT_CREDIT,"{""path"": ""docs/evidence/issue28_continuous/request-context-counting/grouped-census.json"", ""selector"": ""enphase_energy/D03""}",False,False,Complete current source-dependent native response/Review/Run validation; retain partials and failures at original scope
enphase_energy,D04,VALIDATION_OR_IMPLEMENTATION_PENDING,,APPLICABLE,,,D04_COMPLETE_CURRENT_REAL_VALIDATION_PENDING,"{""fiscal_year"": 2025, ""period_start"": ""2025-01-01"", ""period_end"": ""2025-12-31""}","{""source_id"": ""sha256:1cd5cf9eb65cae7d119ec8962d21cf834c89b90b73af21740b375f6767a54319"", ""request_context_format"": ""deepseek-v41-two-message-json-chat-1"", ""implementation_files"": ""docs/evidence/issue28_continuous/request-context-counting/implementation-files.json""}",SOURCE_PREPARATION_WITH_SEPARATE_RECORDED_OR_SYNTHETIC_DEVELOPMENT_EVIDENCE,SEE_ORIGINAL_SOURCE_PROOFS_NO_MODEL_RESULT_CREDIT,"{""path"": ""docs/evidence/issue28_continuous/request-context-counting/grouped-census.json"", ""selector"": ""enphase_energy/D04""}",False,False,Complete current source-dependent native response/Review/Run validation; retain partials and failures at original scope
enphase_energy,E01,NUMERIC_RESULT,EXACT,APPLICABLE,0,count,PASS,"{""fiscal_year"": 2025, ""period_start"": ""2025-01-01"", ""period_end"": ""2025-12-31""}","{""run_id"": ""run:ordinary-integrated:76f06b65016aafab4f44b6f365cb6e0f67d4c6feb8254c4c7b573d090f49a300"", ""result_id"": ""sha256:d2ecc051ffc5278ea7a2b2e9c6f10ad3365474425863c15b06e6177696168879"", ""spec_closure_hash"": ""sha256:7d5864cc3a591b5f0a3b903c4cadcaeb0782dcb60bfe2f75b744cef8f8364ccb"", ""head"": ""1c9f5621e4e09f891d597fa7edcea970a3d434dc"", ""evidence_date"": ""2026-09-12"", ""current_code_replay_claim"": false}",SAVED_SEC_ORIGINAL_NATIVE_DEVELOPMENT_RESULT,SAVED_ORIGINAL_SEC_SOURCE_NO_NEW_ACQUISITION,"{""path"": ""docs/evidence/issue28_continuous/completed-v14-batch-340/summary.json"", ""selector"": ""enphase_energy/E01""}",False,False,Current affected-path evidence and unified update/release acceptance; no blanket rerun claim
enphase_energy,E02,NUMERIC_RESULT,EXACT,APPLICABLE,0,count,PASS,"{""fiscal_year"": 2025, ""period_start"": ""2025-01-01"", ""period_end"": ""2025-12-31""}","{""run_id"": ""run:ordinary-integrated:f12c126acebd67baae2cea48ef354b8cdcc7daad1a4b1d37dcd6b55dbd872780"", ""result_id"": ""sha256:71e8d2d47648a91c2134015d3782dc453798db142d614150448040408daa6527"", ""spec_closure_hash"": ""sha256:2225c56a35257b1ccf88dd4532f450dc264095fcbf4bcfa095a7a8f801e88465"", ""head"": ""1c9f5621e4e09f891d597fa7edcea970a3d434dc"", ""evidence_date"": ""2026-09-12"", ""current_code_replay_claim"": false}",SAVED_SEC_ORIGINAL_NATIVE_DEVELOPMENT_RESULT,SAVED_ORIGINAL_SEC_SOURCE_NO_NEW_ACQUISITION,"{""path"": ""docs/evidence/issue28_continuous/completed-v14-batch-340/summary.json"", ""selector"": ""enphase_energy/E02""}",False,False,Current affected-path evidence and unified update/release acceptance; no blanket rerun claim
enphase_energy,E03,NUMERIC_RESULT,EXACT,APPLICABLE,1,count,PASS,"{""fiscal_year"": 2025, ""period_start"": ""2025-01-01"", ""period_end"": ""2025-12-31""}","{""run_id"": ""run:ordinary-integrated:52344482e09593ebc2976f2ae9cbb55093526be7a61002b1a850803b5711459b"", ""result_id"": ""sha256:51aa334fe4d5cd14abf592b16a3200c8e76bbd4494b49e9fd12fa9fb479a2542"", ""spec_closure_hash"": ""sha256:6a53aad18d3a406b16f08c8ddf337cafca865d9ed3843044ae47fcfef17a74a7"", ""head"": ""1c9f5621e4e09f891d597fa7edcea970a3d434dc"", ""evidence_date"": ""2026-09-12"", ""current_code_replay_claim"": false}",SAVED_SEC_ORIGINAL_NATIVE_DEVELOPMENT_RESULT,SAVED_ORIGINAL_SEC_SOURCE_NO_NEW_ACQUISITION,"{""path"": ""docs/evidence/issue28_continuous/completed-v14-batch-340/summary.json"", ""selector"": ""enphase_energy/E03""}",False,False,Current affected-path evidence and unified update/release acceptance; no blanket rerun claim
enphase_energy,E04,NUMERIC_RESULT,EXACT,APPLICABLE,0,count,PASS,"{""fiscal_year"": 2025, ""period_start"": ""2025-01-01"", ""period_end"": ""2025-12-31""}","{""run_id"": ""run:ordinary-integrated:4874ebf82a3330abadc6657187095d74ac6ef64b12790dea471adbc9aa0ae592"", ""result_id"": ""sha256:0e7f3d6e2ecb6cd1948fe8366028060778f6eb40f33d71918d20454cd98bc5e6"", ""spec_closure_hash"": ""sha256:034565b73fcf2d88fcff21e36b9fcc5a7ce604c7e09bb8d8d6ab940e5d56b24d"", ""head"": ""1c9f5621e4e09f891d597fa7edcea970a3d434dc"", ""evidence_date"": ""2026-09-12"", ""current_code_replay_claim"": false}",SAVED_SEC_ORIGINAL_NATIVE_DEVELOPMENT_RESULT,SAVED_ORIGINAL_SEC_SOURCE_NO_NEW_ACQUISITION,"{""path"": ""docs/evidence/issue28_continuous/completed-v14-batch-340/summary.json"", ""selector"": ""enphase_energy/E04""}",False,False,Current affected-path evidence and unified update/release acceptance; no blanket rerun claim
enphase_energy,E05,NUMERIC_RESULT,EXACT,APPLICABLE,0,count,PASS,"{""fiscal_year"": 2025, ""period_start"": ""2025-01-01"", ""period_end"": ""2025-12-31""}","{""run_id"": ""run:ordinary-integrated:e81c971dea5dc6f040946ce6e93c9673e67111afb5ca17c30dfb0e183f9f55d0"", ""result_id"": ""sha256:923c4c857e139a79b4116ea261dd40ba3a0024ba37ffd0993d531234e2918fa3"", ""spec_closure_hash"": ""sha256:7f09c9630d318106f98f33d82b7914b583b8db6aef5bebc019b50b82c6f54cfd"", ""head"": ""1c9f5621e4e09f891d597fa7edcea970a3d434dc"", ""evidence_date"": ""2026-09-12"", ""current_code_replay_claim"": false}",SAVED_SEC_ORIGINAL_NATIVE_DEVELOPMENT_RESULT,SAVED_ORIGINAL_SEC_SOURCE_NO_NEW_ACQUISITION,"{""path"": ""docs/evidence/issue28_continuous/completed-v14-batch-340/summary.json"", ""selector"": ""enphase_energy/E05""}",False,False,Current affected-path evidence and unified update/release acceptance; no blanket rerun claim
