company,cik,metric_id,source_url,repo_relative_path,content_sha256,accession,document_name,concept_or_section,context_or_dimension,unit,period_start,period_end,value_raw,value_normalized,evidence_quote,extraction_method,parser_version,company_id,run_id,result_id,requirement_id,requirement_closure_hash,source_checkpoint_id,last_checked_source_checkpoint_id,current_source_checkpoint_id,original_source_checkpoint_id,current_source_equivalence_id,current_input_matches,current_input_status,result_validity,latest_attempt_status,latest_request_status,requested_in_latest_execution,source_credit,saved_processing_mode,native_path,period_role,archive_period_start,archive_period_end,archive_fiscal_year,measurement_period_start,measurement_period_end,measurement_period_status,defect_holds
Marriott International,1048286,B01,https://data.sec.gov/api/xbrl/companyfacts/CIK0001048286.json,evidence/request_attempts/af/af2fea717f696acfa6f5f2436aa6e4175c3c56ab1628a2e3198964300f32422a/CIK0001048286.json,af2fea717f696acfa6f5f2436aa6e4175c3c56ab1628a2e3198964300f32422a,0001048286-26-000007,CIK0001048286.json,Revenues,"{""source_binding"": {""accession"": ""0001048286-26-000007"", ""concept"": ""us-gaap:Revenues"", ""document_name"": ""CIK0001048286.json"", ""duration_days"": 365, ""entity"": ""1048286"", ""fact_id"": ""fact:sha256:640d9a21651aece0a442d56ed33584b1de816baa0a4cbeb0b717c112ca0c878a"", ""filed"": ""2026-02-10"", ""fiscal_period"": ""FY"", ""form"": ""10-K"", ""frame"": ""CY2025"", ""raw_asset_id"": ""sha256:af2fea717f696acfa6f5f2436aa6e4175c3c56ab1628a2e3198964300f32422a"", ""source_reference_id"": ""sha256:3109bea68ae11f5e3c6ebd77114cda1d6f17d60e772b2630baffdb2639c483e9"", ""source_role"": ""companyfacts""}, ""source_cells"": []}",USD,2025-01-01,2025-12-31,,26186000000,Normalized source-derived observation: Revenues=26186000000 unit=USD accn=0001048286-26-000007 filed=2026-02-10,ordinary_native_source_projection,ordinary_projection_v1,marriott_international,run:ordinary-integrated:66b14a9895d9514ae72776ebd5b1e90fa294937904764ff165dbc6a8407eaf6b,sha256:e279b28db1cecf3434d84fb7455717e5f7340a7e64310d84af935c92e55288bc,issue_54_v4,sha256:7e577402fa98974628bf613a3a82e66d79f55385ccce117ea5d1f0cd11d49fa2,sha256:671a25cd86baceec0cd20a6be08cbb225328ce65bf46e91fb435a80ca39da4d9,sha256:7050dd9ee6cfd0e50cbe3e2d694b6b1131c8fcc498d95579b41751fed7f3c896,sha256:7050dd9ee6cfd0e50cbe3e2d694b6b1131c8fcc498d95579b41751fed7f3c896,,,True,MATCHED,REPLAY_VERIFIED_CONTENT_NOT_ACCEPTED,NO_SOURCE_CONTENT_CHANGE,NO_SOURCE_CONTENT_CHANGE,True,VERIFIED_SEC_ACQUISITION,,native/B01/561d7b76b1ea4555aac5bf2e2c09aeff,RUN_ARCHIVE_COORDINATE,2025-01-01,2025-12-31,2025,2025-01-01,2025-12-31,NATIVE_REPLAY_VERIFIED,[]
Marriott International,1048286,B02,https://data.sec.gov/api/xbrl/companyfacts/CIK0001048286.json,evidence/request_attempts/af/af2fea717f696acfa6f5f2436aa6e4175c3c56ab1628a2e3198964300f32422a/CIK0001048286.json,af2fea717f696acfa6f5f2436aa6e4175c3c56ab1628a2e3198964300f32422a,0001048286-26-000007,CIK0001048286.json,Revenues,"{""attributes"": {""accession"": ""0001048286-26-000007"", ""deterministic_router_semantic_version"": ""2"", ""entity"": ""1048286"", ""filed"": ""2026-02-10"", ""fiscal_period"": ""FY"", ""form"": ""10-K"", ""frame"": ""CY2025""}, ""locator"": {""concept"": ""Revenues"", ""fact_id"": ""fact:sha256:640d9a21651aece0a442d56ed33584b1de816baa0a4cbeb0b717c112ca0c878a"", ""period_end"": ""2025-12-31"", ""period_start"": ""2025-01-01""}, ""verified_claim_id"": ""sha256:7e984e319d509c3fefa51955600cc5ea6d36e8db408d8036ac9bdfa264c3e0b1""}",USD,2025-01-01,2025-12-31,,26186000000,"Parsed source fact: {""locator"": {""concept"": ""Revenues"", ""fact_id"": ""fact:sha256:640d9a21651aece0a442d56ed33584b1de816baa0a4cbeb0b717c112ca0c878a"", ""period_end"": ""2025-12-31"", ""period_start"": ""2025-01-01""}, ""unit"": ""USD"", ""value"": ""26186000000""}",ordinary_native_source_projection,ordinary_projection_v1,marriott_international,run:ordinary-integrated:4db8ce1d085257cab2115cc069edda7a7a5b0e2cb332398a195fafe1c427f90b,sha256:deeb79872c6006a9af38c7fd13fd3d03ed783eaef9060501fa8a34ef113866b8,issue_54_v4,sha256:7e577402fa98974628bf613a3a82e66d79f55385ccce117ea5d1f0cd11d49fa2,sha256:671a25cd86baceec0cd20a6be08cbb225328ce65bf46e91fb435a80ca39da4d9,sha256:7050dd9ee6cfd0e50cbe3e2d694b6b1131c8fcc498d95579b41751fed7f3c896,sha256:7050dd9ee6cfd0e50cbe3e2d694b6b1131c8fcc498d95579b41751fed7f3c896,,,True,MATCHED,REPLAY_VERIFIED_CONTENT_NOT_ACCEPTED,NO_SOURCE_CONTENT_CHANGE,NO_SOURCE_CONTENT_CHANGE,True,VERIFIED_SEC_ACQUISITION,,native/B02/88a6783d152741dbb7d8bf1cfe0e5c76,RUN_ARCHIVE_COORDINATE,2025-01-01,2025-12-31,2025,2025-01-01,2025-12-31,NATIVE_REPLAY_VERIFIED,[]
Marriott International,1048286,B02,https://data.sec.gov/api/xbrl/companyfacts/CIK0001048286.json,evidence/request_attempts/af/af2fea717f696acfa6f5f2436aa6e4175c3c56ab1628a2e3198964300f32422a/CIK0001048286.json,af2fea717f696acfa6f5f2436aa6e4175c3c56ab1628a2e3198964300f32422a,0001628280-25-004818,CIK0001048286.json,Revenues,"{""attributes"": {""accession"": ""0001628280-25-004818"", ""deterministic_router_semantic_version"": ""2"", ""entity"": ""1048286"", ""filed"": ""2025-02-11"", ""fiscal_period"": ""FY"", ""form"": ""10-K"", ""frame"": """"}, ""locator"": {""concept"": ""Revenues"", ""fact_id"": ""fact:sha256:bfaeba3174709c79421d56ed7d00e1b2064c30a0cbf613ea2ed06ea00acb1556"", ""period_end"": ""2024-12-31"", ""period_start"": ""2024-01-01""}, ""verified_claim_id"": ""sha256:c181916611289c5e1c43690b8ed100773e3c0c57573e9f713615f4cbaf33f051""}",USD,2024-01-01,2024-12-31,,25100000000,"Parsed source fact: {""locator"": {""concept"": ""Revenues"", ""fact_id"": ""fact:sha256:bfaeba3174709c79421d56ed7d00e1b2064c30a0cbf613ea2ed06ea00acb1556"", ""period_end"": ""2024-12-31"", ""period_start"": ""2024-01-01""}, ""unit"": ""USD"", ""value"": ""25100000000""}",ordinary_native_source_projection,ordinary_projection_v1,marriott_international,run:ordinary-integrated:4db8ce1d085257cab2115cc069edda7a7a5b0e2cb332398a195fafe1c427f90b,sha256:deeb79872c6006a9af38c7fd13fd3d03ed783eaef9060501fa8a34ef113866b8,issue_54_v4,sha256:7e577402fa98974628bf613a3a82e66d79f55385ccce117ea5d1f0cd11d49fa2,sha256:671a25cd86baceec0cd20a6be08cbb225328ce65bf46e91fb435a80ca39da4d9,sha256:7050dd9ee6cfd0e50cbe3e2d694b6b1131c8fcc498d95579b41751fed7f3c896,sha256:7050dd9ee6cfd0e50cbe3e2d694b6b1131c8fcc498d95579b41751fed7f3c896,,,True,MATCHED,REPLAY_VERIFIED_CONTENT_NOT_ACCEPTED,NO_SOURCE_CONTENT_CHANGE,NO_SOURCE_CONTENT_CHANGE,True,VERIFIED_SEC_ACQUISITION,,native/B02/88a6783d152741dbb7d8bf1cfe0e5c76,RUN_ARCHIVE_COORDINATE,2025-01-01,2025-12-31,2025,2025-01-01,2025-12-31,NATIVE_REPLAY_VERIFIED,[]
Marriott International,1048286,B03,https://data.sec.gov/api/xbrl/companyfacts/CIK0001048286.json,evidence/request_attempts/af/af2fea717f696acfa6f5f2436aa6e4175c3c56ab1628a2e3198964300f32422a/CIK0001048286.json,af2fea717f696acfa6f5f2436aa6e4175c3c56ab1628a2e3198964300f32422a,0001048286-26-000007,CIK0001048286.json,Revenues,"{""source_binding"": {""accession"": ""0001048286-26-000007"", ""concept"": ""us-gaap:Revenues"", ""document_name"": ""CIK0001048286.json"", ""duration_days"": 365, ""entity"": ""1048286"", ""fact_id"": ""fact:sha256:640d9a21651aece0a442d56ed33584b1de816baa0a4cbeb0b717c112ca0c878a"", ""filed"": ""2026-02-10"", ""fiscal_period"": ""FY"", ""form"": ""10-K"", ""frame"": ""CY2025"", ""raw_asset_id"": ""sha256:af2fea717f696acfa6f5f2436aa6e4175c3c56ab1628a2e3198964300f32422a"", ""source_reference_id"": ""sha256:3109bea68ae11f5e3c6ebd77114cda1d6f17d60e772b2630baffdb2639c483e9"", ""source_role"": ""companyfacts""}, ""source_cells"": []}",USD,2025-01-01,2025-12-31,,26186000000,Normalized source-derived observation: Revenues=26186000000 unit=USD accn=0001048286-26-000007 filed=2026-02-10,ordinary_native_source_projection,ordinary_projection_v1,marriott_international,run:ordinary-integrated:146a8918cc9f7432659c9d97da9c1f06453db2072bb0e3e42fa665d25064c275,sha256:3043aa63cbf7616f9866fb93b8f69200a2246a33dfec8f1d09502a34af39a72a,issue_54_v4,sha256:7e577402fa98974628bf613a3a82e66d79f55385ccce117ea5d1f0cd11d49fa2,sha256:671a25cd86baceec0cd20a6be08cbb225328ce65bf46e91fb435a80ca39da4d9,sha256:7050dd9ee6cfd0e50cbe3e2d694b6b1131c8fcc498d95579b41751fed7f3c896,sha256:7050dd9ee6cfd0e50cbe3e2d694b6b1131c8fcc498d95579b41751fed7f3c896,,,True,MATCHED,REPLAY_VERIFIED_CONTENT_NOT_ACCEPTED,NO_SOURCE_CONTENT_CHANGE,NO_SOURCE_CONTENT_CHANGE,True,VERIFIED_SEC_ACQUISITION,,native/B03/198c6f604c4d446f9c24b34d85c36f44,RUN_ARCHIVE_COORDINATE,2025-01-01,2025-12-31,2025,2025-01-01,2025-12-31,NATIVE_REPLAY_VERIFIED,[]
Marriott International,1048286,B03,https://data.sec.gov/api/xbrl/companyfacts/CIK0001048286.json,evidence/request_attempts/af/af2fea717f696acfa6f5f2436aa6e4175c3c56ab1628a2e3198964300f32422a/CIK0001048286.json,af2fea717f696acfa6f5f2436aa6e4175c3c56ab1628a2e3198964300f32422a,0001048286-26-000007,CIK0001048286.json,OperatingIncomeLoss,"{""source_binding"": {""accession"": ""0001048286-26-000007"", ""concept"": ""us-gaap:OperatingIncomeLoss"", ""document_name"": ""CIK0001048286.json"", ""duration_days"": 365, ""entity"": ""1048286"", ""fact_id"": ""fact:sha256:79f30d07ac38870a6a9e0311fa4c719f86df495b14dcc8305d482bd0fa95c593"", ""filed"": ""2026-02-10"", ""fiscal_period"": ""FY"", ""form"": ""10-K"", ""frame"": ""CY2025"", ""raw_asset_id"": ""sha256:af2fea717f696acfa6f5f2436aa6e4175c3c56ab1628a2e3198964300f32422a"", ""source_reference_id"": ""sha256:3109bea68ae11f5e3c6ebd77114cda1d6f17d60e772b2630baffdb2639c483e9"", ""source_role"": ""companyfacts""}, ""source_cells"": []}",USD,2025-01-01,2025-12-31,,4141000000,Normalized source-derived observation: OperatingIncomeLoss=4141000000 unit=USD accn=0001048286-26-000007 filed=2026-02-10,ordinary_native_source_projection,ordinary_projection_v1,marriott_international,run:ordinary-integrated:146a8918cc9f7432659c9d97da9c1f06453db2072bb0e3e42fa665d25064c275,sha256:3043aa63cbf7616f9866fb93b8f69200a2246a33dfec8f1d09502a34af39a72a,issue_54_v4,sha256:7e577402fa98974628bf613a3a82e66d79f55385ccce117ea5d1f0cd11d49fa2,sha256:671a25cd86baceec0cd20a6be08cbb225328ce65bf46e91fb435a80ca39da4d9,sha256:7050dd9ee6cfd0e50cbe3e2d694b6b1131c8fcc498d95579b41751fed7f3c896,sha256:7050dd9ee6cfd0e50cbe3e2d694b6b1131c8fcc498d95579b41751fed7f3c896,,,True,MATCHED,REPLAY_VERIFIED_CONTENT_NOT_ACCEPTED,NO_SOURCE_CONTENT_CHANGE,NO_SOURCE_CONTENT_CHANGE,True,VERIFIED_SEC_ACQUISITION,,native/B03/198c6f604c4d446f9c24b34d85c36f44,RUN_ARCHIVE_COORDINATE,2025-01-01,2025-12-31,2025,2025-01-01,2025-12-31,NATIVE_REPLAY_VERIFIED,[]
Marriott International,1048286,B03,https://data.sec.gov/api/xbrl/companyfacts/CIK0001048286.json,evidence/request_attempts/af/af2fea717f696acfa6f5f2436aa6e4175c3c56ab1628a2e3198964300f32422a/CIK0001048286.json,af2fea717f696acfa6f5f2436aa6e4175c3c56ab1628a2e3198964300f32422a,0001048286-26-000007,CIK0001048286.json,Depreciation,"{""source_binding"": {""accession"": ""0001048286-26-000007"", ""concept"": ""us-gaap:Depreciation"", ""document_name"": ""CIK0001048286.json"", ""duration_days"": 365, ""entity"": ""1048286"", ""fact_id"": ""fact:sha256:7f1dae153dae374c696711307891d4411e2e663aecab0535a60afb94f67ff554"", ""filed"": ""2026-02-10"", ""fiscal_period"": ""FY"", ""form"": ""10-K"", ""frame"": ""CY2025"", ""raw_asset_id"": ""sha256:af2fea717f696acfa6f5f2436aa6e4175c3c56ab1628a2e3198964300f32422a"", ""source_reference_id"": ""sha256:3109bea68ae11f5e3c6ebd77114cda1d6f17d60e772b2630baffdb2639c483e9"", ""source_role"": ""companyfacts""}, ""source_cells"": []}",USD,2025-01-01,2025-12-31,,145000000,Normalized source-derived observation: Depreciation=145000000 unit=USD accn=0001048286-26-000007 filed=2026-02-10,ordinary_native_source_projection,ordinary_projection_v1,marriott_international,run:ordinary-integrated:146a8918cc9f7432659c9d97da9c1f06453db2072bb0e3e42fa665d25064c275,sha256:3043aa63cbf7616f9866fb93b8f69200a2246a33dfec8f1d09502a34af39a72a,issue_54_v4,sha256:7e577402fa98974628bf613a3a82e66d79f55385ccce117ea5d1f0cd11d49fa2,sha256:671a25cd86baceec0cd20a6be08cbb225328ce65bf46e91fb435a80ca39da4d9,sha256:7050dd9ee6cfd0e50cbe3e2d694b6b1131c8fcc498d95579b41751fed7f3c896,sha256:7050dd9ee6cfd0e50cbe3e2d694b6b1131c8fcc498d95579b41751fed7f3c896,,,True,MATCHED,REPLAY_VERIFIED_CONTENT_NOT_ACCEPTED,NO_SOURCE_CONTENT_CHANGE,NO_SOURCE_CONTENT_CHANGE,True,VERIFIED_SEC_ACQUISITION,,native/B03/198c6f604c4d446f9c24b34d85c36f44,RUN_ARCHIVE_COORDINATE,2025-01-01,2025-12-31,2025,2025-01-01,2025-12-31,NATIVE_REPLAY_VERIFIED,[]
Marriott International,1048286,B03,https://data.sec.gov/api/xbrl/companyfacts/CIK0001048286.json,evidence/request_attempts/af/af2fea717f696acfa6f5f2436aa6e4175c3c56ab1628a2e3198964300f32422a/CIK0001048286.json,af2fea717f696acfa6f5f2436aa6e4175c3c56ab1628a2e3198964300f32422a,0001048286-26-000007,CIK0001048286.json,AmortizationOfIntangibleAssets,"{""source_binding"": {""accession"": ""0001048286-26-000007"", ""concept"": ""us-gaap:AmortizationOfIntangibleAssets"", ""document_name"": ""CIK0001048286.json"", ""duration_days"": 365, ""entity"": ""1048286"", ""fact_id"": ""fact:sha256:dc2d19d98282f8878b0c781a8e3e0153827301adcc5661a55a943b5999c23b9c"", ""filed"": ""2026-02-10"", ""fiscal_period"": ""FY"", ""form"": ""10-K"", ""frame"": ""CY2025"", ""raw_asset_id"": ""sha256:af2fea717f696acfa6f5f2436aa6e4175c3c56ab1628a2e3198964300f32422a"", ""source_reference_id"": ""sha256:3109bea68ae11f5e3c6ebd77114cda1d6f17d60e772b2630baffdb2639c483e9"", ""source_role"": ""companyfacts""}, ""source_cells"": []}",USD,2025-01-01,2025-12-31,,313000000,Normalized source-derived observation: AmortizationOfIntangibleAssets=313000000 unit=USD accn=0001048286-26-000007 filed=2026-02-10,ordinary_native_source_projection,ordinary_projection_v1,marriott_international,run:ordinary-integrated:146a8918cc9f7432659c9d97da9c1f06453db2072bb0e3e42fa665d25064c275,sha256:3043aa63cbf7616f9866fb93b8f69200a2246a33dfec8f1d09502a34af39a72a,issue_54_v4,sha256:7e577402fa98974628bf613a3a82e66d79f55385ccce117ea5d1f0cd11d49fa2,sha256:671a25cd86baceec0cd20a6be08cbb225328ce65bf46e91fb435a80ca39da4d9,sha256:7050dd9ee6cfd0e50cbe3e2d694b6b1131c8fcc498d95579b41751fed7f3c896,sha256:7050dd9ee6cfd0e50cbe3e2d694b6b1131c8fcc498d95579b41751fed7f3c896,,,True,MATCHED,REPLAY_VERIFIED_CONTENT_NOT_ACCEPTED,NO_SOURCE_CONTENT_CHANGE,NO_SOURCE_CONTENT_CHANGE,True,VERIFIED_SEC_ACQUISITION,,native/B03/198c6f604c4d446f9c24b34d85c36f44,RUN_ARCHIVE_COORDINATE,2025-01-01,2025-12-31,2025,2025-01-01,2025-12-31,NATIVE_REPLAY_VERIFIED,[]
Marriott International,1048286,B04,https://data.sec.gov/api/xbrl/companyfacts/CIK0001048286.json,evidence/request_attempts/af/af2fea717f696acfa6f5f2436aa6e4175c3c56ab1628a2e3198964300f32422a/CIK0001048286.json,af2fea717f696acfa6f5f2436aa6e4175c3c56ab1628a2e3198964300f32422a,0001048286-26-000007,CIK0001048286.json,NetIncomeLoss,"{""attributes"": {""accession"": ""0001048286-26-000007"", ""deterministic_router_semantic_version"": ""2"", ""entity"": ""1048286"", ""filed"": ""2026-02-10"", ""fiscal_period"": ""FY"", ""form"": ""10-K"", ""frame"": ""CY2025""}, ""locator"": {""concept"": ""NetIncomeLoss"", ""fact_id"": ""fact:sha256:1f474666fd095084373a06c70acdcb320bee8c4f6ccdbd97744c095707da5357"", ""period_end"": ""2025-12-31"", ""period_start"": ""2025-01-01""}, ""verified_claim_id"": ""sha256:aa47f97d5ca542d8611b88c763b230149fbd24f07b0217790da33ff17f5afba5""}",USD,2025-01-01,2025-12-31,,2601000000,"Parsed source fact: {""locator"": {""concept"": ""NetIncomeLoss"", ""fact_id"": ""fact:sha256:1f474666fd095084373a06c70acdcb320bee8c4f6ccdbd97744c095707da5357"", ""period_end"": ""2025-12-31"", ""period_start"": ""2025-01-01""}, ""unit"": ""USD"", ""value"": ""2601000000""}",ordinary_native_source_projection,ordinary_projection_v1,marriott_international,run:ordinary-integrated:fcc1a1313776e42778caa37d267d47c9f1a743b92cb3fca2ec54f225c621e34a,sha256:d3485438637d57796cdaee8a7b88e4ba91c910e63dbaf0a5c6e00dcc102a592b,issue_54_v4,sha256:7e577402fa98974628bf613a3a82e66d79f55385ccce117ea5d1f0cd11d49fa2,sha256:671a25cd86baceec0cd20a6be08cbb225328ce65bf46e91fb435a80ca39da4d9,sha256:7050dd9ee6cfd0e50cbe3e2d694b6b1131c8fcc498d95579b41751fed7f3c896,sha256:7050dd9ee6cfd0e50cbe3e2d694b6b1131c8fcc498d95579b41751fed7f3c896,,,True,MATCHED,REPLAY_VERIFIED_CONTENT_NOT_ACCEPTED,NO_SOURCE_CONTENT_CHANGE,NO_SOURCE_CONTENT_CHANGE,True,VERIFIED_SEC_ACQUISITION,,native/B04/440cf8c238574d13913fb645949e3765,RUN_ARCHIVE_COORDINATE,2025-01-01,2025-12-31,2025,2025-01-01,2025-12-31,NATIVE_REPLAY_VERIFIED,[]
Marriott International,1048286,B05,https://data.sec.gov/api/xbrl/companyfacts/CIK0001048286.json,evidence/request_attempts/af/af2fea717f696acfa6f5f2436aa6e4175c3c56ab1628a2e3198964300f32422a/CIK0001048286.json,af2fea717f696acfa6f5f2436aa6e4175c3c56ab1628a2e3198964300f32422a,0001048286-26-000007,CIK0001048286.json,NetCashProvidedByUsedInOperatingActivities,"{""attributes"": {""accession"": ""0001048286-26-000007"", ""deterministic_router_semantic_version"": ""2"", ""entity"": ""1048286"", ""filed"": ""2026-02-10"", ""fiscal_period"": ""FY"", ""form"": ""10-K"", ""frame"": ""CY2025""}, ""locator"": {""concept"": ""NetCashProvidedByUsedInOperatingActivities"", ""fact_id"": ""fact:sha256:f68bab7305938bfa57645e90157324fd7c304e39df74c1c953665f8357594299"", ""period_end"": ""2025-12-31"", ""period_start"": ""2025-01-01""}, ""verified_claim_id"": ""sha256:0f03ed764910ea6359bc4a7617f62b59b639677c728578fe2270091f2ba0b313""}",USD,2025-01-01,2025-12-31,,3212000000,"Parsed source fact: {""locator"": {""concept"": ""NetCashProvidedByUsedInOperatingActivities"", ""fact_id"": ""fact:sha256:f68bab7305938bfa57645e90157324fd7c304e39df74c1c953665f8357594299"", ""period_end"": ""2025-12-31"", ""period_start"": ""2025-01-01""}, ""unit"": ""USD"", ""value"": ""3212000000""}",ordinary_native_source_projection,ordinary_projection_v1,marriott_international,run:ordinary-integrated:d6595698087d9d73103b193ee72ecd330a83d5bfea8315bee54b3fb665619c07,sha256:4282aae9758971635d0b8a1cacf3db9e5b756ed0ce77677d65485c78df204b26,issue_54_v4,sha256:7e577402fa98974628bf613a3a82e66d79f55385ccce117ea5d1f0cd11d49fa2,sha256:671a25cd86baceec0cd20a6be08cbb225328ce65bf46e91fb435a80ca39da4d9,sha256:7050dd9ee6cfd0e50cbe3e2d694b6b1131c8fcc498d95579b41751fed7f3c896,sha256:7050dd9ee6cfd0e50cbe3e2d694b6b1131c8fcc498d95579b41751fed7f3c896,,,True,MATCHED,REPLAY_VERIFIED_CONTENT_NOT_ACCEPTED,NO_SOURCE_CONTENT_CHANGE,NO_SOURCE_CONTENT_CHANGE,True,VERIFIED_SEC_ACQUISITION,,native/B05/c06dadb0c31c4a1fbb29d88491fb3bd5,RUN_ARCHIVE_COORDINATE,2025-01-01,2025-12-31,2025,2025-01-01,2025-12-31,NATIVE_REPLAY_VERIFIED,[]
Marriott International,1048286,B05,https://data.sec.gov/api/xbrl/companyfacts/CIK0001048286.json,evidence/request_attempts/af/af2fea717f696acfa6f5f2436aa6e4175c3c56ab1628a2e3198964300f32422a/CIK0001048286.json,af2fea717f696acfa6f5f2436aa6e4175c3c56ab1628a2e3198964300f32422a,0001048286-26-000007,CIK0001048286.json,PaymentsToAcquireProductiveAssets,"{""attributes"": {""accession"": ""0001048286-26-000007"", ""deterministic_router_semantic_version"": ""2"", ""entity"": ""1048286"", ""filed"": ""2026-02-10"", ""fiscal_period"": ""FY"", ""form"": ""10-K"", ""frame"": ""CY2025""}, ""locator"": {""concept"": ""PaymentsToAcquireProductiveAssets"", ""fact_id"": ""fact:sha256:ca61ac2eb9865afdf5784656dd009d747bed942a57535e8c7129ff247b6e5610"", ""period_end"": ""2025-12-31"", ""period_start"": ""2025-01-01""}, ""verified_claim_id"": ""sha256:75e6d40705fe5988f67972ce74db21d10a9bdc5353abd05b8b06c76c36ad9b92""}",USD,2025-01-01,2025-12-31,,604000000,"Parsed source fact: {""locator"": {""concept"": ""PaymentsToAcquireProductiveAssets"", ""fact_id"": ""fact:sha256:ca61ac2eb9865afdf5784656dd009d747bed942a57535e8c7129ff247b6e5610"", ""period_end"": ""2025-12-31"", ""period_start"": ""2025-01-01""}, ""unit"": ""USD"", ""value"": ""604000000""}",ordinary_native_source_projection,ordinary_projection_v1,marriott_international,run:ordinary-integrated:d6595698087d9d73103b193ee72ecd330a83d5bfea8315bee54b3fb665619c07,sha256:4282aae9758971635d0b8a1cacf3db9e5b756ed0ce77677d65485c78df204b26,issue_54_v4,sha256:7e577402fa98974628bf613a3a82e66d79f55385ccce117ea5d1f0cd11d49fa2,sha256:671a25cd86baceec0cd20a6be08cbb225328ce65bf46e91fb435a80ca39da4d9,sha256:7050dd9ee6cfd0e50cbe3e2d694b6b1131c8fcc498d95579b41751fed7f3c896,sha256:7050dd9ee6cfd0e50cbe3e2d694b6b1131c8fcc498d95579b41751fed7f3c896,,,True,MATCHED,REPLAY_VERIFIED_CONTENT_NOT_ACCEPTED,NO_SOURCE_CONTENT_CHANGE,NO_SOURCE_CONTENT_CHANGE,True,VERIFIED_SEC_ACQUISITION,,native/B05/c06dadb0c31c4a1fbb29d88491fb3bd5,RUN_ARCHIVE_COORDINATE,2025-01-01,2025-12-31,2025,2025-01-01,2025-12-31,NATIVE_REPLAY_VERIFIED,[]
Marriott International,1048286,B06,https://www.sec.gov/Archives/edgar/data/1048286/000104828626000007/mar-20251231_htm.xml,evidence/request_attempts/39/39cdb4be609ec4e5e081e68f9be2d83cb8cc29c4ba915afa59a4847a24356150/mar-20251231_htm.xml,39cdb4be609ec4e5e081e68f9be2d83cb8cc29c4ba915afa59a4847a24356150,0001048286-26-000007,mar-20251231_htm.xml,StockholdersEquity,"{""source_binding"": {""accession"": ""0001048286-26-000007"", ""concept"": ""us-gaap:StockholdersEquity"", ""denominator_proof_hash"": ""sha256:f93e5fcf7e2eedc4501dcfdfe2087c43d84d365c7410a50de32f81399117f86c"", ""document_name"": ""mar-20251231_htm.xml"", ""entity"": ""1048286"", ""filed"": ""2026-02-10"", ""form"": ""10-K"", ""raw_asset_id"": ""sha256:39cdb4be609ec4e5e081e68f9be2d83cb8cc29c4ba915afa59a4847a24356150"", ""reported_decimals"": ""-6"", ""source_reference_id"": ""sha256:6139c18acde58b3ba5aff86a1debd212c1fade31d2ba8a0ce35a748947694a07"", ""source_role"": ""auditor_facts"", ""xbrl_context_ref"": ""c-24"", ""xbrl_fact_ordinal"": 219}, ""source_cells"": []}",USD,2025-12-31,2025-12-31,,-3771000000,Normalized source-derived observation: StockholdersEquity=-3771000000 unit=USD accn=0001048286-26-000007 filed=2026-02-10,native_verified_observation_projection,normal_numeric_projection_v1,marriott_international,run:ordinary-integrated:f97bb1998555949b6e9c751f807c94b8c01170a95da63b4eceb399c4549186a1,sha256:fcc430e45d29dd0bb8f890709c5abb137ce3c5cd3d780657d4e1a9db23498f1f,issue_54_v4,sha256:7e577402fa98974628bf613a3a82e66d79f55385ccce117ea5d1f0cd11d49fa2,sha256:671a25cd86baceec0cd20a6be08cbb225328ce65bf46e91fb435a80ca39da4d9,sha256:7050dd9ee6cfd0e50cbe3e2d694b6b1131c8fcc498d95579b41751fed7f3c896,sha256:7050dd9ee6cfd0e50cbe3e2d694b6b1131c8fcc498d95579b41751fed7f3c896,,,True,MATCHED,REPLAY_VERIFIED_CONTENT_NOT_ACCEPTED,NO_SOURCE_CONTENT_CHANGE,NO_SOURCE_CONTENT_CHANGE,True,VERIFIED_SEC_ACQUISITION,,native/B06/c802a858f62743129654959e5b501caf,RUN_ARCHIVE_COORDINATE,2025-12-31,2025-12-31,2025,2025-12-31,2025-12-31,NATIVE_REPLAY_VERIFIED,[]
Marriott International,1048286,B07,https://data.sec.gov/api/xbrl/companyfacts/CIK0001048286.json,evidence/request_attempts/af/af2fea717f696acfa6f5f2436aa6e4175c3c56ab1628a2e3198964300f32422a/CIK0001048286.json,af2fea717f696acfa6f5f2436aa6e4175c3c56ab1628a2e3198964300f32422a,0001048286-26-000007,CIK0001048286.json,OperatingIncomeLoss,"{""attributes"": {""accession"": ""0001048286-26-000007"", ""deterministic_router_semantic_version"": ""2"", ""entity"": ""1048286"", ""filed"": ""2026-02-10"", ""fiscal_period"": ""FY"", ""form"": ""10-K"", ""frame"": ""CY2025""}, ""locator"": {""concept"": ""OperatingIncomeLoss"", ""fact_id"": ""fact:sha256:79f30d07ac38870a6a9e0311fa4c719f86df495b14dcc8305d482bd0fa95c593"", ""period_end"": ""2025-12-31"", ""period_start"": ""2025-01-01""}, ""verified_claim_id"": ""sha256:27366c91a359901d32284ae8301b2a36b7bd49434ba496d37dd4289cf775677a""}",USD,2025-01-01,2025-12-31,,4141000000,"Parsed source fact: {""locator"": {""concept"": ""OperatingIncomeLoss"", ""fact_id"": ""fact:sha256:79f30d07ac38870a6a9e0311fa4c719f86df495b14dcc8305d482bd0fa95c593"", ""period_end"": ""2025-12-31"", ""period_start"": ""2025-01-01""}, ""unit"": ""USD"", ""value"": ""4141000000""}",ordinary_native_source_projection,ordinary_projection_v1,marriott_international,run:ordinary-integrated:2f8abdc651175f939e66d1f36f9156619c47aa31c324844c3872b3a1e22f232a,sha256:ed405c6e15ae7ba817408e210e59295493a13a69ae5fa953d6d653680faf156d,issue_54_v4,sha256:7e577402fa98974628bf613a3a82e66d79f55385ccce117ea5d1f0cd11d49fa2,sha256:671a25cd86baceec0cd20a6be08cbb225328ce65bf46e91fb435a80ca39da4d9,sha256:7050dd9ee6cfd0e50cbe3e2d694b6b1131c8fcc498d95579b41751fed7f3c896,sha256:7050dd9ee6cfd0e50cbe3e2d694b6b1131c8fcc498d95579b41751fed7f3c896,,,True,MATCHED,REPLAY_VERIFIED_CONTENT_NOT_ACCEPTED,NO_SOURCE_CONTENT_CHANGE,NO_SOURCE_CONTENT_CHANGE,True,VERIFIED_SEC_ACQUISITION,,native/B07/ac6b1829c6e04f79a59d22250f990ec5,RUN_ARCHIVE_COORDINATE,2025-01-01,2025-12-31,2025,2025-01-01,2025-12-31,NATIVE_REPLAY_VERIFIED,[]
Marriott International,1048286,B07,https://data.sec.gov/api/xbrl/companyfacts/CIK0001048286.json,evidence/request_attempts/af/af2fea717f696acfa6f5f2436aa6e4175c3c56ab1628a2e3198964300f32422a/CIK0001048286.json,af2fea717f696acfa6f5f2436aa6e4175c3c56ab1628a2e3198964300f32422a,0001048286-26-000007,CIK0001048286.json,InterestExpenseNonoperating,"{""attributes"": {""accession"": ""0001048286-26-000007"", ""deterministic_router_semantic_version"": ""2"", ""entity"": ""1048286"", ""filed"": ""2026-02-10"", ""fiscal_period"": ""FY"", ""form"": ""10-K"", ""frame"": ""CY2025""}, ""locator"": {""concept"": ""InterestExpenseNonoperating"", ""fact_id"": ""fact:sha256:a8475280437801a20dae35cfd2c314bcd93b6d82f1ab9f98cb1107fc8430b827"", ""period_end"": ""2025-12-31"", ""period_start"": ""2025-01-01""}, ""verified_claim_id"": ""sha256:7bc04de2592084543484e2068ae734d0102696567dc20c3c9e60d4a0110889e0""}",USD,2025-01-01,2025-12-31,,809000000,"Parsed source fact: {""locator"": {""concept"": ""InterestExpenseNonoperating"", ""fact_id"": ""fact:sha256:a8475280437801a20dae35cfd2c314bcd93b6d82f1ab9f98cb1107fc8430b827"", ""period_end"": ""2025-12-31"", ""period_start"": ""2025-01-01""}, ""unit"": ""USD"", ""value"": ""809000000""}",ordinary_native_source_projection,ordinary_projection_v1,marriott_international,run:ordinary-integrated:2f8abdc651175f939e66d1f36f9156619c47aa31c324844c3872b3a1e22f232a,sha256:ed405c6e15ae7ba817408e210e59295493a13a69ae5fa953d6d653680faf156d,issue_54_v4,sha256:7e577402fa98974628bf613a3a82e66d79f55385ccce117ea5d1f0cd11d49fa2,sha256:671a25cd86baceec0cd20a6be08cbb225328ce65bf46e91fb435a80ca39da4d9,sha256:7050dd9ee6cfd0e50cbe3e2d694b6b1131c8fcc498d95579b41751fed7f3c896,sha256:7050dd9ee6cfd0e50cbe3e2d694b6b1131c8fcc498d95579b41751fed7f3c896,,,True,MATCHED,REPLAY_VERIFIED_CONTENT_NOT_ACCEPTED,NO_SOURCE_CONTENT_CHANGE,NO_SOURCE_CONTENT_CHANGE,True,VERIFIED_SEC_ACQUISITION,,native/B07/ac6b1829c6e04f79a59d22250f990ec5,RUN_ARCHIVE_COORDINATE,2025-01-01,2025-12-31,2025,2025-01-01,2025-12-31,NATIVE_REPLAY_VERIFIED,[]
Marriott International,1048286,B08,https://data.sec.gov/api/xbrl/companyfacts/CIK0001048286.json,evidence/request_attempts/af/af2fea717f696acfa6f5f2436aa6e4175c3c56ab1628a2e3198964300f32422a/CIK0001048286.json,af2fea717f696acfa6f5f2436aa6e4175c3c56ab1628a2e3198964300f32422a,0001048286-26-000007,CIK0001048286.json,AssetsCurrent,"{""attributes"": {""accession"": ""0001048286-26-000007"", ""deterministic_router_semantic_version"": ""2"", ""entity"": ""1048286"", ""filed"": ""2026-02-10"", ""fiscal_period"": ""FY"", ""form"": ""10-K"", ""frame"": """"}, ""locator"": {""concept"": ""AssetsCurrent"", ""fact_id"": ""fact:sha256:f839bf5106fe57140972b43a28cdb96398fc6c2959a6682ad83c5d9027a1e118"", ""period_end"": ""2025-12-31"", ""period_start"": ""2025-12-31""}, ""verified_claim_id"": ""sha256:f364830702ba353ebe8f82dc843d7f2afbe88e7b653f884e882955e57855f227""}",USD,2025-12-31,2025-12-31,,3584000000,"Parsed source fact: {""locator"": {""concept"": ""AssetsCurrent"", ""fact_id"": ""fact:sha256:f839bf5106fe57140972b43a28cdb96398fc6c2959a6682ad83c5d9027a1e118"", ""period_end"": ""2025-12-31"", ""period_start"": ""2025-12-31""}, ""unit"": ""USD"", ""value"": ""3584000000""}",ordinary_native_source_projection,ordinary_projection_v1,marriott_international,run:ordinary-integrated:ad372cee4834ff4c680f0f61fb7635953ff4acaf0b9b4cf60964dc555a59bba9,sha256:3dcbb078f8f175413fa17db5c0e9b49e61ef16a2f5f34e2d5ecc8ff22de344fd,issue_54_v4,sha256:7e577402fa98974628bf613a3a82e66d79f55385ccce117ea5d1f0cd11d49fa2,sha256:671a25cd86baceec0cd20a6be08cbb225328ce65bf46e91fb435a80ca39da4d9,sha256:7050dd9ee6cfd0e50cbe3e2d694b6b1131c8fcc498d95579b41751fed7f3c896,sha256:7050dd9ee6cfd0e50cbe3e2d694b6b1131c8fcc498d95579b41751fed7f3c896,,,True,MATCHED,REPLAY_VERIFIED_CONTENT_NOT_ACCEPTED,NO_SOURCE_CONTENT_CHANGE,NO_SOURCE_CONTENT_CHANGE,True,VERIFIED_SEC_ACQUISITION,,native/B08/5757d7ba44514862b7faec0ddbb56535,RUN_ARCHIVE_COORDINATE,2025-12-31,2025-12-31,2025,2025-12-31,2025-12-31,NATIVE_REPLAY_VERIFIED,[]
Marriott International,1048286,B08,https://data.sec.gov/api/xbrl/companyfacts/CIK0001048286.json,evidence/request_attempts/af/af2fea717f696acfa6f5f2436aa6e4175c3c56ab1628a2e3198964300f32422a/CIK0001048286.json,af2fea717f696acfa6f5f2436aa6e4175c3c56ab1628a2e3198964300f32422a,0001048286-26-000007,CIK0001048286.json,LiabilitiesCurrent,"{""attributes"": {""accession"": ""0001048286-26-000007"", ""deterministic_router_semantic_version"": ""2"", ""entity"": ""1048286"", ""filed"": ""2026-02-10"", ""fiscal_period"": ""FY"", ""form"": ""10-K"", ""frame"": """"}, ""locator"": {""concept"": ""LiabilitiesCurrent"", ""fact_id"": ""fact:sha256:c9e00c0a5e05bca42dcdd8c0bdfc41ec48dbd8aadead5167372b1717bafdff07"", ""period_end"": ""2025-12-31"", ""period_start"": ""2025-12-31""}, ""verified_claim_id"": ""sha256:449f765b9349f26e05e86ccfeca4c14c3f34b16db22c4b06f3a089e86d7f2415""}",USD,2025-12-31,2025-12-31,,8398000000,"Parsed source fact: {""locator"": {""concept"": ""LiabilitiesCurrent"", ""fact_id"": ""fact:sha256:c9e00c0a5e05bca42dcdd8c0bdfc41ec48dbd8aadead5167372b1717bafdff07"", ""period_end"": ""2025-12-31"", ""period_start"": ""2025-12-31""}, ""unit"": ""USD"", ""value"": ""8398000000""}",ordinary_native_source_projection,ordinary_projection_v1,marriott_international,run:ordinary-integrated:ad372cee4834ff4c680f0f61fb7635953ff4acaf0b9b4cf60964dc555a59bba9,sha256:3dcbb078f8f175413fa17db5c0e9b49e61ef16a2f5f34e2d5ecc8ff22de344fd,issue_54_v4,sha256:7e577402fa98974628bf613a3a82e66d79f55385ccce117ea5d1f0cd11d49fa2,sha256:671a25cd86baceec0cd20a6be08cbb225328ce65bf46e91fb435a80ca39da4d9,sha256:7050dd9ee6cfd0e50cbe3e2d694b6b1131c8fcc498d95579b41751fed7f3c896,sha256:7050dd9ee6cfd0e50cbe3e2d694b6b1131c8fcc498d95579b41751fed7f3c896,,,True,MATCHED,REPLAY_VERIFIED_CONTENT_NOT_ACCEPTED,NO_SOURCE_CONTENT_CHANGE,NO_SOURCE_CONTENT_CHANGE,True,VERIFIED_SEC_ACQUISITION,,native/B08/5757d7ba44514862b7faec0ddbb56535,RUN_ARCHIVE_COORDINATE,2025-12-31,2025-12-31,2025,2025-12-31,2025-12-31,NATIVE_REPLAY_VERIFIED,[]
Marriott International,1048286,B09,https://data.sec.gov/api/xbrl/companyfacts/CIK0001048286.json,evidence/request_attempts/af/af2fea717f696acfa6f5f2436aa6e4175c3c56ab1628a2e3198964300f32422a/CIK0001048286.json,af2fea717f696acfa6f5f2436aa6e4175c3c56ab1628a2e3198964300f32422a,0001048286-26-000007,CIK0001048286.json,CashAndCashEquivalentsAtCarryingValue,"{""attributes"": {""accession"": ""0001048286-26-000007"", ""deterministic_router_semantic_version"": ""2"", ""entity"": ""1048286"", ""filed"": ""2026-02-10"", ""fiscal_period"": ""FY"", ""form"": ""10-K"", ""frame"": """"}, ""locator"": {""concept"": ""CashAndCashEquivalentsAtCarryingValue"", ""fact_id"": ""fact:sha256:e5626f544bf30a8a659aebb031e054da00bdaaf4e804a195faf9b56245b4a6be"", ""period_end"": ""2025-12-31"", ""period_start"": ""2025-12-31""}, ""verified_claim_id"": ""sha256:1cf333cc7625946211f01a0351774eede846a52a99273afdf5ca9615169ef71d""}",USD,2025-12-31,2025-12-31,,358000000,"Parsed source fact: {""locator"": {""concept"": ""CashAndCashEquivalentsAtCarryingValue"", ""fact_id"": ""fact:sha256:e5626f544bf30a8a659aebb031e054da00bdaaf4e804a195faf9b56245b4a6be"", ""period_end"": ""2025-12-31"", ""period_start"": ""2025-12-31""}, ""unit"": ""USD"", ""value"": ""358000000""}",ordinary_native_source_projection,ordinary_projection_v1,marriott_international,run:ordinary-integrated:d6c2c5fd9738db0c4b04afe7d4ed9a43bbc4fe6d7d8cf44034dbf0336d83d4c9,sha256:32c4b836060f77a9cd2e354d5267b208d6650870aacbb84da8feeac61d0c1d3b,issue_54_v4,sha256:7e577402fa98974628bf613a3a82e66d79f55385ccce117ea5d1f0cd11d49fa2,sha256:671a25cd86baceec0cd20a6be08cbb225328ce65bf46e91fb435a80ca39da4d9,sha256:7050dd9ee6cfd0e50cbe3e2d694b6b1131c8fcc498d95579b41751fed7f3c896,sha256:7050dd9ee6cfd0e50cbe3e2d694b6b1131c8fcc498d95579b41751fed7f3c896,,,True,MATCHED,REPLAY_VERIFIED_CONTENT_NOT_ACCEPTED,NO_SOURCE_CONTENT_CHANGE,NO_SOURCE_CONTENT_CHANGE,True,VERIFIED_SEC_ACQUISITION,,native/B09/7c5763da622442dfac2ca1818567add8,RUN_ARCHIVE_COORDINATE,2025-12-31,2025-12-31,2025,2025-12-31,2025-12-31,NATIVE_REPLAY_VERIFIED,[]
Marriott International,1048286,B10,https://www.sec.gov/Archives/edgar/data/1048286/000104828626000007/mar-20251231.htm,evidence/request_attempts/06/06cb3fb91679730cf46c8687bf9a821b6533c4e518a0f9f60d14fa57afb96505/mar-20251231.htm,06cb3fb91679730cf46c8687bf9a821b6533c4e518a0f9f60d14fa57afb96505,0001048286-26-000007,mar-20251231.htm,Occupancy rate,"{""source_binding"": {""accession"": ""0001048286-26-000007"", ""derived_asset_id"": ""sha256:59fbd0cb00f2288ceb2724e212b6af48a84c5d221328f1188bfff44f4dab9d19"", ""document_name"": ""mar-20251231.htm"", ""entity"": ""1048286"", ""filed"": ""2026-02-10"", ""form"": ""10-K"", ""ordinary_source_policy_hash"": ""sha256:a1a4ab2cdf27d574a17e9f3672f6a318890f13ddf28d5c5500aa26a10cf7e81b"", ""period_basis"": ""EXPLICIT_TABLE_INTRODUCTION_YEAR_AND_COLUMN_WITH_LOCAL_QUALIFIER_CHECK"", ""raw_asset_id"": ""sha256:06cb3fb91679730cf46c8687bf9a821b6533c4e518a0f9f60d14fa57afb96505"", ""reported_raw_text"": ""69.3&#160;"", ""reported_unit"": ""%"", ""reported_value"": ""69.3"", ""source_component_id"": ""sha256:bce835c92b6f4392918a62cf590fd5648fb96c03bdef7cf2afebb13127df8041"", ""source_reference_id"": ""sha256:43cecd37c71017d106d9d30426fada653a5dc490023ddb67da4339c07c48fc4e"", ""source_role"": ""target_primary"", ""source_witnesses"": {""amount"": {""grid_sha256"": ""sha256:8e270aaf65de0b1214a11498d00478194f814d1fb686b0638679eb24cb1e23cf"", ""locator"": {""colspan"": 2, ""column_index"": 15, ""derived_asset_id"": ""sha256:59fbd0cb00f2288ceb2724e212b6af48a84c5d221328f1188bfff44f4dab9d19"", ""origin_column_index"": 15, ""origin_row_index"": 26, ""row_index"": 26, ""rowspan"": 1, ""table_id"": ""table_000011""}, ""raw_text"": ""69.3&#160;"", ""text"": ""69.3""}, ""geography"": {""grid_sha256"": ""sha256:8e270aaf65de0b1214a11498d00478194f814d1fb686b0638679eb24cb1e23cf"", ""locator"": {""colspan"": 3, ""column_index"": 0, ""derived_asset_id"": ""sha256:59fbd0cb00f2288ceb2724e212b6af48a84c5d221328f1188bfff44f4dab9d19"", ""origin_column_index"": 0, ""origin_row_index"": 26, ""row_index"": 26, ""rowspan"": 1, ""table_id"": ""table_000011""}, ""raw_text"": ""\nWorldwide (2)"", ""text"": ""Worldwide (2)""}, ""measure"": {""grid_sha256"": ""sha256:8e270aaf65de0b1214a11498d00478194f814d1fb686b0638679eb24cb1e23cf"", ""locator"": {""colspan"": 12, ""column_index"": 15, ""derived_asset_id"": ""sha256:59fbd0cb00f2288ceb2724e212b6af48a84c5d221328f1188bfff44f4dab9d19"", ""origin_column_index"": 15, ""origin_row_index"": 3, ""row_index"": 3, ""rowspan"": 1, ""table_id"": ""table_000011""}, ""raw_text"": ""Occupancy"", ""text"": ""Occupancy""}, ""population_and_operating_scope"": {""grid_sha256"": ""sha256:8e270aaf65de0b1214a11498d00478194f814d1fb686b0638679eb24cb1e23cf"", ""locator"": {""colspan"": 3, ""column_index"": 0, ""derived_asset_id"": ""sha256:59fbd0cb00f2288ceb2724e212b6af48a84c5d221328f1188bfff44f4dab9d19"", ""origin_column_index"": 0, ""origin_row_index"": 18, ""row_index"": 18, ""rowspan"": 1, ""table_id"": ""table_000011""}, ""raw_text"": ""Comparable Systemwide Properties"", ""text"": ""Comparable Systemwide Properties""}, ""unit"": {""grid_sha256"": ""sha256:8e270aaf65de0b1214a11498d00478194f814d1fb686b0638679eb24cb1e23cf"", ""locator"": {""colspan"": 1, ""column_index"": 17, ""derived_asset_id"": ""sha256:59fbd0cb00f2288ceb2724e212b6af48a84c5d221328f1188bfff44f4dab9d19"", ""origin_column_index"": 17, ""origin_row_index"": 26, ""row_index"": 26, ""rowspan"": 1, ""table_id"": ""table_000011""}, ""raw_text"": ""%"", ""text"": ""%""}, ""year"": {""grid_sha256"": ""sha256:8e270aaf65de0b1214a11498d00478194f814d1fb686b0638679eb24cb1e23cf"", ""locator"": {""colspan"": 3, ""column_index"": 15, ""derived_asset_id"": ""sha256:59fbd0cb00f2288ceb2724e212b6af48a84c5d221328f1188bfff44f4dab9d19"", ""origin_column_index"": 15, ""origin_row_index"": 4, ""row_index"": 4, ""rowspan"": 1, ""table_id"": ""table_000011""}, ""raw_text"": ""2025"", ""text"": ""2025""}}, ""table_locator"": {""colspan"": 2, ""column_index"": 15, ""derived_asset_id"": ""sha256:59fbd0cb00f2288ceb2724e212b6af48a84c5d221328f1188bfff44f4dab9d19"", ""origin_column_index"": 15, ""origin_row_index"": 26, ""row_index"": 26, ""rowspan"": 1, ""table_id"": ""table_000011""}}, ""source_cells"": {""amount"": {""grid_sha256"": ""sha256:8e270aaf65de0b1214a11498d00478194f814d1fb686b0638679eb24cb1e23cf"", ""locator"": {""colspan"": 2, ""column_index"": 15, ""derived_asset_id"": ""sha256:59fbd0cb00f2288ceb2724e212b6af48a84c5d221328f1188bfff44f4dab9d19"", ""origin_column_index"": 15, ""origin_row_index"": 26, ""row_index"": 26, ""rowspan"": 1, ""table_id"": ""table_000011""}, ""raw_text"": ""69.3&#160;"", ""text"": ""69.3""}, ""geography"": {""grid_sha256"": ""sha256:8e270aaf65de0b1214a11498d00478194f814d1fb686b0638679eb24cb1e23cf"", ""locator"": {""colspan"": 3, ""column_index"": 0, ""derived_asset_id"": ""sha256:59fbd0cb00f2288ceb2724e212b6af48a84c5d221328f1188bfff44f4dab9d19"", ""origin_column_index"": 0, ""origin_row_index"": 26, ""row_index"": 26, ""rowspan"": 1, ""table_id"": ""table_000011""}, ""raw_text"": ""\nWorldwide (2)"", ""text"": ""Worldwide (2)""}, ""measure"": {""grid_sha256"": ""sha256:8e270aaf65de0b1214a11498d00478194f814d1fb686b0638679eb24cb1e23cf"", ""locator"": {""colspan"": 12, ""column_index"": 15, ""derived_asset_id"": ""sha256:59fbd0cb00f2288ceb2724e212b6af48a84c5d221328f1188bfff44f4dab9d19"", ""origin_column_index"": 15, ""origin_row_index"": 3, ""row_index"": 3, ""rowspan"": 1, ""table_id"": ""table_000011""}, ""raw_text"": ""Occupancy"", ""text"": ""Occupancy""}, ""population_and_operating_scope"": {""grid_sha256"": ""sha256:8e270aaf65de0b1214a11498d00478194f814d1fb686b0638679eb24cb1e23cf"", ""locator"": {""colspan"": 3, ""column_index"": 0, ""derived_asset_id"": ""sha256:59fbd0cb00f2288ceb2724e212b6af48a84c5d221328f1188bfff44f4dab9d19"", ""origin_column_index"": 0, ""origin_row_index"": 18, ""row_index"": 18, ""rowspan"": 1, ""table_id"": ""table_000011""}, ""raw_text"": ""Comparable Systemwide Properties"", ""text"": ""Comparable Systemwide Properties""}, ""unit"": {""grid_sha256"": ""sha256:8e270aaf65de0b1214a11498d00478194f814d1fb686b0638679eb24cb1e23cf"", ""locator"": {""colspan"": 1, ""column_index"": 17, ""derived_asset_id"": ""sha256:59fbd0cb00f2288ceb2724e212b6af48a84c5d221328f1188bfff44f4dab9d19"", ""origin_column_index"": 17, ""origin_row_index"": 26, ""row_index"": 26, ""rowspan"": 1, ""table_id"": ""table_000011""}, ""raw_text"": ""%"", ""text"": ""%""}, ""year"": {""grid_sha256"": ""sha256:8e270aaf65de0b1214a11498d00478194f814d1fb686b0638679eb24cb1e23cf"", ""locator"": {""colspan"": 3, ""column_index"": 15, ""derived_asset_id"": ""sha256:59fbd0cb00f2288ceb2724e212b6af48a84c5d221328f1188bfff44f4dab9d19"", ""origin_column_index"": 15, ""origin_row_index"": 4, ""row_index"": 4, ""rowspan"": 1, ""table_id"": ""table_000011""}, ""raw_text"": ""2025"", ""text"": ""2025""}}}",percent,2025-01-01,2025-12-31,69.3&#160;,69.3,Source table cell: 69.3&#160;,deterministic_table_source,ordinary_projection_v1,marriott_international,run:ordinary-integrated:70c66ba606835e3f78fc09d63dc1dae06415a783776839863adfdd4cb7eba7e2,sha256:8f30f543fa77894992ea2bc2d0ea63d21b54c4956fa13686b6900f59a59153bf,issue_54_v4,sha256:7e577402fa98974628bf613a3a82e66d79f55385ccce117ea5d1f0cd11d49fa2,sha256:671a25cd86baceec0cd20a6be08cbb225328ce65bf46e91fb435a80ca39da4d9,sha256:7050dd9ee6cfd0e50cbe3e2d694b6b1131c8fcc498d95579b41751fed7f3c896,sha256:7050dd9ee6cfd0e50cbe3e2d694b6b1131c8fcc498d95579b41751fed7f3c896,,,True,MATCHED,REPLAY_VERIFIED_CONTENT_NOT_ACCEPTED,NO_SOURCE_CONTENT_CHANGE,NO_SOURCE_CONTENT_CHANGE,True,VERIFIED_SEC_ACQUISITION,,native/B10/4782e8ca19dc49908d9124b9e2b6de15,RUN_ARCHIVE_COORDINATE,2025-01-01,2025-12-31,2025,2025-01-01,2025-12-31,NATIVE_REPLAY_VERIFIED,[]
Marriott International,1048286,B11,https://www.sec.gov/Archives/edgar/data/1048286/000104828626000007/mar-20251231.htm,evidence/request_attempts/06/06cb3fb91679730cf46c8687bf9a821b6533c4e518a0f9f60d14fa57afb96505/mar-20251231.htm,06cb3fb91679730cf46c8687bf9a821b6533c4e518a0f9f60d14fa57afb96505,0001048286-26-000007,mar-20251231.htm,RevPAR,"{""source_binding"": {""accession"": ""0001048286-26-000007"", ""derived_asset_id"": ""sha256:59fbd0cb00f2288ceb2724e212b6af48a84c5d221328f1188bfff44f4dab9d19"", ""document_name"": ""mar-20251231.htm"", ""entity"": ""1048286"", ""filed"": ""2026-02-10"", ""form"": ""10-K"", ""ordinary_source_policy_hash"": ""sha256:a1a4ab2cdf27d574a17e9f3672f6a318890f13ddf28d5c5500aa26a10cf7e81b"", ""period_basis"": ""EXPLICIT_TABLE_INTRODUCTION_YEAR_AND_COLUMN_WITH_LOCAL_QUALIFIER_CHECK"", ""raw_asset_id"": ""sha256:06cb3fb91679730cf46c8687bf9a821b6533c4e518a0f9f60d14fa57afb96505"", ""reported_raw_text"": ""128.80&#160;"", ""reported_unit"": ""$"", ""reported_value"": ""128.80"", ""source_component_id"": ""sha256:bce835c92b6f4392918a62cf590fd5648fb96c03bdef7cf2afebb13127df8041"", ""source_reference_id"": ""sha256:43cecd37c71017d106d9d30426fada653a5dc490023ddb67da4339c07c48fc4e"", ""source_role"": ""target_primary"", ""source_witnesses"": {""amount"": {""grid_sha256"": ""sha256:8e270aaf65de0b1214a11498d00478194f814d1fb686b0638679eb24cb1e23cf"", ""locator"": {""colspan"": 1, ""column_index"": 4, ""derived_asset_id"": ""sha256:59fbd0cb00f2288ceb2724e212b6af48a84c5d221328f1188bfff44f4dab9d19"", ""origin_column_index"": 4, ""origin_row_index"": 26, ""row_index"": 26, ""rowspan"": 1, ""table_id"": ""table_000011""}, ""raw_text"": ""128.80&#160;"", ""text"": ""128.80""}, ""geography"": {""grid_sha256"": ""sha256:8e270aaf65de0b1214a11498d00478194f814d1fb686b0638679eb24cb1e23cf"", ""locator"": {""colspan"": 3, ""column_index"": 0, ""derived_asset_id"": ""sha256:59fbd0cb00f2288ceb2724e212b6af48a84c5d221328f1188bfff44f4dab9d19"", ""origin_column_index"": 0, ""origin_row_index"": 26, ""row_index"": 26, ""rowspan"": 1, ""table_id"": ""table_000011""}, ""raw_text"": ""\nWorldwide (2)"", ""text"": ""Worldwide (2)""}, ""measure"": {""grid_sha256"": ""sha256:8e270aaf65de0b1214a11498d00478194f814d1fb686b0638679eb24cb1e23cf"", ""locator"": {""colspan"": 9, ""column_index"": 3, ""derived_asset_id"": ""sha256:59fbd0cb00f2288ceb2724e212b6af48a84c5d221328f1188bfff44f4dab9d19"", ""origin_column_index"": 3, ""origin_row_index"": 3, ""row_index"": 3, ""rowspan"": 1, ""table_id"": ""table_000011""}, ""raw_text"": ""RevPAR"", ""text"": ""RevPAR""}, ""population_and_operating_scope"": {""grid_sha256"": ""sha256:8e270aaf65de0b1214a11498d00478194f814d1fb686b0638679eb24cb1e23cf"", ""locator"": {""colspan"": 3, ""column_index"": 0, ""derived_asset_id"": ""sha256:59fbd0cb00f2288ceb2724e212b6af48a84c5d221328f1188bfff44f4dab9d19"", ""origin_column_index"": 0, ""origin_row_index"": 18, ""row_index"": 18, ""rowspan"": 1, ""table_id"": ""table_000011""}, ""raw_text"": ""Comparable Systemwide Properties"", ""text"": ""Comparable Systemwide Properties""}, ""unit"": {""grid_sha256"": ""sha256:8e270aaf65de0b1214a11498d00478194f814d1fb686b0638679eb24cb1e23cf"", ""locator"": {""colspan"": 1, ""column_index"": 3, ""derived_asset_id"": ""sha256:59fbd0cb00f2288ceb2724e212b6af48a84c5d221328f1188bfff44f4dab9d19"", ""origin_column_index"": 3, ""origin_row_index"": 26, ""row_index"": 26, ""rowspan"": 1, ""table_id"": ""table_000011""}, ""raw_text"": ""$"", ""text"": ""$""}, ""year"": {""grid_sha256"": ""sha256:8e270aaf65de0b1214a11498d00478194f814d1fb686b0638679eb24cb1e23cf"", ""locator"": {""colspan"": 3, ""column_index"": 3, ""derived_asset_id"": ""sha256:59fbd0cb00f2288ceb2724e212b6af48a84c5d221328f1188bfff44f4dab9d19"", ""origin_column_index"": 3, ""origin_row_index"": 4, ""row_index"": 4, ""rowspan"": 1, ""table_id"": ""table_000011""}, ""raw_text"": ""2025"", ""text"": ""2025""}}, ""table_locator"": {""colspan"": 1, ""column_index"": 4, ""derived_asset_id"": ""sha256:59fbd0cb00f2288ceb2724e212b6af48a84c5d221328f1188bfff44f4dab9d19"", ""origin_column_index"": 4, ""origin_row_index"": 26, ""row_index"": 26, ""rowspan"": 1, ""table_id"": ""table_000011""}}, ""source_cells"": {""amount"": {""grid_sha256"": ""sha256:8e270aaf65de0b1214a11498d00478194f814d1fb686b0638679eb24cb1e23cf"", ""locator"": {""colspan"": 1, ""column_index"": 4, ""derived_asset_id"": ""sha256:59fbd0cb00f2288ceb2724e212b6af48a84c5d221328f1188bfff44f4dab9d19"", ""origin_column_index"": 4, ""origin_row_index"": 26, ""row_index"": 26, ""rowspan"": 1, ""table_id"": ""table_000011""}, ""raw_text"": ""128.80&#160;"", ""text"": ""128.80""}, ""geography"": {""grid_sha256"": ""sha256:8e270aaf65de0b1214a11498d00478194f814d1fb686b0638679eb24cb1e23cf"", ""locator"": {""colspan"": 3, ""column_index"": 0, ""derived_asset_id"": ""sha256:59fbd0cb00f2288ceb2724e212b6af48a84c5d221328f1188bfff44f4dab9d19"", ""origin_column_index"": 0, ""origin_row_index"": 26, ""row_index"": 26, ""rowspan"": 1, ""table_id"": ""table_000011""}, ""raw_text"": ""\nWorldwide (2)"", ""text"": ""Worldwide (2)""}, ""measure"": {""grid_sha256"": ""sha256:8e270aaf65de0b1214a11498d00478194f814d1fb686b0638679eb24cb1e23cf"", ""locator"": {""colspan"": 9, ""column_index"": 3, ""derived_asset_id"": ""sha256:59fbd0cb00f2288ceb2724e212b6af48a84c5d221328f1188bfff44f4dab9d19"", ""origin_column_index"": 3, ""origin_row_index"": 3, ""row_index"": 3, ""rowspan"": 1, ""table_id"": ""table_000011""}, ""raw_text"": ""RevPAR"", ""text"": ""RevPAR""}, ""population_and_operating_scope"": {""grid_sha256"": ""sha256:8e270aaf65de0b1214a11498d00478194f814d1fb686b0638679eb24cb1e23cf"", ""locator"": {""colspan"": 3, ""column_index"": 0, ""derived_asset_id"": ""sha256:59fbd0cb00f2288ceb2724e212b6af48a84c5d221328f1188bfff44f4dab9d19"", ""origin_column_index"": 0, ""origin_row_index"": 18, ""row_index"": 18, ""rowspan"": 1, ""table_id"": ""table_000011""}, ""raw_text"": ""Comparable Systemwide Properties"", ""text"": ""Comparable Systemwide Properties""}, ""unit"": {""grid_sha256"": ""sha256:8e270aaf65de0b1214a11498d00478194f814d1fb686b0638679eb24cb1e23cf"", ""locator"": {""colspan"": 1, ""column_index"": 3, ""derived_asset_id"": ""sha256:59fbd0cb00f2288ceb2724e212b6af48a84c5d221328f1188bfff44f4dab9d19"", ""origin_column_index"": 3, ""origin_row_index"": 26, ""row_index"": 26, ""rowspan"": 1, ""table_id"": ""table_000011""}, ""raw_text"": ""$"", ""text"": ""$""}, ""year"": {""grid_sha256"": ""sha256:8e270aaf65de0b1214a11498d00478194f814d1fb686b0638679eb24cb1e23cf"", ""locator"": {""colspan"": 3, ""column_index"": 3, ""derived_asset_id"": ""sha256:59fbd0cb00f2288ceb2724e212b6af48a84c5d221328f1188bfff44f4dab9d19"", ""origin_column_index"": 3, ""origin_row_index"": 4, ""row_index"": 4, ""rowspan"": 1, ""table_id"": ""table_000011""}, ""raw_text"": ""2025"", ""text"": ""2025""}}}",USD,2025-01-01,2025-12-31,128.80&#160;,128.8,Source table cell: 128.80&#160;,deterministic_table_source,ordinary_projection_v1,marriott_international,run:ordinary-integrated:06a1a1c71a111456c42d110ec20c9dea8e5a93de4aff55b9dcadc813feaf915a,sha256:22b9eb74b256304a342c5943bda1213dacfd33c390254aac412dd7637758ec80,issue_54_v4,sha256:7e577402fa98974628bf613a3a82e66d79f55385ccce117ea5d1f0cd11d49fa2,sha256:671a25cd86baceec0cd20a6be08cbb225328ce65bf46e91fb435a80ca39da4d9,sha256:7050dd9ee6cfd0e50cbe3e2d694b6b1131c8fcc498d95579b41751fed7f3c896,sha256:7050dd9ee6cfd0e50cbe3e2d694b6b1131c8fcc498d95579b41751fed7f3c896,,,True,MATCHED,REPLAY_VERIFIED_CONTENT_NOT_ACCEPTED,NO_SOURCE_CONTENT_CHANGE,NO_SOURCE_CONTENT_CHANGE,True,VERIFIED_SEC_ACQUISITION,,native/B11/9cc2cb31488542fd92ad27affc332398,RUN_ARCHIVE_COORDINATE,2025-01-01,2025-12-31,2025,2025-01-01,2025-12-31,NATIVE_REPLAY_VERIFIED,[]
Marriott International,1048286,C01,https://www.sec.gov/Archives/edgar/data/1048286/000119312525009110/0001193125-25-009110.hdr.sgml,evidence/request_attempts/0b/0b7fcc3b211556d4e1426e93c53dc37170a505bdcc8ad1309de1fc9690b2e9f7/0001193125-25-009110.hdr.sgml,0b7fcc3b211556d4e1426e93c53dc37170a505bdcc8ad1309de1fc9690b2e9f7,0001193125-25-009110,0001193125-25-009110.hdr.sgml,Item 5.02,"{""attributes"": {""accession"": ""0001193125-25-009110"", ""brief"": ""8-K item 5.02 parsed from hdr.sgml"", ""brief_source"": ""HDR_SGML_ITEM_CODE"", ""deterministic_router_semantic_version"": ""2"", ""event_key"": {""accession"": ""0001193125-25-009110"", ""item_code"": ""5.02"", ""source_url"": ""https://www.sec.gov/Archives/edgar/data/1048286/000119312525009110/0001193125-25-009110.hdr.sgml""}, ""event_key_hash"": ""sha256:ed9880e38ec54dccd80a9f7ce5a960600426598bc5b72f03ea815b9cc25c5bab"", ""hdr_source_reference_id"": ""sha256:36c617d02d818b4902d5acf94a0d1d04d4efd5d3400922c92295f8bbf0c17094"", ""item_code"": ""5.02"", ""primary_heading_brief"": ""accounting standards provided pursuant to Section 13(a) of the Exchange Act. ☐ Item 5.02. Departure of Directors or Certain Officers; Election of Directors; Appointment of Certain Officers; Compensatory Arrangements of Certain Officers. On January 17, 2025, the Board of Directors (the “Board”) of Marriott I"", ""primary_source_reference_id"": ""sha256:e9e24d441b8acd4ada0efe679ab5bfea94f128291f76ab324186d53b449ac655"", ""source_url"": ""https://www.sec.gov/Archives/edgar/data/1048286/000119312525009110/0001193125-25-009110.hdr.sgml""}, ""locator"": {""brief_source"": ""HDR_SGML_ITEM_CODE"", ""item_code"": ""5.02""}, ""verified_claim_id"": ""sha256:ceddee56566a18a81e9ce9b6629212ddec06079014ac17f66c9d94defc99d6c6""}",count,2025-01-01,2025-12-31,,1,"Parsed source fact: {""locator"": {""brief_source"": ""HDR_SGML_ITEM_CODE"", ""item_code"": ""5.02""}, ""unit"": ""text"", ""value"": ""8-K item 5.02 parsed from hdr.sgml""}",ordinary_native_source_projection,ordinary_projection_v1,marriott_international,run:ordinary-integrated:062ea6947b2e329c1658d37e6fd41edad6c3228a48f1a05997e455e57f2fc2df,sha256:abd6029dc502222ade6e7b72d40a998351a320e59595f0e65516cd1e2d769ce9,issue_54_v4,sha256:7e577402fa98974628bf613a3a82e66d79f55385ccce117ea5d1f0cd11d49fa2,sha256:7050dd9ee6cfd0e50cbe3e2d694b6b1131c8fcc498d95579b41751fed7f3c896,sha256:7050dd9ee6cfd0e50cbe3e2d694b6b1131c8fcc498d95579b41751fed7f3c896,sha256:7050dd9ee6cfd0e50cbe3e2d694b6b1131c8fcc498d95579b41751fed7f3c896,,,True,MATCHED,REPLAY_VERIFIED_CONTENT_NOT_ACCEPTED,CANDIDATE_READY,CANDIDATE_READY,True,VERIFIED_SEC_ACQUISITION,,native/C01/387e7c4dc14841a9bf3b2c2d3b2f6bc6,RUN_ARCHIVE_COORDINATE,2025-01-01,2025-12-31,2025,2025-01-01,2025-12-31,NATIVE_REPLAY_VERIFIED,[]
Marriott International,1048286,C01,https://www.sec.gov/Archives/edgar/data/1048286/000119312525118861/0001193125-25-118861.hdr.sgml,evidence/request_attempts/dc/dceca997691cdbc0425a03c514b044a38d87b93062797c344b7e5dd45dd78602/0001193125-25-118861.hdr.sgml,dceca997691cdbc0425a03c514b044a38d87b93062797c344b7e5dd45dd78602,0001193125-25-118861,0001193125-25-118861.hdr.sgml,Item 5.02,"{""attributes"": {""accession"": ""0001193125-25-118861"", ""brief"": ""8-K item 5.02 parsed from hdr.sgml"", ""brief_source"": ""HDR_SGML_ITEM_CODE"", ""deterministic_router_semantic_version"": ""2"", ""event_key"": {""accession"": ""0001193125-25-118861"", ""item_code"": ""5.02"", ""source_url"": ""https://www.sec.gov/Archives/edgar/data/1048286/000119312525118861/0001193125-25-118861.hdr.sgml""}, ""event_key_hash"": ""sha256:0751e7d536fe8c72bc7f85612089263b810b70e31ea72c554bfd7ce385cc2b57"", ""hdr_source_reference_id"": ""sha256:2afc5ddf640c0aaa4cb4142cb7a0d46731c1d8f777997290321cee9e191449d9"", ""item_code"": ""5.02"", ""primary_heading_brief"": ""accounting standards provided pursuant to Section 13(a) of the Exchange Act. ☐ Item 5.02. Departure of Directors or Certain Officers; Election of Directors; Appointment of Certain Officers; Compensatory Arrangements of Certain Officers. Marriott International, Inc. (the “Company”) filed a Current Report on"", ""primary_source_reference_id"": ""sha256:64a6300d558b6ed3b230cbc3e191503f47a828cb002c572c57a96bcf078f0d3d"", ""source_url"": ""https://www.sec.gov/Archives/edgar/data/1048286/000119312525118861/0001193125-25-118861.hdr.sgml""}, ""locator"": {""brief_source"": ""HDR_SGML_ITEM_CODE"", ""item_code"": ""5.02""}, ""verified_claim_id"": ""sha256:16eeeba28c7b8f30d725dcb658b358c9319ab8820fdfe370bdc61a422b145fd9""}",count,2025-01-01,2025-12-31,,1,"Parsed source fact: {""locator"": {""brief_source"": ""HDR_SGML_ITEM_CODE"", ""item_code"": ""5.02""}, ""unit"": ""text"", ""value"": ""8-K item 5.02 parsed from hdr.sgml""}",ordinary_native_source_projection,ordinary_projection_v1,marriott_international,run:ordinary-integrated:062ea6947b2e329c1658d37e6fd41edad6c3228a48f1a05997e455e57f2fc2df,sha256:abd6029dc502222ade6e7b72d40a998351a320e59595f0e65516cd1e2d769ce9,issue_54_v4,sha256:7e577402fa98974628bf613a3a82e66d79f55385ccce117ea5d1f0cd11d49fa2,sha256:7050dd9ee6cfd0e50cbe3e2d694b6b1131c8fcc498d95579b41751fed7f3c896,sha256:7050dd9ee6cfd0e50cbe3e2d694b6b1131c8fcc498d95579b41751fed7f3c896,sha256:7050dd9ee6cfd0e50cbe3e2d694b6b1131c8fcc498d95579b41751fed7f3c896,,,True,MATCHED,REPLAY_VERIFIED_CONTENT_NOT_ACCEPTED,CANDIDATE_READY,CANDIDATE_READY,True,VERIFIED_SEC_ACQUISITION,,native/C01/387e7c4dc14841a9bf3b2c2d3b2f6bc6,RUN_ARCHIVE_COORDINATE,2025-01-01,2025-12-31,2025,2025-01-01,2025-12-31,NATIVE_REPLAY_VERIFIED,[]
Marriott International,1048286,C01,https://www.sec.gov/Archives/edgar/data/1048286/000119312525158742/0001193125-25-158742.hdr.sgml,evidence/request_attempts/12/12606dfc17776def4d014b710c69365107ba57352ff38843233a631bba6bef4e/0001193125-25-158742.hdr.sgml,12606dfc17776def4d014b710c69365107ba57352ff38843233a631bba6bef4e,0001193125-25-158742,0001193125-25-158742.hdr.sgml,Item 5.02,"{""attributes"": {""accession"": ""0001193125-25-158742"", ""brief"": ""8-K item 5.02 parsed from hdr.sgml"", ""brief_source"": ""HDR_SGML_ITEM_CODE"", ""deterministic_router_semantic_version"": ""2"", ""event_key"": {""accession"": ""0001193125-25-158742"", ""item_code"": ""5.02"", ""source_url"": ""https://www.sec.gov/Archives/edgar/data/1048286/000119312525158742/0001193125-25-158742.hdr.sgml""}, ""event_key_hash"": ""sha256:241d743805871a434fb26a1123bf1af2bec6fcc650d887738ad95006a5acfaf3"", ""hdr_source_reference_id"": ""sha256:87109107b65e3837910d65360fdbd0f86f569c832c94c35dc8f477db39c33cfc"", ""item_code"": ""5.02"", ""primary_heading_brief"": ""l accounting standards provided pursuant to Section 13(a) of the Exchange Act ☐ Item 5.02. Departure of Directors or Certain Officers; Election of Directors; Appointment of Certain Officers; Compensatory Arrangements of Certain Officers. On July 11, 2025, Kathleen K. Oberg, Chief Financial Officer and Execut"", ""primary_source_reference_id"": ""sha256:b40feb7d686d1712e232352c0119993620b6b6ec6ac5def8ca52bbdd23364083"", ""source_url"": ""https://www.sec.gov/Archives/edgar/data/1048286/000119312525158742/0001193125-25-158742.hdr.sgml""}, ""locator"": {""brief_source"": ""HDR_SGML_ITEM_CODE"", ""item_code"": ""5.02""}, ""verified_claim_id"": ""sha256:e3c78d35230f3cea233c097288d0bc653a8f39586e60566a128bcadccca475c9""}",count,2025-01-01,2025-12-31,,1,"Parsed source fact: {""locator"": {""brief_source"": ""HDR_SGML_ITEM_CODE"", ""item_code"": ""5.02""}, ""unit"": ""text"", ""value"": ""8-K item 5.02 parsed from hdr.sgml""}",ordinary_native_source_projection,ordinary_projection_v1,marriott_international,run:ordinary-integrated:062ea6947b2e329c1658d37e6fd41edad6c3228a48f1a05997e455e57f2fc2df,sha256:abd6029dc502222ade6e7b72d40a998351a320e59595f0e65516cd1e2d769ce9,issue_54_v4,sha256:7e577402fa98974628bf613a3a82e66d79f55385ccce117ea5d1f0cd11d49fa2,sha256:7050dd9ee6cfd0e50cbe3e2d694b6b1131c8fcc498d95579b41751fed7f3c896,sha256:7050dd9ee6cfd0e50cbe3e2d694b6b1131c8fcc498d95579b41751fed7f3c896,sha256:7050dd9ee6cfd0e50cbe3e2d694b6b1131c8fcc498d95579b41751fed7f3c896,,,True,MATCHED,REPLAY_VERIFIED_CONTENT_NOT_ACCEPTED,CANDIDATE_READY,CANDIDATE_READY,True,VERIFIED_SEC_ACQUISITION,,native/C01/387e7c4dc14841a9bf3b2c2d3b2f6bc6,RUN_ARCHIVE_COORDINATE,2025-01-01,2025-12-31,2025,2025-01-01,2025-12-31,NATIVE_REPLAY_VERIFIED,[]
Marriott International,1048286,C02,https://www.sec.gov/Archives/edgar/data/1048286/000114036126011590/ny20062722x771_def14a.htm,evidence/request_attempts/af/af1ce7fb95700c7417820ed1cb9d8c361d2341e04a6bbb10b58cb6c2f0e2b56c/ny20062722x771_def14a.htm,af1ce7fb95700c7417820ed1cb9d8c361d2341e04a6bbb10b58cb6c2f0e2b56c,0001140361-26-011590,ny20062722x771_def14a.htm,Governance disclosures,GOVERNANCE_DISCLOSURES:bytes:23029-23877:sha256:bc1956f7cc86cdeaa18ceb5ac48a1e1d266babac3bb79d5bc6a75b27243bc4d5,text,2025-01-01,2025-12-31,"Earlier this year, Board member Debra Lee announced that she will retire from the Board in May and is not standing for reelection. Over more than two decades of service, Debi has helped guide the company through transformational growth and significant change while always remaining a steadfast champion of our culture and core values. As a member of our Inclusion and Social Impact Committee, and the committee chair since 2008, she has been integral in overseeing the company’s efforts to create access to opportunity and connect people through the power of travel. We are grateful for her service. The Board is reducing its size to 12 with Debi’s departure, but we remain confident the composition of our Board provides strong and independent leadership across a breadth of areas critical to the company’s strategic priorities.","Earlier this year, Board member Debra Lee announced that she will retire from the Board in May and is not standing for reelection. Over more than two decades of service, Debi has helped guide the company through transformational growth and significant change while always remaining a steadfast champion of our culture and core values. As a member of our Inclusion and Social Impact Committee, and the committee chair since 2008, she has been integral in overseeing the company’s efforts to create access to opportunity and connect people through the power of travel. We are grateful for her service. The Board is reducing its size to 12 with Debi’s departure, but we remain confident the composition of our Board provides strong and independent leadership across a breadth of areas critical to the company’s strategic priorities.","Earlier this year, Board member Debra Lee announced that she will retire from the Board in May and is not standing for reelection. Over more than two decades of service, Debi has helped guide the company through transformational growth and significant change while always remaining a steadfast champion of our culture and core values. As a member of our Inclusion and Social Impact Committee, and the committee chair since 2008, she has been integral in overseeing the company’s efforts to create access to opportunity and connect people through the power of travel. We are grateful for her service. The Board is reducing its size to 12 with Debi’s departure, but we remain confident the composition of our Board provides strong and independent leadership across a breadth of areas critical to the company’s strategic priorities.",verbatim_source_excerpt,TEXT_V1,marriott_international,run:ordinary-integrated:4d31771a9dcfcf9140f1e06ed28ee9285780491649c520c26839a4aebec3b70c,sha256:76d930fa42981de3f33acdbf5d07beb1b40308dfaa700c2b1bf6a066e67f0e8f,issue_54_v4,sha256:7e577402fa98974628bf613a3a82e66d79f55385ccce117ea5d1f0cd11d49fa2,sha256:671a25cd86baceec0cd20a6be08cbb225328ce65bf46e91fb435a80ca39da4d9,sha256:7050dd9ee6cfd0e50cbe3e2d694b6b1131c8fcc498d95579b41751fed7f3c896,sha256:7050dd9ee6cfd0e50cbe3e2d694b6b1131c8fcc498d95579b41751fed7f3c896,,,True,MATCHED,REPLAY_VERIFIED_CONTENT_NOT_ACCEPTED,NO_SOURCE_CONTENT_CHANGE,NO_SOURCE_CONTENT_CHANGE,True,VERIFIED_SEC_ACQUISITION,,native/C02/a10bee0193ce4e6e96022750362a1b69,RUN_ARCHIVE_COORDINATE,2025-01-01,2025-12-31,2025,2025-01-01,2025-12-31,NATIVE_REPLAY_VERIFIED,[]
Marriott International,1048286,C02,https://www.sec.gov/Archives/edgar/data/1048286/000114036126011590/ny20062722x771_def14a.htm,evidence/request_attempts/af/af1ce7fb95700c7417820ed1cb9d8c361d2341e04a6bbb10b58cb6c2f0e2b56c/ny20062722x771_def14a.htm,af1ce7fb95700c7417820ed1cb9d8c361d2341e04a6bbb10b58cb6c2f0e2b56c,0001140361-26-011590,ny20062722x771_def14a.htm,Governance disclosures,GOVERNANCE_DISCLOSURES:bytes:55075-55150:sha256:699fb9d7914200c3e6c2d0a9bb44dbab537df4a7f35415cf7b51f4c32ce4cf36,text,2025-01-01,2025-12-31,Election of each of the 12 director nominees named in the proxy statement;,Election of each of the 12 director nominees named in the proxy statement;,Election of each of the 12 director nominees named in the proxy statement;,verbatim_source_excerpt,TEXT_V1,marriott_international,run:ordinary-integrated:4d31771a9dcfcf9140f1e06ed28ee9285780491649c520c26839a4aebec3b70c,sha256:76d930fa42981de3f33acdbf5d07beb1b40308dfaa700c2b1bf6a066e67f0e8f,issue_54_v4,sha256:7e577402fa98974628bf613a3a82e66d79f55385ccce117ea5d1f0cd11d49fa2,sha256:671a25cd86baceec0cd20a6be08cbb225328ce65bf46e91fb435a80ca39da4d9,sha256:7050dd9ee6cfd0e50cbe3e2d694b6b1131c8fcc498d95579b41751fed7f3c896,sha256:7050dd9ee6cfd0e50cbe3e2d694b6b1131c8fcc498d95579b41751fed7f3c896,,,True,MATCHED,REPLAY_VERIFIED_CONTENT_NOT_ACCEPTED,NO_SOURCE_CONTENT_CHANGE,NO_SOURCE_CONTENT_CHANGE,True,VERIFIED_SEC_ACQUISITION,,native/C02/a10bee0193ce4e6e96022750362a1b69,RUN_ARCHIVE_COORDINATE,2025-01-01,2025-12-31,2025,2025-01-01,2025-12-31,NATIVE_REPLAY_VERIFIED,[]
Marriott International,1048286,C02,https://www.sec.gov/Archives/edgar/data/1048286/000114036126011590/ny20062722x771_def14a.htm,evidence/request_attempts/af/af1ce7fb95700c7417820ed1cb9d8c361d2341e04a6bbb10b58cb6c2f0e2b56c/ny20062722x771_def14a.htm,af1ce7fb95700c7417820ed1cb9d8c361d2341e04a6bbb10b58cb6c2f0e2b56c,0001140361-26-011590,ny20062722x771_def14a.htm,Governance disclosures,GOVERNANCE_DISCLOSURES:bytes:174984-175851:sha256:2d1c476abf9cd7799a956ea4b2f9602092d0347413fcda079452dadd085949c2,text,2025-01-01,2025-12-31,"each of the 12 director nominees
The Board and its Nominating and Corporate Governance Committee believe the 12 director nominees each possess the skills, experience, and background to effectively monitor performance, provide oversight, and advise management on the Company’s strategy.","each of the 12 director nominees
The Board and its Nominating and Corporate Governance Committee believe the 12 director nominees each possess the skills, experience, and background to effectively monitor performance, provide oversight, and advise management on the Company’s strategy.","each of the 12 director nominees
The Board and its Nominating and Corporate Governance Committee believe the 12 director nominees each possess the skills, experience, and background to effectively monitor performance, provide oversight, and advise management on the Company’s strategy.",verbatim_source_excerpt,TEXT_V1,marriott_international,run:ordinary-integrated:4d31771a9dcfcf9140f1e06ed28ee9285780491649c520c26839a4aebec3b70c,sha256:76d930fa42981de3f33acdbf5d07beb1b40308dfaa700c2b1bf6a066e67f0e8f,issue_54_v4,sha256:7e577402fa98974628bf613a3a82e66d79f55385ccce117ea5d1f0cd11d49fa2,sha256:671a25cd86baceec0cd20a6be08cbb225328ce65bf46e91fb435a80ca39da4d9,sha256:7050dd9ee6cfd0e50cbe3e2d694b6b1131c8fcc498d95579b41751fed7f3c896,sha256:7050dd9ee6cfd0e50cbe3e2d694b6b1131c8fcc498d95579b41751fed7f3c896,,,True,MATCHED,REPLAY_VERIFIED_CONTENT_NOT_ACCEPTED,NO_SOURCE_CONTENT_CHANGE,NO_SOURCE_CONTENT_CHANGE,True,VERIFIED_SEC_ACQUISITION,,native/C02/a10bee0193ce4e6e96022750362a1b69,RUN_ARCHIVE_COORDINATE,2025-01-01,2025-12-31,2025,2025-01-01,2025-12-31,NATIVE_REPLAY_VERIFIED,[]
Marriott International,1048286,C02,https://www.sec.gov/Archives/edgar/data/1048286/000114036126011590/ny20062722x771_def14a.htm,evidence/request_attempts/af/af1ce7fb95700c7417820ed1cb9d8c361d2341e04a6bbb10b58cb6c2f0e2b56c/ny20062722x771_def14a.htm,af1ce7fb95700c7417820ed1cb9d8c361d2341e04a6bbb10b58cb6c2f0e2b56c,0001140361-26-011590,ny20062722x771_def14a.htm,Governance disclosures,GOVERNANCE_DISCLOSURES:bytes:286909-287225:sha256:6d85ab99aee33ac66f7e9867ac6f7780e67160e8b155675560d3673867acc19e,text,2025-01-01,2025-12-31,Debra L. Lee currently serves as the Chair of the Inclusion and Social Impact Committee and as a member of the Nominating and Corporate Governance Committee and the Executive Committee. Ms. Lee announced she will retire from the Board at the conclusion of her term and is not standing for reelection this year.,Debra L. Lee currently serves as the Chair of the Inclusion and Social Impact Committee and as a member of the Nominating and Corporate Governance Committee and the Executive Committee. Ms. Lee announced she will retire from the Board at the conclusion of her term and is not standing for reelection this year.,Debra L. Lee currently serves as the Chair of the Inclusion and Social Impact Committee and as a member of the Nominating and Corporate Governance Committee and the Executive Committee. Ms. Lee announced she will retire from the Board at the conclusion of her term and is not standing for reelection this year.,verbatim_source_excerpt,TEXT_V1,marriott_international,run:ordinary-integrated:4d31771a9dcfcf9140f1e06ed28ee9285780491649c520c26839a4aebec3b70c,sha256:76d930fa42981de3f33acdbf5d07beb1b40308dfaa700c2b1bf6a066e67f0e8f,issue_54_v4,sha256:7e577402fa98974628bf613a3a82e66d79f55385ccce117ea5d1f0cd11d49fa2,sha256:671a25cd86baceec0cd20a6be08cbb225328ce65bf46e91fb435a80ca39da4d9,sha256:7050dd9ee6cfd0e50cbe3e2d694b6b1131c8fcc498d95579b41751fed7f3c896,sha256:7050dd9ee6cfd0e50cbe3e2d694b6b1131c8fcc498d95579b41751fed7f3c896,,,True,MATCHED,REPLAY_VERIFIED_CONTENT_NOT_ACCEPTED,NO_SOURCE_CONTENT_CHANGE,NO_SOURCE_CONTENT_CHANGE,True,VERIFIED_SEC_ACQUISITION,,native/C02/a10bee0193ce4e6e96022750362a1b69,RUN_ARCHIVE_COORDINATE,2025-01-01,2025-12-31,2025,2025-01-01,2025-12-31,NATIVE_REPLAY_VERIFIED,[]
Marriott International,1048286,C02,https://www.sec.gov/Archives/edgar/data/1048286/000114036126011590/ny20062722x771_def14a.htm,evidence/request_attempts/af/af1ce7fb95700c7417820ed1cb9d8c361d2341e04a6bbb10b58cb6c2f0e2b56c/ny20062722x771_def14a.htm,af1ce7fb95700c7417820ed1cb9d8c361d2341e04a6bbb10b58cb6c2f0e2b56c,0001140361-26-011590,ny20062722x771_def14a.htm,Governance disclosures,GOVERNANCE_DISCLOSURES:bytes:316525-316678:sha256:9c8fc5ef84fc3218e84c8f26a2de6082afc01d5e3f2afd9bfa5cc4763ca09ddb,text,2025-01-01,2025-12-31,The Human Resources and Compensation Committee is composed solely of independent members of the Board and retains an independent compensation consultant,The Human Resources and Compensation Committee is composed solely of independent members of the Board and retains an independent compensation consultant,The Human Resources and Compensation Committee is composed solely of independent members of the Board and retains an independent compensation consultant,verbatim_source_excerpt,TEXT_V1,marriott_international,run:ordinary-integrated:4d31771a9dcfcf9140f1e06ed28ee9285780491649c520c26839a4aebec3b70c,sha256:76d930fa42981de3f33acdbf5d07beb1b40308dfaa700c2b1bf6a066e67f0e8f,issue_54_v4,sha256:7e577402fa98974628bf613a3a82e66d79f55385ccce117ea5d1f0cd11d49fa2,sha256:671a25cd86baceec0cd20a6be08cbb225328ce65bf46e91fb435a80ca39da4d9,sha256:7050dd9ee6cfd0e50cbe3e2d694b6b1131c8fcc498d95579b41751fed7f3c896,sha256:7050dd9ee6cfd0e50cbe3e2d694b6b1131c8fcc498d95579b41751fed7f3c896,,,True,MATCHED,REPLAY_VERIFIED_CONTENT_NOT_ACCEPTED,NO_SOURCE_CONTENT_CHANGE,NO_SOURCE_CONTENT_CHANGE,True,VERIFIED_SEC_ACQUISITION,,native/C02/a10bee0193ce4e6e96022750362a1b69,RUN_ARCHIVE_COORDINATE,2025-01-01,2025-12-31,2025,2025-01-01,2025-12-31,NATIVE_REPLAY_VERIFIED,[]
Marriott International,1048286,C02,https://www.sec.gov/Archives/edgar/data/1048286/000114036126011590/ny20062722x771_def14a.htm,evidence/request_attempts/af/af1ce7fb95700c7417820ed1cb9d8c361d2341e04a6bbb10b58cb6c2f0e2b56c/ny20062722x771_def14a.htm,af1ce7fb95700c7417820ed1cb9d8c361d2341e04a6bbb10b58cb6c2f0e2b56c,0001140361-26-011590,ny20062722x771_def14a.htm,Governance disclosures,GOVERNANCE_DISCLOSURES:bytes:335055-336390:sha256:3789d7ea572e5057337aa8cc1e0f1dab3e437ac8be7ce3844e9a8a19a416890e,text,2025-01-01,2025-12-31,"As previously disclosed and described elsewhere in this proxy statement, Debra L. Lee announced she will retire from the Board at the conclusion of her term and therefore she is not being nominated for reelection as a director. As a result, her term on the Board will end at the 2026 Annual Meeting. Over more than two decades of service, Ms. Lee has helped guide the Company through transformational growth and significant senior leadership transitions while always remaining a steadfast champion of our culture and core values. As an integral member of our Inclusion and Social Impact Committee, and the committee chair since 2008, she has been instrumental in overseeing the Company’s efforts to create access to opportunity and connect people through the power of travel, and as a longstanding member of the Nominating and Corporate Governance Committee she has helped drive the Board’s leadership and composition. We are grateful for her significant contributions.
With Ms. Lee’s impending departure, the Board has reduced its size from 13 to 12, effective as of the expiration of Ms. Lee’s term at the 2026 Annual Meeting.","As previously disclosed and described elsewhere in this proxy statement, Debra L. Lee announced she will retire from the Board at the conclusion of her term and therefore she is not being nominated for reelection as a director. As a result, her term on the Board will end at the 2026 Annual Meeting. Over more than two decades of service, Ms. Lee has helped guide the Company through transformational growth and significant senior leadership transitions while always remaining a steadfast champion of our culture and core values. As an integral member of our Inclusion and Social Impact Committee, and the committee chair since 2008, she has been instrumental in overseeing the Company’s efforts to create access to opportunity and connect people through the power of travel, and as a longstanding member of the Nominating and Corporate Governance Committee she has helped drive the Board’s leadership and composition. We are grateful for her significant contributions.
With Ms. Lee’s impending departure, the Board has reduced its size from 13 to 12, effective as of the expiration of Ms. Lee’s term at the 2026 Annual Meeting.","As previously disclosed and described elsewhere in this proxy statement, Debra L. Lee announced she will retire from the Board at the conclusion of her term and therefore she is not being nominated for reelection as a director. As a result, her term on the Board will end at the 2026 Annual Meeting. Over more than two decades of service, Ms. Lee has helped guide the Company through transformational growth and significant senior leadership transitions while always remaining a steadfast champion of our culture and core values. As an integral member of our Inclusion and Social Impact Committee, and the committee chair since 2008, she has been instrumental in overseeing the Company’s efforts to create access to opportunity and connect people through the power of travel, and as a longstanding member of the Nominating and Corporate Governance Committee she has helped drive the Board’s leadership and composition. We are grateful for her significant contributions.
With Ms. Lee’s impending departure, the Board has reduced its size from 13 to 12, effective as of the expiration of Ms. Lee’s term at the 2026 Annual Meeting.",verbatim_source_excerpt,TEXT_V1,marriott_international,run:ordinary-integrated:4d31771a9dcfcf9140f1e06ed28ee9285780491649c520c26839a4aebec3b70c,sha256:76d930fa42981de3f33acdbf5d07beb1b40308dfaa700c2b1bf6a066e67f0e8f,issue_54_v4,sha256:7e577402fa98974628bf613a3a82e66d79f55385ccce117ea5d1f0cd11d49fa2,sha256:671a25cd86baceec0cd20a6be08cbb225328ce65bf46e91fb435a80ca39da4d9,sha256:7050dd9ee6cfd0e50cbe3e2d694b6b1131c8fcc498d95579b41751fed7f3c896,sha256:7050dd9ee6cfd0e50cbe3e2d694b6b1131c8fcc498d95579b41751fed7f3c896,,,True,MATCHED,REPLAY_VERIFIED_CONTENT_NOT_ACCEPTED,NO_SOURCE_CONTENT_CHANGE,NO_SOURCE_CONTENT_CHANGE,True,VERIFIED_SEC_ACQUISITION,,native/C02/a10bee0193ce4e6e96022750362a1b69,RUN_ARCHIVE_COORDINATE,2025-01-01,2025-12-31,2025,2025-01-01,2025-12-31,NATIVE_REPLAY_VERIFIED,[]
Marriott International,1048286,C02,https://www.sec.gov/Archives/edgar/data/1048286/000114036126011590/ny20062722x771_def14a.htm,evidence/request_attempts/af/af1ce7fb95700c7417820ed1cb9d8c361d2341e04a6bbb10b58cb6c2f0e2b56c/ny20062722x771_def14a.htm,af1ce7fb95700c7417820ed1cb9d8c361d2341e04a6bbb10b58cb6c2f0e2b56c,0001140361-26-011590,ny20062722x771_def14a.htm,Governance disclosures,GOVERNANCE_DISCLOSURES:bytes:357171-359506:sha256:1efe2b90fbf5c692911d803ff85fd33428aeaa153d23bdd79a8c40420df7b970,text,2025-01-01,2025-12-31,"The Board has maintained separate Chairman and CEO roles and a Lead Independent Director role for many years. The Board reviews its leadership structure as part of its succession planning process. It continues to believe that separate Chairman and CEO roles, together with an experienced and engaged Lead Independent Director and independent committee oversight of key functions, provide robust oversight and independent leadership on the Board while maximizing the Company’s unique advantages.
Separate Board Chairman and CEO. The separate Chairman and CEO structure allows the Chairman to focus on leading the Board in its oversight and governance responsibilities and the CEO to focus on setting and executing our strategic plans and initiatives and leading the operations of the Company.
Mr. David S. Marriott serves as the Chairman of the Board. The Board believes that Mr. Marriott’s significant prior experience as a senior operations and sales executive of the Company, and his deep understanding of Marriott’s history and culture, bring an important perspective to Board-level conversations and decision-making and make him well qualified to lead the Board in its oversight responsibilities. As Chairman, he provides leadership to the Board by, among other things, working with the President and CEO, the Lead Independent Director, and the Secretary to set Board calendars, develop agendas for Board meetings, facilitate the appropriate flow of information to Board members and the effective functioning of the Board and its committees, promote Board succession planning and the orientation of new directors, and support senior management succession planning. Mr. Marriott also serves as a key conduit between management, the Board, and the Marriott family, who have a significant ownership stake in the Company and a demonstrated commitment to its long-term success.","The Board has maintained separate Chairman and CEO roles and a Lead Independent Director role for many years. The Board reviews its leadership structure as part of its succession planning process. It continues to believe that separate Chairman and CEO roles, together with an experienced and engaged Lead Independent Director and independent committee oversight of key functions, provide robust oversight and independent leadership on the Board while maximizing the Company’s unique advantages.
Separate Board Chairman and CEO. The separate Chairman and CEO structure allows the Chairman to focus on leading the Board in its oversight and governance responsibilities and the CEO to focus on setting and executing our strategic plans and initiatives and leading the operations of the Company.
Mr. David S. Marriott serves as the Chairman of the Board. The Board believes that Mr. Marriott’s significant prior experience as a senior operations and sales executive of the Company, and his deep understanding of Marriott’s history and culture, bring an important perspective to Board-level conversations and decision-making and make him well qualified to lead the Board in its oversight responsibilities. As Chairman, he provides leadership to the Board by, among other things, working with the President and CEO, the Lead Independent Director, and the Secretary to set Board calendars, develop agendas for Board meetings, facilitate the appropriate flow of information to Board members and the effective functioning of the Board and its committees, promote Board succession planning and the orientation of new directors, and support senior management succession planning. Mr. Marriott also serves as a key conduit between management, the Board, and the Marriott family, who have a significant ownership stake in the Company and a demonstrated commitment to its long-term success.","The Board has maintained separate Chairman and CEO roles and a Lead Independent Director role for many years. The Board reviews its leadership structure as part of its succession planning process. It continues to believe that separate Chairman and CEO roles, together with an experienced and engaged Lead Independent Director and independent committee oversight of key functions, provide robust oversight and independent leadership on the Board while maximizing the Company’s unique advantages.
Separate Board Chairman and CEO. The separate Chairman and CEO structure allows the Chairman to focus on leading the Board in its oversight and governance responsibilities and the CEO to focus on setting and executing our strategic plans and initiatives and leading the operations of the Company.
Mr. David S. Marriott serves as the Chairman of the Board. The Board believes that Mr. Marriott’s significant prior experience as a senior operations and sales executive of the Company, and his deep understanding of Marriott’s history and culture, bring an important perspective to Board-level conversations and decision-making and make him well qualified to lead the Board in its oversight responsibilities. As Chairman, he provides leadership to the Board by, among other things, working with the President and CEO, the Lead Independent Director, and the Secretary to set Board calendars, develop agendas for Board meetings, facilitate the appropriate flow of information to Board members and the effective functioning of the Board and its committees, promote Board succession planning and the orientation of new directors, and support senior management succession planning. Mr. Marriott also serves as a key conduit between management, the Board, and the Marriott family, who have a significant ownership stake in the Company and a demonstrated commitment to its long-term success.",verbatim_source_excerpt,TEXT_V1,marriott_international,run:ordinary-integrated:4d31771a9dcfcf9140f1e06ed28ee9285780491649c520c26839a4aebec3b70c,sha256:76d930fa42981de3f33acdbf5d07beb1b40308dfaa700c2b1bf6a066e67f0e8f,issue_54_v4,sha256:7e577402fa98974628bf613a3a82e66d79f55385ccce117ea5d1f0cd11d49fa2,sha256:671a25cd86baceec0cd20a6be08cbb225328ce65bf46e91fb435a80ca39da4d9,sha256:7050dd9ee6cfd0e50cbe3e2d694b6b1131c8fcc498d95579b41751fed7f3c896,sha256:7050dd9ee6cfd0e50cbe3e2d694b6b1131c8fcc498d95579b41751fed7f3c896,,,True,MATCHED,REPLAY_VERIFIED_CONTENT_NOT_ACCEPTED,NO_SOURCE_CONTENT_CHANGE,NO_SOURCE_CONTENT_CHANGE,True,VERIFIED_SEC_ACQUISITION,,native/C02/a10bee0193ce4e6e96022750362a1b69,RUN_ARCHIVE_COORDINATE,2025-01-01,2025-12-31,2025,2025-01-01,2025-12-31,NATIVE_REPLAY_VERIFIED,[]
Marriott International,1048286,C02,https://www.sec.gov/Archives/edgar/data/1048286/000114036126011590/ny20062722x771_def14a.htm,evidence/request_attempts/af/af1ce7fb95700c7417820ed1cb9d8c361d2341e04a6bbb10b58cb6c2f0e2b56c/ny20062722x771_def14a.htm,af1ce7fb95700c7417820ed1cb9d8c361d2341e04a6bbb10b58cb6c2f0e2b56c,0001140361-26-011590,ny20062722x771_def14a.htm,Governance disclosures,GOVERNANCE_DISCLOSURES:bytes:368092-368534:sha256:502bf6da4e1df00e585de428f3d1ebf7f9e7ada0f117075d2f6c12f508ef94d7,text,2025-01-01,2025-12-31,"independent directors of the Board appoint the Lead Independent Director annually. Since 2022, the independent directors have selected Mr. Frederick A. “Fritz” Henderson to serve as the Lead Independent Director. Mr. Henderson has served on the Board since 2013 and served as our Audit Committee chair from May 2014 to May 2022, and he has extensive experience serving in a variety of other public company board leadership roles.","independent directors of the Board appoint the Lead Independent Director annually. Since 2022, the independent directors have selected Mr. Frederick A. “Fritz” Henderson to serve as the Lead Independent Director. Mr. Henderson has served on the Board since 2013 and served as our Audit Committee chair from May 2014 to May 2022, and he has extensive experience serving in a variety of other public company board leadership roles.","independent directors of the Board appoint the Lead Independent Director annually. Since 2022, the independent directors have selected Mr. Frederick A. “Fritz” Henderson to serve as the Lead Independent Director. Mr. Henderson has served on the Board since 2013 and served as our Audit Committee chair from May 2014 to May 2022, and he has extensive experience serving in a variety of other public company board leadership roles.",verbatim_source_excerpt,TEXT_V1,marriott_international,run:ordinary-integrated:4d31771a9dcfcf9140f1e06ed28ee9285780491649c520c26839a4aebec3b70c,sha256:76d930fa42981de3f33acdbf5d07beb1b40308dfaa700c2b1bf6a066e67f0e8f,issue_54_v4,sha256:7e577402fa98974628bf613a3a82e66d79f55385ccce117ea5d1f0cd11d49fa2,sha256:671a25cd86baceec0cd20a6be08cbb225328ce65bf46e91fb435a80ca39da4d9,sha256:7050dd9ee6cfd0e50cbe3e2d694b6b1131c8fcc498d95579b41751fed7f3c896,sha256:7050dd9ee6cfd0e50cbe3e2d694b6b1131c8fcc498d95579b41751fed7f3c896,,,True,MATCHED,REPLAY_VERIFIED_CONTENT_NOT_ACCEPTED,NO_SOURCE_CONTENT_CHANGE,NO_SOURCE_CONTENT_CHANGE,True,VERIFIED_SEC_ACQUISITION,,native/C02/a10bee0193ce4e6e96022750362a1b69,RUN_ARCHIVE_COORDINATE,2025-01-01,2025-12-31,2025,2025-01-01,2025-12-31,NATIVE_REPLAY_VERIFIED,[]
Marriott International,1048286,C02,https://www.sec.gov/Archives/edgar/data/1048286/000114036126011590/ny20062722x771_def14a.htm,evidence/request_attempts/af/af1ce7fb95700c7417820ed1cb9d8c361d2341e04a6bbb10b58cb6c2f0e2b56c/ny20062722x771_def14a.htm,af1ce7fb95700c7417820ed1cb9d8c361d2341e04a6bbb10b58cb6c2f0e2b56c,0001140361-26-011590,ny20062722x771_def14a.htm,Governance disclosures,GOVERNANCE_DISCLOSURES:bytes:383705-384294:sha256:0625c0e751bb665684db41ed597d7a6d4f0265fb99e21ac9eb5bc1b51fbc008b,text,2025-01-01,2025-12-31,"Independent Committee Oversight. Our Audit, Human Resources and Compensation, Nominating and Corporate Governance, and Technology and Information Security Oversight committees are composed solely of independent directors. Consequently, the independent directors directly oversee such critical items as the Company’s financial statements, executive compensation, the selection and evaluation of directors, the development and implementation of our corporate governance programs, and technology, information security and privacy.","Independent Committee Oversight. Our Audit, Human Resources and Compensation, Nominating and Corporate Governance, and Technology and Information Security Oversight committees are composed solely of independent directors. Consequently, the independent directors directly oversee such critical items as the Company’s financial statements, executive compensation, the selection and evaluation of directors, the development and implementation of our corporate governance programs, and technology, information security and privacy.","Independent Committee Oversight. Our Audit, Human Resources and Compensation, Nominating and Corporate Governance, and Technology and Information Security Oversight committees are composed solely of independent directors. Consequently, the independent directors directly oversee such critical items as the Company’s financial statements, executive compensation, the selection and evaluation of directors, the development and implementation of our corporate governance programs, and technology, information security and privacy.",verbatim_source_excerpt,TEXT_V1,marriott_international,run:ordinary-integrated:4d31771a9dcfcf9140f1e06ed28ee9285780491649c520c26839a4aebec3b70c,sha256:76d930fa42981de3f33acdbf5d07beb1b40308dfaa700c2b1bf6a066e67f0e8f,issue_54_v4,sha256:7e577402fa98974628bf613a3a82e66d79f55385ccce117ea5d1f0cd11d49fa2,sha256:671a25cd86baceec0cd20a6be08cbb225328ce65bf46e91fb435a80ca39da4d9,sha256:7050dd9ee6cfd0e50cbe3e2d694b6b1131c8fcc498d95579b41751fed7f3c896,sha256:7050dd9ee6cfd0e50cbe3e2d694b6b1131c8fcc498d95579b41751fed7f3c896,,,True,MATCHED,REPLAY_VERIFIED_CONTENT_NOT_ACCEPTED,NO_SOURCE_CONTENT_CHANGE,NO_SOURCE_CONTENT_CHANGE,True,VERIFIED_SEC_ACQUISITION,,native/C02/a10bee0193ce4e6e96022750362a1b69,RUN_ARCHIVE_COORDINATE,2025-01-01,2025-12-31,2025,2025-01-01,2025-12-31,NATIVE_REPLAY_VERIFIED,[]
Marriott International,1048286,C02,https://www.sec.gov/Archives/edgar/data/1048286/000114036126011590/ny20062722x771_def14a.htm,evidence/request_attempts/af/af1ce7fb95700c7417820ed1cb9d8c361d2341e04a6bbb10b58cb6c2f0e2b56c/ny20062722x771_def14a.htm,af1ce7fb95700c7417820ed1cb9d8c361d2341e04a6bbb10b58cb6c2f0e2b56c,0001140361-26-011590,ny20062722x771_def14a.htm,Governance disclosures,GOVERNANCE_DISCLOSURES:bytes:391834-392058:sha256:75fc7bf311089ed602c43a3e33bfe19176e5e052b99969e1578ce8802e2f0b3c,text,2025-01-01,2025-12-31,"A majority of our director nominees are independent with a mix of short-, medium- and long-term tenure. Five of our 12 director nominees are female and seven are male, and three of our director nominees are people of color.","A majority of our director nominees are independent with a mix of short-, medium- and long-term tenure. Five of our 12 director nominees are female and seven are male, and three of our director nominees are people of color.","A majority of our director nominees are independent with a mix of short-, medium- and long-term tenure. Five of our 12 director nominees are female and seven are male, and three of our director nominees are people of color.",verbatim_source_excerpt,TEXT_V1,marriott_international,run:ordinary-integrated:4d31771a9dcfcf9140f1e06ed28ee9285780491649c520c26839a4aebec3b70c,sha256:76d930fa42981de3f33acdbf5d07beb1b40308dfaa700c2b1bf6a066e67f0e8f,issue_54_v4,sha256:7e577402fa98974628bf613a3a82e66d79f55385ccce117ea5d1f0cd11d49fa2,sha256:671a25cd86baceec0cd20a6be08cbb225328ce65bf46e91fb435a80ca39da4d9,sha256:7050dd9ee6cfd0e50cbe3e2d694b6b1131c8fcc498d95579b41751fed7f3c896,sha256:7050dd9ee6cfd0e50cbe3e2d694b6b1131c8fcc498d95579b41751fed7f3c896,,,True,MATCHED,REPLAY_VERIFIED_CONTENT_NOT_ACCEPTED,NO_SOURCE_CONTENT_CHANGE,NO_SOURCE_CONTENT_CHANGE,True,VERIFIED_SEC_ACQUISITION,,native/C02/a10bee0193ce4e6e96022750362a1b69,RUN_ARCHIVE_COORDINATE,2025-01-01,2025-12-31,2025,2025-01-01,2025-12-31,NATIVE_REPLAY_VERIFIED,[]
Marriott International,1048286,C02,https://www.sec.gov/Archives/edgar/data/1048286/000114036126011590/ny20062722x771_def14a.htm,evidence/request_attempts/af/af1ce7fb95700c7417820ed1cb9d8c361d2341e04a6bbb10b58cb6c2f0e2b56c/ny20062722x771_def14a.htm,af1ce7fb95700c7417820ed1cb9d8c361d2341e04a6bbb10b58cb6c2f0e2b56c,0001140361-26-011590,ny20062722x771_def14a.htm,Governance disclosures,GOVERNANCE_DISCLOSURES:bytes:426428-426517:sha256:eebbfe64c5bcebc830969099cf355440d51ca25c962a74c2602ca034b118d202,text,2025-01-01,2025-12-31,"Chairman of the Board, Marriott International, Inc.","Chairman of the Board, Marriott International, Inc.","Chairman of the Board, Marriott International, Inc.",verbatim_source_excerpt,TEXT_V1,marriott_international,run:ordinary-integrated:4d31771a9dcfcf9140f1e06ed28ee9285780491649c520c26839a4aebec3b70c,sha256:76d930fa42981de3f33acdbf5d07beb1b40308dfaa700c2b1bf6a066e67f0e8f,issue_54_v4,sha256:7e577402fa98974628bf613a3a82e66d79f55385ccce117ea5d1f0cd11d49fa2,sha256:671a25cd86baceec0cd20a6be08cbb225328ce65bf46e91fb435a80ca39da4d9,sha256:7050dd9ee6cfd0e50cbe3e2d694b6b1131c8fcc498d95579b41751fed7f3c896,sha256:7050dd9ee6cfd0e50cbe3e2d694b6b1131c8fcc498d95579b41751fed7f3c896,,,True,MATCHED,REPLAY_VERIFIED_CONTENT_NOT_ACCEPTED,NO_SOURCE_CONTENT_CHANGE,NO_SOURCE_CONTENT_CHANGE,True,VERIFIED_SEC_ACQUISITION,,native/C02/a10bee0193ce4e6e96022750362a1b69,RUN_ARCHIVE_COORDINATE,2025-01-01,2025-12-31,2025,2025-01-01,2025-12-31,NATIVE_REPLAY_VERIFIED,[]
Marriott International,1048286,C02,https://www.sec.gov/Archives/edgar/data/1048286/000114036126011590/ny20062722x771_def14a.htm,evidence/request_attempts/af/af1ce7fb95700c7417820ed1cb9d8c361d2341e04a6bbb10b58cb6c2f0e2b56c/ny20062722x771_def14a.htm,af1ce7fb95700c7417820ed1cb9d8c361d2341e04a6bbb10b58cb6c2f0e2b56c,0001140361-26-011590,ny20062722x771_def14a.htm,Governance disclosures,GOVERNANCE_DISCLOSURES:bytes:653080-653948:sha256:4c6baa6b06feec949892d8615852e2aabdf13cce95089b2d45cd5950166f2d9e,text,2025-01-01,2025-12-31,"Based on the standards set forth in the Governance Principles, the Board affirmatively determined that Ms. Goren, Mr. Henderson, Ms. Hobart, Ms. Lee, Mr. Lewis, Ms. McCarthy, Mr. Reid, Mr. Rozanski, Ambassador Schwab, and Mr. Tresvant are each independent of the Company and its management. In making this determination, the Board found that none of these directors had a relationship that would interfere with the exercise of independent judgment in carrying out the responsibilities of a director of Marriott.
Mr. Anthony Capuano, Mrs. Harrison, and Mr. David S. Marriott are considered not independent as a result of their current or former employment with the Company and/or family relationships.","Based on the standards set forth in the Governance Principles, the Board affirmatively determined that Ms. Goren, Mr. Henderson, Ms. Hobart, Ms. Lee, Mr. Lewis, Ms. McCarthy, Mr. Reid, Mr. Rozanski, Ambassador Schwab, and Mr. Tresvant are each independent of the Company and its management. In making this determination, the Board found that none of these directors had a relationship that would interfere with the exercise of independent judgment in carrying out the responsibilities of a director of Marriott.
Mr. Anthony Capuano, Mrs. Harrison, and Mr. David S. Marriott are considered not independent as a result of their current or former employment with the Company and/or family relationships.","Based on the standards set forth in the Governance Principles, the Board affirmatively determined that Ms. Goren, Mr. Henderson, Ms. Hobart, Ms. Lee, Mr. Lewis, Ms. McCarthy, Mr. Reid, Mr. Rozanski, Ambassador Schwab, and Mr. Tresvant are each independent of the Company and its management. In making this determination, the Board found that none of these directors had a relationship that would interfere with the exercise of independent judgment in carrying out the responsibilities of a director of Marriott.
Mr. Anthony Capuano, Mrs. Harrison, and Mr. David S. Marriott are considered not independent as a result of their current or former employment with the Company and/or family relationships.",verbatim_source_excerpt,TEXT_V1,marriott_international,run:ordinary-integrated:4d31771a9dcfcf9140f1e06ed28ee9285780491649c520c26839a4aebec3b70c,sha256:76d930fa42981de3f33acdbf5d07beb1b40308dfaa700c2b1bf6a066e67f0e8f,issue_54_v4,sha256:7e577402fa98974628bf613a3a82e66d79f55385ccce117ea5d1f0cd11d49fa2,sha256:671a25cd86baceec0cd20a6be08cbb225328ce65bf46e91fb435a80ca39da4d9,sha256:7050dd9ee6cfd0e50cbe3e2d694b6b1131c8fcc498d95579b41751fed7f3c896,sha256:7050dd9ee6cfd0e50cbe3e2d694b6b1131c8fcc498d95579b41751fed7f3c896,,,True,MATCHED,REPLAY_VERIFIED_CONTENT_NOT_ACCEPTED,NO_SOURCE_CONTENT_CHANGE,NO_SOURCE_CONTENT_CHANGE,True,VERIFIED_SEC_ACQUISITION,,native/C02/a10bee0193ce4e6e96022750362a1b69,RUN_ARCHIVE_COORDINATE,2025-01-01,2025-12-31,2025,2025-01-01,2025-12-31,NATIVE_REPLAY_VERIFIED,[]
Marriott International,1048286,C02,https://www.sec.gov/Archives/edgar/data/1048286/000114036126011590/ny20062722x771_def14a.htm,evidence/request_attempts/af/af1ce7fb95700c7417820ed1cb9d8c361d2341e04a6bbb10b58cb6c2f0e2b56c/ny20062722x771_def14a.htm,af1ce7fb95700c7417820ed1cb9d8c361d2341e04a6bbb10b58cb6c2f0e2b56c,0001140361-26-011590,ny20062722x771_def14a.htm,Governance disclosures,GOVERNANCE_DISCLOSURES:bytes:657957-662026:sha256:c71b7fb2c6112eef966f9bb30ad8383fb5544fe17ab3848db8e66642f77698ad,text,2025-01-01,2025-12-31,"The Board has six standing committees: Audit; Human Resources and Compensation; Nominating and Corporate Governance; Inclusion and Social Impact; Technology and Information Security Oversight; and Executive. The Board has determined that all members of the Audit Committee, Human Resources and Compensation Committee, and Nominating and Corporate Governance Committee are independent under the applicable rules and regulations of the Nasdaq Listing Standards, including the standards applicable to compensation committee members, and the U.S. Securities and Exchange Commission (the “SEC”), that all members of the Audit Committee meet the Nasdaq listing standard of financial sophistication, and that Ms. Goren, Mr. Henderson, and Mr. Lewis are audit committee financial experts as defined in SEC rules. The Board has adopted a written charter for each committee, and those charters are available on the Investor Relations section of our website (www.Marriott.com/Investor) by clicking on “Governance” and then “Documents & Charters.” You also may request copies of the committee charters from the Company’s Secretary.
The table below indicates the current members of the applicable Board committee, the primary responsibilities of such committee, and the number of meetings held in 2025. Excluding the Executive Committee, which does not meet on a regular basis, three of the Board’s five standing committees are currently chaired by women, and two of the Board’s five standing committees are currently chaired by people of color.
Audit Committee
Number of Meetings in 2025: 8
Current Members","The Board has six standing committees: Audit; Human Resources and Compensation; Nominating and Corporate Governance; Inclusion and Social Impact; Technology and Information Security Oversight; and Executive. The Board has determined that all members of the Audit Committee, Human Resources and Compensation Committee, and Nominating and Corporate Governance Committee are independent under the applicable rules and regulations of the Nasdaq Listing Standards, including the standards applicable to compensation committee members, and the U.S. Securities and Exchange Commission (the “SEC”), that all members of the Audit Committee meet the Nasdaq listing standard of financial sophistication, and that Ms. Goren, Mr. Henderson, and Mr. Lewis are audit committee financial experts as defined in SEC rules. The Board has adopted a written charter for each committee, and those charters are available on the Investor Relations section of our website (www.Marriott.com/Investor) by clicking on “Governance” and then “Documents & Charters.” You also may request copies of the committee charters from the Company’s Secretary.
The table below indicates the current members of the applicable Board committee, the primary responsibilities of such committee, and the number of meetings held in 2025. Excluding the Executive Committee, which does not meet on a regular basis, three of the Board’s five standing committees are currently chaired by women, and two of the Board’s five standing committees are currently chaired by people of color.
Audit Committee
Number of Meetings in 2025: 8
Current Members","The Board has six standing committees: Audit; Human Resources and Compensation; Nominating and Corporate Governance; Inclusion and Social Impact; Technology and Information Security Oversight; and Executive. The Board has determined that all members of the Audit Committee, Human Resources and Compensation Committee, and Nominating and Corporate Governance Committee are independent under the applicable rules and regulations of the Nasdaq Listing Standards, including the standards applicable to compensation committee members, and the U.S. Securities and Exchange Commission (the “SEC”), that all members of the Audit Committee meet the Nasdaq listing standard of financial sophistication, and that Ms. Goren, Mr. Henderson, and Mr. Lewis are audit committee financial experts as defined in SEC rules. The Board has adopted a written charter for each committee, and those charters are available on the Investor Relations section of our website (www.Marriott.com/Investor) by clicking on “Governance” and then “Documents & Charters.” You also may request copies of the committee charters from the Company’s Secretary.
The table below indicates the current members of the applicable Board committee, the primary responsibilities of such committee, and the number of meetings held in 2025. Excluding the Executive Committee, which does not meet on a regular basis, three of the Board’s five standing committees are currently chaired by women, and two of the Board’s five standing committees are currently chaired by people of color.
Audit Committee
Number of Meetings in 2025: 8
Current Members",verbatim_source_excerpt,TEXT_V1,marriott_international,run:ordinary-integrated:4d31771a9dcfcf9140f1e06ed28ee9285780491649c520c26839a4aebec3b70c,sha256:76d930fa42981de3f33acdbf5d07beb1b40308dfaa700c2b1bf6a066e67f0e8f,issue_54_v4,sha256:7e577402fa98974628bf613a3a82e66d79f55385ccce117ea5d1f0cd11d49fa2,sha256:671a25cd86baceec0cd20a6be08cbb225328ce65bf46e91fb435a80ca39da4d9,sha256:7050dd9ee6cfd0e50cbe3e2d694b6b1131c8fcc498d95579b41751fed7f3c896,sha256:7050dd9ee6cfd0e50cbe3e2d694b6b1131c8fcc498d95579b41751fed7f3c896,,,True,MATCHED,REPLAY_VERIFIED_CONTENT_NOT_ACCEPTED,NO_SOURCE_CONTENT_CHANGE,NO_SOURCE_CONTENT_CHANGE,True,VERIFIED_SEC_ACQUISITION,,native/C02/a10bee0193ce4e6e96022750362a1b69,RUN_ARCHIVE_COORDINATE,2025-01-01,2025-12-31,2025,2025-01-01,2025-12-31,NATIVE_REPLAY_VERIFIED,[]
Marriott International,1048286,C02,https://www.sec.gov/Archives/edgar/data/1048286/000114036126011590/ny20062722x771_def14a.htm,evidence/request_attempts/af/af1ce7fb95700c7417820ed1cb9d8c361d2341e04a6bbb10b58cb6c2f0e2b56c/ny20062722x771_def14a.htm,af1ce7fb95700c7417820ed1cb9d8c361d2341e04a6bbb10b58cb6c2f0e2b56c,0001140361-26-011590,ny20062722x771_def14a.htm,Governance disclosures,GOVERNANCE_DISCLOSURES:bytes:668825-673562:sha256:8d9ae6be47231816645826a2e90e5829d0127a492c43c80159125802dc4a1bb2,text,2025-01-01,2025-12-31,"Isabella D.
Goren
CHAIR
Frederick A.
Henderson
Aylwin B.
Lewis
Margaret M.
McCarthy
Grant F.
Reid","Isabella D.
Goren
CHAIR
Frederick A.
Henderson
Aylwin B.
Lewis
Margaret M.
McCarthy
Grant F.
Reid","Isabella D.
Goren
CHAIR
Frederick A.
Henderson
Aylwin B.
Lewis
Margaret M.
McCarthy
Grant F.
Reid",verbatim_source_excerpt,TEXT_V1,marriott_international,run:ordinary-integrated:4d31771a9dcfcf9140f1e06ed28ee9285780491649c520c26839a4aebec3b70c,sha256:76d930fa42981de3f33acdbf5d07beb1b40308dfaa700c2b1bf6a066e67f0e8f,issue_54_v4,sha256:7e577402fa98974628bf613a3a82e66d79f55385ccce117ea5d1f0cd11d49fa2,sha256:671a25cd86baceec0cd20a6be08cbb225328ce65bf46e91fb435a80ca39da4d9,sha256:7050dd9ee6cfd0e50cbe3e2d694b6b1131c8fcc498d95579b41751fed7f3c896,sha256:7050dd9ee6cfd0e50cbe3e2d694b6b1131c8fcc498d95579b41751fed7f3c896,,,True,MATCHED,REPLAY_VERIFIED_CONTENT_NOT_ACCEPTED,NO_SOURCE_CONTENT_CHANGE,NO_SOURCE_CONTENT_CHANGE,True,VERIFIED_SEC_ACQUISITION,,native/C02/a10bee0193ce4e6e96022750362a1b69,RUN_ARCHIVE_COORDINATE,2025-01-01,2025-12-31,2025,2025-01-01,2025-12-31,NATIVE_REPLAY_VERIFIED,[]
Marriott International,1048286,C02,https://www.sec.gov/Archives/edgar/data/1048286/000114036126011590/ny20062722x771_def14a.htm,evidence/request_attempts/af/af1ce7fb95700c7417820ed1cb9d8c361d2341e04a6bbb10b58cb6c2f0e2b56c/ny20062722x771_def14a.htm,af1ce7fb95700c7417820ed1cb9d8c361d2341e04a6bbb10b58cb6c2f0e2b56c,0001140361-26-011590,ny20062722x771_def14a.htm,Governance disclosures,GOVERNANCE_DISCLOSURES:bytes:679482-680613:sha256:def0411f8d0a5525ea64a731a8fcd76ae184d96afedbd64ccb0fe16ab13a9805,text,2025-01-01,2025-12-31,"Human Resources and Compensation Committee
Number of Meetings in 2025: 5
Current Members","Human Resources and Compensation Committee
Number of Meetings in 2025: 5
Current Members","Human Resources and Compensation Committee
Number of Meetings in 2025: 5
Current Members",verbatim_source_excerpt,TEXT_V1,marriott_international,run:ordinary-integrated:4d31771a9dcfcf9140f1e06ed28ee9285780491649c520c26839a4aebec3b70c,sha256:76d930fa42981de3f33acdbf5d07beb1b40308dfaa700c2b1bf6a066e67f0e8f,issue_54_v4,sha256:7e577402fa98974628bf613a3a82e66d79f55385ccce117ea5d1f0cd11d49fa2,sha256:671a25cd86baceec0cd20a6be08cbb225328ce65bf46e91fb435a80ca39da4d9,sha256:7050dd9ee6cfd0e50cbe3e2d694b6b1131c8fcc498d95579b41751fed7f3c896,sha256:7050dd9ee6cfd0e50cbe3e2d694b6b1131c8fcc498d95579b41751fed7f3c896,,,True,MATCHED,REPLAY_VERIFIED_CONTENT_NOT_ACCEPTED,NO_SOURCE_CONTENT_CHANGE,NO_SOURCE_CONTENT_CHANGE,True,VERIFIED_SEC_ACQUISITION,,native/C02/a10bee0193ce4e6e96022750362a1b69,RUN_ARCHIVE_COORDINATE,2025-01-01,2025-12-31,2025,2025-01-01,2025-12-31,NATIVE_REPLAY_VERIFIED,[]
Marriott International,1048286,C02,https://www.sec.gov/Archives/edgar/data/1048286/000114036126011590/ny20062722x771_def14a.htm,evidence/request_attempts/af/af1ce7fb95700c7417820ed1cb9d8c361d2341e04a6bbb10b58cb6c2f0e2b56c/ny20062722x771_def14a.htm,af1ce7fb95700c7417820ed1cb9d8c361d2341e04a6bbb10b58cb6c2f0e2b56c,0001140361-26-011590,ny20062722x771_def14a.htm,Governance disclosures,GOVERNANCE_DISCLOSURES:bytes:687535-694562:sha256:33ff03c91f2f4dcc5c4d0988b129e0ab77184cc0b052f48beb68098e99b3523f,text,2025-01-01,2025-12-31,"Aylwin B.
Lewis
CHAIR
Lauren R.
Hobart
Horacio D.
Rozanski
Susan C.
Schwab
Nominating and Corporate Governance Committee
Number of Meetings in 2025: 6
Current Members","Aylwin B.
Lewis
CHAIR
Lauren R.
Hobart
Horacio D.
Rozanski
Susan C.
Schwab
Nominating and Corporate Governance Committee
Number of Meetings in 2025: 6
Current Members","Aylwin B.
Lewis
CHAIR
Lauren R.
Hobart
Horacio D.
Rozanski
Susan C.
Schwab
Nominating and Corporate Governance Committee
Number of Meetings in 2025: 6
Current Members",verbatim_source_excerpt,TEXT_V1,marriott_international,run:ordinary-integrated:4d31771a9dcfcf9140f1e06ed28ee9285780491649c520c26839a4aebec3b70c,sha256:76d930fa42981de3f33acdbf5d07beb1b40308dfaa700c2b1bf6a066e67f0e8f,issue_54_v4,sha256:7e577402fa98974628bf613a3a82e66d79f55385ccce117ea5d1f0cd11d49fa2,sha256:671a25cd86baceec0cd20a6be08cbb225328ce65bf46e91fb435a80ca39da4d9,sha256:7050dd9ee6cfd0e50cbe3e2d694b6b1131c8fcc498d95579b41751fed7f3c896,sha256:7050dd9ee6cfd0e50cbe3e2d694b6b1131c8fcc498d95579b41751fed7f3c896,,,True,MATCHED,REPLAY_VERIFIED_CONTENT_NOT_ACCEPTED,NO_SOURCE_CONTENT_CHANGE,NO_SOURCE_CONTENT_CHANGE,True,VERIFIED_SEC_ACQUISITION,,native/C02/a10bee0193ce4e6e96022750362a1b69,RUN_ARCHIVE_COORDINATE,2025-01-01,2025-12-31,2025,2025-01-01,2025-12-31,NATIVE_REPLAY_VERIFIED,[]
Marriott International,1048286,C02,https://www.sec.gov/Archives/edgar/data/1048286/000114036126011590/ny20062722x771_def14a.htm,evidence/request_attempts/af/af1ce7fb95700c7417820ed1cb9d8c361d2341e04a6bbb10b58cb6c2f0e2b56c/ny20062722x771_def14a.htm,af1ce7fb95700c7417820ed1cb9d8c361d2341e04a6bbb10b58cb6c2f0e2b56c,0001140361-26-011590,ny20062722x771_def14a.htm,Governance disclosures,GOVERNANCE_DISCLOSURES:bytes:700561-704141:sha256:620f64931dbd2291f89e137d2b3646a496acb84a34053418e3c180ae71319e8c,text,2025-01-01,2025-12-31,"Frederick A.
Henderson
CHAIR
Isabella D.
Goren
Debra L.
Lee
Aylwin B.
Lewis","Frederick A.
Henderson
CHAIR
Isabella D.
Goren
Debra L.
Lee
Aylwin B.
Lewis","Frederick A.
Henderson
CHAIR
Isabella D.
Goren
Debra L.
Lee
Aylwin B.
Lewis",verbatim_source_excerpt,TEXT_V1,marriott_international,run:ordinary-integrated:4d31771a9dcfcf9140f1e06ed28ee9285780491649c520c26839a4aebec3b70c,sha256:76d930fa42981de3f33acdbf5d07beb1b40308dfaa700c2b1bf6a066e67f0e8f,issue_54_v4,sha256:7e577402fa98974628bf613a3a82e66d79f55385ccce117ea5d1f0cd11d49fa2,sha256:671a25cd86baceec0cd20a6be08cbb225328ce65bf46e91fb435a80ca39da4d9,sha256:7050dd9ee6cfd0e50cbe3e2d694b6b1131c8fcc498d95579b41751fed7f3c896,sha256:7050dd9ee6cfd0e50cbe3e2d694b6b1131c8fcc498d95579b41751fed7f3c896,,,True,MATCHED,REPLAY_VERIFIED_CONTENT_NOT_ACCEPTED,NO_SOURCE_CONTENT_CHANGE,NO_SOURCE_CONTENT_CHANGE,True,VERIFIED_SEC_ACQUISITION,,native/C02/a10bee0193ce4e6e96022750362a1b69,RUN_ARCHIVE_COORDINATE,2025-01-01,2025-12-31,2025,2025-01-01,2025-12-31,NATIVE_REPLAY_VERIFIED,[]
Marriott International,1048286,C02,https://www.sec.gov/Archives/edgar/data/1048286/000114036126011590/ny20062722x771_def14a.htm,evidence/request_attempts/af/af1ce7fb95700c7417820ed1cb9d8c361d2341e04a6bbb10b58cb6c2f0e2b56c/ny20062722x771_def14a.htm,af1ce7fb95700c7417820ed1cb9d8c361d2341e04a6bbb10b58cb6c2f0e2b56c,0001140361-26-011590,ny20062722x771_def14a.htm,Governance disclosures,GOVERNANCE_DISCLOSURES:bytes:710195-711297:sha256:2293fec347d5bf99b06c83d35bf06ca927d367933f12193d58379194ec72b7c8,text,2025-01-01,2025-12-31,"Inclusion and Social Impact Committee
Number of Meetings in 2025: 4
Current Members","Inclusion and Social Impact Committee
Number of Meetings in 2025: 4
Current Members","Inclusion and Social Impact Committee
Number of Meetings in 2025: 4
Current Members",verbatim_source_excerpt,TEXT_V1,marriott_international,run:ordinary-integrated:4d31771a9dcfcf9140f1e06ed28ee9285780491649c520c26839a4aebec3b70c,sha256:76d930fa42981de3f33acdbf5d07beb1b40308dfaa700c2b1bf6a066e67f0e8f,issue_54_v4,sha256:7e577402fa98974628bf613a3a82e66d79f55385ccce117ea5d1f0cd11d49fa2,sha256:671a25cd86baceec0cd20a6be08cbb225328ce65bf46e91fb435a80ca39da4d9,sha256:7050dd9ee6cfd0e50cbe3e2d694b6b1131c8fcc498d95579b41751fed7f3c896,sha256:7050dd9ee6cfd0e50cbe3e2d694b6b1131c8fcc498d95579b41751fed7f3c896,,,True,MATCHED,REPLAY_VERIFIED_CONTENT_NOT_ACCEPTED,NO_SOURCE_CONTENT_CHANGE,NO_SOURCE_CONTENT_CHANGE,True,VERIFIED_SEC_ACQUISITION,,native/C02/a10bee0193ce4e6e96022750362a1b69,RUN_ARCHIVE_COORDINATE,2025-01-01,2025-12-31,2025,2025-01-01,2025-12-31,NATIVE_REPLAY_VERIFIED,[]
Marriott International,1048286,C02,https://www.sec.gov/Archives/edgar/data/1048286/000114036126011590/ny20062722x771_def14a.htm,evidence/request_attempts/af/af1ce7fb95700c7417820ed1cb9d8c361d2341e04a6bbb10b58cb6c2f0e2b56c/ny20062722x771_def14a.htm,af1ce7fb95700c7417820ed1cb9d8c361d2341e04a6bbb10b58cb6c2f0e2b56c,0001140361-26-011590,ny20062722x771_def14a.htm,Governance disclosures,GOVERNANCE_DISCLOSURES:bytes:716594-722242:sha256:55a5ab81cae5f58ccafec2c1dbc3e2a5aa4323e1d887df4da723b3047d1cf2cc,text,2025-01-01,2025-12-31,"Debra L.
Lee
CHAIR
Anthony G.
Capuano
Deborah M.
Harrison
David S.
Marriott
Grant F.
Reid
Sean C.
Tresvant","Debra L.
Lee
CHAIR
Anthony G.
Capuano
Deborah M.
Harrison
David S.
Marriott
Grant F.
Reid
Sean C.
Tresvant","Debra L.
Lee
CHAIR
Anthony G.
Capuano
Deborah M.
Harrison
David S.
Marriott
Grant F.
Reid
Sean C.
Tresvant",verbatim_source_excerpt,TEXT_V1,marriott_international,run:ordinary-integrated:4d31771a9dcfcf9140f1e06ed28ee9285780491649c520c26839a4aebec3b70c,sha256:76d930fa42981de3f33acdbf5d07beb1b40308dfaa700c2b1bf6a066e67f0e8f,issue_54_v4,sha256:7e577402fa98974628bf613a3a82e66d79f55385ccce117ea5d1f0cd11d49fa2,sha256:671a25cd86baceec0cd20a6be08cbb225328ce65bf46e91fb435a80ca39da4d9,sha256:7050dd9ee6cfd0e50cbe3e2d694b6b1131c8fcc498d95579b41751fed7f3c896,sha256:7050dd9ee6cfd0e50cbe3e2d694b6b1131c8fcc498d95579b41751fed7f3c896,,,True,MATCHED,REPLAY_VERIFIED_CONTENT_NOT_ACCEPTED,NO_SOURCE_CONTENT_CHANGE,NO_SOURCE_CONTENT_CHANGE,True,VERIFIED_SEC_ACQUISITION,,native/C02/a10bee0193ce4e6e96022750362a1b69,RUN_ARCHIVE_COORDINATE,2025-01-01,2025-12-31,2025,2025-01-01,2025-12-31,NATIVE_REPLAY_VERIFIED,[]
Marriott International,1048286,C02,https://www.sec.gov/Archives/edgar/data/1048286/000114036126011590/ny20062722x771_def14a.htm,evidence/request_attempts/af/af1ce7fb95700c7417820ed1cb9d8c361d2341e04a6bbb10b58cb6c2f0e2b56c/ny20062722x771_def14a.htm,af1ce7fb95700c7417820ed1cb9d8c361d2341e04a6bbb10b58cb6c2f0e2b56c,0001140361-26-011590,ny20062722x771_def14a.htm,Governance disclosures,GOVERNANCE_DISCLOSURES:bytes:728506-729650:sha256:69c674dc9b92fbfe311475015b6165cf2d881efecc250f6638100c1a962d93c2,text,2025-01-01,2025-12-31,"Technology and Information Security Oversight Committee
Number of Meetings in 2025: 4
Current Members","Technology and Information Security Oversight Committee
Number of Meetings in 2025: 4
Current Members","Technology and Information Security Oversight Committee
Number of Meetings in 2025: 4
Current Members",verbatim_source_excerpt,TEXT_V1,marriott_international,run:ordinary-integrated:4d31771a9dcfcf9140f1e06ed28ee9285780491649c520c26839a4aebec3b70c,sha256:76d930fa42981de3f33acdbf5d07beb1b40308dfaa700c2b1bf6a066e67f0e8f,issue_54_v4,sha256:7e577402fa98974628bf613a3a82e66d79f55385ccce117ea5d1f0cd11d49fa2,sha256:671a25cd86baceec0cd20a6be08cbb225328ce65bf46e91fb435a80ca39da4d9,sha256:7050dd9ee6cfd0e50cbe3e2d694b6b1131c8fcc498d95579b41751fed7f3c896,sha256:7050dd9ee6cfd0e50cbe3e2d694b6b1131c8fcc498d95579b41751fed7f3c896,,,True,MATCHED,REPLAY_VERIFIED_CONTENT_NOT_ACCEPTED,NO_SOURCE_CONTENT_CHANGE,NO_SOURCE_CONTENT_CHANGE,True,VERIFIED_SEC_ACQUISITION,,native/C02/a10bee0193ce4e6e96022750362a1b69,RUN_ARCHIVE_COORDINATE,2025-01-01,2025-12-31,2025,2025-01-01,2025-12-31,NATIVE_REPLAY_VERIFIED,[]
Marriott International,1048286,C02,https://www.sec.gov/Archives/edgar/data/1048286/000114036126011590/ny20062722x771_def14a.htm,evidence/request_attempts/af/af1ce7fb95700c7417820ed1cb9d8c361d2341e04a6bbb10b58cb6c2f0e2b56c/ny20062722x771_def14a.htm,af1ce7fb95700c7417820ed1cb9d8c361d2341e04a6bbb10b58cb6c2f0e2b56c,0001140361-26-011590,ny20062722x771_def14a.htm,Governance disclosures,GOVERNANCE_DISCLOSURES:bytes:735999-743020:sha256:5dbb5f9c5306ee8abe36979061834be0576134b0343aa2a569d205265ee9cf29,text,2025-01-01,2025-12-31,"Margaret M.
McCarthy
CHAIR
​
Lauren R.
Hobart
Horacio D.
Rozanski
Susan C.
Schwab
Sean C.
Tresvant
The Board also maintains an Executive Committee that is chaired by Mr. Marriott and on which Mr. Capuano, Mr. Henderson and Ms. Lee serve as members. The Executive Committee’s responsibilities include exercising the powers of the Board when it is not in session, subject to specific restrictions as to powers retained by the full Board. The Executive Committee did not meet in 2025.","Margaret M.
McCarthy
CHAIR
​
Lauren R.
Hobart
Horacio D.
Rozanski
Susan C.
Schwab
Sean C.
Tresvant
The Board also maintains an Executive Committee that is chaired by Mr. Marriott and on which Mr. Capuano, Mr. Henderson and Ms. Lee serve as members. The Executive Committee’s responsibilities include exercising the powers of the Board when it is not in session, subject to specific restrictions as to powers retained by the full Board. The Executive Committee did not meet in 2025.","Margaret M.
McCarthy
CHAIR
​
Lauren R.
Hobart
Horacio D.
Rozanski
Susan C.
Schwab
Sean C.
Tresvant
The Board also maintains an Executive Committee that is chaired by Mr. Marriott and on which Mr. Capuano, Mr. Henderson and Ms. Lee serve as members. The Executive Committee’s responsibilities include exercising the powers of the Board when it is not in session, subject to specific restrictions as to powers retained by the full Board. The Executive Committee did not meet in 2025.",verbatim_source_excerpt,TEXT_V1,marriott_international,run:ordinary-integrated:4d31771a9dcfcf9140f1e06ed28ee9285780491649c520c26839a4aebec3b70c,sha256:76d930fa42981de3f33acdbf5d07beb1b40308dfaa700c2b1bf6a066e67f0e8f,issue_54_v4,sha256:7e577402fa98974628bf613a3a82e66d79f55385ccce117ea5d1f0cd11d49fa2,sha256:671a25cd86baceec0cd20a6be08cbb225328ce65bf46e91fb435a80ca39da4d9,sha256:7050dd9ee6cfd0e50cbe3e2d694b6b1131c8fcc498d95579b41751fed7f3c896,sha256:7050dd9ee6cfd0e50cbe3e2d694b6b1131c8fcc498d95579b41751fed7f3c896,,,True,MATCHED,REPLAY_VERIFIED_CONTENT_NOT_ACCEPTED,NO_SOURCE_CONTENT_CHANGE,NO_SOURCE_CONTENT_CHANGE,True,VERIFIED_SEC_ACQUISITION,,native/C02/a10bee0193ce4e6e96022750362a1b69,RUN_ARCHIVE_COORDINATE,2025-01-01,2025-12-31,2025,2025-01-01,2025-12-31,NATIVE_REPLAY_VERIFIED,[]
Marriott International,1048286,C02,https://www.sec.gov/Archives/edgar/data/1048286/000114036126011590/ny20062722x771_def14a.htm,evidence/request_attempts/af/af1ce7fb95700c7417820ed1cb9d8c361d2341e04a6bbb10b58cb6c2f0e2b56c/ny20062722x771_def14a.htm,af1ce7fb95700c7417820ed1cb9d8c361d2341e04a6bbb10b58cb6c2f0e2b56c,0001140361-26-011590,ny20062722x771_def14a.htm,Governance disclosures,GOVERNANCE_DISCLOSURES:bytes:803277-804449:sha256:4c8b231f3fa681f25a9f003b5d961cc2fdd754b599e26fab76e36869b1ca60c8,text,2025-01-01,2025-12-31,"Members of the Audit Committee:
Isabella D. Goren (Chair)
Frederick A. Henderson
Aylwin B. Lewis
Margaret M. McCarthy
Grant F. Reid","Members of the Audit Committee:
Isabella D. Goren (Chair)
Frederick A. Henderson
Aylwin B. Lewis
Margaret M. McCarthy
Grant F. Reid","Members of the Audit Committee:
Isabella D. Goren (Chair)
Frederick A. Henderson
Aylwin B. Lewis
Margaret M. McCarthy
Grant F. Reid",verbatim_source_excerpt,TEXT_V1,marriott_international,run:ordinary-integrated:4d31771a9dcfcf9140f1e06ed28ee9285780491649c520c26839a4aebec3b70c,sha256:76d930fa42981de3f33acdbf5d07beb1b40308dfaa700c2b1bf6a066e67f0e8f,issue_54_v4,sha256:7e577402fa98974628bf613a3a82e66d79f55385ccce117ea5d1f0cd11d49fa2,sha256:671a25cd86baceec0cd20a6be08cbb225328ce65bf46e91fb435a80ca39da4d9,sha256:7050dd9ee6cfd0e50cbe3e2d694b6b1131c8fcc498d95579b41751fed7f3c896,sha256:7050dd9ee6cfd0e50cbe3e2d694b6b1131c8fcc498d95579b41751fed7f3c896,,,True,MATCHED,REPLAY_VERIFIED_CONTENT_NOT_ACCEPTED,NO_SOURCE_CONTENT_CHANGE,NO_SOURCE_CONTENT_CHANGE,True,VERIFIED_SEC_ACQUISITION,,native/C02/a10bee0193ce4e6e96022750362a1b69,RUN_ARCHIVE_COORDINATE,2025-01-01,2025-12-31,2025,2025-01-01,2025-12-31,NATIVE_REPLAY_VERIFIED,[]
Marriott International,1048286,C02,https://www.sec.gov/Archives/edgar/data/1048286/000114036126011590/ny20062722x771_def14a.htm,evidence/request_attempts/af/af1ce7fb95700c7417820ed1cb9d8c361d2341e04a6bbb10b58cb6c2f0e2b56c/ny20062722x771_def14a.htm,af1ce7fb95700c7417820ed1cb9d8c361d2341e04a6bbb10b58cb6c2f0e2b56c,0001140361-26-011590,ny20062722x771_def14a.htm,Governance disclosures,GOVERNANCE_DISCLOSURES:bytes:838468-840934:sha256:1ad59aee59d91c73ac3b396a4b9514ac866d9f8f6c78afa901187c7a7e8fe281,text,2025-01-01,2025-12-31,"The Human Resources and Compensation Committee (the “Committee”), which is composed solely of independent members of the Board, assists the Board in fulfilling its responsibilities relating to the Company’s compensation and human resources policies and practices, including matters related to executive development, director and executive compensation and benefits, management succession planning, and talent development and retention. As part of its responsibilities, the Committee oversees the Company’s executive compensation programs, which are designed to enable the Company to attract, retain and motivate executives capable of establishing and implementing business plans in the best interests of the stockholders. The Committee, on behalf of and, in certain instances, subject to the approval of the Board, reviews and approves compensation programs for certain senior officers. In this context, the Committee reviewed and discussed with management the Company’s CD&A required by Item 402(b) of SEC Regulation S-K. Following the reviews and discussions referred to above, the Committee recommended to the Board that the CD&A be incorporated by reference in the Company’s Annual Report on Form 10-K and included in this proxy statement.
Members of the Human Resources and Compensation Committee:
Aylwin B. Lewis (Chair)
Lauren R. Hobart
Horacio D. Rozanski
Susan C. Schwab","The Human Resources and Compensation Committee (the “Committee”), which is composed solely of independent members of the Board, assists the Board in fulfilling its responsibilities relating to the Company’s compensation and human resources policies and practices, including matters related to executive development, director and executive compensation and benefits, management succession planning, and talent development and retention. As part of its responsibilities, the Committee oversees the Company’s executive compensation programs, which are designed to enable the Company to attract, retain and motivate executives capable of establishing and implementing business plans in the best interests of the stockholders. The Committee, on behalf of and, in certain instances, subject to the approval of the Board, reviews and approves compensation programs for certain senior officers. In this context, the Committee reviewed and discussed with management the Company’s CD&A required by Item 402(b) of SEC Regulation S-K. Following the reviews and discussions referred to above, the Committee recommended to the Board that the CD&A be incorporated by reference in the Company’s Annual Report on Form 10-K and included in this proxy statement.
Members of the Human Resources and Compensation Committee:
Aylwin B. Lewis (Chair)
Lauren R. Hobart
Horacio D. Rozanski
Susan C. Schwab","The Human Resources and Compensation Committee (the “Committee”), which is composed solely of independent members of the Board, assists the Board in fulfilling its responsibilities relating to the Company’s compensation and human resources policies and practices, including matters related to executive development, director and executive compensation and benefits, management succession planning, and talent development and retention. As part of its responsibilities, the Committee oversees the Company’s executive compensation programs, which are designed to enable the Company to attract, retain and motivate executives capable of establishing and implementing business plans in the best interests of the stockholders. The Committee, on behalf of and, in certain instances, subject to the approval of the Board, reviews and approves compensation programs for certain senior officers. In this context, the Committee reviewed and discussed with management the Company’s CD&A required by Item 402(b) of SEC Regulation S-K. Following the reviews and discussions referred to above, the Committee recommended to the Board that the CD&A be incorporated by reference in the Company’s Annual Report on Form 10-K and included in this proxy statement.
Members of the Human Resources and Compensation Committee:
Aylwin B. Lewis (Chair)
Lauren R. Hobart
Horacio D. Rozanski
Susan C. Schwab",verbatim_source_excerpt,TEXT_V1,marriott_international,run:ordinary-integrated:4d31771a9dcfcf9140f1e06ed28ee9285780491649c520c26839a4aebec3b70c,sha256:76d930fa42981de3f33acdbf5d07beb1b40308dfaa700c2b1bf6a066e67f0e8f,issue_54_v4,sha256:7e577402fa98974628bf613a3a82e66d79f55385ccce117ea5d1f0cd11d49fa2,sha256:671a25cd86baceec0cd20a6be08cbb225328ce65bf46e91fb435a80ca39da4d9,sha256:7050dd9ee6cfd0e50cbe3e2d694b6b1131c8fcc498d95579b41751fed7f3c896,sha256:7050dd9ee6cfd0e50cbe3e2d694b6b1131c8fcc498d95579b41751fed7f3c896,,,True,MATCHED,REPLAY_VERIFIED_CONTENT_NOT_ACCEPTED,NO_SOURCE_CONTENT_CHANGE,NO_SOURCE_CONTENT_CHANGE,True,VERIFIED_SEC_ACQUISITION,,native/C02/a10bee0193ce4e6e96022750362a1b69,RUN_ARCHIVE_COORDINATE,2025-01-01,2025-12-31,2025,2025-01-01,2025-12-31,NATIVE_REPLAY_VERIFIED,[]
Marriott International,1048286,C02,https://www.sec.gov/Archives/edgar/data/1048286/000114036126011590/ny20062722x771_def14a.htm,evidence/request_attempts/af/af1ce7fb95700c7417820ed1cb9d8c361d2341e04a6bbb10b58cb6c2f0e2b56c/ny20062722x771_def14a.htm,af1ce7fb95700c7417820ed1cb9d8c361d2341e04a6bbb10b58cb6c2f0e2b56c,0001140361-26-011590,ny20062722x771_def14a.htm,Governance disclosures,GOVERNANCE_DISCLOSURES:bytes:2292113-2292182:sha256:c3aeb832918cc0b65746622e0d296a4958c688988ab18e16258cc23c6c186898,text,2025-01-01,2025-12-31,"Mr. Tresvant was appointed to the Board effective February 12, 2025.","Mr. Tresvant was appointed to the Board effective February 12, 2025.","Mr. Tresvant was appointed to the Board effective February 12, 2025.",verbatim_source_excerpt,TEXT_V1,marriott_international,run:ordinary-integrated:4d31771a9dcfcf9140f1e06ed28ee9285780491649c520c26839a4aebec3b70c,sha256:76d930fa42981de3f33acdbf5d07beb1b40308dfaa700c2b1bf6a066e67f0e8f,issue_54_v4,sha256:7e577402fa98974628bf613a3a82e66d79f55385ccce117ea5d1f0cd11d49fa2,sha256:671a25cd86baceec0cd20a6be08cbb225328ce65bf46e91fb435a80ca39da4d9,sha256:7050dd9ee6cfd0e50cbe3e2d694b6b1131c8fcc498d95579b41751fed7f3c896,sha256:7050dd9ee6cfd0e50cbe3e2d694b6b1131c8fcc498d95579b41751fed7f3c896,,,True,MATCHED,REPLAY_VERIFIED_CONTENT_NOT_ACCEPTED,NO_SOURCE_CONTENT_CHANGE,NO_SOURCE_CONTENT_CHANGE,True,VERIFIED_SEC_ACQUISITION,,native/C02/a10bee0193ce4e6e96022750362a1b69,RUN_ARCHIVE_COORDINATE,2025-01-01,2025-12-31,2025,2025-01-01,2025-12-31,NATIVE_REPLAY_VERIFIED,[]
Marriott International,1048286,C02,https://www.sec.gov/Archives/edgar/data/1048286/000114036126011590/ny20062722x771_def14a.htm,evidence/request_attempts/af/af1ce7fb95700c7417820ed1cb9d8c361d2341e04a6bbb10b58cb6c2f0e2b56c/ny20062722x771_def14a.htm,af1ce7fb95700c7417820ed1cb9d8c361d2341e04a6bbb10b58cb6c2f0e2b56c,0001140361-26-011590,ny20062722x771_def14a.htm,Governance disclosures,GOVERNANCE_DISCLOSURES:bytes:2455903-2457149:sha256:94cee16667f1793a8fb376805e609aeec03671247e28353313d7fc588d6578be,text,2025-01-01,2025-12-31,"Election of each of the 12 director nominees
FOR
each of the 12 director nominees","Election of each of the 12 director nominees
FOR
each of the 12 director nominees","Election of each of the 12 director nominees
FOR
each of the 12 director nominees",verbatim_source_excerpt,TEXT_V1,marriott_international,run:ordinary-integrated:4d31771a9dcfcf9140f1e06ed28ee9285780491649c520c26839a4aebec3b70c,sha256:76d930fa42981de3f33acdbf5d07beb1b40308dfaa700c2b1bf6a066e67f0e8f,issue_54_v4,sha256:7e577402fa98974628bf613a3a82e66d79f55385ccce117ea5d1f0cd11d49fa2,sha256:671a25cd86baceec0cd20a6be08cbb225328ce65bf46e91fb435a80ca39da4d9,sha256:7050dd9ee6cfd0e50cbe3e2d694b6b1131c8fcc498d95579b41751fed7f3c896,sha256:7050dd9ee6cfd0e50cbe3e2d694b6b1131c8fcc498d95579b41751fed7f3c896,,,True,MATCHED,REPLAY_VERIFIED_CONTENT_NOT_ACCEPTED,NO_SOURCE_CONTENT_CHANGE,NO_SOURCE_CONTENT_CHANGE,True,VERIFIED_SEC_ACQUISITION,,native/C02/a10bee0193ce4e6e96022750362a1b69,RUN_ARCHIVE_COORDINATE,2025-01-01,2025-12-31,2025,2025-01-01,2025-12-31,NATIVE_REPLAY_VERIFIED,[]
Marriott International,1048286,C03,https://www.sec.gov/Archives/edgar/data/1048286/000114036126011590/ny20062722x771_def14a.htm,evidence/request_attempts/af/af1ce7fb95700c7417820ed1cb9d8c361d2341e04a6bbb10b58cb6c2f0e2b56c/ny20062722x771_def14a.htm,af1ce7fb95700c7417820ed1cb9d8c361d2341e04a6bbb10b58cb6c2f0e2b56c,0001140361-26-011590,ny20062722x771_def14a.htm,Reported PEO total compensation,"{""source_binding"": {""accession"": ""0001140361-26-011590"", ""document_name"": ""ny20062722x771_def14a.htm"", ""fact_locators"": [{""context_ref"": ""c1"", ""ordinal"": 8, ""qualified_name"": ""ecd:PeoTotalCompAmt""}, {""context_ref"": ""c1"", ""ordinal"": 59, ""qualified_name"": ""ecd:PeoTotalCompAmt""}], ""raw_asset_id"": ""sha256:af1ce7fb95700c7417820ed1cb9d8c361d2341e04a6bbb10b58cb6c2f0e2b56c"", ""selection_id"": ""sha256:e659fe4e515b95e5cbcb47514d1fa22105cc4073c21acc797dbcb42510afa932"", ""source_reference_id"": ""sha256:8502035491e3d02bf5d2c2aced3923850a7c637f27c88d672201bfe615828580"", ""source_role"": ""governance_proxy""}, ""source_cells"": []}",USD,2025-01-01,2025-12-31,"22,970,926",22970926,Normalized source-derived observation: Reported PEO total compensation=22970926 unit=USD accn=0001140361-26-011590 filed=,native_verified_observation_projection,normal_numeric_projection_v1,marriott_international,run:ordinary-integrated:3488cd7142c0b85fbfeb5c38454509523efabb342a847911f17f8e6c706738e5,sha256:dc50a4506b06ae0b4eda71273a275f34cffc4fc73d0dfb9058881f2bf08f53da,issue_54_v4,sha256:7e577402fa98974628bf613a3a82e66d79f55385ccce117ea5d1f0cd11d49fa2,sha256:671a25cd86baceec0cd20a6be08cbb225328ce65bf46e91fb435a80ca39da4d9,sha256:7050dd9ee6cfd0e50cbe3e2d694b6b1131c8fcc498d95579b41751fed7f3c896,sha256:7050dd9ee6cfd0e50cbe3e2d694b6b1131c8fcc498d95579b41751fed7f3c896,,,True,MATCHED,REPLAY_VERIFIED_CONTENT_NOT_ACCEPTED,NO_SOURCE_CONTENT_CHANGE,NO_SOURCE_CONTENT_CHANGE,True,VERIFIED_SEC_ACQUISITION,,native/C03/c1e0a2aead0448338edeaea19b27fe5c,RUN_ARCHIVE_COORDINATE,2025-01-01,2025-12-31,2025,2025-01-01,2025-12-31,NATIVE_REPLAY_VERIFIED,[]
Marriott International,1048286,C04,https://www.sec.gov/Archives/edgar/data/1048286/000104828626000007/mar-20251231.htm,evidence/request_attempts/06/06cb3fb91679730cf46c8687bf9a821b6533c4e518a0f9f60d14fa57afb96505/mar-20251231.htm,06cb3fb91679730cf46c8687bf9a821b6533c4e518a0f9f60d14fa57afb96505,0001048286-26-000007,mar-20251231.htm,Auditor changes,"{""source_binding"": {""accession"": ""0001048286-26-000007"", ""current_accession"": ""0001048286-26-000007"", ""document_name"": ""mar-20251231.htm"", ""event_source_set_manifest_ids"": [""sha256:f91e53984d1056e7eda78233d1167ecfc7ea315d10c010eb6ce615d142f01f19""], ""matched_item_4_01_claim_ids"": [], ""prior_accession"": ""0001628280-25-004818"", ""raw_asset_id"": ""sha256:06cb3fb91679730cf46c8687bf9a821b6533c4e518a0f9f60d14fa57afb96505"", ""selection_id"": ""sha256:63b1ad8acce03626c559e426f53d92e920b9102a9c7d69417a3a45498b93b222"", ""source_reference_id"": ""sha256:43cecd37c71017d106d9d30426fada653a5dc490023ddb67da4339c07c48fc4e"", ""source_reference_ids"": [""sha256:43cecd37c71017d106d9d30426fada653a5dc490023ddb67da4339c07c48fc4e"", ""sha256:6139c18acde58b3ba5aff86a1debd212c1fade31d2ba8a0ce35a748947694a07"", ""sha256:b65d7d33206dd37c69379af2f27162d38d61b730af1f9346ce5e8b2c9e622368"", ""sha256:d7e4a9f6a5d5012058bd282dd004fb61de6f9a22c34c82eecc6644f85dc829a2"", ""sha256:5fbed365804130c17c75d2f0c910feb4d114758697e4b327f9c79021c86fe7f9"", ""sha256:36c617d02d818b4902d5acf94a0d1d04d4efd5d3400922c92295f8bbf0c17094"", ""sha256:e9e24d441b8acd4ada0efe679ab5bfea94f128291f76ab324186d53b449ac655"", ""sha256:60936afcc1962b3f09c405897c949eb586c262d02fdcd5e316511733012058eb"", ""sha256:9f5f13c37ddc067d22be465a6407bbf8989370dbcb4e51f50e38fa38acac9a8a"", ""sha256:1f83e50639e251e30a9d72aa512b92666a3d1238a9c34f9afe4b101057dae5cf"", ""sha256:36aaee45603a92559dc33f05bdc2dbeacf01b6281db974c39980942ea23282c8"", ""sha256:61a6a86137f6a970ed09f81a01e7f1635fd9245a556be6e5987a840f7b605ece"", ""sha256:392df5da6c2c026de0ff94468aa44b64c804fa215de3e7dd8fd23067a92eeb80"", ""sha256:cf130d2988d1fb9f249c865230b00afbe0e54cc31af3a7efc93a336c736927fa"", ""sha256:ee0c8e4b30d3ca31a613009dc7e2a96a7f643b5cb9aa9405490903577311f348"", ""sha256:2afc5ddf640c0aaa4cb4142cb7a0d46731c1d8f777997290321cee9e191449d9"", ""sha256:64a6300d558b6ed3b230cbc3e191503f47a828cb002c572c57a96bcf078f0d3d"", ""sha256:87109107b65e3837910d65360fdbd0f86f569c832c94c35dc8f477db39c33cfc"", ""sha256:b40feb7d686d1712e232352c0119993620b6b6ec6ac5def8ca52bbdd23364083"", ""sha256:04bb0255f0a10aaf9794d06b52cc4cbb45f4a45b8717df332bca22cd3741e8c0"", ""sha256:129213e529e3c4095c6f3ea680ffd30eea0bf2092a0a8af36781a30608ebcb2f"", ""sha256:38d839367e9e4abfd3e2ebb4ddc32a2f53e5a3bf74d9338be0c1059bb33efbb3"", ""sha256:81500619ec794bf93b0992dde23d029d41adbba885d35c2dea1e705443c183fb"", ""sha256:d4fdf2105a90e20788593ec0dd8922df5d294c1f446c1386216dfa613c20c65b"", ""sha256:2f5034de82073cc95a3941f8c9afbfa74013ab23ae81f5bfb1f54b1bb647573b""], ""source_role"": ""target_primary""}, ""source_cells"": []}",flag,2025-01-01,2025-12-31,,0,Normalized source-derived observation: Auditor changes=0 unit=flag accn=0001048286-26-000007 filed=,native_verified_observation_projection,normal_numeric_projection_v1,marriott_international,run:ordinary-integrated:5790fdbe6630748882e9ff013878bc31d7f24e738a919ddc6cad4997a8a14064,sha256:d79aadf2d0ead3024b80eacffbfaddb7d01bfb9158c42e9887642da5ff5fb1bc,issue_54_v4,sha256:7e577402fa98974628bf613a3a82e66d79f55385ccce117ea5d1f0cd11d49fa2,sha256:671a25cd86baceec0cd20a6be08cbb225328ce65bf46e91fb435a80ca39da4d9,sha256:7050dd9ee6cfd0e50cbe3e2d694b6b1131c8fcc498d95579b41751fed7f3c896,sha256:7050dd9ee6cfd0e50cbe3e2d694b6b1131c8fcc498d95579b41751fed7f3c896,,,True,MATCHED,REPLAY_VERIFIED_CONTENT_NOT_ACCEPTED,NO_SOURCE_CONTENT_CHANGE,NO_SOURCE_CONTENT_CHANGE,True,VERIFIED_SEC_ACQUISITION,,native/C04/d0aa9ff5f4de4ba6b8bc0d51f3f18557,RUN_ARCHIVE_COORDINATE,2025-01-01,2025-12-31,2025,2025-01-01,2025-12-31,NATIVE_REPLAY_VERIFIED,[]
Marriott International,1048286,D01,https://www.sec.gov/Archives/edgar/data/1048286/000104828626000007/mar-20251231.htm,evidence/request_attempts/06/06cb3fb91679730cf46c8687bf9a821b6533c4e518a0f9f60d14fa57afb96505/mar-20251231.htm,06cb3fb91679730cf46c8687bf9a821b6533c4e518a0f9f60d14fa57afb96505,0001048286-26-000007,mar-20251231.htm,Item 1A,ITEM_1A:bytes:423629-423659:sha256:dcc3056d8bd47ca0ebe0573e8c74d4af134e3a55c90542427c802d00853635a8,text,2025-01-01,2025-12-31,Risks Relating to Our Industry,Risks Relating to Our Industry,Risks Relating to Our Industry,verbatim_source_excerpt,TEXT_V1,marriott_international,run:ordinary-integrated:293a393ffb1343cd0a46dc7e7120b15145492c567f370ca321eb73c64f3803d5,sha256:a162d2476fd2ee85e9258d407fc2a9d7df81770d4d6b1a82577de6359bba2acf,issue_54_v4,sha256:7e577402fa98974628bf613a3a82e66d79f55385ccce117ea5d1f0cd11d49fa2,sha256:671a25cd86baceec0cd20a6be08cbb225328ce65bf46e91fb435a80ca39da4d9,sha256:7050dd9ee6cfd0e50cbe3e2d694b6b1131c8fcc498d95579b41751fed7f3c896,sha256:7050dd9ee6cfd0e50cbe3e2d694b6b1131c8fcc498d95579b41751fed7f3c896,,,True,MATCHED,REPLAY_VERIFIED_CONTENT_NOT_ACCEPTED,NO_SOURCE_CONTENT_CHANGE,NO_SOURCE_CONTENT_CHANGE,True,VERIFIED_SEC_ACQUISITION,,native/D01/bbbc267a44fb4da0be72bb874c7bd497,RUN_ARCHIVE_COORDINATE,2025-01-01,2025-12-31,2025,2025-01-01,2025-12-31,NATIVE_REPLAY_VERIFIED,[]
Marriott International,1048286,D01,https://www.sec.gov/Archives/edgar/data/1048286/000104828626000007/mar-20251231.htm,evidence/request_attempts/06/06cb3fb91679730cf46c8687bf9a821b6533c4e518a0f9f60d14fa57afb96505/mar-20251231.htm,06cb3fb91679730cf46c8687bf9a821b6533c4e518a0f9f60d14fa57afb96505,0001048286-26-000007,mar-20251231.htm,Item 1A,ITEM_1A:bytes:423849-423948:sha256:17bbcc68ea906a630b7416e1ee5f27bffba384a68925daf8dea26c8ff847a1b4,text,2025-01-01,2025-12-31,"Our industry is highly competitive, which may impact our ability to compete successfully for guests","Our industry is highly competitive, which may impact our ability to compete successfully for guests","Our industry is highly competitive, which may impact our ability to compete successfully for guests",verbatim_source_excerpt,TEXT_V1,marriott_international,run:ordinary-integrated:293a393ffb1343cd0a46dc7e7120b15145492c567f370ca321eb73c64f3803d5,sha256:a162d2476fd2ee85e9258d407fc2a9d7df81770d4d6b1a82577de6359bba2acf,issue_54_v4,sha256:7e577402fa98974628bf613a3a82e66d79f55385ccce117ea5d1f0cd11d49fa2,sha256:671a25cd86baceec0cd20a6be08cbb225328ce65bf46e91fb435a80ca39da4d9,sha256:7050dd9ee6cfd0e50cbe3e2d694b6b1131c8fcc498d95579b41751fed7f3c896,sha256:7050dd9ee6cfd0e50cbe3e2d694b6b1131c8fcc498d95579b41751fed7f3c896,,,True,MATCHED,REPLAY_VERIFIED_CONTENT_NOT_ACCEPTED,NO_SOURCE_CONTENT_CHANGE,NO_SOURCE_CONTENT_CHANGE,True,VERIFIED_SEC_ACQUISITION,,native/D01/bbbc267a44fb4da0be72bb874c7bd497,RUN_ARCHIVE_COORDINATE,2025-01-01,2025-12-31,2025,2025-01-01,2025-12-31,NATIVE_REPLAY_VERIFIED,[]
Marriott International,1048286,D01,https://www.sec.gov/Archives/edgar/data/1048286/000104828626000007/mar-20251231.htm,evidence/request_attempts/06/06cb3fb91679730cf46c8687bf9a821b6533c4e518a0f9f60d14fa57afb96505/mar-20251231.htm,06cb3fb91679730cf46c8687bf9a821b6533c4e518a0f9f60d14fa57afb96505,0001048286-26-000007,mar-20251231.htm,Item 1A,ITEM_1A:bytes:425580-425788:sha256:08d66c616c0cd0aaaa610bfef9a31357cc8bd78d5c03122ef5e11f6f6c4e01fe,text,2025-01-01,2025-12-31,"Economic and other global, national, and regional conditions and events have in the past materially impacted, and could in the future materially impact, our business, operations, financial results, and growth","Economic and other global, national, and regional conditions and events have in the past materially impacted, and could in the future materially impact, our business, operations, financial results, and growth","Economic and other global, national, and regional conditions and events have in the past materially impacted, and could in the future materially impact, our business, operations, financial results, and growth",verbatim_source_excerpt,TEXT_V1,marriott_international,run:ordinary-integrated:293a393ffb1343cd0a46dc7e7120b15145492c567f370ca321eb73c64f3803d5,sha256:a162d2476fd2ee85e9258d407fc2a9d7df81770d4d6b1a82577de6359bba2acf,issue_54_v4,sha256:7e577402fa98974628bf613a3a82e66d79f55385ccce117ea5d1f0cd11d49fa2,sha256:671a25cd86baceec0cd20a6be08cbb225328ce65bf46e91fb435a80ca39da4d9,sha256:7050dd9ee6cfd0e50cbe3e2d694b6b1131c8fcc498d95579b41751fed7f3c896,sha256:7050dd9ee6cfd0e50cbe3e2d694b6b1131c8fcc498d95579b41751fed7f3c896,,,True,MATCHED,REPLAY_VERIFIED_CONTENT_NOT_ACCEPTED,NO_SOURCE_CONTENT_CHANGE,NO_SOURCE_CONTENT_CHANGE,True,VERIFIED_SEC_ACQUISITION,,native/D01/bbbc267a44fb4da0be72bb874c7bd497,RUN_ARCHIVE_COORDINATE,2025-01-01,2025-12-31,2025,2025-01-01,2025-12-31,NATIVE_REPLAY_VERIFIED,[]
Marriott International,1048286,D01,https://www.sec.gov/Archives/edgar/data/1048286/000104828626000007/mar-20251231.htm,evidence/request_attempts/06/06cb3fb91679730cf46c8687bf9a821b6533c4e518a0f9f60d14fa57afb96505/mar-20251231.htm,06cb3fb91679730cf46c8687bf9a821b6533c4e518a0f9f60d14fa57afb96505,0001048286-26-000007,mar-20251231.htm,Item 1A,ITEM_1A:bytes:432587-432617:sha256:0054f721713a7a57f1acfe6e4c99a81823dcd87f6e736cc713085c1475108d58,text,2025-01-01,2025-12-31,Risks Relating to Our Business,Risks Relating to Our Business,Risks Relating to Our Business,verbatim_source_excerpt,TEXT_V1,marriott_international,run:ordinary-integrated:293a393ffb1343cd0a46dc7e7120b15145492c567f370ca321eb73c64f3803d5,sha256:a162d2476fd2ee85e9258d407fc2a9d7df81770d4d6b1a82577de6359bba2acf,issue_54_v4,sha256:7e577402fa98974628bf613a3a82e66d79f55385ccce117ea5d1f0cd11d49fa2,sha256:671a25cd86baceec0cd20a6be08cbb225328ce65bf46e91fb435a80ca39da4d9,sha256:7050dd9ee6cfd0e50cbe3e2d694b6b1131c8fcc498d95579b41751fed7f3c896,sha256:7050dd9ee6cfd0e50cbe3e2d694b6b1131c8fcc498d95579b41751fed7f3c896,,,True,MATCHED,REPLAY_VERIFIED_CONTENT_NOT_ACCEPTED,NO_SOURCE_CONTENT_CHANGE,NO_SOURCE_CONTENT_CHANGE,True,VERIFIED_SEC_ACQUISITION,,native/D01/bbbc267a44fb4da0be72bb874c7bd497,RUN_ARCHIVE_COORDINATE,2025-01-01,2025-12-31,2025,2025-01-01,2025-12-31,NATIVE_REPLAY_VERIFIED,[]
Marriott International,1048286,D01,https://www.sec.gov/Archives/edgar/data/1048286/000104828626000007/mar-20251231.htm,evidence/request_attempts/06/06cb3fb91679730cf46c8687bf9a821b6533c4e518a0f9f60d14fa57afb96505/mar-20251231.htm,06cb3fb91679730cf46c8687bf9a821b6533c4e518a0f9f60d14fa57afb96505,0001048286-26-000007,mar-20251231.htm,Item 1A,ITEM_1A:bytes:432815-432832:sha256:6283b349df9ccf3d130afc8b6176585ab28a995d5de4a49990c0662acabd2c2e,text,2025-01-01,2025-12-31,Operational Risks,Operational Risks,Operational Risks,verbatim_source_excerpt,TEXT_V1,marriott_international,run:ordinary-integrated:293a393ffb1343cd0a46dc7e7120b15145492c567f370ca321eb73c64f3803d5,sha256:a162d2476fd2ee85e9258d407fc2a9d7df81770d4d6b1a82577de6359bba2acf,issue_54_v4,sha256:7e577402fa98974628bf613a3a82e66d79f55385ccce117ea5d1f0cd11d49fa2,sha256:671a25cd86baceec0cd20a6be08cbb225328ce65bf46e91fb435a80ca39da4d9,sha256:7050dd9ee6cfd0e50cbe3e2d694b6b1131c8fcc498d95579b41751fed7f3c896,sha256:7050dd9ee6cfd0e50cbe3e2d694b6b1131c8fcc498d95579b41751fed7f3c896,,,True,MATCHED,REPLAY_VERIFIED_CONTENT_NOT_ACCEPTED,NO_SOURCE_CONTENT_CHANGE,NO_SOURCE_CONTENT_CHANGE,True,VERIFIED_SEC_ACQUISITION,,native/D01/bbbc267a44fb4da0be72bb874c7bd497,RUN_ARCHIVE_COORDINATE,2025-01-01,2025-12-31,2025,2025-01-01,2025-12-31,NATIVE_REPLAY_VERIFIED,[]
Marriott International,1048286,D01,https://www.sec.gov/Archives/edgar/data/1048286/000104828626000007/mar-20251231.htm,evidence/request_attempts/06/06cb3fb91679730cf46c8687bf9a821b6533c4e518a0f9f60d14fa57afb96505/mar-20251231.htm,06cb3fb91679730cf46c8687bf9a821b6533c4e518a0f9f60d14fa57afb96505,0001048286-26-000007,mar-20251231.htm,Item 1A,ITEM_1A:bytes:433022-433127:sha256:3edee5180b9f193e59ed9704a3283f9e5a5d36cd3449ac7ce9c6b58e12d119a2,text,2025-01-01,2025-12-31,Premature termination of our agreements with hotel owners could materially hurt our financial performance,Premature termination of our agreements with hotel owners could materially hurt our financial performance,Premature termination of our agreements with hotel owners could materially hurt our financial performance,verbatim_source_excerpt,TEXT_V1,marriott_international,run:ordinary-integrated:293a393ffb1343cd0a46dc7e7120b15145492c567f370ca321eb73c64f3803d5,sha256:a162d2476fd2ee85e9258d407fc2a9d7df81770d4d6b1a82577de6359bba2acf,issue_54_v4,sha256:7e577402fa98974628bf613a3a82e66d79f55385ccce117ea5d1f0cd11d49fa2,sha256:671a25cd86baceec0cd20a6be08cbb225328ce65bf46e91fb435a80ca39da4d9,sha256:7050dd9ee6cfd0e50cbe3e2d694b6b1131c8fcc498d95579b41751fed7f3c896,sha256:7050dd9ee6cfd0e50cbe3e2d694b6b1131c8fcc498d95579b41751fed7f3c896,,,True,MATCHED,REPLAY_VERIFIED_CONTENT_NOT_ACCEPTED,NO_SOURCE_CONTENT_CHANGE,NO_SOURCE_CONTENT_CHANGE,True,VERIFIED_SEC_ACQUISITION,,native/D01/bbbc267a44fb4da0be72bb874c7bd497,RUN_ARCHIVE_COORDINATE,2025-01-01,2025-12-31,2025,2025-01-01,2025-12-31,NATIVE_REPLAY_VERIFIED,[]
Marriott International,1048286,D01,https://www.sec.gov/Archives/edgar/data/1048286/000104828626000007/mar-20251231.htm,evidence/request_attempts/06/06cb3fb91679730cf46c8687bf9a821b6533c4e518a0f9f60d14fa57afb96505/mar-20251231.htm,06cb3fb91679730cf46c8687bf9a821b6533c4e518a0f9f60d14fa57afb96505,0001048286-26-000007,mar-20251231.htm,Item 1A,ITEM_1A:bytes:436048-436185:sha256:d51635e1427d34928d23d817f24813f2faff745539b66b74d46d43029f8913b8,text,2025-01-01,2025-12-31,"Disagreements with hotel owners and other counterparties could materially impact our business, operations, financial results, and growth.","Disagreements with hotel owners and other counterparties could materially impact our business, operations, financial results, and growth.","Disagreements with hotel owners and other counterparties could materially impact our business, operations, financial results, and growth.",verbatim_source_excerpt,TEXT_V1,marriott_international,run:ordinary-integrated:293a393ffb1343cd0a46dc7e7120b15145492c567f370ca321eb73c64f3803d5,sha256:a162d2476fd2ee85e9258d407fc2a9d7df81770d4d6b1a82577de6359bba2acf,issue_54_v4,sha256:7e577402fa98974628bf613a3a82e66d79f55385ccce117ea5d1f0cd11d49fa2,sha256:671a25cd86baceec0cd20a6be08cbb225328ce65bf46e91fb435a80ca39da4d9,sha256:7050dd9ee6cfd0e50cbe3e2d694b6b1131c8fcc498d95579b41751fed7f3c896,sha256:7050dd9ee6cfd0e50cbe3e2d694b6b1131c8fcc498d95579b41751fed7f3c896,,,True,MATCHED,REPLAY_VERIFIED_CONTENT_NOT_ACCEPTED,NO_SOURCE_CONTENT_CHANGE,NO_SOURCE_CONTENT_CHANGE,True,VERIFIED_SEC_ACQUISITION,,native/D01/bbbc267a44fb4da0be72bb874c7bd497,RUN_ARCHIVE_COORDINATE,2025-01-01,2025-12-31,2025,2025-01-01,2025-12-31,NATIVE_REPLAY_VERIFIED,[]
Marriott International,1048286,D01,https://www.sec.gov/Archives/edgar/data/1048286/000104828626000007/mar-20251231.htm,evidence/request_attempts/06/06cb3fb91679730cf46c8687bf9a821b6533c4e518a0f9f60d14fa57afb96505/mar-20251231.htm,06cb3fb91679730cf46c8687bf9a821b6533c4e518a0f9f60d14fa57afb96505,0001048286-26-000007,mar-20251231.htm,Item 1A,ITEM_1A:bytes:437537-437614:sha256:2466b81260e65502c909d702f83ec5a867631832561e85489608e6496db5846d,text,2025-01-01,2025-12-31,Changes in the way hotel rooms are booked could adversely impact our business,Changes in the way hotel rooms are booked could adversely impact our business,Changes in the way hotel rooms are booked could adversely impact our business,verbatim_source_excerpt,TEXT_V1,marriott_international,run:ordinary-integrated:293a393ffb1343cd0a46dc7e7120b15145492c567f370ca321eb73c64f3803d5,sha256:a162d2476fd2ee85e9258d407fc2a9d7df81770d4d6b1a82577de6359bba2acf,issue_54_v4,sha256:7e577402fa98974628bf613a3a82e66d79f55385ccce117ea5d1f0cd11d49fa2,sha256:671a25cd86baceec0cd20a6be08cbb225328ce65bf46e91fb435a80ca39da4d9,sha256:7050dd9ee6cfd0e50cbe3e2d694b6b1131c8fcc498d95579b41751fed7f3c896,sha256:7050dd9ee6cfd0e50cbe3e2d694b6b1131c8fcc498d95579b41751fed7f3c896,,,True,MATCHED,REPLAY_VERIFIED_CONTENT_NOT_ACCEPTED,NO_SOURCE_CONTENT_CHANGE,NO_SOURCE_CONTENT_CHANGE,True,VERIFIED_SEC_ACQUISITION,,native/D01/bbbc267a44fb4da0be72bb874c7bd497,RUN_ARCHIVE_COORDINATE,2025-01-01,2025-12-31,2025,2025-01-01,2025-12-31,NATIVE_REPLAY_VERIFIED,[]
Marriott International,1048286,D01,https://www.sec.gov/Archives/edgar/data/1048286/000104828626000007/mar-20251231.htm,evidence/request_attempts/06/06cb3fb91679730cf46c8687bf9a821b6533c4e518a0f9f60d14fa57afb96505/mar-20251231.htm,06cb3fb91679730cf46c8687bf9a821b6533c4e518a0f9f60d14fa57afb96505,0001048286-26-000007,mar-20251231.htm,Item 1A,ITEM_1A:bytes:440132-440333:sha256:690f3e34cec6863c64e5eb6ada1dd481ca3831ee70274044f91da3c5b01705d9,text,2025-01-01,2025-12-31,"Our growth strategy depends upon attracting hotel owners to our platform, and future arrangements with these third parties may be less favorable to us, depending on the terms offered by our competitors","Our growth strategy depends upon attracting hotel owners to our platform, and future arrangements with these third parties may be less favorable to us, depending on the terms offered by our competitors","Our growth strategy depends upon attracting hotel owners to our platform, and future arrangements with these third parties may be less favorable to us, depending on the terms offered by our competitors",verbatim_source_excerpt,TEXT_V1,marriott_international,run:ordinary-integrated:293a393ffb1343cd0a46dc7e7120b15145492c567f370ca321eb73c64f3803d5,sha256:a162d2476fd2ee85e9258d407fc2a9d7df81770d4d6b1a82577de6359bba2acf,issue_54_v4,sha256:7e577402fa98974628bf613a3a82e66d79f55385ccce117ea5d1f0cd11d49fa2,sha256:671a25cd86baceec0cd20a6be08cbb225328ce65bf46e91fb435a80ca39da4d9,sha256:7050dd9ee6cfd0e50cbe3e2d694b6b1131c8fcc498d95579b41751fed7f3c896,sha256:7050dd9ee6cfd0e50cbe3e2d694b6b1131c8fcc498d95579b41751fed7f3c896,,,True,MATCHED,REPLAY_VERIFIED_CONTENT_NOT_ACCEPTED,NO_SOURCE_CONTENT_CHANGE,NO_SOURCE_CONTENT_CHANGE,True,VERIFIED_SEC_ACQUISITION,,native/D01/bbbc267a44fb4da0be72bb874c7bd497,RUN_ARCHIVE_COORDINATE,2025-01-01,2025-12-31,2025,2025-01-01,2025-12-31,NATIVE_REPLAY_VERIFIED,[]
Marriott International,1048286,D01,https://www.sec.gov/Archives/edgar/data/1048286/000104828626000007/mar-20251231.htm,evidence/request_attempts/06/06cb3fb91679730cf46c8687bf9a821b6533c4e518a0f9f60d14fa57afb96505/mar-20251231.htm,06cb3fb91679730cf46c8687bf9a821b6533c4e518a0f9f60d14fa57afb96505,0001048286-26-000007,mar-20251231.htm,Item 1A,ITEM_1A:bytes:441469-441700:sha256:f05f97815828f911bc5ecb12eff634fa16deb607a0326bdd0b6b4eae7f6f7c83,text,2025-01-01,2025-12-31,"The effects of, or our failure to comply with, applicable laws, regulations, and government policies may disrupt our business, lower our revenues, increase our costs, reduce our profits, limit our growth, or damage our reputation.","The effects of, or our failure to comply with, applicable laws, regulations, and government policies may disrupt our business, lower our revenues, increase our costs, reduce our profits, limit our growth, or damage our reputation.","The effects of, or our failure to comply with, applicable laws, regulations, and government policies may disrupt our business, lower our revenues, increase our costs, reduce our profits, limit our growth, or damage our reputation.",verbatim_source_excerpt,TEXT_V1,marriott_international,run:ordinary-integrated:293a393ffb1343cd0a46dc7e7120b15145492c567f370ca321eb73c64f3803d5,sha256:a162d2476fd2ee85e9258d407fc2a9d7df81770d4d6b1a82577de6359bba2acf,issue_54_v4,sha256:7e577402fa98974628bf613a3a82e66d79f55385ccce117ea5d1f0cd11d49fa2,sha256:671a25cd86baceec0cd20a6be08cbb225328ce65bf46e91fb435a80ca39da4d9,sha256:7050dd9ee6cfd0e50cbe3e2d694b6b1131c8fcc498d95579b41751fed7f3c896,sha256:7050dd9ee6cfd0e50cbe3e2d694b6b1131c8fcc498d95579b41751fed7f3c896,,,True,MATCHED,REPLAY_VERIFIED_CONTENT_NOT_ACCEPTED,NO_SOURCE_CONTENT_CHANGE,NO_SOURCE_CONTENT_CHANGE,True,VERIFIED_SEC_ACQUISITION,,native/D01/bbbc267a44fb4da0be72bb874c7bd497,RUN_ARCHIVE_COORDINATE,2025-01-01,2025-12-31,2025,2025-01-01,2025-12-31,NATIVE_REPLAY_VERIFIED,[]
Marriott International,1048286,D01,https://www.sec.gov/Archives/edgar/data/1048286/000104828626000007/mar-20251231.htm,evidence/request_attempts/06/06cb3fb91679730cf46c8687bf9a821b6533c4e518a0f9f60d14fa57afb96505/mar-20251231.htm,06cb3fb91679730cf46c8687bf9a821b6533c4e518a0f9f60d14fa57afb96505,0001048286-26-000007,mar-20251231.htm,Item 1A,ITEM_1A:bytes:445128-445435:sha256:3135a037e4ed899f8f169b63d577f93b1514ef7cdea5cbe7d156cdc150d441af,text,2025-01-01,2025-12-31,Third-party claims that we infringe the intellectual property rights of others or our failure to defend our own intellectual property rights could materially adversely affect our business.,Third-party claims that we infringe the intellectual property rights of others or our failure to defend our own intellectual property rights could materially adversely affect our business.,Third-party claims that we infringe the intellectual property rights of others or our failure to defend our own intellectual property rights could materially adversely affect our business.,verbatim_source_excerpt,TEXT_V1,marriott_international,run:ordinary-integrated:293a393ffb1343cd0a46dc7e7120b15145492c567f370ca321eb73c64f3803d5,sha256:a162d2476fd2ee85e9258d407fc2a9d7df81770d4d6b1a82577de6359bba2acf,issue_54_v4,sha256:7e577402fa98974628bf613a3a82e66d79f55385ccce117ea5d1f0cd11d49fa2,sha256:671a25cd86baceec0cd20a6be08cbb225328ce65bf46e91fb435a80ca39da4d9,sha256:7050dd9ee6cfd0e50cbe3e2d694b6b1131c8fcc498d95579b41751fed7f3c896,sha256:7050dd9ee6cfd0e50cbe3e2d694b6b1131c8fcc498d95579b41751fed7f3c896,,,True,MATCHED,REPLAY_VERIFIED_CONTENT_NOT_ACCEPTED,NO_SOURCE_CONTENT_CHANGE,NO_SOURCE_CONTENT_CHANGE,True,VERIFIED_SEC_ACQUISITION,,native/D01/bbbc267a44fb4da0be72bb874c7bd497,RUN_ARCHIVE_COORDINATE,2025-01-01,2025-12-31,2025,2025-01-01,2025-12-31,NATIVE_REPLAY_VERIFIED,[]
Marriott International,1048286,D01,https://www.sec.gov/Archives/edgar/data/1048286/000104828626000007/mar-20251231.htm,evidence/request_attempts/06/06cb3fb91679730cf46c8687bf9a821b6533c4e518a0f9f60d14fa57afb96505/mar-20251231.htm,06cb3fb91679730cf46c8687bf9a821b6533c4e518a0f9f60d14fa57afb96505,0001048286-26-000007,mar-20251231.htm,Item 1A,ITEM_1A:bytes:449363-449503:sha256:1bb3c6ecfafed69da817211eb8b6b407fffaa6ba90fc43b243eb6da02e206837,text,2025-01-01,2025-12-31,"If our brands, goodwill, or other intangible assets become impaired, we may be required to record significant non-cash charges to earnings.","If our brands, goodwill, or other intangible assets become impaired, we may be required to record significant non-cash charges to earnings.","If our brands, goodwill, or other intangible assets become impaired, we may be required to record significant non-cash charges to earnings.",verbatim_source_excerpt,TEXT_V1,marriott_international,run:ordinary-integrated:293a393ffb1343cd0a46dc7e7120b15145492c567f370ca321eb73c64f3803d5,sha256:a162d2476fd2ee85e9258d407fc2a9d7df81770d4d6b1a82577de6359bba2acf,issue_54_v4,sha256:7e577402fa98974628bf613a3a82e66d79f55385ccce117ea5d1f0cd11d49fa2,sha256:671a25cd86baceec0cd20a6be08cbb225328ce65bf46e91fb435a80ca39da4d9,sha256:7050dd9ee6cfd0e50cbe3e2d694b6b1131c8fcc498d95579b41751fed7f3c896,sha256:7050dd9ee6cfd0e50cbe3e2d694b6b1131c8fcc498d95579b41751fed7f3c896,,,True,MATCHED,REPLAY_VERIFIED_CONTENT_NOT_ACCEPTED,NO_SOURCE_CONTENT_CHANGE,NO_SOURCE_CONTENT_CHANGE,True,VERIFIED_SEC_ACQUISITION,,native/D01/bbbc267a44fb4da0be72bb874c7bd497,RUN_ARCHIVE_COORDINATE,2025-01-01,2025-12-31,2025,2025-01-01,2025-12-31,NATIVE_REPLAY_VERIFIED,[]
Marriott International,1048286,D01,https://www.sec.gov/Archives/edgar/data/1048286/000104828626000007/mar-20251231.htm,evidence/request_attempts/06/06cb3fb91679730cf46c8687bf9a821b6533c4e518a0f9f60d14fa57afb96505/mar-20251231.htm,06cb3fb91679730cf46c8687bf9a821b6533c4e518a0f9f60d14fa57afb96505,0001048286-26-000007,mar-20251231.htm,Item 1A,ITEM_1A:bytes:450738-450950:sha256:87b7027586769a7a43bf0009bc22cb967e1ddce372c4ac28be4ba8fb2a98bea6,text,2025-01-01,2025-12-31,"Our business depends on the quality and reputation of our Company and our brands, and any deterioration could adversely impact our market share, reputation, business, financial condition, or results of operations","Our business depends on the quality and reputation of our Company and our brands, and any deterioration could adversely impact our market share, reputation, business, financial condition, or results of operations","Our business depends on the quality and reputation of our Company and our brands, and any deterioration could adversely impact our market share, reputation, business, financial condition, or results of operations",verbatim_source_excerpt,TEXT_V1,marriott_international,run:ordinary-integrated:293a393ffb1343cd0a46dc7e7120b15145492c567f370ca321eb73c64f3803d5,sha256:a162d2476fd2ee85e9258d407fc2a9d7df81770d4d6b1a82577de6359bba2acf,issue_54_v4,sha256:7e577402fa98974628bf613a3a82e66d79f55385ccce117ea5d1f0cd11d49fa2,sha256:671a25cd86baceec0cd20a6be08cbb225328ce65bf46e91fb435a80ca39da4d9,sha256:7050dd9ee6cfd0e50cbe3e2d694b6b1131c8fcc498d95579b41751fed7f3c896,sha256:7050dd9ee6cfd0e50cbe3e2d694b6b1131c8fcc498d95579b41751fed7f3c896,,,True,MATCHED,REPLAY_VERIFIED_CONTENT_NOT_ACCEPTED,NO_SOURCE_CONTENT_CHANGE,NO_SOURCE_CONTENT_CHANGE,True,VERIFIED_SEC_ACQUISITION,,native/D01/bbbc267a44fb4da0be72bb874c7bd497,RUN_ARCHIVE_COORDINATE,2025-01-01,2025-12-31,2025,2025-01-01,2025-12-31,NATIVE_REPLAY_VERIFIED,[]
Marriott International,1048286,D01,https://www.sec.gov/Archives/edgar/data/1048286/000104828626000007/mar-20251231.htm,evidence/request_attempts/06/06cb3fb91679730cf46c8687bf9a821b6533c4e518a0f9f60d14fa57afb96505/mar-20251231.htm,06cb3fb91679730cf46c8687bf9a821b6533c4e518a0f9f60d14fa57afb96505,0001048286-26-000007,mar-20251231.htm,Item 1A,ITEM_1A:bytes:453294-453390:sha256:cf563fcab18bc95087d59d7d1806fd049889b4524b629e5df6cce25fe001359e,text,2025-01-01,2025-12-31,Actions by our hotel owners or others could materially adversely affect our image and reputation,Actions by our hotel owners or others could materially adversely affect our image and reputation,Actions by our hotel owners or others could materially adversely affect our image and reputation,verbatim_source_excerpt,TEXT_V1,marriott_international,run:ordinary-integrated:293a393ffb1343cd0a46dc7e7120b15145492c567f370ca321eb73c64f3803d5,sha256:a162d2476fd2ee85e9258d407fc2a9d7df81770d4d6b1a82577de6359bba2acf,issue_54_v4,sha256:7e577402fa98974628bf613a3a82e66d79f55385ccce117ea5d1f0cd11d49fa2,sha256:671a25cd86baceec0cd20a6be08cbb225328ce65bf46e91fb435a80ca39da4d9,sha256:7050dd9ee6cfd0e50cbe3e2d694b6b1131c8fcc498d95579b41751fed7f3c896,sha256:7050dd9ee6cfd0e50cbe3e2d694b6b1131c8fcc498d95579b41751fed7f3c896,,,True,MATCHED,REPLAY_VERIFIED_CONTENT_NOT_ACCEPTED,NO_SOURCE_CONTENT_CHANGE,NO_SOURCE_CONTENT_CHANGE,True,VERIFIED_SEC_ACQUISITION,,native/D01/bbbc267a44fb4da0be72bb874c7bd497,RUN_ARCHIVE_COORDINATE,2025-01-01,2025-12-31,2025,2025-01-01,2025-12-31,NATIVE_REPLAY_VERIFIED,[]
Marriott International,1048286,D01,https://www.sec.gov/Archives/edgar/data/1048286/000104828626000007/mar-20251231.htm,evidence/request_attempts/06/06cb3fb91679730cf46c8687bf9a821b6533c4e518a0f9f60d14fa57afb96505/mar-20251231.htm,06cb3fb91679730cf46c8687bf9a821b6533c4e518a0f9f60d14fa57afb96505,0001048286-26-000007,mar-20251231.htm,Item 1A,ITEM_1A:bytes:456568-456770:sha256:6026f85ce052edca8e43b0547bebd1c7bab9ca4c687b1c7e3e93f418438049de,text,2025-01-01,2025-12-31,"Collective bargaining activity and strikes could materially disrupt hotel operations, increase labor costs, and interfere with the ability of our management to focus on executing our business strategies","Collective bargaining activity and strikes could materially disrupt hotel operations, increase labor costs, and interfere with the ability of our management to focus on executing our business strategies","Collective bargaining activity and strikes could materially disrupt hotel operations, increase labor costs, and interfere with the ability of our management to focus on executing our business strategies",verbatim_source_excerpt,TEXT_V1,marriott_international,run:ordinary-integrated:293a393ffb1343cd0a46dc7e7120b15145492c567f370ca321eb73c64f3803d5,sha256:a162d2476fd2ee85e9258d407fc2a9d7df81770d4d6b1a82577de6359bba2acf,issue_54_v4,sha256:7e577402fa98974628bf613a3a82e66d79f55385ccce117ea5d1f0cd11d49fa2,sha256:671a25cd86baceec0cd20a6be08cbb225328ce65bf46e91fb435a80ca39da4d9,sha256:7050dd9ee6cfd0e50cbe3e2d694b6b1131c8fcc498d95579b41751fed7f3c896,sha256:7050dd9ee6cfd0e50cbe3e2d694b6b1131c8fcc498d95579b41751fed7f3c896,,,True,MATCHED,REPLAY_VERIFIED_CONTENT_NOT_ACCEPTED,NO_SOURCE_CONTENT_CHANGE,NO_SOURCE_CONTENT_CHANGE,True,VERIFIED_SEC_ACQUISITION,,native/D01/bbbc267a44fb4da0be72bb874c7bd497,RUN_ARCHIVE_COORDINATE,2025-01-01,2025-12-31,2025,2025-01-01,2025-12-31,NATIVE_REPLAY_VERIFIED,[]
Marriott International,1048286,D01,https://www.sec.gov/Archives/edgar/data/1048286/000104828626000007/mar-20251231.htm,evidence/request_attempts/06/06cb3fb91679730cf46c8687bf9a821b6533c4e518a0f9f60d14fa57afb96505/mar-20251231.htm,06cb3fb91679730cf46c8687bf9a821b6533c4e518a0f9f60d14fa57afb96505,0001048286-26-000007,mar-20251231.htm,Item 1A,ITEM_1A:bytes:459475-459641:sha256:62d4b186ac3e8de130e0bf2b858c69b961f781bfadd06e5851b8662bf3c6c99b,text,2025-01-01,2025-12-31,Our business could suffer if we or the hotels in our system cannot attract and retain associates or as the result of the loss of the services of our senior executives,Our business could suffer if we or the hotels in our system cannot attract and retain associates or as the result of the loss of the services of our senior executives,Our business could suffer if we or the hotels in our system cannot attract and retain associates or as the result of the loss of the services of our senior executives,verbatim_source_excerpt,TEXT_V1,marriott_international,run:ordinary-integrated:293a393ffb1343cd0a46dc7e7120b15145492c567f370ca321eb73c64f3803d5,sha256:a162d2476fd2ee85e9258d407fc2a9d7df81770d4d6b1a82577de6359bba2acf,issue_54_v4,sha256:7e577402fa98974628bf613a3a82e66d79f55385ccce117ea5d1f0cd11d49fa2,sha256:671a25cd86baceec0cd20a6be08cbb225328ce65bf46e91fb435a80ca39da4d9,sha256:7050dd9ee6cfd0e50cbe3e2d694b6b1131c8fcc498d95579b41751fed7f3c896,sha256:7050dd9ee6cfd0e50cbe3e2d694b6b1131c8fcc498d95579b41751fed7f3c896,,,True,MATCHED,REPLAY_VERIFIED_CONTENT_NOT_ACCEPTED,NO_SOURCE_CONTENT_CHANGE,NO_SOURCE_CONTENT_CHANGE,True,VERIFIED_SEC_ACQUISITION,,native/D01/bbbc267a44fb4da0be72bb874c7bd497,RUN_ARCHIVE_COORDINATE,2025-01-01,2025-12-31,2025,2025-01-01,2025-12-31,NATIVE_REPLAY_VERIFIED,[]
Marriott International,1048286,D01,https://www.sec.gov/Archives/edgar/data/1048286/000104828626000007/mar-20251231.htm,evidence/request_attempts/06/06cb3fb91679730cf46c8687bf9a821b6533c4e518a0f9f60d14fa57afb96505/mar-20251231.htm,06cb3fb91679730cf46c8687bf9a821b6533c4e518a0f9f60d14fa57afb96505,0001048286-26-000007,mar-20251231.htm,Item 1A,ITEM_1A:bytes:461357-461701:sha256:0de8b8501fd0e1ea48fc85c8a6588a3bf0e9292d79dc27ecc6900a1b0a91ceef,text,2025-01-01,2025-12-31,"Extreme weather, natural disasters, climate change, and sustainability-related concerns have impacted our business in the past and could in the future have a material adverse effect on our business and results of operations.","Extreme weather, natural disasters, climate change, and sustainability-related concerns have impacted our business in the past and could in the future have a material adverse effect on our business and results of operations.","Extreme weather, natural disasters, climate change, and sustainability-related concerns have impacted our business in the past and could in the future have a material adverse effect on our business and results of operations.",verbatim_source_excerpt,TEXT_V1,marriott_international,run:ordinary-integrated:293a393ffb1343cd0a46dc7e7120b15145492c567f370ca321eb73c64f3803d5,sha256:a162d2476fd2ee85e9258d407fc2a9d7df81770d4d6b1a82577de6359bba2acf,issue_54_v4,sha256:7e577402fa98974628bf613a3a82e66d79f55385ccce117ea5d1f0cd11d49fa2,sha256:671a25cd86baceec0cd20a6be08cbb225328ce65bf46e91fb435a80ca39da4d9,sha256:7050dd9ee6cfd0e50cbe3e2d694b6b1131c8fcc498d95579b41751fed7f3c896,sha256:7050dd9ee6cfd0e50cbe3e2d694b6b1131c8fcc498d95579b41751fed7f3c896,,,True,MATCHED,REPLAY_VERIFIED_CONTENT_NOT_ACCEPTED,NO_SOURCE_CONTENT_CHANGE,NO_SOURCE_CONTENT_CHANGE,True,VERIFIED_SEC_ACQUISITION,,native/D01/bbbc267a44fb4da0be72bb874c7bd497,RUN_ARCHIVE_COORDINATE,2025-01-01,2025-12-31,2025,2025-01-01,2025-12-31,NATIVE_REPLAY_VERIFIED,[]
Marriott International,1048286,D01,https://www.sec.gov/Archives/edgar/data/1048286/000104828626000007/mar-20251231.htm,evidence/request_attempts/06/06cb3fb91679730cf46c8687bf9a821b6533c4e518a0f9f60d14fa57afb96505/mar-20251231.htm,06cb3fb91679730cf46c8687bf9a821b6533c4e518a0f9f60d14fa57afb96505,0001048286-26-000007,mar-20251231.htm,Item 1A,ITEM_1A:bytes:465071-465227:sha256:c26628f73980544ff83b14f29b179c4001ba747fb1a7321a72958837138a6b24,text,2025-01-01,2025-12-31,"Insurance may not cover damage to, or losses involving, hotels in our system or other aspects of our business, and the cost of such insurance could increase","Insurance may not cover damage to, or losses involving, hotels in our system or other aspects of our business, and the cost of such insurance could increase","Insurance may not cover damage to, or losses involving, hotels in our system or other aspects of our business, and the cost of such insurance could increase",verbatim_source_excerpt,TEXT_V1,marriott_international,run:ordinary-integrated:293a393ffb1343cd0a46dc7e7120b15145492c567f370ca321eb73c64f3803d5,sha256:a162d2476fd2ee85e9258d407fc2a9d7df81770d4d6b1a82577de6359bba2acf,issue_54_v4,sha256:7e577402fa98974628bf613a3a82e66d79f55385ccce117ea5d1f0cd11d49fa2,sha256:671a25cd86baceec0cd20a6be08cbb225328ce65bf46e91fb435a80ca39da4d9,sha256:7050dd9ee6cfd0e50cbe3e2d694b6b1131c8fcc498d95579b41751fed7f3c896,sha256:7050dd9ee6cfd0e50cbe3e2d694b6b1131c8fcc498d95579b41751fed7f3c896,,,True,MATCHED,REPLAY_VERIFIED_CONTENT_NOT_ACCEPTED,NO_SOURCE_CONTENT_CHANGE,NO_SOURCE_CONTENT_CHANGE,True,VERIFIED_SEC_ACQUISITION,,native/D01/bbbc267a44fb4da0be72bb874c7bd497,RUN_ARCHIVE_COORDINATE,2025-01-01,2025-12-31,2025,2025-01-01,2025-12-31,NATIVE_REPLAY_VERIFIED,[]
Marriott International,1048286,D01,https://www.sec.gov/Archives/edgar/data/1048286/000104828626000007/mar-20251231.htm,evidence/request_attempts/06/06cb3fb91679730cf46c8687bf9a821b6533c4e518a0f9f60d14fa57afb96505/mar-20251231.htm,06cb3fb91679730cf46c8687bf9a821b6533c4e518a0f9f60d14fa57afb96505,0001048286-26-000007,mar-20251231.htm,Item 1A,ITEM_1A:bytes:467223-467399:sha256:6b383bd4e7447ac19635108b9e409e9cb4cb1d535e4c3e40582a6f56bba916eb,text,2025-01-01,2025-12-31,"Our Loyalty Program plays a significant role in our business, and unfavorable developments affecting the program could adversely affect our business and results of operations.","Our Loyalty Program plays a significant role in our business, and unfavorable developments affecting the program could adversely affect our business and results of operations.","Our Loyalty Program plays a significant role in our business, and unfavorable developments affecting the program could adversely affect our business and results of operations.",verbatim_source_excerpt,TEXT_V1,marriott_international,run:ordinary-integrated:293a393ffb1343cd0a46dc7e7120b15145492c567f370ca321eb73c64f3803d5,sha256:a162d2476fd2ee85e9258d407fc2a9d7df81770d4d6b1a82577de6359bba2acf,issue_54_v4,sha256:7e577402fa98974628bf613a3a82e66d79f55385ccce117ea5d1f0cd11d49fa2,sha256:671a25cd86baceec0cd20a6be08cbb225328ce65bf46e91fb435a80ca39da4d9,sha256:7050dd9ee6cfd0e50cbe3e2d694b6b1131c8fcc498d95579b41751fed7f3c896,sha256:7050dd9ee6cfd0e50cbe3e2d694b6b1131c8fcc498d95579b41751fed7f3c896,,,True,MATCHED,REPLAY_VERIFIED_CONTENT_NOT_ACCEPTED,NO_SOURCE_CONTENT_CHANGE,NO_SOURCE_CONTENT_CHANGE,True,VERIFIED_SEC_ACQUISITION,,native/D01/bbbc267a44fb4da0be72bb874c7bd497,RUN_ARCHIVE_COORDINATE,2025-01-01,2025-12-31,2025,2025-01-01,2025-12-31,NATIVE_REPLAY_VERIFIED,[]
Marriott International,1048286,D01,https://www.sec.gov/Archives/edgar/data/1048286/000104828626000007/mar-20251231.htm,evidence/request_attempts/06/06cb3fb91679730cf46c8687bf9a821b6533c4e518a0f9f60d14fa57afb96505/mar-20251231.htm,06cb3fb91679730cf46c8687bf9a821b6533c4e518a0f9f60d14fa57afb96505,0001048286-26-000007,mar-20251231.htm,Item 1A,ITEM_1A:bytes:469054-469174:sha256:4629bcc85d877abda6c69fea4f5ce31beca225cdcc5cfca80903e8965c9392d7,text,2025-01-01,2025-12-31,Exchange rate fluctuations could result in significant foreign currency gains and losses and affect our business results,Exchange rate fluctuations could result in significant foreign currency gains and losses and affect our business results,Exchange rate fluctuations could result in significant foreign currency gains and losses and affect our business results,verbatim_source_excerpt,TEXT_V1,marriott_international,run:ordinary-integrated:293a393ffb1343cd0a46dc7e7120b15145492c567f370ca321eb73c64f3803d5,sha256:a162d2476fd2ee85e9258d407fc2a9d7df81770d4d6b1a82577de6359bba2acf,issue_54_v4,sha256:7e577402fa98974628bf613a3a82e66d79f55385ccce117ea5d1f0cd11d49fa2,sha256:671a25cd86baceec0cd20a6be08cbb225328ce65bf46e91fb435a80ca39da4d9,sha256:7050dd9ee6cfd0e50cbe3e2d694b6b1131c8fcc498d95579b41751fed7f3c896,sha256:7050dd9ee6cfd0e50cbe3e2d694b6b1131c8fcc498d95579b41751fed7f3c896,,,True,MATCHED,REPLAY_VERIFIED_CONTENT_NOT_ACCEPTED,NO_SOURCE_CONTENT_CHANGE,NO_SOURCE_CONTENT_CHANGE,True,VERIFIED_SEC_ACQUISITION,,native/D01/bbbc267a44fb4da0be72bb874c7bd497,RUN_ARCHIVE_COORDINATE,2025-01-01,2025-12-31,2025,2025-01-01,2025-12-31,NATIVE_REPLAY_VERIFIED,[]
Marriott International,1048286,D01,https://www.sec.gov/Archives/edgar/data/1048286/000104828626000007/mar-20251231.htm,evidence/request_attempts/06/06cb3fb91679730cf46c8687bf9a821b6533c4e518a0f9f60d14fa57afb96505/mar-20251231.htm,06cb3fb91679730cf46c8687bf9a821b6533c4e518a0f9f60d14fa57afb96505,0001048286-26-000007,mar-20251231.htm,Item 1A,ITEM_1A:bytes:470821-470852:sha256:d435387f431ab9db19f958de327fdfa15699d27b2d72e44bb9cd2f211c0355b1,text,2025-01-01,2025-12-31,Development and Financing Risks,Development and Financing Risks,Development and Financing Risks,verbatim_source_excerpt,TEXT_V1,marriott_international,run:ordinary-integrated:293a393ffb1343cd0a46dc7e7120b15145492c567f370ca321eb73c64f3803d5,sha256:a162d2476fd2ee85e9258d407fc2a9d7df81770d4d6b1a82577de6359bba2acf,issue_54_v4,sha256:7e577402fa98974628bf613a3a82e66d79f55385ccce117ea5d1f0cd11d49fa2,sha256:671a25cd86baceec0cd20a6be08cbb225328ce65bf46e91fb435a80ca39da4d9,sha256:7050dd9ee6cfd0e50cbe3e2d694b6b1131c8fcc498d95579b41751fed7f3c896,sha256:7050dd9ee6cfd0e50cbe3e2d694b6b1131c8fcc498d95579b41751fed7f3c896,,,True,MATCHED,REPLAY_VERIFIED_CONTENT_NOT_ACCEPTED,NO_SOURCE_CONTENT_CHANGE,NO_SOURCE_CONTENT_CHANGE,True,VERIFIED_SEC_ACQUISITION,,native/D01/bbbc267a44fb4da0be72bb874c7bd497,RUN_ARCHIVE_COORDINATE,2025-01-01,2025-12-31,2025,2025-01-01,2025-12-31,NATIVE_REPLAY_VERIFIED,[]
Marriott International,1048286,D01,https://www.sec.gov/Archives/edgar/data/1048286/000104828626000007/mar-20251231.htm,evidence/request_attempts/06/06cb3fb91679730cf46c8687bf9a821b6533c4e518a0f9f60d14fa57afb96505/mar-20251231.htm,06cb3fb91679730cf46c8687bf9a821b6533c4e518a0f9f60d14fa57afb96505,0001048286-26-000007,mar-20251231.htm,Item 1A,ITEM_1A:bytes:471042-471169:sha256:d86237f960bc334c48fc5a68f73eb13acb9b270ba7b4134db21bb343f82252d3,text,2025-01-01,2025-12-31,"Our hotel owners depend on capital to buy, develop, and improve hotels, and they may be unable to access capital when necessary","Our hotel owners depend on capital to buy, develop, and improve hotels, and they may be unable to access capital when necessary","Our hotel owners depend on capital to buy, develop, and improve hotels, and they may be unable to access capital when necessary",verbatim_source_excerpt,TEXT_V1,marriott_international,run:ordinary-integrated:293a393ffb1343cd0a46dc7e7120b15145492c567f370ca321eb73c64f3803d5,sha256:a162d2476fd2ee85e9258d407fc2a9d7df81770d4d6b1a82577de6359bba2acf,issue_54_v4,sha256:7e577402fa98974628bf613a3a82e66d79f55385ccce117ea5d1f0cd11d49fa2,sha256:671a25cd86baceec0cd20a6be08cbb225328ce65bf46e91fb435a80ca39da4d9,sha256:7050dd9ee6cfd0e50cbe3e2d694b6b1131c8fcc498d95579b41751fed7f3c896,sha256:7050dd9ee6cfd0e50cbe3e2d694b6b1131c8fcc498d95579b41751fed7f3c896,,,True,MATCHED,REPLAY_VERIFIED_CONTENT_NOT_ACCEPTED,NO_SOURCE_CONTENT_CHANGE,NO_SOURCE_CONTENT_CHANGE,True,VERIFIED_SEC_ACQUISITION,,native/D01/bbbc267a44fb4da0be72bb874c7bd497,RUN_ARCHIVE_COORDINATE,2025-01-01,2025-12-31,2025,2025-01-01,2025-12-31,NATIVE_REPLAY_VERIFIED,[]
Marriott International,1048286,D01,https://www.sec.gov/Archives/edgar/data/1048286/000104828626000007/mar-20251231.htm,evidence/request_attempts/06/06cb3fb91679730cf46c8687bf9a821b6533c4e518a0f9f60d14fa57afb96505/mar-20251231.htm,06cb3fb91679730cf46c8687bf9a821b6533c4e518a0f9f60d14fa57afb96505,0001048286-26-000007,mar-20251231.htm,Item 1A,ITEM_1A:bytes:471982-472085:sha256:8f7b681dc18966253778d3ef131d4345d82833026b5f7c9717af4bf9233d297d,text,2025-01-01,2025-12-31,Our ability to grow our system is subject to the range of risks associated with real estate investments,Our ability to grow our system is subject to the range of risks associated with real estate investments,Our ability to grow our system is subject to the range of risks associated with real estate investments,verbatim_source_excerpt,TEXT_V1,marriott_international,run:ordinary-integrated:293a393ffb1343cd0a46dc7e7120b15145492c567f370ca321eb73c64f3803d5,sha256:a162d2476fd2ee85e9258d407fc2a9d7df81770d4d6b1a82577de6359bba2acf,issue_54_v4,sha256:7e577402fa98974628bf613a3a82e66d79f55385ccce117ea5d1f0cd11d49fa2,sha256:671a25cd86baceec0cd20a6be08cbb225328ce65bf46e91fb435a80ca39da4d9,sha256:7050dd9ee6cfd0e50cbe3e2d694b6b1131c8fcc498d95579b41751fed7f3c896,sha256:7050dd9ee6cfd0e50cbe3e2d694b6b1131c8fcc498d95579b41751fed7f3c896,,,True,MATCHED,REPLAY_VERIFIED_CONTENT_NOT_ACCEPTED,NO_SOURCE_CONTENT_CHANGE,NO_SOURCE_CONTENT_CHANGE,True,VERIFIED_SEC_ACQUISITION,,native/D01/bbbc267a44fb4da0be72bb874c7bd497,RUN_ARCHIVE_COORDINATE,2025-01-01,2025-12-31,2025,2025-01-01,2025-12-31,NATIVE_REPLAY_VERIFIED,[]
Marriott International,1048286,D01,https://www.sec.gov/Archives/edgar/data/1048286/000104828626000007/mar-20251231.htm,evidence/request_attempts/06/06cb3fb91679730cf46c8687bf9a821b6533c4e518a0f9f60d14fa57afb96505/mar-20251231.htm,06cb3fb91679730cf46c8687bf9a821b6533c4e518a0f9f60d14fa57afb96505,0001048286-26-000007,mar-20251231.htm,Item 1A,ITEM_1A:bytes:474331-474414:sha256:223b5ff0b914f41786a6d695b3a4c036ae35026b5a3ef1991e669ce029e20c12,text,2025-01-01,2025-12-31,Our owned properties and other real estate investments subject us to numerous risks,Our owned properties and other real estate investments subject us to numerous risks,Our owned properties and other real estate investments subject us to numerous risks,verbatim_source_excerpt,TEXT_V1,marriott_international,run:ordinary-integrated:293a393ffb1343cd0a46dc7e7120b15145492c567f370ca321eb73c64f3803d5,sha256:a162d2476fd2ee85e9258d407fc2a9d7df81770d4d6b1a82577de6359bba2acf,issue_54_v4,sha256:7e577402fa98974628bf613a3a82e66d79f55385ccce117ea5d1f0cd11d49fa2,sha256:671a25cd86baceec0cd20a6be08cbb225328ce65bf46e91fb435a80ca39da4d9,sha256:7050dd9ee6cfd0e50cbe3e2d694b6b1131c8fcc498d95579b41751fed7f3c896,sha256:7050dd9ee6cfd0e50cbe3e2d694b6b1131c8fcc498d95579b41751fed7f3c896,,,True,MATCHED,REPLAY_VERIFIED_CONTENT_NOT_ACCEPTED,NO_SOURCE_CONTENT_CHANGE,NO_SOURCE_CONTENT_CHANGE,True,VERIFIED_SEC_ACQUISITION,,native/D01/bbbc267a44fb4da0be72bb874c7bd497,RUN_ARCHIVE_COORDINATE,2025-01-01,2025-12-31,2025,2025-01-01,2025-12-31,NATIVE_REPLAY_VERIFIED,[]
Marriott International,1048286,D01,https://www.sec.gov/Archives/edgar/data/1048286/000104828626000007/mar-20251231.htm,evidence/request_attempts/06/06cb3fb91679730cf46c8687bf9a821b6533c4e518a0f9f60d14fa57afb96505/mar-20251231.htm,06cb3fb91679730cf46c8687bf9a821b6533c4e518a0f9f60d14fa57afb96505,0001048286-26-000007,mar-20251231.htm,Item 1A,ITEM_1A:bytes:476150-476290:sha256:d0cbbb14748a69a32c2458b1eab7e7edbb21e73de603d75ffe78ea1756d94f44,text,2025-01-01,2025-12-31,Risks associated with development and sale of residential properties associated with our lodging properties or brands may reduce our profits,Risks associated with development and sale of residential properties associated with our lodging properties or brands may reduce our profits,Risks associated with development and sale of residential properties associated with our lodging properties or brands may reduce our profits,verbatim_source_excerpt,TEXT_V1,marriott_international,run:ordinary-integrated:293a393ffb1343cd0a46dc7e7120b15145492c567f370ca321eb73c64f3803d5,sha256:a162d2476fd2ee85e9258d407fc2a9d7df81770d4d6b1a82577de6359bba2acf,issue_54_v4,sha256:7e577402fa98974628bf613a3a82e66d79f55385ccce117ea5d1f0cd11d49fa2,sha256:671a25cd86baceec0cd20a6be08cbb225328ce65bf46e91fb435a80ca39da4d9,sha256:7050dd9ee6cfd0e50cbe3e2d694b6b1131c8fcc498d95579b41751fed7f3c896,sha256:7050dd9ee6cfd0e50cbe3e2d694b6b1131c8fcc498d95579b41751fed7f3c896,,,True,MATCHED,REPLAY_VERIFIED_CONTENT_NOT_ACCEPTED,NO_SOURCE_CONTENT_CHANGE,NO_SOURCE_CONTENT_CHANGE,True,VERIFIED_SEC_ACQUISITION,,native/D01/bbbc267a44fb4da0be72bb874c7bd497,RUN_ARCHIVE_COORDINATE,2025-01-01,2025-12-31,2025,2025-01-01,2025-12-31,NATIVE_REPLAY_VERIFIED,[]
Marriott International,1048286,D01,https://www.sec.gov/Archives/edgar/data/1048286/000104828626000007/mar-20251231.htm,evidence/request_attempts/06/06cb3fb91679730cf46c8687bf9a821b6533c4e518a0f9f60d14fa57afb96505/mar-20251231.htm,06cb3fb91679730cf46c8687bf9a821b6533c4e518a0f9f60d14fa57afb96505,0001048286-26-000007,mar-20251231.htm,Item 1A,ITEM_1A:bytes:477385-477522:sha256:874479f21ce6749b6af09866b47d54360c4442e46ba5251d51ee179a16eb4619,text,2025-01-01,2025-12-31,"More hotel projects in our development pipeline may be cancelled or delayed in opening, which could adversely affect our growth prospects","More hotel projects in our development pipeline may be cancelled or delayed in opening, which could adversely affect our growth prospects","More hotel projects in our development pipeline may be cancelled or delayed in opening, which could adversely affect our growth prospects",verbatim_source_excerpt,TEXT_V1,marriott_international,run:ordinary-integrated:293a393ffb1343cd0a46dc7e7120b15145492c567f370ca321eb73c64f3803d5,sha256:a162d2476fd2ee85e9258d407fc2a9d7df81770d4d6b1a82577de6359bba2acf,issue_54_v4,sha256:7e577402fa98974628bf613a3a82e66d79f55385ccce117ea5d1f0cd11d49fa2,sha256:671a25cd86baceec0cd20a6be08cbb225328ce65bf46e91fb435a80ca39da4d9,sha256:7050dd9ee6cfd0e50cbe3e2d694b6b1131c8fcc498d95579b41751fed7f3c896,sha256:7050dd9ee6cfd0e50cbe3e2d694b6b1131c8fcc498d95579b41751fed7f3c896,,,True,MATCHED,REPLAY_VERIFIED_CONTENT_NOT_ACCEPTED,NO_SOURCE_CONTENT_CHANGE,NO_SOURCE_CONTENT_CHANGE,True,VERIFIED_SEC_ACQUISITION,,native/D01/bbbc267a44fb4da0be72bb874c7bd497,RUN_ARCHIVE_COORDINATE,2025-01-01,2025-12-31,2025,2025-01-01,2025-12-31,NATIVE_REPLAY_VERIFIED,[]
Marriott International,1048286,D01,https://www.sec.gov/Archives/edgar/data/1048286/000104828626000007/mar-20251231.htm,evidence/request_attempts/06/06cb3fb91679730cf46c8687bf9a821b6533c4e518a0f9f60d14fa57afb96505/mar-20251231.htm,06cb3fb91679730cf46c8687bf9a821b6533c4e518a0f9f60d14fa57afb96505,0001048286-26-000007,mar-20251231.htm,Item 1A,ITEM_1A:bytes:478658-478741:sha256:4ad3d137e5d5e1a0d5c967bef5e02ffcfa171cba091814a21e5fa133602c8290,text,2025-01-01,2025-12-31,Losses on loans or guarantees that we have made to third parties impact our profits,Losses on loans or guarantees that we have made to third parties impact our profits,Losses on loans or guarantees that we have made to third parties impact our profits,verbatim_source_excerpt,TEXT_V1,marriott_international,run:ordinary-integrated:293a393ffb1343cd0a46dc7e7120b15145492c567f370ca321eb73c64f3803d5,sha256:a162d2476fd2ee85e9258d407fc2a9d7df81770d4d6b1a82577de6359bba2acf,issue_54_v4,sha256:7e577402fa98974628bf613a3a82e66d79f55385ccce117ea5d1f0cd11d49fa2,sha256:671a25cd86baceec0cd20a6be08cbb225328ce65bf46e91fb435a80ca39da4d9,sha256:7050dd9ee6cfd0e50cbe3e2d694b6b1131c8fcc498d95579b41751fed7f3c896,sha256:7050dd9ee6cfd0e50cbe3e2d694b6b1131c8fcc498d95579b41751fed7f3c896,,,True,MATCHED,REPLAY_VERIFIED_CONTENT_NOT_ACCEPTED,NO_SOURCE_CONTENT_CHANGE,NO_SOURCE_CONTENT_CHANGE,True,VERIFIED_SEC_ACQUISITION,,native/D01/bbbc267a44fb4da0be72bb874c7bd497,RUN_ARCHIVE_COORDINATE,2025-01-01,2025-12-31,2025,2025-01-01,2025-12-31,NATIVE_REPLAY_VERIFIED,[]
Marriott International,1048286,D01,https://www.sec.gov/Archives/edgar/data/1048286/000104828626000007/mar-20251231.htm,evidence/request_attempts/06/06cb3fb91679730cf46c8687bf9a821b6533c4e518a0f9f60d14fa57afb96505/mar-20251231.htm,06cb3fb91679730cf46c8687bf9a821b6533c4e518a0f9f60d14fa57afb96505,0001048286-26-000007,mar-20251231.htm,Item 1A,ITEM_1A:bytes:479417-479675:sha256:e6f4d230a0ffca5f902b164f521162c60c908824234d8d9ea071d1c81d3b7c82,text,2025-01-01,2025-12-31,"If hotel owners cannot repay or refinance mortgage loans secured by their properties, default under property leases, or experience other financial difficulties, our revenues and profits could materially decrease and our business could be significantly harmed","If hotel owners cannot repay or refinance mortgage loans secured by their properties, default under property leases, or experience other financial difficulties, our revenues and profits could materially decrease and our business could be significantly harmed","If hotel owners cannot repay or refinance mortgage loans secured by their properties, default under property leases, or experience other financial difficulties, our revenues and profits could materially decrease and our business could be significantly harmed",verbatim_source_excerpt,TEXT_V1,marriott_international,run:ordinary-integrated:293a393ffb1343cd0a46dc7e7120b15145492c567f370ca321eb73c64f3803d5,sha256:a162d2476fd2ee85e9258d407fc2a9d7df81770d4d6b1a82577de6359bba2acf,issue_54_v4,sha256:7e577402fa98974628bf613a3a82e66d79f55385ccce117ea5d1f0cd11d49fa2,sha256:671a25cd86baceec0cd20a6be08cbb225328ce65bf46e91fb435a80ca39da4d9,sha256:7050dd9ee6cfd0e50cbe3e2d694b6b1131c8fcc498d95579b41751fed7f3c896,sha256:7050dd9ee6cfd0e50cbe3e2d694b6b1131c8fcc498d95579b41751fed7f3c896,,,True,MATCHED,REPLAY_VERIFIED_CONTENT_NOT_ACCEPTED,NO_SOURCE_CONTENT_CHANGE,NO_SOURCE_CONTENT_CHANGE,True,VERIFIED_SEC_ACQUISITION,,native/D01/bbbc267a44fb4da0be72bb874c7bd497,RUN_ARCHIVE_COORDINATE,2025-01-01,2025-12-31,2025,2025-01-01,2025-12-31,NATIVE_REPLAY_VERIFIED,[]
Marriott International,1048286,D01,https://www.sec.gov/Archives/edgar/data/1048286/000104828626000007/mar-20251231.htm,evidence/request_attempts/06/06cb3fb91679730cf46c8687bf9a821b6533c4e518a0f9f60d14fa57afb96505/mar-20251231.htm,06cb3fb91679730cf46c8687bf9a821b6533c4e518a0f9f60d14fa57afb96505,0001048286-26-000007,mar-20251231.htm,Item 1A,ITEM_1A:bytes:481153-481206:sha256:f30757f2b95da5d9544971c6d32373cf7edd3c99ac9040738d79e8c4f2e9d62b,text,2025-01-01,2025-12-31,"Technology, Information Protection, and Privacy Risks","Technology, Information Protection, and Privacy Risks","Technology, Information Protection, and Privacy Risks",verbatim_source_excerpt,TEXT_V1,marriott_international,run:ordinary-integrated:293a393ffb1343cd0a46dc7e7120b15145492c567f370ca321eb73c64f3803d5,sha256:a162d2476fd2ee85e9258d407fc2a9d7df81770d4d6b1a82577de6359bba2acf,issue_54_v4,sha256:7e577402fa98974628bf613a3a82e66d79f55385ccce117ea5d1f0cd11d49fa2,sha256:671a25cd86baceec0cd20a6be08cbb225328ce65bf46e91fb435a80ca39da4d9,sha256:7050dd9ee6cfd0e50cbe3e2d694b6b1131c8fcc498d95579b41751fed7f3c896,sha256:7050dd9ee6cfd0e50cbe3e2d694b6b1131c8fcc498d95579b41751fed7f3c896,,,True,MATCHED,REPLAY_VERIFIED_CONTENT_NOT_ACCEPTED,NO_SOURCE_CONTENT_CHANGE,NO_SOURCE_CONTENT_CHANGE,True,VERIFIED_SEC_ACQUISITION,,native/D01/bbbc267a44fb4da0be72bb874c7bd497,RUN_ARCHIVE_COORDINATE,2025-01-01,2025-12-31,2025,2025-01-01,2025-12-31,NATIVE_REPLAY_VERIFIED,[]
Marriott International,1048286,D01,https://www.sec.gov/Archives/edgar/data/1048286/000104828626000007/mar-20251231.htm,evidence/request_attempts/06/06cb3fb91679730cf46c8687bf9a821b6533c4e518a0f9f60d14fa57afb96505/mar-20251231.htm,06cb3fb91679730cf46c8687bf9a821b6533c4e518a0f9f60d14fa57afb96505,0001048286-26-000007,mar-20251231.htm,Item 1A,ITEM_1A:bytes:481396-481573:sha256:a733e9b0b7d65654c7493f61db5f3ab09d19c1e64fa18e63e34e7d557d1d73d2,text,2025-01-01,2025-12-31,"Disruption in the functioning of our reservation, Loyalty Program, or other core operational systems, or our use of certain new technologies, could adversely affect our business","Disruption in the functioning of our reservation, Loyalty Program, or other core operational systems, or our use of certain new technologies, could adversely affect our business","Disruption in the functioning of our reservation, Loyalty Program, or other core operational systems, or our use of certain new technologies, could adversely affect our business",verbatim_source_excerpt,TEXT_V1,marriott_international,run:ordinary-integrated:293a393ffb1343cd0a46dc7e7120b15145492c567f370ca321eb73c64f3803d5,sha256:a162d2476fd2ee85e9258d407fc2a9d7df81770d4d6b1a82577de6359bba2acf,issue_54_v4,sha256:7e577402fa98974628bf613a3a82e66d79f55385ccce117ea5d1f0cd11d49fa2,sha256:671a25cd86baceec0cd20a6be08cbb225328ce65bf46e91fb435a80ca39da4d9,sha256:7050dd9ee6cfd0e50cbe3e2d694b6b1131c8fcc498d95579b41751fed7f3c896,sha256:7050dd9ee6cfd0e50cbe3e2d694b6b1131c8fcc498d95579b41751fed7f3c896,,,True,MATCHED,REPLAY_VERIFIED_CONTENT_NOT_ACCEPTED,NO_SOURCE_CONTENT_CHANGE,NO_SOURCE_CONTENT_CHANGE,True,VERIFIED_SEC_ACQUISITION,,native/D01/bbbc267a44fb4da0be72bb874c7bd497,RUN_ARCHIVE_COORDINATE,2025-01-01,2025-12-31,2025,2025-01-01,2025-12-31,NATIVE_REPLAY_VERIFIED,[]
Marriott International,1048286,D01,https://www.sec.gov/Archives/edgar/data/1048286/000104828626000007/mar-20251231.htm,evidence/request_attempts/06/06cb3fb91679730cf46c8687bf9a821b6533c4e518a0f9f60d14fa57afb96505/mar-20251231.htm,06cb3fb91679730cf46c8687bf9a821b6533c4e518a0f9f60d14fa57afb96505,0001048286-26-000007,mar-20251231.htm,Item 1A,ITEM_1A:bytes:485268-485374:sha256:367520b5376cfaecce5dede8652fb918103b54ca19f0af4552726e62345db085,text,2025-01-01,2025-12-31,A failure to keep pace with developments in technology could impair our operations or competitive position,A failure to keep pace with developments in technology could impair our operations or competitive position,A failure to keep pace with developments in technology could impair our operations or competitive position,verbatim_source_excerpt,TEXT_V1,marriott_international,run:ordinary-integrated:293a393ffb1343cd0a46dc7e7120b15145492c567f370ca321eb73c64f3803d5,sha256:a162d2476fd2ee85e9258d407fc2a9d7df81770d4d6b1a82577de6359bba2acf,issue_54_v4,sha256:7e577402fa98974628bf613a3a82e66d79f55385ccce117ea5d1f0cd11d49fa2,sha256:671a25cd86baceec0cd20a6be08cbb225328ce65bf46e91fb435a80ca39da4d9,sha256:7050dd9ee6cfd0e50cbe3e2d694b6b1131c8fcc498d95579b41751fed7f3c896,sha256:7050dd9ee6cfd0e50cbe3e2d694b6b1131c8fcc498d95579b41751fed7f3c896,,,True,MATCHED,REPLAY_VERIFIED_CONTENT_NOT_ACCEPTED,NO_SOURCE_CONTENT_CHANGE,NO_SOURCE_CONTENT_CHANGE,True,VERIFIED_SEC_ACQUISITION,,native/D01/bbbc267a44fb4da0be72bb874c7bd497,RUN_ARCHIVE_COORDINATE,2025-01-01,2025-12-31,2025,2025-01-01,2025-12-31,NATIVE_REPLAY_VERIFIED,[]
Marriott International,1048286,D01,https://www.sec.gov/Archives/edgar/data/1048286/000104828626000007/mar-20251231.htm,evidence/request_attempts/06/06cb3fb91679730cf46c8687bf9a821b6533c4e518a0f9f60d14fa57afb96505/mar-20251231.htm,06cb3fb91679730cf46c8687bf9a821b6533c4e518a0f9f60d14fa57afb96505,0001048286-26-000007,mar-20251231.htm,Item 1A,ITEM_1A:bytes:487191-487286:sha256:96da2058f8067086a31c052ad983cdce978610ddbdbf9d6e4703414bbd41263c,text,2025-01-01,2025-12-31,We are exposed to risks and costs associated with protecting the integrity and security of data,We are exposed to risks and costs associated with protecting the integrity and security of data,We are exposed to risks and costs associated with protecting the integrity and security of data,verbatim_source_excerpt,TEXT_V1,marriott_international,run:ordinary-integrated:293a393ffb1343cd0a46dc7e7120b15145492c567f370ca321eb73c64f3803d5,sha256:a162d2476fd2ee85e9258d407fc2a9d7df81770d4d6b1a82577de6359bba2acf,issue_54_v4,sha256:7e577402fa98974628bf613a3a82e66d79f55385ccce117ea5d1f0cd11d49fa2,sha256:671a25cd86baceec0cd20a6be08cbb225328ce65bf46e91fb435a80ca39da4d9,sha256:7050dd9ee6cfd0e50cbe3e2d694b6b1131c8fcc498d95579b41751fed7f3c896,sha256:7050dd9ee6cfd0e50cbe3e2d694b6b1131c8fcc498d95579b41751fed7f3c896,,,True,MATCHED,REPLAY_VERIFIED_CONTENT_NOT_ACCEPTED,NO_SOURCE_CONTENT_CHANGE,NO_SOURCE_CONTENT_CHANGE,True,VERIFIED_SEC_ACQUISITION,,native/D01/bbbc267a44fb4da0be72bb874c7bd497,RUN_ARCHIVE_COORDINATE,2025-01-01,2025-12-31,2025,2025-01-01,2025-12-31,NATIVE_REPLAY_VERIFIED,[]
Marriott International,1048286,D01,https://www.sec.gov/Archives/edgar/data/1048286/000104828626000007/mar-20251231.htm,evidence/request_attempts/06/06cb3fb91679730cf46c8687bf9a821b6533c4e518a0f9f60d14fa57afb96505/mar-20251231.htm,06cb3fb91679730cf46c8687bf9a821b6533c4e518a0f9f60d14fa57afb96505,0001048286-26-000007,mar-20251231.htm,Item 1A,ITEM_1A:bytes:489540-489661:sha256:a55eff13733dcbef2b2898a5a251196af86ad2a7e8ea226f1c4cb857117fddd8,text,2025-01-01,2025-12-31,"The Data Security Incident, and other information security incidents, could have numerous adverse effects on our business","The Data Security Incident, and other information security incidents, could have numerous adverse effects on our business","The Data Security Incident, and other information security incidents, could have numerous adverse effects on our business",verbatim_source_excerpt,TEXT_V1,marriott_international,run:ordinary-integrated:293a393ffb1343cd0a46dc7e7120b15145492c567f370ca321eb73c64f3803d5,sha256:a162d2476fd2ee85e9258d407fc2a9d7df81770d4d6b1a82577de6359bba2acf,issue_54_v4,sha256:7e577402fa98974628bf613a3a82e66d79f55385ccce117ea5d1f0cd11d49fa2,sha256:671a25cd86baceec0cd20a6be08cbb225328ce65bf46e91fb435a80ca39da4d9,sha256:7050dd9ee6cfd0e50cbe3e2d694b6b1131c8fcc498d95579b41751fed7f3c896,sha256:7050dd9ee6cfd0e50cbe3e2d694b6b1131c8fcc498d95579b41751fed7f3c896,,,True,MATCHED,REPLAY_VERIFIED_CONTENT_NOT_ACCEPTED,NO_SOURCE_CONTENT_CHANGE,NO_SOURCE_CONTENT_CHANGE,True,VERIFIED_SEC_ACQUISITION,,native/D01/bbbc267a44fb4da0be72bb874c7bd497,RUN_ARCHIVE_COORDINATE,2025-01-01,2025-12-31,2025,2025-01-01,2025-12-31,NATIVE_REPLAY_VERIFIED,[]
Marriott International,1048286,D01,https://www.sec.gov/Archives/edgar/data/1048286/000104828626000007/mar-20251231.htm,evidence/request_attempts/06/06cb3fb91679730cf46c8687bf9a821b6533c4e518a0f9f60d14fa57afb96505/mar-20251231.htm,06cb3fb91679730cf46c8687bf9a821b6533c4e518a0f9f60d14fa57afb96505,0001048286-26-000007,mar-20251231.htm,Item 1A,ITEM_1A:bytes:493537-493615:sha256:e8fcf3db508461602f51192632904f8897a23b2defb3ae8ada159698b7d1ca52,text,2025-01-01,2025-12-31,Additional cybersecurity incidents could have adverse effects on our business.,Additional cybersecurity incidents could have adverse effects on our business.,Additional cybersecurity incidents could have adverse effects on our business.,verbatim_source_excerpt,TEXT_V1,marriott_international,run:ordinary-integrated:293a393ffb1343cd0a46dc7e7120b15145492c567f370ca321eb73c64f3803d5,sha256:a162d2476fd2ee85e9258d407fc2a9d7df81770d4d6b1a82577de6359bba2acf,issue_54_v4,sha256:7e577402fa98974628bf613a3a82e66d79f55385ccce117ea5d1f0cd11d49fa2,sha256:671a25cd86baceec0cd20a6be08cbb225328ce65bf46e91fb435a80ca39da4d9,sha256:7050dd9ee6cfd0e50cbe3e2d694b6b1131c8fcc498d95579b41751fed7f3c896,sha256:7050dd9ee6cfd0e50cbe3e2d694b6b1131c8fcc498d95579b41751fed7f3c896,,,True,MATCHED,REPLAY_VERIFIED_CONTENT_NOT_ACCEPTED,NO_SOURCE_CONTENT_CHANGE,NO_SOURCE_CONTENT_CHANGE,True,VERIFIED_SEC_ACQUISITION,,native/D01/bbbc267a44fb4da0be72bb874c7bd497,RUN_ARCHIVE_COORDINATE,2025-01-01,2025-12-31,2025,2025-01-01,2025-12-31,NATIVE_REPLAY_VERIFIED,[]
Marriott International,1048286,D01,https://www.sec.gov/Archives/edgar/data/1048286/000104828626000007/mar-20251231.htm,evidence/request_attempts/06/06cb3fb91679730cf46c8687bf9a821b6533c4e518a0f9f60d14fa57afb96505/mar-20251231.htm,06cb3fb91679730cf46c8687bf9a821b6533c4e518a0f9f60d14fa57afb96505,0001048286-26-000007,mar-20251231.htm,Item 1A,ITEM_1A:bytes:499258-499518:sha256:1f6683cca9c285315955e76e1fc6215341d2902cb78bf4660975ee39b6730bbb,text,2025-01-01,2025-12-31,Changes in privacy and data security laws could increase our operating costs and increase our exposure to payment obligations and litigation.,Changes in privacy and data security laws could increase our operating costs and increase our exposure to payment obligations and litigation.,Changes in privacy and data security laws could increase our operating costs and increase our exposure to payment obligations and litigation.,verbatim_source_excerpt,TEXT_V1,marriott_international,run:ordinary-integrated:293a393ffb1343cd0a46dc7e7120b15145492c567f370ca321eb73c64f3803d5,sha256:a162d2476fd2ee85e9258d407fc2a9d7df81770d4d6b1a82577de6359bba2acf,issue_54_v4,sha256:7e577402fa98974628bf613a3a82e66d79f55385ccce117ea5d1f0cd11d49fa2,sha256:671a25cd86baceec0cd20a6be08cbb225328ce65bf46e91fb435a80ca39da4d9,sha256:7050dd9ee6cfd0e50cbe3e2d694b6b1131c8fcc498d95579b41751fed7f3c896,sha256:7050dd9ee6cfd0e50cbe3e2d694b6b1131c8fcc498d95579b41751fed7f3c896,,,True,MATCHED,REPLAY_VERIFIED_CONTENT_NOT_ACCEPTED,NO_SOURCE_CONTENT_CHANGE,NO_SOURCE_CONTENT_CHANGE,True,VERIFIED_SEC_ACQUISITION,,native/D01/bbbc267a44fb4da0be72bb874c7bd497,RUN_ARCHIVE_COORDINATE,2025-01-01,2025-12-31,2025,2025-01-01,2025-12-31,NATIVE_REPLAY_VERIFIED,[]
Marriott International,1048286,D01,https://www.sec.gov/Archives/edgar/data/1048286/000104828626000007/mar-20251231.htm,evidence/request_attempts/06/06cb3fb91679730cf46c8687bf9a821b6533c4e518a0f9f60d14fa57afb96505/mar-20251231.htm,06cb3fb91679730cf46c8687bf9a821b6533c4e518a0f9f60d14fa57afb96505,0001048286-26-000007,mar-20251231.htm,Item 1A,ITEM_1A:bytes:502720-502740:sha256:cde1d22a490a307e02203142da435f684665b039ded25664d5612cb503e06771,text,2025-01-01,2025-12-31,General Risk Factors,General Risk Factors,General Risk Factors,verbatim_source_excerpt,TEXT_V1,marriott_international,run:ordinary-integrated:293a393ffb1343cd0a46dc7e7120b15145492c567f370ca321eb73c64f3803d5,sha256:a162d2476fd2ee85e9258d407fc2a9d7df81770d4d6b1a82577de6359bba2acf,issue_54_v4,sha256:7e577402fa98974628bf613a3a82e66d79f55385ccce117ea5d1f0cd11d49fa2,sha256:671a25cd86baceec0cd20a6be08cbb225328ce65bf46e91fb435a80ca39da4d9,sha256:7050dd9ee6cfd0e50cbe3e2d694b6b1131c8fcc498d95579b41751fed7f3c896,sha256:7050dd9ee6cfd0e50cbe3e2d694b6b1131c8fcc498d95579b41751fed7f3c896,,,True,MATCHED,REPLAY_VERIFIED_CONTENT_NOT_ACCEPTED,NO_SOURCE_CONTENT_CHANGE,NO_SOURCE_CONTENT_CHANGE,True,VERIFIED_SEC_ACQUISITION,,native/D01/bbbc267a44fb4da0be72bb874c7bd497,RUN_ARCHIVE_COORDINATE,2025-01-01,2025-12-31,2025,2025-01-01,2025-12-31,NATIVE_REPLAY_VERIFIED,[]
Marriott International,1048286,D01,https://www.sec.gov/Archives/edgar/data/1048286/000104828626000007/mar-20251231.htm,evidence/request_attempts/06/06cb3fb91679730cf46c8687bf9a821b6533c4e518a0f9f60d14fa57afb96505/mar-20251231.htm,06cb3fb91679730cf46c8687bf9a821b6533c4e518a0f9f60d14fa57afb96505,0001048286-26-000007,mar-20251231.htm,Item 1A,ITEM_1A:bytes:502930-503095:sha256:e5383fc645a9d7abc426876f18a4110dd148d6c7c08db2b80fffb090b52aded1,text,2025-01-01,2025-12-31,"Delaware law and our governing corporate documents contain, and our Board of Directors could implement, anti-takeover provisions that could deter takeover attempts.","Delaware law and our governing corporate documents contain, and our Board of Directors could implement, anti-takeover provisions that could deter takeover attempts.","Delaware law and our governing corporate documents contain, and our Board of Directors could implement, anti-takeover provisions that could deter takeover attempts.",verbatim_source_excerpt,TEXT_V1,marriott_international,run:ordinary-integrated:293a393ffb1343cd0a46dc7e7120b15145492c567f370ca321eb73c64f3803d5,sha256:a162d2476fd2ee85e9258d407fc2a9d7df81770d4d6b1a82577de6359bba2acf,issue_54_v4,sha256:7e577402fa98974628bf613a3a82e66d79f55385ccce117ea5d1f0cd11d49fa2,sha256:671a25cd86baceec0cd20a6be08cbb225328ce65bf46e91fb435a80ca39da4d9,sha256:7050dd9ee6cfd0e50cbe3e2d694b6b1131c8fcc498d95579b41751fed7f3c896,sha256:7050dd9ee6cfd0e50cbe3e2d694b6b1131c8fcc498d95579b41751fed7f3c896,,,True,MATCHED,REPLAY_VERIFIED_CONTENT_NOT_ACCEPTED,NO_SOURCE_CONTENT_CHANGE,NO_SOURCE_CONTENT_CHANGE,True,VERIFIED_SEC_ACQUISITION,,native/D01/bbbc267a44fb4da0be72bb874c7bd497,RUN_ARCHIVE_COORDINATE,2025-01-01,2025-12-31,2025,2025-01-01,2025-12-31,NATIVE_REPLAY_VERIFIED,[]
Marriott International,1048286,D01,https://www.sec.gov/Archives/edgar/data/1048286/000104828626000007/mar-20251231.htm,evidence/request_attempts/06/06cb3fb91679730cf46c8687bf9a821b6533c4e518a0f9f60d14fa57afb96505/mar-20251231.htm,06cb3fb91679730cf46c8687bf9a821b6533c4e518a0f9f60d14fa57afb96505,0001048286-26-000007,mar-20251231.htm,Item 1A,ITEM_1A:bytes:503973-504107:sha256:897b610adca09f1e746415592bdcc978d084574970066278b9add7f4cf3538c9,text,2025-01-01,2025-12-31,"Changes in tax law, interpretations of existing tax law, or agreements or disputes with tax authorities could increase our tax costs.","Changes in tax law, interpretations of existing tax law, or agreements or disputes with tax authorities could increase our tax costs.","Changes in tax law, interpretations of existing tax law, or agreements or disputes with tax authorities could increase our tax costs.",verbatim_source_excerpt,TEXT_V1,marriott_international,run:ordinary-integrated:293a393ffb1343cd0a46dc7e7120b15145492c567f370ca321eb73c64f3803d5,sha256:a162d2476fd2ee85e9258d407fc2a9d7df81770d4d6b1a82577de6359bba2acf,issue_54_v4,sha256:7e577402fa98974628bf613a3a82e66d79f55385ccce117ea5d1f0cd11d49fa2,sha256:671a25cd86baceec0cd20a6be08cbb225328ce65bf46e91fb435a80ca39da4d9,sha256:7050dd9ee6cfd0e50cbe3e2d694b6b1131c8fcc498d95579b41751fed7f3c896,sha256:7050dd9ee6cfd0e50cbe3e2d694b6b1131c8fcc498d95579b41751fed7f3c896,,,True,MATCHED,REPLAY_VERIFIED_CONTENT_NOT_ACCEPTED,NO_SOURCE_CONTENT_CHANGE,NO_SOURCE_CONTENT_CHANGE,True,VERIFIED_SEC_ACQUISITION,,native/D01/bbbc267a44fb4da0be72bb874c7bd497,RUN_ARCHIVE_COORDINATE,2025-01-01,2025-12-31,2025,2025-01-01,2025-12-31,NATIVE_REPLAY_VERIFIED,[]
Marriott International,1048286,E01,https://data.sec.gov/submissions/CIK0001048286.json,evidence/request_attempts/24/2428111896211cad00c16b51937df2093fccc364e6cabfa371f493039b30e8e9/CIK0001048286.json,2428111896211cad00c16b51937df2093fccc364e6cabfa371f493039b30e8e9,SUBMISSIONS-1048286,CIK0001048286.json,M&A announcements,"{""source_binding"": {""accession"": ""SUBMISSIONS-1048286"", ""document_name"": ""CIK0001048286.json"", ""matched_verified_claim_ids"": [], ""ordered_source_reference_ids"": [""sha256:36c617d02d818b4902d5acf94a0d1d04d4efd5d3400922c92295f8bbf0c17094"", ""sha256:e9e24d441b8acd4ada0efe679ab5bfea94f128291f76ab324186d53b449ac655"", ""sha256:60936afcc1962b3f09c405897c949eb586c262d02fdcd5e316511733012058eb"", ""sha256:9f5f13c37ddc067d22be465a6407bbf8989370dbcb4e51f50e38fa38acac9a8a"", ""sha256:1f83e50639e251e30a9d72aa512b92666a3d1238a9c34f9afe4b101057dae5cf"", ""sha256:36aaee45603a92559dc33f05bdc2dbeacf01b6281db974c39980942ea23282c8"", ""sha256:61a6a86137f6a970ed09f81a01e7f1635fd9245a556be6e5987a840f7b605ece"", ""sha256:392df5da6c2c026de0ff94468aa44b64c804fa215de3e7dd8fd23067a92eeb80"", ""sha256:cf130d2988d1fb9f249c865230b00afbe0e54cc31af3a7efc93a336c736927fa"", ""sha256:ee0c8e4b30d3ca31a613009dc7e2a96a7f643b5cb9aa9405490903577311f348"", ""sha256:2afc5ddf640c0aaa4cb4142cb7a0d46731c1d8f777997290321cee9e191449d9"", ""sha256:64a6300d558b6ed3b230cbc3e191503f47a828cb002c572c57a96bcf078f0d3d"", ""sha256:87109107b65e3837910d65360fdbd0f86f569c832c94c35dc8f477db39c33cfc"", ""sha256:b40feb7d686d1712e232352c0119993620b6b6ec6ac5def8ca52bbdd23364083"", ""sha256:04bb0255f0a10aaf9794d06b52cc4cbb45f4a45b8717df332bca22cd3741e8c0"", ""sha256:129213e529e3c4095c6f3ea680ffd30eea0bf2092a0a8af36781a30608ebcb2f"", ""sha256:38d839367e9e4abfd3e2ebb4ddc32a2f53e5a3bf74d9338be0c1059bb33efbb3"", ""sha256:81500619ec794bf93b0992dde23d029d41adbba885d35c2dea1e705443c183fb"", ""sha256:d4fdf2105a90e20788593ec0dd8922df5d294c1f446c1386216dfa613c20c65b"", ""sha256:2f5034de82073cc95a3941f8c9afbfa74013ab23ae81f5bfb1f54b1bb647573b""], ""raw_asset_id"": ""sha256:2428111896211cad00c16b51937df2093fccc364e6cabfa371f493039b30e8e9"", ""source_reference_id"": ""sha256:5fbed365804130c17c75d2f0c910feb4d114758697e4b327f9c79021c86fe7f9"", ""source_role"": ""sec_submissions_inventory"", ""source_set_manifest_id"": ""sha256:4e8977615000bbc4e9b4e072f6bd453c2a8347d2f6f15bc113c6862144fc4223"", ""source_set_role"": ""fy_8k_item_inventory""}, ""source_cells"": []}",count,2025-01-01,2025-12-31,,0,Normalized source-derived observation: M&A announcements=0 unit=count accn=SUBMISSIONS-1048286 filed=,ordinary_native_source_projection,ordinary_projection_v1,marriott_international,run:ordinary-integrated:d57f30a0574f7094a294d79b017e7eaa7120cebf05c9db17203689d446d16bac,sha256:7a2cfcec9c63beaeb9eafab2c78bb2b1d68c67cf363b07630b53f527fb98413f,issue_54_v4,sha256:7e577402fa98974628bf613a3a82e66d79f55385ccce117ea5d1f0cd11d49fa2,sha256:7050dd9ee6cfd0e50cbe3e2d694b6b1131c8fcc498d95579b41751fed7f3c896,sha256:7050dd9ee6cfd0e50cbe3e2d694b6b1131c8fcc498d95579b41751fed7f3c896,sha256:7050dd9ee6cfd0e50cbe3e2d694b6b1131c8fcc498d95579b41751fed7f3c896,,,True,MATCHED,REPLAY_VERIFIED_CONTENT_NOT_ACCEPTED,CANDIDATE_READY,CANDIDATE_READY,True,VERIFIED_SEC_ACQUISITION,,native/E01/188bd45d04a64a408bd24271c8a5b8dd,RUN_ARCHIVE_COORDINATE,2025-01-01,2025-12-31,2025,2025-01-01,2025-12-31,NATIVE_REPLAY_VERIFIED,[]
Marriott International,1048286,E02,https://data.sec.gov/submissions/CIK0001048286.json,evidence/request_attempts/24/2428111896211cad00c16b51937df2093fccc364e6cabfa371f493039b30e8e9/CIK0001048286.json,2428111896211cad00c16b51937df2093fccc364e6cabfa371f493039b30e8e9,SUBMISSIONS-1048286,CIK0001048286.json,Bankruptcy filings,"{""source_binding"": {""accession"": ""SUBMISSIONS-1048286"", ""document_name"": ""CIK0001048286.json"", ""matched_verified_claim_ids"": [], ""ordered_source_reference_ids"": [""sha256:36c617d02d818b4902d5acf94a0d1d04d4efd5d3400922c92295f8bbf0c17094"", ""sha256:e9e24d441b8acd4ada0efe679ab5bfea94f128291f76ab324186d53b449ac655"", ""sha256:60936afcc1962b3f09c405897c949eb586c262d02fdcd5e316511733012058eb"", ""sha256:9f5f13c37ddc067d22be465a6407bbf8989370dbcb4e51f50e38fa38acac9a8a"", ""sha256:1f83e50639e251e30a9d72aa512b92666a3d1238a9c34f9afe4b101057dae5cf"", ""sha256:36aaee45603a92559dc33f05bdc2dbeacf01b6281db974c39980942ea23282c8"", ""sha256:61a6a86137f6a970ed09f81a01e7f1635fd9245a556be6e5987a840f7b605ece"", ""sha256:392df5da6c2c026de0ff94468aa44b64c804fa215de3e7dd8fd23067a92eeb80"", ""sha256:cf130d2988d1fb9f249c865230b00afbe0e54cc31af3a7efc93a336c736927fa"", ""sha256:ee0c8e4b30d3ca31a613009dc7e2a96a7f643b5cb9aa9405490903577311f348"", ""sha256:2afc5ddf640c0aaa4cb4142cb7a0d46731c1d8f777997290321cee9e191449d9"", ""sha256:64a6300d558b6ed3b230cbc3e191503f47a828cb002c572c57a96bcf078f0d3d"", ""sha256:87109107b65e3837910d65360fdbd0f86f569c832c94c35dc8f477db39c33cfc"", ""sha256:b40feb7d686d1712e232352c0119993620b6b6ec6ac5def8ca52bbdd23364083"", ""sha256:04bb0255f0a10aaf9794d06b52cc4cbb45f4a45b8717df332bca22cd3741e8c0"", ""sha256:129213e529e3c4095c6f3ea680ffd30eea0bf2092a0a8af36781a30608ebcb2f"", ""sha256:38d839367e9e4abfd3e2ebb4ddc32a2f53e5a3bf74d9338be0c1059bb33efbb3"", ""sha256:81500619ec794bf93b0992dde23d029d41adbba885d35c2dea1e705443c183fb"", ""sha256:d4fdf2105a90e20788593ec0dd8922df5d294c1f446c1386216dfa613c20c65b"", ""sha256:2f5034de82073cc95a3941f8c9afbfa74013ab23ae81f5bfb1f54b1bb647573b""], ""raw_asset_id"": ""sha256:2428111896211cad00c16b51937df2093fccc364e6cabfa371f493039b30e8e9"", ""source_reference_id"": ""sha256:5fbed365804130c17c75d2f0c910feb4d114758697e4b327f9c79021c86fe7f9"", ""source_role"": ""sec_submissions_inventory"", ""source_set_manifest_id"": ""sha256:4e8977615000bbc4e9b4e072f6bd453c2a8347d2f6f15bc113c6862144fc4223"", ""source_set_role"": ""fy_8k_item_inventory""}, ""source_cells"": []}",count,2025-01-01,2025-12-31,,0,Normalized source-derived observation: Bankruptcy filings=0 unit=count accn=SUBMISSIONS-1048286 filed=,ordinary_native_source_projection,ordinary_projection_v1,marriott_international,run:ordinary-integrated:aed3401d65d3b770f1a8e10d5136be1f1a98ec4624966593619377248d60bbc7,sha256:b3ec0a24a0275de38c4619773b19ce104ab5a45233f29778fcce330d367c542d,issue_54_v4,sha256:7e577402fa98974628bf613a3a82e66d79f55385ccce117ea5d1f0cd11d49fa2,sha256:7050dd9ee6cfd0e50cbe3e2d694b6b1131c8fcc498d95579b41751fed7f3c896,sha256:7050dd9ee6cfd0e50cbe3e2d694b6b1131c8fcc498d95579b41751fed7f3c896,sha256:7050dd9ee6cfd0e50cbe3e2d694b6b1131c8fcc498d95579b41751fed7f3c896,,,True,MATCHED,REPLAY_VERIFIED_CONTENT_NOT_ACCEPTED,CANDIDATE_READY,CANDIDATE_READY,True,VERIFIED_SEC_ACQUISITION,,native/E02/8175569cd4d4439fbfd5522a8d4efcc7,RUN_ARCHIVE_COORDINATE,2025-01-01,2025-12-31,2025,2025-01-01,2025-12-31,NATIVE_REPLAY_VERIFIED,[]
Marriott International,1048286,E03,https://www.sec.gov/Archives/edgar/data/1048286/000119312525009110/0001193125-25-009110.hdr.sgml,evidence/request_attempts/0b/0b7fcc3b211556d4e1426e93c53dc37170a505bdcc8ad1309de1fc9690b2e9f7/0001193125-25-009110.hdr.sgml,0b7fcc3b211556d4e1426e93c53dc37170a505bdcc8ad1309de1fc9690b2e9f7,0001193125-25-009110,0001193125-25-009110.hdr.sgml,Item 5.02,"{""attributes"": {""accession"": ""0001193125-25-009110"", ""brief"": ""8-K item 5.02 parsed from hdr.sgml"", ""brief_source"": ""HDR_SGML_ITEM_CODE"", ""deterministic_router_semantic_version"": ""2"", ""event_key"": {""accession"": ""0001193125-25-009110"", ""item_code"": ""5.02"", ""source_url"": ""https://www.sec.gov/Archives/edgar/data/1048286/000119312525009110/0001193125-25-009110.hdr.sgml""}, ""event_key_hash"": ""sha256:ed9880e38ec54dccd80a9f7ce5a960600426598bc5b72f03ea815b9cc25c5bab"", ""hdr_source_reference_id"": ""sha256:36c617d02d818b4902d5acf94a0d1d04d4efd5d3400922c92295f8bbf0c17094"", ""item_code"": ""5.02"", ""primary_heading_brief"": ""accounting standards provided pursuant to Section 13(a) of the Exchange Act. ☐ Item 5.02. Departure of Directors or Certain Officers; Election of Directors; Appointment of Certain Officers; Compensatory Arrangements of Certain Officers. On January 17, 2025, the Board of Directors (the “Board”) of Marriott I"", ""primary_source_reference_id"": ""sha256:e9e24d441b8acd4ada0efe679ab5bfea94f128291f76ab324186d53b449ac655"", ""source_url"": ""https://www.sec.gov/Archives/edgar/data/1048286/000119312525009110/0001193125-25-009110.hdr.sgml""}, ""locator"": {""brief_source"": ""HDR_SGML_ITEM_CODE"", ""item_code"": ""5.02""}, ""verified_claim_id"": ""sha256:ceddee56566a18a81e9ce9b6629212ddec06079014ac17f66c9d94defc99d6c6""}",count,2025-01-01,2025-12-31,,1,"Parsed source fact: {""locator"": {""brief_source"": ""HDR_SGML_ITEM_CODE"", ""item_code"": ""5.02""}, ""unit"": ""text"", ""value"": ""8-K item 5.02 parsed from hdr.sgml""}",ordinary_native_source_projection,ordinary_projection_v1,marriott_international,run:ordinary-integrated:8c60cc1c7f306749f97a4718b1d5cd6cbd58035a277ac6ccc0a90e5e0f2edc70,sha256:6571cbed3e3ccd407854cb44e72bcab40bc2f5dfb4fa0e959d72f361797a6d47,issue_54_v4,sha256:7e577402fa98974628bf613a3a82e66d79f55385ccce117ea5d1f0cd11d49fa2,sha256:7050dd9ee6cfd0e50cbe3e2d694b6b1131c8fcc498d95579b41751fed7f3c896,sha256:7050dd9ee6cfd0e50cbe3e2d694b6b1131c8fcc498d95579b41751fed7f3c896,sha256:7050dd9ee6cfd0e50cbe3e2d694b6b1131c8fcc498d95579b41751fed7f3c896,,,True,MATCHED,REPLAY_VERIFIED_CONTENT_NOT_ACCEPTED,CANDIDATE_READY,CANDIDATE_READY,True,VERIFIED_SEC_ACQUISITION,,native/E03/c08df1057a5b4c78875c7d8862b23be0,RUN_ARCHIVE_COORDINATE,2025-01-01,2025-12-31,2025,2025-01-01,2025-12-31,NATIVE_REPLAY_VERIFIED,[]
Marriott International,1048286,E03,https://www.sec.gov/Archives/edgar/data/1048286/000119312525118861/0001193125-25-118861.hdr.sgml,evidence/request_attempts/dc/dceca997691cdbc0425a03c514b044a38d87b93062797c344b7e5dd45dd78602/0001193125-25-118861.hdr.sgml,dceca997691cdbc0425a03c514b044a38d87b93062797c344b7e5dd45dd78602,0001193125-25-118861,0001193125-25-118861.hdr.sgml,Item 5.02,"{""attributes"": {""accession"": ""0001193125-25-118861"", ""brief"": ""8-K item 5.02 parsed from hdr.sgml"", ""brief_source"": ""HDR_SGML_ITEM_CODE"", ""deterministic_router_semantic_version"": ""2"", ""event_key"": {""accession"": ""0001193125-25-118861"", ""item_code"": ""5.02"", ""source_url"": ""https://www.sec.gov/Archives/edgar/data/1048286/000119312525118861/0001193125-25-118861.hdr.sgml""}, ""event_key_hash"": ""sha256:0751e7d536fe8c72bc7f85612089263b810b70e31ea72c554bfd7ce385cc2b57"", ""hdr_source_reference_id"": ""sha256:2afc5ddf640c0aaa4cb4142cb7a0d46731c1d8f777997290321cee9e191449d9"", ""item_code"": ""5.02"", ""primary_heading_brief"": ""accounting standards provided pursuant to Section 13(a) of the Exchange Act. ☐ Item 5.02. Departure of Directors or Certain Officers; Election of Directors; Appointment of Certain Officers; Compensatory Arrangements of Certain Officers. Marriott International, Inc. (the “Company”) filed a Current Report on"", ""primary_source_reference_id"": ""sha256:64a6300d558b6ed3b230cbc3e191503f47a828cb002c572c57a96bcf078f0d3d"", ""source_url"": ""https://www.sec.gov/Archives/edgar/data/1048286/000119312525118861/0001193125-25-118861.hdr.sgml""}, ""locator"": {""brief_source"": ""HDR_SGML_ITEM_CODE"", ""item_code"": ""5.02""}, ""verified_claim_id"": ""sha256:16eeeba28c7b8f30d725dcb658b358c9319ab8820fdfe370bdc61a422b145fd9""}",count,2025-01-01,2025-12-31,,1,"Parsed source fact: {""locator"": {""brief_source"": ""HDR_SGML_ITEM_CODE"", ""item_code"": ""5.02""}, ""unit"": ""text"", ""value"": ""8-K item 5.02 parsed from hdr.sgml""}",ordinary_native_source_projection,ordinary_projection_v1,marriott_international,run:ordinary-integrated:8c60cc1c7f306749f97a4718b1d5cd6cbd58035a277ac6ccc0a90e5e0f2edc70,sha256:6571cbed3e3ccd407854cb44e72bcab40bc2f5dfb4fa0e959d72f361797a6d47,issue_54_v4,sha256:7e577402fa98974628bf613a3a82e66d79f55385ccce117ea5d1f0cd11d49fa2,sha256:7050dd9ee6cfd0e50cbe3e2d694b6b1131c8fcc498d95579b41751fed7f3c896,sha256:7050dd9ee6cfd0e50cbe3e2d694b6b1131c8fcc498d95579b41751fed7f3c896,sha256:7050dd9ee6cfd0e50cbe3e2d694b6b1131c8fcc498d95579b41751fed7f3c896,,,True,MATCHED,REPLAY_VERIFIED_CONTENT_NOT_ACCEPTED,CANDIDATE_READY,CANDIDATE_READY,True,VERIFIED_SEC_ACQUISITION,,native/E03/c08df1057a5b4c78875c7d8862b23be0,RUN_ARCHIVE_COORDINATE,2025-01-01,2025-12-31,2025,2025-01-01,2025-12-31,NATIVE_REPLAY_VERIFIED,[]
Marriott International,1048286,E03,https://www.sec.gov/Archives/edgar/data/1048286/000119312525158742/0001193125-25-158742.hdr.sgml,evidence/request_attempts/12/12606dfc17776def4d014b710c69365107ba57352ff38843233a631bba6bef4e/0001193125-25-158742.hdr.sgml,12606dfc17776def4d014b710c69365107ba57352ff38843233a631bba6bef4e,0001193125-25-158742,0001193125-25-158742.hdr.sgml,Item 5.02,"{""attributes"": {""accession"": ""0001193125-25-158742"", ""brief"": ""8-K item 5.02 parsed from hdr.sgml"", ""brief_source"": ""HDR_SGML_ITEM_CODE"", ""deterministic_router_semantic_version"": ""2"", ""event_key"": {""accession"": ""0001193125-25-158742"", ""item_code"": ""5.02"", ""source_url"": ""https://www.sec.gov/Archives/edgar/data/1048286/000119312525158742/0001193125-25-158742.hdr.sgml""}, ""event_key_hash"": ""sha256:241d743805871a434fb26a1123bf1af2bec6fcc650d887738ad95006a5acfaf3"", ""hdr_source_reference_id"": ""sha256:87109107b65e3837910d65360fdbd0f86f569c832c94c35dc8f477db39c33cfc"", ""item_code"": ""5.02"", ""primary_heading_brief"": ""l accounting standards provided pursuant to Section 13(a) of the Exchange Act ☐ Item 5.02. Departure of Directors or Certain Officers; Election of Directors; Appointment of Certain Officers; Compensatory Arrangements of Certain Officers. On July 11, 2025, Kathleen K. Oberg, Chief Financial Officer and Execut"", ""primary_source_reference_id"": ""sha256:b40feb7d686d1712e232352c0119993620b6b6ec6ac5def8ca52bbdd23364083"", ""source_url"": ""https://www.sec.gov/Archives/edgar/data/1048286/000119312525158742/0001193125-25-158742.hdr.sgml""}, ""locator"": {""brief_source"": ""HDR_SGML_ITEM_CODE"", ""item_code"": ""5.02""}, ""verified_claim_id"": ""sha256:e3c78d35230f3cea233c097288d0bc653a8f39586e60566a128bcadccca475c9""}",count,2025-01-01,2025-12-31,,1,"Parsed source fact: {""locator"": {""brief_source"": ""HDR_SGML_ITEM_CODE"", ""item_code"": ""5.02""}, ""unit"": ""text"", ""value"": ""8-K item 5.02 parsed from hdr.sgml""}",ordinary_native_source_projection,ordinary_projection_v1,marriott_international,run:ordinary-integrated:8c60cc1c7f306749f97a4718b1d5cd6cbd58035a277ac6ccc0a90e5e0f2edc70,sha256:6571cbed3e3ccd407854cb44e72bcab40bc2f5dfb4fa0e959d72f361797a6d47,issue_54_v4,sha256:7e577402fa98974628bf613a3a82e66d79f55385ccce117ea5d1f0cd11d49fa2,sha256:7050dd9ee6cfd0e50cbe3e2d694b6b1131c8fcc498d95579b41751fed7f3c896,sha256:7050dd9ee6cfd0e50cbe3e2d694b6b1131c8fcc498d95579b41751fed7f3c896,sha256:7050dd9ee6cfd0e50cbe3e2d694b6b1131c8fcc498d95579b41751fed7f3c896,,,True,MATCHED,REPLAY_VERIFIED_CONTENT_NOT_ACCEPTED,CANDIDATE_READY,CANDIDATE_READY,True,VERIFIED_SEC_ACQUISITION,,native/E03/c08df1057a5b4c78875c7d8862b23be0,RUN_ARCHIVE_COORDINATE,2025-01-01,2025-12-31,2025,2025-01-01,2025-12-31,NATIVE_REPLAY_VERIFIED,[]
Marriott International,1048286,E04,https://data.sec.gov/submissions/CIK0001048286.json,evidence/request_attempts/24/2428111896211cad00c16b51937df2093fccc364e6cabfa371f493039b30e8e9/CIK0001048286.json,2428111896211cad00c16b51937df2093fccc364e6cabfa371f493039b30e8e9,SUBMISSIONS-1048286,CIK0001048286.json,Financial restatements,"{""source_binding"": {""accession"": ""SUBMISSIONS-1048286"", ""document_name"": ""CIK0001048286.json"", ""matched_verified_claim_ids"": [], ""ordered_source_reference_ids"": [""sha256:36c617d02d818b4902d5acf94a0d1d04d4efd5d3400922c92295f8bbf0c17094"", ""sha256:e9e24d441b8acd4ada0efe679ab5bfea94f128291f76ab324186d53b449ac655"", ""sha256:60936afcc1962b3f09c405897c949eb586c262d02fdcd5e316511733012058eb"", ""sha256:9f5f13c37ddc067d22be465a6407bbf8989370dbcb4e51f50e38fa38acac9a8a"", ""sha256:1f83e50639e251e30a9d72aa512b92666a3d1238a9c34f9afe4b101057dae5cf"", ""sha256:36aaee45603a92559dc33f05bdc2dbeacf01b6281db974c39980942ea23282c8"", ""sha256:61a6a86137f6a970ed09f81a01e7f1635fd9245a556be6e5987a840f7b605ece"", ""sha256:392df5da6c2c026de0ff94468aa44b64c804fa215de3e7dd8fd23067a92eeb80"", ""sha256:cf130d2988d1fb9f249c865230b00afbe0e54cc31af3a7efc93a336c736927fa"", ""sha256:ee0c8e4b30d3ca31a613009dc7e2a96a7f643b5cb9aa9405490903577311f348"", ""sha256:2afc5ddf640c0aaa4cb4142cb7a0d46731c1d8f777997290321cee9e191449d9"", ""sha256:64a6300d558b6ed3b230cbc3e191503f47a828cb002c572c57a96bcf078f0d3d"", ""sha256:87109107b65e3837910d65360fdbd0f86f569c832c94c35dc8f477db39c33cfc"", ""sha256:b40feb7d686d1712e232352c0119993620b6b6ec6ac5def8ca52bbdd23364083"", ""sha256:04bb0255f0a10aaf9794d06b52cc4cbb45f4a45b8717df332bca22cd3741e8c0"", ""sha256:129213e529e3c4095c6f3ea680ffd30eea0bf2092a0a8af36781a30608ebcb2f"", ""sha256:38d839367e9e4abfd3e2ebb4ddc32a2f53e5a3bf74d9338be0c1059bb33efbb3"", ""sha256:81500619ec794bf93b0992dde23d029d41adbba885d35c2dea1e705443c183fb"", ""sha256:d4fdf2105a90e20788593ec0dd8922df5d294c1f446c1386216dfa613c20c65b"", ""sha256:2f5034de82073cc95a3941f8c9afbfa74013ab23ae81f5bfb1f54b1bb647573b""], ""raw_asset_id"": ""sha256:2428111896211cad00c16b51937df2093fccc364e6cabfa371f493039b30e8e9"", ""source_reference_id"": ""sha256:5fbed365804130c17c75d2f0c910feb4d114758697e4b327f9c79021c86fe7f9"", ""source_role"": ""sec_submissions_inventory"", ""source_set_manifest_id"": ""sha256:4e8977615000bbc4e9b4e072f6bd453c2a8347d2f6f15bc113c6862144fc4223"", ""source_set_role"": ""fy_8k_item_inventory""}, ""source_cells"": []}",count,2025-01-01,2025-12-31,,0,Normalized source-derived observation: Financial restatements=0 unit=count accn=SUBMISSIONS-1048286 filed=,ordinary_native_source_projection,ordinary_projection_v1,marriott_international,run:ordinary-integrated:fb181edd9bd01686aac936bd8a62e6d193a1b6be8e17f0a7c4e15c53b41a471d,sha256:0c901eb09b1cebbd218ec3bd1d8c12145edfab730e17911ce903286029ee8c03,issue_54_v4,sha256:7e577402fa98974628bf613a3a82e66d79f55385ccce117ea5d1f0cd11d49fa2,sha256:7050dd9ee6cfd0e50cbe3e2d694b6b1131c8fcc498d95579b41751fed7f3c896,sha256:7050dd9ee6cfd0e50cbe3e2d694b6b1131c8fcc498d95579b41751fed7f3c896,sha256:7050dd9ee6cfd0e50cbe3e2d694b6b1131c8fcc498d95579b41751fed7f3c896,,,True,MATCHED,REPLAY_VERIFIED_CONTENT_NOT_ACCEPTED,CANDIDATE_READY,CANDIDATE_READY,True,VERIFIED_SEC_ACQUISITION,,native/E04/57ec42b820534d288c43cb57c271ce5c,RUN_ARCHIVE_COORDINATE,2025-01-01,2025-12-31,2025,2025-01-01,2025-12-31,NATIVE_REPLAY_VERIFIED,[]
Marriott International,1048286,E05,https://data.sec.gov/submissions/CIK0001048286.json,evidence/request_attempts/24/2428111896211cad00c16b51937df2093fccc364e6cabfa371f493039b30e8e9/CIK0001048286.json,2428111896211cad00c16b51937df2093fccc364e6cabfa371f493039b30e8e9,SUBMISSIONS-1048286,CIK0001048286.json,Material agreements,"{""source_binding"": {""accession"": ""SUBMISSIONS-1048286"", ""document_name"": ""CIK0001048286.json"", ""matched_verified_claim_ids"": [], ""ordered_source_reference_ids"": [""sha256:36c617d02d818b4902d5acf94a0d1d04d4efd5d3400922c92295f8bbf0c17094"", ""sha256:e9e24d441b8acd4ada0efe679ab5bfea94f128291f76ab324186d53b449ac655"", ""sha256:60936afcc1962b3f09c405897c949eb586c262d02fdcd5e316511733012058eb"", ""sha256:9f5f13c37ddc067d22be465a6407bbf8989370dbcb4e51f50e38fa38acac9a8a"", ""sha256:1f83e50639e251e30a9d72aa512b92666a3d1238a9c34f9afe4b101057dae5cf"", ""sha256:36aaee45603a92559dc33f05bdc2dbeacf01b6281db974c39980942ea23282c8"", ""sha256:61a6a86137f6a970ed09f81a01e7f1635fd9245a556be6e5987a840f7b605ece"", ""sha256:392df5da6c2c026de0ff94468aa44b64c804fa215de3e7dd8fd23067a92eeb80"", ""sha256:cf130d2988d1fb9f249c865230b00afbe0e54cc31af3a7efc93a336c736927fa"", ""sha256:ee0c8e4b30d3ca31a613009dc7e2a96a7f643b5cb9aa9405490903577311f348"", ""sha256:2afc5ddf640c0aaa4cb4142cb7a0d46731c1d8f777997290321cee9e191449d9"", ""sha256:64a6300d558b6ed3b230cbc3e191503f47a828cb002c572c57a96bcf078f0d3d"", ""sha256:87109107b65e3837910d65360fdbd0f86f569c832c94c35dc8f477db39c33cfc"", ""sha256:b40feb7d686d1712e232352c0119993620b6b6ec6ac5def8ca52bbdd23364083"", ""sha256:04bb0255f0a10aaf9794d06b52cc4cbb45f4a45b8717df332bca22cd3741e8c0"", ""sha256:129213e529e3c4095c6f3ea680ffd30eea0bf2092a0a8af36781a30608ebcb2f"", ""sha256:38d839367e9e4abfd3e2ebb4ddc32a2f53e5a3bf74d9338be0c1059bb33efbb3"", ""sha256:81500619ec794bf93b0992dde23d029d41adbba885d35c2dea1e705443c183fb"", ""sha256:d4fdf2105a90e20788593ec0dd8922df5d294c1f446c1386216dfa613c20c65b"", ""sha256:2f5034de82073cc95a3941f8c9afbfa74013ab23ae81f5bfb1f54b1bb647573b""], ""raw_asset_id"": ""sha256:2428111896211cad00c16b51937df2093fccc364e6cabfa371f493039b30e8e9"", ""source_reference_id"": ""sha256:5fbed365804130c17c75d2f0c910feb4d114758697e4b327f9c79021c86fe7f9"", ""source_role"": ""sec_submissions_inventory"", ""source_set_manifest_id"": ""sha256:4e8977615000bbc4e9b4e072f6bd453c2a8347d2f6f15bc113c6862144fc4223"", ""source_set_role"": ""fy_8k_item_inventory""}, ""source_cells"": []}",count,2025-01-01,2025-12-31,,0,Normalized source-derived observation: Material agreements=0 unit=count accn=SUBMISSIONS-1048286 filed=,ordinary_native_source_projection,ordinary_projection_v1,marriott_international,run:ordinary-integrated:52a55f7a221e8082bae1a77deff2d46bc20218a40eda4d12f1e3d6006c3b87ce,sha256:b078c8703dbcadf06e60f67f2193c2dc4a13fa06d7d0033e52324ab8133c531d,issue_54_v4,sha256:7e577402fa98974628bf613a3a82e66d79f55385ccce117ea5d1f0cd11d49fa2,sha256:7050dd9ee6cfd0e50cbe3e2d694b6b1131c8fcc498d95579b41751fed7f3c896,sha256:7050dd9ee6cfd0e50cbe3e2d694b6b1131c8fcc498d95579b41751fed7f3c896,sha256:7050dd9ee6cfd0e50cbe3e2d694b6b1131c8fcc498d95579b41751fed7f3c896,,,True,MATCHED,REPLAY_VERIFIED_CONTENT_NOT_ACCEPTED,CANDIDATE_READY,CANDIDATE_READY,True,VERIFIED_SEC_ACQUISITION,,native/E05/639b7018d8ca4d9995e05747de0289dd,RUN_ARCHIVE_COORDINATE,2025-01-01,2025-12-31,2025,2025-01-01,2025-12-31,NATIVE_REPLAY_VERIFIED,[]
