company,cik,metric_id,metric_name,value,unit,status,source_class,formula,period_start,period_end,fiscal_year,fiscal_period,accession,form,filed_date,concept_or_section,context_or_dimension,confidence,notes,company_id,run_id,result_id,requirement_id,requirement_closure_hash,source_checkpoint_id,last_checked_source_checkpoint_id,current_source_checkpoint_id,original_source_checkpoint_id,current_source_equivalence_id,current_input_matches,current_input_status,result_validity,latest_attempt_status,latest_request_status,requested_in_latest_execution,source_credit,saved_processing_mode,native_path,period_role,archive_period_start,archive_period_end,archive_fiscal_year,measurement_period_start,measurement_period_end,measurement_period_status,defect_holds,local_run_id,local_run_status,local_metric_status,requested_in_local_run,local_source_status
Marriott International,1048286,A01,Tier 1 capital ratio,,ratio,N_A_STRUCTURAL,NOT_AVAILABLE,,2025-12-31,2025-12-31,2025,STRUCTURAL,,,,,"{""annual_filing_period"": {""fiscal_year"": 2025, ""period_end"": ""2025-12-31"", ""period_start"": ""2025-01-01""}, ""measurement_kind"": ""STRUCTURAL"", ""scope"": {""coverage"": ""deterministic_source_set"", ""fiscal_year"": 2025}, ""selection"": null, ""source_reference_ids"": [""sha256:5fbed365804130c17c75d2f0c910feb4d114758697e4b327f9c79021c86fe7f9"", ""sha256:43cecd37c71017d106d9d30426fada653a5dc490023ddb67da4339c07c48fc4e"", ""sha256:3109bea68ae11f5e3c6ebd77114cda1d6f17d60e772b2630baffdb2639c483e9""]}",,Trait applicability is structurally false. No financial measurement is asserted; dates retain the filing group. Native state: PUBLISHED; reason: TRAIT_NOT_APPLICABLE. Selected source inputs include new SEC acquisition records; each input retains its own acquisition identity.,marriott_international,run:ordinary-integrated:590e7f5e31fb9405de4dc1e7e59f8b275804a39dee47efba17fd9bcfdd47123d,sha256:a772de77c5a082dfd48a80bc557fea72143014f5a815bf759ea76429be4ec435,issue_54_v4,sha256:7e577402fa98974628bf613a3a82e66d79f55385ccce117ea5d1f0cd11d49fa2,sha256:671a25cd86baceec0cd20a6be08cbb225328ce65bf46e91fb435a80ca39da4d9,sha256:7050dd9ee6cfd0e50cbe3e2d694b6b1131c8fcc498d95579b41751fed7f3c896,sha256:7050dd9ee6cfd0e50cbe3e2d694b6b1131c8fcc498d95579b41751fed7f3c896,,,True,MATCHED,REPLAY_VERIFIED_CONTENT_NOT_ACCEPTED,NO_SOURCE_CONTENT_CHANGE,NO_SOURCE_CONTENT_CHANGE,True,VERIFIED_SEC_ACQUISITION,,native/A01/43244a07a50c41f0b338912084f30258,RUN_ARCHIVE_COORDINATE,2025-12-31,2025-12-31,2025,2025-12-31,2025-12-31,NATIVE_REPLAY_VERIFIED,[],20261003T171912Z-e2aade11,FLOW_COMPLETED_WITH_LIMITATIONS,NO_SOURCE_CONTENT_CHANGE,True,SOURCES_READY
Marriott International,1048286,A02,CET1 ratio,,ratio,N_A_STRUCTURAL,NOT_AVAILABLE,,2025-12-31,2025-12-31,2025,STRUCTURAL,,,,,"{""annual_filing_period"": {""fiscal_year"": 2025, ""period_end"": ""2025-12-31"", ""period_start"": ""2025-01-01""}, ""measurement_kind"": ""STRUCTURAL"", ""scope"": {""coverage"": ""deterministic_source_set"", ""fiscal_year"": 2025}, ""selection"": null, ""source_reference_ids"": [""sha256:5fbed365804130c17c75d2f0c910feb4d114758697e4b327f9c79021c86fe7f9"", ""sha256:43cecd37c71017d106d9d30426fada653a5dc490023ddb67da4339c07c48fc4e"", ""sha256:3109bea68ae11f5e3c6ebd77114cda1d6f17d60e772b2630baffdb2639c483e9""]}",,Trait applicability is structurally false. No financial measurement is asserted; dates retain the filing group. Native state: PUBLISHED; reason: TRAIT_NOT_APPLICABLE. Selected source inputs include new SEC acquisition records; each input retains its own acquisition identity.,marriott_international,run:ordinary-integrated:9df7e36e9fd76b74b7c98f5d4d322dd3c06ba5bc934a8c273337619c992cb595,sha256:339b657ebc1caca9713bff0dc0e985be8078adb66c36c0e44aaa1cce2051fe10,issue_54_v4,sha256:7e577402fa98974628bf613a3a82e66d79f55385ccce117ea5d1f0cd11d49fa2,sha256:671a25cd86baceec0cd20a6be08cbb225328ce65bf46e91fb435a80ca39da4d9,sha256:7050dd9ee6cfd0e50cbe3e2d694b6b1131c8fcc498d95579b41751fed7f3c896,sha256:7050dd9ee6cfd0e50cbe3e2d694b6b1131c8fcc498d95579b41751fed7f3c896,,,True,MATCHED,REPLAY_VERIFIED_CONTENT_NOT_ACCEPTED,NO_SOURCE_CONTENT_CHANGE,NO_SOURCE_CONTENT_CHANGE,True,VERIFIED_SEC_ACQUISITION,,native/A02/22aa73d62692454e93fc109d9f65caed,RUN_ARCHIVE_COORDINATE,2025-12-31,2025-12-31,2025,2025-12-31,2025-12-31,NATIVE_REPLAY_VERIFIED,[],20261003T171912Z-e2aade11,FLOW_COMPLETED_WITH_LIMITATIONS,NO_SOURCE_CONTENT_CHANGE,True,SOURCES_READY
Marriott International,1048286,A03,Liquidity coverage ratio,,ratio,N_A_STRUCTURAL,NOT_AVAILABLE,source-disclosed firm average LCR,2025-01-01,2025-12-31,2025,STRUCTURAL,,,,,"{""annual_filing_period"": {""fiscal_year"": 2025, ""period_end"": ""2025-12-31"", ""period_start"": ""2025-01-01""}, ""measurement_kind"": ""STRUCTURAL"", ""scope"": {""aggregation"": ""average"", ""entity_scope"": ""firm""}, ""selection"": {""classification"": ""STRUCTURAL"", ""reason_code"": ""TRAIT_NOT_APPLICABLE"", ""source_fact"": null, ""source_semantics_passed"": false}, ""source_reference_ids"": [""sha256:ee82f54a18ec332db1596a185fcc94c78ba078b48da3e134b5c2950693c659c6"", ""sha256:43cecd37c71017d106d9d30426fada653a5dc490023ddb67da4339c07c48fc4e"", ""sha256:3109bea68ae11f5e3c6ebd77114cda1d6f17d60e772b2630baffdb2639c483e9""]}",,Trait applicability is structurally false. No financial measurement is asserted; dates retain the filing group. Native state: PUBLISHED; reason: TRAIT_NOT_APPLICABLE. Selected source inputs include new SEC acquisition records; each input retains its own acquisition identity.,marriott_international,run:ordinary-integrated:cb50088996bb79567f5e1367ad853283855cd8dc0465448f3a21871c28d69505,sha256:d8d05e78f1934b6ff44158735758eb992d6e33365b1fb9c625403e4f0590d96a,issue_54_v4,sha256:7e577402fa98974628bf613a3a82e66d79f55385ccce117ea5d1f0cd11d49fa2,sha256:671a25cd86baceec0cd20a6be08cbb225328ce65bf46e91fb435a80ca39da4d9,sha256:7050dd9ee6cfd0e50cbe3e2d694b6b1131c8fcc498d95579b41751fed7f3c896,sha256:7050dd9ee6cfd0e50cbe3e2d694b6b1131c8fcc498d95579b41751fed7f3c896,,,True,MATCHED,REPLAY_VERIFIED_CONTENT_NOT_ACCEPTED,NO_SOURCE_CONTENT_CHANGE,NO_SOURCE_CONTENT_CHANGE,True,VERIFIED_SEC_ACQUISITION,,native/A03/59b7fd74fe9745fb9c7f2a9ff3b1af20,RUN_ARCHIVE_COORDINATE,2025-01-01,2025-12-31,2025,2025-01-01,2025-12-31,NATIVE_REPLAY_VERIFIED,[],20261003T171912Z-e2aade11,FLOW_COMPLETED_WITH_LIMITATIONS,NO_SOURCE_CONTENT_CHANGE,True,SOURCES_READY
Marriott International,1048286,A04,Net interest margin,,ratio,N_A_STRUCTURAL,NOT_AVAILABLE,source-disclosed managed net interest margin,2025-01-01,2025-12-31,2025,STRUCTURAL,,,,,"{""annual_filing_period"": {""fiscal_year"": 2025, ""period_end"": ""2025-12-31"", ""period_start"": ""2025-01-01""}, ""measurement_kind"": ""STRUCTURAL"", ""scope"": {""basis"": ""managed_basis""}, ""selection"": {""classification"": ""STRUCTURAL"", ""reason_code"": ""TRAIT_NOT_APPLICABLE"", ""source_fact"": null, ""source_semantics_passed"": false}, ""source_reference_ids"": [""sha256:ee82f54a18ec332db1596a185fcc94c78ba078b48da3e134b5c2950693c659c6"", ""sha256:43cecd37c71017d106d9d30426fada653a5dc490023ddb67da4339c07c48fc4e"", ""sha256:3109bea68ae11f5e3c6ebd77114cda1d6f17d60e772b2630baffdb2639c483e9""]}",,Trait applicability is structurally false. No financial measurement is asserted; dates retain the filing group. Native state: PUBLISHED; reason: TRAIT_NOT_APPLICABLE. Selected source inputs include new SEC acquisition records; each input retains its own acquisition identity.,marriott_international,run:ordinary-integrated:19bb28b631a2489a454ffca09b1ac576c439a993877207b5bb1c1b8bdce25051,sha256:3a4da99c6d6a909d5504dbbfb2adf52b8cefb78f58c01ae208e466dd06762433,issue_54_v4,sha256:7e577402fa98974628bf613a3a82e66d79f55385ccce117ea5d1f0cd11d49fa2,sha256:671a25cd86baceec0cd20a6be08cbb225328ce65bf46e91fb435a80ca39da4d9,sha256:7050dd9ee6cfd0e50cbe3e2d694b6b1131c8fcc498d95579b41751fed7f3c896,sha256:7050dd9ee6cfd0e50cbe3e2d694b6b1131c8fcc498d95579b41751fed7f3c896,,,True,MATCHED,REPLAY_VERIFIED_CONTENT_NOT_ACCEPTED,NO_SOURCE_CONTENT_CHANGE,NO_SOURCE_CONTENT_CHANGE,True,VERIFIED_SEC_ACQUISITION,,native/A04/3b944ccfa4154d24bb92a25d01d1d65f,RUN_ARCHIVE_COORDINATE,2025-01-01,2025-12-31,2025,2025-01-01,2025-12-31,NATIVE_REPLAY_VERIFIED,[],20261003T171912Z-e2aade11,FLOW_COMPLETED_WITH_LIMITATIONS,NO_SOURCE_CONTENT_CHANGE,True,SOURCES_READY
Marriott International,1048286,A05,ROA,,ratio,N_A_STRUCTURAL,NOT_AVAILABLE,,2025-01-01,2025-12-31,2025,STRUCTURAL,,,,,"{""annual_filing_period"": {""fiscal_year"": 2025, ""period_end"": ""2025-12-31"", ""period_start"": ""2025-01-01""}, ""measurement_kind"": ""STRUCTURAL"", ""scope"": {""coverage"": ""deterministic_source_set"", ""fiscal_year"": 2025}, ""selection"": null, ""source_reference_ids"": [""sha256:5fbed365804130c17c75d2f0c910feb4d114758697e4b327f9c79021c86fe7f9"", ""sha256:43cecd37c71017d106d9d30426fada653a5dc490023ddb67da4339c07c48fc4e"", ""sha256:3109bea68ae11f5e3c6ebd77114cda1d6f17d60e772b2630baffdb2639c483e9"", ""sha256:b65d7d33206dd37c69379af2f27162d38d61b730af1f9346ce5e8b2c9e622368"", ""sha256:63687b69a68ec70135351fc580e0a0d4f4f9d369bfc8a4f087772217b312a630""]}",,Trait applicability is structurally false. No financial measurement is asserted; dates retain the filing group. Native state: PUBLISHED; reason: TRAIT_NOT_APPLICABLE. Selected source inputs include new SEC acquisition records; each input retains its own acquisition identity.,marriott_international,run:ordinary-integrated:27f0124ec34b0359c3c9f925137b21489a4df7cb96eca17c2a04330f946ba4d9,sha256:b603a640f4d5bd519a3738f2f99fb6c170cfa9952cfa16899679eba87b1e65b3,issue_54_v4,sha256:7e577402fa98974628bf613a3a82e66d79f55385ccce117ea5d1f0cd11d49fa2,sha256:671a25cd86baceec0cd20a6be08cbb225328ce65bf46e91fb435a80ca39da4d9,sha256:7050dd9ee6cfd0e50cbe3e2d694b6b1131c8fcc498d95579b41751fed7f3c896,sha256:7050dd9ee6cfd0e50cbe3e2d694b6b1131c8fcc498d95579b41751fed7f3c896,,,True,MATCHED,REPLAY_VERIFIED_CONTENT_NOT_ACCEPTED,NO_SOURCE_CONTENT_CHANGE,NO_SOURCE_CONTENT_CHANGE,True,VERIFIED_SEC_ACQUISITION,,native/A05/4dc81e6af0e64a0ba0d4740842a1c44e,RUN_ARCHIVE_COORDINATE,2025-01-01,2025-12-31,2025,2025-01-01,2025-12-31,NATIVE_REPLAY_VERIFIED,[],20261003T171912Z-e2aade11,FLOW_COMPLETED_WITH_LIMITATIONS,NO_SOURCE_CONTENT_CHANGE,True,SOURCES_READY
Marriott International,1048286,A06,ROE,,ratio,N_A_STRUCTURAL,NOT_AVAILABLE,,2025-01-01,2025-12-31,2025,STRUCTURAL,,,,,"{""annual_filing_period"": {""fiscal_year"": 2025, ""period_end"": ""2025-12-31"", ""period_start"": ""2025-01-01""}, ""measurement_kind"": ""STRUCTURAL"", ""scope"": {""coverage"": ""deterministic_source_set"", ""fiscal_year"": 2025}, ""selection"": null, ""source_reference_ids"": [""sha256:5fbed365804130c17c75d2f0c910feb4d114758697e4b327f9c79021c86fe7f9"", ""sha256:43cecd37c71017d106d9d30426fada653a5dc490023ddb67da4339c07c48fc4e"", ""sha256:3109bea68ae11f5e3c6ebd77114cda1d6f17d60e772b2630baffdb2639c483e9"", ""sha256:b65d7d33206dd37c69379af2f27162d38d61b730af1f9346ce5e8b2c9e622368"", ""sha256:63687b69a68ec70135351fc580e0a0d4f4f9d369bfc8a4f087772217b312a630""]}",,Trait applicability is structurally false. No financial measurement is asserted; dates retain the filing group. Native state: PUBLISHED; reason: TRAIT_NOT_APPLICABLE. Selected source inputs include new SEC acquisition records; each input retains its own acquisition identity.,marriott_international,run:ordinary-integrated:2bab1413abb8e3c74e35800ef4c8ff1e1723c8767b172d61c3d59fb3995a1d6b,sha256:1f306daa289be58d242a1f1d8b1ab1a884e31d95757d0b5d650417533ee9dd4c,issue_54_v4,sha256:7e577402fa98974628bf613a3a82e66d79f55385ccce117ea5d1f0cd11d49fa2,sha256:671a25cd86baceec0cd20a6be08cbb225328ce65bf46e91fb435a80ca39da4d9,sha256:7050dd9ee6cfd0e50cbe3e2d694b6b1131c8fcc498d95579b41751fed7f3c896,sha256:7050dd9ee6cfd0e50cbe3e2d694b6b1131c8fcc498d95579b41751fed7f3c896,,,True,MATCHED,REPLAY_VERIFIED_CONTENT_NOT_ACCEPTED,NO_SOURCE_CONTENT_CHANGE,NO_SOURCE_CONTENT_CHANGE,True,VERIFIED_SEC_ACQUISITION,,native/A06/2d418d5a81c649caab9038069c1d5661,RUN_ARCHIVE_COORDINATE,2025-01-01,2025-12-31,2025,2025-01-01,2025-12-31,NATIVE_REPLAY_VERIFIED,[],20261003T171912Z-e2aade11,FLOW_COMPLETED_WITH_LIMITATIONS,NO_SOURCE_CONTENT_CHANGE,True,SOURCES_READY
Marriott International,1048286,A07,Net income trends,,USD,N_A_STRUCTURAL,NOT_AVAILABLE,,2025-01-01,2025-12-31,2025,STRUCTURAL,,,,,"{""annual_filing_period"": {""fiscal_year"": 2025, ""period_end"": ""2025-12-31"", ""period_start"": ""2025-01-01""}, ""measurement_kind"": ""STRUCTURAL"", ""scope"": {""coverage"": ""deterministic_source_set"", ""fiscal_year"": 2025}, ""selection"": null, ""source_reference_ids"": [""sha256:5fbed365804130c17c75d2f0c910feb4d114758697e4b327f9c79021c86fe7f9"", ""sha256:43cecd37c71017d106d9d30426fada653a5dc490023ddb67da4339c07c48fc4e"", ""sha256:3109bea68ae11f5e3c6ebd77114cda1d6f17d60e772b2630baffdb2639c483e9"", ""sha256:b65d7d33206dd37c69379af2f27162d38d61b730af1f9346ce5e8b2c9e622368"", ""sha256:63687b69a68ec70135351fc580e0a0d4f4f9d369bfc8a4f087772217b312a630""]}",,Trait applicability is structurally false. No financial measurement is asserted; dates retain the filing group. Native state: PUBLISHED; reason: TRAIT_NOT_APPLICABLE. Selected source inputs include new SEC acquisition records; each input retains its own acquisition identity.,marriott_international,run:ordinary-integrated:42f0ae6ce7fcb25f07f99525841f747f790c86fe6a09a7d88262cfdf98277029,sha256:c6df888304616aaf5aae46e0200b030fe50caf5ad83a003abb51517cd17cefab,issue_54_v4,sha256:7e577402fa98974628bf613a3a82e66d79f55385ccce117ea5d1f0cd11d49fa2,sha256:671a25cd86baceec0cd20a6be08cbb225328ce65bf46e91fb435a80ca39da4d9,sha256:7050dd9ee6cfd0e50cbe3e2d694b6b1131c8fcc498d95579b41751fed7f3c896,sha256:7050dd9ee6cfd0e50cbe3e2d694b6b1131c8fcc498d95579b41751fed7f3c896,,,True,MATCHED,REPLAY_VERIFIED_CONTENT_NOT_ACCEPTED,NO_SOURCE_CONTENT_CHANGE,NO_SOURCE_CONTENT_CHANGE,True,VERIFIED_SEC_ACQUISITION,,native/A07/46f75d08935a40c89e6faf9917783065,RUN_ARCHIVE_COORDINATE,2025-01-01,2025-12-31,2025,2025-01-01,2025-12-31,NATIVE_REPLAY_VERIFIED,[],20261003T171912Z-e2aade11,FLOW_COMPLETED_WITH_LIMITATIONS,NO_SOURCE_CONTENT_CHANGE,True,SOURCES_READY
Marriott International,1048286,A08,Fee income vs interest income,,ratio,N_A_STRUCTURAL,NOT_AVAILABLE,,2025-01-01,2025-12-31,2025,STRUCTURAL,,,,,"{""annual_filing_period"": {""fiscal_year"": 2025, ""period_end"": ""2025-12-31"", ""period_start"": ""2025-01-01""}, ""measurement_kind"": ""STRUCTURAL"", ""scope"": {""coverage"": ""deterministic_source_set"", ""fiscal_year"": 2025}, ""selection"": null, ""source_reference_ids"": [""sha256:5fbed365804130c17c75d2f0c910feb4d114758697e4b327f9c79021c86fe7f9"", ""sha256:43cecd37c71017d106d9d30426fada653a5dc490023ddb67da4339c07c48fc4e"", ""sha256:3109bea68ae11f5e3c6ebd77114cda1d6f17d60e772b2630baffdb2639c483e9"", ""sha256:b65d7d33206dd37c69379af2f27162d38d61b730af1f9346ce5e8b2c9e622368"", ""sha256:63687b69a68ec70135351fc580e0a0d4f4f9d369bfc8a4f087772217b312a630""]}",,Trait applicability is structurally false. No financial measurement is asserted; dates retain the filing group. Native state: PUBLISHED; reason: TRAIT_NOT_APPLICABLE. Selected source inputs include new SEC acquisition records; each input retains its own acquisition identity.,marriott_international,run:ordinary-integrated:b64f75a3767dcafa8e6c06f6f72ef05c335a34cc8b67251012088c9e7294026b,sha256:f5e771b7da9a3aadefbcf097e8b09f71ae93df0cf7082c801d9d5de9ca955b53,issue_54_v4,sha256:7e577402fa98974628bf613a3a82e66d79f55385ccce117ea5d1f0cd11d49fa2,sha256:671a25cd86baceec0cd20a6be08cbb225328ce65bf46e91fb435a80ca39da4d9,sha256:7050dd9ee6cfd0e50cbe3e2d694b6b1131c8fcc498d95579b41751fed7f3c896,sha256:7050dd9ee6cfd0e50cbe3e2d694b6b1131c8fcc498d95579b41751fed7f3c896,,,True,MATCHED,REPLAY_VERIFIED_CONTENT_NOT_ACCEPTED,NO_SOURCE_CONTENT_CHANGE,NO_SOURCE_CONTENT_CHANGE,True,VERIFIED_SEC_ACQUISITION,,native/A08/6b2a2837194741beb206550e129ab6f0,RUN_ARCHIVE_COORDINATE,2025-01-01,2025-12-31,2025,2025-01-01,2025-12-31,NATIVE_REPLAY_VERIFIED,[],20261003T171912Z-e2aade11,FLOW_COMPLETED_WITH_LIMITATIONS,NO_SOURCE_CONTENT_CHANGE,True,SOURCES_READY
Marriott International,1048286,A09,Non-performing loan ratio,,ratio,N_A_STRUCTURAL,NOT_AVAILABLE,source-verified firmwide nonperforming loan ratio,2025-01-01,2025-12-31,2025,STRUCTURAL,,,,,"{""annual_filing_period"": {""fiscal_year"": 2025, ""period_end"": ""2025-12-31"", ""period_start"": ""2025-01-01""}, ""measurement_kind"": ""STRUCTURAL"", ""scope"": {""loan_population"": ""firmwide""}, ""selection"": {""classification"": ""STRUCTURAL"", ""reason_code"": ""TRAIT_NOT_APPLICABLE"", ""source_fact"": null, ""source_semantics_passed"": false}, ""source_reference_ids"": [""sha256:ee82f54a18ec332db1596a185fcc94c78ba078b48da3e134b5c2950693c659c6"", ""sha256:43cecd37c71017d106d9d30426fada653a5dc490023ddb67da4339c07c48fc4e"", ""sha256:3109bea68ae11f5e3c6ebd77114cda1d6f17d60e772b2630baffdb2639c483e9""]}",,Trait applicability is structurally false. No financial measurement is asserted; dates retain the filing group. Native state: PUBLISHED; reason: TRAIT_NOT_APPLICABLE. Selected source inputs include new SEC acquisition records; each input retains its own acquisition identity.,marriott_international,run:ordinary-integrated:68b90736ef74bbd3182a819470c492a640d8bf43634d29805c54f3bc81ee5072,sha256:a58f8b649cc623cb4baa5facc4b297ed5fefa7fc53d7d9790cc09f907f2432ed,issue_54_v4,sha256:7e577402fa98974628bf613a3a82e66d79f55385ccce117ea5d1f0cd11d49fa2,sha256:671a25cd86baceec0cd20a6be08cbb225328ce65bf46e91fb435a80ca39da4d9,sha256:7050dd9ee6cfd0e50cbe3e2d694b6b1131c8fcc498d95579b41751fed7f3c896,sha256:7050dd9ee6cfd0e50cbe3e2d694b6b1131c8fcc498d95579b41751fed7f3c896,,,True,MATCHED,REPLAY_VERIFIED_CONTENT_NOT_ACCEPTED,NO_SOURCE_CONTENT_CHANGE,NO_SOURCE_CONTENT_CHANGE,True,VERIFIED_SEC_ACQUISITION,,native/A09/8daaf645314948a7b5649fbf72bae418,RUN_ARCHIVE_COORDINATE,2025-01-01,2025-12-31,2025,2025-01-01,2025-12-31,NATIVE_REPLAY_VERIFIED,[],20261003T171912Z-e2aade11,FLOW_COMPLETED_WITH_LIMITATIONS,NO_SOURCE_CONTENT_CHANGE,True,SOURCES_READY
Marriott International,1048286,A10,Loan loss reserves,,ratio,N_A_STRUCTURAL,NOT_AVAILABLE,,2025-12-31,2025-12-31,2025,STRUCTURAL,,,,,"{""annual_filing_period"": {""fiscal_year"": 2025, ""period_end"": ""2025-12-31"", ""period_start"": ""2025-01-01""}, ""measurement_kind"": ""STRUCTURAL"", ""scope"": {""coverage"": ""deterministic_source_set"", ""fiscal_year"": 2025}, ""selection"": null, ""source_reference_ids"": [""sha256:5fbed365804130c17c75d2f0c910feb4d114758697e4b327f9c79021c86fe7f9"", ""sha256:43cecd37c71017d106d9d30426fada653a5dc490023ddb67da4339c07c48fc4e"", ""sha256:3109bea68ae11f5e3c6ebd77114cda1d6f17d60e772b2630baffdb2639c483e9"", ""sha256:b65d7d33206dd37c69379af2f27162d38d61b730af1f9346ce5e8b2c9e622368"", ""sha256:63687b69a68ec70135351fc580e0a0d4f4f9d369bfc8a4f087772217b312a630""]}",,Trait applicability is structurally false. No financial measurement is asserted; dates retain the filing group. Native state: PUBLISHED; reason: TRAIT_NOT_APPLICABLE. Selected source inputs include new SEC acquisition records; each input retains its own acquisition identity.,marriott_international,run:ordinary-integrated:197879605203ce8ad1c1cc350f617a54282e390831bfdeb9df156282fcb1bda0,sha256:f22503585481b21143efcc9d24d69b2b7b1fec08d13025813059582f08d22437,issue_54_v4,sha256:7e577402fa98974628bf613a3a82e66d79f55385ccce117ea5d1f0cd11d49fa2,sha256:671a25cd86baceec0cd20a6be08cbb225328ce65bf46e91fb435a80ca39da4d9,sha256:7050dd9ee6cfd0e50cbe3e2d694b6b1131c8fcc498d95579b41751fed7f3c896,sha256:7050dd9ee6cfd0e50cbe3e2d694b6b1131c8fcc498d95579b41751fed7f3c896,,,True,MATCHED,REPLAY_VERIFIED_CONTENT_NOT_ACCEPTED,NO_SOURCE_CONTENT_CHANGE,NO_SOURCE_CONTENT_CHANGE,True,VERIFIED_SEC_ACQUISITION,,native/A10/04a4698a6fbc4436884f1726710be9fc,RUN_ARCHIVE_COORDINATE,2025-12-31,2025-12-31,2025,2025-12-31,2025-12-31,NATIVE_REPLAY_VERIFIED,[],20261003T171912Z-e2aade11,FLOW_COMPLETED_WITH_LIMITATIONS,NO_SOURCE_CONTENT_CHANGE,True,SOURCES_READY
Marriott International,1048286,A11,Assets under management,,USD,N_A_STRUCTURAL,NOT_AVAILABLE,source-reported complete AUM balance,2025-01-01,2025-12-31,2025,STRUCTURAL,,,,,"{""annual_filing_period"": {""fiscal_year"": 2025, ""period_end"": ""2025-12-31"", ""period_start"": ""2025-01-01""}, ""measurement_kind"": ""STRUCTURAL"", ""scope"": {""asset_scope"": ""total_assets_under_management""}, ""selection"": {""classification"": ""STRUCTURAL"", ""reason_code"": ""TRAIT_NOT_APPLICABLE"", ""source_fact"": null, ""source_semantics_passed"": false}, ""source_reference_ids"": [""sha256:ee82f54a18ec332db1596a185fcc94c78ba078b48da3e134b5c2950693c659c6"", ""sha256:43cecd37c71017d106d9d30426fada653a5dc490023ddb67da4339c07c48fc4e"", ""sha256:3109bea68ae11f5e3c6ebd77114cda1d6f17d60e772b2630baffdb2639c483e9""]}",,Trait applicability is structurally false. No financial measurement is asserted; dates retain the filing group. Native state: PUBLISHED; reason: TRAIT_NOT_APPLICABLE. Selected source inputs include new SEC acquisition records; each input retains its own acquisition identity.,marriott_international,run:ordinary-integrated:c8bb407733e353e7a442a5cc079d8178d8427d0f47a79e674700d09067207ed9,sha256:7a34f873a53e537074c27705abe8f9007be64d7dbb2e5736b662cc4238d49f47,issue_54_v4,sha256:7e577402fa98974628bf613a3a82e66d79f55385ccce117ea5d1f0cd11d49fa2,sha256:671a25cd86baceec0cd20a6be08cbb225328ce65bf46e91fb435a80ca39da4d9,sha256:7050dd9ee6cfd0e50cbe3e2d694b6b1131c8fcc498d95579b41751fed7f3c896,sha256:7050dd9ee6cfd0e50cbe3e2d694b6b1131c8fcc498d95579b41751fed7f3c896,,,True,MATCHED,REPLAY_VERIFIED_CONTENT_NOT_ACCEPTED,NO_SOURCE_CONTENT_CHANGE,NO_SOURCE_CONTENT_CHANGE,True,VERIFIED_SEC_ACQUISITION,,native/A11/769da810a469451ab7994ef7c91d9843,RUN_ARCHIVE_COORDINATE,2025-01-01,2025-12-31,2025,2025-01-01,2025-12-31,NATIVE_REPLAY_VERIFIED,[],20261003T171912Z-e2aade11,FLOW_COMPLETED_WITH_LIMITATIONS,NO_SOURCE_CONTENT_CHANGE,True,SOURCES_READY
Marriott International,1048286,A12,Trading exposure,,USD,N_A_STRUCTURAL,NOT_AVAILABLE,source-reported annual average total VaR,2025-01-01,2025-12-31,2025,STRUCTURAL,,,,,"{""annual_filing_period"": {""fiscal_year"": 2025, ""period_end"": ""2025-12-31"", ""period_start"": ""2025-01-01""}, ""measurement_kind"": ""STRUCTURAL"", ""scope"": {""confidence_level"": ""ninety_five_percent"", ""holding_period"": ""one_day""}, ""selection"": {""classification"": ""STRUCTURAL"", ""reason_code"": ""TRAIT_NOT_APPLICABLE"", ""source_fact"": null, ""source_semantics_passed"": false}, ""source_reference_ids"": [""sha256:ee82f54a18ec332db1596a185fcc94c78ba078b48da3e134b5c2950693c659c6"", ""sha256:43cecd37c71017d106d9d30426fada653a5dc490023ddb67da4339c07c48fc4e"", ""sha256:3109bea68ae11f5e3c6ebd77114cda1d6f17d60e772b2630baffdb2639c483e9""]}",,Trait applicability is structurally false. No financial measurement is asserted; dates retain the filing group. Native state: PUBLISHED; reason: TRAIT_NOT_APPLICABLE. Selected source inputs include new SEC acquisition records; each input retains its own acquisition identity.,marriott_international,run:ordinary-integrated:369f4b564e4d26a63d8feae5b82660376229cc1f0cde2f79b9ecabb7b5d9b4a9,sha256:863f42a636842798848a3e75b73f33679949c8a5389e9de4409f84bcab328b0f,issue_54_v4,sha256:7e577402fa98974628bf613a3a82e66d79f55385ccce117ea5d1f0cd11d49fa2,sha256:671a25cd86baceec0cd20a6be08cbb225328ce65bf46e91fb435a80ca39da4d9,sha256:7050dd9ee6cfd0e50cbe3e2d694b6b1131c8fcc498d95579b41751fed7f3c896,sha256:7050dd9ee6cfd0e50cbe3e2d694b6b1131c8fcc498d95579b41751fed7f3c896,,,True,MATCHED,REPLAY_VERIFIED_CONTENT_NOT_ACCEPTED,NO_SOURCE_CONTENT_CHANGE,NO_SOURCE_CONTENT_CHANGE,True,VERIFIED_SEC_ACQUISITION,,native/A12/1576a89863c54ef7825c971a8d37428b,RUN_ARCHIVE_COORDINATE,2025-01-01,2025-12-31,2025,2025-01-01,2025-12-31,NATIVE_REPLAY_VERIFIED,[],20261003T171912Z-e2aade11,FLOW_COMPLETED_WITH_LIMITATIONS,NO_SOURCE_CONTENT_CHANGE,True,SOURCES_READY
Marriott International,1048286,A13,International net revenue,,USD,N_A_STRUCTURAL,NOT_AVAILABLE,source-reported international net revenue,2025-01-01,2025-12-31,2025,STRUCTURAL,,,,,"{""annual_filing_period"": {""fiscal_year"": 2025, ""period_end"": ""2025-12-31"", ""period_start"": ""2025-01-01""}, ""measurement_kind"": ""STRUCTURAL"", ""scope"": {""geography_scope"": ""international""}, ""selection"": {""classification"": ""STRUCTURAL"", ""reason_code"": ""TRAIT_NOT_APPLICABLE"", ""source_fact"": null, ""source_semantics_passed"": false}, ""source_reference_ids"": [""sha256:ee82f54a18ec332db1596a185fcc94c78ba078b48da3e134b5c2950693c659c6"", ""sha256:43cecd37c71017d106d9d30426fada653a5dc490023ddb67da4339c07c48fc4e"", ""sha256:3109bea68ae11f5e3c6ebd77114cda1d6f17d60e772b2630baffdb2639c483e9""]}",,Trait applicability is structurally false. No financial measurement is asserted; dates retain the filing group. Native state: PUBLISHED; reason: TRAIT_NOT_APPLICABLE. Selected source inputs include new SEC acquisition records; each input retains its own acquisition identity.,marriott_international,run:ordinary-integrated:c2cdd0bba0f9aa32826b7e757a8f099c80b5933636b82e3fac15d1649df38038,sha256:d4c25b1caed57a386b2b92ff8f7f5c026619ed0c5c6a8167cd12380c24172550,issue_54_v4,sha256:7e577402fa98974628bf613a3a82e66d79f55385ccce117ea5d1f0cd11d49fa2,sha256:671a25cd86baceec0cd20a6be08cbb225328ce65bf46e91fb435a80ca39da4d9,sha256:7050dd9ee6cfd0e50cbe3e2d694b6b1131c8fcc498d95579b41751fed7f3c896,sha256:7050dd9ee6cfd0e50cbe3e2d694b6b1131c8fcc498d95579b41751fed7f3c896,,,True,MATCHED,REPLAY_VERIFIED_CONTENT_NOT_ACCEPTED,NO_SOURCE_CONTENT_CHANGE,NO_SOURCE_CONTENT_CHANGE,True,VERIFIED_SEC_ACQUISITION,,native/A13/f4b06272c11b424c85c54e1fa4888809,RUN_ARCHIVE_COORDINATE,2025-01-01,2025-12-31,2025,2025-01-01,2025-12-31,NATIVE_REPLAY_VERIFIED,[],20261003T171912Z-e2aade11,FLOW_COMPLETED_WITH_LIMITATIONS,NO_SOURCE_CONTENT_CHANGE,True,SOURCES_READY
Marriott International,1048286,B01,Revenue,26186000000,USD,OK,STD_XBRL,direct,2025-01-01,2025-12-31,2025,ANNUAL,0001048286-26-000007,10-K,2026-02-10,Revenues,"{""annual_filing_period"": {""fiscal_year"": 2025, ""period_end"": ""2025-12-31"", ""period_start"": ""2025-01-01""}, ""measurement_kind"": ""ANNUAL"", ""scope"": {""entity_scope"": ""registrant"", ""period_basis"": ""source_annual_duration""}, ""selection"": {""reason_code"": ""PASS"", ""selected_fact_ids"": [""fact:sha256:640d9a21651aece0a442d56ed33584b1de816baa0a4cbeb0b717c112ca0c878a""], ""source_candidate_count"": 3, ""source_reported_periods"": [[""2023-01-01"", ""2023-12-31""], [""2024-01-01"", ""2024-12-31""], [""2025-01-01"", ""2025-12-31""]]}, ""source_reference_ids"": [""sha256:5fbed365804130c17c75d2f0c910feb4d114758697e4b327f9c79021c86fe7f9"", ""sha256:43cecd37c71017d106d9d30426fada653a5dc490023ddb67da4339c07c48fc4e"", ""sha256:3109bea68ae11f5e3c6ebd77114cda1d6f17d60e772b2630baffdb2639c483e9""]}",,Source-rebuilt native result; exact measurement dates are retained. Measurement covers the source fiscal-year interval. Native state: PUBLISHED; reason: PASS. Selected source inputs include new SEC acquisition records; each input retains its own acquisition identity.,marriott_international,run:ordinary-integrated:66b14a9895d9514ae72776ebd5b1e90fa294937904764ff165dbc6a8407eaf6b,sha256:e279b28db1cecf3434d84fb7455717e5f7340a7e64310d84af935c92e55288bc,issue_54_v4,sha256:7e577402fa98974628bf613a3a82e66d79f55385ccce117ea5d1f0cd11d49fa2,sha256:671a25cd86baceec0cd20a6be08cbb225328ce65bf46e91fb435a80ca39da4d9,sha256:7050dd9ee6cfd0e50cbe3e2d694b6b1131c8fcc498d95579b41751fed7f3c896,sha256:7050dd9ee6cfd0e50cbe3e2d694b6b1131c8fcc498d95579b41751fed7f3c896,,,True,MATCHED,REPLAY_VERIFIED_CONTENT_NOT_ACCEPTED,NO_SOURCE_CONTENT_CHANGE,NO_SOURCE_CONTENT_CHANGE,True,VERIFIED_SEC_ACQUISITION,,native/B01/561d7b76b1ea4555aac5bf2e2c09aeff,RUN_ARCHIVE_COORDINATE,2025-01-01,2025-12-31,2025,2025-01-01,2025-12-31,NATIVE_REPLAY_VERIFIED,[],20261003T171912Z-e2aade11,FLOW_COMPLETED_WITH_LIMITATIONS,NO_SOURCE_CONTENT_CHANGE,True,SOURCES_READY
Marriott International,1048286,B02,Revenue YoY growth,0.04326693227091633466135458167,ratio,OK,DERIVED,,2025-01-01,2025-12-31,2025,ANNUAL,0001048286-26-000007;0001628280-25-004818,10-K,2026-02-10;2025-02-11,Revenue YoY growth,"{""annual_filing_period"": {""fiscal_year"": 2025, ""period_end"": ""2025-12-31"", ""period_start"": ""2025-01-01""}, ""measurement_kind"": ""ANNUAL"", ""scope"": {""coverage"": ""deterministic_source_set"", ""fiscal_year"": 2025}, ""selection"": null, ""source_reference_ids"": [""sha256:5fbed365804130c17c75d2f0c910feb4d114758697e4b327f9c79021c86fe7f9"", ""sha256:43cecd37c71017d106d9d30426fada653a5dc490023ddb67da4339c07c48fc4e"", ""sha256:3109bea68ae11f5e3c6ebd77114cda1d6f17d60e772b2630baffdb2639c483e9"", ""sha256:b65d7d33206dd37c69379af2f27162d38d61b730af1f9346ce5e8b2c9e622368"", ""sha256:63687b69a68ec70135351fc580e0a0d4f4f9d369bfc8a4f087772217b312a630""]}",,Source-rebuilt native result; exact measurement dates are retained. Measurement covers the source fiscal-year interval. Native state: PUBLISHED; reason: PASS. Selected source inputs include new SEC acquisition records; each input retains its own acquisition identity.,marriott_international,run:ordinary-integrated:4db8ce1d085257cab2115cc069edda7a7a5b0e2cb332398a195fafe1c427f90b,sha256:deeb79872c6006a9af38c7fd13fd3d03ed783eaef9060501fa8a34ef113866b8,issue_54_v4,sha256:7e577402fa98974628bf613a3a82e66d79f55385ccce117ea5d1f0cd11d49fa2,sha256:671a25cd86baceec0cd20a6be08cbb225328ce65bf46e91fb435a80ca39da4d9,sha256:7050dd9ee6cfd0e50cbe3e2d694b6b1131c8fcc498d95579b41751fed7f3c896,sha256:7050dd9ee6cfd0e50cbe3e2d694b6b1131c8fcc498d95579b41751fed7f3c896,,,True,MATCHED,REPLAY_VERIFIED_CONTENT_NOT_ACCEPTED,NO_SOURCE_CONTENT_CHANGE,NO_SOURCE_CONTENT_CHANGE,True,VERIFIED_SEC_ACQUISITION,,native/B02/88a6783d152741dbb7d8bf1cfe0e5c76,RUN_ARCHIVE_COORDINATE,2025-01-01,2025-12-31,2025,2025-01-01,2025-12-31,NATIVE_REPLAY_VERIFIED,[],20261003T171912Z-e2aade11,FLOW_COMPLETED_WITH_LIMITATIONS,NO_SOURCE_CONTENT_CHANGE,True,SOURCES_READY
Marriott International,1048286,B03,EBITDA margin,0.1756281982738868097456656229,ratio,OK,DERIVED,(Operating income + D&A) / revenue,2025-01-01,2025-12-31,2025,ANNUAL,0001048286-26-000007,10-K,2026-02-10,Revenues+OperatingIncomeLoss+Depreciation+AmortizationOfIntangibleAssets,"{""annual_filing_period"": {""fiscal_year"": 2025, ""period_end"": ""2025-12-31"", ""period_start"": ""2025-01-01""}, ""measurement_kind"": ""ANNUAL"", ""scope"": {""entity_scope"": ""registrant"", ""period_basis"": ""source_annual_duration""}, ""selection"": {""reason_code"": ""PASS"", ""selected_fact_ids"": [""fact:sha256:640d9a21651aece0a442d56ed33584b1de816baa0a4cbeb0b717c112ca0c878a"", ""fact:sha256:79f30d07ac38870a6a9e0311fa4c719f86df495b14dcc8305d482bd0fa95c593"", ""fact:sha256:7f1dae153dae374c696711307891d4411e2e663aecab0535a60afb94f67ff554"", ""fact:sha256:dc2d19d98282f8878b0c781a8e3e0153827301adcc5661a55a943b5999c23b9c""], ""source_candidate_count"": 21, ""source_reported_periods"": [[""2023-01-01"", ""2023-12-31""], [""2024-01-01"", ""2024-12-31""], [""2025-01-01"", ""2025-12-31""]]}, ""source_reference_ids"": [""sha256:5fbed365804130c17c75d2f0c910feb4d114758697e4b327f9c79021c86fe7f9"", ""sha256:43cecd37c71017d106d9d30426fada653a5dc490023ddb67da4339c07c48fc4e"", ""sha256:3109bea68ae11f5e3c6ebd77114cda1d6f17d60e772b2630baffdb2639c483e9""]}",,Source-rebuilt native result; exact measurement dates are retained. Measurement covers the source fiscal-year interval. Native state: PUBLISHED; reason: PASS. Selected source inputs include new SEC acquisition records; each input retains its own acquisition identity.,marriott_international,run:ordinary-integrated:146a8918cc9f7432659c9d97da9c1f06453db2072bb0e3e42fa665d25064c275,sha256:3043aa63cbf7616f9866fb93b8f69200a2246a33dfec8f1d09502a34af39a72a,issue_54_v4,sha256:7e577402fa98974628bf613a3a82e66d79f55385ccce117ea5d1f0cd11d49fa2,sha256:671a25cd86baceec0cd20a6be08cbb225328ce65bf46e91fb435a80ca39da4d9,sha256:7050dd9ee6cfd0e50cbe3e2d694b6b1131c8fcc498d95579b41751fed7f3c896,sha256:7050dd9ee6cfd0e50cbe3e2d694b6b1131c8fcc498d95579b41751fed7f3c896,,,True,MATCHED,REPLAY_VERIFIED_CONTENT_NOT_ACCEPTED,NO_SOURCE_CONTENT_CHANGE,NO_SOURCE_CONTENT_CHANGE,True,VERIFIED_SEC_ACQUISITION,,native/B03/198c6f604c4d446f9c24b34d85c36f44,RUN_ARCHIVE_COORDINATE,2025-01-01,2025-12-31,2025,2025-01-01,2025-12-31,NATIVE_REPLAY_VERIFIED,[],20261003T171912Z-e2aade11,FLOW_COMPLETED_WITH_LIMITATIONS,NO_SOURCE_CONTENT_CHANGE,True,SOURCES_READY
Marriott International,1048286,B04,Net income,2601000000,USD,OK,STD_XBRL,,2025-01-01,2025-12-31,2025,ANNUAL,0001048286-26-000007,10-K,2026-02-10,Net income,"{""annual_filing_period"": {""fiscal_year"": 2025, ""period_end"": ""2025-12-31"", ""period_start"": ""2025-01-01""}, ""measurement_kind"": ""ANNUAL"", ""scope"": {""coverage"": ""deterministic_source_set"", ""fiscal_year"": 2025}, ""selection"": null, ""source_reference_ids"": [""sha256:5fbed365804130c17c75d2f0c910feb4d114758697e4b327f9c79021c86fe7f9"", ""sha256:43cecd37c71017d106d9d30426fada653a5dc490023ddb67da4339c07c48fc4e"", ""sha256:3109bea68ae11f5e3c6ebd77114cda1d6f17d60e772b2630baffdb2639c483e9"", ""sha256:b65d7d33206dd37c69379af2f27162d38d61b730af1f9346ce5e8b2c9e622368"", ""sha256:63687b69a68ec70135351fc580e0a0d4f4f9d369bfc8a4f087772217b312a630""]}",,Source-rebuilt native result; exact measurement dates are retained. Measurement covers the source fiscal-year interval. Native state: PUBLISHED; reason: PASS. Selected source inputs include new SEC acquisition records; each input retains its own acquisition identity.,marriott_international,run:ordinary-integrated:fcc1a1313776e42778caa37d267d47c9f1a743b92cb3fca2ec54f225c621e34a,sha256:d3485438637d57796cdaee8a7b88e4ba91c910e63dbaf0a5c6e00dcc102a592b,issue_54_v4,sha256:7e577402fa98974628bf613a3a82e66d79f55385ccce117ea5d1f0cd11d49fa2,sha256:671a25cd86baceec0cd20a6be08cbb225328ce65bf46e91fb435a80ca39da4d9,sha256:7050dd9ee6cfd0e50cbe3e2d694b6b1131c8fcc498d95579b41751fed7f3c896,sha256:7050dd9ee6cfd0e50cbe3e2d694b6b1131c8fcc498d95579b41751fed7f3c896,,,True,MATCHED,REPLAY_VERIFIED_CONTENT_NOT_ACCEPTED,NO_SOURCE_CONTENT_CHANGE,NO_SOURCE_CONTENT_CHANGE,True,VERIFIED_SEC_ACQUISITION,,native/B04/440cf8c238574d13913fb645949e3765,RUN_ARCHIVE_COORDINATE,2025-01-01,2025-12-31,2025,2025-01-01,2025-12-31,NATIVE_REPLAY_VERIFIED,[],20261003T171912Z-e2aade11,FLOW_COMPLETED_WITH_LIMITATIONS,NO_SOURCE_CONTENT_CHANGE,True,SOURCES_READY
Marriott International,1048286,B05,Free cash flow,2608000000,USD,OK,DERIVED,,2025-01-01,2025-12-31,2025,ANNUAL,0001048286-26-000007,10-K,2026-02-10,Free cash flow,"{""annual_filing_period"": {""fiscal_year"": 2025, ""period_end"": ""2025-12-31"", ""period_start"": ""2025-01-01""}, ""measurement_kind"": ""ANNUAL"", ""scope"": {""coverage"": ""deterministic_source_set"", ""fiscal_year"": 2025}, ""selection"": null, ""source_reference_ids"": [""sha256:5fbed365804130c17c75d2f0c910feb4d114758697e4b327f9c79021c86fe7f9"", ""sha256:43cecd37c71017d106d9d30426fada653a5dc490023ddb67da4339c07c48fc4e"", ""sha256:3109bea68ae11f5e3c6ebd77114cda1d6f17d60e772b2630baffdb2639c483e9"", ""sha256:b65d7d33206dd37c69379af2f27162d38d61b730af1f9346ce5e8b2c9e622368"", ""sha256:63687b69a68ec70135351fc580e0a0d4f4f9d369bfc8a4f087772217b312a630""]}",,Source-rebuilt native result; exact measurement dates are retained. Measurement covers the source fiscal-year interval. Native state: PUBLISHED; reason: PASS. Selected source inputs include new SEC acquisition records; each input retains its own acquisition identity.,marriott_international,run:ordinary-integrated:d6595698087d9d73103b193ee72ecd330a83d5bfea8315bee54b3fb665619c07,sha256:4282aae9758971635d0b8a1cacf3db9e5b756ed0ce77677d65485c78df204b26,issue_54_v4,sha256:7e577402fa98974628bf613a3a82e66d79f55385ccce117ea5d1f0cd11d49fa2,sha256:671a25cd86baceec0cd20a6be08cbb225328ce65bf46e91fb435a80ca39da4d9,sha256:7050dd9ee6cfd0e50cbe3e2d694b6b1131c8fcc498d95579b41751fed7f3c896,sha256:7050dd9ee6cfd0e50cbe3e2d694b6b1131c8fcc498d95579b41751fed7f3c896,,,True,MATCHED,REPLAY_VERIFIED_CONTENT_NOT_ACCEPTED,NO_SOURCE_CONTENT_CHANGE,NO_SOURCE_CONTENT_CHANGE,True,VERIFIED_SEC_ACQUISITION,,native/B05/c06dadb0c31c4a1fbb29d88491fb3bd5,RUN_ARCHIVE_COORDINATE,2025-01-01,2025-12-31,2025,2025-01-01,2025-12-31,NATIVE_REPLAY_VERIFIED,[],20261003T171912Z-e2aade11,FLOW_COMPLETED_WITH_LIMITATIONS,NO_SOURCE_CONTENT_CHANGE,True,SOURCES_READY
Marriott International,1048286,B06,Debt-to-equity,,ratio,NOT_MEANINGFUL,DERIVED,defined carrying debt / shareholders equity,2025-12-31,2025-12-31,2025,INSTANT,0001048286-26-000007,10-K,2026-02-10,,"{""annual_filing_period"": {""fiscal_year"": 2025, ""period_end"": ""2025-12-31"", ""period_start"": ""2025-01-01""}, ""measurement_kind"": ""INSTANT"", ""scope"": {""entity_scope"": ""consolidated""}, ""selection"": {""debt_completeness"": ""NOT_EVALUATED"", ""equity_proof"": {""debt_completeness"": ""NOT_EVALUATED"", ""filing_period"": {""fiscal_year"": 2025, ""period_end"": ""2025-12-31"", ""period_start"": ""2025-01-01""}, ""observation_report"": {""context_ref"": ""c-24"", ""decimals"": ""-6"", ""ordinal"": 219, ""value"": ""-3771000000""}, ""observation_source_kind"": ""xml"", ""primary"": {""chosen"": {""context_ref"": ""c-24"", ""decimals"": ""-6"", ""ordinal"": 219, ""raw_start_byte"": 1012440, ""value"": ""-3771000000"", ""visible_cell"": {""colspan"": 2, ""column_index"": 3, ""grid_sha256"": ""sha256:0309b63a04ddbd750202ece0af3250dac3bf674e267cac2a53c380cf6340a3b4"", ""origin_column_index"": 3, ""origin_row_index"": 41, ""raw_text"": ""(3,771)"", ""row_index"": 41, ""rowspan"": 1, ""table_id"": ""table_000028"", ""text"": ""(3,771)""}}, ""equity_census"": [{""context"": {""context_ref"": ""c-24"", ""dimensions"": {}, ""entity_identifier"": ""0001048286"", ""period_end"": ""2025-12-31"", ""period_start"": ""2025-12-31"", ""typed_dimension_count"": 0}, ""decimals"": ""-6"", ""disposition"": ""CONSOLIDATED_CURRENT_EQUITY"", ""native_unit_definition"": {""divided"": false, ""measures"": [[""http://www.xbrl.org/2003/iso4217"", ""USD""]]}, ""ordinal"": 219, ""value"": ""-3771000000""}, {""context"": {""context_ref"": ""c-25"", ""dimensions"": {}, ""entity_identifier"": ""0001048286"", ""period_end"": ""2024-12-31"", ""period_start"": ""2024-12-31"", ""typed_dimension_count"": 0}, ""disposition"": ""OTHER_SOURCE_PERIOD"", ""ordinal"": 220}, {""context"": {""context_ref"": ""c-38"", ""dimensions"": {}, ""entity_identifier"": ""0001048286"", ""period_end"": ""2022-12-31"", ""period_start"": ""2022-12-31"", ""typed_dimension_count"": 0}, ""disposition"": ""OTHER_SOURCE_PERIOD"", ""ordinal"": 314}, {""context"": {""context_ref"": ""c-39"", ""dimensions"": {""us-gaap:StatementEquityComponentsAxis"": ""us-gaap:CommonStockMember""}, ""entity_identifier"": ""0001048286"", ""period_end"": ""2022-12-31"", ""period_start"": ""2022-12-31"", ""typed_dimension_count"": 0}, ""disposition"": ""OTHER_SOURCE_PERIOD"", ""ordinal"": 315}, {""context"": {""context_ref"": ""c-40"", ""dimensions"": {""us-gaap:StatementEquityComponentsAxis"": ""us-gaap:AdditionalPaidInCapitalMember""}, ""entity_identifier"": ""0001048286"", ""period_end"": ""2022-12-31"", ""period_start"": ""2022-12-31"", ""typed_dimension_count"": 0}, ""disposition"": ""OTHER_SOURCE_PERIOD"", ""ordinal"": 316}, {""context"": {""context_ref"": ""c-41"", ""dimensions"": {""us-gaap:StatementEquityComponentsAxis"": ""us-gaap:RetainedEarningsMember""}, ""entity_identifier"": ""0001048286"", ""period_end"": ""2022-12-31"", ""period_start"": ""2022-12-31"", ""typed_dimension_count"": 0}, ""disposition"": ""OTHER_SOURCE_PERIOD"", ""ordinal"": 317}, {""context"": {""context_ref"": ""c-42"", ""dimensions"": {""us-gaap:StatementEquityComponentsAxis"": ""us-gaap:TreasuryStockCommonMember""}, ""entity_identifier"": ""0001048286"", ""period_end"": ""2022-12-31"", ""period_start"": ""2022-12-31"", ""typed_dimension_count"": 0}, ""disposition"": ""OTHER_SOURCE_PERIOD"", ""ordinal"": 318}, {""context"": {""context_ref"": ""c-43"", ""dimensions"": {""us-gaap:StatementEquityComponentsAxis"": ""us-gaap:AccumulatedOtherComprehensiveIncomeMember""}, ""entity_identifier"": ""0001048286"", ""period_end"": ""2022-12-31"", ""period_start"": ""2022-12-31"", ""typed_dimension_count"": 0}, ""disposition"": ""OTHER_SOURCE_PERIOD"", ""ordinal"": 319}, {""context"": {""context_ref"": ""c-37"", ""dimensions"": {}, ""entity_identifier"": ""0001048286"", ""period_end"": ""2023-12-31"", ""period_start"": ""2023-12-31"", ""typed_dimension_count"": 0}, ""disposition"": ""OTHER_SOURCE_PERIOD"", ""ordinal"": 335}, {""context"": {""context_ref"": ""c-49"", ""dimensions"": {""us-gaap:StatementEquityComponentsAxis"": ""us-gaap:CommonStockMember""}, ""entity_identifier"": ""0001048286"", ""period_end"": ""2023-12-31"", ""period_start"": ""2023-12-31"", ""typed_dimension_count"": 0}, ""disposition"": ""OTHER_SOURCE_PERIOD"", ""ordinal"": 336}, {""context"": {""context_ref"": ""c-50"", ""dimensions"": {""us-gaap:StatementEquityComponentsAxis"": ""us-gaap:AdditionalPaidInCapitalMember""}, ""entity_identifier"": ""0001048286"", ""period_end"": ""2023-12-31"", ""period_start"": ""2023-12-31"", ""typed_dimension_count"": 0}, ""disposition"": ""OTHER_SOURCE_PERIOD"", ""ordinal"": 337}, {""context"": {""context_ref"": ""c-51"", ""dimensions"": {""us-gaap:StatementEquityComponentsAxis"": ""us-gaap:RetainedEarningsMember""}, ""entity_identifier"": ""0001048286"", ""period_end"": ""2023-12-31"", ""period_start"": ""2023-12-31"", ""typed_dimension_count"": 0}, ""disposition"": ""OTHER_SOURCE_PERIOD"", ""ordinal"": 338}, {""context"": {""context_ref"": ""c-52"", ""dimensions"": {""us-gaap:StatementEquityComponentsAxis"": ""us-gaap:TreasuryStockCommonMember""}, ""entity_identifier"": ""0001048286"", ""period_end"": ""2023-12-31"", ""period_start"": ""2023-12-31"", ""typed_dimension_count"": 0}, ""disposition"": ""OTHER_SOURCE_PERIOD"", ""ordinal"": 339}, {""context"": {""context_ref"": ""c-53"", ""dimensions"": {""us-gaap:StatementEquityComponentsAxis"": ""us-gaap:AccumulatedOtherComprehensiveIncomeMember""}, ""entity_identifier"": ""0001048286"", ""period_end"": ""2023-12-31"", ""period_start"": ""2023-12-31"", ""typed_dimension_count"": 0}, ""disposition"": ""OTHER_SOURCE_PERIOD"", ""ordinal"": 340}, {""context"": {""context_ref"": ""c-25"", ""dimensions"": {}, ""entity_identifier"": ""0001048286"", ""period_end"": ""2024-12-31"", ""period_start"": ""2024-12-31"", ""typed_dimension_count"": 0}, ""disposition"": ""OTHER_SOURCE_PERIOD"", ""ordinal"": 356}, {""context"": {""context_ref"": ""c-59"", ""dimensions"": {""us-gaap:StatementEquityComponentsAxis"": ""us-gaap:CommonStockMember""}, ""entity_identifier"": ""0001048286"", ""period_end"": ""2024-12-31"", ""period_start"": ""2024-12-31"", ""typed_dimension_count"": 0}, ""disposition"": ""OTHER_SOURCE_PERIOD"", ""ordinal"": 357}, {""context"": {""context_ref"": ""c-60"", ""dimensions"": {""us-gaap:StatementEquityComponentsAxis"": ""us-gaap:AdditionalPaidInCapitalMember""}, ""entity_identifier"": ""0001048286"", ""period_end"": ""2024-12-31"", ""period_start"": ""2024-12-31"", ""typed_dimension_count"": 0}, ""disposition"": ""OTHER_SOURCE_PERIOD"", ""ordinal"": 358}, {""context"": {""context_ref"": ""c-61"", ""dimensions"": {""us-gaap:StatementEquityComponentsAxis"": ""us-gaap:RetainedEarningsMember""}, ""entity_identifier"": ""0001048286"", ""period_end"": ""2024-12-31"", ""period_start"": ""2024-12-31"", ""typed_dimension_count"": 0}, ""disposition"": ""OTHER_SOURCE_PERIOD"", ""ordinal"": 359}, {""context"": {""context_ref"": ""c-62"", ""dimensions"": {""us-gaap:StatementEquityComponentsAxis"": ""us-gaap:TreasuryStockCommonMember""}, ""entity_identifier"": ""0001048286"", ""period_end"": ""2024-12-31"", ""period_start"": ""2024-12-31"", ""typed_dimension_count"": 0}, ""disposition"": ""OTHER_SOURCE_PERIOD"", ""ordinal"": 360}, {""context"": {""context_ref"": ""c-63"", ""dimensions"": {""us-gaap:StatementEquityComponentsAxis"": ""us-gaap:AccumulatedOtherComprehensiveIncomeMember""}, ""entity_identifier"": ""0001048286"", ""period_end"": ""2024-12-31"", ""period_start"": ""2024-12-31"", ""typed_dimension_count"": 0}, ""disposition"": ""OTHER_SOURCE_PERIOD"", ""ordinal"": 361}, {""context"": {""context_ref"": ""c-24"", ""dimensions"": {}, ""entity_identifier"": ""0001048286"", ""period_end"": ""2025-12-31"", ""period_start"": ""2025-12-31"", ""typed_dimension_count"": 0}, ""decimals"": ""-6"", ""disposition"": ""CONSOLIDATED_CURRENT_EQUITY"", ""native_unit_definition"": {""divided"": false, ""measures"": [[""http://www.xbrl.org/2003/iso4217"", ""USD""]]}, ""ordinal"": 377, ""value"": ""-3771000000""}, {""context"": {""context_ref"": ""c-69"", ""dimensions"": {""us-gaap:StatementEquityComponentsAxis"": ""us-gaap:CommonStockMember""}, ""entity_identifier"": ""0001048286"", ""period_end"": ""2025-12-31"", ""period_start"": ""2025-12-31"", ""typed_dimension_count"": 0}, ""disposition"": ""DIMENSIONED_EQUITY_NOT_CONSOLIDATED_DENOMINATOR"", ""ordinal"": 378}, {""context"": {""context_ref"": ""c-70"", ""dimensions"": {""us-gaap:StatementEquityComponentsAxis"": ""us-gaap:AdditionalPaidInCapitalMember""}, ""entity_identifier"": ""0001048286"", ""period_end"": ""2025-12-31"", ""period_start"": ""2025-12-31"", ""typed_dimension_count"": 0}, ""disposition"": ""DIMENSIONED_EQUITY_NOT_CONSOLIDATED_DENOMINATOR"", ""ordinal"": 379}, {""context"": {""context_ref"": ""c-71"", ""dimensions"": {""us-gaap:StatementEquityComponentsAxis"": ""us-gaap:RetainedEarningsMember""}, ""entity_identifier"": ""0001048286"", ""period_end"": ""2025-12-31"", ""period_start"": ""2025-12-31"", ""typed_dimension_count"": 0}, ""disposition"": ""DIMENSIONED_EQUITY_NOT_CONSOLIDATED_DENOMINATOR"", ""ordinal"": 380}, {""context"": {""context_ref"": ""c-72"", ""dimensions"": {""us-gaap:StatementEquityComponentsAxis"": ""us-gaap:TreasuryStockCommonMember""}, ""entity_identifier"": ""0001048286"", ""period_end"": ""2025-12-31"", ""period_start"": ""2025-12-31"", ""typed_dimension_count"": 0}, ""disposition"": ""DIMENSIONED_EQUITY_NOT_CONSOLIDATED_DENOMINATOR"", ""ordinal"": 381}, {""context"": {""context_ref"": ""c-73"", ""dimensions"": {""us-gaap:StatementEquityComponentsAxis"": ""us-gaap:AccumulatedOtherComprehensiveIncomeMember""}, ""entity_identifier"": ""0001048286"", ""period_end"": ""2025-12-31"", ""period_start"": ""2025-12-31"", ""typed_dimension_count"": 0}, ""disposition"": ""DIMENSIONED_EQUITY_NOT_CONSOLIDATED_DENOMINATOR"", ""ordinal"": 382}, {""context"": {""context_ref"": ""c-205"", ""dimensions"": {""us-gaap:StatementEquityComponentsAxis"": ""us-gaap:AccumulatedTranslationAdjustmentMember""}, ""entity_identifier"": ""0001048286"", ""period_end"": ""2022-12-31"", ""period_start"": ""2022-12-31"", ""typed_dimension_count"": 0}, ""disposition"": ""OTHER_SOURCE_PERIOD"", ""ordinal"": 1005}, {""context"": {""context_ref"": ""c-206"", ""dimensions"": {""us-gaap:StatementEquityComponentsAxis"": ""mar:AccumulatedGainLossOtherAdjustmentsAttributableToParentMember""}, ""entity_identifier"": ""0001048286"", ""period_end"": ""2022-12-31"", ""period_start"": ""2022-12-31"", ""typed_dimension_count"": 0}, ""disposition"": ""OTHER_SOURCE_PERIOD"", ""ordinal"": 1006}, {""context"": {""context_ref"": ""c-43"", ""dimensions"": {""us-gaap:StatementEquityComponentsAxis"": ""us-gaap:AccumulatedOtherComprehensiveIncomeMember""}, ""entity_identifier"": ""0001048286"", ""period_end"": ""2022-12-31"", ""period_start"": ""2022-12-31"", ""typed_dimension_count"": 0}, ""disposition"": ""OTHER_SOURCE_PERIOD"", ""ordinal"": 1007}, {""context"": {""context_ref"": ""c-209"", ""dimensions"": {""us-gaap:StatementEquityComponentsAxis"": ""us-gaap:AccumulatedTranslationAdjustmentMember""}, ""entity_identifier"": ""0001048286"", ""period_end"": ""2023-12-31"", ""period_start"": ""2023-12-31"", ""typed_dimension_count"": 0}, ""disposition"": ""OTHER_SOURCE_PERIOD"", ""ordinal"": 1011}, {""context"": {""context_ref"": ""c-210"", ""dimensions"": {""us-gaap:StatementEquityComponentsAxis"": ""mar:AccumulatedGainLossOtherAdjustmentsAttributableToParentMember""}, ""entity_identifier"": ""0001048286"", ""period_end"": ""2023-12-31"", ""period_start"": ""2023-12-31"", ""typed_dimension_count"": 0}, ""disposition"": ""OTHER_SOURCE_PERIOD"", ""ordinal"": 1012}, {""context"": {""context_ref"": ""c-53"", ""dimensions"": {""us-gaap:StatementEquityComponentsAxis"": ""us-gaap:AccumulatedOtherComprehensiveIncomeMember""}, ""entity_identifier"": ""0001048286"", ""period_end"": ""2023-12-31"", ""period_start"": ""2023-12-31"", ""typed_dimension_count"": 0}, ""disposition"": ""OTHER_SOURCE_PERIOD"", ""ordinal"": 1013}, {""context"": {""context_ref"": ""c-213"", ""dimensions"": {""us-gaap:StatementEquityComponentsAxis"": ""us-gaap:AccumulatedTranslationAdjustmentMember""}, ""entity_identifier"": ""0001048286"", ""period_end"": ""2024-12-31"", ""period_start"": ""2024-12-31"", ""typed_dimension_count"": 0}, ""disposition"": ""OTHER_SOURCE_PERIOD"", ""ordinal"": 1017}, {""context"": {""context_ref"": ""c-214"", ""dimensions"": {""us-gaap:StatementEquityComponentsAxis"": ""mar:AccumulatedGainLossOtherAdjustmentsAttributableToParentMember""}, ""entity_identifier"": ""0001048286"", ""period_end"": ""2024-12-31"", ""period_start"": ""2024-12-31"", ""typed_dimension_count"": 0}, ""disposition"": ""OTHER_SOURCE_PERIOD"", ""ordinal"": 1018}, {""context"": {""context_ref"": ""c-63"", ""dimensions"": {""us-gaap:StatementEquityComponentsAxis"": ""us-gaap:AccumulatedOtherComprehensiveIncomeMember""}, ""entity_identifier"": ""0001048286"", ""period_end"": ""2024-12-31"", ""period_start"": ""2024-12-31"", ""typed_dimension_count"": 0}, ""disposition"": ""OTHER_SOURCE_PERIOD"", ""ordinal"": 1019}, {""context"": {""context_ref"": ""c-217"", ""dimensions"": {""us-gaap:StatementEquityComponentsAxis"": ""us-gaap:AccumulatedTranslationAdjustmentMember""}, ""entity_identifier"": ""0001048286"", ""period_end"": ""2025-12-31"", ""period_start"": ""2025-12-31"", ""typed_dimension_count"": 0}, ""disposition"": ""DIMENSIONED_EQUITY_NOT_CONSOLIDATED_DENOMINATOR"", ""ordinal"": 1023}, {""context"": {""context_ref"": ""c-218"", ""dimensions"": {""us-gaap:StatementEquityComponentsAxis"": ""mar:AccumulatedGainLossOtherAdjustmentsAttributableToParentMember""}, ""entity_identifier"": ""0001048286"", ""period_end"": ""2025-12-31"", ""period_start"": ""2025-12-31"", ""typed_dimension_count"": 0}, ""disposition"": ""DIMENSIONED_EQUITY_NOT_CONSOLIDATED_DENOMINATOR"", ""ordinal"": 1024}, {""context"": {""context_ref"": ""c-73"", ""dimensions"": {""us-gaap:StatementEquityComponentsAxis"": ""us-gaap:AccumulatedOtherComprehensiveIncomeMember""}, ""entity_identifier"": ""0001048286"", ""period_end"": ""2025-12-31"", ""period_start"": ""2025-12-31"", ""typed_dimension_count"": 0}, ""disposition"": ""DIMENSIONED_EQUITY_NOT_CONSOLIDATED_DENOMINATOR"", ""ordinal"": 1025}], ""kind"": ""primary_inline"", ""reports"": [{""context_ref"": ""c-24"", ""decimals"": ""-6"", ""ordinal"": 219, ""raw_start_byte"": 1012440, ""value"": ""-3771000000"", ""visible_cell"": {""colspan"": 2, ""column_index"": 3, ""grid_sha256"": ""sha256:0309b63a04ddbd750202ece0af3250dac3bf674e267cac2a53c380cf6340a3b4"", ""origin_column_index"": 3, ""origin_row_index"": 41, ""raw_text"": ""(3,771)"", ""row_index"": 41, ""rowspan"": 1, ""table_id"": ""table_000028"", ""text"": ""(3,771)""}}, {""context_ref"": ""c-24"", ""decimals"": ""-6"", ""ordinal"": 377, ""raw_start_byte"": 1158645, ""value"": ""-3771000000"", ""visible_cell"": {""colspan"": 1, ""column_index"": 10, ""grid_sha256"": ""sha256:9dc4217ec6c0aff98867ca2966981b0815a25fa3d5fb1ed5960e0a69754b1159"", ""origin_column_index"": 10, ""origin_row_index"": 20, ""raw_text"": ""(3,771)"", ""row_index"": 20, ""rowspan"": 1, ""table_id"": ""table_000030"", ""text"": ""(3,771)""}}], ""source_sha256"": ""06cb3fb91679730cf46c8687bf9a821b6533c4e518a0f9f60d14fa57afb96505""}, ""record_type"": ""B06_DENOMINATOR_SOURCE_PROOF"", ""same_filing_companyfacts"": [{""accession"": ""0001048286-26-000007"", ""concept"": ""us-gaap:StockholdersEquity"", ""duration_days"": 0, ""entity"": ""1048286"", ""fact_id"": ""fact:sha256:e8547dce123ea8c27f973ff31717c51c4b1d98ed91f687d3f862dd0ca69dff57"", ""filed"": ""2026-02-10"", ""fiscal_period"": ""FY"", ""form"": ""10-K"", ""period_end"": ""2025-12-31"", ""period_start"": ""2025-12-31"", ""source_binding"": {""accession"": ""0001048286-26-000007"", ""document_name"": ""CIK0001048286.json"", ""entity"": ""1048286"", ""frame"": """", ""raw_asset_id"": ""sha256:af2fea717f696acfa6f5f2436aa6e4175c3c56ab1628a2e3198964300f32422a"", ""source_reference_id"": ""sha256:3109bea68ae11f5e3c6ebd77114cda1d6f17d60e772b2630baffdb2639c483e9"", ""source_role"": ""companyfacts""}, ""unit"": ""USD"", ""value"": ""-3771000000""}], ""target"": {""accession"": ""0001048286-26-000007"", ""company_id"": ""marriott_international"", ""entity"": ""1048286"", ""period_end"": ""2025-12-31"", ""period_start"": ""2025-12-31"", ""scope"": {""entity_scope"": ""consolidated""}, ""scope_key"": ""sha256:d732d6cd826cf789f4c3df6ffd41b73c7ba682ef5545a4bae1b2f33b50f9477b""}, ""unit"": ""USD"", ""value"": ""-3771000000"", ""xml"": {""chosen"": {""context_ref"": ""c-24"", ""decimals"": ""-6"", ""ordinal"": 219, ""value"": ""-3771000000""}, ""equity_census"": [{""context"": {""context_ref"": ""c-24"", ""dimensions"": {}, ""entity_identifier"": ""0001048286"", ""period_end"": ""2025-12-31"", ""period_start"": ""2025-12-31"", ""typed_dimension_count"": 0}, ""decimals"": ""-6"", ""disposition"": ""CONSOLIDATED_CURRENT_EQUITY"", ""native_unit_definition"": {""divided"": false, ""measures"": [[""http://www.xbrl.org/2003/iso4217"", ""USD""]]}, ""ordinal"": 219, ""value"": ""-3771000000""}, {""context"": {""context_ref"": ""c-25"", ""dimensions"": {}, ""entity_identifier"": ""0001048286"", ""period_end"": ""2024-12-31"", ""period_start"": ""2024-12-31"", ""typed_dimension_count"": 0}, ""disposition"": ""OTHER_SOURCE_PERIOD"", ""ordinal"": 220}, {""context"": {""context_ref"": ""c-38"", ""dimensions"": {}, ""entity_identifier"": ""0001048286"", ""period_end"": ""2022-12-31"", ""period_start"": ""2022-12-31"", ""typed_dimension_count"": 0}, ""disposition"": ""OTHER_SOURCE_PERIOD"", ""ordinal"": 314}, {""context"": {""context_ref"": ""c-39"", ""dimensions"": {""us-gaap:StatementEquityComponentsAxis"": ""us-gaap:CommonStockMember""}, ""entity_identifier"": ""0001048286"", ""period_end"": ""2022-12-31"", ""period_start"": ""2022-12-31"", ""typed_dimension_count"": 0}, ""disposition"": ""OTHER_SOURCE_PERIOD"", ""ordinal"": 315}, {""context"": {""context_ref"": ""c-40"", ""dimensions"": {""us-gaap:StatementEquityComponentsAxis"": ""us-gaap:AdditionalPaidInCapitalMember""}, ""entity_identifier"": ""0001048286"", ""period_end"": ""2022-12-31"", ""period_start"": ""2022-12-31"", ""typed_dimension_count"": 0}, ""disposition"": ""OTHER_SOURCE_PERIOD"", ""ordinal"": 316}, {""context"": {""context_ref"": ""c-41"", ""dimensions"": {""us-gaap:StatementEquityComponentsAxis"": ""us-gaap:RetainedEarningsMember""}, ""entity_identifier"": ""0001048286"", ""period_end"": ""2022-12-31"", ""period_start"": ""2022-12-31"", ""typed_dimension_count"": 0}, ""disposition"": ""OTHER_SOURCE_PERIOD"", ""ordinal"": 317}, {""context"": {""context_ref"": ""c-42"", ""dimensions"": {""us-gaap:StatementEquityComponentsAxis"": ""us-gaap:TreasuryStockCommonMember""}, ""entity_identifier"": ""0001048286"", ""period_end"": ""2022-12-31"", ""period_start"": ""2022-12-31"", ""typed_dimension_count"": 0}, ""disposition"": ""OTHER_SOURCE_PERIOD"", ""ordinal"": 318}, {""context"": {""context_ref"": ""c-43"", ""dimensions"": {""us-gaap:StatementEquityComponentsAxis"": ""us-gaap:AccumulatedOtherComprehensiveIncomeMember""}, ""entity_identifier"": ""0001048286"", ""period_end"": ""2022-12-31"", ""period_start"": ""2022-12-31"", ""typed_dimension_count"": 0}, ""disposition"": ""OTHER_SOURCE_PERIOD"", ""ordinal"": 319}, {""context"": {""context_ref"": ""c-37"", ""dimensions"": {}, ""entity_identifier"": ""0001048286"", ""period_end"": ""2023-12-31"", ""period_start"": ""2023-12-31"", ""typed_dimension_count"": 0}, ""disposition"": ""OTHER_SOURCE_PERIOD"", ""ordinal"": 335}, {""context"": {""context_ref"": ""c-49"", ""dimensions"": {""us-gaap:StatementEquityComponentsAxis"": ""us-gaap:CommonStockMember""}, ""entity_identifier"": ""0001048286"", ""period_end"": ""2023-12-31"", ""period_start"": ""2023-12-31"", ""typed_dimension_count"": 0}, ""disposition"": ""OTHER_SOURCE_PERIOD"", ""ordinal"": 336}, {""context"": {""context_ref"": ""c-50"", ""dimensions"": {""us-gaap:StatementEquityComponentsAxis"": ""us-gaap:AdditionalPaidInCapitalMember""}, ""entity_identifier"": ""0001048286"", ""period_end"": ""2023-12-31"", ""period_start"": ""2023-12-31"", ""typed_dimension_count"": 0}, ""disposition"": ""OTHER_SOURCE_PERIOD"", ""ordinal"": 337}, {""context"": {""context_ref"": ""c-51"", ""dimensions"": {""us-gaap:StatementEquityComponentsAxis"": ""us-gaap:RetainedEarningsMember""}, ""entity_identifier"": ""0001048286"", ""period_end"": ""2023-12-31"", ""period_start"": ""2023-12-31"", ""typed_dimension_count"": 0}, ""disposition"": ""OTHER_SOURCE_PERIOD"", ""ordinal"": 338}, {""context"": {""context_ref"": ""c-52"", ""dimensions"": {""us-gaap:StatementEquityComponentsAxis"": ""us-gaap:TreasuryStockCommonMember""}, ""entity_identifier"": ""0001048286"", ""period_end"": ""2023-12-31"", ""period_start"": ""2023-12-31"", ""typed_dimension_count"": 0}, ""disposition"": ""OTHER_SOURCE_PERIOD"", ""ordinal"": 339}, {""context"": {""context_ref"": ""c-53"", ""dimensions"": {""us-gaap:StatementEquityComponentsAxis"": ""us-gaap:AccumulatedOtherComprehensiveIncomeMember""}, ""entity_identifier"": ""0001048286"", ""period_end"": ""2023-12-31"", ""period_start"": ""2023-12-31"", ""typed_dimension_count"": 0}, ""disposition"": ""OTHER_SOURCE_PERIOD"", ""ordinal"": 340}, {""context"": {""context_ref"": ""c-25"", ""dimensions"": {}, ""entity_identifier"": ""0001048286"", ""period_end"": ""2024-12-31"", ""period_start"": ""2024-12-31"", ""typed_dimension_count"": 0}, ""disposition"": ""OTHER_SOURCE_PERIOD"", ""ordinal"": 356}, {""context"": {""context_ref"": ""c-59"", ""dimensions"": {""us-gaap:StatementEquityComponentsAxis"": ""us-gaap:CommonStockMember""}, ""entity_identifier"": ""0001048286"", ""period_end"": ""2024-12-31"", ""period_start"": ""2024-12-31"", ""typed_dimension_count"": 0}, ""disposition"": ""OTHER_SOURCE_PERIOD"", ""ordinal"": 357}, {""context"": {""context_ref"": ""c-60"", ""dimensions"": {""us-gaap:StatementEquityComponentsAxis"": ""us-gaap:AdditionalPaidInCapitalMember""}, ""entity_identifier"": ""0001048286"", ""period_end"": ""2024-12-31"", ""period_start"": ""2024-12-31"", ""typed_dimension_count"": 0}, ""disposition"": ""OTHER_SOURCE_PERIOD"", ""ordinal"": 358}, {""context"": {""context_ref"": ""c-61"", ""dimensions"": {""us-gaap:StatementEquityComponentsAxis"": ""us-gaap:RetainedEarningsMember""}, ""entity_identifier"": ""0001048286"", ""period_end"": ""2024-12-31"", ""period_start"": ""2024-12-31"", ""typed_dimension_count"": 0}, ""disposition"": ""OTHER_SOURCE_PERIOD"", ""ordinal"": 359}, {""context"": {""context_ref"": ""c-62"", ""dimensions"": {""us-gaap:StatementEquityComponentsAxis"": ""us-gaap:TreasuryStockCommonMember""}, ""entity_identifier"": ""0001048286"", ""period_end"": ""2024-12-31"", ""period_start"": ""2024-12-31"", ""typed_dimension_count"": 0}, ""disposition"": ""OTHER_SOURCE_PERIOD"", ""ordinal"": 360}, {""context"": {""context_ref"": ""c-63"", ""dimensions"": {""us-gaap:StatementEquityComponentsAxis"": ""us-gaap:AccumulatedOtherComprehensiveIncomeMember""}, ""entity_identifier"": ""0001048286"", ""period_end"": ""2024-12-31"", ""period_start"": ""2024-12-31"", ""typed_dimension_count"": 0}, ""disposition"": ""OTHER_SOURCE_PERIOD"", ""ordinal"": 361}, {""context"": {""context_ref"": ""c-24"", ""dimensions"": {}, ""entity_identifier"": ""0001048286"", ""period_end"": ""2025-12-31"", ""period_start"": ""2025-12-31"", ""typed_dimension_count"": 0}, ""decimals"": ""-6"", ""disposition"": ""CONSOLIDATED_CURRENT_EQUITY"", ""native_unit_definition"": {""divided"": false, ""measures"": [[""http://www.xbrl.org/2003/iso4217"", ""USD""]]}, ""ordinal"": 377, ""value"": ""-3771000000""}, {""context"": {""context_ref"": ""c-69"", ""dimensions"": {""us-gaap:StatementEquityComponentsAxis"": ""us-gaap:CommonStockMember""}, ""entity_identifier"": ""0001048286"", ""period_end"": ""2025-12-31"", ""period_start"": ""2025-12-31"", ""typed_dimension_count"": 0}, ""disposition"": ""DIMENSIONED_EQUITY_NOT_CONSOLIDATED_DENOMINATOR"", ""ordinal"": 378}, {""context"": {""context_ref"": ""c-70"", ""dimensions"": {""us-gaap:StatementEquityComponentsAxis"": ""us-gaap:AdditionalPaidInCapitalMember""}, ""entity_identifier"": ""0001048286"", ""period_end"": ""2025-12-31"", ""period_start"": ""2025-12-31"", ""typed_dimension_count"": 0}, ""disposition"": ""DIMENSIONED_EQUITY_NOT_CONSOLIDATED_DENOMINATOR"", ""ordinal"": 379}, {""context"": {""context_ref"": ""c-71"", ""dimensions"": {""us-gaap:StatementEquityComponentsAxis"": ""us-gaap:RetainedEarningsMember""}, ""entity_identifier"": ""0001048286"", ""period_end"": ""2025-12-31"", ""period_start"": ""2025-12-31"", ""typed_dimension_count"": 0}, ""disposition"": ""DIMENSIONED_EQUITY_NOT_CONSOLIDATED_DENOMINATOR"", ""ordinal"": 380}, {""context"": {""context_ref"": ""c-72"", ""dimensions"": {""us-gaap:StatementEquityComponentsAxis"": ""us-gaap:TreasuryStockCommonMember""}, ""entity_identifier"": ""0001048286"", ""period_end"": ""2025-12-31"", ""period_start"": ""2025-12-31"", ""typed_dimension_count"": 0}, ""disposition"": ""DIMENSIONED_EQUITY_NOT_CONSOLIDATED_DENOMINATOR"", ""ordinal"": 381}, {""context"": {""context_ref"": ""c-73"", ""dimensions"": {""us-gaap:StatementEquityComponentsAxis"": ""us-gaap:AccumulatedOtherComprehensiveIncomeMember""}, ""entity_identifier"": ""0001048286"", ""period_end"": ""2025-12-31"", ""period_start"": ""2025-12-31"", ""typed_dimension_count"": 0}, ""disposition"": ""DIMENSIONED_EQUITY_NOT_CONSOLIDATED_DENOMINATOR"", ""ordinal"": 382}, {""context"": {""context_ref"": ""c-205"", ""dimensions"": {""us-gaap:StatementEquityComponentsAxis"": ""us-gaap:AccumulatedTranslationAdjustmentMember""}, ""entity_identifier"": ""0001048286"", ""period_end"": ""2022-12-31"", ""period_start"": ""2022-12-31"", ""typed_dimension_count"": 0}, ""disposition"": ""OTHER_SOURCE_PERIOD"", ""ordinal"": 1005}, {""context"": {""context_ref"": ""c-206"", ""dimensions"": {""us-gaap:StatementEquityComponentsAxis"": ""mar:AccumulatedGainLossOtherAdjustmentsAttributableToParentMember""}, ""entity_identifier"": ""0001048286"", ""period_end"": ""2022-12-31"", ""period_start"": ""2022-12-31"", ""typed_dimension_count"": 0}, ""disposition"": ""OTHER_SOURCE_PERIOD"", ""ordinal"": 1006}, {""context"": {""context_ref"": ""c-43"", ""dimensions"": {""us-gaap:StatementEquityComponentsAxis"": ""us-gaap:AccumulatedOtherComprehensiveIncomeMember""}, ""entity_identifier"": ""0001048286"", ""period_end"": ""2022-12-31"", ""period_start"": ""2022-12-31"", ""typed_dimension_count"": 0}, ""disposition"": ""OTHER_SOURCE_PERIOD"", ""ordinal"": 1007}, {""context"": {""context_ref"": ""c-209"", ""dimensions"": {""us-gaap:StatementEquityComponentsAxis"": ""us-gaap:AccumulatedTranslationAdjustmentMember""}, ""entity_identifier"": ""0001048286"", ""period_end"": ""2023-12-31"", ""period_start"": ""2023-12-31"", ""typed_dimension_count"": 0}, ""disposition"": ""OTHER_SOURCE_PERIOD"", ""ordinal"": 1011}, {""context"": {""context_ref"": ""c-210"", ""dimensions"": {""us-gaap:StatementEquityComponentsAxis"": ""mar:AccumulatedGainLossOtherAdjustmentsAttributableToParentMember""}, ""entity_identifier"": ""0001048286"", ""period_end"": ""2023-12-31"", ""period_start"": ""2023-12-31"", ""typed_dimension_count"": 0}, ""disposition"": ""OTHER_SOURCE_PERIOD"", ""ordinal"": 1012}, {""context"": {""context_ref"": ""c-53"", ""dimensions"": {""us-gaap:StatementEquityComponentsAxis"": ""us-gaap:AccumulatedOtherComprehensiveIncomeMember""}, ""entity_identifier"": ""0001048286"", ""period_end"": ""2023-12-31"", ""period_start"": ""2023-12-31"", ""typed_dimension_count"": 0}, ""disposition"": ""OTHER_SOURCE_PERIOD"", ""ordinal"": 1013}, {""context"": {""context_ref"": ""c-213"", ""dimensions"": {""us-gaap:StatementEquityComponentsAxis"": ""us-gaap:AccumulatedTranslationAdjustmentMember""}, ""entity_identifier"": ""0001048286"", ""period_end"": ""2024-12-31"", ""period_start"": ""2024-12-31"", ""typed_dimension_count"": 0}, ""disposition"": ""OTHER_SOURCE_PERIOD"", ""ordinal"": 1017}, {""context"": {""context_ref"": ""c-214"", ""dimensions"": {""us-gaap:StatementEquityComponentsAxis"": ""mar:AccumulatedGainLossOtherAdjustmentsAttributableToParentMember""}, ""entity_identifier"": ""0001048286"", ""period_end"": ""2024-12-31"", ""period_start"": ""2024-12-31"", ""typed_dimension_count"": 0}, ""disposition"": ""OTHER_SOURCE_PERIOD"", ""ordinal"": 1018}, {""context"": {""context_ref"": ""c-63"", ""dimensions"": {""us-gaap:StatementEquityComponentsAxis"": ""us-gaap:AccumulatedOtherComprehensiveIncomeMember""}, ""entity_identifier"": ""0001048286"", ""period_end"": ""2024-12-31"", ""period_start"": ""2024-12-31"", ""typed_dimension_count"": 0}, ""disposition"": ""OTHER_SOURCE_PERIOD"", ""ordinal"": 1019}, {""context"": {""context_ref"": ""c-217"", ""dimensions"": {""us-gaap:StatementEquityComponentsAxis"": ""us-gaap:AccumulatedTranslationAdjustmentMember""}, ""entity_identifier"": ""0001048286"", ""period_end"": ""2025-12-31"", ""period_start"": ""2025-12-31"", ""typed_dimension_count"": 0}, ""disposition"": ""DIMENSIONED_EQUITY_NOT_CONSOLIDATED_DENOMINATOR"", ""ordinal"": 1023}, {""context"": {""context_ref"": ""c-218"", ""dimensions"": {""us-gaap:StatementEquityComponentsAxis"": ""mar:AccumulatedGainLossOtherAdjustmentsAttributableToParentMember""}, ""entity_identifier"": ""0001048286"", ""period_end"": ""2025-12-31"", ""period_start"": ""2025-12-31"", ""typed_dimension_count"": 0}, ""disposition"": ""DIMENSIONED_EQUITY_NOT_CONSOLIDATED_DENOMINATOR"", ""ordinal"": 1024}, {""context"": {""context_ref"": ""c-73"", ""dimensions"": {""us-gaap:StatementEquityComponentsAxis"": ""us-gaap:AccumulatedOtherComprehensiveIncomeMember""}, ""entity_identifier"": ""0001048286"", ""period_end"": ""2025-12-31"", ""period_start"": ""2025-12-31"", ""typed_dimension_count"": 0}, ""disposition"": ""DIMENSIONED_EQUITY_NOT_CONSOLIDATED_DENOMINATOR"", ""ordinal"": 1025}], ""kind"": ""accession_xml"", ""reports"": [{""context_ref"": ""c-24"", ""decimals"": ""-6"", ""ordinal"": 219, ""value"": ""-3771000000""}, {""context_ref"": ""c-24"", ""decimals"": ""-6"", ""ordinal"": 377, ""value"": ""-3771000000""}], ""source_sha256"": ""39cdb4be609ec4e5e081e68f9be2d83cb8cc29c4ba915afa59a4847a24356150""}}, ""reason_code"": ""DENOMINATOR_NONPOSITIVE""}, ""source_reference_ids"": [""sha256:54beb2e496909a996752ae38dce18ea4aa388cc0a878df7b4f381570a119ebb2"", ""sha256:3109bea68ae11f5e3c6ebd77114cda1d6f17d60e772b2630baffdb2639c483e9"", ""sha256:9865738104c119941af46defc8749d702fd75f24be7b71b35513d89303562dfb"", ""sha256:43cecd37c71017d106d9d30426fada653a5dc490023ddb67da4339c07c48fc4e"", ""sha256:6139c18acde58b3ba5aff86a1debd212c1fade31d2ba8a0ce35a748947694a07"", ""sha256:28d1bcb4c9c4e417652fbee459ca74a07f67598bc1fa08bd3729310b395d0f6c""]}",,"Recognized borrowing, bond and finance lease carrying amounts divided by source-verified shareholders equity. Measurement is as of 2025-12-31. Native state: PUBLISHED; reason: DENOMINATOR_NONPOSITIVE. Selected source inputs include new SEC acquisition records; each input retains its own acquisition identity.",marriott_international,run:ordinary-integrated:f97bb1998555949b6e9c751f807c94b8c01170a95da63b4eceb399c4549186a1,sha256:fcc430e45d29dd0bb8f890709c5abb137ce3c5cd3d780657d4e1a9db23498f1f,issue_54_v4,sha256:7e577402fa98974628bf613a3a82e66d79f55385ccce117ea5d1f0cd11d49fa2,sha256:671a25cd86baceec0cd20a6be08cbb225328ce65bf46e91fb435a80ca39da4d9,sha256:7050dd9ee6cfd0e50cbe3e2d694b6b1131c8fcc498d95579b41751fed7f3c896,sha256:7050dd9ee6cfd0e50cbe3e2d694b6b1131c8fcc498d95579b41751fed7f3c896,,,True,MATCHED,REPLAY_VERIFIED_CONTENT_NOT_ACCEPTED,NO_SOURCE_CONTENT_CHANGE,NO_SOURCE_CONTENT_CHANGE,True,VERIFIED_SEC_ACQUISITION,,native/B06/c802a858f62743129654959e5b501caf,RUN_ARCHIVE_COORDINATE,2025-12-31,2025-12-31,2025,2025-12-31,2025-12-31,NATIVE_REPLAY_VERIFIED,[],20261003T171912Z-e2aade11,FLOW_COMPLETED_WITH_LIMITATIONS,NO_SOURCE_CONTENT_CHANGE,True,SOURCES_READY
Marriott International,1048286,B07,Interest coverage ratio,5.118665018541409147095179234,ratio,OK,DERIVED,,2025-01-01,2025-12-31,2025,ANNUAL,0001048286-26-000007,10-K,2026-02-10,Interest coverage ratio,"{""annual_filing_period"": {""fiscal_year"": 2025, ""period_end"": ""2025-12-31"", ""period_start"": ""2025-01-01""}, ""measurement_kind"": ""ANNUAL"", ""scope"": {""coverage"": ""deterministic_source_set"", ""fiscal_year"": 2025}, ""selection"": null, ""source_reference_ids"": [""sha256:5fbed365804130c17c75d2f0c910feb4d114758697e4b327f9c79021c86fe7f9"", ""sha256:43cecd37c71017d106d9d30426fada653a5dc490023ddb67da4339c07c48fc4e"", ""sha256:3109bea68ae11f5e3c6ebd77114cda1d6f17d60e772b2630baffdb2639c483e9"", ""sha256:b65d7d33206dd37c69379af2f27162d38d61b730af1f9346ce5e8b2c9e622368"", ""sha256:63687b69a68ec70135351fc580e0a0d4f4f9d369bfc8a4f087772217b312a630""]}",,Source-rebuilt native result; exact measurement dates are retained. Measurement covers the source fiscal-year interval. Native state: PUBLISHED; reason: PASS. Selected source inputs include new SEC acquisition records; each input retains its own acquisition identity.,marriott_international,run:ordinary-integrated:2f8abdc651175f939e66d1f36f9156619c47aa31c324844c3872b3a1e22f232a,sha256:ed405c6e15ae7ba817408e210e59295493a13a69ae5fa953d6d653680faf156d,issue_54_v4,sha256:7e577402fa98974628bf613a3a82e66d79f55385ccce117ea5d1f0cd11d49fa2,sha256:671a25cd86baceec0cd20a6be08cbb225328ce65bf46e91fb435a80ca39da4d9,sha256:7050dd9ee6cfd0e50cbe3e2d694b6b1131c8fcc498d95579b41751fed7f3c896,sha256:7050dd9ee6cfd0e50cbe3e2d694b6b1131c8fcc498d95579b41751fed7f3c896,,,True,MATCHED,REPLAY_VERIFIED_CONTENT_NOT_ACCEPTED,NO_SOURCE_CONTENT_CHANGE,NO_SOURCE_CONTENT_CHANGE,True,VERIFIED_SEC_ACQUISITION,,native/B07/ac6b1829c6e04f79a59d22250f990ec5,RUN_ARCHIVE_COORDINATE,2025-01-01,2025-12-31,2025,2025-01-01,2025-12-31,NATIVE_REPLAY_VERIFIED,[],20261003T171912Z-e2aade11,FLOW_COMPLETED_WITH_LIMITATIONS,NO_SOURCE_CONTENT_CHANGE,True,SOURCES_READY
Marriott International,1048286,B08,Current ratio,0.4267682781614670159561800429,ratio,OK,DERIVED,,2025-12-31,2025-12-31,2025,INSTANT,0001048286-26-000007,10-K,2026-02-10,Current ratio,"{""annual_filing_period"": {""fiscal_year"": 2025, ""period_end"": ""2025-12-31"", ""period_start"": ""2025-01-01""}, ""measurement_kind"": ""INSTANT"", ""scope"": {""coverage"": ""deterministic_source_set"", ""fiscal_year"": 2025}, ""selection"": null, ""source_reference_ids"": [""sha256:5fbed365804130c17c75d2f0c910feb4d114758697e4b327f9c79021c86fe7f9"", ""sha256:43cecd37c71017d106d9d30426fada653a5dc490023ddb67da4339c07c48fc4e"", ""sha256:3109bea68ae11f5e3c6ebd77114cda1d6f17d60e772b2630baffdb2639c483e9"", ""sha256:b65d7d33206dd37c69379af2f27162d38d61b730af1f9346ce5e8b2c9e622368"", ""sha256:63687b69a68ec70135351fc580e0a0d4f4f9d369bfc8a4f087772217b312a630""]}",,Source-rebuilt native result; exact measurement dates are retained. Measurement is as of 2025-12-31. Native state: PUBLISHED; reason: PASS. Selected source inputs include new SEC acquisition records; each input retains its own acquisition identity.,marriott_international,run:ordinary-integrated:ad372cee4834ff4c680f0f61fb7635953ff4acaf0b9b4cf60964dc555a59bba9,sha256:3dcbb078f8f175413fa17db5c0e9b49e61ef16a2f5f34e2d5ecc8ff22de344fd,issue_54_v4,sha256:7e577402fa98974628bf613a3a82e66d79f55385ccce117ea5d1f0cd11d49fa2,sha256:671a25cd86baceec0cd20a6be08cbb225328ce65bf46e91fb435a80ca39da4d9,sha256:7050dd9ee6cfd0e50cbe3e2d694b6b1131c8fcc498d95579b41751fed7f3c896,sha256:7050dd9ee6cfd0e50cbe3e2d694b6b1131c8fcc498d95579b41751fed7f3c896,,,True,MATCHED,REPLAY_VERIFIED_CONTENT_NOT_ACCEPTED,NO_SOURCE_CONTENT_CHANGE,NO_SOURCE_CONTENT_CHANGE,True,VERIFIED_SEC_ACQUISITION,,native/B08/5757d7ba44514862b7faec0ddbb56535,RUN_ARCHIVE_COORDINATE,2025-12-31,2025-12-31,2025,2025-12-31,2025-12-31,NATIVE_REPLAY_VERIFIED,[],20261003T171912Z-e2aade11,FLOW_COMPLETED_WITH_LIMITATIONS,NO_SOURCE_CONTENT_CHANGE,True,SOURCES_READY
Marriott International,1048286,B09,Cash reserves,358000000,USD,OK,STD_XBRL,,2025-12-31,2025-12-31,2025,INSTANT,0001048286-26-000007,10-K,2026-02-10,Cash reserves,"{""annual_filing_period"": {""fiscal_year"": 2025, ""period_end"": ""2025-12-31"", ""period_start"": ""2025-01-01""}, ""measurement_kind"": ""INSTANT"", ""scope"": {""coverage"": ""deterministic_source_set"", ""fiscal_year"": 2025}, ""selection"": null, ""source_reference_ids"": [""sha256:5fbed365804130c17c75d2f0c910feb4d114758697e4b327f9c79021c86fe7f9"", ""sha256:43cecd37c71017d106d9d30426fada653a5dc490023ddb67da4339c07c48fc4e"", ""sha256:3109bea68ae11f5e3c6ebd77114cda1d6f17d60e772b2630baffdb2639c483e9"", ""sha256:b65d7d33206dd37c69379af2f27162d38d61b730af1f9346ce5e8b2c9e622368"", ""sha256:63687b69a68ec70135351fc580e0a0d4f4f9d369bfc8a4f087772217b312a630""]}",,Source-rebuilt native result; exact measurement dates are retained. Measurement is as of 2025-12-31. Native state: PUBLISHED; reason: PASS. Selected source inputs include new SEC acquisition records; each input retains its own acquisition identity.,marriott_international,run:ordinary-integrated:d6c2c5fd9738db0c4b04afe7d4ed9a43bbc4fe6d7d8cf44034dbf0336d83d4c9,sha256:32c4b836060f77a9cd2e354d5267b208d6650870aacbb84da8feeac61d0c1d3b,issue_54_v4,sha256:7e577402fa98974628bf613a3a82e66d79f55385ccce117ea5d1f0cd11d49fa2,sha256:671a25cd86baceec0cd20a6be08cbb225328ce65bf46e91fb435a80ca39da4d9,sha256:7050dd9ee6cfd0e50cbe3e2d694b6b1131c8fcc498d95579b41751fed7f3c896,sha256:7050dd9ee6cfd0e50cbe3e2d694b6b1131c8fcc498d95579b41751fed7f3c896,,,True,MATCHED,REPLAY_VERIFIED_CONTENT_NOT_ACCEPTED,NO_SOURCE_CONTENT_CHANGE,NO_SOURCE_CONTENT_CHANGE,True,VERIFIED_SEC_ACQUISITION,,native/B09/7c5763da622442dfac2ca1818567add8,RUN_ARCHIVE_COORDINATE,2025-12-31,2025-12-31,2025,2025-12-31,2025-12-31,NATIVE_REPLAY_VERIFIED,[],20261003T171912Z-e2aade11,FLOW_COMPLETED_WITH_LIMITATIONS,NO_SOURCE_CONTENT_CHANGE,True,SOURCES_READY
Marriott International,1048286,B10,Occupancy rate,69.3,percent,MDA_OK,MDA,source-reported lodging table observation,2025-01-01,2025-12-31,2025,ANNUAL,0001048286-26-000007,10-K,2026-02-10,Occupancy rate,"{""annual_filing_period"": {""fiscal_year"": 2025, ""period_end"": ""2025-12-31"", ""period_start"": ""2025-01-01""}, ""measurement_kind"": ""ANNUAL"", ""scope"": {""geography"": ""worldwide"", ""operating_scope"": ""systemwide"", ""property_population"": ""comparable""}, ""selection"": {""ai_response_used"": false, ""classification"": ""DETERMINISTIC_REPORTED_TABLE"", ""period_basis"": ""EXPLICIT_TABLE_INTRODUCTION_YEAR_AND_COLUMN_WITH_LOCAL_QUALIFIER_CHECK"", ""qualification_credit"": false, ""reason_code"": ""PASS"", ""source_component_id"": ""sha256:bce835c92b6f4392918a62cf590fd5648fb96c03bdef7cf2afebb13127df8041"", ""source_witnesses"": {""amount"": {""grid_sha256"": ""sha256:8e270aaf65de0b1214a11498d00478194f814d1fb686b0638679eb24cb1e23cf"", ""locator"": {""colspan"": 2, ""column_index"": 15, ""derived_asset_id"": ""sha256:59fbd0cb00f2288ceb2724e212b6af48a84c5d221328f1188bfff44f4dab9d19"", ""origin_column_index"": 15, ""origin_row_index"": 26, ""row_index"": 26, ""rowspan"": 1, ""table_id"": ""table_000011""}, ""raw_text"": ""69.3&#160;"", ""text"": ""69.3""}, ""geography"": {""grid_sha256"": ""sha256:8e270aaf65de0b1214a11498d00478194f814d1fb686b0638679eb24cb1e23cf"", ""locator"": {""colspan"": 3, ""column_index"": 0, ""derived_asset_id"": ""sha256:59fbd0cb00f2288ceb2724e212b6af48a84c5d221328f1188bfff44f4dab9d19"", ""origin_column_index"": 0, ""origin_row_index"": 26, ""row_index"": 26, ""rowspan"": 1, ""table_id"": ""table_000011""}, ""raw_text"": ""\nWorldwide (2)"", ""text"": ""Worldwide (2)""}, ""measure"": {""grid_sha256"": ""sha256:8e270aaf65de0b1214a11498d00478194f814d1fb686b0638679eb24cb1e23cf"", ""locator"": {""colspan"": 12, ""column_index"": 15, ""derived_asset_id"": ""sha256:59fbd0cb00f2288ceb2724e212b6af48a84c5d221328f1188bfff44f4dab9d19"", ""origin_column_index"": 15, ""origin_row_index"": 3, ""row_index"": 3, ""rowspan"": 1, ""table_id"": ""table_000011""}, ""raw_text"": ""Occupancy"", ""text"": ""Occupancy""}, ""population_and_operating_scope"": {""grid_sha256"": ""sha256:8e270aaf65de0b1214a11498d00478194f814d1fb686b0638679eb24cb1e23cf"", ""locator"": {""colspan"": 3, ""column_index"": 0, ""derived_asset_id"": ""sha256:59fbd0cb00f2288ceb2724e212b6af48a84c5d221328f1188bfff44f4dab9d19"", ""origin_column_index"": 0, ""origin_row_index"": 18, ""row_index"": 18, ""rowspan"": 1, ""table_id"": ""table_000011""}, ""raw_text"": ""Comparable Systemwide Properties"", ""text"": ""Comparable Systemwide Properties""}, ""unit"": {""grid_sha256"": ""sha256:8e270aaf65de0b1214a11498d00478194f814d1fb686b0638679eb24cb1e23cf"", ""locator"": {""colspan"": 1, ""column_index"": 17, ""derived_asset_id"": ""sha256:59fbd0cb00f2288ceb2724e212b6af48a84c5d221328f1188bfff44f4dab9d19"", ""origin_column_index"": 17, ""origin_row_index"": 26, ""row_index"": 26, ""rowspan"": 1, ""table_id"": ""table_000011""}, ""raw_text"": ""%"", ""text"": ""%""}, ""year"": {""grid_sha256"": ""sha256:8e270aaf65de0b1214a11498d00478194f814d1fb686b0638679eb24cb1e23cf"", ""locator"": {""colspan"": 3, ""column_index"": 15, ""derived_asset_id"": ""sha256:59fbd0cb00f2288ceb2724e212b6af48a84c5d221328f1188bfff44f4dab9d19"", ""origin_column_index"": 15, ""origin_row_index"": 4, ""row_index"": 4, ""rowspan"": 1, ""table_id"": ""table_000011""}, ""raw_text"": ""2025"", ""text"": ""2025""}}, ""table_id"": ""table_000011""}, ""source_reference_ids"": [""sha256:5fbed365804130c17c75d2f0c910feb4d114758697e4b327f9c79021c86fe7f9"", ""sha256:43cecd37c71017d106d9d30426fada653a5dc490023ddb67da4339c07c48fc4e"", ""sha256:3109bea68ae11f5e3c6ebd77114cda1d6f17d60e772b2630baffdb2639c483e9""]}",,Comparable systemwide worldwide statistic from the explicitly stated source year. Measurement covers the source fiscal-year interval. Native state: PUBLISHED; reason: PASS. Selected source inputs include new SEC acquisition records; each input retains its own acquisition identity.,marriott_international,run:ordinary-integrated:70c66ba606835e3f78fc09d63dc1dae06415a783776839863adfdd4cb7eba7e2,sha256:8f30f543fa77894992ea2bc2d0ea63d21b54c4956fa13686b6900f59a59153bf,issue_54_v4,sha256:7e577402fa98974628bf613a3a82e66d79f55385ccce117ea5d1f0cd11d49fa2,sha256:671a25cd86baceec0cd20a6be08cbb225328ce65bf46e91fb435a80ca39da4d9,sha256:7050dd9ee6cfd0e50cbe3e2d694b6b1131c8fcc498d95579b41751fed7f3c896,sha256:7050dd9ee6cfd0e50cbe3e2d694b6b1131c8fcc498d95579b41751fed7f3c896,,,True,MATCHED,REPLAY_VERIFIED_CONTENT_NOT_ACCEPTED,NO_SOURCE_CONTENT_CHANGE,NO_SOURCE_CONTENT_CHANGE,True,VERIFIED_SEC_ACQUISITION,,native/B10/4782e8ca19dc49908d9124b9e2b6de15,RUN_ARCHIVE_COORDINATE,2025-01-01,2025-12-31,2025,2025-01-01,2025-12-31,NATIVE_REPLAY_VERIFIED,[],20261003T171912Z-e2aade11,FLOW_COMPLETED_WITH_LIMITATIONS,NO_SOURCE_CONTENT_CHANGE,True,SOURCES_READY
Marriott International,1048286,B11,RevPAR,128.8,USD,MDA_OK,MDA,source-reported lodging table observation,2025-01-01,2025-12-31,2025,ANNUAL,0001048286-26-000007,10-K,2026-02-10,RevPAR,"{""annual_filing_period"": {""fiscal_year"": 2025, ""period_end"": ""2025-12-31"", ""period_start"": ""2025-01-01""}, ""measurement_kind"": ""ANNUAL"", ""scope"": {""geography"": ""worldwide"", ""operating_scope"": ""systemwide"", ""property_population"": ""comparable""}, ""selection"": {""ai_response_used"": false, ""classification"": ""DETERMINISTIC_REPORTED_TABLE"", ""period_basis"": ""EXPLICIT_TABLE_INTRODUCTION_YEAR_AND_COLUMN_WITH_LOCAL_QUALIFIER_CHECK"", ""qualification_credit"": false, ""reason_code"": ""PASS"", ""source_component_id"": ""sha256:bce835c92b6f4392918a62cf590fd5648fb96c03bdef7cf2afebb13127df8041"", ""source_witnesses"": {""amount"": {""grid_sha256"": ""sha256:8e270aaf65de0b1214a11498d00478194f814d1fb686b0638679eb24cb1e23cf"", ""locator"": {""colspan"": 1, ""column_index"": 4, ""derived_asset_id"": ""sha256:59fbd0cb00f2288ceb2724e212b6af48a84c5d221328f1188bfff44f4dab9d19"", ""origin_column_index"": 4, ""origin_row_index"": 26, ""row_index"": 26, ""rowspan"": 1, ""table_id"": ""table_000011""}, ""raw_text"": ""128.80&#160;"", ""text"": ""128.80""}, ""geography"": {""grid_sha256"": ""sha256:8e270aaf65de0b1214a11498d00478194f814d1fb686b0638679eb24cb1e23cf"", ""locator"": {""colspan"": 3, ""column_index"": 0, ""derived_asset_id"": ""sha256:59fbd0cb00f2288ceb2724e212b6af48a84c5d221328f1188bfff44f4dab9d19"", ""origin_column_index"": 0, ""origin_row_index"": 26, ""row_index"": 26, ""rowspan"": 1, ""table_id"": ""table_000011""}, ""raw_text"": ""\nWorldwide (2)"", ""text"": ""Worldwide (2)""}, ""measure"": {""grid_sha256"": ""sha256:8e270aaf65de0b1214a11498d00478194f814d1fb686b0638679eb24cb1e23cf"", ""locator"": {""colspan"": 9, ""column_index"": 3, ""derived_asset_id"": ""sha256:59fbd0cb00f2288ceb2724e212b6af48a84c5d221328f1188bfff44f4dab9d19"", ""origin_column_index"": 3, ""origin_row_index"": 3, ""row_index"": 3, ""rowspan"": 1, ""table_id"": ""table_000011""}, ""raw_text"": ""RevPAR"", ""text"": ""RevPAR""}, ""population_and_operating_scope"": {""grid_sha256"": ""sha256:8e270aaf65de0b1214a11498d00478194f814d1fb686b0638679eb24cb1e23cf"", ""locator"": {""colspan"": 3, ""column_index"": 0, ""derived_asset_id"": ""sha256:59fbd0cb00f2288ceb2724e212b6af48a84c5d221328f1188bfff44f4dab9d19"", ""origin_column_index"": 0, ""origin_row_index"": 18, ""row_index"": 18, ""rowspan"": 1, ""table_id"": ""table_000011""}, ""raw_text"": ""Comparable Systemwide Properties"", ""text"": ""Comparable Systemwide Properties""}, ""unit"": {""grid_sha256"": ""sha256:8e270aaf65de0b1214a11498d00478194f814d1fb686b0638679eb24cb1e23cf"", ""locator"": {""colspan"": 1, ""column_index"": 3, ""derived_asset_id"": ""sha256:59fbd0cb00f2288ceb2724e212b6af48a84c5d221328f1188bfff44f4dab9d19"", ""origin_column_index"": 3, ""origin_row_index"": 26, ""row_index"": 26, ""rowspan"": 1, ""table_id"": ""table_000011""}, ""raw_text"": ""$"", ""text"": ""$""}, ""year"": {""grid_sha256"": ""sha256:8e270aaf65de0b1214a11498d00478194f814d1fb686b0638679eb24cb1e23cf"", ""locator"": {""colspan"": 3, ""column_index"": 3, ""derived_asset_id"": ""sha256:59fbd0cb00f2288ceb2724e212b6af48a84c5d221328f1188bfff44f4dab9d19"", ""origin_column_index"": 3, ""origin_row_index"": 4, ""row_index"": 4, ""rowspan"": 1, ""table_id"": ""table_000011""}, ""raw_text"": ""2025"", ""text"": ""2025""}}, ""table_id"": ""table_000011""}, ""source_reference_ids"": [""sha256:5fbed365804130c17c75d2f0c910feb4d114758697e4b327f9c79021c86fe7f9"", ""sha256:43cecd37c71017d106d9d30426fada653a5dc490023ddb67da4339c07c48fc4e"", ""sha256:3109bea68ae11f5e3c6ebd77114cda1d6f17d60e772b2630baffdb2639c483e9""]}",,Comparable systemwide worldwide statistic from the explicitly stated source year. Measurement covers the source fiscal-year interval. Native state: PUBLISHED; reason: PASS. Selected source inputs include new SEC acquisition records; each input retains its own acquisition identity.,marriott_international,run:ordinary-integrated:06a1a1c71a111456c42d110ec20c9dea8e5a93de4aff55b9dcadc813feaf915a,sha256:22b9eb74b256304a342c5943bda1213dacfd33c390254aac412dd7637758ec80,issue_54_v4,sha256:7e577402fa98974628bf613a3a82e66d79f55385ccce117ea5d1f0cd11d49fa2,sha256:671a25cd86baceec0cd20a6be08cbb225328ce65bf46e91fb435a80ca39da4d9,sha256:7050dd9ee6cfd0e50cbe3e2d694b6b1131c8fcc498d95579b41751fed7f3c896,sha256:7050dd9ee6cfd0e50cbe3e2d694b6b1131c8fcc498d95579b41751fed7f3c896,,,True,MATCHED,REPLAY_VERIFIED_CONTENT_NOT_ACCEPTED,NO_SOURCE_CONTENT_CHANGE,NO_SOURCE_CONTENT_CHANGE,True,VERIFIED_SEC_ACQUISITION,,native/B11/9cc2cb31488542fd92ad27affc332398,RUN_ARCHIVE_COORDINATE,2025-01-01,2025-12-31,2025,2025-01-01,2025-12-31,NATIVE_REPLAY_VERIFIED,[],20261003T171912Z-e2aade11,FLOW_COMPLETED_WITH_LIMITATIONS,NO_SOURCE_CONTENT_CHANGE,True,SOURCES_READY
Marriott International,1048286,B12,Remaining performance obligation (RPO substitute),,USD,N_A_STRUCTURAL,NOT_AVAILABLE,,2025-12-31,2025-12-31,2025,STRUCTURAL,,,,,"{""annual_filing_period"": {""fiscal_year"": 2025, ""period_end"": ""2025-12-31"", ""period_start"": ""2025-01-01""}, ""measurement_kind"": ""STRUCTURAL"", ""scope"": {""coverage"": ""deterministic_source_set"", ""fiscal_year"": 2025}, ""selection"": null, ""source_reference_ids"": [""sha256:5fbed365804130c17c75d2f0c910feb4d114758697e4b327f9c79021c86fe7f9"", ""sha256:43cecd37c71017d106d9d30426fada653a5dc490023ddb67da4339c07c48fc4e"", ""sha256:3109bea68ae11f5e3c6ebd77114cda1d6f17d60e772b2630baffdb2639c483e9""]}",,Trait applicability is structurally false. No financial measurement is asserted; dates retain the filing group. Native state: PUBLISHED; reason: TRAIT_NOT_APPLICABLE. Selected source inputs include new SEC acquisition records; each input retains its own acquisition identity.,marriott_international,run:ordinary-integrated:26ad54575c1fbea98cd9c7edf47b9b5f294f9063dc60e279137bc80d13e9df25,sha256:f8bf3cd3536b0839d599c692d1c56da0874a07f8f9e63e8ee09aa08826142fd1,issue_54_v4,sha256:7e577402fa98974628bf613a3a82e66d79f55385ccce117ea5d1f0cd11d49fa2,sha256:671a25cd86baceec0cd20a6be08cbb225328ce65bf46e91fb435a80ca39da4d9,sha256:7050dd9ee6cfd0e50cbe3e2d694b6b1131c8fcc498d95579b41751fed7f3c896,sha256:7050dd9ee6cfd0e50cbe3e2d694b6b1131c8fcc498d95579b41751fed7f3c896,,,True,MATCHED,REPLAY_VERIFIED_CONTENT_NOT_ACCEPTED,NO_SOURCE_CONTENT_CHANGE,NO_SOURCE_CONTENT_CHANGE,True,VERIFIED_SEC_ACQUISITION,,native/B12/d02f94044155412f9160f6f1a218a9ba,RUN_ARCHIVE_COORDINATE,2025-12-31,2025-12-31,2025,2025-12-31,2025-12-31,NATIVE_REPLAY_VERIFIED,[],20261003T171912Z-e2aade11,FLOW_COMPLETED_WITH_LIMITATIONS,NO_SOURCE_CONTENT_CHANGE,True,SOURCES_READY
Marriott International,1048286,B13,Production capacity qualitative disclosures,,text,N_A_STRUCTURAL,NOT_AVAILABLE,verbatim production capacity disclosures,2025-01-01,2025-12-31,2025,FY,,,,,,,Outside the approved B13 company scope. No disclosure-absence or utilization claim is made. Selected source inputs include new SEC acquisition records; each input retains its own acquisition identity.,marriott_international,run:ordinary-integrated:b73234d5540241dbc011a2269c67d7b5c08a65625bcceeab2b9ce9e8251cdbb1,sha256:376e6bda8877a7ae39a8f53055091125ce8b1a825275cfe6495bcb735b313411,issue_54_v4,sha256:7e577402fa98974628bf613a3a82e66d79f55385ccce117ea5d1f0cd11d49fa2,sha256:671a25cd86baceec0cd20a6be08cbb225328ce65bf46e91fb435a80ca39da4d9,sha256:7050dd9ee6cfd0e50cbe3e2d694b6b1131c8fcc498d95579b41751fed7f3c896,sha256:7050dd9ee6cfd0e50cbe3e2d694b6b1131c8fcc498d95579b41751fed7f3c896,,,True,MATCHED,REPLAY_VERIFIED_CONTENT_NOT_ACCEPTED,NO_SOURCE_CONTENT_CHANGE,NO_SOURCE_CONTENT_CHANGE,True,VERIFIED_SEC_ACQUISITION,,native/B13/c3e80597981942b0bf31f91099015b0f,RUN_ARCHIVE_COORDINATE,2025-01-01,2025-12-31,2025,2025-01-01,2025-12-31,NATIVE_REPLAY_VERIFIED,[],20261003T171912Z-e2aade11,FLOW_COMPLETED_WITH_LIMITATIONS,NO_SOURCE_CONTENT_CHANGE,True,SOURCES_READY
Marriott International,1048286,C01,CEO / CFO changes,3,count,8K_ITEM_OK,8K_ITEM,,2025-01-01,2025-12-31,2025,ANNUAL,0001193125-25-009110;0001193125-25-118861;0001193125-25-158742,8-K;8-K/A,2025-01-21;2025-05-13;2025-07-14,CEO / CFO changes,"{""annual_filing_period"": {""fiscal_year"": 2025, ""period_end"": ""2025-12-31"", ""period_start"": ""2025-01-01""}, ""measurement_kind"": ""ANNUAL"", ""scope"": {""coverage"": ""fiscal_year_source_set"", ""fiscal_year"": 2025, ""shared_claim_group_id"": ""leadership_item_5_02""}, ""selection"": {""matched_verified_claim_ids"": [""sha256:ceddee56566a18a81e9ce9b6629212ddec06079014ac17f66c9d94defc99d6c6"", ""sha256:16eeeba28c7b8f30d725dcb658b358c9319ab8820fdfe370bdc61a422b145fd9"", ""sha256:e3c78d35230f3cea233c097288d0bc653a8f39586e60566a128bcadccca475c9""], ""reason_code"": ""PASS"", ""source_event_accessions"": [""0001048286-25-000011"", ""0001193125-25-009110"", ""0001193125-25-036732"", ""0001193125-25-118853"", ""0001193125-25-118861"", ""0001193125-25-158742"", ""0001193125-25-184082"", ""0001628280-25-004772"", ""0001628280-25-022390"", ""0001628280-25-037592""]}, ""source_reference_ids"": [""sha256:5fbed365804130c17c75d2f0c910feb4d114758697e4b327f9c79021c86fe7f9"", ""sha256:43cecd37c71017d106d9d30426fada653a5dc490023ddb67da4339c07c48fc4e"", ""sha256:3109bea68ae11f5e3c6ebd77114cda1d6f17d60e772b2630baffdb2639c483e9"", ""sha256:e9e24d441b8acd4ada0efe679ab5bfea94f128291f76ab324186d53b449ac655"", ""sha256:36c617d02d818b4902d5acf94a0d1d04d4efd5d3400922c92295f8bbf0c17094"", ""sha256:9f5f13c37ddc067d22be465a6407bbf8989370dbcb4e51f50e38fa38acac9a8a"", ""sha256:60936afcc1962b3f09c405897c949eb586c262d02fdcd5e316511733012058eb"", ""sha256:36aaee45603a92559dc33f05bdc2dbeacf01b6281db974c39980942ea23282c8"", ""sha256:1f83e50639e251e30a9d72aa512b92666a3d1238a9c34f9afe4b101057dae5cf"", ""sha256:392df5da6c2c026de0ff94468aa44b64c804fa215de3e7dd8fd23067a92eeb80"", ""sha256:61a6a86137f6a970ed09f81a01e7f1635fd9245a556be6e5987a840f7b605ece"", ""sha256:ee0c8e4b30d3ca31a613009dc7e2a96a7f643b5cb9aa9405490903577311f348"", ""sha256:cf130d2988d1fb9f249c865230b00afbe0e54cc31af3a7efc93a336c736927fa"", ""sha256:64a6300d558b6ed3b230cbc3e191503f47a828cb002c572c57a96bcf078f0d3d"", ""sha256:2afc5ddf640c0aaa4cb4142cb7a0d46731c1d8f777997290321cee9e191449d9"", ""sha256:b40feb7d686d1712e232352c0119993620b6b6ec6ac5def8ca52bbdd23364083"", ""sha256:87109107b65e3837910d65360fdbd0f86f569c832c94c35dc8f477db39c33cfc"", ""sha256:129213e529e3c4095c6f3ea680ffd30eea0bf2092a0a8af36781a30608ebcb2f"", ""sha256:04bb0255f0a10aaf9794d06b52cc4cbb45f4a45b8717df332bca22cd3741e8c0"", ""sha256:81500619ec794bf93b0992dde23d029d41adbba885d35c2dea1e705443c183fb"", ""sha256:38d839367e9e4abfd3e2ebb4ddc32a2f53e5a3bf74d9338be0c1059bb33efbb3"", ""sha256:2f5034de82073cc95a3941f8c9afbfa74013ab23ae81f5bfb1f54b1bb647573b"", ""sha256:d4fdf2105a90e20788593ec0dd8922df5d294c1f446c1386216dfa613c20c65b""]}",,Count of filing items matched by the approved route; it does not confirm a count of real-world business events. Measurement covers the source fiscal-year interval. Native state: PUBLISHED; reason: PASS. Selected source inputs include new SEC acquisition records; each input retains its own acquisition identity.,marriott_international,run:ordinary-integrated:062ea6947b2e329c1658d37e6fd41edad6c3228a48f1a05997e455e57f2fc2df,sha256:abd6029dc502222ade6e7b72d40a998351a320e59595f0e65516cd1e2d769ce9,issue_54_v4,sha256:7e577402fa98974628bf613a3a82e66d79f55385ccce117ea5d1f0cd11d49fa2,sha256:7050dd9ee6cfd0e50cbe3e2d694b6b1131c8fcc498d95579b41751fed7f3c896,sha256:7050dd9ee6cfd0e50cbe3e2d694b6b1131c8fcc498d95579b41751fed7f3c896,sha256:7050dd9ee6cfd0e50cbe3e2d694b6b1131c8fcc498d95579b41751fed7f3c896,,,True,MATCHED,REPLAY_VERIFIED_CONTENT_NOT_ACCEPTED,CANDIDATE_READY,CANDIDATE_READY,True,VERIFIED_SEC_ACQUISITION,,native/C01/387e7c4dc14841a9bf3b2c2d3b2f6bc6,RUN_ARCHIVE_COORDINATE,2025-01-01,2025-12-31,2025,2025-01-01,2025-12-31,NATIVE_REPLAY_VERIFIED,[],20261003T171912Z-e2aade11,FLOW_COMPLETED_WITH_LIMITATIONS,CANDIDATE_READY,True,SOURCES_READY
Marriott International,1048286,C02,Board composition facts,"Earlier this year, Board member Debra Lee announced that she will retire from the Board in May and is not standing for reelection. Over more than two decades of service, Debi has helped guide the company through transformational growth and significant change while always remaining a steadfast champion of our culture and core values. As a member of our Inclusion and Social Impact Committee, and the committee chair since 2008, she has been integral in overseeing the company’s efforts to create access to opportunity and connect people through the power of travel. We are grateful for her service. The Board is reducing its size to 12 with Debi’s departure, but we remain confident the composition of our Board provides strong and independent leadership across a breadth of areas critical to the company’s strategic priorities.
Election of each of the 12 director nominees named in the proxy statement;
each of the 12 director nominees
The Board and its Nominating and Corporate Governance Committee believe the 12 director nominees each possess the skills, experience, and background to effectively monitor performance, provide oversight, and advise management on the Company’s strategy.
Debra L. Lee currently serves as the Chair of the Inclusion and Social Impact Committee and as a member of the Nominating and Corporate Governance Committee and the Executive Committee. Ms. Lee announced she will retire from the Board at the conclusion of her term and is not standing for reelection this year.
The Human Resources and Compensation Committee is composed solely of independent members of the Board and retains an independent compensation consultant
As previously disclosed and described elsewhere in this proxy statement, Debra L. Lee announced she will retire from the Board at the conclusion of her term and therefore she is not being nominated for reelection as a director. As a result, her term on the Board will end at the 2026 Annual Meeting. Over more than two decades of service, Ms. Lee has helped guide the Company through transformational growth and significant senior leadership transitions while always remaining a steadfast champion of our culture and core values. As an integral member of our Inclusion and Social Impact Committee, and the committee chair since 2008, she has been instrumental in overseeing the Company’s efforts to create access to opportunity and connect people through the power of travel, and as a longstanding member of the Nominating and Corporate Governance Committee she has helped drive the Board’s leadership and composition. We are grateful for her significant contributions.
With Ms. Lee’s impending departure, the Board has reduced its size from 13 to 12, effective as of the expiration of Ms. Lee’s term at the 2026 Annual Meeting.
The Board has maintained separate Chairman and CEO roles and a Lead Independent Director role for many years. The Board reviews its leadership structure as part of its succession planning process. It continues to believe that separate Chairman and CEO roles, together with an experienced and engaged Lead Independent Director and independent committee oversight of key functions, provide robust oversight and independent leadership on the Board while maximizing the Company’s unique advantages.
Separate Board Chairman and CEO. The separate Chairman and CEO structure allows the Chairman to focus on leading the Board in its oversight and governance responsibilities and the CEO to focus on setting and executing our strategic plans and initiatives and leading the operations of the Company.
Mr. David S. Marriott serves as the Chairman of the Board. The Board believes that Mr. Marriott’s significant prior experience as a senior operations and sales executive of the Company, and his deep understanding of Marriott’s history and culture, bring an important perspective to Board-level conversations and decision-making and make him well qualified to lead the Board in its oversight responsibilities. As Chairman, he provides leadership to the Board by, among other things, working with the President and CEO, the Lead Independent Director, and the Secretary to set Board calendars, develop agendas for Board meetings, facilitate the appropriate flow of information to Board members and the effective functioning of the Board and its committees, promote Board succession planning and the orientation of new directors, and support senior management succession planning. Mr. Marriott also serves as a key conduit between management, the Board, and the Marriott family, who have a significant ownership stake in the Company and a demonstrated commitment to its long-term success.
independent directors of the Board appoint the Lead Independent Director annually. Since 2022, the independent directors have selected Mr. Frederick A. “Fritz” Henderson to serve as the Lead Independent Director. Mr. Henderson has served on the Board since 2013 and served as our Audit Committee chair from May 2014 to May 2022, and he has extensive experience serving in a variety of other public company board leadership roles.
Independent Committee Oversight. Our Audit, Human Resources and Compensation, Nominating and Corporate Governance, and Technology and Information Security Oversight committees are composed solely of independent directors. Consequently, the independent directors directly oversee such critical items as the Company’s financial statements, executive compensation, the selection and evaluation of directors, the development and implementation of our corporate governance programs, and technology, information security and privacy.
A majority of our director nominees are independent with a mix of short-, medium- and long-term tenure. Five of our 12 director nominees are female and seven are male, and three of our director nominees are people of color.
Chairman of the Board, Marriott International, Inc.
Based on the standards set forth in the Governance Principles, the Board affirmatively determined that Ms. Goren, Mr. Henderson, Ms. Hobart, Ms. Lee, Mr. Lewis, Ms. McCarthy, Mr. Reid, Mr. Rozanski, Ambassador Schwab, and Mr. Tresvant are each independent of the Company and its management. In making this determination, the Board found that none of these directors had a relationship that would interfere with the exercise of independent judgment in carrying out the responsibilities of a director of Marriott.
Mr. Anthony Capuano, Mrs. Harrison, and Mr. David S. Marriott are considered not independent as a result of their current or former employment with the Company and/or family relationships.
The Board has six standing committees: Audit; Human Resources and Compensation; Nominating and Corporate Governance; Inclusion and Social Impact; Technology and Information Security Oversight; and Executive. The Board has determined that all members of the Audit Committee, Human Resources and Compensation Committee, and Nominating and Corporate Governance Committee are independent under the applicable rules and regulations of the Nasdaq Listing Standards, including the standards applicable to compensation committee members, and the U.S. Securities and Exchange Commission (the “SEC”), that all members of the Audit Committee meet the Nasdaq listing standard of financial sophistication, and that Ms. Goren, Mr. Henderson, and Mr. Lewis are audit committee financial experts as defined in SEC rules. The Board has adopted a written charter for each committee, and those charters are available on the Investor Relations section of our website (www.Marriott.com/Investor) by clicking on “Governance” and then “Documents & Charters.” You also may request copies of the committee charters from the Company’s Secretary.
The table below indicates the current members of the applicable Board committee, the primary responsibilities of such committee, and the number of meetings held in 2025. Excluding the Executive Committee, which does not meet on a regular basis, three of the Board’s five standing committees are currently chaired by women, and two of the Board’s five standing committees are currently chaired by people of color.
Audit Committee
Number of Meetings in 2025: 8
Current Members
Isabella D.
Goren
CHAIR
Frederick A.
Henderson
Aylwin B.
Lewis
Margaret M.
McCarthy
Grant F.
Reid
Human Resources and Compensation Committee
Number of Meetings in 2025: 5
Current Members
Aylwin B.
Lewis
CHAIR
Lauren R.
Hobart
Horacio D.
Rozanski
Susan C.
Schwab
Nominating and Corporate Governance Committee
Number of Meetings in 2025: 6
Current Members
Frederick A.
Henderson
CHAIR
Isabella D.
Goren
Debra L.
Lee
Aylwin B.
Lewis
Inclusion and Social Impact Committee
Number of Meetings in 2025: 4
Current Members
Debra L.
Lee
CHAIR
Anthony G.
Capuano
Deborah M.
Harrison
David S.
Marriott
Grant F.
Reid
Sean C.
Tresvant
Technology and Information Security Oversight Committee
Number of Meetings in 2025: 4
Current Members
Margaret M.
McCarthy
CHAIR
​
Lauren R.
Hobart
Horacio D.
Rozanski
Susan C.
Schwab
Sean C.
Tresvant
The Board also maintains an Executive Committee that is chaired by Mr. Marriott and on which Mr. Capuano, Mr. Henderson and Ms. Lee serve as members. The Executive Committee’s responsibilities include exercising the powers of the Board when it is not in session, subject to specific restrictions as to powers retained by the full Board. The Executive Committee did not meet in 2025.
Members of the Audit Committee:
Isabella D. Goren (Chair)
Frederick A. Henderson
Aylwin B. Lewis
Margaret M. McCarthy
Grant F. Reid
The Human Resources and Compensation Committee (the “Committee”), which is composed solely of independent members of the Board, assists the Board in fulfilling its responsibilities relating to the Company’s compensation and human resources policies and practices, including matters related to executive development, director and executive compensation and benefits, management succession planning, and talent development and retention. As part of its responsibilities, the Committee oversees the Company’s executive compensation programs, which are designed to enable the Company to attract, retain and motivate executives capable of establishing and implementing business plans in the best interests of the stockholders. The Committee, on behalf of and, in certain instances, subject to the approval of the Board, reviews and approves compensation programs for certain senior officers. In this context, the Committee reviewed and discussed with management the Company’s CD&A required by Item 402(b) of SEC Regulation S-K. Following the reviews and discussions referred to above, the Committee recommended to the Board that the CD&A be incorporated by reference in the Company’s Annual Report on Form 10-K and included in this proxy statement.
Members of the Human Resources and Compensation Committee:
Aylwin B. Lewis (Chair)
Lauren R. Hobart
Horacio D. Rozanski
Susan C. Schwab
Mr. Tresvant was appointed to the Board effective February 12, 2025.
Election of each of the 12 director nominees
FOR
each of the 12 director nominees",text,TEXT_QUAL,PROXY,verbatim governance disclosures,2025-01-01,2025-12-31,2025,FY,0001140361-26-011590,DEF 14A,2026-03-27,Governance disclosures+Governance disclosures+Governance disclosures+Governance disclosures+Governance disclosures+Governance disclosures+Governance disclosures+Governance disclosures+Governance disclosures+Governance disclosures+Governance disclosures+Governance disclosures+Governance disclosures+Governance disclosures+Governance disclosures+Governance disclosures+Governance disclosures+Governance disclosures+Governance disclosures+Governance disclosures+Governance disclosures+Governance disclosures+Governance disclosures+Governance disclosures+Governance disclosures,annual reporting group; board measurement date not inferred;annual reporting group; board measurement date not inferred;annual reporting group; board measurement date not inferred;annual reporting group; board measurement date not inferred;annual reporting group; board measurement date not inferred;annual reporting group; board measurement date not inferred;annual reporting group; board measurement date not inferred;annual reporting group; board measurement date not inferred;annual reporting group; board measurement date not inferred;annual reporting group; board measurement date not inferred;annual reporting group; board measurement date not inferred;annual reporting group; board measurement date not inferred;annual reporting group; board measurement date not inferred;annual reporting group; board measurement date not inferred;annual reporting group; board measurement date not inferred;annual reporting group; board measurement date not inferred;annual reporting group; board measurement date not inferred;annual reporting group; board measurement date not inferred;annual reporting group; board measurement date not inferred;annual reporting group; board measurement date not inferred;annual reporting group; board measurement date not inferred;annual reporting group; board measurement date not inferred;annual reporting group; board measurement date not inferred;annual reporting group; board measurement date not inferred;annual reporting group; board measurement date not inferred,,Source filing dates describe disclosure availability. The annual period only groups disclosures; no board measurement date or board count is inferred. Selected source inputs include new SEC acquisition records; each input retains its own acquisition identity.,marriott_international,run:ordinary-integrated:4d31771a9dcfcf9140f1e06ed28ee9285780491649c520c26839a4aebec3b70c,sha256:76d930fa42981de3f33acdbf5d07beb1b40308dfaa700c2b1bf6a066e67f0e8f,issue_54_v4,sha256:7e577402fa98974628bf613a3a82e66d79f55385ccce117ea5d1f0cd11d49fa2,sha256:671a25cd86baceec0cd20a6be08cbb225328ce65bf46e91fb435a80ca39da4d9,sha256:7050dd9ee6cfd0e50cbe3e2d694b6b1131c8fcc498d95579b41751fed7f3c896,sha256:7050dd9ee6cfd0e50cbe3e2d694b6b1131c8fcc498d95579b41751fed7f3c896,,,True,MATCHED,REPLAY_VERIFIED_CONTENT_NOT_ACCEPTED,NO_SOURCE_CONTENT_CHANGE,NO_SOURCE_CONTENT_CHANGE,True,VERIFIED_SEC_ACQUISITION,,native/C02/a10bee0193ce4e6e96022750362a1b69,RUN_ARCHIVE_COORDINATE,2025-01-01,2025-12-31,2025,2025-01-01,2025-12-31,NATIVE_REPLAY_VERIFIED,[],20261003T171912Z-e2aade11,FLOW_COMPLETED_WITH_LIMITATIONS,NO_SOURCE_CONTENT_CHANGE,True,SOURCES_READY
Marriott International,1048286,C03,Executive compensation signals,22970926,USD,XBRL_OK,XBRL,reported PEO total compensation,2025-01-01,2025-12-31,2025,ANNUAL,0001140361-26-011590,DEF 14A,2026-03-27,Reported PEO total compensation,"{""annual_filing_period"": {""fiscal_year"": 2025, ""period_end"": ""2025-12-31"", ""period_start"": ""2025-01-01""}, ""measurement_kind"": ""ANNUAL"", ""scope"": {""entity_scope"": ""registrant""}, ""selection"": {""candidates"": [{""dimensions"": {""ecd:IndividualAxis"": ""mar:MrCapuanoMember""}, ""entity_identifier"": ""0001048286"", ""locator"": {""context_ref"": ""c1"", ""ordinal"": 8, ""qualified_name"": ""ecd:PeoTotalCompAmt""}, ""period_end"": ""2025-12-31"", ""period_start"": ""2025-01-01"", ""person_members"": [[""http://www.marriott.com/20260508"", ""MrCapuanoMember""]], ""source_text"": ""22,970,926"", ""source_transform"": ""ixt:num-dot-decimal"", ""unit_ref"": ""usd"", ""value"": ""22970926""}, {""dimensions"": {""ecd:IndividualAxis"": ""mar:MrCapuanoMember""}, ""entity_identifier"": ""0001048286"", ""locator"": {""context_ref"": ""c1"", ""ordinal"": 59, ""qualified_name"": ""ecd:PeoTotalCompAmt""}, ""period_end"": ""2025-12-31"", ""period_start"": ""2025-01-01"", ""person_members"": [[""http://www.marriott.com/20260508"", ""MrCapuanoMember""]], ""source_text"": ""22,970,926"", ""source_transform"": ""ixt:num-dot-decimal"", ""unit_ref"": ""usd"", ""value"": ""22970926""}], ""distinct_values"": [""22970926""], ""excluded"": [{""locator"": {""context_ref"": ""c2"", ""ordinal"": 16, ""qualified_name"": ""ecd:PeoTotalCompAmt""}, ""period_end"": ""2024-12-31"", ""period_start"": ""2024-01-01"", ""reason"": ""OTHER_PERIOD""}, {""locator"": {""context_ref"": ""c4"", ""ordinal"": 24, ""qualified_name"": ""ecd:PeoTotalCompAmt""}, ""period_end"": ""2023-12-31"", ""period_start"": ""2023-01-01"", ""reason"": ""OTHER_PERIOD""}, {""locator"": {""context_ref"": ""c6"", ""ordinal"": 32, ""qualified_name"": ""ecd:PeoTotalCompAmt""}, ""period_end"": ""2022-12-31"", ""period_start"": ""2022-01-01"", ""reason"": ""OTHER_PERIOD""}, {""locator"": {""context_ref"": ""c8"", ""ordinal"": 40, ""qualified_name"": ""ecd:PeoTotalCompAmt""}, ""period_end"": ""2021-12-31"", ""period_start"": ""2021-01-01"", ""reason"": ""OTHER_PERIOD""}, {""locator"": {""context_ref"": ""c9"", ""ordinal"": 41, ""qualified_name"": ""ecd:PeoTotalCompAmt""}, ""period_end"": ""2021-12-31"", ""period_start"": ""2021-01-01"", ""reason"": ""OTHER_PERIOD""}], ""invalid_target_facts"": [], ""raw_asset_id"": ""sha256:af1ce7fb95700c7417820ed1cb9d8c361d2341e04a6bbb10b58cb6c2f0e2b56c"", ""reason_code"": ""PASS"", ""reported_person_facts"": [{""identity_valid"": true, ""locator"": {""context_ref"": ""c5"", ""ordinal"": 55, ""qualified_name"": ""ecd:PeoName""}, ""name"": ""Mr. Capuano"", ""period_end"": ""2023-12-31"", ""period_start"": ""2023-01-01"", ""person_members"": []}, {""identity_valid"": true, ""locator"": {""context_ref"": ""c11"", ""ordinal"": 54, ""qualified_name"": ""ecd:PeoName""}, ""name"": ""Mr. Capuano"", ""period_end"": ""2021-12-31"", ""period_start"": ""2021-02-01"", ""person_members"": []}, {""identity_valid"": true, ""locator"": {""context_ref"": ""c7"", ""ordinal"": 53, ""qualified_name"": ""ecd:PeoName""}, ""name"": ""Mr. Capuano"", ""period_end"": ""2022-12-31"", ""period_start"": ""2022-01-01"", ""person_members"": []}, {""identity_valid"": true, ""locator"": {""context_ref"": ""c3"", ""ordinal"": 52, ""qualified_name"": ""ecd:PeoName""}, ""name"": ""Mr. Capuano"", ""period_end"": ""2024-12-31"", ""period_start"": ""2024-01-01"", ""person_members"": []}, {""identity_valid"": true, ""locator"": {""context_ref"": ""c0"", ""ordinal"": 51, ""qualified_name"": ""ecd:PeoName""}, ""name"": ""Mr. Capuano"", ""period_end"": ""2025-12-31"", ""period_start"": ""2025-01-01"", ""person_members"": []}, {""identity_valid"": true, ""locator"": {""context_ref"": ""c12"", ""ordinal"": 56, ""qualified_name"": ""ecd:PeoName""}, ""name"": ""Mr. Sorenson"", ""period_end"": ""2021-01-31"", ""period_start"": ""2021-01-01"", ""person_members"": []}], ""resolver"": ""ecd_peo_total_compensation_v1"", ""selection_id"": ""sha256:e659fe4e515b95e5cbcb47514d1fa22105cc4073c21acc797dbcb42510afa932"", ""source_reference_id"": ""sha256:8502035491e3d02bf5d2c2aced3923850a7c637f27c88d672201bfe615828580"", ""specific_person_members"": [[""http://www.marriott.com/20260508"", ""MrCapuanoMember""]], ""target"": {""company_id"": ""marriott_international"", ""period_end"": ""2025-12-31"", ""period_start"": ""2025-01-01"", ""scope"": {""entity_scope"": ""registrant""}, ""scope_key"": ""sha256:f3c8407f8a8d60bfc7a88166339aa7506ff9e37a0df59342f9a62d99ef98c0a6""}}, ""source_reference_ids"": [""sha256:5fbed365804130c17c75d2f0c910feb4d114758697e4b327f9c79021c86fe7f9"", ""sha256:3109bea68ae11f5e3c6ebd77114cda1d6f17d60e772b2630baffdb2639c483e9"", ""sha256:8502035491e3d02bf5d2c2aced3923850a7c637f27c88d672201bfe615828580"", ""sha256:43cecd37c71017d106d9d30426fada653a5dc490023ddb67da4339c07c48fc4e"", ""sha256:9865738104c119941af46defc8749d702fd75f24be7b71b35513d89303562dfb"", ""sha256:6139c18acde58b3ba5aff86a1debd212c1fade31d2ba8a0ce35a748947694a07"", ""sha256:bf544d4ea45fb264453b4e0afbb986e366f93c73b43e55513e95741b1453b855"", ""sha256:b65d7d33206dd37c69379af2f27162d38d61b730af1f9346ce5e8b2c9e622368"", ""sha256:d7e4a9f6a5d5012058bd282dd004fb61de6f9a22c34c82eecc6644f85dc829a2"", ""sha256:e9e24d441b8acd4ada0efe679ab5bfea94f128291f76ab324186d53b449ac655"", ""sha256:36c617d02d818b4902d5acf94a0d1d04d4efd5d3400922c92295f8bbf0c17094"", ""sha256:9f5f13c37ddc067d22be465a6407bbf8989370dbcb4e51f50e38fa38acac9a8a"", ""sha256:60936afcc1962b3f09c405897c949eb586c262d02fdcd5e316511733012058eb"", ""sha256:36aaee45603a92559dc33f05bdc2dbeacf01b6281db974c39980942ea23282c8"", ""sha256:1f83e50639e251e30a9d72aa512b92666a3d1238a9c34f9afe4b101057dae5cf"", ""sha256:392df5da6c2c026de0ff94468aa44b64c804fa215de3e7dd8fd23067a92eeb80"", ""sha256:61a6a86137f6a970ed09f81a01e7f1635fd9245a556be6e5987a840f7b605ece"", ""sha256:ee0c8e4b30d3ca31a613009dc7e2a96a7f643b5cb9aa9405490903577311f348"", ""sha256:cf130d2988d1fb9f249c865230b00afbe0e54cc31af3a7efc93a336c736927fa"", ""sha256:64a6300d558b6ed3b230cbc3e191503f47a828cb002c572c57a96bcf078f0d3d"", ""sha256:2afc5ddf640c0aaa4cb4142cb7a0d46731c1d8f777997290321cee9e191449d9"", ""sha256:b40feb7d686d1712e232352c0119993620b6b6ec6ac5def8ca52bbdd23364083"", ""sha256:87109107b65e3837910d65360fdbd0f86f569c832c94c35dc8f477db39c33cfc"", ""sha256:129213e529e3c4095c6f3ea680ffd30eea0bf2092a0a8af36781a30608ebcb2f"", ""sha256:04bb0255f0a10aaf9794d06b52cc4cbb45f4a45b8717df332bca22cd3741e8c0"", ""sha256:81500619ec794bf93b0992dde23d029d41adbba885d35c2dea1e705443c183fb"", ""sha256:38d839367e9e4abfd3e2ebb4ddc32a2f53e5a3bf74d9338be0c1059bb33efbb3"", ""sha256:2f5034de82073cc95a3941f8c9afbfa74013ab23ae81f5bfb1f54b1bb647573b"", ""sha256:d4fdf2105a90e20788593ec0dd8922df5d294c1f446c1386216dfa613c20c65b""]}",,Reported Total compensation for the uniquely supported PEO/CEO; not compensation actually paid or an average of several executives. Measurement covers the source fiscal-year interval. Native state: PUBLISHED; reason: PASS. Selected source inputs include new SEC acquisition records; each input retains its own acquisition identity.,marriott_international,run:ordinary-integrated:3488cd7142c0b85fbfeb5c38454509523efabb342a847911f17f8e6c706738e5,sha256:dc50a4506b06ae0b4eda71273a275f34cffc4fc73d0dfb9058881f2bf08f53da,issue_54_v4,sha256:7e577402fa98974628bf613a3a82e66d79f55385ccce117ea5d1f0cd11d49fa2,sha256:671a25cd86baceec0cd20a6be08cbb225328ce65bf46e91fb435a80ca39da4d9,sha256:7050dd9ee6cfd0e50cbe3e2d694b6b1131c8fcc498d95579b41751fed7f3c896,sha256:7050dd9ee6cfd0e50cbe3e2d694b6b1131c8fcc498d95579b41751fed7f3c896,,,True,MATCHED,REPLAY_VERIFIED_CONTENT_NOT_ACCEPTED,NO_SOURCE_CONTENT_CHANGE,NO_SOURCE_CONTENT_CHANGE,True,VERIFIED_SEC_ACQUISITION,,native/C03/c1e0a2aead0448338edeaea19b27fe5c,RUN_ARCHIVE_COORDINATE,2025-01-01,2025-12-31,2025,2025-01-01,2025-12-31,NATIVE_REPLAY_VERIFIED,[],20261003T171912Z-e2aade11,FLOW_COMPLETED_WITH_LIMITATIONS,NO_SOURCE_CONTENT_CHANGE,True,SOURCES_READY
Marriott International,1048286,C04,Auditor changes,0,flag,OK,DERIVED,source-verified auditor change signal,2025-01-01,2025-12-31,2025,ANNUAL,0001048286-26-000007,10-K,2026-02-10,Auditor changes,"{""annual_filing_period"": {""fiscal_year"": 2025, ""period_end"": ""2025-12-31"", ""period_start"": ""2025-01-01""}, ""measurement_kind"": ""ANNUAL"", ""scope"": {""entity_scope"": ""registrant""}, ""selection"": {""current_filing_checks"": [{""accession"": ""0001048286-26-000007"", ""canonical_names"": [""ernstyoungllp""], ""facts"": [{""accession"": ""0001048286-26-000007"", ""canonical_name"": ""ernstyoungllp"", ""entity_identifier"": ""0001048286"", ""locator"": {""context_ref"": ""c-1"", ""ordinal"": 61, ""qualified_name"": ""dei:AuditorName""}, ""name"": ""Ernst & Young LLP"", ""period_end"": ""2025-12-31"", ""period_start"": ""2025-01-01"", ""raw_asset_id"": ""sha256:06cb3fb91679730cf46c8687bf9a821b6533c4e518a0f9f60d14fa57afb96505"", ""source_reference_id"": ""sha256:43cecd37c71017d106d9d30426fada653a5dc490023ddb67da4339c07c48fc4e""}, {""accession"": ""0001048286-26-000007"", ""canonical_name"": ""ernstyoungllp"", ""entity_identifier"": ""0001048286"", ""locator"": {""context_ref"": ""c-1"", ""ordinal"": 63, ""qualified_name"": ""dei:AuditorName""}, ""name"": ""Ernst & Young LLP"", ""period_end"": ""2025-12-31"", ""period_start"": ""2025-01-01"", ""raw_asset_id"": ""sha256:06cb3fb91679730cf46c8687bf9a821b6533c4e518a0f9f60d14fa57afb96505"", ""source_reference_id"": ""sha256:43cecd37c71017d106d9d30426fada653a5dc490023ddb67da4339c07c48fc4e""}, {""accession"": ""0001048286-26-000007"", ""canonical_name"": ""ernstyoungllp"", ""entity_identifier"": ""0001048286"", ""locator"": {""context_ref"": ""c-1"", ""ordinal"": 61, ""qualified_name"": ""dei:auditorname""}, ""name"": ""Ernst & Young LLP"", ""period_end"": ""2025-12-31"", ""period_start"": ""2025-01-01"", ""raw_asset_id"": ""sha256:39cdb4be609ec4e5e081e68f9be2d83cb8cc29c4ba915afa59a4847a24356150"", ""source_reference_id"": ""sha256:6139c18acde58b3ba5aff86a1debd212c1fade31d2ba8a0ce35a748947694a07""}, {""accession"": ""0001048286-26-000007"", ""canonical_name"": ""ernstyoungllp"", ""entity_identifier"": ""0001048286"", ""locator"": {""context_ref"": ""c-1"", ""ordinal"": 63, ""qualified_name"": ""dei:auditorname""}, ""name"": ""Ernst & Young LLP"", ""period_end"": ""2025-12-31"", ""period_start"": ""2025-01-01"", ""raw_asset_id"": ""sha256:39cdb4be609ec4e5e081e68f9be2d83cb8cc29c4ba915afa59a4847a24356150"", ""source_reference_id"": ""sha256:6139c18acde58b3ba5aff86a1debd212c1fade31d2ba8a0ce35a748947694a07""}], ""form"": ""10-K"", ""problems"": [], ""source_references"": [{""accession"": ""0001048286-26-000007"", ""company_id"": ""marriott_international"", ""document_name"": ""mar-20251231.htm"", ""raw_asset_id"": ""sha256:06cb3fb91679730cf46c8687bf9a821b6533c4e518a0f9f60d14fa57afb96505"", ""record_type"": ""SOURCE_REFERENCE"", ""request_attempt_id"": ""request:attempt:8a1a149c4e36055473042f8a9c9e43bc834929f669275582fa18c98955d9ebd4"", ""source_reference_id"": ""sha256:43cecd37c71017d106d9d30426fada653a5dc490023ddb67da4339c07c48fc4e"", ""source_role"": ""target_primary"", ""source_url"": ""https://www.sec.gov/Archives/edgar/data/1048286/000104828626000007/mar-20251231.htm""}, {""accession"": ""0001048286-26-000007"", ""company_id"": ""marriott_international"", ""document_name"": ""mar-20251231_htm.xml"", ""raw_asset_id"": ""sha256:39cdb4be609ec4e5e081e68f9be2d83cb8cc29c4ba915afa59a4847a24356150"", ""record_type"": ""SOURCE_REFERENCE"", ""request_attempt_id"": ""request:attempt:e32a85406888f79730750562df150e28019b0c04659b20eae53f0faaafc559d1"", ""source_reference_id"": ""sha256:6139c18acde58b3ba5aff86a1debd212c1fade31d2ba8a0ce35a748947694a07"", ""source_role"": ""auditor_facts"", ""source_url"": ""https://www.sec.gov/Archives/edgar/data/1048286/000104828626000007/mar-20251231_htm.xml""}], ""status"": ""FOUND""}], ""event_forms"": [""8-K"", ""8-K/A"", ""8-K12B"", ""8-K12B/A""], ""event_item_claims"": [{""attributes"": {""accession"": ""0001048286-25-000011"", ""brief"": ""8-K item 2.02 parsed from hdr.sgml"", ""brief_source"": ""HDR_SGML_ITEM_CODE"", ""deterministic_router_semantic_version"": ""2"", ""event_key"": {""accession"": ""0001048286-25-000011"", ""item_code"": ""2.02"", ""source_url"": ""https://www.sec.gov/Archives/edgar/data/1048286/000104828625000011/0001048286-25-000011.hdr.sgml""}, ""event_key_hash"": ""sha256:8849470afb1d38a75a8a8853cc77930b0c16faf3b27591d9312ec93a358419f1"", ""hdr_source_reference_id"": ""sha256:d4fdf2105a90e20788593ec0dd8922df5d294c1f446c1386216dfa613c20c65b"", ""item_code"": ""2.02"", ""primary_heading_brief"": ""accounting standards provided pursuant to Section 13(a) of the Exchange Act. ☐ Item 2.02. Results of Operations and Financial Condition. Financial Results for the Quarter Ended September 30, 2025 On November 4, 2025, Marriott International, Inc. ( “ Marriott ” ) is issuing a press release reporting financia"", ""primary_source_reference_id"": ""sha256:2f5034de82073cc95a3941f8c9afbfa74013ab23ae81f5bfb1f54b1bb647573b"", ""source_url"": ""https://www.sec.gov/Archives/edgar/data/1048286/000104828625000011/0001048286-25-000011.hdr.sgml""}, ""claim_kind"": ""DETERMINISTIC_8K_ITEM_BRIEF"", ""company_id"": ""marriott_international"", ""locator"": {""brief_source"": ""HDR_SGML_ITEM_CODE"", ""item_code"": ""2.02""}, ""record_type"": ""DETERMINISTIC_VERIFIED_CLAIM"", ""source_reference_id"": ""sha256:d4fdf2105a90e20788593ec0dd8922df5d294c1f446c1386216dfa613c20c65b"", ""source_role"": ""fy_8k_item_inventory"", ""source_set_manifest_id"": ""sha256:f91e53984d1056e7eda78233d1167ecfc7ea315d10c010eb6ce615d142f01f19"", ""unit"": ""text"", ""value"": ""8-K item 2.02 parsed from hdr.sgml"", ""verified_claim_id"": ""sha256:3e434226e21a351420a693fcbf0d913a44fe8c23567639e665767eaa4b5026c9""}, {""attributes"": {""accession"": ""0001048286-25-000011"", ""brief"": ""8-K item 9.01 parsed from hdr.sgml"", ""brief_source"": ""HDR_SGML_ITEM_CODE"", ""deterministic_router_semantic_version"": ""2"", ""event_key"": {""accession"": ""0001048286-25-000011"", ""item_code"": ""9.01"", ""source_url"": ""https://www.sec.gov/Archives/edgar/data/1048286/000104828625000011/0001048286-25-000011.hdr.sgml""}, ""event_key_hash"": ""sha256:08e4c1a1d8177b30354a914e1ed0518903843aec4bb6ddf5cd7fa111792ddb74"", ""hdr_source_reference_id"": ""sha256:d4fdf2105a90e20788593ec0dd8922df5d294c1f446c1386216dfa613c20c65b"", ""item_code"": ""9.01"", ""primary_heading_brief"": ""rriott’s press release is attached as Exhibit 99 and incorporated by reference. Item 9.01. Financial Statements and Exhibits. (d) Exhibits. The following exhibits are furnished with this report: 99 Press release dated November 4 , 2025, reporting financial results for the quarter ended September 30, 2025. 10"", ""primary_source_reference_id"": ""sha256:2f5034de82073cc95a3941f8c9afbfa74013ab23ae81f5bfb1f54b1bb647573b"", ""source_url"": ""https://www.sec.gov/Archives/edgar/data/1048286/000104828625000011/0001048286-25-000011.hdr.sgml""}, ""claim_kind"": ""DETERMINISTIC_8K_ITEM_BRIEF"", ""company_id"": ""marriott_international"", ""locator"": {""brief_source"": ""HDR_SGML_ITEM_CODE"", ""item_code"": ""9.01""}, ""record_type"": ""DETERMINISTIC_VERIFIED_CLAIM"", ""source_reference_id"": ""sha256:d4fdf2105a90e20788593ec0dd8922df5d294c1f446c1386216dfa613c20c65b"", ""source_role"": ""fy_8k_item_inventory"", ""source_set_manifest_id"": ""sha256:f91e53984d1056e7eda78233d1167ecfc7ea315d10c010eb6ce615d142f01f19"", ""unit"": ""text"", ""value"": ""8-K item 9.01 parsed from hdr.sgml"", ""verified_claim_id"": ""sha256:fe162c1b33666957f1018a1caefb9664b69b7e707f98a6009ebb6f5987f5e32b""}, {""attributes"": {""accession"": ""0001193125-25-009110"", ""brief"": ""8-K item 5.02 parsed from hdr.sgml"", ""brief_source"": ""HDR_SGML_ITEM_CODE"", ""deterministic_router_semantic_version"": ""2"", ""event_key"": {""accession"": ""0001193125-25-009110"", ""item_code"": ""5.02"", ""source_url"": ""https://www.sec.gov/Archives/edgar/data/1048286/000119312525009110/0001193125-25-009110.hdr.sgml""}, ""event_key_hash"": ""sha256:ed9880e38ec54dccd80a9f7ce5a960600426598bc5b72f03ea815b9cc25c5bab"", ""hdr_source_reference_id"": ""sha256:36c617d02d818b4902d5acf94a0d1d04d4efd5d3400922c92295f8bbf0c17094"", ""item_code"": ""5.02"", ""primary_heading_brief"": ""accounting standards provided pursuant to Section 13(a) of the Exchange Act. ☐ Item 5.02. Departure of Directors or Certain Officers; Election of Directors; Appointment of Certain Officers; Compensatory Arrangements of Certain Officers. On January 17, 2025, the Board of Directors (the “Board”) of Marriott I"", ""primary_source_reference_id"": ""sha256:e9e24d441b8acd4ada0efe679ab5bfea94f128291f76ab324186d53b449ac655"", ""source_url"": ""https://www.sec.gov/Archives/edgar/data/1048286/000119312525009110/0001193125-25-009110.hdr.sgml""}, ""claim_kind"": ""DETERMINISTIC_8K_ITEM_BRIEF"", ""company_id"": ""marriott_international"", ""locator"": {""brief_source"": ""HDR_SGML_ITEM_CODE"", ""item_code"": ""5.02""}, ""record_type"": ""DETERMINISTIC_VERIFIED_CLAIM"", ""source_reference_id"": ""sha256:36c617d02d818b4902d5acf94a0d1d04d4efd5d3400922c92295f8bbf0c17094"", ""source_role"": ""fy_8k_item_inventory"", ""source_set_manifest_id"": ""sha256:f91e53984d1056e7eda78233d1167ecfc7ea315d10c010eb6ce615d142f01f19"", ""unit"": ""text"", ""value"": ""8-K item 5.02 parsed from hdr.sgml"", ""verified_claim_id"": ""sha256:3b8871097de81e1f01dcce906d7e65c84cba59222d9e908ad00669ad7600e243""}, {""attributes"": {""accession"": ""0001193125-25-009110"", ""brief"": ""8-K item 7.01 parsed from hdr.sgml"", ""brief_source"": ""HDR_SGML_ITEM_CODE"", ""deterministic_router_semantic_version"": ""2"", ""event_key"": {""accession"": ""0001193125-25-009110"", ""item_code"": ""7.01"", ""source_url"": ""https://www.sec.gov/Archives/edgar/data/1048286/000119312525009110/0001193125-25-009110.hdr.sgml""}, ""event_key_hash"": ""sha256:c6f4de1031dc1fc5fc4259a05ed6b668071e0608ad3f629ee0f9e8ea9514ba49"", ""hdr_source_reference_id"": ""sha256:36c617d02d818b4902d5acf94a0d1d04d4efd5d3400922c92295f8bbf0c17094"", ""item_code"": ""7.01"", ""primary_heading_brief"": ""Statement, filed with the Securities and Exchange Commission on March 27, 2024. Item 7.01. Regulation FD Disclosure. A copy of the Company’s press release announcing Mr. Tresvant’s election to the Board is furnished as Exhibit 99. The information in this Item 7.01, including Exhibit 99, is being furnished an"", ""primary_source_reference_id"": ""sha256:e9e24d441b8acd4ada0efe679ab5bfea94f128291f76ab324186d53b449ac655"", ""source_url"": ""https://www.sec.gov/Archives/edgar/data/1048286/000119312525009110/0001193125-25-009110.hdr.sgml""}, ""claim_kind"": ""DETERMINISTIC_8K_ITEM_BRIEF"", ""company_id"": ""marriott_international"", ""locator"": {""brief_source"": ""HDR_SGML_ITEM_CODE"", ""item_code"": ""7.01""}, ""record_type"": ""DETERMINISTIC_VERIFIED_CLAIM"", ""source_reference_id"": ""sha256:36c617d02d818b4902d5acf94a0d1d04d4efd5d3400922c92295f8bbf0c17094"", ""source_role"": ""fy_8k_item_inventory"", ""source_set_manifest_id"": ""sha256:f91e53984d1056e7eda78233d1167ecfc7ea315d10c010eb6ce615d142f01f19"", ""unit"": ""text"", ""value"": ""8-K item 7.01 parsed from hdr.sgml"", ""verified_claim_id"": ""sha256:df9b466f265270d87ea122441da78239f3c04c2afc711d01a8dd1c7d80128df6""}, {""attributes"": {""accession"": ""0001193125-25-009110"", ""brief"": ""8-K item 9.01 parsed from hdr.sgml"", ""brief_source"": ""HDR_SGML_ITEM_CODE"", ""deterministic_router_semantic_version"": ""2"", ""event_key"": {""accession"": ""0001193125-25-009110"", ""item_code"": ""9.01"", ""source_url"": ""https://www.sec.gov/Archives/edgar/data/1048286/000119312525009110/0001193125-25-009110.hdr.sgml""}, ""event_key_hash"": ""sha256:0a10b62843a8d9fdf68dbc17f9eee927961fd6f0d4e700c77ed4e17b0e1f8ff7"", ""hdr_source_reference_id"": ""sha256:36c617d02d818b4902d5acf94a0d1d04d4efd5d3400922c92295f8bbf0c17094"", ""item_code"": ""9.01"", ""primary_heading_brief"": ""by reference into any other filing with the Securities and Exchange Commission. Item 9.01. Financial Statements and Exhibits. (d) Exhibits. The following exhibits are furnished with this report: 99 Press release issued on January 21, 2025. 104 The cover page from this Current Report on Form 8-K, formatted in"", ""primary_source_reference_id"": ""sha256:e9e24d441b8acd4ada0efe679ab5bfea94f128291f76ab324186d53b449ac655"", ""source_url"": ""https://www.sec.gov/Archives/edgar/data/1048286/000119312525009110/0001193125-25-009110.hdr.sgml""}, ""claim_kind"": ""DETERMINISTIC_8K_ITEM_BRIEF"", ""company_id"": ""marriott_international"", ""locator"": {""brief_source"": ""HDR_SGML_ITEM_CODE"", ""item_code"": ""9.01""}, ""record_type"": ""DETERMINISTIC_VERIFIED_CLAIM"", ""source_reference_id"": ""sha256:36c617d02d818b4902d5acf94a0d1d04d4efd5d3400922c92295f8bbf0c17094"", ""source_role"": ""fy_8k_item_inventory"", ""source_set_manifest_id"": ""sha256:f91e53984d1056e7eda78233d1167ecfc7ea315d10c010eb6ce615d142f01f19"", ""unit"": ""text"", ""value"": ""8-K item 9.01 parsed from hdr.sgml"", ""verified_claim_id"": ""sha256:5e0ee4a9f9a29e1a38896dad11bbcd26c2305f9e2ff03c2d6908c94d4c4bbb8e""}, {""attributes"": {""accession"": ""0001193125-25-036732"", ""brief"": ""8-K item 8.01 parsed from hdr.sgml"", ""brief_source"": ""HDR_SGML_ITEM_CODE"", ""deterministic_router_semantic_version"": ""2"", ""event_key"": {""accession"": ""0001193125-25-036732"", ""item_code"": ""8.01"", ""source_url"": ""https://www.sec.gov/Archives/edgar/data/1048286/000119312525036732/0001193125-25-036732.hdr.sgml""}, ""event_key_hash"": ""sha256:ba64a0ad37799ed3bb974a1bc1cadbd5b7c6848e3aed25836c12c740d4d42a04"", ""hdr_source_reference_id"": ""sha256:1f83e50639e251e30a9d72aa512b92666a3d1238a9c34f9afe4b101057dae5cf"", ""item_code"": ""8.01"", ""primary_heading_brief"": ""accounting standards provided pursuant to Section 13(a) of the Exchange Act. ☐ Item 8.01. Other Events. On February 24, 2025, Marriott International, Inc. (“we”) entered into a Terms Agreement with BofA Securities, Inc., Fifth Third Securities, Inc., TD Securities (USA) LLC, U.S. Bancorp Investments, Inc. a"", ""primary_source_reference_id"": ""sha256:36aaee45603a92559dc33f05bdc2dbeacf01b6281db974c39980942ea23282c8"", ""source_url"": ""https://www.sec.gov/Archives/edgar/data/1048286/000119312525036732/0001193125-25-036732.hdr.sgml""}, ""claim_kind"": ""DETERMINISTIC_8K_ITEM_BRIEF"", ""company_id"": ""marriott_international"", ""locator"": {""brief_source"": ""HDR_SGML_ITEM_CODE"", ""item_code"": ""8.01""}, ""record_type"": ""DETERMINISTIC_VERIFIED_CLAIM"", ""source_reference_id"": ""sha256:1f83e50639e251e30a9d72aa512b92666a3d1238a9c34f9afe4b101057dae5cf"", ""source_role"": ""fy_8k_item_inventory"", ""source_set_manifest_id"": ""sha256:f91e53984d1056e7eda78233d1167ecfc7ea315d10c010eb6ce615d142f01f19"", ""unit"": ""text"", ""value"": ""8-K item 8.01 parsed from hdr.sgml"", ""verified_claim_id"": ""sha256:a47d185b7eb2c2e1fbce4a308f3faa52c61990992d9d7bddd694b6fc5371ddfe""}, {""attributes"": {""accession"": ""0001193125-25-036732"", ""brief"": ""8-K item 9.01 parsed from hdr.sgml"", ""brief_source"": ""HDR_SGML_ITEM_CODE"", ""deterministic_router_semantic_version"": ""2"", ""event_key"": {""accession"": ""0001193125-25-036732"", ""item_code"": ""9.01"", ""source_url"": ""https://www.sec.gov/Archives/edgar/data/1048286/000119312525036732/0001193125-25-036732.hdr.sgml""}, ""event_key_hash"": ""sha256:dc262ba7fc649c0e0d6b9fe6cc51ccc1b11f8ca4adbe759f2df33cc98971be01"", ""hdr_source_reference_id"": ""sha256:1f83e50639e251e30a9d72aa512b92666a3d1238a9c34f9afe4b101057dae5cf"", ""item_code"": ""9.01"", ""primary_heading_brief"": ""or the purpose of incorporating them as exhibits to the Registration Statement. Item 9.01. Financial Statements and Exhibits. (d) Exhibits. The following exhibits are filed with this report: 1.1 Terms Agreement, dated February 24, 2025, among Marriott International, Inc. and the Underwriters named therein. 4"", ""primary_source_reference_id"": ""sha256:36aaee45603a92559dc33f05bdc2dbeacf01b6281db974c39980942ea23282c8"", ""source_url"": ""https://www.sec.gov/Archives/edgar/data/1048286/000119312525036732/0001193125-25-036732.hdr.sgml""}, ""claim_kind"": ""DETERMINISTIC_8K_ITEM_BRIEF"", ""company_id"": ""marriott_international"", ""locator"": {""brief_source"": ""HDR_SGML_ITEM_CODE"", ""item_code"": ""9.01""}, ""record_type"": ""DETERMINISTIC_VERIFIED_CLAIM"", ""source_reference_id"": ""sha256:1f83e50639e251e30a9d72aa512b92666a3d1238a9c34f9afe4b101057dae5cf"", ""source_role"": ""fy_8k_item_inventory"", ""source_set_manifest_id"": ""sha256:f91e53984d1056e7eda78233d1167ecfc7ea315d10c010eb6ce615d142f01f19"", ""unit"": ""text"", ""value"": ""8-K item 9.01 parsed from hdr.sgml"", ""verified_claim_id"": ""sha256:2982d21baa747952c109a37b27183c54eb798325602b94ed6f9bc5041d68d0dc""}, {""attributes"": {""accession"": ""0001193125-25-118853"", ""brief"": ""8-K item 5.07 parsed from hdr.sgml"", ""brief_source"": ""HDR_SGML_ITEM_CODE"", ""deterministic_router_semantic_version"": ""2"", ""event_key"": {""accession"": ""0001193125-25-118853"", ""item_code"": ""5.07"", ""source_url"": ""https://www.sec.gov/Archives/edgar/data/1048286/000119312525118853/0001193125-25-118853.hdr.sgml""}, ""event_key_hash"": ""sha256:424efce44f88d976527e50ffbf29932247060f16c73bd58a7205115b627fc17e"", ""hdr_source_reference_id"": ""sha256:cf130d2988d1fb9f249c865230b00afbe0e54cc31af3a7efc93a336c736927fa"", ""item_code"": ""5.07"", ""primary_heading_brief"": ""l accounting standards provided pursuant to Section 13(a) of the Exchange Act ☐ Item 5.07. Submission of Matters to a Vote of Security Holders. On May 9, 2025, Marriott International, Inc. (“Marriott”) held its Annual Meeting of Stockholders. Marriott’s stockholders voted on the items outlined in the 2025 Pr"", ""primary_source_reference_id"": ""sha256:ee0c8e4b30d3ca31a613009dc7e2a96a7f643b5cb9aa9405490903577311f348"", ""source_url"": ""https://www.sec.gov/Archives/edgar/data/1048286/000119312525118853/0001193125-25-118853.hdr.sgml""}, ""claim_kind"": ""DETERMINISTIC_8K_ITEM_BRIEF"", ""company_id"": ""marriott_international"", ""locator"": {""brief_source"": ""HDR_SGML_ITEM_CODE"", ""item_code"": ""5.07""}, ""record_type"": ""DETERMINISTIC_VERIFIED_CLAIM"", ""source_reference_id"": ""sha256:cf130d2988d1fb9f249c865230b00afbe0e54cc31af3a7efc93a336c736927fa"", ""source_role"": ""fy_8k_item_inventory"", ""source_set_manifest_id"": ""sha256:f91e53984d1056e7eda78233d1167ecfc7ea315d10c010eb6ce615d142f01f19"", ""unit"": ""text"", ""value"": ""8-K item 5.07 parsed from hdr.sgml"", ""verified_claim_id"": ""sha256:acea325be8c63ced620f6ec5910693c7c013ea81a88177b882065dff562084e4""}, {""attributes"": {""accession"": ""0001193125-25-118861"", ""brief"": ""8-K item 5.02 parsed from hdr.sgml"", ""brief_source"": ""HDR_SGML_ITEM_CODE"", ""deterministic_router_semantic_version"": ""2"", ""event_key"": {""accession"": ""0001193125-25-118861"", ""item_code"": ""5.02"", ""source_url"": ""https://www.sec.gov/Archives/edgar/data/1048286/000119312525118861/0001193125-25-118861.hdr.sgml""}, ""event_key_hash"": ""sha256:0751e7d536fe8c72bc7f85612089263b810b70e31ea72c554bfd7ce385cc2b57"", ""hdr_source_reference_id"": ""sha256:2afc5ddf640c0aaa4cb4142cb7a0d46731c1d8f777997290321cee9e191449d9"", ""item_code"": ""5.02"", ""primary_heading_brief"": ""accounting standards provided pursuant to Section 13(a) of the Exchange Act. ☐ Item 5.02. Departure of Directors or Certain Officers; Election of Directors; Appointment of Certain Officers; Compensatory Arrangements of Certain Officers. Marriott International, Inc. (the “Company”) filed a Current Report on"", ""primary_source_reference_id"": ""sha256:64a6300d558b6ed3b230cbc3e191503f47a828cb002c572c57a96bcf078f0d3d"", ""source_url"": ""https://www.sec.gov/Archives/edgar/data/1048286/000119312525118861/0001193125-25-118861.hdr.sgml""}, ""claim_kind"": ""DETERMINISTIC_8K_ITEM_BRIEF"", ""company_id"": ""marriott_international"", ""locator"": {""brief_source"": ""HDR_SGML_ITEM_CODE"", ""item_code"": ""5.02""}, ""record_type"": ""DETERMINISTIC_VERIFIED_CLAIM"", ""source_reference_id"": ""sha256:2afc5ddf640c0aaa4cb4142cb7a0d46731c1d8f777997290321cee9e191449d9"", ""source_role"": ""fy_8k_item_inventory"", ""source_set_manifest_id"": ""sha256:f91e53984d1056e7eda78233d1167ecfc7ea315d10c010eb6ce615d142f01f19"", ""unit"": ""text"", ""value"": ""8-K item 5.02 parsed from hdr.sgml"", ""verified_claim_id"": ""sha256:d0a518b0ce4d46ccdccbeb6246a5be9a2c79534418f86138514be612f4615b3b""}, {""attributes"": {""accession"": ""0001193125-25-158742"", ""brief"": ""8-K item 5.02 parsed from hdr.sgml"", ""brief_source"": ""HDR_SGML_ITEM_CODE"", ""deterministic_router_semantic_version"": ""2"", ""event_key"": {""accession"": ""0001193125-25-158742"", ""item_code"": ""5.02"", ""source_url"": ""https://www.sec.gov/Archives/edgar/data/1048286/000119312525158742/0001193125-25-158742.hdr.sgml""}, ""event_key_hash"": ""sha256:241d743805871a434fb26a1123bf1af2bec6fcc650d887738ad95006a5acfaf3"", ""hdr_source_reference_id"": ""sha256:87109107b65e3837910d65360fdbd0f86f569c832c94c35dc8f477db39c33cfc"", ""item_code"": ""5.02"", ""primary_heading_brief"": ""l accounting standards provided pursuant to Section 13(a) of the Exchange Act ☐ Item 5.02. Departure of Directors or Certain Officers; Election of Directors; Appointment of Certain Officers; Compensatory Arrangements of Certain Officers. On July 11, 2025, Kathleen K. Oberg, Chief Financial Officer and Execut"", ""primary_source_reference_id"": ""sha256:b40feb7d686d1712e232352c0119993620b6b6ec6ac5def8ca52bbdd23364083"", ""source_url"": ""https://www.sec.gov/Archives/edgar/data/1048286/000119312525158742/0001193125-25-158742.hdr.sgml""}, ""claim_kind"": ""DETERMINISTIC_8K_ITEM_BRIEF"", ""company_id"": ""marriott_international"", ""locator"": {""brief_source"": ""HDR_SGML_ITEM_CODE"", ""item_code"": ""5.02""}, ""record_type"": ""DETERMINISTIC_VERIFIED_CLAIM"", ""source_reference_id"": ""sha256:87109107b65e3837910d65360fdbd0f86f569c832c94c35dc8f477db39c33cfc"", ""source_role"": ""fy_8k_item_inventory"", ""source_set_manifest_id"": ""sha256:f91e53984d1056e7eda78233d1167ecfc7ea315d10c010eb6ce615d142f01f19"", ""unit"": ""text"", ""value"": ""8-K item 5.02 parsed from hdr.sgml"", ""verified_claim_id"": ""sha256:e6bf391cc6b0c00153c7d76e8d8991ad3a170ff145d4fbc57d41eec2d6669729""}, {""attributes"": {""accession"": ""0001193125-25-158742"", ""brief"": ""8-K item 7.01 parsed from hdr.sgml"", ""brief_source"": ""HDR_SGML_ITEM_CODE"", ""deterministic_router_semantic_version"": ""2"", ""event_key"": {""accession"": ""0001193125-25-158742"", ""item_code"": ""7.01"", ""source_url"": ""https://www.sec.gov/Archives/edgar/data/1048286/000119312525158742/0001193125-25-158742.hdr.sgml""}, ""event_key_hash"": ""sha256:3501721fda7d954fe9ac55e5d01bcd892006384ba4ff8d78d53106397c63ffe1"", ""hdr_source_reference_id"": ""sha256:87109107b65e3837910d65360fdbd0f86f569c832c94c35dc8f477db39c33cfc"", ""item_code"": ""7.01"", ""primary_heading_brief"": ""of Business Administration from The Wharton School, University of Pennsylvania. Item 7.01. Regulation FD Disclosure. A copy of the press release announcing the retirement of Ms. Oberg from the company, the appointment of Ms. Mason, and certain other company leadership appointments is furnished as Exhibit 99."", ""primary_source_reference_id"": ""sha256:b40feb7d686d1712e232352c0119993620b6b6ec6ac5def8ca52bbdd23364083"", ""source_url"": ""https://www.sec.gov/Archives/edgar/data/1048286/000119312525158742/0001193125-25-158742.hdr.sgml""}, ""claim_kind"": ""DETERMINISTIC_8K_ITEM_BRIEF"", ""company_id"": ""marriott_international"", ""locator"": {""brief_source"": ""HDR_SGML_ITEM_CODE"", ""item_code"": ""7.01""}, ""record_type"": ""DETERMINISTIC_VERIFIED_CLAIM"", ""source_reference_id"": ""sha256:87109107b65e3837910d65360fdbd0f86f569c832c94c35dc8f477db39c33cfc"", ""source_role"": ""fy_8k_item_inventory"", ""source_set_manifest_id"": ""sha256:f91e53984d1056e7eda78233d1167ecfc7ea315d10c010eb6ce615d142f01f19"", ""unit"": ""text"", ""value"": ""8-K item 7.01 parsed from hdr.sgml"", ""verified_claim_id"": ""sha256:5558e2f50d7bf7d1f7305f43c0ca469ddeeb30f7b870ebc6052acaadafb643f0""}, {""attributes"": {""accession"": ""0001193125-25-158742"", ""brief"": ""8-K item 9.01 parsed from hdr.sgml"", ""brief_source"": ""HDR_SGML_ITEM_CODE"", ""deterministic_router_semantic_version"": ""2"", ""event_key"": {""accession"": ""0001193125-25-158742"", ""item_code"": ""9.01"", ""source_url"": ""https://www.sec.gov/Archives/edgar/data/1048286/000119312525158742/0001193125-25-158742.hdr.sgml""}, ""event_key_hash"": ""sha256:530cbec38af00dbbd304f5b1176c25e59e9aa6ff08668c7a4860531e0698120a"", ""hdr_source_reference_id"": ""sha256:87109107b65e3837910d65360fdbd0f86f569c832c94c35dc8f477db39c33cfc"", ""item_code"": ""9.01"", ""primary_heading_brief"": ""by reference into any other filing with the Securities and Exchange Commission. Item 9.01 Financial Statements and Exhibits (d) Exhibits. The following exhibits are furnished with this report: 99.1 Press release issued on July 14, 2025. 104 The cover page from this Current Report on Form 8-K, formatted in In"", ""primary_source_reference_id"": ""sha256:b40feb7d686d1712e232352c0119993620b6b6ec6ac5def8ca52bbdd23364083"", ""source_url"": ""https://www.sec.gov/Archives/edgar/data/1048286/000119312525158742/0001193125-25-158742.hdr.sgml""}, ""claim_kind"": ""DETERMINISTIC_8K_ITEM_BRIEF"", ""company_id"": ""marriott_international"", ""locator"": {""brief_source"": ""HDR_SGML_ITEM_CODE"", ""item_code"": ""9.01""}, ""record_type"": ""DETERMINISTIC_VERIFIED_CLAIM"", ""source_reference_id"": ""sha256:87109107b65e3837910d65360fdbd0f86f569c832c94c35dc8f477db39c33cfc"", ""source_role"": ""fy_8k_item_inventory"", ""source_set_manifest_id"": ""sha256:f91e53984d1056e7eda78233d1167ecfc7ea315d10c010eb6ce615d142f01f19"", ""unit"": ""text"", ""value"": ""8-K item 9.01 parsed from hdr.sgml"", ""verified_claim_id"": ""sha256:17c4d76b16f07f6fc61df09f1adb2a099c8d0b370e19c7db0d46779b4c06aed3""}, {""attributes"": {""accession"": ""0001193125-25-184082"", ""brief"": ""8-K item 8.01 parsed from hdr.sgml"", ""brief_source"": ""HDR_SGML_ITEM_CODE"", ""deterministic_router_semantic_version"": ""2"", ""event_key"": {""accession"": ""0001193125-25-184082"", ""item_code"": ""8.01"", ""source_url"": ""https://www.sec.gov/Archives/edgar/data/1048286/000119312525184082/0001193125-25-184082.hdr.sgml""}, ""event_key_hash"": ""sha256:6e60e2a478677a8eb246420903259dc1f4c131e7a7f261d393b6f1babfafc58e"", ""hdr_source_reference_id"": ""sha256:38d839367e9e4abfd3e2ebb4ddc32a2f53e5a3bf74d9338be0c1059bb33efbb3"", ""item_code"": ""8.01"", ""primary_heading_brief"": ""accounting standards provided pursuant to Section 13(a) of the Exchange Act. ☐ Item 8.01. Other Events. On August 18, 2025, Marriott International, Inc. (“we”) entered into a Terms Agreement with Wells Fargo Securities, LLC, PNC Capital Markets LLC, Scotia Capital (USA) Inc., Truist Securities, Inc. and the"", ""primary_source_reference_id"": ""sha256:81500619ec794bf93b0992dde23d029d41adbba885d35c2dea1e705443c183fb"", ""source_url"": ""https://www.sec.gov/Archives/edgar/data/1048286/000119312525184082/0001193125-25-184082.hdr.sgml""}, ""claim_kind"": ""DETERMINISTIC_8K_ITEM_BRIEF"", ""company_id"": ""marriott_international"", ""locator"": {""brief_source"": ""HDR_SGML_ITEM_CODE"", ""item_code"": ""8.01""}, ""record_type"": ""DETERMINISTIC_VERIFIED_CLAIM"", ""source_reference_id"": ""sha256:38d839367e9e4abfd3e2ebb4ddc32a2f53e5a3bf74d9338be0c1059bb33efbb3"", ""source_role"": ""fy_8k_item_inventory"", ""source_set_manifest_id"": ""sha256:f91e53984d1056e7eda78233d1167ecfc7ea315d10c010eb6ce615d142f01f19"", ""unit"": ""text"", ""value"": ""8-K item 8.01 parsed from hdr.sgml"", ""verified_claim_id"": ""sha256:35185e0072896a5090ce4073a99a618f6fb5207be2eb827e31aad87a67aae3b2""}, {""attributes"": {""accession"": ""0001193125-25-184082"", ""brief"": ""8-K item 9.01 parsed from hdr.sgml"", ""brief_source"": ""HDR_SGML_ITEM_CODE"", ""deterministic_router_semantic_version"": ""2"", ""event_key"": {""accession"": ""0001193125-25-184082"", ""item_code"": ""9.01"", ""source_url"": ""https://www.sec.gov/Archives/edgar/data/1048286/000119312525184082/0001193125-25-184082.hdr.sgml""}, ""event_key_hash"": ""sha256:9e6ebaba0c33b51e083404dc08bccbb78f87f8e605c2ee495bbfdb879b2a2ad0"", ""hdr_source_reference_id"": ""sha256:38d839367e9e4abfd3e2ebb4ddc32a2f53e5a3bf74d9338be0c1059bb33efbb3"", ""item_code"": ""9.01"", ""primary_heading_brief"": ""or the purpose of incorporating them as exhibits to the Registration Statement. Item 9.01. Financial Statements and Exhibits. (d) Exhibits. The following exhibits are filed with this report: 1.1 Terms Agreement, dated August 18, 2025, among Marriott International, Inc. and the Underwriters named therein. 4.1"", ""primary_source_reference_id"": ""sha256:81500619ec794bf93b0992dde23d029d41adbba885d35c2dea1e705443c183fb"", ""source_url"": ""https://www.sec.gov/Archives/edgar/data/1048286/000119312525184082/0001193125-25-184082.hdr.sgml""}, ""claim_kind"": ""DETERMINISTIC_8K_ITEM_BRIEF"", ""company_id"": ""marriott_international"", ""locator"": {""brief_source"": ""HDR_SGML_ITEM_CODE"", ""item_code"": ""9.01""}, ""record_type"": ""DETERMINISTIC_VERIFIED_CLAIM"", ""source_reference_id"": ""sha256:38d839367e9e4abfd3e2ebb4ddc32a2f53e5a3bf74d9338be0c1059bb33efbb3"", ""source_role"": ""fy_8k_item_inventory"", ""source_set_manifest_id"": ""sha256:f91e53984d1056e7eda78233d1167ecfc7ea315d10c010eb6ce615d142f01f19"", ""unit"": ""text"", ""value"": ""8-K item 9.01 parsed from hdr.sgml"", ""verified_claim_id"": ""sha256:5ebe434b3a09fb6d947964295c68d39717851e832acd1e30960256694889035c""}, {""attributes"": {""accession"": ""0001628280-25-004772"", ""brief"": ""8-K item 2.02 parsed from hdr.sgml"", ""brief_source"": ""HDR_SGML_ITEM_CODE"", ""deterministic_router_semantic_version"": ""2"", ""event_key"": {""accession"": ""0001628280-25-004772"", ""item_code"": ""2.02"", ""source_url"": ""https://www.sec.gov/Archives/edgar/data/1048286/000162828025004772/0001628280-25-004772.hdr.sgml""}, ""event_key_hash"": ""sha256:7c196d6c6b1d79ce0358aaa3102532bc67424b91c1e7d5ef74773df78b5e7357"", ""hdr_source_reference_id"": ""sha256:60936afcc1962b3f09c405897c949eb586c262d02fdcd5e316511733012058eb"", ""item_code"": ""2.02"", ""primary_heading_brief"": ""accounting standards provided pursuant to Section 13(a) of the Exchange Act. ☐ Item 2.02. Results of Operations and Financial Condition. Financial Results for the Quarter and Year Ended December 31, 2024 Marriott International, Inc. ( “ Marriott ” ) issued a press release reporting financial results for the"", ""primary_source_reference_id"": ""sha256:9f5f13c37ddc067d22be465a6407bbf8989370dbcb4e51f50e38fa38acac9a8a"", ""source_url"": ""https://www.sec.gov/Archives/edgar/data/1048286/000162828025004772/0001628280-25-004772.hdr.sgml""}, ""claim_kind"": ""DETERMINISTIC_8K_ITEM_BRIEF"", ""company_id"": ""marriott_international"", ""locator"": {""brief_source"": ""HDR_SGML_ITEM_CODE"", ""item_code"": ""2.02""}, ""record_type"": ""DETERMINISTIC_VERIFIED_CLAIM"", ""source_reference_id"": ""sha256:60936afcc1962b3f09c405897c949eb586c262d02fdcd5e316511733012058eb"", ""source_role"": ""fy_8k_item_inventory"", ""source_set_manifest_id"": ""sha256:f91e53984d1056e7eda78233d1167ecfc7ea315d10c010eb6ce615d142f01f19"", ""unit"": ""text"", ""value"": ""8-K item 2.02 parsed from hdr.sgml"", ""verified_claim_id"": ""sha256:5a6973cee2e5f12b0557884e1c5aac6dfa51993bdbf128969db413139e21cf39""}, {""attributes"": {""accession"": ""0001628280-25-004772"", ""brief"": ""8-K item 9.01 parsed from hdr.sgml"", ""brief_source"": ""HDR_SGML_ITEM_CODE"", ""deterministic_router_semantic_version"": ""2"", ""event_key"": {""accession"": ""0001628280-25-004772"", ""item_code"": ""9.01"", ""source_url"": ""https://www.sec.gov/Archives/edgar/data/1048286/000162828025004772/0001628280-25-004772.hdr.sgml""}, ""event_key_hash"": ""sha256:181760e41a23227a880e9b6953217550202479c83d66feef654296973b050602"", ""hdr_source_reference_id"": ""sha256:60936afcc1962b3f09c405897c949eb586c262d02fdcd5e316511733012058eb"", ""item_code"": ""9.01"", ""primary_heading_brief"": ""rriott’s press release is attached as Exhibit 99 and incorporated by reference. Item 9.01. Financial Statements and Exhibits. (d) Exhibits. The following exhibits are furnished with this report: 99 Press release dated February 11, 2025, reporting financial results for the quarter and year ended December 31,"", ""primary_source_reference_id"": ""sha256:9f5f13c37ddc067d22be465a6407bbf8989370dbcb4e51f50e38fa38acac9a8a"", ""source_url"": ""https://www.sec.gov/Archives/edgar/data/1048286/000162828025004772/0001628280-25-004772.hdr.sgml""}, ""claim_kind"": ""DETERMINISTIC_8K_ITEM_BRIEF"", ""company_id"": ""marriott_international"", ""locator"": {""brief_source"": ""HDR_SGML_ITEM_CODE"", ""item_code"": ""9.01""}, ""record_type"": ""DETERMINISTIC_VERIFIED_CLAIM"", ""source_reference_id"": ""sha256:60936afcc1962b3f09c405897c949eb586c262d02fdcd5e316511733012058eb"", ""source_role"": ""fy_8k_item_inventory"", ""source_set_manifest_id"": ""sha256:f91e53984d1056e7eda78233d1167ecfc7ea315d10c010eb6ce615d142f01f19"", ""unit"": ""text"", ""value"": ""8-K item 9.01 parsed from hdr.sgml"", ""verified_claim_id"": ""sha256:6329089cfc7d46ef90ce91a7ebee76d4f64eff8f863699ee1db5cd5f0ace5a9b""}, {""attributes"": {""accession"": ""0001628280-25-022390"", ""brief"": ""8-K item 2.02 parsed from hdr.sgml"", ""brief_source"": ""HDR_SGML_ITEM_CODE"", ""deterministic_router_semantic_version"": ""2"", ""event_key"": {""accession"": ""0001628280-25-022390"", ""item_code"": ""2.02"", ""source_url"": ""https://www.sec.gov/Archives/edgar/data/1048286/000162828025022390/0001628280-25-022390.hdr.sgml""}, ""event_key_hash"": ""sha256:83178c5543c0ef052e9fd38c8b5c99884520918680b77bef455823860b991c10"", ""hdr_source_reference_id"": ""sha256:61a6a86137f6a970ed09f81a01e7f1635fd9245a556be6e5987a840f7b605ece"", ""item_code"": ""2.02"", ""primary_heading_brief"": ""accounting standards provided pursuant to Section 13(a) of the Exchange Act. ☐ Item 2.02. Results of Operations and Financial Condition. Financial Results for the Quarter Ended March 31, 2025 On May 6, 2025 , Marriott International, Inc. ( “ Marriott ” ) is issuing a press release reporting financial result"", ""primary_source_reference_id"": ""sha256:392df5da6c2c026de0ff94468aa44b64c804fa215de3e7dd8fd23067a92eeb80"", ""source_url"": ""https://www.sec.gov/Archives/edgar/data/1048286/000162828025022390/0001628280-25-022390.hdr.sgml""}, ""claim_kind"": ""DETERMINISTIC_8K_ITEM_BRIEF"", ""company_id"": ""marriott_international"", ""locator"": {""brief_source"": ""HDR_SGML_ITEM_CODE"", ""item_code"": ""2.02""}, ""record_type"": ""DETERMINISTIC_VERIFIED_CLAIM"", ""source_reference_id"": ""sha256:61a6a86137f6a970ed09f81a01e7f1635fd9245a556be6e5987a840f7b605ece"", ""source_role"": ""fy_8k_item_inventory"", ""source_set_manifest_id"": ""sha256:f91e53984d1056e7eda78233d1167ecfc7ea315d10c010eb6ce615d142f01f19"", ""unit"": ""text"", ""value"": ""8-K item 2.02 parsed from hdr.sgml"", ""verified_claim_id"": ""sha256:2bc72907a7a82b1bf11debebcd403157a8e49cc79263b7bfb752f11e326dc6bb""}, {""attributes"": {""accession"": ""0001628280-25-022390"", ""brief"": ""8-K item 9.01 parsed from hdr.sgml"", ""brief_source"": ""HDR_SGML_ITEM_CODE"", ""deterministic_router_semantic_version"": ""2"", ""event_key"": {""accession"": ""0001628280-25-022390"", ""item_code"": ""9.01"", ""source_url"": ""https://www.sec.gov/Archives/edgar/data/1048286/000162828025022390/0001628280-25-022390.hdr.sgml""}, ""event_key_hash"": ""sha256:70c933758a32d943ed01840c2bf9e4efc99ba32c6db1188cab123d5a3213cf7a"", ""hdr_source_reference_id"": ""sha256:61a6a86137f6a970ed09f81a01e7f1635fd9245a556be6e5987a840f7b605ece"", ""item_code"": ""9.01"", ""primary_heading_brief"": ""rriott’s press release is attached as Exhibit 99 and incorporated by reference. Item 9.01. Financial Statements and Exhibits. (d) Exhibits. The following exhibits are furnished with this report: 99 Press release dated May 6, 2025 , reporting financial results for the quarter ended March 31, 202 5 . 104 The c"", ""primary_source_reference_id"": ""sha256:392df5da6c2c026de0ff94468aa44b64c804fa215de3e7dd8fd23067a92eeb80"", ""source_url"": ""https://www.sec.gov/Archives/edgar/data/1048286/000162828025022390/0001628280-25-022390.hdr.sgml""}, ""claim_kind"": ""DETERMINISTIC_8K_ITEM_BRIEF"", ""company_id"": ""marriott_international"", ""locator"": {""brief_source"": ""HDR_SGML_ITEM_CODE"", ""item_code"": ""9.01""}, ""record_type"": ""DETERMINISTIC_VERIFIED_CLAIM"", ""source_reference_id"": ""sha256:61a6a86137f6a970ed09f81a01e7f1635fd9245a556be6e5987a840f7b605ece"", ""source_role"": ""fy_8k_item_inventory"", ""source_set_manifest_id"": ""sha256:f91e53984d1056e7eda78233d1167ecfc7ea315d10c010eb6ce615d142f01f19"", ""unit"": ""text"", ""value"": ""8-K item 9.01 parsed from hdr.sgml"", ""verified_claim_id"": ""sha256:e764ee3c1f2fb071c1126b75e6a685c180e6a8b73c206c3504854c92deb1ee94""}, {""attributes"": {""accession"": ""0001628280-25-037592"", ""brief"": ""8-K item 2.02 parsed from hdr.sgml"", ""brief_source"": ""HDR_SGML_ITEM_CODE"", ""deterministic_router_semantic_version"": ""2"", ""event_key"": {""accession"": ""0001628280-25-037592"", ""item_code"": ""2.02"", ""source_url"": ""https://www.sec.gov/Archives/edgar/data/1048286/000162828025037592/0001628280-25-037592.hdr.sgml""}, ""event_key_hash"": ""sha256:ac14323c46e3196a31eff9eab24d9f144bd3d39e57d95f71a4247bb040ed4c01"", ""hdr_source_reference_id"": ""sha256:04bb0255f0a10aaf9794d06b52cc4cbb45f4a45b8717df332bca22cd3741e8c0"", ""item_code"": ""2.02"", ""primary_heading_brief"": ""accounting standards provided pursuant to Section 13(a) of the Exchange Act. ☐ Item 2.02. Results of Operations and Financial Condition. Financial Results for the Quarter Ended June 30, 2025 On August 5, 2025, Marriott International, Inc. ( “ Marriott ” ) is issuing a press release reporting financial resul"", ""primary_source_reference_id"": ""sha256:129213e529e3c4095c6f3ea680ffd30eea0bf2092a0a8af36781a30608ebcb2f"", ""source_url"": ""https://www.sec.gov/Archives/edgar/data/1048286/000162828025037592/0001628280-25-037592.hdr.sgml""}, ""claim_kind"": ""DETERMINISTIC_8K_ITEM_BRIEF"", ""company_id"": ""marriott_international"", ""locator"": {""brief_source"": ""HDR_SGML_ITEM_CODE"", ""item_code"": ""2.02""}, ""record_type"": ""DETERMINISTIC_VERIFIED_CLAIM"", ""source_reference_id"": ""sha256:04bb0255f0a10aaf9794d06b52cc4cbb45f4a45b8717df332bca22cd3741e8c0"", ""source_role"": ""fy_8k_item_inventory"", ""source_set_manifest_id"": ""sha256:f91e53984d1056e7eda78233d1167ecfc7ea315d10c010eb6ce615d142f01f19"", ""unit"": ""text"", ""value"": ""8-K item 2.02 parsed from hdr.sgml"", ""verified_claim_id"": ""sha256:10f50b0da626f1e0640fa1a41d6df927e1464d566e1c8f5548be983cbe9a26e2""}, {""attributes"": {""accession"": ""0001628280-25-037592"", ""brief"": ""8-K item 9.01 parsed from hdr.sgml"", ""brief_source"": ""HDR_SGML_ITEM_CODE"", ""deterministic_router_semantic_version"": ""2"", ""event_key"": {""accession"": ""0001628280-25-037592"", ""item_code"": ""9.01"", ""source_url"": ""https://www.sec.gov/Archives/edgar/data/1048286/000162828025037592/0001628280-25-037592.hdr.sgml""}, ""event_key_hash"": ""sha256:1f3abe303cbb86f5732eb3d4da66b877a52102fe11fbb8bd6596b3f28e506a9c"", ""hdr_source_reference_id"": ""sha256:04bb0255f0a10aaf9794d06b52cc4cbb45f4a45b8717df332bca22cd3741e8c0"", ""item_code"": ""9.01"", ""primary_heading_brief"": ""rriott’s press release is attached as Exhibit 99 and incorporated by reference. Item 9.01. Financial Statements and Exhibits. (d) Exhibits. The following exhibits are furnished with this report: 99 Press release dated August 5 , 2025, reporting financial results for the quarter ended June 30 , 2025. 104 The"", ""primary_source_reference_id"": ""sha256:129213e529e3c4095c6f3ea680ffd30eea0bf2092a0a8af36781a30608ebcb2f"", ""source_url"": ""https://www.sec.gov/Archives/edgar/data/1048286/000162828025037592/0001628280-25-037592.hdr.sgml""}, ""claim_kind"": ""DETERMINISTIC_8K_ITEM_BRIEF"", ""company_id"": ""marriott_international"", ""locator"": {""brief_source"": ""HDR_SGML_ITEM_CODE"", ""item_code"": ""9.01""}, ""record_type"": ""DETERMINISTIC_VERIFIED_CLAIM"", ""source_reference_id"": ""sha256:04bb0255f0a10aaf9794d06b52cc4cbb45f4a45b8717df332bca22cd3741e8c0"", ""source_role"": ""fy_8k_item_inventory"", ""source_set_manifest_id"": ""sha256:f91e53984d1056e7eda78233d1167ecfc7ea315d10c010eb6ce615d142f01f19"", ""unit"": ""text"", ""value"": ""8-K item 9.01 parsed from hdr.sgml"", ""verified_claim_id"": ""sha256:4b4c097a01b31e54f362858a2435a3dcddca4fd18b65a6c8964392b9b0671267""}], ""event_source_set_manifest"": {""company_id"": ""marriott_international"", ""cutoff_timestamp_or_pinned_submissions_attempt"": ""request:attempt:13ea47c70c47fae64b6fab631382d8de30d955c4f192b8f0490118a49729ec61"", ""discovered_accession_set_hash"": ""sha256:4194f5040472ebea8955d9656f58a0a22b8460d40b392e4bc3cd23845b544c95"", ""discovery_policy"": ""PINNED_SUBMISSIONS"", ""fiscal_or_date_window"": {""period_end"": ""2025-12-31"", ""period_start"": ""2025-01-01""}, ""form_types"": [""8-K"", ""8-K/A"", ""8-K12B"", ""8-K12B/A""], ""inventory_source_reference_id"": ""sha256:5fbed365804130c17c75d2f0c910feb4d114758697e4b327f9c79021c86fe7f9"", ""ordered_source_reference_ids"": [""sha256:36c617d02d818b4902d5acf94a0d1d04d4efd5d3400922c92295f8bbf0c17094"", ""sha256:e9e24d441b8acd4ada0efe679ab5bfea94f128291f76ab324186d53b449ac655"", ""sha256:60936afcc1962b3f09c405897c949eb586c262d02fdcd5e316511733012058eb"", ""sha256:9f5f13c37ddc067d22be465a6407bbf8989370dbcb4e51f50e38fa38acac9a8a"", ""sha256:1f83e50639e251e30a9d72aa512b92666a3d1238a9c34f9afe4b101057dae5cf"", ""sha256:36aaee45603a92559dc33f05bdc2dbeacf01b6281db974c39980942ea23282c8"", ""sha256:61a6a86137f6a970ed09f81a01e7f1635fd9245a556be6e5987a840f7b605ece"", ""sha256:392df5da6c2c026de0ff94468aa44b64c804fa215de3e7dd8fd23067a92eeb80"", ""sha256:cf130d2988d1fb9f249c865230b00afbe0e54cc31af3a7efc93a336c736927fa"", ""sha256:ee0c8e4b30d3ca31a613009dc7e2a96a7f643b5cb9aa9405490903577311f348"", ""sha256:2afc5ddf640c0aaa4cb4142cb7a0d46731c1d8f777997290321cee9e191449d9"", ""sha256:64a6300d558b6ed3b230cbc3e191503f47a828cb002c572c57a96bcf078f0d3d"", ""sha256:87109107b65e3837910d65360fdbd0f86f569c832c94c35dc8f477db39c33cfc"", ""sha256:b40feb7d686d1712e232352c0119993620b6b6ec6ac5def8ca52bbdd23364083"", ""sha256:04bb0255f0a10aaf9794d06b52cc4cbb45f4a45b8717df332bca22cd3741e8c0"", ""sha256:129213e529e3c4095c6f3ea680ffd30eea0bf2092a0a8af36781a30608ebcb2f"", ""sha256:38d839367e9e4abfd3e2ebb4ddc32a2f53e5a3bf74d9338be0c1059bb33efbb3"", ""sha256:81500619ec794bf93b0992dde23d029d41adbba885d35c2dea1e705443c183fb"", ""sha256:d4fdf2105a90e20788593ec0dd8922df5d294c1f446c1386216dfa613c20c65b"", ""sha256:2f5034de82073cc95a3941f8c9afbfa74013ab23ae81f5bfb1f54b1bb647573b""], ""record_type"": ""SOURCE_SET_MANIFEST"", ""schema_version"": 1, ""sec_submissions_inventory_hash"": ""sha256:2428111896211cad00c16b51937df2093fccc364e6cabfa371f493039b30e8e9"", ""source_role"": ""fy_8k_item_inventory"", ""source_set_manifest_id"": ""sha256:f91e53984d1056e7eda78233d1167ecfc7ea315d10c010eb6ce615d142f01f19""}, ""event_source_sets"": [{""inventory_source_reference"": {""accession"": ""SUBMISSIONS-1048286"", ""company_id"": ""marriott_international"", ""document_name"": ""CIK0001048286.json"", ""raw_asset_id"": ""sha256:2428111896211cad00c16b51937df2093fccc364e6cabfa371f493039b30e8e9"", ""record_type"": ""SOURCE_REFERENCE"", ""request_attempt_id"": ""request:attempt:13ea47c70c47fae64b6fab631382d8de30d955c4f192b8f0490118a49729ec61"", ""source_reference_id"": ""sha256:5fbed365804130c17c75d2f0c910feb4d114758697e4b327f9c79021c86fe7f9"", ""source_role"": ""sec_submissions_inventory"", ""source_url"": ""https://data.sec.gov/submissions/CIK0001048286.json""}, ""manifest"": {""company_id"": ""marriott_international"", ""cutoff_timestamp_or_pinned_submissions_attempt"": ""request:attempt:13ea47c70c47fae64b6fab631382d8de30d955c4f192b8f0490118a49729ec61"", ""discovered_accession_set_hash"": ""sha256:4194f5040472ebea8955d9656f58a0a22b8460d40b392e4bc3cd23845b544c95"", ""discovery_policy"": ""PINNED_SUBMISSIONS"", ""fiscal_or_date_window"": {""period_end"": ""2025-12-31"", ""period_start"": ""2025-01-01""}, ""form_types"": [""8-K"", ""8-K/A"", ""8-K12B"", ""8-K12B/A""], ""inventory_source_reference_id"": ""sha256:5fbed365804130c17c75d2f0c910feb4d114758697e4b327f9c79021c86fe7f9"", ""ordered_source_reference_ids"": [""sha256:36c617d02d818b4902d5acf94a0d1d04d4efd5d3400922c92295f8bbf0c17094"", ""sha256:e9e24d441b8acd4ada0efe679ab5bfea94f128291f76ab324186d53b449ac655"", ""sha256:60936afcc1962b3f09c405897c949eb586c262d02fdcd5e316511733012058eb"", ""sha256:9f5f13c37ddc067d22be465a6407bbf8989370dbcb4e51f50e38fa38acac9a8a"", ""sha256:1f83e50639e251e30a9d72aa512b92666a3d1238a9c34f9afe4b101057dae5cf"", ""sha256:36aaee45603a92559dc33f05bdc2dbeacf01b6281db974c39980942ea23282c8"", ""sha256:61a6a86137f6a970ed09f81a01e7f1635fd9245a556be6e5987a840f7b605ece"", ""sha256:392df5da6c2c026de0ff94468aa44b64c804fa215de3e7dd8fd23067a92eeb80"", ""sha256:cf130d2988d1fb9f249c865230b00afbe0e54cc31af3a7efc93a336c736927fa"", ""sha256:ee0c8e4b30d3ca31a613009dc7e2a96a7f643b5cb9aa9405490903577311f348"", ""sha256:2afc5ddf640c0aaa4cb4142cb7a0d46731c1d8f777997290321cee9e191449d9"", ""sha256:64a6300d558b6ed3b230cbc3e191503f47a828cb002c572c57a96bcf078f0d3d"", ""sha256:87109107b65e3837910d65360fdbd0f86f569c832c94c35dc8f477db39c33cfc"", ""sha256:b40feb7d686d1712e232352c0119993620b6b6ec6ac5def8ca52bbdd23364083"", ""sha256:04bb0255f0a10aaf9794d06b52cc4cbb45f4a45b8717df332bca22cd3741e8c0"", ""sha256:129213e529e3c4095c6f3ea680ffd30eea0bf2092a0a8af36781a30608ebcb2f"", ""sha256:38d839367e9e4abfd3e2ebb4ddc32a2f53e5a3bf74d9338be0c1059bb33efbb3"", ""sha256:81500619ec794bf93b0992dde23d029d41adbba885d35c2dea1e705443c183fb"", ""sha256:d4fdf2105a90e20788593ec0dd8922df5d294c1f446c1386216dfa613c20c65b"", ""sha256:2f5034de82073cc95a3941f8c9afbfa74013ab23ae81f5bfb1f54b1bb647573b""], ""record_type"": ""SOURCE_SET_MANIFEST"", ""schema_version"": 1, ""sec_submissions_inventory_hash"": ""sha256:2428111896211cad00c16b51937df2093fccc364e6cabfa371f493039b30e8e9"", ""source_role"": ""fy_8k_item_inventory"", ""source_set_manifest_id"": ""sha256:f91e53984d1056e7eda78233d1167ecfc7ea315d10c010eb6ce615d142f01f19""}}], ""matched_item_4_01_claim_ids"": [], ""names_differ"": false, ""prior_filing_check"": {""accession"": ""0001628280-25-004818"", ""canonical_names"": [""ernstyoungllp""], ""facts"": [{""accession"": ""0001628280-25-004818"", ""canonical_name"": ""ernstyoungllp"", ""entity_identifier"": ""0001048286"", ""locator"": {""context_ref"": ""c-1"", ""ordinal"": 64, ""qualified_name"": ""dei:AuditorName""}, ""name"": ""Ernst & Young LLP"", ""period_end"": ""2024-12-31"", ""period_start"": ""2024-01-01"", ""raw_asset_id"": ""sha256:73778804c7aea7fa6204496dea040eee840db2a9041fd273b09d638ec4965014"", ""source_reference_id"": ""sha256:b65d7d33206dd37c69379af2f27162d38d61b730af1f9346ce5e8b2c9e622368""}, {""accession"": ""0001628280-25-004818"", ""canonical_name"": ""ernstyoungllp"", ""entity_identifier"": ""0001048286"", ""locator"": {""context_ref"": ""c-1"", ""ordinal"": 66, ""qualified_name"": ""dei:AuditorName""}, ""name"": ""Ernst & Young LLP"", ""period_end"": ""2024-12-31"", ""period_start"": ""2024-01-01"", ""raw_asset_id"": ""sha256:73778804c7aea7fa6204496dea040eee840db2a9041fd273b09d638ec4965014"", ""source_reference_id"": ""sha256:b65d7d33206dd37c69379af2f27162d38d61b730af1f9346ce5e8b2c9e622368""}, {""accession"": ""0001628280-25-004818"", ""canonical_name"": ""ernstyoungllp"", ""entity_identifier"": ""0001048286"", ""locator"": {""context_ref"": ""c-1"", ""ordinal"": 64, ""qualified_name"": ""dei:auditorname""}, ""name"": ""Ernst & Young LLP"", ""period_end"": ""2024-12-31"", ""period_start"": ""2024-01-01"", ""raw_asset_id"": ""sha256:86079986e69065c1c561543f263ba9d1ca2d41fda7ad3cf027be5a855848bbca"", ""source_reference_id"": ""sha256:d7e4a9f6a5d5012058bd282dd004fb61de6f9a22c34c82eecc6644f85dc829a2""}, {""accession"": ""0001628280-25-004818"", ""canonical_name"": ""ernstyoungllp"", ""entity_identifier"": ""0001048286"", ""locator"": {""context_ref"": ""c-1"", ""ordinal"": 66, ""qualified_name"": ""dei:auditorname""}, ""name"": ""Ernst & Young LLP"", ""period_end"": ""2024-12-31"", ""period_start"": ""2024-01-01"", ""raw_asset_id"": ""sha256:86079986e69065c1c561543f263ba9d1ca2d41fda7ad3cf027be5a855848bbca"", ""source_reference_id"": ""sha256:d7e4a9f6a5d5012058bd282dd004fb61de6f9a22c34c82eecc6644f85dc829a2""}], ""form"": ""10-K"", ""problems"": [], ""source_references"": [{""accession"": ""0001628280-25-004818"", ""company_id"": ""marriott_international"", ""document_name"": ""mar-20241231.htm"", ""raw_asset_id"": ""sha256:73778804c7aea7fa6204496dea040eee840db2a9041fd273b09d638ec4965014"", ""record_type"": ""SOURCE_REFERENCE"", ""request_attempt_id"": ""request:attempt:a16673713d020738913a5c87c08dd7f8054a724db152f41cb31e5e9ce6bd9baf"", ""source_reference_id"": ""sha256:b65d7d33206dd37c69379af2f27162d38d61b730af1f9346ce5e8b2c9e622368"", ""source_role"": ""target_primary"", ""source_url"": ""https://www.sec.gov/Archives/edgar/data/1048286/000162828025004818/mar-20241231.htm""}, {""accession"": ""0001628280-25-004818"", ""company_id"": ""marriott_international"", ""document_name"": ""mar-20241231_htm.xml"", ""raw_asset_id"": ""sha256:86079986e69065c1c561543f263ba9d1ca2d41fda7ad3cf027be5a855848bbca"", ""record_type"": ""SOURCE_REFERENCE"", ""request_attempt_id"": ""request:attempt:2845f0807efb09fc25a326944c185ba94b0211c9b525e8da4ae9113975954945"", ""source_reference_id"": ""sha256:d7e4a9f6a5d5012058bd282dd004fb61de6f9a22c34c82eecc6644f85dc829a2"", ""source_role"": ""auditor_facts"", ""source_url"": ""https://www.sec.gov/Archives/edgar/data/1048286/000162828025004818/mar-20241231_htm.xml""}], ""status"": ""FOUND""}, ""prior_filing_checks"": [{""accession"": ""0001628280-25-004818"", ""canonical_names"": [""ernstyoungllp""], ""facts"": [{""accession"": ""0001628280-25-004818"", ""canonical_name"": ""ernstyoungllp"", ""entity_identifier"": ""0001048286"", ""locator"": {""context_ref"": ""c-1"", ""ordinal"": 64, ""qualified_name"": ""dei:AuditorName""}, ""name"": ""Ernst & Young LLP"", ""period_end"": ""2024-12-31"", ""period_start"": ""2024-01-01"", ""raw_asset_id"": ""sha256:73778804c7aea7fa6204496dea040eee840db2a9041fd273b09d638ec4965014"", ""source_reference_id"": ""sha256:b65d7d33206dd37c69379af2f27162d38d61b730af1f9346ce5e8b2c9e622368""}, {""accession"": ""0001628280-25-004818"", ""canonical_name"": ""ernstyoungllp"", ""entity_identifier"": ""0001048286"", ""locator"": {""context_ref"": ""c-1"", ""ordinal"": 66, ""qualified_name"": ""dei:AuditorName""}, ""name"": ""Ernst & Young LLP"", ""period_end"": ""2024-12-31"", ""period_start"": ""2024-01-01"", ""raw_asset_id"": ""sha256:73778804c7aea7fa6204496dea040eee840db2a9041fd273b09d638ec4965014"", ""source_reference_id"": ""sha256:b65d7d33206dd37c69379af2f27162d38d61b730af1f9346ce5e8b2c9e622368""}, {""accession"": ""0001628280-25-004818"", ""canonical_name"": ""ernstyoungllp"", ""entity_identifier"": ""0001048286"", ""locator"": {""context_ref"": ""c-1"", ""ordinal"": 64, ""qualified_name"": ""dei:auditorname""}, ""name"": ""Ernst & Young LLP"", ""period_end"": ""2024-12-31"", ""period_start"": ""2024-01-01"", ""raw_asset_id"": ""sha256:86079986e69065c1c561543f263ba9d1ca2d41fda7ad3cf027be5a855848bbca"", ""source_reference_id"": ""sha256:d7e4a9f6a5d5012058bd282dd004fb61de6f9a22c34c82eecc6644f85dc829a2""}, {""accession"": ""0001628280-25-004818"", ""canonical_name"": ""ernstyoungllp"", ""entity_identifier"": ""0001048286"", ""locator"": {""context_ref"": ""c-1"", ""ordinal"": 66, ""qualified_name"": ""dei:auditorname""}, ""name"": ""Ernst & Young LLP"", ""period_end"": ""2024-12-31"", ""period_start"": ""2024-01-01"", ""raw_asset_id"": ""sha256:86079986e69065c1c561543f263ba9d1ca2d41fda7ad3cf027be5a855848bbca"", ""source_reference_id"": ""sha256:d7e4a9f6a5d5012058bd282dd004fb61de6f9a22c34c82eecc6644f85dc829a2""}], ""form"": ""10-K"", ""problems"": [], ""source_references"": [{""accession"": ""0001628280-25-004818"", ""company_id"": ""marriott_international"", ""document_name"": ""mar-20241231.htm"", ""raw_asset_id"": ""sha256:73778804c7aea7fa6204496dea040eee840db2a9041fd273b09d638ec4965014"", ""record_type"": ""SOURCE_REFERENCE"", ""request_attempt_id"": ""request:attempt:a16673713d020738913a5c87c08dd7f8054a724db152f41cb31e5e9ce6bd9baf"", ""source_reference_id"": ""sha256:b65d7d33206dd37c69379af2f27162d38d61b730af1f9346ce5e8b2c9e622368"", ""source_role"": ""target_primary"", ""source_url"": ""https://www.sec.gov/Archives/edgar/data/1048286/000162828025004818/mar-20241231.htm""}, {""accession"": ""0001628280-25-004818"", ""company_id"": ""marriott_international"", ""document_name"": ""mar-20241231_htm.xml"", ""raw_asset_id"": ""sha256:86079986e69065c1c561543f263ba9d1ca2d41fda7ad3cf027be5a855848bbca"", ""record_type"": ""SOURCE_REFERENCE"", ""request_attempt_id"": ""request:attempt:2845f0807efb09fc25a326944c185ba94b0211c9b525e8da4ae9113975954945"", ""source_reference_id"": ""sha256:d7e4a9f6a5d5012058bd282dd004fb61de6f9a22c34c82eecc6644f85dc829a2"", ""source_role"": ""auditor_facts"", ""source_url"": ""https://www.sec.gov/Archives/edgar/data/1048286/000162828025004818/mar-20241231_htm.xml""}], ""status"": ""FOUND""}], ""reason_code"": ""PASS"", ""resolver"": ""auditor_change_registration_filings_v3"", ""same_cik_prior_status"": ""SAME_CIK_PRIOR_DISCOVERED"", ""selected_current_accession"": ""0001048286-26-000007"", ""selection_id"": ""sha256:63b1ad8acce03626c559e426f53d92e920b9102a9c7d69417a3a45498b93b222"", ""target"": {""company_id"": ""marriott_international"", ""period_end"": ""2025-12-31"", ""period_start"": ""2025-01-01"", ""scope"": {""entity_scope"": ""registrant""}, ""scope_key"": ""sha256:f3c8407f8a8d60bfc7a88166339aa7506ff9e37a0df59342f9a62d99ef98c0a6""}}, ""source_reference_ids"": [""sha256:5fbed365804130c17c75d2f0c910feb4d114758697e4b327f9c79021c86fe7f9"", ""sha256:3109bea68ae11f5e3c6ebd77114cda1d6f17d60e772b2630baffdb2639c483e9"", ""sha256:8502035491e3d02bf5d2c2aced3923850a7c637f27c88d672201bfe615828580"", ""sha256:43cecd37c71017d106d9d30426fada653a5dc490023ddb67da4339c07c48fc4e"", ""sha256:9865738104c119941af46defc8749d702fd75f24be7b71b35513d89303562dfb"", ""sha256:6139c18acde58b3ba5aff86a1debd212c1fade31d2ba8a0ce35a748947694a07"", ""sha256:bf544d4ea45fb264453b4e0afbb986e366f93c73b43e55513e95741b1453b855"", ""sha256:b65d7d33206dd37c69379af2f27162d38d61b730af1f9346ce5e8b2c9e622368"", ""sha256:d7e4a9f6a5d5012058bd282dd004fb61de6f9a22c34c82eecc6644f85dc829a2"", ""sha256:e9e24d441b8acd4ada0efe679ab5bfea94f128291f76ab324186d53b449ac655"", ""sha256:36c617d02d818b4902d5acf94a0d1d04d4efd5d3400922c92295f8bbf0c17094"", ""sha256:9f5f13c37ddc067d22be465a6407bbf8989370dbcb4e51f50e38fa38acac9a8a"", ""sha256:60936afcc1962b3f09c405897c949eb586c262d02fdcd5e316511733012058eb"", ""sha256:36aaee45603a92559dc33f05bdc2dbeacf01b6281db974c39980942ea23282c8"", ""sha256:1f83e50639e251e30a9d72aa512b92666a3d1238a9c34f9afe4b101057dae5cf"", ""sha256:392df5da6c2c026de0ff94468aa44b64c804fa215de3e7dd8fd23067a92eeb80"", ""sha256:61a6a86137f6a970ed09f81a01e7f1635fd9245a556be6e5987a840f7b605ece"", ""sha256:ee0c8e4b30d3ca31a613009dc7e2a96a7f643b5cb9aa9405490903577311f348"", ""sha256:cf130d2988d1fb9f249c865230b00afbe0e54cc31af3a7efc93a336c736927fa"", ""sha256:64a6300d558b6ed3b230cbc3e191503f47a828cb002c572c57a96bcf078f0d3d"", ""sha256:2afc5ddf640c0aaa4cb4142cb7a0d46731c1d8f777997290321cee9e191449d9"", ""sha256:b40feb7d686d1712e232352c0119993620b6b6ec6ac5def8ca52bbdd23364083"", ""sha256:87109107b65e3837910d65360fdbd0f86f569c832c94c35dc8f477db39c33cfc"", ""sha256:129213e529e3c4095c6f3ea680ffd30eea0bf2092a0a8af36781a30608ebcb2f"", ""sha256:04bb0255f0a10aaf9794d06b52cc4cbb45f4a45b8717df332bca22cd3741e8c0"", ""sha256:81500619ec794bf93b0992dde23d029d41adbba885d35c2dea1e705443c183fb"", ""sha256:38d839367e9e4abfd3e2ebb4ddc32a2f53e5a3bf74d9338be0c1059bb33efbb3"", ""sha256:2f5034de82073cc95a3941f8c9afbfa74013ab23ae81f5bfb1f54b1bb647573b"", ""sha256:d4fdf2105a90e20788593ec0dd8922df5d294c1f446c1386216dfa613c20c65b""]}",,1 means an auditor-change signal was verified; 0 requires completed auditor-name and event-coverage checks. Neither is a probability. Measurement covers the source fiscal-year interval. Native state: PUBLISHED; reason: PASS. Selected source inputs include new SEC acquisition records; each input retains its own acquisition identity.,marriott_international,run:ordinary-integrated:5790fdbe6630748882e9ff013878bc31d7f24e738a919ddc6cad4997a8a14064,sha256:d79aadf2d0ead3024b80eacffbfaddb7d01bfb9158c42e9887642da5ff5fb1bc,issue_54_v4,sha256:7e577402fa98974628bf613a3a82e66d79f55385ccce117ea5d1f0cd11d49fa2,sha256:671a25cd86baceec0cd20a6be08cbb225328ce65bf46e91fb435a80ca39da4d9,sha256:7050dd9ee6cfd0e50cbe3e2d694b6b1131c8fcc498d95579b41751fed7f3c896,sha256:7050dd9ee6cfd0e50cbe3e2d694b6b1131c8fcc498d95579b41751fed7f3c896,,,True,MATCHED,REPLAY_VERIFIED_CONTENT_NOT_ACCEPTED,NO_SOURCE_CONTENT_CHANGE,NO_SOURCE_CONTENT_CHANGE,True,VERIFIED_SEC_ACQUISITION,,native/C04/d0aa9ff5f4de4ba6b8bc0d51f3f18557,RUN_ARCHIVE_COORDINATE,2025-01-01,2025-12-31,2025,2025-01-01,2025-12-31,NATIVE_REPLAY_VERIFIED,[],20261003T171912Z-e2aade11,FLOW_COMPLETED_WITH_LIMITATIONS,NO_SOURCE_CONTENT_CHANGE,True,SOURCES_READY
Marriott International,1048286,D01,Risk factors summary,"Risks Relating to Our Industry
Our industry is highly competitive, which may impact our ability to compete successfully for guests
Economic and other global, national, and regional conditions and events have in the past materially impacted, and could in the future materially impact, our business, operations, financial results, and growth
Risks Relating to Our Business
Operational Risks
Premature termination of our agreements with hotel owners could materially hurt our financial performance
Disagreements with hotel owners and other counterparties could materially impact our business, operations, financial results, and growth.
Changes in the way hotel rooms are booked could adversely impact our business
Our growth strategy depends upon attracting hotel owners to our platform, and future arrangements with these third parties may be less favorable to us, depending on the terms offered by our competitors
The effects of, or our failure to comply with, applicable laws, regulations, and government policies may disrupt our business, lower our revenues, increase our costs, reduce our profits, limit our growth, or damage our reputation.
Third-party claims that we infringe the intellectual property rights of others or our failure to defend our own intellectual property rights could materially adversely affect our business.
If our brands, goodwill, or other intangible assets become impaired, we may be required to record significant non-cash charges to earnings.
Our business depends on the quality and reputation of our Company and our brands, and any deterioration could adversely impact our market share, reputation, business, financial condition, or results of operations
Actions by our hotel owners or others could materially adversely affect our image and reputation
Collective bargaining activity and strikes could materially disrupt hotel operations, increase labor costs, and interfere with the ability of our management to focus on executing our business strategies
Our business could suffer if we or the hotels in our system cannot attract and retain associates or as the result of the loss of the services of our senior executives
Extreme weather, natural disasters, climate change, and sustainability-related concerns have impacted our business in the past and could in the future have a material adverse effect on our business and results of operations.
Insurance may not cover damage to, or losses involving, hotels in our system or other aspects of our business, and the cost of such insurance could increase
Our Loyalty Program plays a significant role in our business, and unfavorable developments affecting the program could adversely affect our business and results of operations.
Exchange rate fluctuations could result in significant foreign currency gains and losses and affect our business results
Development and Financing Risks
Our hotel owners depend on capital to buy, develop, and improve hotels, and they may be unable to access capital when necessary
Our ability to grow our system is subject to the range of risks associated with real estate investments
Our owned properties and other real estate investments subject us to numerous risks
Risks associated with development and sale of residential properties associated with our lodging properties or brands may reduce our profits
More hotel projects in our development pipeline may be cancelled or delayed in opening, which could adversely affect our growth prospects
Losses on loans or guarantees that we have made to third parties impact our profits
If hotel owners cannot repay or refinance mortgage loans secured by their properties, default under property leases, or experience other financial difficulties, our revenues and profits could materially decrease and our business could be significantly harmed
Technology, Information Protection, and Privacy Risks
Disruption in the functioning of our reservation, Loyalty Program, or other core operational systems, or our use of certain new technologies, could adversely affect our business
A failure to keep pace with developments in technology could impair our operations or competitive position
We are exposed to risks and costs associated with protecting the integrity and security of data
The Data Security Incident, and other information security incidents, could have numerous adverse effects on our business
Additional cybersecurity incidents could have adverse effects on our business.
Changes in privacy and data security laws could increase our operating costs and increase our exposure to payment obligations and litigation.
General Risk Factors
Delaware law and our governing corporate documents contain, and our Board of Directors could implement, anti-takeover provisions that could deter takeover attempts.
Changes in tax law, interpretations of existing tax law, or agreements or disputes with tax authorities could increase our tax costs.",text,TEXT_QUAL,MDA,verbatim Item 1A headings,2025-01-01,2025-12-31,2025,FY,0001048286-26-000007,10-K,2026-02-10,Item 1A+Item 1A+Item 1A+Item 1A+Item 1A+Item 1A+Item 1A+Item 1A+Item 1A+Item 1A+Item 1A+Item 1A+Item 1A+Item 1A+Item 1A+Item 1A+Item 1A+Item 1A+Item 1A+Item 1A+Item 1A+Item 1A+Item 1A+Item 1A+Item 1A+Item 1A+Item 1A+Item 1A+Item 1A+Item 1A+Item 1A+Item 1A+Item 1A+Item 1A+Item 1A+Item 1A+Item 1A+Item 1A,registrant risk disclosures;registrant risk disclosures;registrant risk disclosures;registrant risk disclosures;registrant risk disclosures;registrant risk disclosures;registrant risk disclosures;registrant risk disclosures;registrant risk disclosures;registrant risk disclosures;registrant risk disclosures;registrant risk disclosures;registrant risk disclosures;registrant risk disclosures;registrant risk disclosures;registrant risk disclosures;registrant risk disclosures;registrant risk disclosures;registrant risk disclosures;registrant risk disclosures;registrant risk disclosures;registrant risk disclosures;registrant risk disclosures;registrant risk disclosures;registrant risk disclosures;registrant risk disclosures;registrant risk disclosures;registrant risk disclosures;registrant risk disclosures;registrant risk disclosures;registrant risk disclosures;registrant risk disclosures;registrant risk disclosures;registrant risk disclosures;registrant risk disclosures;registrant risk disclosures;registrant risk disclosures;registrant risk disclosures,,Verbatim headings from the original annual filing. Disclosures do not assert that risks occurred. Selected source inputs include new SEC acquisition records; each input retains its own acquisition identity.,marriott_international,run:ordinary-integrated:293a393ffb1343cd0a46dc7e7120b15145492c567f370ca321eb73c64f3803d5,sha256:a162d2476fd2ee85e9258d407fc2a9d7df81770d4d6b1a82577de6359bba2acf,issue_54_v4,sha256:7e577402fa98974628bf613a3a82e66d79f55385ccce117ea5d1f0cd11d49fa2,sha256:671a25cd86baceec0cd20a6be08cbb225328ce65bf46e91fb435a80ca39da4d9,sha256:7050dd9ee6cfd0e50cbe3e2d694b6b1131c8fcc498d95579b41751fed7f3c896,sha256:7050dd9ee6cfd0e50cbe3e2d694b6b1131c8fcc498d95579b41751fed7f3c896,,,True,MATCHED,REPLAY_VERIFIED_CONTENT_NOT_ACCEPTED,NO_SOURCE_CONTENT_CHANGE,NO_SOURCE_CONTENT_CHANGE,True,VERIFIED_SEC_ACQUISITION,,native/D01/bbbc267a44fb4da0be72bb874c7bd497,RUN_ARCHIVE_COORDINATE,2025-01-01,2025-12-31,2025,2025-01-01,2025-12-31,NATIVE_REPLAY_VERIFIED,[],20261003T171912Z-e2aade11,FLOW_COMPLETED_WITH_LIMITATIONS,NO_SOURCE_CONTENT_CHANGE,True,SOURCES_READY
Marriott International,1048286,E01,M&A announcements,0,count,8K_ITEM_OK,8K_ITEM,,2025-01-01,2025-12-31,2025,ANNUAL,SUBMISSIONS-1048286,10-K,2026-02-10,M&A announcements,"{""annual_filing_period"": {""fiscal_year"": 2025, ""period_end"": ""2025-12-31"", ""period_start"": ""2025-01-01""}, ""measurement_kind"": ""ANNUAL"", ""scope"": {""coverage"": ""fiscal_year_source_set"", ""fiscal_year"": 2025, ""shared_claim_group_id"": ""merger_acquisition_items""}, ""selection"": {""matched_verified_claim_ids"": [], ""reason_code"": ""PASS"", ""source_event_accessions"": [""0001048286-25-000011"", ""0001193125-25-009110"", ""0001193125-25-036732"", ""0001193125-25-118853"", ""0001193125-25-118861"", ""0001193125-25-158742"", ""0001193125-25-184082"", ""0001628280-25-004772"", ""0001628280-25-022390"", ""0001628280-25-037592""]}, ""source_reference_ids"": [""sha256:5fbed365804130c17c75d2f0c910feb4d114758697e4b327f9c79021c86fe7f9"", ""sha256:43cecd37c71017d106d9d30426fada653a5dc490023ddb67da4339c07c48fc4e"", ""sha256:3109bea68ae11f5e3c6ebd77114cda1d6f17d60e772b2630baffdb2639c483e9"", ""sha256:e9e24d441b8acd4ada0efe679ab5bfea94f128291f76ab324186d53b449ac655"", ""sha256:36c617d02d818b4902d5acf94a0d1d04d4efd5d3400922c92295f8bbf0c17094"", ""sha256:9f5f13c37ddc067d22be465a6407bbf8989370dbcb4e51f50e38fa38acac9a8a"", ""sha256:60936afcc1962b3f09c405897c949eb586c262d02fdcd5e316511733012058eb"", ""sha256:36aaee45603a92559dc33f05bdc2dbeacf01b6281db974c39980942ea23282c8"", ""sha256:1f83e50639e251e30a9d72aa512b92666a3d1238a9c34f9afe4b101057dae5cf"", ""sha256:392df5da6c2c026de0ff94468aa44b64c804fa215de3e7dd8fd23067a92eeb80"", ""sha256:61a6a86137f6a970ed09f81a01e7f1635fd9245a556be6e5987a840f7b605ece"", ""sha256:ee0c8e4b30d3ca31a613009dc7e2a96a7f643b5cb9aa9405490903577311f348"", ""sha256:cf130d2988d1fb9f249c865230b00afbe0e54cc31af3a7efc93a336c736927fa"", ""sha256:64a6300d558b6ed3b230cbc3e191503f47a828cb002c572c57a96bcf078f0d3d"", ""sha256:2afc5ddf640c0aaa4cb4142cb7a0d46731c1d8f777997290321cee9e191449d9"", ""sha256:b40feb7d686d1712e232352c0119993620b6b6ec6ac5def8ca52bbdd23364083"", ""sha256:87109107b65e3837910d65360fdbd0f86f569c832c94c35dc8f477db39c33cfc"", ""sha256:129213e529e3c4095c6f3ea680ffd30eea0bf2092a0a8af36781a30608ebcb2f"", ""sha256:04bb0255f0a10aaf9794d06b52cc4cbb45f4a45b8717df332bca22cd3741e8c0"", ""sha256:81500619ec794bf93b0992dde23d029d41adbba885d35c2dea1e705443c183fb"", ""sha256:38d839367e9e4abfd3e2ebb4ddc32a2f53e5a3bf74d9338be0c1059bb33efbb3"", ""sha256:2f5034de82073cc95a3941f8c9afbfa74013ab23ae81f5bfb1f54b1bb647573b"", ""sha256:d4fdf2105a90e20788593ec0dd8922df5d294c1f446c1386216dfa613c20c65b""]}",,Count of filing items matched by the approved route; it does not confirm a count of real-world business events. Measurement covers the source fiscal-year interval. Native state: PUBLISHED; reason: PASS. Selected source inputs include new SEC acquisition records; each input retains its own acquisition identity.,marriott_international,run:ordinary-integrated:d57f30a0574f7094a294d79b017e7eaa7120cebf05c9db17203689d446d16bac,sha256:7a2cfcec9c63beaeb9eafab2c78bb2b1d68c67cf363b07630b53f527fb98413f,issue_54_v4,sha256:7e577402fa98974628bf613a3a82e66d79f55385ccce117ea5d1f0cd11d49fa2,sha256:7050dd9ee6cfd0e50cbe3e2d694b6b1131c8fcc498d95579b41751fed7f3c896,sha256:7050dd9ee6cfd0e50cbe3e2d694b6b1131c8fcc498d95579b41751fed7f3c896,sha256:7050dd9ee6cfd0e50cbe3e2d694b6b1131c8fcc498d95579b41751fed7f3c896,,,True,MATCHED,REPLAY_VERIFIED_CONTENT_NOT_ACCEPTED,CANDIDATE_READY,CANDIDATE_READY,True,VERIFIED_SEC_ACQUISITION,,native/E01/188bd45d04a64a408bd24271c8a5b8dd,RUN_ARCHIVE_COORDINATE,2025-01-01,2025-12-31,2025,2025-01-01,2025-12-31,NATIVE_REPLAY_VERIFIED,[],20261003T171912Z-e2aade11,FLOW_COMPLETED_WITH_LIMITATIONS,CANDIDATE_READY,True,SOURCES_READY
Marriott International,1048286,E02,Bankruptcy filings,0,count,8K_ITEM_OK,8K_ITEM,,2025-01-01,2025-12-31,2025,ANNUAL,SUBMISSIONS-1048286,10-K,2026-02-10,Bankruptcy filings,"{""annual_filing_period"": {""fiscal_year"": 2025, ""period_end"": ""2025-12-31"", ""period_start"": ""2025-01-01""}, ""measurement_kind"": ""ANNUAL"", ""scope"": {""coverage"": ""fiscal_year_source_set"", ""fiscal_year"": 2025, ""shared_claim_group_id"": ""bankruptcy_item_1_03""}, ""selection"": {""matched_verified_claim_ids"": [], ""reason_code"": ""PASS"", ""source_event_accessions"": [""0001048286-25-000011"", ""0001193125-25-009110"", ""0001193125-25-036732"", ""0001193125-25-118853"", ""0001193125-25-118861"", ""0001193125-25-158742"", ""0001193125-25-184082"", ""0001628280-25-004772"", ""0001628280-25-022390"", ""0001628280-25-037592""]}, ""source_reference_ids"": [""sha256:5fbed365804130c17c75d2f0c910feb4d114758697e4b327f9c79021c86fe7f9"", ""sha256:43cecd37c71017d106d9d30426fada653a5dc490023ddb67da4339c07c48fc4e"", ""sha256:3109bea68ae11f5e3c6ebd77114cda1d6f17d60e772b2630baffdb2639c483e9"", ""sha256:e9e24d441b8acd4ada0efe679ab5bfea94f128291f76ab324186d53b449ac655"", ""sha256:36c617d02d818b4902d5acf94a0d1d04d4efd5d3400922c92295f8bbf0c17094"", ""sha256:9f5f13c37ddc067d22be465a6407bbf8989370dbcb4e51f50e38fa38acac9a8a"", ""sha256:60936afcc1962b3f09c405897c949eb586c262d02fdcd5e316511733012058eb"", ""sha256:36aaee45603a92559dc33f05bdc2dbeacf01b6281db974c39980942ea23282c8"", ""sha256:1f83e50639e251e30a9d72aa512b92666a3d1238a9c34f9afe4b101057dae5cf"", ""sha256:392df5da6c2c026de0ff94468aa44b64c804fa215de3e7dd8fd23067a92eeb80"", ""sha256:61a6a86137f6a970ed09f81a01e7f1635fd9245a556be6e5987a840f7b605ece"", ""sha256:ee0c8e4b30d3ca31a613009dc7e2a96a7f643b5cb9aa9405490903577311f348"", ""sha256:cf130d2988d1fb9f249c865230b00afbe0e54cc31af3a7efc93a336c736927fa"", ""sha256:64a6300d558b6ed3b230cbc3e191503f47a828cb002c572c57a96bcf078f0d3d"", ""sha256:2afc5ddf640c0aaa4cb4142cb7a0d46731c1d8f777997290321cee9e191449d9"", ""sha256:b40feb7d686d1712e232352c0119993620b6b6ec6ac5def8ca52bbdd23364083"", ""sha256:87109107b65e3837910d65360fdbd0f86f569c832c94c35dc8f477db39c33cfc"", ""sha256:129213e529e3c4095c6f3ea680ffd30eea0bf2092a0a8af36781a30608ebcb2f"", ""sha256:04bb0255f0a10aaf9794d06b52cc4cbb45f4a45b8717df332bca22cd3741e8c0"", ""sha256:81500619ec794bf93b0992dde23d029d41adbba885d35c2dea1e705443c183fb"", ""sha256:38d839367e9e4abfd3e2ebb4ddc32a2f53e5a3bf74d9338be0c1059bb33efbb3"", ""sha256:2f5034de82073cc95a3941f8c9afbfa74013ab23ae81f5bfb1f54b1bb647573b"", ""sha256:d4fdf2105a90e20788593ec0dd8922df5d294c1f446c1386216dfa613c20c65b""]}",,Count of filing items matched by the approved route; it does not confirm a count of real-world business events. Measurement covers the source fiscal-year interval. Native state: PUBLISHED; reason: PASS. Selected source inputs include new SEC acquisition records; each input retains its own acquisition identity.,marriott_international,run:ordinary-integrated:aed3401d65d3b770f1a8e10d5136be1f1a98ec4624966593619377248d60bbc7,sha256:b3ec0a24a0275de38c4619773b19ce104ab5a45233f29778fcce330d367c542d,issue_54_v4,sha256:7e577402fa98974628bf613a3a82e66d79f55385ccce117ea5d1f0cd11d49fa2,sha256:7050dd9ee6cfd0e50cbe3e2d694b6b1131c8fcc498d95579b41751fed7f3c896,sha256:7050dd9ee6cfd0e50cbe3e2d694b6b1131c8fcc498d95579b41751fed7f3c896,sha256:7050dd9ee6cfd0e50cbe3e2d694b6b1131c8fcc498d95579b41751fed7f3c896,,,True,MATCHED,REPLAY_VERIFIED_CONTENT_NOT_ACCEPTED,CANDIDATE_READY,CANDIDATE_READY,True,VERIFIED_SEC_ACQUISITION,,native/E02/8175569cd4d4439fbfd5522a8d4efcc7,RUN_ARCHIVE_COORDINATE,2025-01-01,2025-12-31,2025,2025-01-01,2025-12-31,NATIVE_REPLAY_VERIFIED,[],20261003T171912Z-e2aade11,FLOW_COMPLETED_WITH_LIMITATIONS,CANDIDATE_READY,True,SOURCES_READY
Marriott International,1048286,E03,Leadership departures,3,count,8K_ITEM_OK,8K_ITEM,,2025-01-01,2025-12-31,2025,ANNUAL,0001193125-25-009110;0001193125-25-118861;0001193125-25-158742,8-K;8-K/A,2025-01-21;2025-05-13;2025-07-14,Leadership departures,"{""annual_filing_period"": {""fiscal_year"": 2025, ""period_end"": ""2025-12-31"", ""period_start"": ""2025-01-01""}, ""measurement_kind"": ""ANNUAL"", ""scope"": {""coverage"": ""fiscal_year_source_set"", ""fiscal_year"": 2025, ""shared_claim_group_id"": ""leadership_item_5_02""}, ""selection"": {""matched_verified_claim_ids"": [""sha256:ceddee56566a18a81e9ce9b6629212ddec06079014ac17f66c9d94defc99d6c6"", ""sha256:16eeeba28c7b8f30d725dcb658b358c9319ab8820fdfe370bdc61a422b145fd9"", ""sha256:e3c78d35230f3cea233c097288d0bc653a8f39586e60566a128bcadccca475c9""], ""reason_code"": ""PASS"", ""source_event_accessions"": [""0001048286-25-000011"", ""0001193125-25-009110"", ""0001193125-25-036732"", ""0001193125-25-118853"", ""0001193125-25-118861"", ""0001193125-25-158742"", ""0001193125-25-184082"", ""0001628280-25-004772"", ""0001628280-25-022390"", ""0001628280-25-037592""]}, ""source_reference_ids"": [""sha256:5fbed365804130c17c75d2f0c910feb4d114758697e4b327f9c79021c86fe7f9"", ""sha256:43cecd37c71017d106d9d30426fada653a5dc490023ddb67da4339c07c48fc4e"", ""sha256:3109bea68ae11f5e3c6ebd77114cda1d6f17d60e772b2630baffdb2639c483e9"", ""sha256:e9e24d441b8acd4ada0efe679ab5bfea94f128291f76ab324186d53b449ac655"", ""sha256:36c617d02d818b4902d5acf94a0d1d04d4efd5d3400922c92295f8bbf0c17094"", ""sha256:9f5f13c37ddc067d22be465a6407bbf8989370dbcb4e51f50e38fa38acac9a8a"", ""sha256:60936afcc1962b3f09c405897c949eb586c262d02fdcd5e316511733012058eb"", ""sha256:36aaee45603a92559dc33f05bdc2dbeacf01b6281db974c39980942ea23282c8"", ""sha256:1f83e50639e251e30a9d72aa512b92666a3d1238a9c34f9afe4b101057dae5cf"", ""sha256:392df5da6c2c026de0ff94468aa44b64c804fa215de3e7dd8fd23067a92eeb80"", ""sha256:61a6a86137f6a970ed09f81a01e7f1635fd9245a556be6e5987a840f7b605ece"", ""sha256:ee0c8e4b30d3ca31a613009dc7e2a96a7f643b5cb9aa9405490903577311f348"", ""sha256:cf130d2988d1fb9f249c865230b00afbe0e54cc31af3a7efc93a336c736927fa"", ""sha256:64a6300d558b6ed3b230cbc3e191503f47a828cb002c572c57a96bcf078f0d3d"", ""sha256:2afc5ddf640c0aaa4cb4142cb7a0d46731c1d8f777997290321cee9e191449d9"", ""sha256:b40feb7d686d1712e232352c0119993620b6b6ec6ac5def8ca52bbdd23364083"", ""sha256:87109107b65e3837910d65360fdbd0f86f569c832c94c35dc8f477db39c33cfc"", ""sha256:129213e529e3c4095c6f3ea680ffd30eea0bf2092a0a8af36781a30608ebcb2f"", ""sha256:04bb0255f0a10aaf9794d06b52cc4cbb45f4a45b8717df332bca22cd3741e8c0"", ""sha256:81500619ec794bf93b0992dde23d029d41adbba885d35c2dea1e705443c183fb"", ""sha256:38d839367e9e4abfd3e2ebb4ddc32a2f53e5a3bf74d9338be0c1059bb33efbb3"", ""sha256:2f5034de82073cc95a3941f8c9afbfa74013ab23ae81f5bfb1f54b1bb647573b"", ""sha256:d4fdf2105a90e20788593ec0dd8922df5d294c1f446c1386216dfa613c20c65b""]}",,Count of filing items matched by the approved route; it does not confirm a count of real-world business events. Measurement covers the source fiscal-year interval. Native state: PUBLISHED; reason: PASS. Selected source inputs include new SEC acquisition records; each input retains its own acquisition identity.,marriott_international,run:ordinary-integrated:8c60cc1c7f306749f97a4718b1d5cd6cbd58035a277ac6ccc0a90e5e0f2edc70,sha256:6571cbed3e3ccd407854cb44e72bcab40bc2f5dfb4fa0e959d72f361797a6d47,issue_54_v4,sha256:7e577402fa98974628bf613a3a82e66d79f55385ccce117ea5d1f0cd11d49fa2,sha256:7050dd9ee6cfd0e50cbe3e2d694b6b1131c8fcc498d95579b41751fed7f3c896,sha256:7050dd9ee6cfd0e50cbe3e2d694b6b1131c8fcc498d95579b41751fed7f3c896,sha256:7050dd9ee6cfd0e50cbe3e2d694b6b1131c8fcc498d95579b41751fed7f3c896,,,True,MATCHED,REPLAY_VERIFIED_CONTENT_NOT_ACCEPTED,CANDIDATE_READY,CANDIDATE_READY,True,VERIFIED_SEC_ACQUISITION,,native/E03/c08df1057a5b4c78875c7d8862b23be0,RUN_ARCHIVE_COORDINATE,2025-01-01,2025-12-31,2025,2025-01-01,2025-12-31,NATIVE_REPLAY_VERIFIED,[],20261003T171912Z-e2aade11,FLOW_COMPLETED_WITH_LIMITATIONS,CANDIDATE_READY,True,SOURCES_READY
Marriott International,1048286,E04,Financial restatements,0,count,8K_ITEM_OK,8K_ITEM,,2025-01-01,2025-12-31,2025,ANNUAL,SUBMISSIONS-1048286,10-K,2026-02-10,Financial restatements,"{""annual_filing_period"": {""fiscal_year"": 2025, ""period_end"": ""2025-12-31"", ""period_start"": ""2025-01-01""}, ""measurement_kind"": ""ANNUAL"", ""scope"": {""coverage"": ""fiscal_year_source_set"", ""fiscal_year"": 2025, ""shared_claim_group_id"": ""restatement_item_4_02""}, ""selection"": {""matched_verified_claim_ids"": [], ""reason_code"": ""PASS"", ""source_event_accessions"": [""0001048286-25-000011"", ""0001193125-25-009110"", ""0001193125-25-036732"", ""0001193125-25-118853"", ""0001193125-25-118861"", ""0001193125-25-158742"", ""0001193125-25-184082"", ""0001628280-25-004772"", ""0001628280-25-022390"", ""0001628280-25-037592""]}, ""source_reference_ids"": [""sha256:5fbed365804130c17c75d2f0c910feb4d114758697e4b327f9c79021c86fe7f9"", ""sha256:43cecd37c71017d106d9d30426fada653a5dc490023ddb67da4339c07c48fc4e"", ""sha256:3109bea68ae11f5e3c6ebd77114cda1d6f17d60e772b2630baffdb2639c483e9"", ""sha256:e9e24d441b8acd4ada0efe679ab5bfea94f128291f76ab324186d53b449ac655"", ""sha256:36c617d02d818b4902d5acf94a0d1d04d4efd5d3400922c92295f8bbf0c17094"", ""sha256:9f5f13c37ddc067d22be465a6407bbf8989370dbcb4e51f50e38fa38acac9a8a"", ""sha256:60936afcc1962b3f09c405897c949eb586c262d02fdcd5e316511733012058eb"", ""sha256:36aaee45603a92559dc33f05bdc2dbeacf01b6281db974c39980942ea23282c8"", ""sha256:1f83e50639e251e30a9d72aa512b92666a3d1238a9c34f9afe4b101057dae5cf"", ""sha256:392df5da6c2c026de0ff94468aa44b64c804fa215de3e7dd8fd23067a92eeb80"", ""sha256:61a6a86137f6a970ed09f81a01e7f1635fd9245a556be6e5987a840f7b605ece"", ""sha256:ee0c8e4b30d3ca31a613009dc7e2a96a7f643b5cb9aa9405490903577311f348"", ""sha256:cf130d2988d1fb9f249c865230b00afbe0e54cc31af3a7efc93a336c736927fa"", ""sha256:64a6300d558b6ed3b230cbc3e191503f47a828cb002c572c57a96bcf078f0d3d"", ""sha256:2afc5ddf640c0aaa4cb4142cb7a0d46731c1d8f777997290321cee9e191449d9"", ""sha256:b40feb7d686d1712e232352c0119993620b6b6ec6ac5def8ca52bbdd23364083"", ""sha256:87109107b65e3837910d65360fdbd0f86f569c832c94c35dc8f477db39c33cfc"", ""sha256:129213e529e3c4095c6f3ea680ffd30eea0bf2092a0a8af36781a30608ebcb2f"", ""sha256:04bb0255f0a10aaf9794d06b52cc4cbb45f4a45b8717df332bca22cd3741e8c0"", ""sha256:81500619ec794bf93b0992dde23d029d41adbba885d35c2dea1e705443c183fb"", ""sha256:38d839367e9e4abfd3e2ebb4ddc32a2f53e5a3bf74d9338be0c1059bb33efbb3"", ""sha256:2f5034de82073cc95a3941f8c9afbfa74013ab23ae81f5bfb1f54b1bb647573b"", ""sha256:d4fdf2105a90e20788593ec0dd8922df5d294c1f446c1386216dfa613c20c65b""]}",,Count of filing items matched by the approved route; it does not confirm a count of real-world business events. Measurement covers the source fiscal-year interval. Native state: PUBLISHED; reason: PASS. Selected source inputs include new SEC acquisition records; each input retains its own acquisition identity.,marriott_international,run:ordinary-integrated:fb181edd9bd01686aac936bd8a62e6d193a1b6be8e17f0a7c4e15c53b41a471d,sha256:0c901eb09b1cebbd218ec3bd1d8c12145edfab730e17911ce903286029ee8c03,issue_54_v4,sha256:7e577402fa98974628bf613a3a82e66d79f55385ccce117ea5d1f0cd11d49fa2,sha256:7050dd9ee6cfd0e50cbe3e2d694b6b1131c8fcc498d95579b41751fed7f3c896,sha256:7050dd9ee6cfd0e50cbe3e2d694b6b1131c8fcc498d95579b41751fed7f3c896,sha256:7050dd9ee6cfd0e50cbe3e2d694b6b1131c8fcc498d95579b41751fed7f3c896,,,True,MATCHED,REPLAY_VERIFIED_CONTENT_NOT_ACCEPTED,CANDIDATE_READY,CANDIDATE_READY,True,VERIFIED_SEC_ACQUISITION,,native/E04/57ec42b820534d288c43cb57c271ce5c,RUN_ARCHIVE_COORDINATE,2025-01-01,2025-12-31,2025,2025-01-01,2025-12-31,NATIVE_REPLAY_VERIFIED,[],20261003T171912Z-e2aade11,FLOW_COMPLETED_WITH_LIMITATIONS,CANDIDATE_READY,True,SOURCES_READY
Marriott International,1048286,E05,Material agreements,0,count,8K_ITEM_OK,8K_ITEM,,2025-01-01,2025-12-31,2025,ANNUAL,SUBMISSIONS-1048286,10-K,2026-02-10,Material agreements,"{""annual_filing_period"": {""fiscal_year"": 2025, ""period_end"": ""2025-12-31"", ""period_start"": ""2025-01-01""}, ""measurement_kind"": ""ANNUAL"", ""scope"": {""coverage"": ""fiscal_year_source_set"", ""fiscal_year"": 2025, ""shared_claim_group_id"": ""agreement_item_1_01""}, ""selection"": {""matched_verified_claim_ids"": [], ""reason_code"": ""PASS"", ""source_event_accessions"": [""0001048286-25-000011"", ""0001193125-25-009110"", ""0001193125-25-036732"", ""0001193125-25-118853"", ""0001193125-25-118861"", ""0001193125-25-158742"", ""0001193125-25-184082"", ""0001628280-25-004772"", ""0001628280-25-022390"", ""0001628280-25-037592""]}, ""source_reference_ids"": [""sha256:5fbed365804130c17c75d2f0c910feb4d114758697e4b327f9c79021c86fe7f9"", ""sha256:43cecd37c71017d106d9d30426fada653a5dc490023ddb67da4339c07c48fc4e"", ""sha256:3109bea68ae11f5e3c6ebd77114cda1d6f17d60e772b2630baffdb2639c483e9"", ""sha256:e9e24d441b8acd4ada0efe679ab5bfea94f128291f76ab324186d53b449ac655"", ""sha256:36c617d02d818b4902d5acf94a0d1d04d4efd5d3400922c92295f8bbf0c17094"", ""sha256:9f5f13c37ddc067d22be465a6407bbf8989370dbcb4e51f50e38fa38acac9a8a"", ""sha256:60936afcc1962b3f09c405897c949eb586c262d02fdcd5e316511733012058eb"", ""sha256:36aaee45603a92559dc33f05bdc2dbeacf01b6281db974c39980942ea23282c8"", ""sha256:1f83e50639e251e30a9d72aa512b92666a3d1238a9c34f9afe4b101057dae5cf"", ""sha256:392df5da6c2c026de0ff94468aa44b64c804fa215de3e7dd8fd23067a92eeb80"", ""sha256:61a6a86137f6a970ed09f81a01e7f1635fd9245a556be6e5987a840f7b605ece"", ""sha256:ee0c8e4b30d3ca31a613009dc7e2a96a7f643b5cb9aa9405490903577311f348"", ""sha256:cf130d2988d1fb9f249c865230b00afbe0e54cc31af3a7efc93a336c736927fa"", ""sha256:64a6300d558b6ed3b230cbc3e191503f47a828cb002c572c57a96bcf078f0d3d"", ""sha256:2afc5ddf640c0aaa4cb4142cb7a0d46731c1d8f777997290321cee9e191449d9"", ""sha256:b40feb7d686d1712e232352c0119993620b6b6ec6ac5def8ca52bbdd23364083"", ""sha256:87109107b65e3837910d65360fdbd0f86f569c832c94c35dc8f477db39c33cfc"", ""sha256:129213e529e3c4095c6f3ea680ffd30eea0bf2092a0a8af36781a30608ebcb2f"", ""sha256:04bb0255f0a10aaf9794d06b52cc4cbb45f4a45b8717df332bca22cd3741e8c0"", ""sha256:81500619ec794bf93b0992dde23d029d41adbba885d35c2dea1e705443c183fb"", ""sha256:38d839367e9e4abfd3e2ebb4ddc32a2f53e5a3bf74d9338be0c1059bb33efbb3"", ""sha256:2f5034de82073cc95a3941f8c9afbfa74013ab23ae81f5bfb1f54b1bb647573b"", ""sha256:d4fdf2105a90e20788593ec0dd8922df5d294c1f446c1386216dfa613c20c65b""]}",,Count of filing items matched by the approved route; it does not confirm a count of real-world business events. Measurement covers the source fiscal-year interval. Native state: PUBLISHED; reason: PASS. Selected source inputs include new SEC acquisition records; each input retains its own acquisition identity.,marriott_international,run:ordinary-integrated:52a55f7a221e8082bae1a77deff2d46bc20218a40eda4d12f1e3d6006c3b87ce,sha256:b078c8703dbcadf06e60f67f2193c2dc4a13fa06d7d0033e52324ab8133c531d,issue_54_v4,sha256:7e577402fa98974628bf613a3a82e66d79f55385ccce117ea5d1f0cd11d49fa2,sha256:7050dd9ee6cfd0e50cbe3e2d694b6b1131c8fcc498d95579b41751fed7f3c896,sha256:7050dd9ee6cfd0e50cbe3e2d694b6b1131c8fcc498d95579b41751fed7f3c896,sha256:7050dd9ee6cfd0e50cbe3e2d694b6b1131c8fcc498d95579b41751fed7f3c896,,,True,MATCHED,REPLAY_VERIFIED_CONTENT_NOT_ACCEPTED,CANDIDATE_READY,CANDIDATE_READY,True,VERIFIED_SEC_ACQUISITION,,native/E05/639b7018d8ca4d9995e05747de0289dd,RUN_ARCHIVE_COORDINATE,2025-01-01,2025-12-31,2025,2025-01-01,2025-12-31,NATIVE_REPLAY_VERIFIED,[],20261003T171912Z-e2aade11,FLOW_COMPLETED_WITH_LIMITATIONS,CANDIDATE_READY,True,SOURCES_READY
,,D02,,,,UPDATE_BLOCKED,,,,,,,,,,,,,UPDATE_D02_V2_CATEGORY_RULE_VALIDATION_SUSPENDED,marriott_international,,,,,sha256:7050dd9ee6cfd0e50cbe3e2d694b6b1131c8fcc498d95579b41751fed7f3c896,,,,,False,,NO_RESULT,UPDATE_BLOCKED,,,,,,,,,,,,,,20261003T171912Z-e2aade11,FLOW_COMPLETED_WITH_LIMITATIONS,UPDATE_BLOCKED,True,SOURCES_READY
,,D04,,,,AI_PROCESSING_INPUT_REQUIRED,,,,,,,,,,,,,SEC sources are installed. Supply independently trusted complete D04 processing input with its original fixed runtime; an acquired history also needs its admitted original baseline company source version and whole-source equivalence. Changed judgment inputs require a separately configured and authorized processing entry. This entry has no new model-call authorization; B13 complete-company processing remains owned by #28.,marriott_international,,,,,sha256:7050dd9ee6cfd0e50cbe3e2d694b6b1131c8fcc498d95579b41751fed7f3c896,,,,,False,,NO_RESULT,AI_PROCESSING_INPUT_REQUIRED,,,,,,,,,,,,,,20261003T171912Z-e2aade11,FLOW_COMPLETED_WITH_LIMITATIONS,AI_PROCESSING_INPUT_REQUIRED,True,SOURCES_READY
Marriott International,,D03,,,,IMPLEMENTATION_GAP,,,,,,,,,,,,,No complete ordinary company processing/Run interface is implemented for D03,marriott_international,,,,,,,,,,,,,,,,,,,,,,,,,,,20261003T171912Z-e2aade11,FLOW_COMPLETED_WITH_LIMITATIONS,IMPLEMENTATION_GAP,True,SOURCES_READY
